gene,logFC,pvalue
GSN,-5.875911486333459,9.894416555074406e-09
DENND1B,1.1817866608483065,1.620421119997971e-08
PER2,-2.2346391788598807,2.2146464855087517e-08
KRTAP5-8,-1.4484486478836853,6.543845841539261e-08
RNF34,0.5298712265470122,9.55970878091183e-08
TGFBR2,-3.8070234117799115,1.1612636783932791e-07
SLC7A8,-3.8281849407220685,1.5401586156753091e-07
HMGN4,0.5495892484788882,1.69733176848322e-07
IRF9,0.5245905071869128,1.884697134684375e-07
APP,-1.9803604065943734,2.0156004807316382e-07
NUMA1,-4.333743396806996,3.646173697267177e-07
UNC45A,-1.8289222550561242,4.04686524403266e-07
ADAM15,-1.6602758316367812,4.6095100764847615e-07
NAB2,-1.9396827742283929,5.539207707381031e-07
PI4K2A,-1.9207160896342614,6.641619958734349e-07
SH2D1A,3.9145336655640808,7.026580696612696e-07
HADHA,-1.697526938211567,8.300308342545829e-07
PSMB9,1.410454536747574,8.506550143661681e-07
PCDHGA10,-4.744898172719076,9.324899397132767e-07
FRYL,0.7125027282991923,9.897572795412763e-07
CSNK2A1,-1.1439608335689417,1.1418752401528465e-06
AIM1,0.9869058740535532,1.2023939655018818e-06
TOP1,-1.517982538047634,1.409955068174061e-06
ADAMDEC1,3.927819976303036,1.6777326682420136e-06
CXCL9,3.471704783315861,1.7539319231499358e-06
ENG,-2.933962024447128,1.812823919031973e-06
PLCG2,1.095720769064501,1.86264883237092e-06
CXCL13,5.779445835044447,1.9421669600340658e-06
CXCL10,2.9723810136569107,1.964559487920497e-06
PGAM1,0.43131304076798926,2.225767675408304e-06
KCNQ2,2.178536571328051,2.27512642065343e-06
SRPR,-3.529165372541459,2.3666694709657033e-06
HCP5,1.7042139548063258,2.5221907136698017e-06
SPTBN1,-3.7120950828131853,3.1239785002342847e-06
GABARAPL1,-1.7538083735021184,4.009470440066637e-06
GABBR1,4.18815793569003,4.571856985105767e-06
MREG,1.468019881692629,4.623024363216799e-06
POLR2F,-0.45943715166420596,4.639438274137151e-06
LOC102724250,-1.6731666571351598,4.8554826592950176e-06
RAB35,-2.8582455757139162,5.1763690948057215e-06
XPO7,-1.1192526077325553,5.420585852008818e-06
MRPL57,-0.8307711910089992,5.586640180254499e-06
ALG6,0.6490544565099086,5.901030220091347e-06
ANAPC5,-1.5684926597839013,6.022349125145655e-06
FERMT2,-1.409516824550896,6.166662999053117e-06
PDK1,2.3591878709975838,6.7573859222370145e-06
ECT2,0.9480750709556158,7.175532735406932e-06
PCDHGA3,-3.7597552151387488,8.328369020102895e-06
SMARCC1,-0.7285747889529492,8.661739034422645e-06
LOC101928620,4.042894640455029,8.67587533273014e-06
TAP1,1.780542007751098,8.691060447340628e-06
PRPF6,-2.020734752959952,8.831549235396464e-06
OGFR,-2.7007442754615933,9.029131738328994e-06
DUSP1,-4.530451674374157,9.03785038751546e-06
EZR,-2.584890197890302,1.1736804082291714e-05
FOSL2,-2.056302292070429,1.1941345058426239e-05
DAPK3,-1.7715326575964276,1.2259471368391196e-05
PTPRA,-2.580163828620532,1.2372425158576215e-05
BV03S1J2.2,2.0953270115521985,1.3436962523678065e-05
TMPO,0.9812693261732548,1.3840503946437235e-05
SNRNP70,-2.7568997446281673,1.4766134653235187e-05
THOC2,-0.6885441401774681,1.4834665813443415e-05
CSPP1,-1.2596359958488614,1.4892091555498543e-05
PNRC1,-0.9796113958314763,1.5013472877177943e-05
CSF1,-2.5801149799920315,1.5079204014036936e-05
ZNF24,-0.7708565392671343,1.5472632541127994e-05
MCL1,-3.419786947194405,1.6172597392946492e-05
SEL1L3,1.9163595094170898,1.6406522957866995e-05
MFN2,-1.2508107943356466,1.7089862273641068e-05
FOXJ3,-0.7327263998538305,1.7993327249176903e-05
EIF4G2,-2.0669993619685565,1.821609549209958e-05
IDH3B,-0.6641815817359831,2.0143421769501682e-05
C16ORF58,-1.017767637519067,2.018244010820607e-05
TTF1,-0.5824764996444323,2.049587194098243e-05
CYP1B1,-3.6980848172048413,2.099254105469639e-05
ZBTB7C,-2.856991645073536,2.2385507882194725e-05
IL21R,3.3215233528912727,2.302842126972667e-05
C6ORF106,-1.3065500790460156,2.3535686588479644e-05
HTATSF1,-2.7888524959524035,2.357193561671402e-05
BIRC3,1.6043450478747197,2.401235713119741e-05
C8ORF44-SGK3,0.8323772315545979,2.4422125107007678e-05
SFSWAP,-2.58837998855243,2.5805980155658823e-05
ADPGK,0.5522674597435611,2.7335221563096763e-05
GLYR1,-2.2702257054476584,2.7983442134865452e-05
GBP1,1.7124275848061323,2.8161420433959427e-05
JUN,-3.2815426314154355,2.9666788491723855e-05
IGKV1-37,5.142991663048366,3.0303856643000114e-05
EIF4G1,-1.3192887330011764,3.139598153522089e-05
TNKS2,-1.7160272379124288,3.192903593896204e-05
AP5M1,0.5231158004417598,3.231687295349875e-05
CD27,2.2655295416340744,3.282756774431333e-05
ADD1,-1.1510258431117233,3.3555353308828984e-05
TGFBRAP1,-2.1862140300348365,3.399272098732418e-05
EPN1,-1.3008469964414147,3.5633242264220155e-05
GTF2F1,-1.637877661981248,3.6693828820899224e-05
UBC,-0.3547269618075308,3.6736503615774655e-05
WISP3,1.9119372085504125,3.9543365172342395e-05
SLC4A1AP,0.4148364341111659,4.035480919489529e-05
CDH1,2.6609468905449685,4.07838373969907e-05
NFE2L3,1.1180993218480166,4.141700629271897e-05
EPRS,-2.490854265936064,4.158699482539548e-05
ACAP1,3.102532086646331,4.194930695459512e-05
DHX9,-2.004216007914631,4.2581521713679336e-05
IGLC1,5.417973716941821,4.3070711152283484e-05
GVINP1,1.1145923078262214,4.414820435347206e-05
AC128677.4,3.0451257782241647,4.7859168591323706e-05
FBXW4P1,-2.1462638951904944,4.796987760732723e-05
DDR2,-1.0825231265907362,4.883450024937789e-05
APBA2,2.162558102851065,4.9072438255843786e-05
GRK1,-1.2469701258116563,5.079752971890354e-05
CDK11A,-0.8171563575711689,5.126060447091084e-05
CYTH1,-1.4376774476176388,5.259122462253435e-05
PRODH2,-1.0844035376810925,5.45712414199309e-05
TXNIP,-2.1594576537601124,5.4980061637149044e-05
CAMKK2,-2.192926831915379,5.5042801828678655e-05
VOPP1,1.069936981975422,5.504873453216822e-05
CKAP2,4.635991441024928,5.551292345144566e-05
NPHP4,-1.1428376545068977,5.559301061522654e-05
ZDHHC6,0.5883403948180703,5.7151337013288664e-05
SRRT,-2.3734652963750493,5.755190521391705e-05
SF3B1,-1.0351267331736018,5.882919295970337e-05
CNTRL,0.6080866334132091,5.883779952950684e-05
PRKX,1.0427047262721807,5.9872810967036456e-05
LOC101930075,-1.666198826404604,6.119083645623055e-05
LSM14A,-0.612678434482568,6.14516263194899e-05
CXCL11,3.450208693793931,6.168625789449621e-05
ABPARTS,4.907170681852951,6.335241661143571e-05
IGKC,4.169219368312532,6.336813844793226e-05
POLR2E,-0.7844092641292448,6.348099415288146e-05
CCDC88C,2.4163428382677146,6.402417153674559e-05
IKBKB,-2.30771867226117,6.498976348757217e-05
LUC7L3,-1.1022750501153276,6.613317098081589e-05
TRIM22,0.8206505807192901,6.645737499101235e-05
ADAM28,4.03475336788801,6.871145036904575e-05
POLB,0.705161219546218,6.985986615373502e-05
PTTG1,0.9692804927166474,7.103389201549093e-05
TRRAP,0.8515275355892893,7.289478088643133e-05
FAS,1.3356952826138464,7.604602566118253e-05
AKT2,-2.2283324551957024,7.673956513450823e-05
XCL1,2.9839020125298887,7.680023031801638e-05
CYFIP2,1.5667464060830216,7.684370663693364e-05
TNFRSF14,0.7863702421354812,7.703803377933876e-05
SPAST,0.7633017434999863,7.795630148710215e-05
RPL18,-0.6034821905781032,7.871508481969902e-05
PCDHGC3,-1.9217471900906853,8.072797776260485e-05
ICAM2,0.7716740679109062,8.141650373807252e-05
IL2RG,1.9223162957192876,8.187676263128392e-05
P2RX6,-1.693315483296984,8.393400630215159e-05
MALT1,1.0377210740523646,8.435092219149578e-05
PRKACB,0.9947230459008267,8.513101255531038e-05
LTBP4,-3.015820590045756,8.68787151765244e-05
PANK2,0.5727125421588415,8.845751468801395e-05
MIR7109,-0.8125301796570552,8.934601217471132e-05
UBE2L6,0.8725938479163915,8.977302720339788e-05
B4GALT2,-0.5010404662321548,9.131340319119581e-05
HSF1,-0.710520371187501,9.256109751012004e-05
IGLL3P,2.9866518312442967,9.303721850032627e-05
STX16,-1.7046471382924118,9.457786445693578e-05
KLK2,-1.651710144023725,9.614456281008534e-05
CD79A,2.590209532880465,9.70237967682491e-05
PPP3CA,-0.748183473399429,9.807922702771041e-05
CYAT1,3.7775156999688555,9.812417000284506e-05
GLOD4,0.43943891591135475,0.00010107396767923444
GIMAP4,1.319582300998917,0.00010308667555577679
LRRC42,0.5106749347173407,0.00010734953105254823
SAT1,-0.7501269485564919,0.00010834642455968082
RAB3GAP1,-0.6710430392216047,0.00010844867045201185
TRIM21,0.6683962217198118,0.0001099144647106389
TNFRSF17,4.67821271371186,0.00011008704619359397
IGLL5,3.142280008049111,0.00011159283897835921
TUBGCP2,-1.179180575406522,0.00011186945052376861
SLAMF8,2.5751259420128445,0.00011188557073406261
FBXW11,-0.8231689247478595,0.00011286396278649974
ADRBK1,-1.3721934074360451,0.00011286846906837528
IFI16,-1.2783892173196918,0.00011443546607203852
EPAS1,-1.8965689131072168,0.00011531267414716384
TRAT1,3.0582409146555904,0.00011639587744970343
HLA-DOB,2.841359360117888,0.00011646566947247323
CD79B,1.420065342360723,0.00012074021846135674
ATF6B,-1.1814024400684948,0.00012130514018550997
TCHH,-1.3696482394338778,0.00012411114429462092
RPL14,-1.9179930051925478,0.0001246441067323789
PPAP2B,-1.6636348709032767,0.0001257872067806785
LY75,1.1912616487318104,0.00012605946433554965
THAP3,-1.5647183265535398,0.00012621181175222969
IL1R1,-2.6750245762401956,0.0001266539145419455
BRD7,0.3675121796481253,0.00012785999831196822
TBC1D9,1.0963184167448432,0.00012919195933772345
RBM25,-1.0573863516663193,0.0001298405801539898
BTN2A2,1.4607624238118158,0.0001320926244922594
PDK3,2.3702870703131973,0.0001344869913382061
FXR1,-0.648457969849872,0.00013569512569205732
ILF3,-2.092089007673194,0.00013619128904064347
ATXN7L3B,-1.6100164920584987,0.0001403229657086574
LOC101928789,1.4702948274774092,0.00014121900740126416
LRCH1,-1.7153009381561022,0.000143206712925218
GGH,1.0754710762173838,0.00014429766087405485
FKBP5,-4.0405505742546985,0.00014576245068269867
OBFC1,0.7227841358238809,0.00014661416158581842
CELF1,-1.6012044688201836,0.0001486668182939693
CSF2,-1.2656735168849824,0.00014937908923410754
CBFA2T3,0.8138265503194599,0.00015313498013105442
SLC12A8,1.3567666922525827,0.00015380204396220424
LGALS2,2.3824163002435768,0.00015526135235582306
ELOVL2,2.0823308058295695,0.00015567408049459793
WIZ,-1.5544176253100952,0.00015653757909485336
TXNDC15,0.6993091254249979,0.00015793977751602604
CAMTA1,1.6374334184503523,0.00015802458821806114
IGKV1OR2-108,4.701106764939674,0.00015813051393967208
NDRG2,-1.9197713691397338,0.00015980501192835116
GAS8,-0.9976113822452541,0.000161144221948527
LAX1,1.646028400456803,0.00016478164261655753
KCNJ3,1.6191539179596333,0.00016836805237142036
FNDC4,-2.0916519610982878,0.0001709709273723709
NADK,-1.5434209697291745,0.00017259696163521895
TNFRSF4,2.1582455033236814,0.00017304829121593955
NFIC,-1.692655916153985,0.00017485876062233322
ADCY2,-2.4722636356450867,0.00017553674490146333
IL15RA,0.8730600339182821,0.00017624591609660347
TMEM156,2.2019534077461453,0.00017884661325888893
Y16709,-0.4682943305964091,0.00018020413862059322
SEPT9,-3.0023340660282245,0.00018205521137743013
ATP6V0E1,-1.1206422975549328,0.0001822280705798605
PRKACA,-1.6728562307857153,0.00018287516320159404
CCNB1,0.9918077565379209,0.00018369664610250753
SECISBP2L,-0.8649564115730062,0.0001842093443199649
ARAP2,0.8919478541250747,0.00018568927001535136
TOX,1.629935593199317,0.00018686371748358259
MIR612,-2.002049335863851,0.00018819973435445534
RFTN1,0.8596873412041646,0.00018982295263023525
ARNTL2,0.9206911044808823,0.00019098134899519617
CACTIN,-0.7117639400769686,0.00019209675582054975
LOC102723479,1.845010382026821,0.0001937492346702436
GJB1,-1.2587037647911918,0.00020117771299711824
PHF11,0.5078279647987802,0.0002015246280211728
RGS12,-1.9493055066216343,0.00020230390049382927
SEMA4A,1.0125813110270645,0.00020513247992491983
IL1RL2,-2.090248072162903,0.0002086206456566042
IGLJ3,3.2035492847946445,0.00021140089423666013
TBL1X,-1.3724609890515431,0.0002121952642962209
HSPA4,-1.315804502544963,0.00021315888010458735
MS4A1,2.869516882035475,0.00021461641297133182
EEF1A1,-0.23829470108801232,0.0002161749970090184
IGHG1,3.3752635813103673,0.00021621142826787291
PXN,-2.899894888532977,0.00021673796794572652
FUS,-1.0656667385712844,0.00022027653671660027
PRDM2,-1.673668131851688,0.0002222303958653481
CES1P1,-1.865535186464872,0.00022470352192174682
ZFP36L2,-1.8842051165694444,0.0002252984614152055
HRH1,-1.1161223924853125,0.00022708726305998268
ANKRD11,-1.5951554410651188,0.00023287695408345495
PSMB10,1.0428595094243214,0.00023883816180049792
COL6A1,-2.8621335741108442,0.00023978517677077088
SLAMF1,1.4518967574081074,0.00024103312615848932
DIP2C,-0.555823675027959,0.00024396816375651514
GZMK,2.600537124480341,0.00024473762362327756
AFTPH,0.3663115127407792,0.0002466577536665976
CD72,2.2970723308025462,0.0002473658020893334
IFT27,0.42874097497378116,0.0002502668391503793
TTC3,-2.4896349483032827,0.0002508918030568565
KIF14,0.8686772564806908,0.00025323653289896877
SH3BP5,-0.8015320101022141,0.0002554195185398138
SRSF5,-2.3009392706288754,0.000256465797313866
CCDC9,-0.39294761828062086,0.00025662567888115096
BTN3A1,0.9337308825660458,0.00026069473517757686
MAST2,-2.386931311446232,0.0002614423875750536
PRR13,0.4848763714980766,0.0002656967637441458
GNPTAB,0.9384709544679275,0.0002661410467289627
ITGA4,2.6660064871895397,0.000276397700087082
LRRC3,-1.7144470843962827,0.0002818235065903615
CLUH,-0.6113878885318691,0.0002844436638392706
TPP1,-1.4097852336139507,0.0002860628667671183
LAMP1,-1.3839947640744121,0.00028797072065987696
NLRP2,1.6145530221306705,0.00028811013128232567
GATAD1,-1.0180179993787153,0.00028862304954591214
UPF1,-1.1143789260693238,0.00028999908400255273
GCH1,1.2266656382388046,0.0002908653362583447
RBFADN,-1.8032653848058056,0.00029532830689961117
GZMA,1.5689356759408035,0.00030175987065191766
MAU2,-1.814740018181719,0.00030418935867159184
SYNGR2,0.77931728233143,0.0003092397553715022
RMI1,0.9150725377303264,0.000316766032883588
PXDC1,-0.5894134088541598,0.0003194558228932897
ZNRF4,-1.4225532465620807,0.0003208604764758704
GHSR,-0.9418845106588134,0.0003225398375448648
IGK,4.58091237302909,0.00032318561276707035
UBXN4,-1.1613536210260218,0.00032603308596481343
NKG7,3.4245688385598623,0.0003285261262379344
UBAC1,0.5768751294243106,0.00032887788902049653
CD19,2.0490564742365622,0.00033535679706674635
FBXW12,-1.424022491260894,0.00033601970591369594
SLCO2B1,-1.6775382157752974,0.0003370006658439145
ACBD3,-0.8781197938345047,0.00033740814653423855
DLST,-0.511121139479048,0.0003378470012512326
FAH,-0.9768598607502827,0.00033886269772271445
COPA,-1.2910089003982588,0.00034027281148101365
TNS3,0.70191716869099,0.00034573141581572425
IL23A,1.9401585441747864,0.00034671984556201705
HPGDS,-1.2310823695386546,0.0003475659854625357
DNMT1,0.5692129191981685,0.00034810912002893003
CADM3,1.7917858518754874,0.00035316404215446443
KITLG,-2.0976269455248504,0.00035348230159278066
TNXA,-4.255062444299524,0.00035668086715095413
MAPK14,-1.5992827339813465,0.00035674653244878863
IGKV1-17,4.317422657959959,0.00035693137203006165
ZMYM4,0.5048745368256746,0.0003582349936729606
MRPL18,0.3227223482830155,0.0003610706191038676
TNFAIP8,1.1514816293443069,0.00036914602578206804
PTPN7,1.7889836768202017,0.0003693967530822006
NR3C1,0.6948140262662257,0.00036999019699232127
PLEC,-2.2697616987155946,0.000371692100783616
SPA17,0.6030717274588842,0.0003720289345364576
MYO9B,-0.9578910841082147,0.0003735594080597734
EXOC2,0.7383542188480616,0.0003776880359104038
GZMH,2.310916756767946,0.0003800249694596491
TOB2,-0.6669443547941185,0.00038093429164984407
TOM1L2,-1.569592878174948,0.00038529131013133
AIM2,2.5293621076363113,0.00038692448939942406
BTG2,-1.7423648610013611,0.00038741067907149254
MEG3,-1.929484127562401,0.00038787131983932937
IGFBP5,-1.9911152141141129,0.00038985846113054535
SH3PXD2A,-0.8818549372011626,0.0003934158336737417
LCK,2.7049731225087044,0.00039524575912888526
SFT2D2,0.6915392315981856,0.00040158967568254365
BHLHE41,1.3657006272388497,0.0004016387028654721
SIT1,2.018778904203791,0.00040435102037785967
DRAM1,0.904465273114587,0.00040620315106940514
HDAC7,-1.1142202328361144,0.00040648065163844397
SKAP1,0.9123694341470818,0.0004106441108587695
MAD2L1,1.1470785457803778,0.0004154053105846857
RASGRP1,1.8996414323653505,0.0004219500294164272
TKT,-0.8426840263968138,0.00042418812187589993
DCP2,0.7076822671926841,0.0004264643335279763
BPTF,-0.7848762530014586,0.00043209533060358424
MCFD2,-0.7140758312086106,0.00043741118017435364
IGF1R,-1.5834921774291226,0.00044320539621927376
PROS1,-0.5502006408224531,0.00044375578503447183
SERINC2,1.3516799791072298,0.0004488216352257566
TRA2B,-1.4862157371571598,0.00044969413139913186
SLC1A4,-1.1260172122790442,0.0004508727692161868
SEPT6,1.4304586414806035,0.0004558457063862679
CRLF3,0.49367824638854074,0.0004560380659462959
ATP2A2,-1.4593253385718485,0.00045718684781265244
CCNA2,2.1751118281004906,0.0004673815171148618
TOX4,-0.8478273105793122,0.0004676744277926608
COPB1,0.2771590871551073,0.00046900811468198817
MYBL1,1.7025909403693387,0.00047755697489089785
CD2,1.7907331573886278,0.0004794648685614111
ENTPD1,0.9274899452618541,0.0004797513876976689
GTF3C2,-0.8387666726698901,0.0004952077271756436
LARS,-0.6703493074557016,0.000495770371881147
ASXL1,-0.43260557905563246,0.0004960731673436855
BCL2L1,-1.0748208721612391,0.0005015970793151484
RTN4,-0.32738719116084525,0.0005036709719876967
UBE2G2,-0.9042782747463827,0.0005039261403185827
HAUS3,0.6811763055326834,0.000512831875741582
MZB1,3.7792183467424296,0.0005151277953963919
RPL38,-0.6624090318224951,0.000519801673722849
SMCO4,0.7731271255083438,0.0005218743907638422
PTTG1IP,0.40815429960724003,0.0005234240338673172
C3ORF62,0.3103541207840568,0.0005238253154817259
SLC24A3,1.2837996496566362,0.0005265030343391914
NUDT3,-1.2061726913508055,0.0005318342810668933
CASP8AP2,0.49844151572372297,0.0005320439291157131
HDHD1,0.5632669174510685,0.0005326193518025979
TEX261,-1.5912856858734052,0.0005349438110243896
IRF2,0.4833996304545085,0.0005349646393418765
LRRC15,2.429576207962139,0.0005361958730076605
AR,-1.4507644113592004,0.0005419386591141936
CCNB2,0.9446555882566461,0.0005425638206488693
GSS,0.48667838498213634,0.0005460120638273617
GNRH2,-0.9974914468364338,0.0005490855178869366
MIR4745,-1.0622836849786932,0.0005546732827092403
NFKBIE,0.8723423565536557,0.0005573692940917652
PSMB8,0.912522107818635,0.0005618019380477198
PIM2,1.5675147038364532,0.0005642707157151089
PLA2G2D,3.7640555019736173,0.000567637289889932
GTF2IRD1,-0.8587309484055421,0.0005683159745744238
AP3D1,-2.9035484388126696,0.0005722559649316307
IL4,1.6649339985633862,0.0005730897743078887
NCR3,1.4842435834591639,0.0005772512989370277
RAD51,1.5173549009002834,0.0005843880692503026
GOT2,0.3730357499586887,0.0005846518082350536
IFI27,0.7657690143083791,0.0005851627675141596
ATM,0.9855201932499167,0.0005855949144027978
SHC1,-0.8444003406718803,0.0005876110146001202
STAT6,-0.6340587688168249,0.0005880394101115917
FAM69A,0.7615062172117355,0.0005967081790911447
PLEKHA1,-1.265526922025808,0.000597624957409972
TMSB10,0.4061401152276982,0.0005992417272269972
KCNF1,-1.56388640696548,0.0006005596179728602
RAB29,0.5256466760536718,0.0006042735282387061
RPS21,-1.263696337931158,0.0006069139359964042
UBXN1,-1.2236850426911845,0.0006083023030015082
ADORA2A,0.8271346724484019,0.0006116932211758684
NBPF10,-1.9226005029914166,0.0006272503033948054
LOC730101,1.0379127026302761,0.0006315311872035767
CCL18,2.0381572072856233,0.0006341140389286202
ZBTB5,0.2967363720768965,0.0006370292115337297
SPCS2,0.4806950907074441,0.0006373985301074679
EGR1,-2.1717219454725054,0.000640074856761865
NCOR1,0.42980975971515,0.0006406540583945145
SLC9A5,-1.399635869269387,0.0006480218700265519
SSTR3,-0.9181205047159553,0.0006547016733431174
IGLV1-44,4.357119587684936,0.0006586213368481062
SEMA4G,-0.9712552983482254,0.0006659038943601768
PDCD1LG2,2.0885779751222593,0.0006690562173293732
GBP2,0.5445438504572557,0.0006728966471670226
CTC-425F1.4,-0.7490363004907605,0.0006735807043550378
CDCA4,-0.3778967909376352,0.0006806412488128751
MAFK,-1.501301056816803,0.0006893869579914814
AAMP,-0.4455205756636893,0.0006913836542579373
EDC3,-0.6163844315169014,0.0006969018476012158
MTCH1,0.1551056954484462,0.0007063735130314656
WDFY3,-0.44873038584673175,0.0007203070082899058
LAP3,1.113296942926807,0.0007269800189087208
STAU2,0.5623117514999167,0.0007289473027366657
SLC25A36,-0.9080321255046702,0.0007374146430975109
TNIP1,0.4946571434744076,0.0007505357268207612
FOXC1,-0.8676120619860512,0.0007643484079045626
AV8S2A1N1T,1.4376854117512803,0.0007667678566683656
PARP1,0.3046855378900837,0.0007696402291019704
ASH1L,-0.4563432701018506,0.0007699784549494433
MED20,-1.0764094004705527,0.0007703034794365944
CSNK1G2,-1.1901117444192248,0.0007711259293253546
HNRNPA0,-0.7539779283093484,0.00077771576040694
CRELD2,0.8897923077770322,0.0007791918118035393
SFRP1,-2.0153753141746584,0.0007831016732951429
TNPO1,-0.7556277283863171,0.0007845556269051751
CD6,1.2127622919373184,0.0007878521873916317
CTCF,0.33415142330504644,0.000788025986396336
HSP90AA1,-0.6183643909660717,0.0007965222423235397
SLC26A1,-0.7263468195161087,0.0007967354485879913
JUNB,-1.6165741286856878,0.0008002941912513432
CRYM,-0.8718068992054686,0.0008004155215252095
PARVB,-1.8281510685093307,0.0008008063001299071
CDC27,-0.6526280172560659,0.0008118925848421294
ATP6V1G2-DDX39B,-1.500600925405747,0.0008153582619066175
ASH2L,0.4219503518685137,0.0008210181882628082
ABCC4,0.9688530897645471,0.0008214844919846709
IFNA8,1.6495246715574485,0.0008222002027827507
MAT2B,0.322356971803746,0.0008232968557380662
ENO1,-1.2887719964304534,0.00082400683561893
CEBPZ,-0.7709301365490475,0.0008253932962685932
ZBTB17,-0.9768020887056172,0.0008318348065012124
BRINP1,-0.8494672774336305,0.0008335359733423671
STAT5B,-0.7025707571839579,0.0008398035367255964
CYTIP,1.1413615778860837,0.0008423837348057852
LILRA2,-1.163099889655137,0.0008437861685070346
SLC1A5,-0.6859809934588785,0.00084509658049429
PSG2,1.2324307379789605,0.0008551123615687116
SLC26A10,-0.8236151189976262,0.0008630104652403117
SRRM1,-0.726270500649596,0.0008669859146491041
IP6K1,-0.5374448613848344,0.0008716837340540419
NSD1,0.6232640837205574,0.0008780849957470263
POT1,0.6818993341078237,0.0008804689608513835
MSH2,0.5938213704235142,0.0008857798245989418
KIF25,-1.5794258003171437,0.0008935411730091592
IL32,2.751634557342948,0.0009000389687947561
FUT8,1.0009939088080442,0.0009080767219856815
TCF25,-0.8284793535985511,0.0009089100297627065
STAMBP,0.3073810690695158,0.0009120402302462835
GADD45B,-1.9810147526908555,0.0009154998574995776
BLNK,1.2842669286329453,0.0009163029327221186
TMEM259,-2.583796486707079,0.0009174927196054565
MAPK8,-1.1834113862810467,0.0009275561158295435
RPS10,-0.47183123434077245,0.0009275725201265643
DCAF16,-0.601442056531317,0.0009370919817031937
RAB8A,0.49422494810369955,0.0009387593092350396
ZNF652,0.5795456660988005,0.0009391786681064773
MYBL2,1.3669633571482045,0.0009447120733205034
ISG20,3.1533261572052984,0.0009463121404621977
CMAS,0.5950270050525104,0.0009507476910080992
PTPN12,-1.8225516271557947,0.0009537953079805652
CCR2,1.3640270329134383,0.0009579235627033229
RYR1,1.4085637523399228,0.0009643826860718529
ADM2,-1.4820091518764782,0.0009667668043566782
PNOC,2.1672816110994804,0.0009673784319883502
TRAC,2.056767052124175,0.0009747226616165462
CCDC47,-0.7565147840517294,0.0009758055883266555
TCTN2,-0.4403653744398186,0.0009928069159738854
CCR5,1.371104392801616,0.0009965539058750623
SEMA4D,1.730381784328472,0.0009993434098338266
TRIM46,-1.5243866576277658,0.0010001093969050265
SARM1,1.193647749344434,0.00100327460512146
TPK1,0.5839230490476268,0.0010097148892146556
KCNAB2,-1.4796656302431508,0.0010099689151043252
AGA,0.969931008313849,0.0010111454231214083
EEF2,-0.37807633022808496,0.0010142712367647109
SORBS3,-1.2299492007922659,0.0010207030840711977
HAUS4,0.6564578369241438,0.0010238502046464035
SRSF4,-0.35181812679575586,0.0010247019642314861
HERC6,0.8749118816405339,0.0010335974734106248
UBL3,0.709519759480278,0.0010344118195281422
CHP1,-0.8596097040769433,0.0010366330382295115
PLEKHO1,1.0248694549968267,0.0010411655204555137
RAD50,-0.649682291426398,0.0010487088131179822
LLGL2,0.6941311101401162,0.0010597450219034699
TAF15,-0.5738354238247734,0.0010696099731761389
CTDSP2,-0.5560665095890922,0.0010770923554531517
ATG4A,0.5294546721880664,0.0010786419847243177
NAT1,0.5102751439846251,0.001088340752826738
KNOP1,-0.977291141400209,0.0010940659179352152
LOC101928717,-1.6380805542813381,0.0010945849314120829
ADCY6,-0.5576362617637134,0.001104325658293193
EXTL3,-0.8640049586823091,0.0011067136902205353
SRRM2,-1.7117074935030203,0.0011109561665461345
SPG11,0.5055263145080318,0.00111188273815933
ANKHD1,-0.48105788921889214,0.0011209951139518903
BTN2A1,0.549613653797163,0.001124472556778392
RUNDC3A,-1.4893112081735485,0.001126853532930214
MAP7D3,-0.7005149957369943,0.0011285536402337892
TREML2,1.7136573628294363,0.0011301938778807243
RNF170,0.7024927047259233,0.00113516420116218
CEP170B,-0.622046159137227,0.0011354378618542657
MTMR3,-1.4899726796486252,0.0011407125753628998
FLVCR2,0.6382118434795245,0.0011432150004131124
MOXD1,1.0215203055900055,0.0011442144105997163
SLC6A11,-1.2748918879072315,0.001150385294075929
APEX1,-0.36177696170781637,0.0011520598336548567
TM9SF4,-0.6385993165694863,0.0011577329686749305
RAPGEF1,-1.5972769953143509,0.0011759447179278018
HPCA,-0.7905999103123809,0.0011776621544057318
THNSL2,-0.5596393127365138,0.001180773333121149
NEK9,-1.6146713726995614,0.0011820473566462877
FLOT2,-1.382523875047938,0.0011835526478046528
TSR2,-0.4207664060477345,0.001193153885343025
ITK,1.8046909272584504,0.001201616118885612
SLC4A7,1.772859169848114,0.0012037432498274432
TRAF3IP3,2.33314987530097,0.0012130282826934486
AKAP8,-0.472069017762351,0.0012191402478409353
IGJ,3.436571420679872,0.0012271684968525793
NDUFS3,0.30844995687737686,0.001227311624606218
CRTAM,1.9224005201925616,0.0012276418586966327
GUSBP11,1.963945095384787,0.0012344352089064738
RHOH,1.959472966667592,0.0012419036057814026
TRIM3,-1.8540439108000397,0.0012527590767859834
RAD51AP1,1.2284376425815902,0.0012596309621627575
PRRC2A,-0.7514723248971142,0.0012598065664537435
PAM16,-0.40824987601030926,0.0012669893827835157
TPSAB1,-1.8625396452268088,0.0012759120101761138
CASC3,-0.431167549854802,0.0012854038031616106
RP1-6P5.2,-0.7157379482208972,0.0012891117798466496
GTF2IRD2B,-0.7188590452556101,0.0012978822881556651
DBNDD2,0.46153041589767874,0.001298310470822205
COL14A1,-1.6311864222455608,0.0013249399895166921
AMPD1,1.0947150854423962,0.0013280691428626378
B4GALT1,-1.6777309098489779,0.0013293123020086154
CCL5,2.8516415059996767,0.0013320129610843608
FAM134A,0.5758930539335907,0.0013345315991721998
ST8SIA1,1.8307230624265038,0.0013360357415538667
ABCG1,0.8113418427375034,0.0013373228773048626
AC068039.4,-0.60444471322214,0.0013492805924284939
CD247,1.774638475569791,0.0013533358732812808
SIN3B,-0.48666995914681976,0.001354684901887506
EHBP1,-1.4623341777668282,0.0013603574407697338
PNPO,-0.45665650118316314,0.0013644942339149616
RRP1B,-1.1567980198234435,0.0013678189457560972
RABIF,0.7351852064394437,0.0013702938953749646
MTUS1,-1.1025199518707547,0.0013757953372790857
BUB3,0.3690816448712493,0.0013790346565135377
BIN1,-0.8980136008600255,0.0013838391872381267
UBXN7,0.4301016600136247,0.001389250012668482
UGT2B17,1.8090232055248372,0.0014054535280175772
LGALSL,-1.5960212791420254,0.0014102729521549263
SLC39A8,1.4878993957614561,0.0014142030550155812
RANBP2,-0.602999841010547,0.0014156727249062103
ALAS1,0.6339878410607085,0.0014216957611401333
HIPK1,-1.698133922941853,0.0014237331888132438
OSBPL3,0.8967736675566265,0.0014256868609990505
HNRNPU,-2.29706560890618,0.0014282154758018838
GALNT10,-1.1119115629351022,0.0014282332262543966
RFC4,0.5530180548994466,0.0014322955322352646
TDRD7,0.4392754991119503,0.001444015919383522
PPFIA1,-0.9527334132574534,0.00144580451928131
TTC13,0.476713888341771,0.0014463625485405546
SLC28A2,-1.487441333155529,0.0014520273249517277
RABAC1,0.5018887539642307,0.0014540451651008555
CTBP1,-0.42665035700096965,0.001454179336692969
HRH3,-0.8049690372048168,0.0014595880517893568
FAIM3,2.5766534862073183,0.0014629050832265145
RC3H2,0.5927799376665206,0.0014669620906490506
SLC12A4,-1.0699887123805594,0.0014711612986949387
PSMD10,0.4265353777200165,0.00147463747483926
DDX60,1.260623137307725,0.001477140236303894
INSL6,-1.0553203365038917,0.0014826192717216577
BEGAIN,-0.980258649421831,0.0014984996865652035
APEH,0.6023883414242857,0.0015001770643328334
CEACAM21,1.5678729054163623,0.001502855856185346
TBX21,0.554661191635792,0.001513924693490052
KCNK3,-1.5005615590290518,0.0015279176861310922
ATP5G2P1,0.6316950431938926,0.0015298507216246046
PRKCB,1.602332989928727,0.0015343412005553322
CSDE1,-0.34120472203163565,0.0015430301843142329
MED1,-2.0583844533155498,0.0015446924263226745
HNRNPUL2,-1.2173776773054188,0.0015486986734238024
LCP1,0.9849970625154008,0.001551227154310708
VARS,-1.7321372761096505,0.0015561013079713403
IL13,-1.1214812283446651,0.001570002574102018
TCF7L2,-1.6107669100394286,0.0015759060728808075
DIO1,0.8020480060983743,0.0015770621300654625
CALM1,-0.9958044939953705,0.0015966947179395514
CXXC4,-0.9799519566372785,0.0016047243302203214
ANKRD10-IT1,-0.8266187947888763,0.0016048699857810194
PURA,-0.7805843268901729,0.0016053706915775592
MTIF2,0.4622845787418228,0.0016269333371636144
WIPF1,0.6438859491619509,0.001630181382145834
FURIN,-0.5887823750183507,0.0016308691328081185
C17ORF75,2.4987514557208894,0.0016361793369851529
TOMM20,-0.39720318528367393,0.0016368449487470945
HIP1,-0.8563361225558639,0.0016429540053707991
SDCCAG3,-0.45849312095754335,0.0016442157127910667
PCBP2,-1.1891433042798232,0.0016542418043867162
SCRT1,1.2199563941215725,0.0016574849545171121
LOC441155,-0.6196705294907581,0.0016629367954381956
LY6G5C,0.2590513722439649,0.0016653369972587629
RPL21,-1.609231306581755,0.0016678834558242256
INSIG2,1.0145186770475636,0.0016701393713903433
SPSB1,-0.7528929200637258,0.0016945786251181276
CUZD1,0.4222335880187922,0.0017022234971823826
PPARD,1.301813888612731,0.0017043731161167281
CD38,2.1286726848831936,0.0017093139061118612
OLFM1,-0.9416983366017035,0.0017291553745071631
TNS1,-1.7800771688983685,0.0017497603086408242
CYP2D6,-1.349946042951605,0.0017508354041795692
FSTL3,-0.537365244350533,0.0017525632483907981
CIDEB,0.42284604664531855,0.0017611829164241558
LRMP,1.75311078124402,0.001770384343293623
MAFG,-0.6577099764732672,0.0017764041061673673
MAN2A1,0.6772061030732122,0.0017876951837452661
ZNF107,0.8467410589663444,0.001789873336850587
BRD2,-0.7651918783511995,0.0018038673329471729
SPG21,-1.024380125966399,0.0018048396457758717
FCGR2B,0.9685624981240952,0.0018071589023218144
CD3D,2.03556199683125,0.0018093626381342207
CDK1,1.6658421601954103,0.0018102828410228344
ACTR1A,-0.40816330328221007,0.0018145308684433378
THAP1,0.7461683145850104,0.0018203529796224284
CTSC,0.9569503064121481,0.0018209967260233051
ORMDL2,0.4374315879935935,0.0018249567877407747
TUBBP5,0.9619848462662848,0.001829369677650596
TMEM70,-0.5928544549937316,0.001830784806900381
PRPF4,-0.5884304466083812,0.0018555511968004203
IGHM,3.6576167404330393,0.0018618982337608408
IL27RA,1.2018850500083333,0.0018747681146747146
URGCP,-0.4371410602025314,0.0018778800055927357
RHAG,-1.1505816263346875,0.0019060649525505598
PLXDC2,-1.0166027092672962,0.0019117557011307752
AURKB,1.2453844917700216,0.001914366942976029
RHOBTB3,-1.2172365186433032,0.0019369259173460812
JTB,0.37928434163631763,0.0019393239679144573
RACGAP1,0.6143196404378992,0.0019448168301771165
GMEB2,-0.3833402343356571,0.0019467566234216294
SPAG9,-0.9143594478251842,0.0019536264230838405
PTRF,-1.1544217150071976,0.0019645302669821034
TMED10,0.3924513244318728,0.001974996989405199
SLC3A2,-0.5122434337064732,0.0019780861953098143
CCNT1,-1.4472862437807636,0.001986362618382712
FUT2,-1.3505534299938988,0.001996079712360044
CNDP2,0.5323553257491724,0.0019968638980209378
TTC30A,1.000255098694403,0.002007819753454103
MIIP,-0.5263450275137309,0.002020293204356716
FASLG,0.9774543528264399,0.002020506936599644
SMPDL3A,0.99248293809997,0.002035954651627411
EFNA5,-1.442043838708062,0.002037994457629743
FPGT,0.6357552020584984,0.002040364658139164
TUBB4BP7,-0.48382079888846174,0.0020451786905218913
SNX10,1.0531486560352121,0.002048265754823246
CERK,0.3948440709786283,0.002048784379934245
PARL,0.5035147597911305,0.002050539126886379
SEMA4C,-1.1248473333948397,0.0020526467053108687
DCAF7,-0.8288360223619122,0.002064130521808553
TFEC,0.8791881125852807,0.0020718140022964746
MRPL49,0.37116959283367024,0.0020799701499473974
NFKBIB,-1.752538916724383,0.0020894648644499236
KDM8,0.607745197686711,0.002100240886667428
BUB1B,0.9675340173609683,0.002102033050317162
MTTP,-1.266776257234874,0.0021256047187203056
RBX1,0.4934545955760328,0.002130918143602202
SERPINB3,1.4706412871602796,0.0021324486460962307
EBF2,-1.262010003677104,0.0021383955297811135
NEFM,-1.4858756407713032,0.0021423414409877032
BCL11B,1.3821373813423214,0.0021554699022873747
NR4A1,-2.3277368045228846,0.002157193914580231
NDUFB2-AS1,-1.047306810708748,0.0021638835683338996
DCK,0.6850920351553365,0.0021737612658251815
ZNF780A,1.5475187507362183,0.002179489346838409
GCSH,-0.4973793215733977,0.002188051082597027
DDX31,-1.5939356735382555,0.002198378558682179
GPR89A,0.38515905183301236,0.0021984979106867055
FADS3,-0.8371576763488076,0.002212614051074282
U2AF1,-0.4048944583732812,0.0022210429455738023
ECE2,-0.938658279040804,0.0022211364614920775
EBAG9,0.43696208911953605,0.0022239868769142125
CHD4,-0.7231612600264716,0.0022244866431868687
RPS5,-0.4824541881549216,0.002229722637321935
BRD4,-1.042647934779854,0.0022419905457159842
DDA1,0.6124850358507539,0.0022470611727473336
STIP1,-1.549554985395119,0.002253963127898204
HDDC2,-0.3562606963024688,0.0022653425391657733
IDO1,1.2995047698238835,0.0022665488228966256
HERC1,0.6319339068875092,0.002268570253234304
DKK2,1.8742666978039746,0.002271029036001523
UBE2H,-0.6354400585903655,0.0022816033779863845
CLCN7,1.2900224147639996,0.002282437390036226
ZNF93,0.6916487843781027,0.0023019887721495466
CHKA,-0.7935438905156005,0.002306779509053182
MAPKBP1,-0.9124811263749821,0.0023079732068862335
KCNMB1,0.7406140418191196,0.0023265133049748957
PBK,0.963619157880812,0.0023350022464209692
CDC20,2.16530921696142,0.0023354743501731
EVI2B,0.8405017925580172,0.0023543014726362505
SMC4,0.7544750272837302,0.002354317232458951
CD8A,1.8174235911964152,0.0023556166760882523
ADAM10,0.7519939677992884,0.002360383068049013
GPR18,2.2267044244694674,0.002360572159711619
PRKCQ,1.042082166888794,0.002366698479957978
LAMP3,2.5681912377752685,0.0023827796790511597
SMC6,0.6670078985061441,0.0023943341569914187
DLGAP5,1.7516526868378381,0.002394371028114127
DYNC1I2,0.3444183512597849,0.0023972426734834486
RPL35A,-1.6138113429373826,0.002402341609542944
KDM3A,0.3678809819627187,0.0024155824197408583
CFB,1.367846944723512,0.0024204762234138625
PTPRCAP,2.190210336018364,0.0024207820807050262
INPPL1,-0.5188620732269644,0.0024263326343715213
PIP5K1B,0.7101720855703189,0.0024472047890353164
PPP5C,-0.5520142873246314,0.0024533332627964125
TMEM194A,0.8585844526706978,0.0024593086316396185
PDE3A,-1.7480571695344613,0.0024626541524469104
TRAF1,0.8403217590073604,0.0024815791484861186
HSP90B1,-1.159728031213719,0.0024865286409960757
MRPL48,0.38546594934127754,0.0024899419519965565
LOC100996668,-1.4538494335301317,0.002491117764449683
GGT1,0.5010955632317851,0.0025001073012693993
HOXC4,-0.6302513938604886,0.002517155010292398
MANEA,1.4237329245423531,0.0025202438549449496
HHEX,0.5182846263453182,0.002528938431790756
DCAF10,0.5337083549240589,0.002529174530780521
ANO1,1.0677703446465383,0.002534288096631696
OPTN,0.8890501487534745,0.002536312455060396
STK16,0.45453172449723134,0.002540084862481009
LOC101928830,0.9598126181019904,0.0025540573619645245
TMEM258,0.28302612581407693,0.002559134104359079
LOC100506282,-1.1007362806760996,0.0025699971089554567
RNF122,-0.5249918207350159,0.0026190619106503474
CTRC,-0.996910505239101,0.0026230518632062868
TMEM126B,0.27486221201862193,0.0026371659241074463
NCK1,0.4980916884353981,0.0026422357611246322
TRIM34,0.7180546330757736,0.002645882213308773
CTNNB1,-0.8402488312096246,0.002646868577997786
IRF2BP1,-1.327740252418585,0.002661925373462647
RNF125,0.9835112294290003,0.0026699573332479754
PDE6A,-1.6323711923451523,0.0026808817288240584
B2M,-0.2692476675380284,0.002698026165017471
C10ORF95,0.9601128970303496,0.0026999861530395443
SAMD9,1.0539346047442502,0.0027067078410795446
MX1,1.007832807565343,0.0027133709547606344
SMARCD3,-0.45429532195272415,0.0027200306678826676
HLA-F,0.7520391613789084,0.002724905643568873
SYT11,0.6010312991711304,0.0027303869880147946
ASF1A,0.5833855132964931,0.00273600843857296
ZSCAN9,0.44983199284761355,0.0027519222950343606
IGHA1,3.1701340008401058,0.0027520978184581366
SLC25A31,1.2750609505056518,0.0027581186716835004
EIF5A2,1.0290555060674063,0.002760467694056514
WNT5A,1.3723080233913398,0.0027635610565747066
DOCK6,-0.8548051484991097,0.0027657219884559578
RPP30,0.23988804534762664,0.0027661036394325774
MGC12488,-1.626390901863065,0.0027680292416170805
TOPBP1,0.487733063762688,0.0027690061778861347
MKS1,-0.4545282429733568,0.0027812315895302192
MCM2,0.9521464614783604,0.0027850754650401858
KIF11,1.8234234082126166,0.002793684587091296
TRIB2,1.0095958648359016,0.002795372185015112
LOC101929272,2.4500680364121674,0.0027992856384857026
ARHGEF18,0.5474798901096918,0.002807205904460001
MICB,0.7697334795456694,0.0028213271676967642
KCTD20,-0.8773789469231543,0.0028218792083892124
CRLF2,0.8418896508949665,0.0028224790140915106
GIT2,2.04421716126988,0.0028227599401152883
NDEL1,-0.46901325878781464,0.0028379210381005
ITGB2,0.9271386734950902,0.0028385107648790766
DDX24,-1.0102227604399658,0.002843984478878156
CDC42EP4,-0.8044539901347636,0.0028446786621503534
DPP8,0.31791556341838323,0.002853161225611905
WDR82,-0.25692284289071843,0.0028532522208732916
CSF2RB,0.9941332745348159,0.002854469256608792
PTPRU,-0.5043890520784196,0.0028616665927568997
HMGXB3,-0.5138969732986514,0.002864020837841924
VPS53,-1.6860763735907218,0.0028698970592029756
DRG2,-0.5105504829379921,0.0028735619690380414
PRKAB2,-0.47694025770446924,0.0028809769209498536
CD48,1.386868354648529,0.0028978406510042952
RIN3,-1.0555647193917617,0.0029029622254787353
C10ORF76,1.0314362514948652,0.0029141297564120212
KAZN,-0.7797233226807112,0.002914923620713177
PKD2L2,-1.4764964268925582,0.002920582710764044
IRF5,-0.8617960385199042,0.0029211662131529907
PEMT,-0.5275556174567724,0.002926617060990674
DPYSL3,0.9274452338684789,0.002929095191995965
COIL,-0.7307678605914596,0.0029503092539491117
BIN3,-0.4500513939932471,0.002957515635422998
KCNE1L,1.2517609399948988,0.0029588448379022007
IL7,1.020313381916698,0.002959452180456739
RPL37A,-1.4514280424743715,0.0029721358029430587
RTCA,0.4298873854637737,0.00297704715785531
ZFYVE26,0.6892019452943128,0.0029966561712831503
HIPK2,-1.624523182454455,0.003000633264900032
SLAMF7,1.89756253436654,0.003050953083038276
BORA,0.6424984872053274,0.003076531186719182
LYST,-1.4301235349034478,0.0030854081273581674
HAUS2,-0.9495552330820516,0.0030870855289030683
TMOD2,1.7794111080393824,0.0030932546277464327
SYNJ2,1.1034406569668036,0.003093256596095625
FLII,-0.5263079767218315,0.0030942267859675665
ZMPSTE24,0.2855859131014178,0.003101839719270483
ETV5,-0.7142883774375965,0.003124581423606518
TNIP3,1.7824806034215044,0.003126130962601123
PRRG3,-0.7868554602849533,0.0031269560267223667
TRIM26,0.3258788286617591,0.0031275513371893217
ABI1,0.4391793323238886,0.003137859501103734
SLC16A7,-1.2897248514580646,0.003143787541468863
NCR2,-0.9636050266106793,0.003144129010323201
TRIM68,0.49491694897814753,0.003146451745817937
CNOT3,-1.5917252344319825,0.0031608026492091837
GTF2I,-0.8263955254575412,0.0031655496172081628
TBC1D4,0.5915251065625462,0.0031789666346438107
CDC16,0.41613880960152194,0.0031917743339316142
TOMM40,-0.6346599096365502,0.003199276839813562
LEPROTL1,0.48988067361793775,0.0032033156575965505
ZFYVE9,-0.5232751059687706,0.0032105318395455277
CLASRP,-0.4328569397945685,0.0032264159477804204
MGP,-0.6511941702565167,0.003229043762937429
NTRK2,-1.8753639826804225,0.003230500120859116
RTP4,1.5693743715174424,0.0032350268535087405
GPATCH8,-0.8743797094949457,0.003242868676205928
APBB1IP,-0.6745215264173856,0.0032432896192941983
MTMR14,0.2543579473884563,0.0032609756917221793
CLIC2,0.8250951793237835,0.00328631485535228
CASP5,1.0979493637027886,0.003302513335809126
EAF2,1.1086352348805475,0.0033136863137524972
USP10,-0.80310525854249,0.0033154657698317752
NCAPH,1.491796151017823,0.00331821550840655
DNAJC10,0.7975050003604807,0.0033271006749274533
CD52,1.858846577173411,0.003328478544327094
TXN2,-0.4881319738106509,0.003329224852003311
CYCSP33,-1.4185609347677532,0.0033347175672339617
SMC3,-0.9163835145212724,0.003344196520314592
CPOX,0.6979058367938578,0.0033608407149539666
DAZL,1.6306176442403526,0.0033633487980611206
GGTLC1,0.47851367010991464,0.0033649584943444733
BCOR,0.8157941271014666,0.0033683277916455134
ARFRP1,-0.6796501761613714,0.0033754416168129335
HARS2,0.41888761062725166,0.003386618029938148
RPLP1,-0.12213145552285631,0.0033924586232534984
KLC1,-0.5292361115441668,0.00342163080757617
SON,-1.0593290254886814,0.003430547286502717
SLC29A3,1.063358201971221,0.003454539760530397
KRT32,-1.2643118725048286,0.003455475659219761
MATN4,-0.8146381819546509,0.0034692731504686845
DDX23,0.5273705128914337,0.003497405807200861
AHCY,-0.31417698648369097,0.0034988054924465915
SDC1,2.539941296218209,0.003506472183893899
MYO6,-2.153321062487197,0.003509600512137328
CLEC2D,0.8536830646370923,0.0035294777178795857
ARMCX5,0.5125949229178115,0.0035340154565648724
PARP12,0.6756883323573017,0.0035392776784727484
XPO1,0.416925003540479,0.0035453243572388174
ROBO4,-0.48687478020202235,0.003550440515208093
MIR7114,-0.4640732570266959,0.003553252825543299
NMUR1,-0.720314502145901,0.003557786639127758
ADNP2,-0.3721327571744677,0.0035585875152004537
TNKS,-1.4378227593234838,0.0035586661209216046
COPB2,0.35564507308860804,0.003565648278097165
NFIL3,-1.464447663301117,0.0035877725620764712
RPL19,-0.1481605903079508,0.0035901368516794234
DIAPH1,-0.8689672831084456,0.0036121394387636004
CDS2,0.38089814358963636,0.003616070880437366
ARHGDIA,-1.2763714924093126,0.003620608365486127
C2ORF72,-0.8372746168837564,0.0036254286163340593
KCNK7,-0.7305873222355563,0.0036275109916064424
MICU2,0.5218186621568375,0.003629690552096047
PHF7,-0.9222986936926247,0.003634811274214027
FAM168B,-0.5080999555690777,0.0036370439993168883
HMGCS1,-0.37968676437955384,0.0036374717218303635
ZNF562,-0.707200981309331,0.003675518625940477
BLOC1S5-TXNDC5,0.5626065640106717,0.0036775166443094114
SYNCRIP,-0.7525220530965786,0.0036795800883742537
C14ORF105,1.8700962216623402,0.0036805156138374462
KTN1,-0.8816927133151005,0.003686668065560121
MRPS12,-1.5849093678318757,0.0037017526304764805
CYP4F12,-1.2473949397958712,0.003703951745511845
SPINT2,0.7453814208621949,0.0037174278553434564
HSPB6,-1.0671591658851014,0.003719964499377702
PTPN11,-1.7206458600323438,0.0037234107725426296
IGF2R,-0.5769621929571898,0.003738197039446477
IL7R,1.5962484649461697,0.003740855960856541
LOC101060363,-1.8101314828121184,0.0037594798462545487
GAP43,2.171663575493511,0.0037644378354438216
SORT1,-1.9256031782545704,0.0037781077684093892
PRKCZ,2.220618302726919,0.003796467618013324
UCP2,0.9108374555080658,0.00379957404632488
TRHDE,-2.1082367649584874,0.003799878602331602
POP5,0.3121149500883682,0.003802975084899294
SDHD,-1.8281207173583374,0.003815474598481422
TIMP3,-1.3572508768516318,0.0038194252026459907
RNF40,-1.054755451012725,0.003827334040350286
CACNB1,-0.8052343813106848,0.0038294636705079954
GSTTP1,-0.7159489859493382,0.0038458101690228013
GSDMD,0.6940615080989705,0.0038493466065421325
RWDD1,-0.37919984909882487,0.0038503679609499628
LOC100508408,-0.13959564822710036,0.0038514647510403655
LRP1,-0.8624111894454387,0.0038517252072462387
CPSF4,-0.622238631144107,0.003857134377701252
LAMP5,1.7371241237326753,0.0038598683677212153
ENO3,-1.47086149044521,0.0038659819948999984
ALAD,-1.5118488999372754,0.0038973739291406255
EMR1,0.6892351093898661,0.003897462725964402
UCN,-1.168329112040916,0.003909294316430251
C2ORF47,-0.402508274919974,0.003917457974137304
FKBP6,-0.7930607111051042,0.003918318328711245
CCL25,-1.3336540888160489,0.003919870061655306
FKBP11,1.321481617379865,0.003939907770874071
ST6GAL1,-1.4316629129187612,0.0039546853308593055
EFR3A,0.4297857603888513,0.003988921636682432
POLD1,0.6541648347096833,0.003994561743895354
CD3E,1.0459017098707237,0.003994774816897866
MTX1,0.3311626382852815,0.004023432980834275
KCNN3,1.90473884803197,0.004025029134071489
FEZF2,1.7194897498412427,0.004042446195570666
FKSG49,-0.6175394277432034,0.004045842449731756
LMBRD1,0.4644817524318192,0.004052346129268374
ARHGEF3,0.6725917300770181,0.004057559746992935
INTS8,0.5843440668204263,0.00405862305550239
CLIC3,1.5210785726879044,0.004062588299816045
P4HB,0.5458048734116598,0.004067690427662306
C20ORF27,-1.1889471203561177,0.004081806739388787
CYTH3,-1.639937208154127,0.004082967527858708
SPOCK2,1.0636442302914428,0.004110271141795295
KIF2C,0.5008597711041167,0.004121832793900888
RAP1GAP,-0.8292110148434579,0.004124259162450908
DUS1L,-0.4353920091309771,0.004136859947194078
KIAA0125,1.6994980602527008,0.0041394900494247594
UXS1,0.37910677361107403,0.004158528425645118
PGLYRP1,-1.2018538147659186,0.0041747287908256775
VRK2,0.3858997068657306,0.004222708393362626
PCDHB6,1.1329375723887312,0.0042266378653598525
ATP6V1C1,0.45751105722429664,0.004229110481676207
KIAA0101,1.2994056562259182,0.0042315727426282005
TBC1D31,0.6262646764188862,0.004245980423676142
PCDH9,-1.4087852959824385,0.004246357264228891
RANGAP1,-0.4090857192577122,0.004253445317319005
PTPRS,-1.3014582289359415,0.004256782048640412
TMEM59L,-0.443437998976969,0.004256899601836727
RBFOX2,-0.916923603957569,0.00426304359922649
CLPTM1,-0.3458171441986053,0.00427214229633359
EFNB2,-1.8315004560176869,0.004278328767214219
RP11-403P17.4,-0.9646049563491932,0.004295815480837901
MAP2K1,-0.4721347750001339,0.004313233641416455
KAT7,0.31762654563682347,0.004344769037086628
COL8A1,1.897107620658125,0.004353967867511474
CYR61,-1.5550368289249885,0.0043622330666397546
MIR22,-0.8299407620390618,0.004382772442601898
RNF111,0.3212776786101159,0.004390470241845396
NOSIP,0.4084093217820328,0.004395258195800198
TRAK2,-0.5643275137018637,0.004403196384024739
GPATCH2,0.3464323049764335,0.004404760428270474
GRIP2,0.5224844210013435,0.004407103707975868
BANK1,1.0856254423331508,0.004414034413226558
SSR1,0.5103857982364755,0.004426142002673213
COMMD8,0.7033782159967998,0.004434333639482239
TDP1,0.5341328689222369,0.004461311748283272
MLF2,-0.3279938930772044,0.00446284445941646
ASAP1-IT1,-1.1636683051775236,0.00447641881482692
GFRA3,-0.5436576503872566,0.004477410430923015
ANKRD12,0.8054394157323586,0.004502984360744261
UGT2B4,1.8061269837430394,0.004504703026833863
KIF23,1.8393459025836787,0.0045088448400353864
HIF3A,-1.5533387527781883,0.004529377214743147
CCZ1B,-1.3212390045728455,0.004536821827803023
CLN5,0.6827124914241356,0.0045440694429134225
UCHL1,-0.5990584926883358,0.004553371920006516
PSMD3,-0.4475214962725875,0.004578634461646854
ZDHHC4,0.5800012492061395,0.0045803640793475745
TARS,-0.4764744393939182,0.004581012518162542
CXCR6,1.5250895578984993,0.004593677407839541
TRBC1,2.52350484205511,0.004613022149068362
ESF1,-0.7026133529993102,0.004625213392895463
PSMB4,0.2607202028780016,0.004625741811356069
DRD2,1.1378382197592538,0.004634570576201493
POLG,-1.2806406615441635,0.004669349360592315
PLEKHH3,-0.7427987861282639,0.004686051489115901
TLE6,0.8107349226003011,0.004691222662582378
FAM178A,0.5402422133723075,0.004702332584198863
BBC3,-0.8921442043943388,0.004716286619761315
TXK,0.8486970779982803,0.004735588732439604
GPS1,-0.5380033811434135,0.004751985097177293
TLE1,-0.9431000742578401,0.004767852877339076
AMIGO2,0.6567222065226055,0.004778828579118376
MEOX1,0.8850335425451341,0.004779347837489256
PWP2,-0.7088476565575483,0.004779882753251902
ERAP2,1.7073950588902793,0.004801325574635867
KMO,1.0202518723767753,0.004806036132846504
GABBR2,1.8625880897772422,0.00480701222993507
ZNF215,1.4997580134973383,0.0048129229693465265
MGC40069,1.4837766573966036,0.004816417719612835
DIO3,-1.2787831170884365,0.0048277000860177085
PUM2,0.2881762195986308,0.00483752867254143
STEAP4,-1.196008016897098,0.0048414401094389
GNS,-1.050991644906487,0.004842907504901682
AK055981,0.5438344905080559,0.004844026746822518
LINC00837,1.596386808521133,0.004862794935704116
GZMB,1.8791521761793044,0.004867102842666139
LRRC8D,0.6225670018215883,0.004880619499306918
GSN-AS1,-0.7462476919689536,0.004914264367123152
SETD8,-0.52227372282736,0.004916656136579282
JAK1,0.24633368146919565,0.004928566374024826
MYOG,-0.9315988815799825,0.004928987083808687
HS6ST1,-1.023277688758622,0.0049292495903615185
HLA-E,0.5451108070317989,0.004930429294879889
GZMM,1.8641214410720748,0.0049304490366647
TARP,2.393965621039685,0.004933252037323967
GNL1,-0.4324419445407761,0.004934303092852436
RARRES3,1.1777447772777503,0.004936396903311173
ETNK1,0.6409456278913233,0.004940410856431241
FARS2,1.2073856740807205,0.00495611207634901
SPAG5,0.519627752120071,0.004959425782524705
ERF,-0.5410332854631132,0.004963160890664628
C10ORF12,-0.8935761821845407,0.004971915226524308
CEL,-0.8633454020195352,0.004974912063989645
AIDA,0.5428089402638765,0.005009478524948193
PLEKHM2,-0.45191899368284183,0.00501999289052413
HLA-DMB,1.1289304661420516,0.005022573255559747
IFNG,0.6477674020305288,0.005026030165645761
TMEM39B,0.44694737578440424,0.005050150688338985
C7,-2.23346524165855,0.005101736333218302
TCOF1,-0.5175150205347707,0.005113205785006428
RETN,-0.9608010161671405,0.005123282034342205
H2AFV,0.3842004113204478,0.0051235722571001145
IQGAP1,-1.0393776606305742,0.005134860128294582
POLR1B,-0.7938260382309634,0.005166635670328107
SUPT6H,-0.4684579723807438,0.005174727614760697
DENND2D,0.7768338013534173,0.005190182703897352
SPAG4,2.254509837152214,0.005208252533907638
KIR2DL4,1.340246696258272,0.005219402281764317
LOC100131510,0.376158123227631,0.0052309354111560805
DAP,0.4063475027156418,0.005257210447121572
DND1,-0.47064798994480483,0.005266263701308884
PGGT1B,1.0997297099853443,0.005266575840839914
AARSD1,-0.2832891557066155,0.005268348818569061
TOE1,-0.6436197876833107,0.005268783397519477
BHLHE40,-1.6407851511095828,0.005278124326861675
CLEC10A,0.8403296976975856,0.005308397582011908
MTX2,0.20202234307710754,0.005330965838658248
MMP13,2.705390808282287,0.005333977784221068
NR5A1,-1.4429180954881509,0.0053577156611517894
LOC101929232,-0.8683092525895004,0.005374266284107242
NAGLU,-0.8366544262695705,0.005392805455547182
STX3,-1.060908329479255,0.005459775862751473
ADNP,0.37083659112743383,0.00547643368199333
LOC729164,-0.9862793234967606,0.0054769465051123945
CSNK1G3,0.32210973370392715,0.005483142669518544
NF2,-1.670311339735452,0.005486473804405413
PIK3CB,-0.5564330575730976,0.005505268517162716
RPL27A,-0.6998525162863176,0.005509203431789875
PPID,0.5144162028412929,0.005516307284959516
AURKA,1.444974119182449,0.005520415528144515
ACSBG1,1.3057545924070948,0.005528587928103425
STAG3L3,-0.8816096118494832,0.005529648661165885
TRIM36,0.8709555920819421,0.005593069622003568
NRD1,0.24729088771127294,0.005620033231940612
TRIM10,1.0245111820442556,0.00562226783355585
CELF3,-1.236736492668551,0.00562546336462014
TRPC1,1.727721792871483,0.0056287890565825775
TBCEL,0.637306100600469,0.005629236460622714
ATP5H,0.3592786833784327,0.005634613412819399
EHD3,0.8852918967260468,0.00566147754925158
STK10,0.6251026053572915,0.005690212206753923
COX17,0.4113215769627967,0.005699016839434214
FGFR1,-1.2883332485951868,0.0057101682400013285
IRAK3,-1.1126848983221551,0.0057146558652177906
GINS2,1.7719238404620987,0.005716207698025421
TENC1,-0.9704264507117557,0.00574996311225772
CC2D1A,-1.4631446804778716,0.005762782390792115
TMCO3,0.6412961055434181,0.005794698481060281
IL5RA,1.5882067362495227,0.0058016546973532895
SHOX,0.6519613311093697,0.005811613242851964
SLC2A6,1.724202055868954,0.00581388982277436
PAX9,-0.5084844415754901,0.005859778434860204
RPS19,0.3218716092947602,0.005882289337413588
TLR8,2.316948431343379,0.005882357311765399
GLTSCR1,-0.579060750904091,0.005887863177401551
AGL,0.7185324097080432,0.005912319739434644
USP5,-0.5175713017117332,0.005917086167509001
ALPPL2,-1.0648091686527286,0.005927144915537012
ALK,-1.2387883896617176,0.005934106086123605
PROP1,-0.830373271738118,0.005936568121271548
CCL13,1.5531668322389898,0.005937458865058986
IGFALS,-0.5999920217704036,0.005950142782190887
YME1L1,1.3585726409547219,0.005950312593717252
KIF18B,0.6620645246779686,0.005955912242717083
UBTF,-0.6257245186467877,0.00597796856775691
SHCBP1,0.9966960837037169,0.005980508754003423
GGA3,-0.3193437420784315,0.005981139803968607
DAG1,-0.5347047532644726,0.00600273960952433
AREL1,0.44803702437936366,0.0060183012267980155
GHITM,0.5427140039657612,0.006027598895645628
RP1-223E5.4,-1.1721672548562045,0.006027980531537621
ANP32B,-0.33108917898235823,0.006035015910498665
PEBP1,-0.588881429463191,0.006042863436073002
MDM1,0.6806751540761979,0.0060487353440718955
GLS,1.021419877844294,0.006146728298213988
UBE2D2,0.44070081514693893,0.006174646420882757
NXPE3,0.7036552352958036,0.006219260375533205
ZFP36,-1.1425523911123765,0.006233403149856394
NAGK,0.5924977283853465,0.006247160270138298
RBMS1,-0.9095483338234587,0.006254671236362937
PIAS4,-0.5895882213564216,0.006284853063965246
UBE3B,-0.5188621431812903,0.006290406258348476
C21ORF91,0.4625053605316305,0.006297938795608929
PRKCH,0.6906293560647487,0.0062984151859504225
GTPBP1,-0.7898022570410479,0.006320567540365628
GPR171,2.1979131563596654,0.006329300078538435
PRPSAP2,0.3180089190064219,0.006332543607242718
STEAP1,0.7859327767257991,0.0063445996386335335
TRH,0.7794751079380431,0.006352173137292919
ASCC2,-0.3316142077162869,0.0063614731650100615
TLR7,1.285043297369472,0.006363870094713832
DLG5,-1.1075053892893152,0.0063659163664890155
UBE2J1,0.7392354468578324,0.006369498291666674
ECE1,-1.146972461105931,0.006379693329125823
PARVA,-0.8879171178627985,0.006385336690307159
RHPN1-AS1,-1.1026766776910755,0.006428513364332175
RP3-522P13.2,-0.6196317258809048,0.006431221886630789
SEC22B,-0.6456995120098039,0.00644755033935725
ARNT,-1.2321730080472788,0.006456774623708403
PSMD8,-0.5338269727114593,0.006478926538365964
CYLC2,0.3343012131249008,0.006485190897300203
CDCA8,1.1308198795763325,0.006487719031458168
INCENP,1.5677064471225308,0.006494308575874533
CENPM,1.6419647172888032,0.00651047333621297
PINLYP,0.9303473750179769,0.006519956983850547
GJB4,-0.5447875471306505,0.006544569407044969
ZNF219,-0.4880596617716231,0.006574486347090934
ESRRA,-0.9123454308310501,0.006588793796730643
ACTR10,0.25571321082467335,0.006596340968613438
MAP4K1,2.626880769796829,0.006596487221223173
NR4A3,-2.437392170657117,0.006607837167888355
SMC5,-0.48827129066369857,0.006630670125377989
MSRA,0.2484439482948435,0.006631532310284947
HERPUD1,0.534941911970634,0.006655672188357189
CCDC132,1.1774449743044348,0.006671878579849734
AKAP7,0.723765429789955,0.006672784201216711
SNAI1,-1.1289478923319836,0.006692394252987028
FAM212B,-1.372921332655216,0.006698636565961738
SPEN,-0.8525054641115055,0.006699341980619885
LOC440434,-0.8187326507907624,0.006703627606624687
CIRBP,-0.5598364124312205,0.006718291800225504
MPC1,-0.38987665037930697,0.0067213620248386926
LOC155060,-0.7879209798014806,0.006725165592700992
JAK2,0.9570137395338314,0.006734269814784682
RAD23A,-0.46839381208506836,0.006738241691812442
LOC101928378,-0.9172647827053169,0.006739771958209001
LGALS7,-1.0109866726393926,0.006781556858923163
HMCES,0.3170510648307676,0.006787179882312115
CSN3,0.8530546954063909,0.0067919520975539445
LOC100652931,1.2714182633822562,0.0068045904202803
SLC25A40,0.7865778485399595,0.006830150334191899
SELT,0.49358394351889956,0.006852023198033628
B3GALNT1,0.6667195311875123,0.00687134752937122
YTHDF2,-0.3716238643582823,0.006876816541606953
KCNC2,-1.1852528993324678,0.006921209503377606
TBX10,1.1525638466828472,0.006950185584852611
MGAT3,-1.1433073678814312,0.006951711091846613
APOBEC3C,0.7295609125293439,0.0069666750450670025
SLC31A2,0.5776081019738868,0.006970444743581044
AF090939,-1.4808359087684684,0.006976088705598964
LOC101060275,-1.0285568788357402,0.006985881317748789
ABCD1P2,-1.0741340714513985,0.007015149744110275
SPDL1,0.7832873062693944,0.007071504574774895
RNF167,0.48806643977544084,0.0070717332676632425
SPIN1,-0.6490928433114416,0.007088439158932178
RXRB,-1.3894237070485533,0.00709135981383304
WWC3,0.4797767880037149,0.007092055427121941
NPVF,1.3152488015827837,0.007102508370286871
MLH1,0.25947899493248805,0.007132699883168611
SIAH2,0.2889862705937496,0.007166590756156271
RBM4B,0.47539299838976845,0.007172096694388695
SLC23A2,-0.6344386817753236,0.007174471231193073
FAM155B,-0.683626524440248,0.0071751251101870115
SP1,-1.3567325431148731,0.007180929429356717
WWC1,-0.6937671126929561,0.007183900286153537
TCEB2,-1.0511206020604025,0.007205543575455213
NOP2,-0.5355379859377045,0.0072321450087012035
FANCF,1.498836921667067,0.0072360783377274475
UTRN,-0.6291577643502695,0.007237642835748725
VAMP8,0.7203142091880146,0.007240052009867664
KLRC4-KLRK1,1.2736935273317904,0.00724429851509689
PPP1R15A,-1.0999449029649568,0.007255872475341551
ASTE1,0.5903972692568384,0.007288711849615625
CAMK4,0.8739228145958045,0.007323039960473973
ARHGAP10,-0.46000833616696823,0.007336802872502415
DNASE1,-0.2799144372905067,0.007338907843863786
RRM2,1.9208147308806867,0.0073745781002878645
BIRC2,0.27189100213934125,0.0073772867659316265
ITFG2,-1.2135921472879412,0.007377998434544126
RP11-255C15.3,0.5651149102629311,0.0073846521047958805
MOG,-1.323910569503958,0.007387327468422916
ASCC3,0.6804311229183249,0.007395794299291236
FAM60A,0.5820479469099702,0.007404966470315638
TNIP2,0.4680811123386803,0.007409284731795453
KIFAP3,0.44096300920005405,0.00745583647515265
CCR7,1.3319950481610272,0.007459157666995853
AGRP,-1.1294609036812435,0.007481997097967099
GTF2A2,-0.25391993619629716,0.007496284629015287
APOL6,0.7481398419837237,0.007511327955609508
SYNJ1,-0.6954718441689511,0.0075207111848802095
APBB1,-0.4626140631252289,0.007536770794067743
IRGQ,-0.645349527448329,0.007599930505857748
DENND1C,0.6033869025069496,0.007617777898443203
MLXIP,-2.1479778038666884,0.007619599737331769
TRPC4AP,-0.355747978673044,0.007626930004550346
ZFP64,0.8194664995994803,0.007632330484408976
CGGBP1,-0.3994657990815078,0.007768697447965667
AKR1B10,-1.7290666281703988,0.007771624583910597
ENSA,-0.6096719517367655,0.007772639970212044
MYO9A,-0.4891347740616929,0.007783965007705465
CTNNA2,-1.3056722942159595,0.007786084719182025
EVL,0.6603102612899985,0.007790048142556161
SOX30,1.1707068626507255,0.0077960339497227995
BET1L,-0.7462353964365969,0.007813244212717256
FHOD3,-1.3532212967721273,0.007813816975173783
RTN1,0.8079143132192463,0.007827383394250672
PRC1,0.9403205002307224,0.007830882992756255
KLK14,-0.4228015088866264,0.007839609359508106
KLRC3,1.4618677853233377,0.007883059382641886
RANBP6,0.3526413297505453,0.007891438903332132
FCGRT,-0.4462869844690829,0.00789259391626712
TTK,0.9744102930770095,0.007893985891218749
BRCC3,0.6201709663832897,0.007911288446639055
DPF1,-0.6193821218468711,0.007926273588871931
MZT2B,-0.8818230218575813,0.00793373016807727
SIRPG,1.4768834683327672,0.007944880985204909
BACH2,0.9011374276540698,0.00794868368905006
RAB11FIP5,-0.3439044189705154,0.00794958214098804
RECQL,0.7293228378168459,0.007956134227682406
RS1,1.1563220187824443,0.007962607579523228
PLK3,-1.0835174011832445,0.007966618381166614
ARPC5,0.32368982150668835,0.007972380175984551
NCAPD2,0.5263716010212427,0.007978539669211323
SLC29A2,0.7218038994009834,0.007992123145185683
C16ORF45,-0.7632548256983807,0.008003529071212562
NAV2,-0.7514748718186333,0.00800386181979166
DCUN1D1,0.3244626366555181,0.008020198412857539
MAST1,1.6206125366747797,0.00802196235721185
COLEC12,-0.47623678974009565,0.008026449455663656
BIRC5,1.506012593168112,0.008045640201690504
FOCAD,0.46830108304789775,0.00805176340367619
NMI,0.611542640578655,0.008067543666953782
DEPDC1,1.0695442220163898,0.008077000105334544
SCAF11,-0.8121504049220931,0.008078816069964549
BTF3,-0.6647859173681674,0.008094216212684718
SSR4,0.6134869682158719,0.008104610851934533
KHSRP,-0.5695247343195478,0.008115616993165282
P2RX3,-1.1604442059520004,0.008128916168500975
CAB39,0.2428641976692436,0.00813340379150964
IL6R,-1.290751703759625,0.00815206722454521
C5ORF15,0.3508396857172258,0.008160041779539174
NDNF,-1.1645521446932623,0.008244229827976044
PARK7,0.28539284802132947,0.008256788910993369
ELP4,0.3188274248353018,0.0082591066761753
DAB1,-0.9954399368044116,0.008270508891573979
PPP2R1A,-0.3471523326858321,0.008273802731879108
GMPR,0.6245852815969268,0.008276458926947198
HDAC6,-1.6142963610677827,0.008283148834211638
YY1,-1.2841865626175828,0.008289150446926343
SNX6,0.5399408478104117,0.008290559965452393
MAT2A,-0.9938522862962458,0.008333754798709654
CA4,-1.6442208019222253,0.008345278493141593
CIAO1,-0.7463688278040888,0.008391210066108275
SGTA,-0.6149199695213845,0.008399772361167979
TRDMT1,0.5879488902599492,0.008402107968010115
IFIT3,0.7681268242834083,0.008408583074272698
VAV1,0.5523897254780401,0.008424043268707593
TPST2,0.2762220319409998,0.008427204743690945
IBA57,-1.0288990552492407,0.008430998415018376
LILRB5,-0.7372265314082966,0.008445848391984
PRR16,0.9246699947030201,0.008452739014280728
CD160,1.3855104293367075,0.008460212508555998
KCNQ1,-0.7815717217869871,0.008465222007625192
NRGN,1.5406293605227201,0.008486490357278753
SLC25A44,-0.49315632850552227,0.008498014587122942
CYP2B6,-1.1175068923797085,0.008502235059871861
PRKAR2A,-0.6456124253656093,0.008516905537613934
AJAP1,-0.7874948337761616,0.00852470675346732
CXCR5,1.5735066820372605,0.008535966929820359
BCL2L2-PABPN1,-0.4464278025977979,0.00855590139128839
DET1,0.40927433117233214,0.00856328328530833
EFCAB2,-0.9127947063769941,0.008570634702043289
AC104537.2,-0.7405089430996394,0.008584640491996186
LY9,1.5150028619106024,0.008592675808541098
PEX26,-0.301781391166811,0.008593912471141149
MIA-RAB4B,0.5582091079378593,0.00862931706370041
RPL9,-0.17332219148963546,0.008633618841283167
GOLGA5,0.31944321157642896,0.008644754241012605
BLM,0.4050625921176856,0.008666939357835284
EIF2B1,-0.33944990931997765,0.008698139115270708
ZNF253,0.252844550792501,0.008702498570598974
HBD,-1.2440509241558306,0.008705629534217368
SGSM2,-1.5660374201844638,0.008712684332765105
RELA,-0.4754550663577888,0.008723713065093551
NEK4,0.7120343705728098,0.008727221384692996
RPN2,0.47404222219599745,0.00873631927738049
DOCK2,0.8893157879518476,0.008747754782934537
ERI3,-0.31720193382887274,0.008757224960452998
UBB,0.18552561027807002,0.008779991299391918
SNED1,-0.8785071382439238,0.008786995359260332
OPRM1,1.876968188600821,0.008794810775238335
DDX54,-0.31585143094360646,0.008807724251914726
INPP5K,-0.37594241315922794,0.008815229120467174
TNK1,1.0900249514835814,0.008816544504342255
LOC100293211,1.8148435331857895,0.00882690816243262
TUBB2A,-1.3248926063071682,0.008883207467206557
OVGP1,-0.6106666595441803,0.00890554625599147
STX7,0.49995725262182233,0.008978198956513923
ATG2B,0.6553761062119996,0.008997175905245545
GTF2H2,-0.9480889300375486,0.009009474375134469
DCAF8,0.445071833754092,0.009010564680635352
CDADC1,-0.5980850911599278,0.00901882163804311
TBL1XR1,0.47909542770949365,0.00901913335083194
CD3G,1.3511582285697052,0.00905061191871547
LOC101927673,-1.0540358197312676,0.009055360218729557
PPIAL4B,-1.54497767037522,0.009062747925981881
ARIH1,0.2975742686865921,0.00906592202300826
TRIM49,0.8260245557996253,0.009086610417934057
SNX4,0.3642680020369493,0.00909322202646909
MAP1LC3B,-0.24078190629256646,0.00914682133080202
CD53,0.5531601841666767,0.00915817824540097
LYPD3,-0.7633017316862096,0.009170040384583085
ASPM,2.259458176323144,0.009173026504236006
RNF113A,0.5090874945634649,0.009191690321697922
BARD1,2.1094084627580942,0.009198644022741686
GNLY,1.6693828837807798,0.009216912201898592
MAN2A2,-0.5096981521082888,0.009222215090513635
GINS1,0.6304342795977993,0.009223239638868137
ZNF471,-1.5193027966885655,0.009230685605208821
ABCA8,-1.4658842331943926,0.009236444769114366
CARF,0.6334363694648282,0.00925145690120096
AL928768.3,1.2436568913445925,0.009260707220434242
POM121,-0.6052088941384719,0.00929918660971573
TAB2,0.35656306816679617,0.009310192123163715
PVRIG,0.9727389083338256,0.009332487210030549
PLP2,0.5176810441267747,0.009334700007143357
EXOC5,0.7980665060789516,0.00937335697682411
RHOF,0.5799991155043207,0.009385987031154445
NLGN4X,1.9172801498569054,0.009395209482651589
HLA-DPA1,1.2222584291674234,0.009395563245713797
HOXB13,-0.4317659495909427,0.009416578341344175
STMN4,-0.5467587789081687,0.00944262386654033
CTLA4,1.1638050536033049,0.009450616607071484
TUFM,0.28126112808684667,0.00945626965012279
C11ORF21,0.4204735855037711,0.009462559258513439
ZAP70,1.2950507389755037,0.00947510835838741
IL10RA,0.6819112997404826,0.009494709249481164
LOC101928747,-0.35767135926147553,0.009499761569737041
MTF2,0.445179637084566,0.009501717695610801
IL13RA1,-0.6107302274745932,0.009526943482451318
DUSP7,-1.2744718552520573,0.00956561400593704
FDXR,1.2082860943895737,0.009580022376900721
KCNQ4,-1.4326673409277433,0.009597492927941957
IFNAR2,-0.716854269411721,0.00959960995908348
ELOVL5,-1.219406830813444,0.009631348710084085
SF1,-0.7400662628972006,0.00965535866436502
ROM1,-0.6349640114375665,0.009659716620869877
DHRS9,1.082953211677788,0.009660602553018297
ABTB2,-0.7732677593621169,0.009661745644729106
SEPT2,0.330782876430737,0.009710558847870645
CTAGE1,0.6871225689644351,0.009722722213412192
ZNF536,0.4744182509459858,0.0097434619328736
UBAP2,-0.30017540166190493,0.00975758597869304
DCTN5,-0.5304266104461366,0.009767540021466101
NCF4,0.8467921300885006,0.009772767450770907
PDK2,-1.1623400040275529,0.009776154571233417
RIMS1,-0.9438159503498138,0.009786421564476497
KCNMB3,1.2422771257836516,0.009787254169567753
RPL23AP53,-1.1944705695186908,0.009805361701960575
P2RY10,1.0895840740929934,0.009823730592093948
TPTE,0.6652037831126956,0.009842287190112804
ARFGAP2,0.213093747380789,0.009844817441559281
CSH1,0.6908145906928258,0.009851775762043687
TIPARP,-1.0224402495679215,0.00986404406414968
MZF1,-1.059273159998364,0.009871122530978448
C9ORF91,0.41270085242428234,0.009894189243177117
FOXO3,-1.612937435327666,0.009905761533724591
SPINK4,-0.6656983758099804,0.009912081039815902
RFX4,0.9205086963866673,0.009948433151784493
REXO2,-0.27865044764311975,0.00995150650425733
CR1,1.7782884413111324,0.009951628217825597
N6AMT1,1.3975759212685759,0.00997699906811033
TPX2,1.2526019859248851,0.00998886383408685
GAGE3,-0.9291571992060588,0.010012913107504455
CDKN1A,-1.0923136343727737,0.010039352330282957
LDLRAP1,0.5052316324147519,0.010047192086108183
FAM110D,-0.6633863046938222,0.0100569665543339
VGLL4,-0.8871326915748412,0.010084192024061854
PRR11,-0.8941028385845335,0.010108107188124632
RP11-769O8.3,-1.2534508978434262,0.010131425763502622
PARD3,-0.8158383052227061,0.010141918328245663
RPL39,-0.16789733463167167,0.010190435467640889
UBE2Z,0.3075129384748738,0.010191346378370877
TPST1,-0.4875480804619361,0.0101961114552594
CAAP1,0.44314899662749063,0.010205861957305105
TNFAIP2,-1.0598139447113661,0.010208683147594542
STAT4,0.6536981460975984,0.010211568682093358
MIR4800,-1.050498350957768,0.010216990501516436
TAOK3,0.42960614768650274,0.010234211882992795
MKNK2,-0.5842859846680231,0.01023480595919459
FAM102A,0.5426804117357502,0.01023851017569932
MATK,1.393056478798286,0.01023887488435904
FCGR2C,0.785393210194195,0.010268971675207416
GSE1,-0.6874308423076094,0.010279825371063471
ASGR1,1.1817965120467866,0.010284439634284513
DENND1A,0.47582671656045417,0.010298506116325922
TPSB2,-1.3099327563289638,0.010313093892446033
C4ORF27,0.36638077114500867,0.010325125448511793
TM2D3,0.28571438154559736,0.010336877053828783
PODNL1,-1.384748210316384,0.010341790078118758
KPTN,-0.4729518601941969,0.010346287196277433
ZNF419,0.7394826982195823,0.010365410803661207
POLR2C,-0.4262416586289941,0.010374206688503456
FOLH1B,1.4136521474669097,0.010376392518546995
RCC1,-0.5354577689995956,0.010418193265586233
CYP3A5,-1.3007537296388945,0.010460183427425197
TRDV3,1.720206756003221,0.010478770207781832
R3HCC1L,-1.2181307237326768,0.010494635216818211
ANXA7,-0.3326434244751155,0.010497307418278465
MYL4,-0.3897735150369295,0.010501856476908863
GUCA1B,-0.9879920196411938,0.01051455259107208
S100A1,-0.720313310828768,0.01053716783801983
CDK2AP2,0.49598940768957966,0.010554316939765893
CANT1,0.5236012204093061,0.010557039111966916
PPP2R5A,-0.7473366857800141,0.01057255199594887
CSF1R,0.7064731502735899,0.010579438534260292
TM4SF1,-1.4665345302212556,0.01058918129674937
CYBA,0.6307230692795436,0.010597083781427494
NCL,-0.5269274166014579,0.010598806309091238
IL9R,1.1454403767617256,0.010605343222953999
MAPK11,-0.7489562117227724,0.010663216133492982
PHACTR4,0.310990819756789,0.010663801634288744
DSCR3,-1.2226374332162973,0.01067017826553518
FOXM1,1.4256978953093276,0.010675459745799908
BICD1,-1.0646133347154398,0.01068131371558799
KCND3,0.9786576360521364,0.010696444834161007
PRAMEF11,-0.7049015519902699,0.010704193900235569
LOC102724788,1.1706934287847464,0.010704996597589098
SULT1A1,-0.47039137224731853,0.01071777153160544
ABCD2,1.2481878861478881,0.010726120967588761
MCM7,-0.4507079034318302,0.01074891402806301
PAPSS1,0.5609536151029264,0.010780391246121315
RUNX3,1.1071129450951238,0.010803450193089594
FLI1,0.8131143733944377,0.010836670559811207
KCNA3,1.072408795285968,0.010844440774596698
TCRDV2,1.4980678940580328,0.010890063760571828
E2F8,1.9436052479274104,0.010901620032854298
TNNC2,-0.5868270696178701,0.010909883397263082
ITM2C,1.640400998248957,0.010921748040107471
IQGAP2,0.6541498865311262,0.010936111475073056
RHOB,-0.8080491589766083,0.010953859003912077
GRIA3,-1.7210911446664579,0.01096055720193522
GRM7,1.1029886297015787,0.010965036356920352
NPIPB15,-0.9753338596524115,0.010977744430893985
CLDN22,-0.725323894858275,0.010982153369200496
TLL2,1.3500614868725713,0.010993369682642968
GRB10,-1.7101075157027523,0.010997657543261541
PBOV1,-1.024419130323229,0.011010065456752064
VCX2,-0.879862748572334,0.01101822929050566
TM6SF2,-0.7860330235544764,0.011022651429630947
TMEM8B,-0.45803261127990247,0.011034965443335444
SHBG,-0.4228772752019978,0.011035057227843358
GCNT1,0.49843075705155115,0.011043223905131431
LOC254896,-1.2888978573504017,0.011044252328195356
GGTLC2,-0.9615172581310949,0.011114427527209706
ELF1,-0.8158688795875406,0.011139622821828532
YBX3,-1.109236127019054,0.011150148769639514
CEND1,-0.7215648838854447,0.011172728803732318
ZBTB43,-0.642385626412409,0.011202399297803317
PITPNA,-0.5069670178544179,0.011231558546303767
FARSA,-0.7061689784172867,0.011232426503204081
MIR7703,0.6404515743096866,0.01124378179451027
ARHGEF38,-0.8865649071649049,0.011305465583509814
FIG4,0.42723248392462665,0.011322297785568779
IER2,-1.0526893303296099,0.011333964716164675
IL6ST,-0.9177912485352504,0.01136201641576788
RBMY1A1,-1.0077097261114658,0.011391901673000668
SIPA1,0.6153768000469544,0.01145793048573765
SLC39A7,-0.3412045185285173,0.011471856336123968
SYCP2,0.6992378798915277,0.01148487018837954
IGLV4-60,1.6435809556208447,0.01148991003531379
P2RX5,2.1089383578872054,0.011526501429734545
CA5A,-0.6620268642810538,0.011526870519966884
OTUD4,-0.8685330852198714,0.011531985321110291
SLC7A6,-0.7928350316287442,0.011542442387745834
IDH2,0.9943667352018224,0.011593419675811416
ADCYAP1R1,-1.0179126598551447,0.011619825148579612
LETM1,-0.5972664556590832,0.011625380241958359
PTTG3P,1.45531249100004,0.011625841676363212
DYRK3,-0.5529027253278249,0.011627450836210041
RBM19,-1.3653312946859781,0.01164924371390305
ZDHHC11,-0.9387913866144535,0.011658357303949367
ACACB,-1.6418188258874915,0.011664832922971926
PSMA2,0.46160270847507334,0.011697797354460183
PRRX2,-0.7774416494932836,0.01172198770079564
ZNF747,0.5416444273203371,0.011732521986961937
NCAPG,1.8160852491699453,0.011739771426282002
MTA1,-0.4359205310440446,0.011763364927098285
AURKAPS1,0.34717646049296036,0.011787974323580322
SYCP1,1.4214903314566913,0.011790788169297245
H3F3A,-0.7284348917303856,0.011800150813254385
HAS1,-1.5379550732398108,0.011824648979134194
SLC25A37,-1.4002799702855908,0.01182944024640634
CITED1,-0.9267588894303809,0.011838382347603621
ELK1,-1.175039998308721,0.011840464100148855
ASPH,-1.8481879875049394,0.011841755633272588
ASF1B,0.4776781342361982,0.011862010878085092
CDH13,1.909908285352822,0.011863446999869074
CXCR4,0.9039222911616616,0.011890627188744878
ZNF821,1.309063082817528,0.011923274678709928
ALB,-1.2746063119048432,0.01194441544227592
SLC22A13,-0.3589539388162657,0.011970252483419581
RPP25,-0.41305701176141696,0.011975134990646997
DTL,1.491223781857924,0.01198171176191984
TRPV6,-1.0252208324818177,0.012029627168815943
TPD52,1.6570103073318752,0.012052789746698406
ZNF671,1.1674409223167093,0.012069885702373724
CNBP,-0.3371120917601278,0.012073312543396596
CREBL2,0.6897885846566965,0.012090153450898332
ZNF184,0.7852572510168683,0.012098640127822444
TRPV2,0.4985963686543897,0.01211068411107448
BCL6,-0.6619566463928344,0.01213859239938336
APOD,-1.942481912975392,0.012168366302096495
MYC,-1.0327212030757487,0.012182165790790334
SMG7,-0.9905843914413222,0.012185921561921971
ZNF440,-1.2392625945079638,0.012200509909400598
SENP7,0.8377261856795482,0.012203710905722177
TMEM186,0.3720808646042322,0.012214998896927594
ZNF324,-1.1085020756765287,0.012224940601682664
C17ORF80,1.3434973111863169,0.012233806516548188
DYNLT1,0.25846318727620243,0.012235004701193498
GFER,0.5005630901294191,0.01223564422649008
BIK,1.134520979994738,0.012236879549941033
GUCY1B3,1.1726592176203905,0.012248083086828367
MYB,1.6156356322495107,0.012257764025285132
ZBED2,1.3633070506969336,0.012258355583253704
LPHN1,0.6482963612020365,0.012263247223738599
QPCT,1.268045408874194,0.012274972647663472
FAM114A2,0.5298419918812645,0.012276988836053498
MSX2,1.4986604125179248,0.012279775576079252
TGDS,0.37628977716284595,0.012303754957362032
SETD1A,-0.6811097924250529,0.012311699899518488
FLT3LG,1.187215377501592,0.01232694310662384
ZNF804A,0.8005610602510034,0.012335468853218437
KAZALD1,-0.9514141785742067,0.012336665696717906
F12,-1.0858824830884917,0.012349730988414563
EHMT1,-0.7480165375857508,0.012358140320491812
DLEU2L,-1.4456562618062092,0.012370122463317257
ELMO1,0.38199497083212286,0.012394464989786311
ATP8B4,0.7150621409186302,0.012474330212215947
GLRB,1.3720373985487502,0.012486232162977295
CARD10,-0.8793805783924045,0.012498296537871784
ZNF362,-0.4942695175234828,0.012511469478651734
KLF6,-0.9032320047308735,0.012533646726377879
TTC22,-1.0220711088685484,0.012548958288821372
GAGE12B,-0.8947280473298838,0.012565024037132643
MED8,0.5401060245612506,0.012567441722966602
EI24,-0.6164094345620814,0.012642431462522368
CHGA,-1.2687664090214437,0.01265079357450031
USP12,-1.032192106596713,0.012659325406490979
SGPP1,0.6885991842423564,0.012662924688519907
PDGFC,0.45146190775514405,0.01270309876248269
FZD2,1.5481186362968522,0.012714468280249077
NUP62,0.5717255038155571,0.01273165274280723
UFC1,0.3042420560161325,0.012754142303060698
AMIGO3,0.5428904286690699,0.012758884378812146
KMT2D,-1.2451591961752317,0.012766511739992426
VPREB3,1.3842511917740667,0.012793320230290981
IFT52,0.35434657152599947,0.012826056998624935
HYI,-0.303610964270554,0.012831128697175044
KDM4B,-1.0827962534913471,0.012878834695695856
FAM173A,0.3373934563053629,0.012879712589756932
DCLRE1B,0.7564423472390196,0.012901331470057101
ANKRD49,0.563228159586215,0.012904872637036647
CEP76,0.7157954195875513,0.012912561848757704
C1GALT1C1,0.5151299698205705,0.012914606494599487
PPP1R16B,1.9488142586167898,0.012957875523968708
KHNYN,0.4834179849703766,0.012968776878433386
IGLV6-57,1.7829987263737017,0.012982929383806834
ZNF787,-0.5103359577107085,0.013032448601935864
APBA3,1.4556866068604517,0.01304340469140927
SH3BGRL,0.4063656660538726,0.013058007127120524
CST3,0.360112201498513,0.013067488080285766
PDXK,0.8777630571790702,0.013071300222328497
CEBPA-AS1,-0.4441865540290273,0.013107959284920298
GSPT2,0.4504178105751162,0.013160337899340556
LSM14B,-1.0877280172340864,0.013162630619191516
ADAMTSL2,-0.8938694699841538,0.013172583358543915
KISS1,-1.0570162349512118,0.013187240426058905
KNTC1,1.3490697262516438,0.013190201390155015
SLC35A5,0.4928830087131377,0.013246293976734465
ERCC4,0.6957675149339195,0.01325013253200311
KLK1,0.2943699363982395,0.013250878762704732
SAMD4B,-1.0086011936859673,0.013276143290685553
MAP4,-1.5622276047731143,0.013282305972724754
HAS2,-0.9687818110687783,0.013283426873962013
GTF3A,0.3510923163103925,0.01329022009857587
SEC23A,0.9278157777914702,0.013306994345509344
MCUR1,0.44870345208285123,0.013311359659391044
UNC50,0.3076158980433963,0.013326908297609593
AGT,-0.8253849932304886,0.013332091678468924
LOC101930324,0.31404541046012646,0.013367289040806413
ARMC1,0.34086338709879627,0.013389818200637274
UBR5,0.4676738386725532,0.013396032330290327
CENPE,1.3053003982493,0.01340469308925487
CEP55,1.6611096302675792,0.013444567594129288
MSL1,0.324957814971226,0.013457601364751104
PIEZO1,-0.3576685032749527,0.013480546014974459
CXORF40A,0.23650104273511374,0.013501709073672666
LAS1L,-0.4792034797618072,0.013509200646639127
NOD2,1.060906340007758,0.01351577971505802
RPL36A,0.35007892098419546,0.013529894328875127
MARCH1,0.7227595228788619,0.013553048763403042
IL15,1.1648094087376215,0.013563364724738281
TMEM140,0.5283108021971081,0.013567512961701425
COL1A1,-1.9664589464723168,0.013628404407077329
PTDSS2,-0.3637711086001385,0.013712996600486466
USP36,-0.5931953334559781,0.013761246259033827
TPSD1,-1.485423236017625,0.013765891655254898
HNRNPK,-0.3840145487397244,0.013771606034061525
WNT6,-1.0846658110447134,0.013772670196795931
PEX11B,0.2505758857135518,0.013799267010025875
NPIPA1,-1.7311756247719652,0.013810210869385832
ZFP36L1,-1.279594610235809,0.013823969454529933
PIK3C2B,0.7319648303662305,0.013840548928282315
PPP1R11,0.23073807982869887,0.013850377291936283
C18ORF32,-0.17680460945585352,0.013850755276269998
CR2,1.6779792361347505,0.013885404762537166
LILRB2,0.7972849082622417,0.01388755946677978
LMAN1L,-0.5690384021976849,0.013907969754041563
HLA-DQB2,1.237953780645591,0.013924179360054943
SAP18,-0.5949663298183197,0.01393389008510477
ERO1L,0.8500732567484492,0.013935253688896128
ACKR2,-0.7779297101293876,0.01394122951033902
HPS5,0.43764779899661654,0.013943637285383932
CHRNA5,0.4961152855985569,0.013970048116267716
GOLGA1,0.39028986008441,0.014014067539540761
CHST5,-0.38428416163840495,0.01403732758104004
ELP5,-0.585899348704535,0.014049789830421617
WNT1,-0.9930671040763164,0.0140687643789118
TRIM52,0.4433819561483485,0.014077462866261967
CANX,-0.33814392030092044,0.014105001124196303
C1ORF159,-0.5677277205008586,0.014108348709615465
KRT33A,-0.2777251694383691,0.014152979122483587
TPD52L1,-1.0840040996713078,0.014237804680225079
NSMCE4A,0.5333217032308735,0.01426706594481382
TMEM30A,0.2893879906826555,0.014282901739049794
INPP5A,-0.4976391939046554,0.014286756152599526
IER5,0.6880157127693245,0.014293036352592983
SHPK,-0.9878882122272694,0.014307312065856599
MFSD6,0.773705629964498,0.014310892174817293
HSPG2,-1.1878800059635326,0.014313298073274314
PNMT,-1.3240466360540362,0.014327263883523468
TGFB1,-1.181840439513258,0.014357523180368351
NAA15,-0.7382815141613861,0.014394789578039816
WDR78,0.5534709307753651,0.014408196789305841
NCF1,1.558782066818667,0.014411278565728066
NUDT18,0.49551594702546176,0.014414239040144316
CPNE3,-0.5741563402364012,0.014455936138197092
PRDX2,-0.793367047661814,0.014477013258441924
SIGIRR,0.5191880977036725,0.014486195020409029
THRAP3,-1.2186070517629668,0.014486330965166681
PHACTR1,-1.0216914916737494,0.0144884663046376
PML,-1.1992100074853242,0.014503263520919497
GIMAP6,0.9864775714518377,0.014504259093986852
VIM,-0.1510254318829798,0.014511557451167145
CD2AP,0.4481055369707958,0.014520309465455756
GFRA4,-0.377527585988342,0.014524759186435875
LYRM2,0.3424519456682251,0.0145481919953012
KIF18A,1.69474706957527,0.014558370404718133
MCM4,1.3051009793963875,0.014578755620204118
FAM204A,1.2142658785640332,0.014579100520994212
LBR,0.6210382082556922,0.014600299601585605
TAPBPL,0.7473141261476375,0.014624789367438369
GDPD2,-0.4666159422852898,0.01465136893825092
SAYSD1,0.9623998547448336,0.014658338282431469
MTHFR,-0.9405870984433387,0.014667774026232037
FAR2,1.0821939235126559,0.014714818067171372
SLC19A2,-1.3288070504257856,0.014718970559080074
MCM6,0.37107979557239723,0.014723174001862788
ST6GALNAC4,-0.6877917165845391,0.01474577762889082
GDI1,-0.23888443997333653,0.014761134872898573
UNKL,-0.48633829616735635,0.014774909020866813
MFAP1,0.2032276567714444,0.014791286557061247
SETX,-0.40799277018800595,0.014864493145166724
CLCNKB,-0.6400676958429998,0.014894873117990422
NSA2,-0.27814576589884865,0.014986686252279212
RBBP8,0.4264000311933316,0.01499894903100976
CD86,0.6819003891417861,0.0150064735205282
TMEM222,-0.30390527973688464,0.015059130776235689
TRIM25,-0.9943547126337142,0.015060343258984706
SNRPA,0.36124799699334176,0.015082780391929741
TNFSF11,1.6724911914479952,0.01513322798310501
RND1,-1.3161900873666816,0.015133839146073264
IZUMO4,-1.1963265710287483,0.01516552738476353
RP5-1184F4.5,-0.8113545147327463,0.015179354684381348
AMPD3,0.8219189974782974,0.015179973088564206
EMC3,-0.8089003767767755,0.015180813114746993
MGAT4A,0.5819236383806503,0.015184539383741718
RAB40AL,-1.2597682791603004,0.015221307615631612
PLGRKT,0.5459771356709862,0.01522364131015038
KDELR3,0.9688891780748117,0.015249099596089681
TNK2,-1.1563308095367555,0.015258250984948504
CCNE1,0.8463899278813285,0.01527398787342873
TBC1D19,1.4002143223945218,0.015274792593133099
TNFAIP1,-0.783704164832911,0.015279835425818658
SSNA1,0.2532890992011687,0.015295380561671689
CTC1,0.34810232015779263,0.015298963745018249
EPHA1,0.7834323157865599,0.015324029584351345
IQSEC2,-0.6325303955155706,0.015325085823105052
GOLGA2P5,1.1512448129552206,0.01532899706862284
SLC2A4,-0.9128911313661403,0.015330262005397874
SCN1B,-0.3150497277769384,0.015355286818477655
MXD1,-1.6205790449036153,0.015387986903914592
PPIEL,-1.1229191137018164,0.015402315141764081
STARD5,0.866288421291447,0.015454159651929205
HSPA4L,0.4483055958167741,0.015486161912171432
CD14,0.6567560144551265,0.015507735868007319
EDNRB,-1.514716440889976,0.015527733278943308
APOBEC3B,0.9389912687327566,0.015547303913311173
ERLIN1,-0.539576413736226,0.015547745022163554
SCD,-2.0361267223084147,0.015575642160337851
GINS4,0.8902428806465803,0.015588227389274243
RAD17,0.6634812462682227,0.015591452728770376
RMDN3,-0.45456815116717664,0.015596208934861714
CD1B,1.2173758792851515,0.015596684903144153
SOCS3,-1.228275224335098,0.01565609633590389
ZNF460,1.1601909703466111,0.01567234128288105
UBN1,-0.6209919626891587,0.015684409542817725
CEP192,0.3886589285063202,0.015700648130069633
KIAA0922,0.43185877314756915,0.01571104552479633
SOX9,-0.5683857527208023,0.015716783527589945
BAG3,-0.5201406187351658,0.015717045037296103
RPS6KA1,0.627974656002479,0.015727233480574667
SPATS2,0.5886159460737925,0.015728752182742514
PSMB5,-0.1854845354393735,0.015737376374651616
G3BP1,-0.6000304566309413,0.015745954604676503
EMC9,0.7468138762785337,0.01575802481501269
ATP5G3,-0.26542629713299526,0.015797448865756823
POLA1,0.30518339066709466,0.015803004715028567
PFDN1,0.3986370032866393,0.01580381234399341
NEUROG3,1.0300221903716493,0.015810030689797475
TOR1B,0.24630857463414202,0.015814829661599215
DHX29,0.400547761112648,0.015815447013793917
TMCC2,1.1676699613998789,0.015833139194828684
DDB2,0.8813003560752879,0.015833603385744282
ETHE1,0.2817594699390913,0.01586776166582746
HLA-DRB6,1.1194391239926045,0.01591288304806401
VSX1,-0.7878321523579754,0.015916123395510982
CA12,1.4684833467112082,0.015916741596241884
SERPINA3,-1.1847364621516405,0.01593749523916819
PIK3CD,0.919834708167647,0.015974000399813653
CASP3,0.37305294580015946,0.01599939939275394
BSCL2,1.3720048858010951,0.016008050563432467
E2F1,-0.8485962329803032,0.016024571285344943
YBX1,-0.8063234378940969,0.01602677723697581
LEMD3,0.3911453437571897,0.016105255933228653
TRIOBP,-0.3687280076088655,0.01610921431211191
PTPRH,-0.37697110666446143,0.016138039360016503
FAM46C,1.0983862855605784,0.016145263829734524
LOXL1,1.2822921670994898,0.01619943384754821
CDV3,-1.1520851212473033,0.016247889914646426
OGFOD1,0.4543278664892938,0.016255805418919637
KIAA0586,-0.3383990918992259,0.01627930475489648
ADAM19,0.9395428140933682,0.016365838046946385
MUC6,-0.8954543980576135,0.016373320937913063
KCNN4,0.9126199869717713,0.016399266324162515
SRSF11,-0.6799603140024786,0.016414557782904005
LRIF1,0.8277009205853467,0.01644364901150234
IRAK4,0.3804619104706708,0.01644734841055695
AIRE,-0.7002398355409305,0.016509463615064432
ADGB,-1.2707128981818436,0.01651695184062652
HDAC11,-0.9874999723088571,0.016549661705444908
MRS2,0.5064372928040228,0.016562041430466617
TSPAN32,0.6756304323654545,0.016582790381882876
MX2,0.6076798368180221,0.016586574828727704
MDFI,-0.7761998576557048,0.016593596506278206
AGO4,0.439332717328643,0.016623288902640223
AOC4P,-0.5215098538227068,0.016637518071124853
RND2,1.210050453754862,0.01666802054074831
MRPL16,0.24946813636951326,0.01667341835276621
NIT2,-0.2840650841395611,0.016679179836033446
PRPF3,-0.41490452029930225,0.01668279012089687
GP1BB,-1.4066057425676508,0.016683396018995624
CNTFR,-0.5239451062995597,0.016685204815534215
PIK3R1,-0.8442849336576774,0.0167056417156914
REV3L,-0.5144211635842524,0.016738487304696036
RNASEH2A,0.3626105661867385,0.01674325359298142
LIME1,0.9325860477676224,0.016757736353857956
HYPM,0.754365822683797,0.016779347935143477
MELK,1.2604217575515424,0.0167885472822921
ATP8B2,-0.5866198473419928,0.016812130204862687
RTFDC1,0.21827071524611164,0.01681442262624543
TTC9,1.535244826882574,0.016836203951384122
PIP4K2B,-0.5620886711317246,0.016867368824747268
NCALD,0.5639092203905616,0.016875143249734693
MXRA5,1.4825503079660578,0.016911011272695287
GUK1,-0.6394779855979866,0.016938375227067492
AMZ2,0.35286141811349125,0.01696094581268674
RGL1,0.501807842241055,0.017068325160809972
LOC101929864,0.6564015783247577,0.01708931531890531
SAFB,-0.6053425845796356,0.017090461428038363
DMPK,-1.3891968865161095,0.017098224893458663
HSPA13,0.8132480027563567,0.0171066727967512
LSR,1.362476133807072,0.017125597227227285
SOGA1,-1.0410607094737765,0.017128323661705903
ANGPTL4,-1.515017431541093,0.01716833654414088
ZNF235,0.6995197310242567,0.01717765917260036
SPCS1,0.21197926956238433,0.017253362174570772
SNRNP40,-0.4398865895559787,0.017283865939204196
RPS4Y1,-3.256044016654042,0.01729019262998858
LRRC37A,-1.0385812813629327,0.017300051502589647
FNDC3B,0.2814483873618485,0.01733118285587949
IGH,3.9599153027732967,0.017333716285146572
FAM105A,0.5414315260548905,0.01734386622504811
PGAM2,0.8125696144484542,0.01735225670872765
MAPK1IP1L,-1.282659975441268,0.017367039336568753
C17ORF62,0.4846955058898441,0.017394285975059046
EIF3B,-0.557752716672546,0.017402487545197163
WIPI2,-0.3761891822088854,0.017445024666490554
SETDB1,0.5253233658832439,0.01744857141587302
DNAJC28,1.294436655545546,0.017469436437080654
TNFSF10,0.8496207018732029,0.017473463518281912
POLG2,0.5284183019236304,0.01750677297669466
EIF1AY,-3.132822115783076,0.01752675476873712
SLC25A1,-0.45043228649391587,0.017601812249759125
DYNC1I1,-0.4142332779851561,0.017613325629082112
POLQ,1.2894826165591242,0.017649399636730113
CD5,0.9586301798292372,0.017677031473725326
CDK9,-0.3084699546204659,0.017688522353607072
AXL,-0.7440382803530401,0.017723690620358345
AP3B2,-0.7363807031923431,0.017728695888924367
ZNF587,-0.5834204342530036,0.01774429926539467
RAB15,1.2763143890537592,0.017762800214137467
MIPEP,0.4948074442173649,0.017771218215894016
HMGB1,-0.30760971366525425,0.01778397065927407
CD40LG,1.434290160182882,0.01782362050789737
YIPF1,0.3882913600266704,0.017824246246749276
PRF1,0.9538588316912122,0.01787388982601145
PCCB,0.4085878333584603,0.017874003668833884
DPY19L2P2,0.7157176191562389,0.01789005514644021
LOC101929842,-0.8312917170798624,0.01797355463845389
BANP,-0.3081672487857947,0.017988820970411813
RLF,-0.3122451478566788,0.01799541673810783
HIST1H2BN,0.8426578036018126,0.01799761641142341
PRKD2,0.478804503243639,0.018016783541687623
CORO2B,-0.8478293750645802,0.018060793766688697
ID2,-0.9016268325707797,0.018073442881748357
PIK3R5,-0.45758124767951003,0.01809984466939065
LOC101928198,1.2760327284801671,0.018110183566342707
CD37,1.0795014539234042,0.018128076669249853
IRS2,-0.8630555609177861,0.018145343426169743
GART,-1.158219382770361,0.018167827287647147
COG5,0.38759407882074637,0.01827803792820353
SDHC,-0.3889479953930213,0.01833242894370132
PTPRN2,1.444930177896401,0.01836563473558991
CORO1A,1.1013256964867413,0.0183708131931245
FAM21C,0.34727120273544543,0.018394963363569924
CRNKL1,0.3292176791455663,0.018406526559378793
RPA3,0.42303227038861024,0.018428157073017228
MTO1,0.44463505224563704,0.018456778540283728
HLA-DMA,0.6796450124095514,0.018466632299478685
SH3GL1,-0.41965260062708687,0.018483673087116525
ABL1,-0.36621501578252413,0.018529644635935615
TCTA,0.4250425201241139,0.018533892600894258
TDGF1,-0.8796532129979289,0.01857071590162941
CMTM6,0.3108846215679719,0.01858744597168343
KIFC3,-0.5805236004879335,0.018623887425359684
PIP5K1A,-1.194595644158425,0.018630963175510492
CYP2U1,0.7934523666178106,0.01875636427340411
ZNF14,0.4996324299673143,0.018773241054386543
AQP6,-0.6307129474994739,0.018811091216233703
XBP1,1.0098033887992646,0.01881423813356989
IL2RA,1.476487549427418,0.018864667859809184
NARS,0.23340376061041646,0.01892596924804612
NSFL1C,-0.3831326896185505,0.018939905142164475
DNAJC11,-0.33987036147568794,0.018941005697811694
MSMO1,0.3179129737321027,0.0189741194631925
XIST,2.545673655942613,0.01900171109379753
GSTM1,-0.6560073265193846,0.019011968503739544
AKAP10,0.5817488776480575,0.019020367785139804
OR3A3,-0.37457089994365766,0.01905515322041928
JAM3,-0.3519992989560503,0.019080400003351563
STARD8,0.30818586150117433,0.01912339128911156
STEAP3,0.4285199590585318,0.019129262830122683
SMPD2,0.8280877182398916,0.019139621670444744
GULP1,0.9804734275525293,0.01922476356430308
CDC25C,-0.8072178857524221,0.019237846001046083
C20ORF195,1.4161600286345966,0.019325429616435807
TOMM22,-0.4178387460581483,0.01935743041909535
SYPL1,0.42465526454822466,0.019367689017177184
HSD17B10,-0.3093384801014345,0.01937243785110282
SLC1A7,-0.6801516238509135,0.019397748284938277
SKP1,-0.48262308927065867,0.01940713059938114
ZRSR2,0.2534164154645655,0.01943517613694518
DHX32,-0.21423781590688762,0.01944001655846184
HADHAP1,-0.4344396163709945,0.019450408083789183
MTMR1,-0.8999666207215791,0.019461896345849525
CCDC71,-0.512747442305221,0.019473713102244897
TBCE,0.46427297661309463,0.019481850999169326
NCOA3,-1.3159791317289224,0.019482986158330485
FGF9,1.435150623245157,0.019543624966870496
BPGM,0.37154278441965527,0.019548013788648202
COG4,0.4796329574178291,0.019595241673082735
B3GAT3,1.1921468447442667,0.019608403329746105
HMGA1,-0.8721091698708561,0.01963289353910053
MCFD2P1,-1.3013294529644552,0.01967811690996242
UBE2I,-0.7145012811067097,0.019689059769606276
CXCR3,1.1258959565564233,0.01969433232026179
RAB9A,0.28978500607101054,0.019815489005359864
VPS35,0.3605532772274689,0.019823011555175005
NUP43,0.3914018490847955,0.019835961109575192
KCNJ2,0.9001274280498288,0.019901774245908155
AHCYL2,0.7210749973726456,0.019918615461039825
NAGA,0.6647318831904521,0.01991998109950855
DGKD,-0.7481718344373807,0.01993273783086074
B3GALT2,1.236371345018763,0.019962683230223367
HMGCS2,0.7555586570156962,0.019983872507097166
RP11-930P14.2,-0.38737179743110284,0.019991660669821217
MIF,0.34314937506876575,0.02008008816696066
E2F4,-0.582636465013838,0.020145773984559908
IL12RB2,1.0149467014615627,0.020158624386458556
NECAP2,0.5434598555718466,0.020177577677754945
ZSWIM8,-0.7467939977920843,0.020182179023061516
SMTN,-0.5498339374023722,0.0201822233465972
ADARB1,-0.7156180446620417,0.020224843023407706
LIG1,0.6503522176763132,0.0202400372011078
ZNF669,-0.5959536399693421,0.020258554557576924
ATAD2,0.738400801143432,0.020259073652157022
ZNF721,-0.6826858360014043,0.020293112447558957
MCM5,1.3616099077392843,0.02031311298811514
OPN3,0.5695162944523045,0.020313142630002192
GPR19,1.033442546571044,0.020317306400253858
MBD1,-0.6707994237242634,0.020317980456859588
VRK1,0.4095118801777149,0.02033816586266758
HIST1H2AE,1.013987908068196,0.020362642852729814
ITGB4,-0.8077236681269229,0.020387502058525755
PASK,0.9864876261820301,0.020514639657560268
ICA1,-1.3690541628692703,0.020518517411395716
TMOD1,-1.608670704670918,0.02052225717050755
PSIP1,-0.7604517329309468,0.02054225532816836
KCNJ4,-0.9297810628788641,0.020547191408327132
RAPGEF6,0.42628661647992594,0.020550182778538754
LOC729966,-0.9238079925157656,0.020604304554537243
MYH13,1.3843518645422455,0.020616269070677963
NPTXR,1.2514650983087097,0.020620645367008087
MLEC,-0.5772185580419489,0.020680605873816375
STAT2,-1.094544906309407,0.020682866413758227
KLHL22,-1.1362112998572815,0.02070035158570604
DPP3,0.7471131290574942,0.02071027547007949
NCKIPSD,-0.9298046702787639,0.020745838163047464
CECR1,0.8547487961207345,0.020746787063879918
ADORA3,-0.9082235169767188,0.020766719449638794
GNE,-0.35738703217868917,0.020767536517565167
PWP1,-0.3186171051494764,0.02078253801544102
RP11-348B17.1,1.2979154533883803,0.020786980479520514
ABCA4,-0.8352424103167646,0.02079397633053544
CTSW,1.5511433597994246,0.02081622603923923
HLA-DRA,0.512827779520121,0.02082354773872748
GLTP,-0.3065700147247217,0.020909242448853452
SETD5,-0.2803859044233672,0.020923626016281373
ATP5F1,0.24690733088805672,0.020949660128538574
FCGR1A,1.1370449426149438,0.020951101502095216
GTF2A1,0.8041535104762589,0.020974951998801467
CD300A,1.8532551698185808,0.02098171219288309
VDAC1,-0.5667339505612592,0.02098765915485822
WHSC1,1.4724144143724427,0.020990451827943485
SRP54,-0.37692339585422374,0.02100426149300686
FGF13,-0.8477600543158035,0.02101021239057144
TMEM243,0.34618574972339466,0.02102734152066513
HELLS,0.7603645719864498,0.02103536948881888
AC003989.4,-0.9292598476751035,0.021059607255589266
RALGAPA1,-0.8027993428342217,0.021068409785427605
CADM4,-0.9055178504963663,0.02112733257095264
ADCY7,0.5955183067421093,0.021140425244588826
TLR3,0.9591113938365412,0.02115325382818806
ATP1B2,-0.640200279382312,0.021159283736383594
CNPY4,-0.9746223754187362,0.021180056162376514
CYLD,-1.1309835511545305,0.02118479718864264
NFIB,-1.832666353911827,0.021195005557421324
KIAA0556,-0.3012500532569238,0.02121164974761189
GDPD3,-0.5460884466299056,0.02122109299231066
ZNF85,0.47984116918103226,0.021276982442792424
TLE2,-0.5190136078282945,0.021280623069325905
WDR43,-0.7522015745631974,0.021302151507662865
COX7A1,-0.4955192911262216,0.02134791744805702
RNF208,0.9146746415538916,0.02146243602460607
SOCS2,-0.8807672405323608,0.021504737727385332
DKC1,-0.9651342262281428,0.021549021275792092
AMMECR1,0.4576547082170297,0.021552570006059427
TAS2R13,0.7986913775723932,0.021602095628480224
BID,0.5175348261837964,0.021636743825953337
KIAA1551,0.5771173126828515,0.02164282019956619
TNFRSF9,-0.7277788442994364,0.021650493106329997
PDE6D,1.0129066475537698,0.02166531422035543
DMXL1,0.6837398492229347,0.02166758317294435
ABLIM1,-1.0779329041832293,0.021668815458185373
ARHGAP25,1.3176094134976637,0.021706290052651664
ALDOB,1.2150632353701543,0.02172051338303803
POLR2H,-0.3117041257194444,0.021735504889298114
SLC27A5,-0.8467834088615689,0.021762530336197544
PDCD5,-0.42526965805797445,0.021764683227339595
PSEN2,-0.7401724472431432,0.021776456445843004
PRDX6,-0.4071011998230176,0.021801284717450863
SUSD4,-1.0885364171705163,0.021807943068632242
DOK4,0.6865854038929786,0.021814648562578122
TMEM39A,-0.24757879000434357,0.02185041099073542
LDB3,-1.0343548226135546,0.02188016431506225
GNPAT,0.3932892336814735,0.021887156376453453
PPP2R5C,1.195530966009156,0.021898242816949496
KLF7,-0.46573742765902004,0.02190183778094801
MEPE,-0.6021708487903963,0.021906219859086674
NEB,0.6988491893346565,0.021908154182475565
MDH1,0.3100679857981383,0.021909313021828514
PLG,-0.5914547028462773,0.021926434835113934
FIGF,-1.0832443351644674,0.021942808416544318
CENPC,0.44086447139846463,0.02197241077752509
EEF1A1P42,-0.9710319767457927,0.022029266410395116
ARHGDIB,0.4274816598137381,0.022035865968340267
CHIA,-0.7637880105153299,0.02204070929012427
RAB3D,-0.5541985811478618,0.022133727374703163
ICAM3,1.0197738786384534,0.022135005990491747
MKRN4P,-0.6939418085105711,0.022146428734321197
PP14571,1.2309082879408644,0.02221035106221099
RAP1GDS1,0.31188249002830837,0.022236838907014497
HKDC1,-0.8858149051805899,0.022280705966024366
TMEM246,-0.4835946859973541,0.02228190335438363
DECR2,-0.36764433969117505,0.0223193661411084
FLRT2,1.2142131875619935,0.022339334273394445
IDE,0.2953478726181338,0.022395550955278832
PNISR,-0.5856684505752305,0.02247367611454126
STX2,-1.2249201540271448,0.022478992619998212
TIA1,0.7781194658471042,0.02252502250603841
TNIK,1.1577531833461752,0.022555003528971277
MDFIC,0.500360288642625,0.022555458275822636
DAZAP1,-0.4468005366457035,0.02257122208349738
HTATIP2,0.5423431583453429,0.02259851768479041
MAST4,-1.4675202392928055,0.022626574615233874
MORF4L2,-0.224036018229544,0.022643825602253757
KDM4D,1.0843503088189652,0.022655758336380317
NCS1,0.8161619716140818,0.022660432484904437
ZNF200,0.5686923908070298,0.022750745831224002
BEX1,-0.6014800669932985,0.022798609019913815
SUPV3L1,-0.42342877967283243,0.022799902661154874
MMP1,2.9646010396529885,0.022805521339945237
CLUAP1,-0.43109818159890523,0.02292137824905552
CD200,0.6301512515944632,0.02301718411878699
USP16,0.21455240039543533,0.02305688319272518
BICC1,0.4858422533265614,0.023059688404048963
GPX4,-0.43131595428782,0.02308918104929795
PPP3R1,-0.4438025693249479,0.023097133757825964
IPCEF1,1.2780737021793316,0.023106660250845085
DDX3X,-1.2358583429918886,0.023159785959395433
TCAP,-1.0470710318511003,0.02318251889463037
PSG11,1.243708827670078,0.023248073745062298
RALY,0.2280173711529212,0.023251148285593787
LOC150776,-0.33840423304495815,0.023263174319394828
FGD6,0.6924770821711741,0.023272313201251
SRSF7,-0.8477160302429088,0.02330215692649537
MARCKS,-1.2022093634637248,0.023304787377690542
TRIP13,0.5671081969379488,0.023306026064243014
GRIN2C,-1.2238779097969594,0.023316532699596923
RAE1,-0.9717272879932124,0.02334929018232712
HNF4G,0.8801381693835499,0.023369097799760655
HTR4,-1.0817713239946851,0.023388887011386594
ANP32A,-0.7065496134765086,0.023412270171470666
NDUFA10,0.2721374940374588,0.02343516673026232
CHD5,-0.8612899900383706,0.023508079683604927
CDS1,1.0694422146422689,0.023520621549277535
HRH2,-1.067240387186029,0.02355090586063946
RMDN1,0.5251737780822658,0.023581849859051134
SART3,-0.6379498146826208,0.02358662826226642
PRLR,1.39523578868826,0.02359577509736683
ADRA1B,1.1361894195350493,0.02359653471061948
NOX1,0.8207003541597593,0.023616826724874924
SARDH,-1.0276441048695935,0.02361833640708538
OR10H2,-1.0328666466753376,0.02362420794652497
TUBD1,0.46710755664074366,0.023628145861609943
LTBP1,-0.9766592782707697,0.023639497646677048
APH1A,-0.2221245484139125,0.023654329195998424
NDC80,1.8297755660340362,0.02370907065320153
SREK1IP1,-0.29972386999038836,0.02371816764695689
ARHGEF1,-0.34074299141215647,0.023735831570150762
HBQ1,-0.30119723648769225,0.023778737238023675
SERHL2,1.1092546822739449,0.023802359734348535
TUSC2,0.3940351712193424,0.023885607629821094
PRKDC,-1.500808044035609,0.023910542539354356
PENK,-1.2616960995072946,0.02391870557296919
PREP,0.3357802594407788,0.02396475751898788
DUSP8,-0.7065283347001889,0.02397036255890163
P2RY6,0.6007648542231507,0.02399397231856651
SLC30A1,0.632716487218314,0.02401402409042628
CST1,1.5704309933349347,0.024033763984857605
DEXI,-0.2774888725555211,0.02403444291031075
CD96,1.2718961924002405,0.024078750720936935
DPAGT1,0.22924363401916814,0.024097848736642842
PHLDA1,-1.7892285332836515,0.02409979219836222
FOSB,-3.4499964438344097,0.024235793655162784
LOC100505915,-1.1337121057787174,0.024244901342133092
CTSH,0.5717003882447234,0.02425767508903611
KIT,-0.7151270822775757,0.02426891186755427
CLCF1,-0.5907325036492477,0.02428555584943281
SPTLC1,0.4460278056986082,0.024306273265853967
ZMAT3,0.5690993588804023,0.024322641098906323
ACOX3,0.6769014812693008,0.024328844003773338
EIF4A1,-1.5077394896825034,0.02434277946066107
PTPRO,0.6923438841240603,0.024383112102838094
NR1I2,0.9411260337712335,0.024416378081268918
CDCP1,1.1269059713081724,0.024447770271548857
MTMR4,0.27650642553388316,0.02445133604619772
BTK,0.499450265557444,0.024482164912069455
HMHA1,0.6337386791802242,0.024483220672284693
ZNF384,0.7348363974292269,0.02453393785016608
ACOX1,-1.254638111275316,0.024602830775011096
CYP27A1,1.4848955361804386,0.024615938444523745
PLAG1,1.1046771645064437,0.024635236049590767
NFS1,0.22958111824426197,0.024677866968873814
NR4A2,-2.171950161935589,0.02470836492347388
COMMD10,0.3987918222764275,0.02473526980638484
NXF2,-0.734327840157845,0.024799079914093573
GOLT1B,0.6050160674944198,0.02482351916995794
TAC3,-0.4216662375517437,0.02482516274116485
BIRC7,-0.4974954379998522,0.024872450397210727
RIPK1,-0.31092670927169586,0.024875107986245495
SCAF4,-0.7918534465277505,0.024905509440697506
PNO1,-0.997046214768674,0.024959514932505554
RRP12,-2.0651739929005655,0.02497160719537324
RPL10,-1.1877856380960026,0.025008979497257815
SSX2B,0.9420928311119208,0.025012391972065718
GTF2E2,0.28131073915763416,0.025013277538777856
IRF8,0.699406910937503,0.02505357385708112
PNPLA2,-0.8796656715395912,0.025056497160515216
KCNG2,0.7382682875359721,0.025078160329143104
PRRC2C,-1.5774829877544452,0.025115825357026774
GPI,0.3268619923788112,0.025138655571440398
HSD17B1,-0.6782173565006984,0.025182859514525233
PHKA1,-1.211528679697393,0.025194463504099585
VAMP4,0.4486319218361192,0.025235573748551236
KLF4,-1.3211216450328909,0.02525277687272147
CCT8L2,-1.0603763069657735,0.025300595991818525
PODXL2,-1.2115612425391387,0.025342142429381882
TUBA4B,-0.4961713457667969,0.025343906883867538
PDE1B,-0.9870587968449476,0.025354127929282957
GDF15,-1.1729938338504668,0.025406862462226638
TMEM208,0.36131380681606373,0.025434820641338785
PCDHGB5,-0.2867683108090011,0.025473929361006262
RP11-116O18.1,1.3412983470442223,0.02551538953196857
SERPINE2,1.0063584999277424,0.025521507367086922
POLD2,-0.3824659239940438,0.025533303437209394
POU4F3,1.1197394121811524,0.025543241765852803
TBCCD1,-0.35986451945685793,0.025588258872521613
ATP2B4,-0.655833193430893,0.025603560655920107
MIR6778,-1.3758689179989698,0.02564424743218711
HPX,0.8299455140933496,0.025644319803758156
SPIB,0.8831569500138805,0.025644354002559235
PKD2L1,-1.007782162452866,0.025666153643350547
BOLA2,-1.0312516366784088,0.025680819879057324
RPF1,0.32254267744380805,0.025713669687538028
BNIP1,1.2221092621701741,0.02572850489522576
MAT1A,-0.4374134322592891,0.025753567690312455
NEU3,-0.8082256101318022,0.025835013029531187
AGFG1,-1.160146297582651,0.025862401053086775
SPANXA1,1.1103458873720102,0.02587222665378633
CARHSP1,0.4285891634768877,0.025956312972532893
WASF3,-0.7318407159992084,0.025959366654447827
RHBDL1,-0.2805702415367257,0.02601975048716604
SERF1A,-0.2792605525959022,0.026021215531406135
DSCC1,0.7193846687709762,0.026049047846142072
HIST1H4I,-0.9868055154747228,0.026066532303088568
IL21,0.7669062559934519,0.026082106233061564
PPRC1,-0.6338269083793353,0.026115850624706515
BRF1,-1.0450015427067818,0.026116575631350558
GABARAPL3,-1.008428008386784,0.026118205389443983
TOP2A,2.0213688700791796,0.026145822605683204
NCKAP1L,0.7191244341045149,0.026170871628968206
ITGA9,0.43556165443004424,0.02617677285391737
RNF121,-0.36873992712563375,0.026223230857351617
IKBKE,0.506394751127833,0.026270863334743925
CHST11,0.7186556464844225,0.02628961140563708
ZNF141,1.0138438102664198,0.026370992001014667
EPN2,-1.0440669438387076,0.026388423596164567
KAT6B,0.39426096781244446,0.026419952538237555
PARP8,0.4222775470523157,0.026438622665083678
ITGB8,-0.8628638698442135,0.02645678589481887
HOXA1,1.0962268151283108,0.026471270741876704
ANGPT2,0.6331360042676764,0.026475522845675697
FAM114A1,0.37826745922799887,0.026516081539731978
SLC25A30,0.9749569484239817,0.026516942507507826
ADAR,0.193578865191526,0.026545177908683742
MYLPF,-0.7992966701890083,0.02658840318180303
SLC6A6,-1.7882763465304317,0.0266222718176627
ADAMTS1,-1.0529724002574756,0.026625107543997138
WDR46,-0.6220302037939716,0.026721766303621525
FBRS,-0.27545444872736,0.026743303489116896
NEIL3,0.559771199726117,0.0267581331966119
TCL1A,1.349076048395645,0.02682981931014982
ATN1,-0.7752804528855064,0.026847473372099664
NEUROG2,-0.4382483068488816,0.026918128974954523
GALE,-0.29543015195501,0.026920056026966628
SPRY1,-0.6823375008192443,0.02692308270722128
GNA13,-0.9308455747847812,0.026969102624138597
KIF20B,0.5655708133637347,0.026998371663001598
ADAM8,-1.3456418803759815,0.02702497699356253
PCSK6,-0.6510461647864876,0.027045638290847593
NVL,1.2233433549998107,0.027058675568871593
PA2G4,-0.675830420895263,0.02712424937795275
TNFRSF21,-0.45956208283151945,0.027133749257588182
DNAJA3,-0.29434449584786826,0.027138673600456673
CSHL1,1.0120294564929515,0.027176459382808067
ATP8B1,-1.093045849403019,0.027178804614997325
SOBP,-0.5826502379067193,0.027196070921749433
ATXN8OS,1.1266066592096315,0.02720133625900503
LPP,-0.726182381214306,0.027223142723795186
MLNR,-0.896011040453518,0.027271457399066883
MIR1292,-0.5814529315669876,0.02728279338477537
ATP5A1,0.14469283469535377,0.027325282377220757
ACKR1,-0.5534840578868678,0.027344845868639295
CCL19,1.5705030986163493,0.02739861471379921
GRIN2A,0.8901487288433838,0.027407267004299567
RAC1,0.29845050413227625,0.027432344629189524
LAG3,1.4223333540052003,0.027453292014677444
SLC5A3,0.5852349013979392,0.02745612034613988
GORASP2,0.2884213412791876,0.02746809012991587
MTSS1L,-0.6377247410077249,0.027474346280751395
TOPORS,0.3165646334793113,0.0274788730668871
CDC42BPA,-1.146733127208723,0.027514164941479513
RBPJL,-0.7312474863760716,0.027537199804915483
PEX12,0.4155376468151797,0.027595864007705855
KL,0.5874704880175674,0.027602066031484823
PIN4,0.44561765804528,0.02761316099298215
DOPEY1,1.3391163987877222,0.027660923901841633
NCLN,-0.936792532358139,0.027697854087204207
TRIM14,1.109106061107136,0.0277010668819759
GDF5,-1.0426150150008189,0.02774463479831666
PAK1,0.4820713413653426,0.027748661358679122
DPT,1.0964349687351138,0.027756439904005684
NCAM2,0.7282562472655059,0.02776445096607184
CALML4,0.5398707703889958,0.027771825328005876
HSF4,-0.6203677543228645,0.02784332835953945
SLC9A6,0.4083553533222837,0.02785226072696705
CD8B,1.294340162912674,0.027900702578331698
NCAPG2,0.40860967330915887,0.02791010676837159
ALPK1,-0.6575591536189336,0.02791582778030373
NHLH2,0.7260148024592743,0.027919089142509464
ZBTB14,0.8318929260971499,0.027929577440268725
PRPF19,-0.2885211923533699,0.027941375137214616
MTERF4,0.5087804618295033,0.02796123640722717
GABRD,-0.6365270817569608,0.02803937482590106
FBXW4,-0.3225725488338913,0.028085078933199992
BBS7,0.49496745969360934,0.028089259923800847
GMCL1,0.45228764237989694,0.028104113923977016
CABYR,0.2834529564919075,0.028130801259503853
HTR3A,0.7929187373841535,0.028147768771902698
PPIL2,-1.079251841651356,0.028151723840263473
ZCCHC6,0.33484511584129706,0.02815207838391753
FAT2,-1.0000020901901507,0.02818319231189552
SLC38A3,-0.7502592515644775,0.028230780083587464
TAF1C,-0.8740295475440973,0.02827036245221413
SPPL2B,-0.7790038989501937,0.02828714281588787
SNTA1,-0.5017935939188902,0.0282924454279218
ARPC3,0.2514039131622301,0.02831566399292221
ZNF75D,0.5775507353865832,0.028329947840173886
SMPD3,0.7099537151635928,0.028352268998071237
HIP1R,1.5119271572724564,0.028409805472485956
DMD,-0.6959931344935946,0.02848279614594913
PGM5,-0.977287636569578,0.02848732885694884
MARCH8,0.6080846535246227,0.02848853698599001
NRIP1,-0.8004308130791369,0.028520416647459988
SGCA,-1.8736912394935552,0.02855822205306414
FABP6,-0.3060805275879175,0.028590987502479463
LECT2,0.5513353412671513,0.02859924049962045
SLC38A7,-1.0322628286066502,0.02862732206105605
XPNPEP1,0.3223422381750307,0.02866686116684406
ACO2,1.235571778936607,0.02868713716257401
PTPN4,0.2721626029033519,0.02868749768573543
ORAI2,-0.8962889232522748,0.028717097042137946
GALC,0.48060758954449767,0.028748110261258383
RASSF4,1.1632683398630252,0.028771068128114623
RBM14-RBM4,-1.493030092318298,0.028811908667949054
ITM2B,-0.4266453403606274,0.02884852355702813
KHK,0.5593762601802919,0.028869544494766176
PAQR4,0.9575351874387898,0.02887936508386652
NDUFS1,0.1840466843242634,0.02888216832439901
IFT46,-0.1727426430818344,0.028883052064577884
UBQLN4,0.2564206846406645,0.028910855447588413
PRKAR1A,-0.5670774249310195,0.02892408309382826
RGR,-0.8626678561234469,0.028943891473912683
TRIM37,0.2830094680884816,0.02896226539508259
DCAF11,-0.2756883490223494,0.029043454429137208
PPP1R8,0.35206683667558636,0.029061073874013715
MYL6,-0.5392261782011367,0.029062194782736677
CDH20,0.3821601429786008,0.02908541768584872
SRC,-1.3436812872252863,0.02908809893408433
VWA9,0.2176529170415531,0.029156751383531705
CERS6,0.5578426322517442,0.029189394214018866
LPPR3,0.9032704846719506,0.02919645288402263
PDE1C,-1.1992813595564291,0.029237114930730907
AMN,-0.5010349002602199,0.029243591067424385
ACIN1,-0.44485756997575976,0.02924599355258457
DENND4A,0.865467082205237,0.029295796834029362
KIR3DS1,-0.9404226265327909,0.029322868318112268
PDE10A,-0.8290898056035818,0.029323237429307203
EMC1,-1.1618573797323517,0.029324165321950823
CRYBA2,-0.49486320953909724,0.02933804132122232
PRKRIR,0.4123811178790433,0.029420526375448664
HSPE1,-0.6765307205606899,0.029453310149948345
USP9X,0.18804792966059303,0.02947296351053293
KCNC4,-0.718465518459869,0.02951481924203945
TBCB,0.4559561450790923,0.029531643704476217
KIF21B,1.1939764050231139,0.02958376748460192
C6ORF123,0.8806701457564818,0.029624141488727596
S100A11P1,-0.31343238762672243,0.02964003099383323
TRIM17,-1.123214295245052,0.02965986952923308
FANCI,1.524799681303211,0.02969777893745856
SCGB1A1,0.9533071228791901,0.029742969411248214
DUSP22,0.24859986680965562,0.029772530598974056
MYOZ2,0.9061347912127027,0.02978041198022582
CTD-2269F5.1,-0.6001319609651423,0.029780833516698694
LGMN,-0.7412123689459911,0.029810813598168107
LINC00328,1.299685682181371,0.02981193963411913
TM9SF2,0.20716702187384506,0.02988650535027196
CXCL12,0.7143776876797858,0.02996952390100869
PRMT5,-0.5007417438412993,0.02997515979222177
PRM2,-0.3438580948614005,0.030068109270647743
MPHOSPH9,1.2976898281782736,0.03008292396500658
MRPL40,0.39530915514649756,0.030088857351016865
CA2,1.3944842020029498,0.03011921617664268
TAOK2,-0.7037752209050518,0.030238488180948975
BTAF1,0.4123929864089195,0.030244535418937485
ADPRH,-0.8955888361875957,0.03024854146982391
FN1,-1.084341910235823,0.03029530105635914
MISP,-0.9030517375951472,0.03031934435733071
BSG,-0.543837359700321,0.03032119622436887
MTMR10,-1.0197066455410173,0.030336795446470496
GCHFR,-1.108265434009203,0.030337325512654115
THAP9,1.3369863417076258,0.030362779696727234
ASB12,-0.6257791169437139,0.0303682901424602
TNPO2,-0.9784847676988204,0.03042692436859723
ZNF550,-0.9621968538770869,0.030427118984317807
APOL1,1.0922693026730386,0.030442014537750372
RPL7,-0.24739499288365252,0.030496326189417788
PSMC1,-0.21144107458276373,0.030512642271326055
PDZD3,-0.4026808802059971,0.03055592750129416
MAFF,-1.1754766940595491,0.03059531065573689
ZNF394,0.27431371754683376,0.030595829925797274
DDX51,-1.0823595229541878,0.030602906639117997
PTPRF,-1.2891706268638687,0.030629630025490916
NUP188,-1.0461621232342004,0.030630225231118986
ZNF544,0.37505881039873756,0.030679977934538354
GGA2,-1.209857200527182,0.030701154533293407
NUP37,0.22872319643104255,0.030711467474368932
MIR1304,-0.5770600901081195,0.030715301232392852
HTRA1,-0.374391884170052,0.030793240588379026
MAD2L1BP,0.3068634773841765,0.030852738067579804
PKIA,0.6187451159974193,0.030859205656374514
APOH,0.8832269774295098,0.030872507508697633
CDC7,0.4105973568700394,0.030889753449339915
MAGEA9,-0.9089641003703903,0.030922243515438687
ENOX1,0.5149084830145982,0.03093164185142709
PLA2G6,-0.7124165327321093,0.030939578050808287
GMPR2,0.4226576999895464,0.030964083567591442
PTPN21,-1.3030350476948787,0.03099692377733383
HBEGF,-1.315027165791948,0.031092668475979593
HAO2,-0.5779408808158539,0.03109367391299022
SCN9A,1.3608907992564965,0.0311330537281369
DRD4,0.7494823841959288,0.031155235539914065
STIM1,-0.3502181192450715,0.031183707667472544
STAP1,1.497632781531462,0.03123467229553306
TRAFD1,0.59160388528504,0.031289182108942944
GRK6,0.8564458637519836,0.031310044834031846
GPR25,1.3178361870959474,0.03131528316972047
FRS3,0.5513430715254923,0.03139282498725072
ABHD2,-1.3310801720264394,0.03139830866383942
UBXN8,-0.32265430718433663,0.03143308902091778
FANCA,0.8862647341993064,0.031467516996292175
RSAD2,0.7512595838361209,0.03147013975901076
ENPP2,0.5135783392284257,0.031493782434455914
SH2B3,0.40822591951014786,0.03153134871249221
INSIG1,-0.9061821935979797,0.03158146798000913
LOC100272216,-0.8760461679935041,0.03159591047493904
WDR59,-0.961992588379212,0.03162610429059633
CACNA1B,-0.7676732513969311,0.03167628981383789
ALMS1,-0.5685421533724231,0.031750840367319906
STAG3L4,0.37755085843947,0.03175752705915846
KCNK2,1.3445260276690298,0.03184592100313925
POLR1E,-0.4003566090317694,0.03189359362061208
RRS1,-0.7226714706098836,0.03189938372742979
SCRN3,0.6916486917061988,0.03191730957329543
STYXL1,0.31241214095572367,0.03194426079071925
HIST3H2A,-0.5058081273516981,0.031961425910825535
SLC19A1,-0.5846004023945279,0.031972241252908686
MOSPD3,0.20618553927162786,0.03198290585576028
NUP155,0.22088903778848668,0.03202576629755061
ARFIP2,-0.2814133484168728,0.03205192497964655
SYT2,-0.608675722516681,0.03206354219847834
HSD17B8,0.5503914486669252,0.03207108223333153
HMOX2,0.5853520103828327,0.032082481206007
RP11-395B7.7,-0.47928602560945777,0.032160827152776995
DRP2,1.1328535756703442,0.03218522043687906
BPNT1,1.1714098823382044,0.03221713204542101
THRB,-0.6986332908100001,0.0322227206578523
IFITM1,0.2737327887725769,0.032256120962688914
MEIS3P1,-0.2789535762976456,0.0322592573529748
RP11-680F8.4,-0.7888253787448232,0.03228973279229277
DTNB,0.9591221789313495,0.032372039268851446
KRT1,-0.5576494466641746,0.032382404133425365
POLR2J4,-0.864971519936363,0.03239421445649378
EPYC,0.814429539335471,0.03241767907358374
APOM,-0.4132722403986433,0.032547602333067784
IMPDH2,-0.3173466477330109,0.03254894334994301
RGS11,1.0023014891155215,0.03255474223113099
LOC100505498,0.7208352737009127,0.03258316955470048
MPP6,-1.4243828442555957,0.0326080820781871
CCR6,0.9141688629080011,0.03262445006674455
DHTKD1,0.5963265409261371,0.03264274114478663
GTF2E1,0.286367016463835,0.032690464256141825
PSMG2,0.1581173873672448,0.03270204853267976
TIMM13,-0.30822539943384264,0.032745677504045986
PSMA5,0.3368832410890583,0.03282119934773555
ENOSF1,-0.6230880300399413,0.032864547144866516
ARID4B,0.7417501981148762,0.032884195366723
PAFAH1B1,-0.5427111766562076,0.03289907011891196
SASH3,0.5887053339744206,0.03292892121274256
DNASE1L3,-1.2469403278294457,0.03295406124772671
MICALL1,0.8809966488560956,0.03295423314210349
KLHL7,0.587932182639948,0.03300009467934579
KIF20A,1.7099362715202133,0.03301652195537535
CD7,1.4498446174856685,0.03304402327324665
OPRD1,0.7492621758814408,0.033148041989751804
GNG12,-0.27861822668673675,0.03315285103000033
LOXL2,-1.3278720063684726,0.03317240791770942
RWDD2A,0.3215791983991494,0.033232932487787255
HIST1H2BD,0.6274468060342535,0.03327617430680445
XRCC3,0.9603451299814636,0.03328562516618521
ERCC8,-0.6456222577801896,0.03332234855911314
CACNA1C,1.0214521789948927,0.033322523636725464
HAB1,-0.7309908568100374,0.033349530131843094
RAB33A,0.5963463762057728,0.0333582449417795
MAN1A2,-0.9976571498965794,0.03336339670001376
GSAP,0.5029998539259761,0.033390419440297595
PPDPF,-0.5474851563902803,0.0333977908528092
NUP50,-1.1829676314590283,0.03343066822462319
RAB11FIP3,-0.741503871786124,0.033445016315479706
ERICH1,-0.6313154466603121,0.03354863087104213
SEMA6D,-0.9198884090076698,0.03357565562787138
MST4,0.5974808915619123,0.03359658347003515
TPR,-1.5758781411897669,0.03360624098970935
GPC1,-1.2155783052667597,0.03364093485292909
GIN1,0.38549951474874966,0.033660615238532955
PREPL,0.5765816741872705,0.03372855323617839
HMGCR,0.39378679088301993,0.033809203096250254
TTTY1,-0.3857282987708315,0.0338185576969694
PYY2,-0.3698423819553054,0.03389869045122211
EPHB3,0.8002073071847882,0.033968580056778136
ZNF764,0.4970764128867273,0.03398391742772563
EBI3,1.2783112669956305,0.034003586209527946
PYROXD1,0.5425863013301964,0.03402325955648949
APOLD1,-1.0106147492327526,0.03403687732366725
FSHR,0.42356686609035643,0.03408649730872145
MED15,-0.375506681467888,0.03408776467072577
ANGPTL7,-2.141769392521379,0.03410597875499695
MGC4859,1.1481829077002659,0.034204357385503946
PTGER1,-0.7904373700900331,0.0342055086132512
DMC1,0.4279370221267742,0.034328779296291585
SMC2,0.9033727919973176,0.03433116279832895
TLDC1,1.0772837822533043,0.034336838910167124
TMSB4Y,-1.069954745164936,0.03435783638581838
PARP4,0.31128117971474545,0.03436987896882698
FGF21,-0.7867288997603774,0.034392359715057164
CACNG5,-0.7575974787112632,0.034405850078248625
OTC,0.8086575842793473,0.03441652830388381
MIA3,0.422015207525134,0.03441833391757936
TRIP12,0.20128635538756257,0.034421144634709785
VAMP7,-0.16044042954048443,0.034429745019746306
ATP5J,-0.31830506147089643,0.03443554573178734
C21ORF59,-0.41114917147134733,0.03453433978195097
TNFRSF10B,-1.1866981120905287,0.03456947659033235
SOX5,-1.8630069386734034,0.03459174907943442
ZNF160,-0.8478132043073874,0.03462369309649551
ATP6V1E1,0.40171530973250746,0.034641601534983316
F7,0.3469122624630412,0.03472585867915441
DGKH,-0.809961112239681,0.03476342380714493
BUD31,-0.5792569663007643,0.03482234307122748
SPINT3,0.5337333814635992,0.03483047265902669
STYK1,1.2291628409254152,0.03483705552562558
DEFA1,-0.6360620649792574,0.03485983128152785
PLEKHF2,0.5226465558185698,0.03491987835962481
DOPEY2,0.8991933855629028,0.034959321174406505
GSTK1,0.3434084771896906,0.03499626937795858
KIF4A,0.4975592853892854,0.03501982492275383
PTGDR2,-0.8782598270167714,0.03504546095569669
GFAP,-1.1008703766306436,0.035066893889006766
GSTM2,-0.5122498215989602,0.035102664762602064
KIAA0930,0.30989288764298095,0.035105798194919
C16ORF70,-0.48308884404698516,0.035163020928662504
PLA1A,1.308899977492727,0.035166120885869116
LOC101930405,1.3325320307559982,0.035187341115144315
AKAP6,-0.5719556483227777,0.035244894912900206
CDC37L1,-0.4304523914506877,0.035269071029162484
CDT1,0.9973636852649781,0.0353023380794776
C18ORF8,0.1793829519225003,0.03532382970696465
FXYD1,-0.7009197716491915,0.03540259456542321
NCOA6,0.23528275652135378,0.035402774955335614
NAP1L4,0.16655633750622378,0.03542466356568993
C2CD2L,-0.7626025261901566,0.035426617397388574
PPP1R37,-0.9838055376197312,0.03543057788354836
C2ORF44,0.32942149035779256,0.03544760142552573
EPPK1,0.48062561435130746,0.03548032638306166
DHX16,-0.21430471505527926,0.0355521210148163
MFI2,-1.0807432266027073,0.03555744893899879
ACP2,0.4559933386961621,0.03556348049105422
IL16,0.5186905634101979,0.035610750016191954
IK,1.032107195094845,0.03563737810466833
PPCDC,0.44521851562276993,0.03563946973824667
CES1,-0.9614514424633711,0.03568515078586251
VPS4B,0.4926924841087228,0.035686516191507915
ADM,-0.8812254303690796,0.03576199731148857
SLC1A1,-0.6500071998930164,0.035767724744621185
RFC1,0.3074973398467993,0.035768264364656785
AKIP1,0.6814371259643917,0.035781153126319375
CHMP2A,-0.18246383913110975,0.03582878514609134
ZBTB16,-1.382599493611039,0.03587542566275452
DPH5,0.6325657216900362,0.03588241091142709
JUND,-0.719946380410156,0.03589048356728011
SAG,-0.8037689265143664,0.03595523510076824
ZNF79,1.2590034190641903,0.036008001941920276
CASP1,0.568477411198236,0.036040021274662666
DNAJC22,-0.7429602710609462,0.03606114547397781
LPXN,0.6006731245510242,0.03606672874431699
PLA2G4A,0.4799063358442144,0.03608632861143444
ITGAL,0.9122125585646117,0.0361014603941214
TMEM50A,0.31470444737427705,0.03613476314057214
ZNF426,0.6008773759134476,0.0361376428055453
BRD1,-0.4298800413458004,0.03617292463293341
ANXA8,-0.3260661254177988,0.03620974662678442
CTDSPL,-1.1802704062842384,0.036329353258994175
EXOC7,-1.3556548876445316,0.03638825400993917
SEMA3E,-1.3910842814883653,0.036441676054504005
ANKRD36BP2,0.9430009049421879,0.03645549256316336
GPX3,-0.7502768504031714,0.03654037756769783
NBEAL1,0.14189806834079377,0.03654321256168372
RBM42,-0.27500324007339927,0.03659864278203937
ZKSCAN4,0.8647460417579929,0.036635390167467086
GPR4,-0.5666289964847842,0.036672311611573596
MYRF,1.110009093965152,0.036742987305966056
LPA,-1.1023683345555804,0.036771814033977904
TSPAN13,0.903577409937915,0.03682750895572502
SLC48A1,-0.650246227350463,0.03687608825675325
CHRNE,-1.0601525953255146,0.036909788104230096
PSRC1,0.2805099475791071,0.036919977716123466
SLC4A4,-1.19161683870806,0.03693134447051322
LIMK2,-0.9955532389238249,0.03693968929298774
ANKRD36B,-1.0962170107023121,0.03703726275813893
BDH2,-0.4304654089608171,0.03706118288813979
PCNP,-0.38167720304430475,0.037064820952323725
EIF1,-2.149813188578525,0.037071230322993476
DBI,0.3126119322618486,0.03713241308576282
LAT,1.0738910611192845,0.03719158243576613
CYP2C9,-0.5905629113736146,0.03722676933316109
MAPKAPK3,-0.45230979440141805,0.03725794320846404
BCLAF1,-1.0182763125805776,0.03725810594964148
MCTS1,0.22708420890280578,0.03732263821902042
ALPK3,-0.8231620707787224,0.03732557513679868
C2ORF43,0.2702701573051973,0.037370721450607665
H1FX,1.0295060136233136,0.03738497664419816
MYL12B,-0.4185962165522472,0.03739420653323303
DNAJB1,-0.5560767025286157,0.03747278866328518
HESX1,0.7699642131264235,0.03749511302003505
SMS,-0.44414484287266554,0.03754813259594448
TNFSF12,0.8809986531593861,0.037602531738246674
FER,-0.6894101255133966,0.03761486503591481
USP39,0.38263821346068116,0.03765113683599971
ASB1,0.6826960575976297,0.03768347349083406
KDM7A,-0.516166922181295,0.037684986333306636
FAM111A,0.46957874235147834,0.03768501196636007
CAPG,1.1222212093204824,0.037825950756430284
MC3R,1.0102674327232029,0.03787786034550432
PTPRR,1.264982969834442,0.03792690055782986
PCBP3,1.09510226252858,0.03794442655521391
TCEAL2,-1.1553431822641356,0.03800747414823371
FAM216A,-0.45350338109460786,0.038037173127162885
DCAF4,-0.6374151497856282,0.03808163143318443
SLC2A5,1.3012570769708862,0.03808799664523098
PLA2G7,1.0889687540778326,0.03812925439958917
PLAC1,-0.8901158764187524,0.03816281154162035
ZNF638,0.3183165156417438,0.03820894179747617
AKAP13,-0.8818254139123427,0.038256385785637094
LOC100507472,-1.1832224052539146,0.038285267654321706
TDO2,1.0739949070118033,0.03835447371779894
SNN,-0.38725254489813743,0.03835959503779326
OR7E37P,0.2544660127831886,0.038382307814938975
PLA2G4C,0.9770786239507192,0.03843289065510295
SPRY2,-0.7263354284992474,0.038451207340352275
N4BP1,0.5057821386361177,0.03845935915275734
BAG5,-0.7374480296208752,0.038507245226978445
MCM10,0.8833037160309747,0.038530634219456274
FBXL4,0.43995959825030617,0.0385845334505276
RNF115,-0.1769346882828131,0.03861548851112809
HSPA1A,-0.8257107365901213,0.03863361162168204
DHPS,0.7527107855779693,0.038646120669140166
FGF5,-1.175371032877667,0.038649912134817915
FRK,1.3258581815687394,0.03869254241242909
SGCD,0.9006381313624718,0.03875340579375339
RRBP1,-1.179924209202401,0.03877954299636195
C1QL1,-0.44775635666866553,0.038833952188101144
ORC4,1.108556719959192,0.038863713134299385
ARL1,0.46100648607334005,0.03891450569323713
MASP1,-1.0560871465672284,0.03891615844383744
DBR1,0.33485676506260464,0.038917585777132675
SUB1,0.46973992348653226,0.03893584482766669
BAP1,-0.2338059165760864,0.0389795782224562
ACAN,1.1501422560117822,0.03898566857923839
KATNB1,0.6601454580609207,0.03899222760767567
PITRM1,-0.4095173375809953,0.03901912370018529
ITGA1,1.4985185734501716,0.0390322262154292
PEX16,0.8031263600327696,0.03904676071080918
WASL,-1.1955638466548466,0.039052850862060014
VDR,-0.5451169255588786,0.03907226151820067
PDSS2,0.30300512591022954,0.03909419977198002
SCEL,1.009551887586994,0.03910834085921646
IPO8,-0.4224784220371296,0.03920850258709165
SIRPAP1,-1.1922983803540639,0.0392358231694907
DCSTAMP,0.7454995709236112,0.03928890284451458
RP11-82L18.2,-0.5018053722543101,0.03930326565049908
MAP4K5,-1.3705295513560607,0.039315068927449466
WHSC1L1,0.9388079801245679,0.03932884405018377
SLFN12,0.4642967958347608,0.03945570830613449
SMO,-0.4872717064980492,0.03945611013207819
NUCB1,-0.5337138297274766,0.03949029904303434
TRA2A,-0.8385378143013096,0.039495249707672396
GTF2B,0.21464476605891214,0.03957226582725164
TUBGCP3,0.3768262498851058,0.039586306391620044
HCRTR1,0.5643740048799382,0.039587659266112456
TBC1D22B,-1.1353946468033587,0.03961100532656301
KRR1,-0.5831545450254927,0.03961303047464757
KDM6B,-0.9589144019441527,0.03966305807152119
NRCAM,0.6467035710353555,0.03966938104801173
HLA-DPB1,0.6096861771042885,0.03967335918778609
LRIT1,1.1176517596762445,0.03967973307760432
NXF3,-1.2789597240875104,0.039711009180627845
RPL34,-0.12387497548047222,0.039753424732988124
OFD1,0.33123459642006203,0.03980543272715979
HEATR6,-0.638874784614412,0.039819812071013684
DST,-1.0978858990498583,0.039823940022222816
KIR2DS3,-0.5219306702237096,0.039847062372660065
PKN2,-0.8458566934715268,0.0398859404356787
ST18,1.2634375290135096,0.03991322281155518
PRPS2,0.4108406176758841,0.03995025369245487
LSM1,0.26404536334746176,0.040187707858876646
VANGL1,0.3498759585009612,0.040232326443433594
ABHD10,0.3925228749628591,0.04026752074334099
WDR47,0.43692446644318217,0.04029144245275655
EGLN3,1.217614152798232,0.040295598435396304
PNRC2,-0.2519501689760144,0.0403757055829914
TFPI,-0.7993663471720618,0.04037797307594729
RPL10L,-0.9312365323448049,0.04041879983253652
ADAM3A,1.2281308382587288,0.04043452398542507
TLX1,-0.498289184337692,0.04046653834085999
FGF23,1.2409933594560165,0.04054607403340864
CTTN,-1.5362349174354923,0.040625690732297444
AV8S2,1.0473887986115331,0.04066250255695694
PROL1,1.0762231326725686,0.04076451577931684
RNF19B,0.8981737754861641,0.040774617250392664
CSE1L,0.5057461694730323,0.0407941069289577
SLC25A17,-0.5992357062033138,0.04083412838520487
QTRT1,-1.2758997250263366,0.0409546664546162
SEMA3D,1.322403647278291,0.04102305724106179
OAZ2,-0.3504617114278279,0.04103122053769688
FOS,-1.601148934360893,0.0410409370163813
THEMIS2,0.6062904916542422,0.04105709172109186
RAB14,-0.5024777689599045,0.041072354864956744
PPP1CA,0.32609796229489874,0.04111075429603275
SERGEF,1.1780765127159532,0.041129307898019676
EDEM1,0.4079633137538803,0.04131043817236188
ACADVL,-0.3706683482987039,0.0413254788211334
KRT8P12,1.1027751262897558,0.04138289955556869
SOX2,-1.0587983683516828,0.04143536657117881
C11ORF58,-0.26034888451625093,0.041456250191099726
DRG1,-0.21370050819935038,0.041463267579747116
ANP32E,0.449501933035231,0.04149722445447735
ZDHHC8P1,0.9102418448469161,0.041529193886475704
INA,0.7268744775012168,0.0416045825992081
NECAB3,-0.23966894288338914,0.041613430417730586
OR2H2,0.7316329563381787,0.04165974752659516
PLXNA2,1.0045159617198758,0.04166948298537955
EIF3G,-0.23373222219227507,0.04170669647017476
TSSK2,1.1992745924875665,0.04173867003210407
HIST1H3B,-0.8397503021522774,0.041818967403877985
GJA9-MYCBP,0.4568997058737416,0.04182899217525878
FOXG1,0.6372564507047778,0.04185215303949713
C11ORF80,1.6627259708235602,0.041936059292418656
LOC441601,0.9875534351137834,0.042047179312813085
STARD13,-0.44183063894882224,0.04205900514368592
NHP2L1,-0.31872052850438415,0.04207114751359451
SEC24A,0.5334542487690683,0.04211561659056018
ISOC2,-0.2713995683902475,0.042131727657921
PRSS3P3,-0.8827270460852814,0.04219112764254711
FCGBP,-1.3376387658028976,0.04223746679365638
RFC5,-0.6441033378280929,0.042258357005282146
TFAP4,-0.6829648427287616,0.042278725852250426
ARID5A,-0.6964516264849285,0.0422851916457291
NDUFB11,-0.2095819089898452,0.04236800901703531
MAPK8IP2,-0.5736205425739627,0.04238138602640156
CEBPD,-0.8647691764893892,0.042466967945583786
PCBP1,0.2745139608626008,0.04249570147116747
WEE1,1.0089203293257754,0.042500895536661046
NUBP2,-0.4404028934504334,0.042560926235401
ALG9,0.2378524533799382,0.04269570457257996
INO80D,-0.23354582595225803,0.042736989513094646
MON1B,0.353749455481541,0.04277556218593659
SCP2,0.31896637681610507,0.04288624531406882
CLDN11,-0.5995048847348174,0.04293663020977836
GOLIM4,-0.6840247608795167,0.04294770915808127
GTPBP6,-0.17655967111584658,0.04302135149325403
ECEL1,0.5542076066720836,0.04303238348244749
NARS2,0.33143148939491596,0.04303351654947457
COL2A1,1.0487552551950756,0.043047698255082326
RNF114,-0.17093106584190565,0.043052878426548986
PADI1,-0.4546901841883866,0.04305348623978737
PQLC2,-0.6007895868331738,0.04308262398189939
SLC25A38,-0.381053535505238,0.04309481496583556
VWA5A,0.6438808843839965,0.0430977450695141
RP5-1118D24.2,-0.33982996620908335,0.0431514413878906
NNT,0.5094860253015376,0.04318920583692072
KERA,1.133384599282735,0.04327843732841103
KBTBD2,0.1930680353011649,0.043310833948652615
TRIP10,-0.3652060640806081,0.043332147167937256
YTHDC2,0.5984493567900904,0.04335753782963979
GPR68,-0.622068534055761,0.043437439133912736
ZNF214,0.697271331227606,0.043507539699592784
PTMS,-1.045585429065929,0.0435084054309199
GOLGA3,0.2563783654382856,0.043520315511873506
ELMO3,1.0558571442265254,0.04356564185720685
KIAA1614,-0.8021184725563337,0.043607323851260274
MMP11,-0.7638191223139392,0.04361768543439432
SPRED2,-1.1396126566775946,0.043643955793655986
SLC30A9,0.24388020007588196,0.04364752614822537
SLC6A8,-0.6676162214537982,0.043653000886829274
KIF5C,0.7309663989004136,0.043686051118809695
CYP1A2,0.6894095343390969,0.04369729336012181
CST6,1.1265510711826976,0.043699886918694336
TAS2R3,-0.1559428502544713,0.04376591066027763
MID1IP1,0.25637597535422607,0.04377487674038847
PLEKHA4,-1.0750939261084413,0.04377839504444666
HLA-DRB1,0.4161110606719003,0.043801138448887014
KRIT1,0.670739273666829,0.04384850160756505
METTL22,-0.20519219762821894,0.04385352654396608
CST7,0.9083979329996108,0.043894169619380564
MAP3K9,1.1201127866046336,0.043935295427580144
BTN3A3,1.2178981151603772,0.04393931944084417
POLE2,0.29062337075308164,0.043968320492656324
EPN3,-0.4592689779737622,0.044011244096749544
SPRR3,-0.8443252674287054,0.04401864120040883
FAM193B,-0.25645467171297476,0.044028645565494
VPS33B,0.384928265985061,0.04403242263692507
HNRNPH3,-0.4056278861998699,0.04404884106429257
ANK1,1.0224453628698127,0.04421513884678594
ARL3,0.7429974947203988,0.04431118348300678
S100A11,0.36183720849840917,0.04431766284989255
ZNF430,0.2210820383555845,0.04432595823138077
GTF2A1L,1.3685559642540732,0.04434075000995386
RGCC,-0.5463731728722419,0.04437830945765349
RP3-522P13.1,-0.5887465205831193,0.04438254877453516
NFIX,-0.7932810422504923,0.04440720796972539
ALCAM,1.1810440309612877,0.0444889651945277
KIF5B,0.4296673267447577,0.04459789369437906
MARCKSL1,0.6835084645876819,0.04464604728167695
CSNK2A2,-0.38083437752274385,0.044699320932321006
PGK2,0.5746168012805972,0.04476759408834784
OR7E156P,0.3817833329675553,0.04480304934097809
ZNF23,0.5093449919856798,0.044817905056276384
SCNM1,0.2544260624592116,0.04481896752411385
ABCB1,0.9141458636418314,0.04484112291163068
PSME4,-0.4711384195644639,0.04493010332447434
GMIP,0.9799776287708468,0.04501102527551195
OPRL1,-0.7744272571136754,0.045038287938455907
PDP1,0.5443237632318301,0.045088334292116485
CYP7B1,0.5122713306204014,0.04512526528085684
PEX5,-0.8993493233049019,0.04517958713788453
ARHGAP32,-0.9397581870633562,0.04520184142434483
FAU,0.18781948357675482,0.045225488793011887
PCDHGA11,-0.8818151784682491,0.045231765935945335
LYPLA2,-0.377663035311568,0.04534559682688621
AKR1C1,-1.2798988486887781,0.04537285305325331
SMARCA2,-0.8253036426234059,0.045425066283251915
BAX,-0.5652982364468873,0.045428606880471144
ABCA2,-0.8147147038559632,0.04549042324443576
ARHGEF12,1.0394113959243252,0.04560384823212461
DMWD,-0.7210495433491966,0.04568827591460189
ITGB7,1.3119427570694135,0.0456886395583863
SYN1,0.9107388332021022,0.04569714933062749
HIRA,-0.42429553826723776,0.045744554741463356
MPDU1,-0.278011205492497,0.04584939117574743
GPR144,-1.1081884477758583,0.04591165806952014
C1ORF216,0.2859030121139252,0.04593666134995015
C9ORF40,0.45732248183012647,0.04597091038611627
PWAR5,0.9576336447780704,0.04600293413647691
LOC100506403,-1.2296092668396152,0.046061547320839245
SMG9,-0.277007638021173,0.046061953202953046
PDZD7,0.6620312065866241,0.046072947948661604
PTGER4P2-CDK2AP2P2,-0.9159455784310566,0.046131571554792056
ACTR2,-0.477827146104735,0.04614897784503366
CLDN3,-0.6957967155622056,0.0461620297940958
SNORA21,-1.1676966230217287,0.0461738820799423
BAGE,1.2408321270151315,0.046191380582110156
PAAF1,0.3408598848001212,0.04620949824494179
OR2B6,0.9889045743735139,0.04622078958599006
SCNN1D,-0.6449213908995901,0.04624353582699399
MT1M,-0.9407633178171864,0.04628841741006311
DSG1,-1.0307155815391336,0.04633705713211598
CNIH4,-0.30137724914258435,0.04636637229266335
UQCRFS1,-0.1708309741154732,0.046482751992595495
SLC6A20,-0.5051448652543677,0.04648958889063382
FILIP1L,0.6617162268479895,0.046522708085304974
SASH1,-0.5758507460009348,0.0465243825023255
ARL4A,0.37755648153226495,0.04665827386985988
BAZ2B,0.44684190223556186,0.04675988027908491
HBA1,-1.6496736427295815,0.04678327873326248
PIGV,0.7549574528508272,0.04678723915481899
ZNF512B,-0.4118538272684882,0.046842245195062256
OR7A10,-0.8102081740318758,0.046857858382869405
WDR7,0.41848742139985085,0.04689333109473649
COX11,0.5890754615396712,0.046976885049318004
SCN2B,-0.9821492129844911,0.047048986091461326
SCARB2,-0.6224355839435507,0.04707737580750083
F5,-0.9520131096466162,0.04720012996448214
IFNA21,0.8775297682777872,0.04720369647506047
STRA13,0.453786709368007,0.047216788050106324
CCDC33,-0.3881015345783494,0.047269151737840756
IRF7,0.5354460218661856,0.04728398940525242
ZNF35,0.3357405869705623,0.047487832675129835
CCND3,0.3989779636355557,0.047530079556644955
IQCG,0.3503243767893309,0.04765173399557249
MYO15A,-0.40872661929544485,0.04770127428280774
KIF13A,-0.645829598982826,0.047726192199972185
RAP2A,-0.6218089791293737,0.047728077478069945
CADM3-AS1,-0.5481348331211922,0.04774760667634755
TSPAN15,-0.5179085212892129,0.047752569131870336
TRIM15,-0.8143496319706713,0.04779238948643126
TCF7L1,-0.48907604504728397,0.04781447332091318
KREMEN2,-0.7500269804565143,0.047819751018334904
SPDEF,-0.8938722111659514,0.047821504310703894
LLGL1,-0.8586509212100495,0.047837628784388346
CCL21,1.301389288760407,0.04784528847435095
DNAJC17,-0.6518916492950249,0.04787025193960929
TRAPPC2,0.32806377621207083,0.04792554192628838
ABCC10,0.43093105394868836,0.04798963131561088
OPHN1,-0.2445581997655477,0.048026337329091486
FTL,-0.1527199887322066,0.04803600291167122
DGCR2,-0.8947917454239631,0.04805576314270037
TNFRSF10C,-1.3781188097848487,0.04807897085582586
LAT2,0.7380401075851779,0.04809710961395257
PSMD14,0.35454237064141125,0.048111625946195884
SAP130,0.1881146748314979,0.048157236877130326
STAT5A,0.23908809872232517,0.04823435063150584
DERL1,0.46725646715523617,0.048293909702475074
PRH1-PRR4,-0.5140505032937099,0.04831179240042436
FBXL15,0.5426370948634514,0.04839688263879033
HADHB,0.33062132458617555,0.0484004838654912
IPP,0.4278817990683388,0.04843424911973579
CD74,0.46666559154950527,0.04844162844582959
CPA3,-0.9258433365673557,0.04845136000211464
STRADA,0.2968227326269801,0.04856054390717843
UGT2A3,1.299344110595244,0.04856341327994804
NLK,0.4276363094443658,0.04857545798225767
CLP1,0.2909527329553825,0.04862175288269977
LOC102725136,1.0574649570262675,0.04863762669539142
DNAH2,-0.39669155044183535,0.04867850486853394
PTBP3,0.5220638108225639,0.0486839209844834
ZSCAN18,-0.832397411984676,0.048686711150879095
KDM5A,0.27086729510396346,0.04870536441938109
HAMP,0.394368925624228,0.04872244900487039
SLMO1,-0.9254959670176603,0.0487512867266984
B3GNT2,0.4474526425810268,0.0487557536386887
ZBED1,0.3626391018755353,0.04878644440501436
CTC-338M12.4,0.7205384738013061,0.04880953963627669
ODF2,1.0874686638002968,0.04884164761914291
RPL3L,-0.9640465018908184,0.04889485372487205
DDX6,0.7005358106775379,0.048920070305484106
TRIM16,0.2697753112676686,0.04896917555308653
VCP,0.2118150350403898,0.04902209957760017
RFC3,0.4236082677657018,0.0490274644605826
TUBA4A,0.670157755666855,0.049040378422877166
HBE1,-0.9786400197693252,0.04906321253234393
USP4,-0.30475558812499237,0.04907845526443832
SCMH1,-0.18518243459231876,0.0491516825678927
ROR2,1.0867315359845469,0.04917632613291263
ZBTB7A,0.9232867430622198,0.0492132014093602
YIF1B,-0.3084972215398558,0.049239829048829876
BHMT2,-0.8181884201350185,0.04925525084380021
CTNS,-0.534238713111499,0.04928198286664503
DLEU1,0.31618012483748803,0.04931614822139438
PITPNB,-0.24393182315866646,0.049340419926144644
APPL2,0.3051521204374321,0.04941740607468302
ZFC3H1,0.29506704112352367,0.04944534967440801
DENND6B,-0.35189179475975774,0.04959390094579551
SLC25A46,0.3031529913967912,0.04968242596881812
CCDC6,-0.30713023874219836,0.04972718098085929
EGFL6,1.1522506712056408,0.04976639488379168
ATP1A3,0.6063445887317798,0.04980633822633519
EIF4E2,0.7334665706639676,0.049834125952919604
C3ORF14,0.37834711273685073,0.04991668604003283
CD24,1.2993336100521322,0.049932191697196586
KIAA0319L,0.44918429749483924,0.049961820916131265
SLC22A6,-0.8061764434282868,0.049994923863181565
RSU1,-0.8588174725251427,0.04999595952764097
NNAT,-1.0075911515258067,0.05004042033779002
STXBP6,1.4703787211940789,0.05004580264958242
MSR1,-1.0325055195855626,0.05006457847910363
PTPRM,-0.4509082009107086,0.05007426203965962
PLK2,0.6367765491085677,0.050127666212070224
C16ORF95,-0.7468637087751233,0.05020459377254947
MAP3K10,-0.195657151346464,0.05025590176044605
PLD1,0.67207573382005,0.0502561546842895
ETAA1,0.7254124849262764,0.05031620878560868
ZNF286A,0.6084756340667159,0.050481126306890826
PARN,0.4627581031424235,0.05049573517814721
AVP,-0.9137005920168431,0.05053992567202349
UEVLD,0.31130082012430194,0.050621635261121976
SCG3,0.9070846190756614,0.05064876354937365
TRIM8,0.3564201749831337,0.05065018906003763
IL18,0.5763176980431339,0.05066610323014878
BRCA2,1.2811399797363192,0.05068295358661348
XRCC2,-0.46136981722424064,0.050694174045639195
SF3A3,-0.23272858038399313,0.05073976677353817
USP48,0.433506328394234,0.050755376379327866
HPD,-0.5075962114142158,0.050805010512509755
PSME3,-0.437483696468961,0.05081410753598863
TNNT1,0.8882733699993315,0.050823308129810306
XRCC4,1.0804631546724757,0.05084015017807449
PUS3,-0.3258440452714986,0.050883268944231626
ZBTB38,-0.542774128714175,0.05092163138844773
B4GALT3,-0.3337109899313617,0.051022784290401434
ASCL3,0.7675270137094641,0.051061202551691935
GDAP1L1,-1.0272131024019764,0.051067390902769114
DDX11,-1.205054538582969,0.051081371722801756
FGR,0.5894595265365563,0.051128917486327446
CA5B,0.8695007935382719,0.05119143045183235
KHDRBS1,-0.32012987729128284,0.05120012235543402
WIPF2,0.19465960646736846,0.051251675331857434
DNAH7,-0.49534272832609894,0.051282084894186376
UNC5C,-0.8472349754890196,0.051300960493191515
CSNK1G1,-0.9672909418579687,0.05136290534833159
OAZ1,0.14276882581237338,0.051390682453144564
STAU1,-0.31238908833767454,0.05142384259252806
POR,-0.29145615779608036,0.051452193496364027
KHDRBS3,-0.48163477394480303,0.051485243356962224
RAVER2,0.9325848496969948,0.05158608747613129
TMEM63A,-0.8241861479398915,0.05160855904993101
CTRB2,-0.28750077015764486,0.0516102900207943
ZFP69B,1.0522140500611328,0.051671131825487875
PIGN,0.6902353173791038,0.05169259119306759
CDC25B,0.48005080146087487,0.051788052540373095
PARPBP,0.9739405165093729,0.05179622550207791
CTSF,-0.5082862381010695,0.05186817251740341
SMG8,0.1935419342213418,0.051880350731752845
DLC1,-0.6260329855484406,0.051889829947982816
MAP4K2,0.730481004893127,0.05195232440122572
LINC00921,-0.23642413173779175,0.05199831644549173
LOC100506469,-0.24522245210404492,0.05200443393734449
SP110,0.5170992594266499,0.05203027098324259
HEXB,0.36865924285542384,0.052137915873798055
PER3,0.5896413277275965,0.052151178644724835
CHMP4A,0.41539487313298906,0.052193177437350864
PEX11A,-1.2852020473168526,0.05222039916398011
RPH3AL,-0.3486200796698986,0.05223832092449509
RNLS,0.7623803554826623,0.052258097453563225
USP47,-0.1856458837681867,0.05229185141373709
HSD11B2,1.1237335479524235,0.0523398348249546
RTEL1-TNFRSF6B,0.7029450749356396,0.05236107188984913
DHX38,-0.33131454678831584,0.0523937795810742
HLA-B,0.3355080524963583,0.052399395662907716
CDC45,-1.2231930183083675,0.05240474724619099
RP6-91H8.1,0.4219021849573057,0.052438763809557774
LOC644172,-0.6832389744899423,0.052455633185897445
ADCY8,-1.0033475718960432,0.052463914845489526
LASP1,0.45249593028256285,0.05251109152725501
APBB3,-0.31085417376928426,0.052515526423670106
RBL1,1.0748247875267163,0.052519303330734395
RECQL4,-0.428482712789068,0.0525218704037308
DYRK2,0.70672578890479,0.05255921662891186
LINC00965,0.7483585436028761,0.052561943794285984
ATP1A2,-1.3286426629574892,0.052682166317624866
NACAP1,-0.5155198293883689,0.05272442366670087
PAX5,1.1739546633989857,0.052728991182982375
ZNF331,-0.6609595983430907,0.052751043567575415
NAT10,-0.4738553697597734,0.05278496847102439
VPS39,0.3788281171138106,0.05278814243389522
HJURP,1.1066436167750897,0.0528122932780021
FKBP3,0.4003227006722643,0.05286428985410639
IQCH,1.1973596030388434,0.05290966153553871
ADH1A,-0.9211803585290008,0.05297221980637175
ADRB2,0.5078121681458274,0.052972695174789364
SYK,0.7201388004796367,0.05297463703957905
BAIAP2L2,0.7923694059078099,0.052988989422820716
EMP1,-0.6157944676042852,0.05299558195997637
FLJ22184,-0.3833447656758717,0.05309603716725652
LTBP2,0.6461163625308064,0.053131351996584496
AP4E1,0.9268675033920095,0.053275422280765636
KIF15,0.6346421227867465,0.05333579109372648
BCL2L2,-0.28040211984186847,0.05339569288284603
PYCARD,0.45428792538607077,0.053441189177166386
PRH1,0.48862727941013206,0.05353307575455769
STARD7,0.1898348814135744,0.05354444502986156
CXCL5,1.358230982587072,0.05355582626009739
ADAMTS9,-1.0684587781338646,0.05358066456343521
AGAP11,-0.3993817185228732,0.053641392612162914
NDUFA8,0.24372588496713377,0.053685503544735474
MPV17,0.47811570395198544,0.053759435169339405
GNAO1,-0.9067809204830573,0.05376204740317355
SULT1A2,-0.25647453306425483,0.05380100446341156
THNSL1,0.4661089479915237,0.05386129678150708
EFNA4,1.0055177840667078,0.05387926497288687
HNRNPR,-0.43519182369180953,0.05398780587263468
SH2D3A,1.0892905038568585,0.0540090691950239
SPC25,0.6665828684688107,0.05403837362597832
KDM1A,-0.27860822400862695,0.054051981905085075
ASB6,0.36356356404853774,0.054069972522035194
CCNE2,0.7116530281293603,0.0540745162185177
ARL6IP5,0.49692354828806096,0.054076688028773405
MFNG,-0.5912408778379055,0.054103946801240664
IL17B,-0.29782128208861325,0.054123489139179165
PRDX4,0.3016453180534757,0.05416883509333624
ASNA1,-0.2179064404710367,0.054235078047625736
SPOP,-0.29824952087561307,0.05430622437346627
YWHAH,0.31153276057630563,0.05431321874034467
RAB32,0.30514045708927995,0.0543446893348719
RMND1,-0.33058317569440376,0.05447273938530903
LOC100509646,0.5541235584186026,0.05451675884182326
SLC6A10P,-0.9798400739183917,0.05452682648903752
UBASH3A,1.3667777939798391,0.054549433596647504
ST6GALNAC2,-0.8583931373412081,0.05456572124342856
RNFT2,0.9134328450652447,0.0545910886221035
ALOX5AP,-0.6078333341716231,0.05468154956718043
ASRGL1,-0.6980796921258285,0.05470807456975937
CATSPER2,-0.719625403479272,0.054730302609001524
KIAA0391,0.7242808588756651,0.054734210848916415
EEA1,-1.15896754016363,0.0547732029008778
CYP4A11,0.8509544502323658,0.05479149847934743
VPS13D,-0.5416358865837623,0.054851857141352
NCOR2,-1.107848603383914,0.05485783247722931
GABRA3,0.738011238666187,0.05488641061457019
TENM4,0.9759842597727291,0.05489971626014141
NAALAD2,-1.0402449693332656,0.05496000007023262
ASMTL-AS1,-0.477649676949472,0.054967351229578715
C6ORF25,-0.6612138534554539,0.05499779661236968
FAM224A,-0.7010446367976266,0.055012398378129775
PRPF40A,-0.5948083829476118,0.05506200984477727
KRT8P17,0.4305740692684772,0.05515305560034209
TARBP2,0.21265282385933482,0.055153641398274535
MAGEH1,0.37508897995346047,0.05516410131151426
MIR3656,0.27380584900553195,0.055188548707096184
ADO,0.4935555364926181,0.055231072525156126
GAS1,-1.748999344684914,0.05524761447373094
MKI67,0.9359307747236247,0.05551136317276243
NCDN,-0.4780178855594732,0.05552951756075639
UBR7,0.21704283715587813,0.055541041983034105
ELAVL3,-0.8698159325594608,0.055618718841569256
ATP6AP1,0.44479107606802337,0.05566703352043868
KIAA0485,-0.8894685642921134,0.05570013974871521
ZMYM2,-0.9668130814982785,0.055736860250001075
C11ORF71,0.28586264348034884,0.05573860369592878
WDR60,-0.8485099161323708,0.055811867645983594
RNF141,-0.4194417267058732,0.05598207089817723
LIMA1,0.44257479815099643,0.056039876376226316
RASSF8,-1.090150857006405,0.056048969926334895
NR2F6,-0.8798253212223799,0.05606193712232323
TMA7,-0.41459809641282064,0.05606770529692069
C11ORF63,0.37215148268887965,0.056200773902123746
CREB3L2,-0.27578642056391445,0.05622203158623748
HP,-1.9048409671347217,0.05625584750512698
TSKU,-0.7613999842427557,0.05637274037313812
ZNF8,-0.2852902213695456,0.05648770027309334
ZNF322,0.4117526859039895,0.0565785017661648
ZNF274,0.2651114793973175,0.05658338302629056
ZNF277,-0.30016133230002495,0.05658857985255753
CENPO,-0.4680488149834394,0.056659827382084735
PLEKHB1,0.6282701846694287,0.05668601838442911
MIR6125,0.45421943945502186,0.05669138356265188
KLF3-AS1,-0.8080523880173898,0.05672453164798514
DLG1,-0.9701528711822363,0.056813321347093014
RP11-119F7.5,0.9644095017765135,0.05683887751779108
DUSP9,-0.5469308574603948,0.05684642958183144
MBNL2,1.1247779582149464,0.056913377940127616
E2F3,-0.3400771314538087,0.05696481661558736
DDX3Y,-2.879517889834095,0.056996904063340285
EREG,-1.5182492630628266,0.05700415220931084
BBS1,-0.2612701063566192,0.05712274897171495
RABEPK,-0.25438338321474063,0.057142805258682636
RAB22A,-0.21953795135606313,0.05715559630569073
RREB1,-0.7755889897989316,0.057225080649996304
SNX17,0.35093530737787937,0.05725277957662138
CHN1,0.8438888263563555,0.057260736913312967
HIST1H1D,-0.48598370613086406,0.05727364674859393
NEFL,0.8963638989183833,0.05732390720753292
SPCS3,0.46165372815577665,0.057376389503317575
TSC22D4,-0.33352041043533553,0.057441256111265854
MLLT4,1.0569839218686035,0.05744787482830284
COA7,-0.6883006298385501,0.05750406276059873
LHX6,0.3577230191303471,0.05753411860433752
KIF25-AS1,0.8981579398196624,0.05757887654302289
TMEM165,-0.4951415021341212,0.0576387013557297
C3ORF27,-0.4614231527072752,0.05772993398058392
APOB,-1.0406677295743982,0.05774446582446894
LRRC47,-0.23281000769040716,0.057749391467785814
IL17RB,0.653005125827665,0.05775579043147195
FANCC,0.1791706494416374,0.05776110540101968
DNMT3A,1.1086901966011435,0.05783724385049246
MAN2B2,-0.3519369785973936,0.05783727122579115
FAM162A,0.44533759160916286,0.0579094953043348
TOMM70A,-0.3533919677238835,0.05793430647179095
SDC4,-0.5815379051257477,0.05801980040579605
UPK3A,0.4758233648429031,0.05805031469267386
LTBR,-0.31721189065724786,0.05805400902540645
MLLT1,-0.5935186936668675,0.058104629043745984
ADIPOR2,-0.25719505588785374,0.058171535817775434
RIMBP2,0.9356539915688309,0.05819428174851789
OSBPL9,0.34273261795885546,0.05820174433998672
ERVMER34-1,-0.6867695925718902,0.058289452637884556
PHB,-0.3328866858864643,0.058306306674820625
CES3,-0.3100571955049194,0.05831326249888276
KCNK15,1.1474348373503411,0.05831730067087316
DRD1,0.7578423243831254,0.058320736049516354
RP1-28C20.1,1.225705544446626,0.058455197781551824
PDE8A,-0.5989033000580317,0.05849284182978361
OSM,-1.0314692093562572,0.05854443828066312
GPHN,-0.25901437288094886,0.058594056933926664
MYO3A,0.5055906431393353,0.058686308293590124
ZNF611,-0.4374185006824156,0.05876124797564394
GLT8D1,0.40630461222702685,0.05877208363712668
SPDYE2,-0.5615398616491989,0.05878456621416426
EBLN2,-0.7911597540715256,0.05887399190901653
CTAGE4,0.31122683851799415,0.05909210358270068
LHPP,0.5912947708107303,0.05910260549372684
TROVE2,-0.4654534888959132,0.059145370688191694
FAM89B,0.35709721079340717,0.05914653136136944
MOSPD1,0.28038843042940087,0.05915720741509828
RP3-406C18.2,-0.6272560222995227,0.059169780929793234
FAM131B,0.7795840862326946,0.059173192792735696
POLR3G,-0.6951120435685114,0.05930773360658574
USP11,-0.3279687003676752,0.059332652790404096
HMMR,1.239086702753398,0.05934922921337044
RGS16,-1.4058657431696417,0.05944393384098236
BCCIP,-0.4927155098050271,0.05946277975492028
ALDH8A1,0.6144813450440783,0.0595006208715123
COG7,0.853030004661127,0.059613364189325446
KALRN,-0.8668129107035929,0.05961416511468466
CPM,-0.6025859174431476,0.059662611419627636
POM121C,-0.4053111509388234,0.05970970683491328
ZNF226,-0.3033481266583138,0.05977811834578496
CCDC7,-0.5730360319675656,0.059879074576828825
DDX19A,-0.344781451287254,0.059946162282601974
ACSM1,-0.6642554846879292,0.05994912678981878
ZNF236,0.7094124685546017,0.060011619287037
CYTH2,0.2803171646947824,0.06004393547325269
SH3GLB1,0.2258810212584379,0.0600460808731895
KIAA1045,-0.6369023842274979,0.06007650966537507
ENTPD2,-0.7568744527435101,0.06012163047315509
ST3GAL5,0.4828047582126054,0.06015209175617026
ARHGAP4,0.6865222328220026,0.06016555856172931
YIPF6,0.3215961320206766,0.06018164415778207
MIR6840,-0.8936422660434493,0.06019820831853393
MCTP1,0.7083651944794518,0.06023171831620906
PGBD5,1.1084755859180024,0.060302985316725344
YWHAZ,-0.4836221530481488,0.06033531468240419
MYOF,-0.7056187559427238,0.060346223550270715
MAP3K13,0.9085862107023281,0.060415752707339884
CNTLN,0.46727786118196946,0.0604385809727539
PPIP5K2,0.4344021297211871,0.06044273930882771
MAGI1,-1.4713422692926663,0.0604523590078527
RSG1,0.31469810138272525,0.06045670285493591
AMOT,0.6915564446272588,0.06049966035694368
POLR2G,0.21114553858454244,0.060525794789996853
CLIC4,-0.46183438421851797,0.060529882038726286
TGM2,-1.2377041839022827,0.06053145481232697
HEMK1,0.9948389148935926,0.06055457526171052
STRN3,-0.7224947862961288,0.06059646265315325
CREBBP,-0.5479731914189196,0.06061880209308425
UCHL5,0.3469336101890548,0.06069557408414514
OAS2,0.7344905457636548,0.060723904256916164
APOL5,0.5188490242671295,0.06076511402521213
APCS,-0.3738873518080128,0.06079454807619383
C6,-1.3944199240910198,0.06088926324728607
SH2B1,-0.46332307322607846,0.06095028745839182
CIB2,-0.9162424210648314,0.061024350932614185
CHRNB2,-0.7811988749149998,0.061076394225815275
ANAPC15,0.23212897131338117,0.06108062360102871
MID1,0.9036070214569394,0.0611125706374576
PRUNE,0.36507333953186283,0.06121205098375334
EIF4G3,-0.5814345223007793,0.06127109977598135
DDX46,0.28261866120369916,0.061465553237527885
CCL27,0.8529582950237664,0.0615196612700996
MARK2,-1.0324409186317736,0.06162116666586936
IMPA2,-0.5583389137538592,0.061622003458762016
ALOX12P2,0.6326042290130767,0.061633493150536
CCRL2,0.4080886592379649,0.06164047514689399
GCM2,0.8804360913823324,0.06166254528196171
TFCP2L1,-0.5909426909786699,0.06167614346009829
CDK2AP1,-0.2074021078329018,0.06172200649989305
HMG20B,-0.8386521656058612,0.06174782034228543
FAP,0.7384920236864332,0.0617556584551207
DPYS,0.7918407189205565,0.06177954409635354
LINC00483,0.5080331223367289,0.06181266734099827
BCL11A,1.1474503912907474,0.06183206956547363
CGB1,-0.4551676086654739,0.061843711062165914
GNAT1,-0.5960944092705565,0.06184932721940748
GLB1L2,-0.4963397745546798,0.06189334655949427
RGP1,-0.324549354893521,0.061989601168401985
TRAPPC12,0.42755733913618954,0.06204894090341067
LCT,-0.5213637085653513,0.062058699598775836
QPCTL,-0.43748710904625554,0.062073684673392866
CCDC90B,0.16904522720852455,0.06208676006953958
BLCAP,0.25159412312666163,0.0622105747001197
OGDHL,-0.4025146082868951,0.06222321465707064
HBZ,-0.340098161141172,0.062266874630029376
ADAMTS8,-0.7795703783726644,0.062307252717729446
MAP3K11,0.20857526922618774,0.06237453979002169
RAB26,0.9613342344106073,0.06239538728334982
CYP26B1,-0.5827786769373411,0.06245505321929298
AKAP2,-0.5741098084170666,0.06248542208580717
MOGS,0.20032856089102324,0.06249491085545499
RAC2,1.3287657703337903,0.06250361483926223
VEGFA,-1.1486330307092665,0.06252125917602913
GAL3ST1,-0.5305187304066767,0.06253831161391245
LTB,1.151917208804588,0.06264797461923093
PEX7,0.7996058802335382,0.06265272902318843
C1QTNF1,-0.34328356631015744,0.06266736844061979
KRTAP4-7,0.7475311148661241,0.06276199683126753
SARS2,0.2431245731818521,0.06287226210791012
LOC79999,-0.6589629251595612,0.06288715279911984
RCBTB1,0.366006403749366,0.06295529787357652
NCBP2,-0.49214572632686693,0.06296238784837563
TBCC,0.397271434857668,0.06297812189206527
GDF10,0.5990320521246373,0.06310133242070251
KRCC1,0.23063391430526714,0.06310304118399039
ALDOC,0.36419876624828973,0.06310482693433454
CEBPB,-0.2958848051363212,0.0632260914117789
DKKL1,-0.3497790427652969,0.06334440848047848
OR12D3,-0.761278998429388,0.06339257014146361
EML2,-0.7937229598327757,0.06340170703984914
ST3GAL4,-0.8468470907299421,0.06348475441875563
CCL22,0.8586483396792977,0.06348628919627014
PTER,0.38588908373395725,0.06350844733563367
CHMP1A,-0.3181533767909208,0.06352756990465137
PYCRL,0.7605550587905796,0.06362639807372232
YIPF2,-0.5295152788746131,0.06362963240473811
SLC17A1,0.3241264869913998,0.06365144712750805
MIR6787,-0.8215250322708183,0.06366473807897718
RP3-334F4.1,0.4971662127063219,0.06367716015744722
SERPINB13,1.0625377705318826,0.06369508626339919
FAF1,0.32523523848020375,0.06370340836483887
ADAM9,-0.258168342385126,0.06370722029946016
NKAIN1,-0.46920632808096485,0.06371308576852555
CYP21A1P,-0.9219100568732834,0.06376146135562168
KRT31,-0.43430079129811183,0.06388651695943333
KLHL21,-0.5498927702144201,0.0638901879520088
CHD3,-0.4648161642857236,0.06389175354746755
DPEP1,0.4139306383181296,0.06391471435648559
MORN1,-0.5286596573378528,0.06391611862291656
DCPS,0.26345473252138163,0.06393656498212617
SF3B2,-0.34581178092582476,0.06395926502458163
SLC39A4,0.4815758087170936,0.06404944943147978
AF198444,-0.9635086649002416,0.06405781077432211
SP140L,0.43966558883123597,0.06412868577513788
NOTCH2NL,-0.6724310638627617,0.06415245918002363
ROPN1B,1.0511644500039292,0.06419623449553748
IGHD,1.8798593759462792,0.06431054805888566
IGFBP2,-0.7760706997262528,0.06433793765858437
KLRG1,0.3689013227127722,0.06435659625080183
IL10,-0.5039880716655798,0.06436822080122756
UST,-0.6846420113618015,0.06437367970318049
NMNAT2,0.7403180306456365,0.06439983622900686
FCGR1B,0.9038483919691149,0.06442326113735033
KLK5,-0.720028266159578,0.06444290888714466
CD244,0.8007884403239132,0.06450766700512936
PNKP,0.2246964456444367,0.06453448485199788
COPS6,0.2476506235437892,0.06455759051027068
AACS,-0.33285828456510913,0.06465239807357356
ALDH1L1,-0.9290793530211561,0.06470223240362484
SLC19A3,-1.0161288185082675,0.0647101129025122
TMEM115,0.24368805961284323,0.06473045196177389
IARS2,0.3179928283772142,0.06473984560469441
CHURC1-FNTB,-0.513990646160627,0.06474111442007235
RPL29P7,-0.4910043915357232,0.06474306020463548
MAVS,-0.32496769558735394,0.06477097494318791
ACTN2,0.9209161363120315,0.06479765302394906
NEK3,0.387746912273605,0.06489118090612504
DUSP12,0.3878578482170827,0.06493677133453514
UBE2L3,0.31241482764431616,0.06516032159674198
RAB40C,-0.1524918324024136,0.06528249328432666
CUX1,-0.2402718884659798,0.0653987563544455
LZTS1,0.9473690445590837,0.06554986266133496
CBX6,0.32005207451078377,0.06558602071786017
MTHFS,0.3542718509864464,0.0656216192640382
DDX56,-0.27414931397897924,0.0656637651892893
CD1D,0.7554292433875762,0.0656868722489729
GLULP4,-0.7466164279549234,0.06570088249315383
ZNF41,0.8580412059611908,0.0657442743357094
C17ORF59,0.7048629292064144,0.06576905944699599
DSG3,0.6660752256463347,0.0658307180001214
EFHC2,0.6038643068157485,0.06591689820638437
RIPK4,-0.6990652187125628,0.06591734148008194
ADCK4,-0.9694560398558125,0.06592852980262544
USP2,-1.0573202235384103,0.0659672791757188
MUC13,-0.7621740966396633,0.06597056271458686
PKP4,-0.8554096330304999,0.066109771093349
CLDN18,-0.7421284304005336,0.06611991424783675
UGT2B15,-0.994045005508319,0.06612795270891624
CXORF36,0.40216903357444256,0.06615967613918958
NARFL,0.6573885492573925,0.06622194510822069
KCNS1,-0.37584185263728465,0.0662376872791517
L3MBTL1,0.9134032270806065,0.06624387414990628
PRPH,1.0248354195474567,0.06628871650253397
PTH1R,-0.3753755052732366,0.06630049477895879
SEC22A,0.26222318299671876,0.06631252415042713
ZNF532,0.3306873883106025,0.0663934620369879
CHD9,-0.5714415325654336,0.0664131939832546
CUL2,1.1578572207958544,0.0664315653130563
OSMR,-0.6600491241206434,0.06645545801350687
STIL,0.3851464558770852,0.06648071457815141
TACC3,1.0102713511649304,0.06656735215038914
LPAR1,-0.5186854933509224,0.06669966960647676
SCYL2,-0.46142453878364353,0.06671107367949247
LOC100127886,1.4298731426404223,0.06682115893396733
ZMAT4,0.35424295647986304,0.0669513745069012
ZNF667,-1.167432704261215,0.06695627538881689
MRPS16,0.2425749123257308,0.0669897546298548
EVI5,0.8776814969866171,0.06700193891022439
FAM45A,0.2124403347509407,0.06704105778240349
GABRQ,0.3582596098553861,0.0670422992554514
CLTC-IT1,-0.8570269949166525,0.06713846177527218
C9ORF78,-0.22034346613712685,0.0671537408201399
GREM1,1.2913507289969681,0.06716096612389565
P4HA1,0.27196014452342787,0.06716419196229689
CDK13,-0.7484272831686072,0.06717532493971991
RPA2,0.2230984962131526,0.06717698170332152
SLC35A3,0.5394502472878573,0.06723138812635933
CTSG,-0.5301784256856701,0.06725156412477605
LCAT,-1.267911407313254,0.06725314931708316
HYPK,0.3742031204135259,0.06727036192042932
COPG1,-0.20399110746136273,0.06729754251741539
MVP,0.26442785617990694,0.06738355245521115
EFCAB6,-0.4140145107712865,0.06742619701072237
LOC101927051,-0.3753660706135711,0.06748692666148623
DIP2A,-0.8556438349025095,0.06754684501859087
SRPK3,0.5271096776819642,0.06757240624703548
CLTB,0.8369061550182204,0.06759629042239736
ZNF76,-1.1758234151090212,0.06760068845936663
FMO1,0.750714962249531,0.06762655144402024
STK19,-0.5307208411919824,0.06763103126065433
CCDC64,0.6265249454019521,0.067644553499347
PTPN9,0.253184950955454,0.06768400394399392
PARP16,0.28603797971174316,0.06769320741807218
ASAP1,0.35638706617428184,0.06772162081540346
PPM1E,0.6749814899470787,0.06773800744279942
LAMTOR5,0.19179347392440604,0.0677412892075086
HPN,-0.3460972530344515,0.0678041582957642
FAM13B,-0.22368585059589208,0.06783645502258444
TRPC5,1.2734409939992544,0.06787124208893353
PFKM,-0.2564090741629155,0.0679105441180589
LILRA3,1.1301705489728464,0.06791138459766231
CENPU,0.6267370840366295,0.06796476298410527
SH3GLB2,-0.4136274485620657,0.06797192295984796
TSPAN7,-0.5030303484998324,0.0680043713284209
DMP1,1.0272933898000143,0.06807640808552816
PRRG4,0.6089150612121443,0.06809177622531995
ZSCAN32,-0.7746339213416222,0.06810433146194646
PROSER1,0.2878632968882968,0.06819217462912552
MUC5AC,-0.5183594857559344,0.06824599174156751
INTS9,0.21795655421324334,0.06827010762852949
PHF3,1.1338858924266375,0.0682880909130867
CAMK1,-0.3002634172970726,0.06844678261110944
RBM3,-0.5218944129593925,0.06844971489187868
KAT6A,-1.2372246574083494,0.06845227750046427
CCNK,-0.6533434966388412,0.06847066717377139
NEMF,-0.39362523789975157,0.06850718353226357
GLDC,0.5396647263698924,0.06854387780126583
AGER,0.6207090105022117,0.06858317781261924
TMEM187,0.4562140757817552,0.0686025836147976
SCAP,-0.13956002957076308,0.06869650980597711
DIO2,-0.8773167521975909,0.06873953675007027
UTP20,-0.34405838331929495,0.0687689733026354
AK021933,0.9297115533124529,0.06878389691816583
LXN,0.5327561012160089,0.06887238997161728
PTGR2,0.2089999239315805,0.06887446694172217
OTUB2,-0.7226377405764106,0.06889051324857295
HOXD1,0.972272397014323,0.0689567999329919
TEP1,1.1085270069372175,0.06904633797043254
COL4A2,-0.6170203424667715,0.06905589677314838
ACSL5,0.3827649659082617,0.06907173336850213
ALX4,-0.7433964625543132,0.06909149595107308
SPP1,1.2010344771213433,0.06926469654751756
GYG1,0.30162001661326343,0.06938642257805273
MAGEA4,0.8622519081735645,0.0694135733971281
SERPINA4,-0.27779944897537145,0.06952180331010845
SCIN,-0.5171780800692547,0.0695410218192954
MCAT,-0.31551681007830723,0.06957960897717143
SIX2,-0.5711921760428282,0.0695858951856625
DGUOK,-0.23642663608772807,0.06962280607839774
GPR125,-0.5307594172150729,0.06963654979023914
CASR,0.7018291740240854,0.069698278880214
RIOK3,-0.5907302001052948,0.06973790005069358
ROBO3,0.7093255457337078,0.06988058848791301
XRCC1,0.5193274737411624,0.06991451449145039
NONO,-0.20419053183927716,0.06996122863151572
RAB4A,0.3519939278468698,0.0700318330496288
GAR1,-0.4268765881475609,0.07008959666345256
ZNF706,0.22360734830604656,0.07011226779152964
CXCL6,1.0434557096743946,0.07011673173326642
NCAPH2,-0.5060751926983622,0.07016178314891534
H2AFZ,0.36678847481418764,0.0702146253201953
LSG1,-0.48060528163739136,0.07025338822873906
GCG,0.791149621590229,0.07026022720752348
ATP2C1,0.3825145716299376,0.07029025997344297
HCG9,0.7624581359958924,0.07031500676373353
AK1,-0.5195566413565746,0.07036065402898714
TP53TG1,0.6967457613971204,0.07053614478571751
PTK6,0.9038568915363263,0.07057166627608744
PPP2R5D,-0.352533680948671,0.07060860537755659
MAPK10,-0.6502861704515244,0.07067163585056974
CNTN1,-0.4331771797509951,0.07075837899517162
FAM76A,-0.7963590043355806,0.07083309032266359
BC069776,0.3558514606261092,0.07086988061288238
TTN,0.4816887985385403,0.07095451414290486
WDR91,-0.3535162595002994,0.0709717346920715
SRP14,-0.1743563416991627,0.07101421749019117
GK3P,0.9373201338243806,0.07104095094428374
SENP3,-0.4285700228547782,0.07107174406199326
PTGIR,0.47053788712155686,0.07112010234974624
EFHC1,0.5658668662855684,0.07113279642579395
WNT2,0.7300806681496006,0.07117202762084868
TNFAIP3,0.5581673956783018,0.07119126770656352
CDKN2B,-0.8575805686579114,0.07122506740176886
ZER1,-0.7639045256121051,0.07124464182752863
PABPC1,-0.29432126095196054,0.07126560090924448
AFAP1,-0.6447239429796419,0.0712877237908119
VAC14,1.1650345218758966,0.07129892823828032
CCL7,0.9535617612645444,0.07130226183761178
GGCT,-0.438865012583042,0.07134961155288351
DGKI,0.8220381811975894,0.0714711831211796
KIAA1109,-0.7765626981567926,0.07149781986889107
POLR3D,-0.31492471140510503,0.07156613906136688
LPL,-1.696182835969248,0.07156850877619497
DCLK2,0.7472084665712702,0.0715754150586805
HPSE,0.4946100855252791,0.071592623137068
DKFZP434C153,0.6864799658361385,0.07164868747997724
KLHL36,0.7269982173334801,0.071758869413451
TTLL12,-0.1879199811960941,0.07176659518761919
SPATA5L1,-0.6230963930854454,0.0717677213422273
LOC100287590,0.9640560318169706,0.07182008147447384
CS,-0.23684526546712448,0.07188721790520552
MAX,-0.4310593738150619,0.07190140116832852
TUBA1C,-0.22018417196986562,0.0719320320567633
LONRF3,-0.3971208616228674,0.07197879116379066
INTS1,-0.9157472737684564,0.0719893289942907
ATP5D,-0.28536315602522144,0.07198966870068038
ARPC2,0.22941915029800342,0.07202313820019438
CCZ1,-0.4321796638275899,0.07210182106860441
C2CD3,0.2617256056541448,0.07210461446922195
NUTF2,-0.33953451430481607,0.07210468852299869
AKAP11,-0.6194152009142853,0.07214920829453167
TRIT1,-0.305884406696622,0.0721965237560867
F2RL3,1.0794337671375294,0.07223257268213523
OIP5,0.5790704772993838,0.0722427570090079
HNMT,0.6106686959689114,0.07235864451702896
YIPF3,0.2696770482706512,0.07270869717414515
ECD,0.23769631243271583,0.07276510772690953
NIT1,0.2824988210724566,0.07281968339245812
HIVEP3,0.7362313955121635,0.07286528834412645
CEP162,0.6469673937018703,0.07290878218240758
ZFHX2,-0.4608228147300233,0.07300675758277975
PPP6R3,-0.20843085734257727,0.07300697546731036
NOS1,-0.7565066321698941,0.07306136891141844
ZNF682,0.979158284949825,0.07321154044977625
F13B,0.9406799531073631,0.0732154007792368
CAV2,-0.6768629426676602,0.07322382644887714
GPR176,0.44122639036822786,0.07328015852862232
IVD,-0.4567694123290593,0.07333752611127888
PLCB3,0.259184696696507,0.07347238583342897
PRDM16,-0.6264996355142669,0.07348445703622881
VCPIP1,0.7696665837235344,0.07350673574498377
SUN1,-1.3059310553458001,0.07359334137259059
LARP1,-0.35098098862802196,0.07359552354139703
TNFSF4,1.1073622687640192,0.07359595239557501
PTAFR,0.9650000086679258,0.07362372742146457
ITGBL1,-1.0217452161936293,0.07363693386652383
TUBG1,0.2551783944029058,0.073680666171039
EIF2B4,-0.2366910548158021,0.07374891299468113
CUL4B,0.36222026128381124,0.07375678555643153
SLC27A2,1.1643849745533092,0.07376814491362207
BST2,0.5860413404740772,0.07378002647195966
SUPT7L,-0.24120717859578988,0.07378823660679411
C21ORF33,-0.28369275922111825,0.07384735382113645
ENC1,-0.8852356816383109,0.07388845624626632
LOC100130741,0.7349702536352432,0.07394494695621719
USP6NL,0.6786671060435143,0.07396642063438955
KIAA0196,0.22638464843543638,0.07399466952440151
TTC39A,-0.7407109365126621,0.07406887381859104
C8B,0.4336610796208955,0.07412181780612757
ZNF211,0.4602522307199459,0.0741333342145956
UBE2G1,0.38555265562531815,0.07418643401767648
TSPAN9,-0.6973221637927116,0.07423194236360345
ADORA1,-0.41040999543390555,0.07438415293257486
PSTPIP2,0.4769063815588792,0.07440595879337579
FAM50A,0.20071520749156946,0.07442419053704195
PPIE,0.2048362757381632,0.07444260665199373
THPO,-0.6483207630235421,0.07454934985575609
OR7A5,0.3776592132096588,0.07455180587198706
CTD-3126B10.1,-0.41243188164143296,0.07463094506547018
TGFB2,-0.6712123533487846,0.07463857248757565
RBP1,0.661514643522584,0.0747268832681
GH1,0.5752708457553828,0.07485750614556384
TUBA1A,0.35621845500172,0.07493682042827245
DDT,0.41223837984717626,0.07496689657808417
MLLT3,0.7830027933379871,0.07500825973319908
CNTN2,-0.6163992114382406,0.0750175116780449
HFE,-0.649489868740452,0.0750681129843067
TMPRSS3,0.7566279218826093,0.0751330891789718
FBXO7,0.1985214557305195,0.07520233544227936
DYNLT3,-0.27581529300547203,0.07523385806861557
VNN3,-1.1182096226637164,0.07533633502258388
TOR4A,0.5671295055494205,0.07538231335327009
FSCN2,-0.5142802363246439,0.07539883119919308
CLINT1,0.31807334363655215,0.07541185092353024
RBMS3,-0.4317911763771889,0.07547043777589166
LYVE1,-1.1479868548523537,0.07550991295162625
KLRF1,0.8181361527574094,0.07553081784037435
SCUBE3,0.9585241761060797,0.07553458305172268
SERINC1,-0.2080471889987141,0.07557821676957914
ZFR,-0.8760039425643602,0.0755821070123683
SLC38A4,-0.9709819659919243,0.07576319139213827
VPS72,0.1829137030917991,0.075852999502767
CRKL,-0.29642589725425417,0.07585903488003039
IL17RC,-0.3786392865245558,0.07590892420310527
WDR73,-0.19688131065341352,0.07597007345281136
PRB3,0.4776678831396737,0.07597687312289471
GATA3,1.2774543233789508,0.07599541176854435
MINOS1P1,-0.533096051590987,0.0760510206668666
PLA2G12A,0.38437008663676675,0.07605119707536977
CBX4,0.6274063443947577,0.07605874882488199
KCNH1,-0.5906859468319472,0.07615319358032986
ZCCHC4,1.1057270700404507,0.07623619871506877
HIBCH,0.4647607439242325,0.07633386004688518
KRT8,-0.46309462333404205,0.07633707979479727
TAOK1,-0.5358208674812701,0.07634388972551377
CCDC91,0.4268354361904727,0.0764143411678242
COL4A3BP,-0.33801647540303037,0.07641865667292287
WDR55,-0.3181626597785434,0.07647054237516573
MORC4,-0.36782223482557797,0.07650395713286695
GFI1,0.7514780914562538,0.07651189736243728
CYC1,-0.39353015795442303,0.07653921483480734
ASPN,0.8464166785562437,0.07654880203522806
PHACTR2,-0.5886371197546589,0.07656512785594911
MVB12B,0.6949697761059941,0.07661450399237588
KLRB1,0.9943323132896191,0.07668150473098781
EIF4EBP2,-1.0894191801150406,0.0767303414798264
PLEKHA2,-0.6007918010652329,0.07673266599351232
ART3,0.5541223556648527,0.07674327606066327
PNMA2,-0.7761218863898733,0.07684808596290761
PIGO,0.7935742507018455,0.07702263959612236
SP4,0.3344189209570745,0.07712262982398427
TMEM104,0.34396726989396864,0.0771467115368725
ASTN1,-0.7624187407555962,0.07717116124568955
RPS23,-0.11511200942894284,0.07719230008364747
GNAI3,0.31534820337232183,0.07721475439701361
FUT4,0.5937820387130683,0.07722588380757871
FAM160B2,-0.28825681096172495,0.07727165712881962
ALPI,-0.361155650228822,0.07728783126972605
LOC101060373,0.3363984124228061,0.07730676881794468
DCLRE1A,0.7195089383478663,0.07733018874423779
MPHOSPH6,0.32448388969491226,0.0773548579653318
MET,-0.3266055055222603,0.07738998230275625
SOAT2,0.7963848305582983,0.07739626802743213
OGDH,-0.35537053986862865,0.0773977554507403
COX6A2,-0.32391837725229244,0.0774162665866089
BLOC1S1-RDH5,-1.1203459451046491,0.07742244569462703
PIK3R2,-0.33184735775765795,0.07744408334747185
DCTD,-0.2767356880185634,0.07745642834338588
SLC4A10,0.6089716608581606,0.07749446952809659
AGO3,-0.2404119230820898,0.07749466550369467
DAZ1,1.2299841985559925,0.07753480892415372
KDM3B,0.23285666721609033,0.07754734519201784
UVRAG,0.34327195485968076,0.0775672501021036
CA5BP1,0.6899143981364473,0.07765883183434405
RHCE,0.7009616615260681,0.07772332471586987
PTGER4,-0.7923633171292686,0.07781611659964001
SPATA2,0.6804655097171315,0.07796989917578084
RAB23,0.463435576054847,0.07798602170611298
PABPC3,-0.2970643300910165,0.07800790192258947
RPS28,-0.7026485243684979,0.07805169613729626
LOX,0.9490429792312831,0.07805205134549573
SMARCC2,-0.3166742169464687,0.07807511597722823
AANAT,0.4126123434835365,0.07808316311243904
TFRC,0.8784612611288214,0.07809818399263793
SUPT4H1,0.22841818745543208,0.07811250913074598
SQRDL,0.3967335112331227,0.0782006996293692
EEF1A2,-0.706993102225228,0.07821167243438944
COMMD3,0.28881213925359717,0.07823102662967488
WDR70,-0.22814693170821876,0.07823807786604642
BIN3-IT1,-0.9426879786047522,0.07826093521624937
NPTX2,1.0769002642991339,0.07829419922814397
ABI3BP,-0.8053260810788219,0.07841633628149974
FOXC2,-0.9417330022706301,0.07844558678907758
TP73,0.545568479434444,0.07852212146045945
C10ORF2,-0.49851985693532974,0.07866307111519888
ISL1,0.9213449404630758,0.07872933881665801
PGF,1.1951571760241126,0.078880414688117
TXN,-0.33352876967983125,0.07894681046247089
MVK,-0.6202377269425101,0.0789875147863482
IST1,0.12204021597330872,0.0789969418532875
B3GALT4,0.6760268290240417,0.0790390477072342
GID4,-0.8099733501376765,0.07911262509095772
PCK1,-2.594075372886528,0.0791527406966843
LHX5,-0.2556879069183715,0.07920447031406312
LINC00341,-0.4285602920724578,0.07923421183282191
FGD1,-0.32769821458705906,0.07935765155057295
RASA2,0.29755439807077355,0.07937339021323998
CUL9,0.5139643932914133,0.07939965359519474
UBAP1,-0.4127089614231192,0.07940066083182903
ARHGAP28,-0.7548199213206752,0.07942717179464265
ZP2,-0.36537386737569166,0.07947064513808197
IL1RAP,1.2611763801078006,0.0795243093680873
PHTF1,0.29594560241150347,0.07965009078571514
DYNLL1,0.22799441058961456,0.0796593701955752
NDUFA2,1.0419015739549469,0.07972093185268905
MAPKAPK5-AS1,0.6842337643750938,0.07978730478093102
IGFLR1,0.49636293057875314,0.0798064741354614
HSD17B3,-0.5509432231129443,0.0798112206315546
ARHGAP15,0.5106068280849012,0.07984640578754784
PSME1,0.27658345411174423,0.07985794107069968
PEX2,0.36368824473922423,0.07990265517802263
NPHS1,-0.37004256629023713,0.07995065162881529
C7ORF49,-0.1691271371958596,0.08008288366515613
XPO4,0.20773256085538438,0.08013694069894498
ATP8B3,-0.9145895302609204,0.08014268218805765
CDK7,0.1863061834758355,0.08014804864054997
GPR126,-0.5298004789755195,0.08016094191252532
SYNDIG1,0.7619651652053951,0.08019648269983312
OR10C1,-0.453169914641145,0.08021235370464523
ARF3,-0.6985370975802088,0.08022338857638196
HIST1H4L,0.825035592382291,0.08036128051337997
PRKAG2,-0.8024994686707099,0.08043753670330703
ADCY3,-0.34314823555079954,0.08045220243093333
NIPSNAP1,0.5778892663903701,0.08049627695250441
VEGFB,-0.5047704800358375,0.08052561758307585
GPR65,0.4916865634279777,0.08058591384462611
RPL18A,0.2114989480504068,0.0806449918281208
CCR3,0.890496035134765,0.08066641925482194
FUBP1,0.626464102088637,0.08068149261774232
SLC24A2,-0.2849455540147101,0.08074806974156633
EDDM3B,-0.4651046590052652,0.08083554881616681
PDGFA,-0.8647152754258363,0.0808715795138459
LRRC37BP1,0.5362722415761887,0.0809540907410638
GOLPH3L,0.6010533256660082,0.08108735776086884
UGT1A1,0.9632055809767159,0.08110307939725996
DTX2P1-UPK3BP1-PMS2P11,-0.2843593102815216,0.08110351313835458
SMAP1,0.19528044629154628,0.08111859216214587
BCORL1,-0.27109504031832543,0.08123407306388045
PWWP2A,0.5550844751895943,0.0812650526125184
TMED2,0.4142818595411413,0.08129773202113846
OR1E1,1.0486642585994295,0.08130757777961611
EAPP,0.24134092593862455,0.08131347909965472
SEMA3A,-0.8088425960504653,0.0813298478487418
SMA4,-0.7221013841072672,0.08133745572853691
PCDH11X,1.2301074241177066,0.08139500692963915
PAX8,-0.8226566799548349,0.08146923724018465
KCNAB3,0.4053504045884182,0.08149493272912442
AIF1,0.7282443406822248,0.08149991214702124
BOP1,-0.48142213719337423,0.08150627588958125
LAPTM4A,-0.17262278828508393,0.08150953713738984
GALR1,-0.6483317934284425,0.08151761303028712
SGCG,-1.2040983356310737,0.08153052205578427
KCNK10,-0.48628520263562347,0.08156019826435344
BTD,-0.43033788596452904,0.08156992764803449
OMD,0.7272594426651162,0.08159500717456512
ANAPC13,-1.0519084475047402,0.08163373624668945
PRSS3P2,-0.6998518476960998,0.08166314900527734
CEP350,-0.5210575136746272,0.08169504743962212
GATA6,0.5374465055700082,0.08180715424560664
MLLT10,-0.6754133895923724,0.08181564480910893
FICD,-0.2549671044142414,0.08186855431203746
PCSK7,0.48109829508066504,0.0818722194643054
GSTM5,-0.440407883022468,0.08188354192057135
GMPS,0.1521492748837101,0.0819000741168405
HNRNPC,-0.34387235134859395,0.08191416485877465
PTPN6,0.4884650376422677,0.08194929125403018
AFF2,-0.7584126015827741,0.08195617434767838
CAPN15,-0.5768144549402132,0.08199295367322319
ERVH-4,0.5186424441403545,0.08206412997497425
HDGFRP3,-0.3495641747107081,0.08208408262918336
MAPK8IP3,-0.781698402756561,0.08209471379747924
PTGES2,-0.3263238764086074,0.08210543664528011
PACSIN3,-1.0738278935652983,0.08215786446697498
RUSC1,0.27647746333494005,0.0822211234155575
CDC6,0.7849348916854355,0.08223190660262193
ATRIP,0.8215620548236213,0.08227820174878964
KCTD15,-0.31842118109547535,0.08234380764266001
ICMT,0.7540235508734594,0.08237227269679138
PNN,-0.41208762294463774,0.0824183157608829
PLEKHA8P1,0.5913882506543695,0.08249701730854539
SEPP1,-0.25365592329136355,0.08254637930544341
DNAJC24,0.2773430750632251,0.08275508327978523
USP14,0.2682163455507194,0.08278394727403217
PDE4A,-0.7461094137160114,0.08280653155963318
PLEK2,0.9002649568240981,0.08281961107768887
FAM182A,-0.7608253930736968,0.08282309127974934
CKS2,0.462683294888679,0.08288855101682749
SIX3,-0.7665952247903229,0.08298401291055094
MRPL52,-0.376831383204526,0.08303845157445527
INE1,-0.6836625650867623,0.08305105266215881
LOC81691,0.9669066499229109,0.08314130862649573
CYP2A13,-0.7519930631006426,0.08322487709415423
OGG1,-0.6512712861713137,0.08326084655898398
PIR,-0.6015301073960133,0.08328329325479436
MAOA,-1.3986918428945172,0.08331155394051697
LEPREL4,-0.5132020099259105,0.08342073420276164
HTR2A,0.4444061181100656,0.08342892154514185
NARF,0.35392005931488946,0.0834523866566966
TRPC7,-0.24584873626981762,0.08347994780903834
DDX17,-1.1897425123235497,0.08353442233991124
HOXC11,-0.31326250088412966,0.08357987840135013
MAGEA3,0.6566757763644739,0.08360304398827705
LZTFL1,0.2859584193472511,0.0836479747659827
C19ORF53,0.16409980880932196,0.0836928014622039
SEC31B,-0.895930361394595,0.08369756788312933
ZNF223,0.2869517344969017,0.08381852445018187
MFAP4,-0.7298292674856715,0.0838493119529555
SLC31A1,0.4403679639926201,0.08394411404785045
STMN2,-0.9562781822942705,0.08394630002197676
VIPAS39,0.20022262247987221,0.08394988137503456
ARNTL,-1.156099643681224,0.08404844430131529
ATIC,0.2409372180686553,0.08408614118614394
GFRA2,1.1385769180065184,0.08411460757308455
GINS3,0.7539508671272843,0.08415689941042664
GPR31,0.2799971209857821,0.08417970916359874
GPR45,0.5462747416979443,0.08418284979960092
COQ10B,-0.21890152182447764,0.08419371277440453
CCPG1,0.4653889984273665,0.08419618667640812
BATF,0.5282329875786669,0.08419870983471561
KCNIP2,-0.8059589666776494,0.08423397167360201
CASD1,0.27816584493423235,0.08426984308612258
LPCAT3,-0.4087827139380531,0.08429774296077057
RP1-130G2.1,-0.8029944722294662,0.08433946762826816
C6ORF15,-0.5370154885597547,0.08444527481172247
PDZK1IP1,-0.8799613441507672,0.08447254254929851
DNAJC15,0.23758649032804335,0.08448661475910255
SSB,-0.4127191007222457,0.08451128621312225
FMO2,-0.7534637259783743,0.08458820740765018
GBA3,0.6810889482729561,0.08461160771266059
B9D1,0.7258511104927008,0.08465927092684128
PSG9,0.3304142387988973,0.08469979438972358
ZFPM2,-0.4982962174619585,0.08489066632784582
TUBB,0.26896154435331354,0.08501152620303637
WDTC1,-0.2711431565748841,0.08509701139106278
SUGP2,-0.5669263753968066,0.08514366990455834
FAM63B,0.9699873798154881,0.08518764111559173
SEC14L3,-0.43869142339984135,0.0852959279952111
SERPINE1,1.189311737612261,0.08530978191288162
POLA2,0.5807096292353799,0.08533446083682729
TMPRSS4,0.5924029112730804,0.085369348814416
CHRNB1,0.6118485606344928,0.08543264925433965
SEC62,-0.25480502553155127,0.08549327683550913
TIMP2,-0.5221717277218243,0.08554815033106034
LMO3,-0.7026714636847897,0.08566342264783404
STAC,-0.37641104984839835,0.08567225404035331
TRAV12-2,0.9806819241256948,0.0857355760217074
SCRG1,-0.8758942539741685,0.08591294046651295
SYNE1,-1.1097269286034144,0.08592702505567133
FAM110B,-0.2943445303405383,0.08593994236384891
ITPR1,0.9105293344265579,0.08604803826964286
CPA1,-0.9838304765423347,0.08608783044863251
ALDH1A1,-0.613903472961784,0.08618614499071582
GGA1,-0.8309329656719333,0.08620766939222427
MRPL28,-0.14537078994524144,0.08621299366848681
MS4A6A,0.4277164447812698,0.08627619245483222
UBA6,0.5745939177515975,0.08635014823047912
TAF1B,0.5018983117103772,0.08635691419670075
KIAA0247,0.33337845674320654,0.08637290583557539
TWSG1,0.7045900767219404,0.08643099200521226
MAP1B,-0.9600644307494752,0.08644331855859544
ENPP4,0.548635710106554,0.08645055309949173
FSTL4,0.4836871302495638,0.0865319906120409
GUCY2C,0.7053461987648069,0.0866534782016239
FKBP2,0.4153349883793549,0.08670584739244645
VAPA,0.1991381898221185,0.08676634155376484
ARC,-1.2988769523128916,0.08676979842171086
ASXL2,0.19099624069670895,0.08683549385873598
ATXN2,-0.3963284523418231,0.08688395219342507
LEPREL1,-0.7111410921845192,0.08692883424658629
LOC93432,0.6946492046137642,0.08693302493481916
PTPN22,0.9610634754425731,0.08699733903096908
CYB5R4,0.3779535104171323,0.08717984679172666
LACTB2,0.39843255643702147,0.08725262133308509
COQ7,0.627736338986522,0.08730775121738076
GNA11,-0.5812592182016685,0.08731056860201909
RASAL2,-1.0146537897635937,0.087316405013419
SLC5A4,0.2712495714355523,0.08732024820495664
PLA2G1B,0.3025030443485317,0.08732241208850029
TES,0.36534735272533325,0.08736906454241568
MYBPH,0.48384744514704225,0.08736924622463811
TANC2,0.5214721191334881,0.08737028787428835
CDH11,0.5433395248844395,0.08739130621751431
DLG2,-0.7708394622232309,0.08740500343352395
KLHL25,-0.39770511890661453,0.08741007533999713
KIF2A,0.3140123240955486,0.08741817295170257
NUS1P3,0.9737830321313865,0.0874597203345664
OAS3,0.4292291397081893,0.08749241763707685
SUMO4,0.18348405081826336,0.08751632773210156
KPNA6,-0.3289677340085557,0.08752445682607649
ADIPOR1,0.1753006864208082,0.08754762697711277
DAPK1,-0.8880678201867438,0.08756157212918009
PMEPA1,-0.3923086875453521,0.08763778246865632
LILRA1,0.8049246391220679,0.08765741616619692
NCSTN,0.2842476790369073,0.08780965614237392
ECHDC2,-0.5970470002592325,0.0878238752002038
MAP7,-0.8715026126430452,0.08798061755952012
TNRC6B,-0.3195772221687392,0.08801895579680728
SLC29A1,-0.5432061807002704,0.08804550032561802
GPALPP1,0.39417062342558307,0.08804568874771831
CEP170,0.4692507429580548,0.08805773777271371
GYPB,0.8612767481268948,0.08806057156751068
EZH2,1.0113583105078607,0.0881248295741817
CRTAP,-0.405028130487894,0.0882608321451614
UNC119,0.889210227432895,0.0882987557503574
WIPI1,0.5161822908270732,0.08830432625092395
ELANE,-1.0097260574914984,0.08837695190194853
S1PR5,-0.298702120847937,0.08849321246091255
TRMT61A,-0.3823147100063551,0.08861619974727451
USP34,-1.1838047596942927,0.08866025204419295
LOC100134822,-0.4856787993500187,0.08869285230442918
RPA4,-0.3746281719316551,0.08869832242227574
NSUN3,0.2724467924208067,0.0887290860053254
BAG1,-0.3090810809365454,0.08872987118835342
EVC,0.9410629643826409,0.0887446942363681
SLC7A7,0.49009939055874874,0.08875115947150229
ZNF552,0.29099880995596106,0.08876559429063592
HEXA,-0.9620310520497428,0.08885591564044541
ENO2,1.1825499087617821,0.0888664166781019
LIG3,0.7450381426932209,0.08891068715278955
PKD1P1,-0.9305428700859313,0.08895821009427282
IL25,0.513858135533781,0.0889719037073228
PRSS53,-0.684229855725083,0.0890049832069274
SCGB1D1,0.7364637783585026,0.08909928462977121
APOE,-0.9237992100697454,0.08918969183898735
ZNF225,0.7268518375185078,0.089209563231681
TMCO6,0.32905986815111277,0.08921672824306448
ZNF177,-0.4599390111865862,0.08925965567811237
SHB,0.6184697555969754,0.08930012645018204
GEMIN4,-0.402799930341164,0.08935545440570802
PPP2CA,0.18917238507862777,0.08941106132864048
PSMA3,0.30106690355091104,0.08944809092760239
ACVRL1,-0.42371344870649796,0.08946623793045573
PTCRA,0.5982510271083505,0.08957076892865976
PIK3R4,1.127561521395077,0.08960470607583583
HDAC1,0.3771960170161819,0.08962436954010032
TTLL7,-0.5520918747779477,0.08962470529417892
GRB7,0.7266640855215449,0.08969305189206869
TBKBP1,-0.5700332803110975,0.08971032067421351
GABRA6,0.8437194053859969,0.08972161316561442
MRPL23,-0.2415651701164343,0.08973648864419731
SLC30A3,-0.16497235962179868,0.08984335775615614
CENPA,0.9080690084094032,0.08990527812222637
KCNB2,1.042413974416465,0.0900360898818511
GALNT6,0.535017983210544,0.0901255461499405
P4HTM,-0.22090165490359226,0.09014224968301862
COPZ1,0.17169219235838717,0.09015875229714286
KRTAP9-9,0.9418538186895482,0.09017750438695463
PSCA,-0.7922638180963446,0.0901840931340905
TATDN2,0.22702773850877023,0.09024185846800431
CAPN7,0.33690084972863943,0.09025218546826556
SSTR2,-0.43262084118928357,0.09033869318161297
SLA,-0.49750413077583033,0.09034955364824736
UBBP2,1.1139529699195236,0.09036134398005859
ADAM30,-0.7044254009813855,0.09046060468125167
TSPO2,0.670218366752084,0.09053548584627873
HNRNPA1,-0.9099004869049869,0.09056481344871818
AUNIP,0.5782271928894254,0.0906056007793313
SEZ6L2,0.7191418256794071,0.09064013322047196
PFKFB1,-0.9156192147085997,0.09067963367715962
EWSR1,-0.6858149587647921,0.09069418413032704
SLC35C1,-0.2996132498580133,0.09108995760548046
NFKB1,0.27642197723318596,0.09115566285032135
NAB1,0.41608293213812875,0.09119787050135857
ZNF668,0.9543744894751098,0.09122876233306122
ACACA,-0.6453789274835895,0.09126354986730682
SEL1L,-0.5029853740050338,0.09128331271851198
INHBB,-0.5967725405228421,0.09129462362832454
DSP,0.43483715666311795,0.09132364360163349
SEPHS1,0.41671357381266283,0.09142881101243862
APLNR,1.2103090358593587,0.09143115616558212
THY1,0.9863001322411087,0.0914725039887174
GUCY2F,0.4288640647420352,0.09148051506733272
MAP2K2,-0.3923487433810262,0.09158039959241818
RCHY1,0.6337814926319059,0.09158596300774745
EIF5,-0.5846263108163878,0.09166269140784987
ACR,-0.5275054831484329,0.09168231010612035
UBE2C,0.3173988341807057,0.0917208425693026
SCN3B,0.5185407489182166,0.09175590619178804
EIF2S3,-0.6049531509651622,0.09185267844602447
SSPN,-0.8219964784732277,0.09187149534042721
GPAA1,0.32474289565220893,0.09190128697334014
ATF3,-0.9548842985814829,0.09195471873991283
HBP1,0.4760964054272794,0.09197202200837026
ADAM5,0.5783810742778233,0.09199363843311066
NDUFA4L2,0.39260696589732014,0.09204216931691182
ABCA12,1.036318290725339,0.09204264546012972
BFSP2,1.0420219771134285,0.0921585220546942
P2RX7,0.6465703412054591,0.09217522790319763
POLR2A,-0.8058591368462666,0.0921906909475421
RASA3,-0.9546164377931285,0.09220070235230056
SAV1,-0.3209362157812983,0.09222668604284301
DDIT3,-0.24140870896866495,0.09223190102790851
NOX4,0.8621721264744053,0.09227967807197412
SNRPG,-0.23419423332510547,0.09237822464816832
TRAF3,0.44660104565828007,0.09244380531968259
DSN1,0.47321386402713284,0.09247075646739865
INTS7,0.6696839058524411,0.09253004349595245
SLC35E1,-0.6182117611214135,0.0925305128072373
TINF2,0.27315690488303623,0.09255015833947881
FRAT1,0.3164017445076919,0.09257931702851456
MAP3K6,-0.4858271192479702,0.09261029146831891
ELMO2,-0.517117955475511,0.09262976641551655
METTL8,0.6970482972426995,0.0927001883663748
INSR,-0.31357617994322595,0.09270375680378463
ADRA2A,-0.6017618262724618,0.09270543586518955
RP11-348N5.7,0.6520937448559359,0.09270961355454264
PPA2,-0.25228290212399784,0.09283757385571388
COL13A1,-0.7186632014875363,0.09285071701855165
NDUFB7,0.8500323540548447,0.09302586545835895
TCEB3,-0.3841832033779795,0.09312033873467543
COL9A2,0.312036958540876,0.09316649545071287
ATAD2B,0.325452214246182,0.09317886348618472
RABEP1,-0.527643442101339,0.09324474173633251
ARR3,-0.5979624326444641,0.09327294257471716
EPS8L1,-0.6803105283507733,0.0933800385154054
ID2B,0.9069787278304582,0.09341217808198903
SRM,-0.41727581951304593,0.09342443244896857
AQP3,-0.874987898756685,0.0934768516269542
NLGN4Y,-1.4523305651069691,0.09350456619318026
PAPPA,-0.9205163154628755,0.09352098432987405
ATP9A,-0.8473228123144043,0.09361947850658422
CHERP,-0.623795702597838,0.09369515709712102
TAAR2,0.5167443143626747,0.0937504656592567
GP9,0.6398321639633062,0.09389481890876891
TMEM147,0.20019383371854715,0.09394046187331957
BAZ1B,0.7626423795351736,0.09397810550619422
TXLNGY,-1.3027947417782695,0.09398253539855203
PSMD13,-0.24349814683453275,0.0940131321959607
LSM2,-0.1512905036743426,0.09403604224403203
SLCO5A1,0.5928672705847724,0.09409613073458555
TCF12,-0.9818082433869169,0.09415322733412261
PCIF1,-0.6185240852750216,0.0942229836945062
LINC00312,-0.5816781249515,0.09423486370096726
KBTBD4,0.8247828412016185,0.0942757454751404
DOK5,0.46399088502528407,0.09448026184010914
NDUFA9,0.2000729722592549,0.09450112271505365
RABGGTA,0.24314940920516914,0.09452263199386324
PRKCD,0.40488808389427966,0.09453328215412159
RUNDC3B,0.8198741197768138,0.09453928173048977
BZW1,-0.45642730023431355,0.0945657457386326
MAP3K7CL,0.3969261786901219,0.09464396786604147
AVIL,-0.46646831995368476,0.09468084046701433
FOXO1,-0.4340121070399512,0.09472781700422597
C8ORF60,-0.3955956515317709,0.0947529478902943
SLC8B1,-0.3308789488607964,0.09481175927590835
FAM193A,0.1880374394993929,0.09482774322978882
CSPG4P1Y,-0.5194517712398099,0.09486312762351691
IRAK1,-0.20133546274467662,0.0949182074226989
AKIRIN1,-0.30209040108108454,0.09499736184356622
ATP6V0B,0.2240631764266876,0.09502783299800027
SLC35C2,0.31980455244909756,0.09515690314585094
KCND2,0.628518467335943,0.09520880254494424
KIF26B,1.0576993114785784,0.09521084266789501
FLNB,-0.4755789878654255,0.09527275422236231
LINS,0.5914376384815379,0.09535061982334317
ZNF813,0.3923484280351319,0.09537244738378697
FANCL,0.3989708043439917,0.09538177251305974
KIAA0430,0.3237670122333931,0.0954614418846075
CACNA1A,0.9826413501805407,0.09551446276602081
ZNF142,0.6367389428498775,0.09553599951138085
RAB38,0.7106800424545501,0.09559974155870105
RAP2C,0.45664747300960684,0.09559981263548865
IVNS1ABP,-0.4295987797213847,0.09568436493632441
CCDC92,0.4073585957957313,0.09575607602485481
ANGPTL2,-0.7377581379087079,0.0958408545353561
INTS5,-0.2640341284042087,0.09586719453166645
ZNF750,0.9014138431080632,0.0958696111491544
MGST3,0.24492101497369312,0.09593495995568586
FLOT1,-0.8785863529498306,0.09596763734153958
MUS81,0.1591772246467844,0.09601899626812065
KLK8,-0.5851335558110549,0.09610487001673122
LYL1,0.5056191838678199,0.09615501424676652
LINC01314,-0.4951098492221817,0.09616592158189972
SLC35E2,-0.6185068538658927,0.09618274003126812
CCDC87,-0.6292126127657509,0.09620810655253094
DERA,0.3326968865144728,0.09621092113709856
HS3ST2,-0.6099250009679285,0.09630328818864584
SYT5,0.6506154224492815,0.09635246914350441
ZNF74,0.4925134279196861,0.09635950242701831
ZBED8,0.8837390404982735,0.09638963738464407
CEP68,-0.3963039465316598,0.09640104860302319
CXXC1,-0.26192707637189017,0.09652330187765736
C3AR1,0.5237086497384258,0.09658229354008617
LINC00115,0.3293822263316031,0.09660405378393983
TMEM209,0.8187254894344536,0.09675098870019956
ANXA2P2,-0.23110031925640762,0.09680806682584604
RARA,0.9380443788709529,0.09683372328828717
NIPA2,0.32290705714350487,0.09687748132016688
C7ORF25,0.6709250544628391,0.0969859059852937
BIN2,0.7445801260531466,0.09708986762145756
RFX5,0.8180923063441483,0.09711724666476526
CEP63,0.2882224812552021,0.09712662077260309
UIMC1,-0.18579195389058967,0.09716084565642552
TOB1,-0.3214792787464056,0.09722443101373086
AOAH,0.7592415369593795,0.09722673533994951
TCIRG1,0.4606927609336058,0.09726148093562918
LINC00216,-0.5684976089729252,0.09748081376565423
NTRK3,-0.5446291687848968,0.0975283144916048
NPR1,-0.7441104075447509,0.09752920550494729
KLHDC2,0.4470299137671905,0.0975481196775893
C6ORF211,0.34778853398497134,0.0975628671651312
LRRC8B,0.8546333267636852,0.09758229985279279
RIT1,0.23673234674549448,0.09759885749173583
TACO1,0.18820236380409838,0.09763922542077268
MRPL46,-0.26861379456761547,0.09774163928797976
BFAR,-0.15883202297332844,0.09779018362259709
ATF4,-0.2187456217832917,0.09780340369882719
GRM3,-0.8513905368709445,0.09799396036303637
CYP3A43,-0.8877806711908733,0.09803488259686322
PAMR1,0.9560661656117011,0.09803607979353665
PLAC8,0.6615721938431118,0.09810813748530738
CFHR2,-0.43639116109238696,0.09817008738331866
LARP6,-0.45517491852212544,0.0981728799771311
KAT2B,0.2688578676978164,0.09821944728181135
LIMS1,-0.4020180913427165,0.09822922950819522
ZC3H7B,-0.9111093977547959,0.09826486420651556
PGS1,-0.36485455629934194,0.09830627399551588
ARHGEF26,-0.8238346941773385,0.0983302986017054
LOC101927965,0.7026427658337266,0.09838498141558971
CARS2,0.24315970651819718,0.0984419844995077
TRAV8-3,0.27482795165033824,0.09844221424949838
UTP6,0.24645345259072649,0.0984827617965343
ATP6V0A4,0.6749661625255516,0.09850892597283033
C8ORF4,-0.6213318543102773,0.09851719233679969
NCKAP1,-0.6418994196707359,0.0985626884521475
HN1,0.7262228953619001,0.0986038157194983
C1GALT1,0.43022353564432336,0.09870250026543911
RALBP1,-0.4140074941196916,0.0987271703618173
PDE6B,0.4739765079121594,0.0987718466403603
PLCL1,0.4497261913458921,0.09883246423347514
F9,0.5958259970815059,0.09905596781153665
SRD5A1,0.784640451966168,0.09909768550183197
PDE2A,-0.30846676235813497,0.09913358998907029
PHKG2,-0.26342872842207576,0.09940788050530897
CATSPERG,-0.5695437266392833,0.09951031094101503
EVPL,-0.35471314731920245,0.09953641758911252
GAS2,1.165716227633784,0.09962764369130443
DZANK1,0.37972082736941104,0.09962823000154444
OR10H1,0.6308968075604016,0.0997179886312486
MPZ,-0.5882998628555676,0.09973300100895072
ADAM20,0.6469711253636019,0.09974688062671204
CEP70,0.3483808924535374,0.09977611783447476
SNIP1,-0.19494146252853906,0.09978481409399458
TMEM176A,0.46640997032909937,0.09979323907630405
ZNF154,0.8793539889890534,0.09985491447569558
GJA8,-0.3685902219013326,0.09990986030328701
PSG3,0.5317850033847824,0.09992056181454799
MTHFD1,-0.2847504939329255,0.0999748698905685
BBS9,0.7975071647638989,0.10011250429142995
ZBED5,0.2566364582348637,0.10013642001228491
AP1G2,-0.6582410596986845,0.10016758664376445
GSPT1,1.1342653281290231,0.10017205531535242
UQCRB,0.3409650941844111,0.10039473936666568
CEP112,0.4307921295843977,0.10053935249388356
EXOC1,0.18039933768438132,0.10061740092582287
GPRC5A,-1.1636635114887532,0.10063232010218119
HHLA2,0.7852531216300327,0.10072958346830112
RPS17,-0.10241779043163923,0.10075108112689456
ERP29,0.4262932434408899,0.10087125195545911
LY6E,0.4598519628363693,0.10095180728991936
DHX58,1.0551391623668813,0.10112767792804078
WDR3,-0.4453359797150238,0.10118585243185534
ITFG1,0.4117403381715121,0.10123207853432785
ATP6V1H,0.20322977257935548,0.10132034880101136
CBR1,0.41161541795043277,0.1013455432719245
LY96,0.4023795838867965,0.10135774539473817
FOLH1,0.9167113227828194,0.10136583576815862
ADAMTS6,-0.6234208690123939,0.10149964981142034
UBE4B,-1.1132448887045427,0.10150626497674772
CTSO,0.3154657435921493,0.10151779002802988
RAB5A,-0.23725663270895048,0.10156889871866645
SH2D2A,0.33412514349877487,0.10160855171114537
CCRN4L,-0.22069479698807815,0.10167109324371491
SEMA3C,0.5490394761898632,0.10186809668363295
JMJD6,-0.7516849461780435,0.10193648511050411
MARCH6,-0.5808933294855745,0.10215295327608717
S100A2,-0.3780412604639034,0.10219327354015276
OLFML1,0.5585896422753205,0.10221194328178954
PPARG,-0.6686872545324016,0.10221636957695356
WBP4,-0.24180348114785488,0.1022223057594947
LILRB3,0.6243524091817179,0.10223746508868271
CCDC170,0.803191062071007,0.10228766755778769
TUBA1B,0.1861952369758093,0.10241602407108992
PRKY,-0.5612968400018099,0.10260968821761868
DBF4B,0.5693760949959756,0.10273714004767456
NHP2,-0.22929306337528743,0.10278689937259677
TOR1AIP1,0.5474136069809195,0.1028294664664527
NFX1,-0.946986689749318,0.10289650767833845
LBX1,-0.33996781163525025,0.10297926865938946
DPY19L1,0.3295606009616492,0.103078005594
ZC3H13,-0.5416479468854067,0.10311423341397345
LY6D,0.40524916890080975,0.10312555995795025
RIMS2,0.8519455128753881,0.10317465946932708
TTC26,-0.4735232315714484,0.10328563246183772
CCDC81,0.8506417028402806,0.10329027299742227
MMACHC,0.6292417939062336,0.10329292824960218
RSL1D1,-0.4675044865114,0.10335516497633768
METTL10,-0.4898410830057518,0.10342301482005384
UHRF1BP1L,0.40811742112453686,0.10342438768080378
RAB36,-0.188569348792333,0.10347859701311383
KANSL3,-0.356373003998546,0.10349474794987713
BC069782,0.6933531137854905,0.10349621973828071
NYX,-0.454162450890645,0.103510203213585
FBXO17,-1.250034972684806,0.10365943257051632
GBE1,-0.4060219275816568,0.10373342175396758
UAP1,-0.44272681459438523,0.10374025320089982
CA9,0.4353458343658021,0.10376990383393123
SNCB,-0.5512632644594522,0.10383242918798999
HOOK1,0.41242722923443775,0.1039960960654475
B4GALNT1,-0.7125148345070667,0.1039981842474361
TLE4,-1.1060434519575875,0.10401905770109977
DCTN3,0.15022928360575882,0.10404933002261194
ZNF468,0.5738950368073494,0.10412931131007255
TSPYL2,-0.3630136857398405,0.10416968039317179
MCM3AP-AS1,-0.7572795361610352,0.1041882121324116
PLOD3,0.1991648688846155,0.10419080439460002
NBEAL2,0.7058041101635686,0.10423100908657863
S100G,0.49924692246674507,0.1042571697694219
SVEP1,-0.9276914445046849,0.10427383089457433
ARVCF,-0.8439840129193525,0.10428552180740158
SLC47A1,-0.9688770713123063,0.10433090263993837
HAPLN1,0.7468502801442578,0.10437654790393819
SUZ12,0.31931148180611935,0.10437769559159712
LMAN2L,0.2659652333451188,0.10444053780962685
SAC3D1,0.972864766936441,0.10447738314763604
C3,0.6044062144461826,0.10449634874042844
ALOX5,0.6501965986503873,0.10452529066688399
ADRB3,-0.4930149945839055,0.10455859755578745
FOXE1,-0.9496269748537607,0.10463653852503976
MFSD5,0.2196810509388687,0.10465500792293034
TFG,-0.5530515386870141,0.10466368307224294
PRKD1,1.0203620610357973,0.10472266094902134
MCOLN1,-0.31377835996821446,0.10473001874216376
ZNF10,-0.5241003872702557,0.10473448368023393
SIRPA,-0.34281772150678513,0.10477101966881534
PEX5L,-0.4590635662925937,0.1047976340888361
KIAA1661,-0.8245271045249845,0.10481962592492473
CRYAB,-0.7316592650743559,0.10485672361267252
LOC101929910,-0.8660731643489208,0.10489038096901053
KEL,0.5834167279601612,0.10491036787251704
TRIM28,0.15567667197703372,0.10493663674881398
SEBOX,0.553663505008748,0.10494455770951981
RGS1,1.3284427032070827,0.10496796886512749
LGALS1,0.17920521276701962,0.10511450317699911
CEP164,-0.5781761008434367,0.10512564906159205
COLEC11,-0.7335597244198917,0.1051898318867003
AP2A2,-0.2984439644229795,0.10519709193849322
PCNA,0.25794718626526425,0.10534345812140643
PFN1,0.2557708782443431,0.1053642506794276
FAM174B,-0.2653515367152117,0.10546296347918602
KCNJ16,0.8014246402330034,0.10547493073119273
TMBIM4,0.24502380758277553,0.10551986214256288
SEMA6A,-0.6443868879655765,0.10552367625869988
PAX2,-0.7332926225028622,0.10553855962585348
SLC16A8,-0.43873099609667143,0.10568365455694258
NBN,-0.33770006568179767,0.10578907725865958
C8A,0.5142460162679177,0.10579237744331094
SSRP1,-0.27473523518132126,0.10597786909563299
HNRNPL,-0.42779908449893433,0.1060245310464023
ATG3,0.7070981106691798,0.10609559830983163
TMEM41B,0.2044190638810175,0.10609579523271644
MGAT2,-0.6668158709901535,0.1061510587524127
IFT20,0.2627319171622329,0.1063756431505088
RBCK1,0.1879559464537568,0.1063886430701457
DES,-0.9320394156921186,0.10652000875438994
MYO18A,0.3154769100705579,0.10661175651487764
ICOSLG,0.747407832678042,0.10664102178150522
APOBEC3G,-0.5236093246803941,0.10664540321905587
NEUROD1,0.5709301936086084,0.10677451162084271
CDKN1B,0.418099791897097,0.10678189665864113
ZNHIT6,-0.35251169719649056,0.10680354075786788
CDX4,0.5012926080675091,0.10684146438674602
SV2A,0.7235221681014528,0.10690488414572774
ADAM17,-0.4720468714990407,0.10690551921288186
R3HDM1,-0.4222510443826506,0.10693516804913629
OPLAH,0.49527874465132005,0.1070162698303692
RNF187,0.3560146871801191,0.10702235098363343
ZWINT,0.40203580344319967,0.10703514415031405
ARID3B,0.5826362451472864,0.10704791310907495
LPAR6,0.4422056840182833,0.10707700005196222
NEK2,1.2324556203583654,0.10722440195246598
LRP2BP,-0.7032654458882854,0.10745750629836082
LUM,-0.23327113440144132,0.10750594513408591
TTC17,-0.2431755366591215,0.10753655742884342
PTPRK,0.419678003083634,0.10757722526369223
GRAMD1B,-0.42656147594778204,0.10762446532259785
COQ9,0.32019508754625825,0.10763937449494994
PAEP,0.894924063798558,0.10764275672802462
PTPRE,0.44005912822285786,0.10767795850460217
TRMT5,0.22132211031446403,0.10771745663049494
SNAP29,-0.191336437604825,0.10786524490643705
ACTL7B,-0.5746437048172122,0.10789108835385491
VDAC2,0.14074141768157844,0.10791140204165559
CDC25A,-0.496861745294086,0.10801781656415031
DHRS3,-0.5457782393649087,0.10820837528383703
GS1-164F24.1,-0.6364153355737221,0.10823412970694701
HMOX1,-1.0037848940012744,0.10827267331085516
SLC44A4,0.3048826114139711,0.10831821894458123
C11ORF95,-0.2898831779836062,0.10832309099004678
GAS6,0.5668798099428702,0.10832658597033354
SOX18,0.44353986318936034,0.1083297884148743
OLFML2B,0.7544923289993744,0.10853528752910946
DUSP4,-1.3647781738739155,0.10858486460819518
EML3,0.6172534207102238,0.10870411377874088
CAB39L,-1.0292106840196276,0.1087183708503912
ISLR,0.5545958443057764,0.1087641616599963
CALCB,0.7793576132841231,0.10885320357836108
PPM1D,0.28437154961174116,0.10891777573196694
PCDH12,0.815835258539944,0.10900526569211026
EPS15P1,1.0318624875341276,0.10902012244260503
CDON,-1.2146520025114445,0.10910468327650334
LAIR2,0.3238343465623794,0.10910611873257059
ZNF202,0.7852956652649201,0.10911289991169765
DHRS1,0.2839676224333765,0.10924964561629272
TAF5,0.3101167164044858,0.10926829253666469
BMP4,-1.2144119601309251,0.10929244872951575
MYT1,-0.5591373571427525,0.10934785317071537
SPOCK3,1.06946531338741,0.10936248141371208
AVPR1A,-0.7513961401077349,0.10936717664487236
ST8SIA4,0.5211909234826368,0.10943021721743124
NDUFB8,-0.49201898194517035,0.10950048990464864
GTPBP3,-0.23538429785194026,0.1095034898076969
MCF2L2,1.157110311502782,0.10952010044303212
PPP1R10,-0.8979355282807511,0.10954421460165198
REPS1,-1.0322198918446341,0.1097389669265029
PPFIBP2,0.8742475493116233,0.10976803861870282
SLC46A3,0.5265752239386359,0.10984468568050343
CLUL1,-0.9210091592608025,0.10991679133450521
ADAM11,-0.42497008983502216,0.10996830843966399
FETUB,-0.45291877210962905,0.11013992526777049
CSF2RA,0.6826474486341274,0.11021010407893515
HIST1H2BK,0.41581424146569645,0.1102456534403426
AP3B1,-0.40625586803264024,0.1102554440075715
CLIC1,0.1223656251889782,0.11028386350414277
C2ORF83,-0.61873163656084,0.11031532313741485
CAMK1G,0.3509438453431497,0.11038930658747315
CDK4,-0.15458408315753758,0.11046929668899745
ADD2,0.7720489568306297,0.1105799694467536
ARHGAP8,-0.6286719112836909,0.11061064914087099
LST1,0.511510432405963,0.1106270608569903
NAAA,0.3232126293705555,0.11065881528139399
PABPN1,-0.5471921038390981,0.11097527276743364
PGK1,-0.35684376180261435,0.11106549680031201
KARS,-0.31688332211886916,0.11106706720789769
CRCP,-0.2698176846580731,0.11108283953774198
EIF4A3,-0.26585635773118277,0.11113235271170038
SFPQ,-0.7393227000721527,0.11114238822099916
PDZD8,-0.4643978261990549,0.11126734863304077
RBP4,-1.228458575130265,0.11127100199988606
PRPF31,-0.43237074921398166,0.11127902197194506
RXRA,-0.28514140228372664,0.11130132310708053
CDK5,1.0339613630889577,0.11130952939387412
CYP11B2,-0.532963271049141,0.1114384468442717
GMDS,-0.2641048229510208,0.11156384310644732
LOC101929148,0.8980477913328127,0.11157935724747271
SAMSN1,0.45709061636012116,0.11158037799665738
ADIRF,-0.7208963631265508,0.11159064087035875
PTP4A3,-0.6456685414377246,0.1116291112941377
UBAP2L,-0.26808157543878686,0.11168901350612735
CD80,0.2743895662579874,0.11174670628974656
EXTL1,-0.6411982241960454,0.11177517760193356
CHRDL1,-1.0127493723910748,0.1118493437645899
CDHR2,-0.28810011870638164,0.11185811829538624
LTA,0.3608200465526772,0.11187851905459456
THRA,-0.49007973762290646,0.11190504164979573
CYP3A4,-0.7669737789168813,0.1119607493855901
GLUL,-0.6950868496982547,0.11198562614290768
MRPL9,-0.27292931172243406,0.11200097396757658
RC3H1,-0.45796384131665935,0.11207613695192355
SFRP5,-0.5794046615885362,0.1121103201941123
OR1F1,-0.31577471478305696,0.11214355942296383
DHDDS,-0.1720623960601788,0.11223768491989408
ARID4A,0.298981831983288,0.11225892548765368
GRIP1,-0.5261179691888489,0.11227007747162566
ZNF292,0.34468820946504763,0.11229078667275937
GBX2,0.7041724989197164,0.11237545311995882
CASK,0.7491061227516687,0.11238908595811005
KLRAP1,0.910359394493832,0.11263414106243265
RALGPS1,0.9084037935715132,0.11263721734218861
FUT7,0.6911523705490499,0.11266457493394909
DOK2,0.39435225486175085,0.11268249210185705
THEG,-0.3653822715556778,0.11272776263081105
HGD,-0.7180735566818854,0.11273436910137899
NRBF2,0.46246451020016366,0.11286350998624767
NRXN2,0.8038735432488258,0.11290186096792282
CLEC4A,0.8784323542916388,0.1129234396251571
TMOD3,0.5805773634937443,0.11298870323892958
SDHAF1,0.3036383644483669,0.11302121298194669
TCEB1P3,-0.6813488269578887,0.11303122853501804
MMP3,1.2536343127646088,0.11314533039335016
PDCL3,0.3054479561087149,0.11315898497584592
LMO4,0.3255443432524361,0.113169143215451
TRAF5,0.41303679165205054,0.11333134762815548
POU5F1,0.6531138004209183,0.11338638242606584
KDELC1,0.4062856455296613,0.11349405253322577
LECT1,-0.2557750393035194,0.11357708290262822
RASL10A,-0.42632913773345127,0.11360049303924667
EIF3E,-0.14032029153443482,0.11364521907058216
EPS15L1,0.47482755646083996,0.11373655252364616
MPDZ,0.5111348032021521,0.11375144272478335
EGFL7,-0.2740650576923098,0.11375427594243298
CLCN1,0.5389616756281317,0.11376730344648152
MICU1,0.245768503311524,0.11380169673938828
ALG12,0.5934492927444115,0.11383733640436994
TOPORS-AS1,0.8677219287293747,0.11386488714114198
CBR3,0.6824221229073864,0.11387300197373867
TMC6,0.3449142479706744,0.11388876345006718
MT1X,-0.6256922013233943,0.11389481404318576
TACR3,1.0152943736710078,0.1139319791965018
PRRC1,-0.27858783301326717,0.11396973370578423
APIP,0.2485994623557648,0.11398872747956476
CRTC3,0.12765773607758746,0.11399809810477878
SULF1,0.48218016995128465,0.11402316431002527
HIST1H2BB,0.4876289518911534,0.11404282104053445
FXYD5,0.2746241931290001,0.11404385127192286
HGS,-0.2342732032432977,0.11407270538374784
ARF1,-0.22443024434006986,0.11408093683969654
ITPKC,-0.28034441302071045,0.11408999915137286
LEF1,0.633489827576275,0.11418252069890836
STUB1,0.18805429662447537,0.11419571319734273
MIR600,-0.546581890093897,0.11426097792938403
LARP4B,-1.1885075445285325,0.1142795353083217
ICOS,1.0039397828870213,0.11431178758885953
CCDC121,0.5192755485047931,0.11439340980230779
NCAPD3,0.3495441043328036,0.11439608236697722
FLRT3,-0.48983006551761576,0.11446162106311117
PMS2P1,-0.17369104683841918,0.11447935199962694
RP11-217B7.2,0.6301278995894517,0.1145506369616202
C18ORF25,-0.7274021554102728,0.1145669667327256
USH2A,-0.823208097263139,0.11475734369861261
CABP5,0.48479862117141526,0.11482186204007261
SAA3P,0.5160079913354703,0.11490936286585732
DKK3,0.8365708167815518,0.11505658741907815
SUPT3H,0.42347004643037334,0.11510768238273347
MYNN,0.2404128757895183,0.115206970772135
ZBTB6,0.42435986331227493,0.11520883692032477
RP1-101G11.2,-0.6886497186649594,0.11523668012603225
LIF,-1.1047452882365665,0.11526194283139372
MED23,0.2424322675020001,0.11527966463634857
DGCR11,0.7362395725522406,0.11531853299409828
TTTY15,-0.5378926379598843,0.11534957782267223
AGO1,0.20224049269472744,0.11541879906082256
RFPL2,0.6297258918910238,0.11541953659040721
ANKZF1,0.9294691557642132,0.11545471928274209
TRHR,-0.87914193407252,0.11560119028953021
HAT1,0.2801945675045179,0.11566820267011868
PITX1,-1.1861851139450597,0.11569982924386074
NUPL2,0.3036403017436786,0.11605668247161027
GRHL2,0.6853059455125177,0.11607727838808891
SLC35E3,0.423853772068405,0.1161253060837543
THOC6,-0.318804442901361,0.11616505861869972
HK2,-0.6492740778285526,0.11637525784924571
RPS12,-0.06702193256676914,0.11640767568718285
RBM34,0.9523825434868058,0.11645943325598473
ABCA3,-0.5052574566743795,0.11646393035710201
SERPINB6,0.22986868162367102,0.11656536425958092
CRYL1,-0.315689599687758,0.11664027284976024
NPEPPS,-0.3109611642126655,0.11669702782989314
DENND4B,0.29254254024495197,0.11669954407953688
RYR3,-0.6058381319322681,0.11674776411867678
ARID3A,0.6257609019331625,0.1167726883708845
PXDN,0.5162762669250682,0.11677737893259131
P2RY11,0.7232941307797436,0.11688967766361835
HIST1H2BM,-1.0584524304375749,0.11691062913702151
PDZRN3,0.5017468413789707,0.11692324238614739
DHX8,0.39247867309601414,0.116931214038172
ITGA5,-0.3772180255363615,0.11694715933022508
REM1,-0.4569003426688507,0.11694954462300979
B3GNT1,0.31913982226169324,0.11696194083280362
SOX4,-1.3180998909639525,0.11699276404175898
FASTKD5,0.23582587657977427,0.11699507415373349
AK6,-0.29333612521790364,0.11701142581565092
CHST15,0.22509473583912865,0.11701275862727771
TRAK1,0.5760024606131386,0.11712635644750508
SF3A1,0.19700438125058284,0.11718840864519914
EDNRA,1.1172689497282917,0.1172291601658628
PDCL,-0.2595947446272584,0.1173897689546227
TNFRSF1B,0.30445612771142727,0.11740670531607017
CSTF2T,-0.3868766777339925,0.11751358632440614
MAP1A,-0.6729336051552357,0.11754146639366883
PMF1,0.1856189466149285,0.11754352697844836
AP2B1,-0.24638585420155223,0.11754566932555512
HIPK3,-0.9040545627645011,0.11755438412881496
ZBBX,0.8213097430943441,0.11758965838463963
AATK,-0.3833039128545286,0.11762955229534423
SEC24B,0.2797376243083498,0.11767921520739857
RPS10P2,-0.563475663674252,0.11769924143254598
TMSB15A,0.3908114346416287,0.11774220266925982
MN1,0.5894795731259865,0.1177423978181184
WDHD1,1.089214717670414,0.11777859769011967
FGFR1OP,0.43049280002758117,0.11777950712505547
HABP4,0.5708630613262642,0.11789432173044713
KLC2,0.5450420046282005,0.11793923239978685
ZNF185,0.2884992217258109,0.11798912028686957
IMP4,-0.32339310596401205,0.11813835950007444
KLRC1,1.2089776993567467,0.11816851063934068
DNAJC3,-0.44722090864620956,0.1182081123678937
CLASP2,0.34611326336410997,0.11821813190342507
MMP14,-1.120628266461214,0.11824083686069707
PCDH1,-0.38067762364982816,0.1182488482743879
RASGRP3,0.6937676816924467,0.11833023436119447
SATB2,0.9960153516685701,0.11843126144838512
RPL22,-0.2716974711927289,0.1184963418440363
PRPS1,-0.25637577686745594,0.11855035638331586
WWTR1,-0.7145703702841226,0.11855117717489914
JMJD7,0.9765148589928172,0.11879295664290458
HSPD1,-0.4363475994069823,0.11879603559155075
SAMHD1,0.35911568816529815,0.11879842566258951
HHLA3,0.9659975819495905,0.11882848360540019
GMFG,0.32453191142321813,0.11883304854017239
MGA,-0.20687032433276897,0.11887995182951863
LOC732360,-0.510287294706985,0.11892037013362916
C10ORF88,0.29346127174204995,0.11903449798692746
DLEC1,-0.4470662954913056,0.11906625565111055
PKMYT1,-0.2842093406767612,0.11919679328326853
NANOG,-0.7830251228131653,0.11937417790188981
GLI1,-0.7890614523439741,0.11937558442659335
CASC5,-0.6997013765108768,0.11944809242048367
LOC102725016,0.7908804273858259,0.11948166316957361
DDX5,-0.20819850494543246,0.11953189354073301
OXA1L,-0.19213928192620955,0.11960439317906774
RTDR1,0.39248673483292373,0.11965196390740558
HAX1,0.178797443452396,0.11969742880071844
ARHGAP11A,0.9422456348729709,0.11976537677276405
GATA1,-0.49986519973841403,0.12018707132156578
MYCT1,-0.37784681243984597,0.1201996923144665
KIAA0754,-1.3553546115119444,0.12024820985553251
PRR3,-0.42417726690563207,0.12029573452272078
TSG101,0.2231143997366889,0.12032228590640351
CAP1,0.2378868635339817,0.12038213389524145
IQCK,-0.711804958989283,0.12062836288949555
EIF3F,0.8410828902474203,0.12072588978029888
FBXW7,0.3172715156390602,0.12072652564720004
MT1F,0.5502019630339721,0.12072659680189445
PSMC3IP,-0.3775880123374531,0.12085845922876144
CPVL,0.3945407559854335,0.12091141405557591
GNAQ,-0.2946941216794716,0.12093510691998548
POLRMT,-0.4619934666529977,0.12094189548712198
ZNF345,0.6361610689581676,0.1210197819127785
ATF7IP2,0.4622419285121788,0.12104046014932819
TMEM11,-0.2446344404361369,0.12104497534996715
APBA1,0.5637597771217644,0.12121871604823352
SRD5A2,-0.7707237270031815,0.12132735367530718
KLK12,-0.6569923699705793,0.12133636096337948
MRPS10,-0.243175450207044,0.12134065911848728
KCNMB4,0.3105492217682473,0.12136818199158521
MYL5,0.3797111254191501,0.1215000802319388
CTSK,0.4429522092142637,0.12157715839825299
SLC6A7,-0.4174642071592589,0.12158142877555429
ZNF133,-0.22097992998636684,0.12174573929119743
TTC31,0.19210109264140662,0.1218052325217818
GUCA1A,0.40199979363817206,0.12188067319307273
TMEM57,0.29267245065028824,0.12189822264998938
UPF3A,-0.37157641801013375,0.12190396837017158
HCRT,-0.3119888223244258,0.1219102476012964
UBE2E1,0.23547774874363903,0.12192134956636136
GLTSCR1L,0.27605873090968025,0.12193138147274642
HBB,-1.3505618355141582,0.12194784136801941
KRT19,0.7076772444305859,0.12197010312425417
DBNDD1,0.4301802441929743,0.12199883235105083
ERVH-6,0.368981898413129,0.1220685040244858
SERINC3,-0.4090199901170788,0.12206964736403407
UBE2Q1,0.14980007148408525,0.12207096121502704
CFD,-0.6773995102900106,0.12214772859831065
C19ORF66,0.24765574176035443,0.12217056047619243
ZNF112,0.3664966534823044,0.1222567493694229
MSX1,-0.4620086972173887,0.12231942407752805
PSMC2,0.25622136565367093,0.12234083812842772
PITPNM3,-0.20856392841629634,0.12241452542905006
HNRNPF,-0.3093724502589428,0.12245316811018754
MRPL44,0.5697284858776506,0.12250279072244856
SEC61B,-0.3658326186573735,0.12255144264971637
MAG,-0.670924398354634,0.12260226512290963
SNX24,0.21952527552495127,0.12272893424146761
C14ORF169,0.24360158668589094,0.12273522192930403
TSPYL1,-0.270574460196638,0.12280472103082037
CEP131,0.7541208210782067,0.12280586172930656
CHMP3,-0.1790963386389226,0.12284091493261873
SAE1,0.17316967191175792,0.12286543298203127
LOC101929889,-0.673354126220663,0.12288734047123791
VASH1,0.5576336718765944,0.12295823103211218
PPM1A,-0.3601625083720261,0.12296313702090074
DDX58,0.30729114866800256,0.12313126298364861
ATP2A3,0.8359798454621243,0.12321846926173569
FKBP4,-0.28627054323423096,0.12330013841001725
VPS8,0.28927648781919046,0.12332184871125725
BACH1,0.47096309761565536,0.12343153633980763
HNRNPUL1,-0.2443764212480044,0.12349431761711965
IDUA,-1.0287638874414062,0.12352378047822632
TMEM255A,-0.7930196607656717,0.12352790182918524
CLOCK,-0.40501489244798616,0.12355648412095104
THBS3,0.5426386285195957,0.12360897692001425
FAM168A,0.6091300383128235,0.12362351228648161
SDF2L1,0.46721100950395034,0.12365174510487766
SMAD9,-0.54171233083001,0.12370364834098387
GNRHR,1.0267356841539246,0.1238014501555547
PIAS3,0.2470680599742181,0.12392630820119066
WARS,0.7225486966736021,0.12400870528466472
NR2F2,-0.5941835816912224,0.12402007348204562
DROSHA,0.21344857550610818,0.12413008716700835
ATG101,-0.19380894690916328,0.12417764205815468
TMEM121,-0.5046105257175562,0.12421809512390103
EFCC1,-0.5495316082913551,0.12434732943922006
ETF1,-0.3600230502416082,0.12441486305020028
DEFB1,-0.9103939355021229,0.12444204588457934
BCAS3,0.1701688166189239,0.12446921624312822
TERF1,0.24844742014925458,0.12449399754411203
SEC11A,-0.16027891728703736,0.12453059695423213
AP1S2,0.2674071750212148,0.12458706769027512
PSMD4,0.6146034684180228,0.1248066507091257
TTLL4,0.9316922748460037,0.12480818137249307
TRMT1L,0.38921280665219893,0.12485123187709135
MIR6789,0.21023756752462042,0.12487593650907598
CHI3L2,0.8388088900454864,0.12492680445796853
LIG4,0.3041576927248659,0.12494931697993043
THOP1,0.4271700745892302,0.12508830167258425
GCNT3,0.7473032785106728,0.12509684613072775
RING1,-0.24147067866804584,0.12522093761452785
PRPSAP1,0.25965223190681286,0.1252992008612754
PIBF1,0.3263380583961881,0.12532048375829802
MAGEA6,0.7100834682352177,0.12542498609181998
CYP17A1,-0.3508960266909602,0.12543245637055925
SIGLEC1,1.0128047459686709,0.12553258303130646
HAND1,-0.49970662706129954,0.12556585298192227
RIN1,0.22760136913889184,0.12561664866649544
SNRPD2,0.18245086999112559,0.125712383089729
TNFSF13,0.5193920332919557,0.1258685074435487
TLR1,0.4897835933217163,0.12595565744103354
NOC2L,-0.2849911584233258,0.12597948317984417
HRASLS2,-0.5981708508784616,0.1259951894926506
ZKSCAN3,-0.23999218652764132,0.12600325337666912
ZNF529,0.57815820912821,0.12600615682010302
ITPR2,0.27792025560409517,0.12601137514222674
GNB2L1,-0.500086933426708,0.12602051193283303
PFKFB3,-0.6863347873661692,0.12609081882763568
TK1,0.9148931675813339,0.12610885956367307
NR0B2,0.5160270733674448,0.12612035116161294
SNCA,-0.4435176233500453,0.12612775156185407
PRDX1,0.19982558937222983,0.12613824935067583
ATP13A3,-0.9687588186921046,0.1261825286469829
BTC,-1.0645368904418433,0.12618683952056203
IFIT1,0.4745241990511566,0.12633604993302897
AL590762.11,-0.5505557298016832,0.12635394859567506
BCL2L13,-0.1851298457985049,0.1263735403638487
WDR44,0.2721388923030652,0.1263836213558093
SNX11,0.32458267492035553,0.12638522085915924
RNF38,0.23134469998030127,0.12641748115705165
HTR1B,-0.8139898394586362,0.12646508756472574
SRMP1,0.8145973495049823,0.12647271220512288
GTF3C4,-0.19538739597720678,0.1267263776352635
STON1,-0.6301719336138056,0.12677019471174672
MIR1244-3,-0.28507391047021535,0.12677775647962722
FEZ2,-0.3419201519795143,0.12678316800934356
RCAN3,-0.868471907127427,0.1268321920142187
SLC35F5,-1.034327636661509,0.127031130399533
CDRT1,-0.4361090156615015,0.12709314505891692
NXF1,-0.2784403112603755,0.12709630980831424
OR7E14P,-0.45599119039080804,0.12732505291257312
CMC4,0.7626491653942038,0.1273560940600772
SH3BGRL3,0.3248360054882866,0.12759493858465476
ZXDC,-0.5121106646786568,0.12763387896542883
MLC1,-0.649979229892744,0.12770184118192882
HMGB3,0.29001520655759006,0.127710051674162
MAPK13,0.5777938626777273,0.12775962683002112
CCNL1,-0.6255264497336022,0.1278139683771119
STAT1,-0.9048880244515889,0.12782195235286897
CHD1L,-0.8027570616533701,0.12800952798087423
LYRM4,-0.16375439728480323,0.12817861295217092
METAP1,0.25136580255379926,0.1282073746418837
LPPR2,-0.5545355871629631,0.1283410169864069
RHOG,0.2911988805568093,0.1284153962183962
PDIA6,0.26252621108845986,0.12843102768728246
LNPEP,0.6376153084646639,0.12855328975823868
RFXANK,0.259588582254743,0.12868858139817868
COX7A2P2,-0.3233258278911464,0.12871778497156655
AKTIP,0.45534386288522377,0.1287449223822586
LOC100289473,-0.2499021527880556,0.12874655257050602
SHMT1,-0.26444331322679293,0.12876055025396022
BMP1,0.6358273567663346,0.12878544761872274
CCNG2,0.49232157442908964,0.1288512993565928
SPTBN4,-0.525803060633284,0.12888035339676937
PJA1,0.28418770411047056,0.12893322719633155
RPS6KA5,0.3269454532454734,0.1290386205970848
MST1L,-0.7812322124553184,0.12910774129320576
UQCR11,-0.21929922430746274,0.1291338712496782
SLITRK5,0.8580450144425362,0.1292448002242846
TSC1,-0.22750594678220715,0.12925924753378124
H2AFX,-0.5562329032546596,0.12926396902688103
SHFM1,0.16288786135198308,0.12933908063636856
ZWILCH,0.9209669763857802,0.12937210208020647
RTCB,0.12918128843807786,0.12938875850130888
CCDC70,0.8571251344362416,0.12940336682018386
KLK6,-0.6518968805471834,0.12944055978947533
NAA35,-0.23086576082930854,0.1295840999915818
PORCN,-0.3240525931849092,0.1296069710257176
UQCC1,-0.2274046992214931,0.1297689124542847
GPA33,-0.5382130166923007,0.12984652103239694
SEC23IP,0.4847399191928172,0.12991287855050848
C1ORF116,-0.28942220654528983,0.12993400162675486
SDHAP1,0.22842899195938315,0.12993586602101395
PSD4,-0.8605074458921074,0.1299409539037363
HPS6,0.26170088866358476,0.129943670536643
RAB27A,0.4838351756531605,0.12994942025012976
REST,-0.7695471701378453,0.13000987457344845
RPS27L,0.2555933508808046,0.13003760957901597
RARRES2,0.8873403518869374,0.13013317787749076
BPI,-0.5033059493231011,0.1302591559361456
SDS,-0.7554754633386374,0.13029754282945613
SDHA,0.2864161728226655,0.13031660265812386
DMTN,-0.22861817274692253,0.13031781513942503
IDS,-1.0379168033215649,0.13032742486023413
PIGF,0.19949395445113183,0.1304466665502763
LOC339166,0.5873953791257485,0.13045867951212897
VAV2,-0.9161806366633156,0.1306559379951646
SGK1,-0.44196281040271224,0.13068938300979194
AQP9,1.4575665186449305,0.1307154543872754
MED17,0.2265003653138571,0.13085346339602144
LOC101928826,-0.28943389897284,0.13085484507721767
KCNK13,0.8173953939355596,0.1308600600113457
NR1H3,0.46975606168984463,0.1308641347265541
PRG3,-0.3074834359211387,0.1308922592060917
IFRD2,-0.3512316211959199,0.13090330178891527
MYH7,-0.49428158158173296,0.13091553242244594
H6PD,-0.6766644120557359,0.13092143958211686
AMOTL2,-0.3827887566949091,0.13094088404128676
OR7E24,-0.2700483487403993,0.13094845037693523
GALNT2,-0.4149808621612827,0.13095115309693345
TESK2,0.21550306672802577,0.13097838908452553
ALDH5A1,0.9866418951046594,0.13106272092209756
MRPS33,0.25449104822607715,0.13106936795307428
RTF1,-0.20935729225202593,0.1310749516913747
PRSS21,0.8467553162626622,0.1310869973798448
POU2F3,-0.8967029687915558,0.1310926256560256
OR2B2,0.44980728188798924,0.13110702399489305
APPL1,0.33737292176071954,0.13112622005489177
AHSP,0.29797975025263757,0.1311410358096339
TTC12,0.8949551441312238,0.1311686101862729
NPBWR2,-0.6826820443119344,0.13119550904565033
FZD6,0.4703816075104301,0.13125388903946303
RPL30,-0.07275592452668356,0.1312931699191423
DOCK9,0.6493109754178903,0.1313204176805006
NRP2,0.841175520520987,0.131449965928597
AAR2,-0.10809589658929752,0.1314794646957429
ARL15,0.9176769808416498,0.1315291665559816
LOC101060604,-0.9274497662798113,0.13160963306560652
CTBS,0.31939907348403906,0.1316174821622698
AKAP12,-0.5028043384404608,0.13164486784185125
SUV420H1,0.12078659619642274,0.13165188669202738
RNPEP,0.20720781616988937,0.1318048835565589
RHOT2,-0.4059418425680459,0.13184777555663382
NMB,-0.5237109643333966,0.13202080343554642
SNX16,0.37782084481398837,0.13207285200408014
RNASEL,-0.4286160220987725,0.13209726453124868
NELL2,0.703047984574046,0.1321245203401371
RPL6,-0.13055292127342888,0.13213261404283574
RBBP5,-0.4598445147914143,0.13231510151570883
DUSP3,-0.3785936930434044,0.13238695690409047
GOLPH3,0.2532985418738427,0.1323997120510291
CRYGB,0.46672030436491685,0.1324002717325175
RP11-714L20.1,-0.3800646122212523,0.13240051827409033
QSER1,-0.2636496936347852,0.13262296333610762
BCL9,0.35845525993809346,0.1326366887612751
TMEM189,-0.21371435481358247,0.13265289144271034
MGC13053,0.4702098699283468,0.13267988307170148
ACTB,-0.21478382336612611,0.132737971936579
BPHL,-0.3228427293706915,0.13285484997091934
CEBPG,-0.2621502588638176,0.13296627755689475
GPR85,0.6594956750581895,0.1329715743489883
VCL,-0.7534621363031464,0.13318092123953681
CYCSP44,-0.8235745706308113,0.13322833935725037
KDSR,0.5228448071684284,0.13324985437092246
GATA2,-0.3732378017539384,0.13329350470865367
KDM5D,-1.7496898709075,0.1334141176083375
PHF10,0.14007657723811917,0.13341818478672196
NPPA,-0.20731263065077066,0.1335711805816865
HIST1H2AC,0.660542917683105,0.13363431362051043
AP4S1,-0.4796724167993265,0.1336815321069666
TMEM19,0.26530918934519754,0.13374202512546055
OVOL3,-0.2639638212628359,0.13374880963396626
LIPF,-0.6707580448255586,0.1337513924560233
APOBEC2,-0.19511951344021572,0.1338309450325617
USP33,-0.577011483642381,0.13390385798419743
CCND1,-0.41450884991908143,0.1340212601990571
CTNND1,0.27269085999313525,0.13404835797783513
COLQ,-0.6363430599723321,0.13406651135320172
BAI1,0.6855180174414075,0.1341770683487356
PAOX,0.3590969756529452,0.13418767276238416
EIF2S1,-0.3515535263664553,0.13424922976362869
ITPKB,0.5052314626065773,0.13431101563064549
VAV3,0.504207842197455,0.13439034041382206
FBXL7,-0.3008465981076611,0.1343951071905239
ZNF702P,0.3472025513099224,0.1344036120686788
HIVEP2,-0.2784656583729479,0.13444694991225314
LILRB4,0.5632482686329983,0.13445951222450014
LOC100506124,-0.8217144966501686,0.13447443142731744
C1ORF106,0.40291203525982233,0.13447585579358307
DPF2,0.24154757613621136,0.13447618622099672
MUC5B,0.8406211810701674,0.1344953029468834
ERBB4,-0.7208493201296653,0.13449576636475863
LDLR,-0.9753702820994627,0.1347092047614491
FBXO38,-0.911128129969347,0.13478456190765803
PIGL,0.32789573659003235,0.13483303744142178
NRSN2,-0.29504304997461617,0.13487942078623016
NEFH,-0.703768076590884,0.13489221391471742
BASP1,0.4113172292556726,0.1348945355984836
CCDC101,-0.22415785277025346,0.13501684466667627
SYNC,0.3827504425745927,0.135037315357076
TUBB3,-0.4103565468835093,0.13504227173611288
SLC15A3,0.44399082163564785,0.1350484007858064
CDKN2AIP,0.302434881568157,0.13507835813052257
PBXIP1,1.1835805042957315,0.13518768208547138
NFYA,-0.8460051205153718,0.13522074187250263
GCNT2,-0.7812111541050855,0.1352212253628394
LOC101927705,0.4002694504555109,0.13527639309942757
OBSL1,0.6751801873200707,0.1353107661392767
ABAT,0.4213856519191932,0.13542313073748158
PLEKHO2,0.20629626524599587,0.1355602150470233
AHSA1,-0.2061289639468704,0.13557800418574611
NOX5,0.42645676925121023,0.13562028952851912
C1ORF112,0.6896577846631802,0.1356565238904987
OR2C1,-0.24365811190535513,0.13571814110744546
RWDD3,0.3585352596332285,0.13580906314731234
CD40,-0.49777945238944366,0.13587698040251614
FAM35A,0.1182446407242157,0.13592890501172467
CRYZL1,0.2659981793298769,0.13593186067673288
TUBA3C,0.683373448043584,0.13594032127177477
ARPC1B,0.2648264071765105,0.13595737356198961
HARS,0.18741422724605705,0.13596289467819708
GJA5,-0.7502109928365437,0.13603144751611188
TMEM254,0.3874730708387242,0.1360518628027204
KCNS3,0.4042463517432502,0.1362326360535782
SLC20A2,-0.2634079472373321,0.13633050441700081
CYP51A1,-0.4710923451727771,0.13644857780992578
UPP1,-0.5069749264111127,0.13651284320399712
HMGB3P19,0.387676530961345,0.1365145620370438
GLCE,0.26634536082748905,0.13652287606467994
TSPAN31,-0.264226633719403,0.13658305020680558
DGCR8,-0.4602295313478546,0.13671948618299545
SCFD1,0.1684416337068786,0.13672237061034248
DUS2,0.5965686987840728,0.13677805184701824
PSMD7,-0.17724236420286132,0.13680205579694568
NDRG3,0.787158053034064,0.13692008731362448
FAM117A,0.39933063573055705,0.1369717465049315
RPAP3,0.3075401784715881,0.13699993907671734
DDAH1,-0.328035029126843,0.13701191393298462
PPP2R2B,0.4562326224233537,0.13708914406866266
MAML3,-0.5386864568202894,0.1371641987833798
TRAP1,-0.1720131419198161,0.13717727521905854
RTEL1,-0.5405248591854224,0.13722322300891565
RABGAP1,0.4910867053101269,0.13733819507993364
TCP11,0.5537667691585915,0.13747503141444872
ZNF232,0.35220629705977835,0.13748138318951644
NUBP1,0.18579452828374698,0.1376461942340245
LRRFIP1,-0.8029417028484049,0.13777661800170735
TMEM106C,0.7561305027638419,0.13779070587501244
TOM1,-0.28099670737408466,0.1378847607002403
UCKL1,-0.2772379081551932,0.13791354131768782
ZNF492,0.3941797415380739,0.13795695643259048
CCR10,0.3539927057133232,0.1379830020387134
RP11-549J18.1,-1.0224293538487266,0.13802939591055646
TP53I3,0.4934209839756196,0.13803852954324064
ZNF675,0.5678037388518291,0.13803964743105276
ADCY10,0.6693403045361777,0.13804749774614608
PDYN,0.63934230511361,0.1382759950529814
RMND5B,0.28470714080325443,0.13831549136647286
AURKC,0.16051680961203552,0.1383323298664433
KPNA3,-0.3045317260959326,0.1383378128573395
RPS6KC1,0.16848769805842778,0.13836311643976845
ZGPAT,0.47102179265796096,0.13836760229472148
TTC37,0.4240394738674249,0.1384707879197595
GUCY2D,0.511116256625817,0.1384847272283088
MTOR,0.6411056094586094,0.13850082932552768
CLEC2B,0.26867452907374734,0.1385267884979064
PDCD1,-0.40369250990181804,0.13858252063215723
PPP6R2,0.232996537565346,0.1386085872051632
DCLRE1C,-0.23077233548941045,0.13861376781116683
ELK2AP,-0.37092729580005734,0.1387236241882668
TMEM131,0.24021509874208746,0.13887773252305277
ITGA3,0.6008611719414265,0.13891116466151782
MAGED4,1.0515454389774508,0.13894712910540413
NDUFA5,0.8367910990068088,0.13915781446878406
SAA1,0.942610072523661,0.13927720354126052
CSNK1D,0.41658994951319617,0.13928764456069168
DIAPH2,-0.6469254935209978,0.13928925358230546
C2ORF42,0.15201343903563114,0.13932198792320014
RBM12B-AS1,-0.22944492254171855,0.13935229322106524
ARHGAP24,0.2852776876965164,0.1393619414760193
PBX3,0.2279008979975643,0.13939074706276258
MYOD1,0.32454691645456446,0.1394827485911572
MMD,-0.5124288954498759,0.1396702751429833
STMN1,0.7224444300192436,0.13976006738888777
SMOX,-0.5847926355554982,0.13976355709547095
PKM,-0.719831182464338,0.13977864399221573
NXPH4,-0.1981606094049022,0.1398729954248711
TRPM8,-0.6838830611355062,0.1398914948464677
TIMP1,0.2876397107545188,0.14010174673938344
IPO9,0.2496997253899167,0.14012555052181422
DTWD1,-0.31150376121329426,0.1401735010063546
POU2F2,0.9094385025125691,0.14019825226721808
FAM215A,-0.593291350618224,0.1402123883509865
KCNC1,0.7074058036289541,0.1403433828379591
RNF41,0.5627189952607417,0.14036043289255523
PLIN2,0.4898521595449239,0.1404057634983909
HOXB9,0.472359429962788,0.14041761243321482
OR2H1,-0.7523189325073911,0.14044453132170084
HSPA14,0.26189458796639364,0.14062828722595938
GPATCH4,-0.20527547545946145,0.14068040532256182
CDK5RAP3,0.30766488944203907,0.14076444856328618
STXBP1,-0.37318498020320057,0.14081301683029745
NTSR1,-0.347833258588631,0.14087177672214105
STX8,0.21330578378750253,0.1409334642550458
ZCCHC24,-0.37071546121495835,0.14102971251199894
HEY1,0.7595151802121647,0.14104259585213855
ATP1B1,-0.5592219197879773,0.1410784047557537
OS9,-0.1877399049691313,0.14114209051661272
NTS,0.9480507018126287,0.1411936114732571
TBC1D2B,-0.435013572904726,0.1412671868030068
TAB1,0.521161894869568,0.14135202368446745
PSPN,0.4984749431056672,0.1414653124004032
UBE2E3,0.19872179509452437,0.14147830981097723
SEMA6C,-0.5337859479430529,0.14148198199551124
LRFN4,0.5718761578864404,0.14150142022793294
COX10,-0.2041853975522887,0.14158235721429072
POLD3,0.1674836921304621,0.14167752830862815
LOC100507388,0.4126464489577568,0.14169887728901298
DCN,-0.332736548372905,0.14193103512670235
CELA2B,-0.41126250807503073,0.1419805060519905
PIGB,0.1739630397796148,0.14206215218166188
WRB,0.3281306205560348,0.14219017758739638
ADAM3B,0.763325044999899,0.1422222784788073
GAS2L1,-0.8242226556084278,0.14234922466048255
CCNI,-0.2082322304036648,0.1424256007339954
RPS3A,0.18737048752160046,0.14244752206665778
CYBRD1,-0.6735754957755908,0.14257551657539663
AASS,-0.8096262067369828,0.1426889796831191
PRSS16,0.6031805309199232,0.1427336007405717
BLVRA,0.5471792873207595,0.14276716177129922
SLC12A5,0.5042585974663254,0.14285854161522196
MAN2B1,0.3964944502521899,0.14289693874792322
PAFAH2,0.3143333316804169,0.14300839594990833
LOC101927458,0.5032226142423362,0.1430403581231825
ITIH4,-0.5532180480387359,0.1430932263073161
MEX3D,-0.541063609633162,0.14309566998334963
CNKSR1,-0.5120119608630773,0.14313515820745565
FZD3,0.29835018324453344,0.1431564134595694
CCDC19,-0.30050024930572405,0.1431952552074882
ELF4,0.6682880420964619,0.14320163854046128
RNF219,0.31384418308812556,0.14336599839728584
NPAS3,-0.7419343456326413,0.1433683813679623
GSTT1,1.39336190738954,0.14344761040690038
CPN2,0.6706104237787018,0.1435882236990962
KCTD5,0.2993018973118904,0.14361915726602986
CYP4F11,-0.3968942156505848,0.14365524419912815
PARD6A,-0.31598192986352647,0.1437564519125597
CES2,-0.22479532241885636,0.1438404210227457
NPAS2,-0.9284774745962991,0.14384545632134582
SMN1,-0.5246551344504828,0.14386997910772817
MAGEA10-MAGEA5,-0.7221590017786701,0.14387117201033695
EIF1B,-0.2776700256741069,0.14389068581376302
CAMK2A,0.5130402462079027,0.14389815950735305
TPGS2,0.6278374751405131,0.1439141642156931
ZBTB11,0.34544377531804393,0.1439195111096179
PIEZO2,0.6225662626891708,0.14396943160709325
FHL3,-0.2294666504863878,0.1439798813197666
TRPM4,0.957571671999637,0.14398763797095285
PI4KB,-0.1964732089055552,0.14414949813050254
PID1,-0.46568952453229606,0.1441687539062149
ATG10,0.27900403164466603,0.14421825615570083
SEPT11,-0.580367102547239,0.1442295140918505
RPS24,-0.0695281195587647,0.1445335671696825
CPNE1,-0.3212235758955586,0.1445390387145919
MLANA,0.7948709008997961,0.14455968493330015
ENDOU,-0.4937725311567327,0.14457828559934865
ZBTB22,0.3234491033715656,0.14459101813760789
HLA-DRB4,2.4083378994920306,0.14460450767184546
NRXN1,-0.9480226969251433,0.14461976639537483
N4BP2L2-IT2,-0.4283456305821254,0.14464498041348262
CHSY1,-0.39691681464350914,0.14465720630632192
RALYL,0.4396488658537532,0.14466985396602128
HS3ST3B1,0.468728434885751,0.14500009967735003
ISCU,0.23706513636014748,0.14505464301268456
RELB,0.40128665290676047,0.14517432238706413
LOC101060747,-0.5102630404693196,0.14517960888797438
ITGAX,1.0006805707349873,0.14524672822085144
CSRNP3,-0.7382512945265978,0.1453256146295556
UBE2W,-0.2850050871214105,0.145351507224992
TNFRSF1A,-0.2933243619740562,0.1454606592229102
OSGIN1,-0.537612221213922,0.14557117471226677
PLCB1,-0.8540723574975555,0.1455916252126558
DDB1,0.14787870135099013,0.14559634921534811
SLC35G2,-0.3931483442691466,0.14561347185422874
TCN2,-0.3276383376645491,0.14575015124366422
UQCRC1,0.2460216688023369,0.14577942819331405
CCT4,0.16388087764529047,0.1457815561831245
MRPL13,0.3086622720070089,0.14581393923763197
SLC28A1,0.5026018068283555,0.1458567004807987
PIK3CA,0.2582598102322322,0.145923270283058
WNK1,-0.4719172196996917,0.14600570081544575
DOLK,0.18000448515713252,0.1460394712958881
MSMB,-0.8337190714867053,0.14610735203418504
S100A13,-0.34056385771436304,0.14615187293134516
MT4,-0.5590267845922545,0.14636375985018393
AC012065.7,0.48734292097303644,0.14639217834476242
RERGL,-1.3586187907111595,0.14639930142543875
COL5A1,0.8482146091861296,0.1465361380975042
KCTD13,-0.31233415843658907,0.14665094622009628
SCYL3,0.2624356416366451,0.14666490952823083
F13A1,0.8352935962252346,0.14668120007540805
NUDT1,0.934772030831911,0.14672280555038114
GOLGA6A,0.8464360174623939,0.1467770905681358
RP1-8B22.1,1.151809457532253,0.1469749477063554
LOC100996517,-0.27050205210915124,0.14697553095531607
FASN,-0.7453279339990586,0.14702696277161112
TSC2,-0.6024699678789718,0.14709458098619596
BTN3A2,0.9056385387002202,0.14713142788488537
C11ORF16,-0.45871371412455275,0.1472329895688665
SLIRP,-0.19219072171518015,0.1473897912696977
RASL11B,0.38714028731329897,0.14739714198510356
AGPAT3,-0.2767711646040478,0.14739855339168878
PIN1P1,-0.5454693351068434,0.14741089243408778
LOC440792,-0.45209972203074233,0.14742755972692098
DCC,0.4783603485485095,0.14743112433664307
CREB5,-0.5308733724313619,0.14743918971746117
LENEP,0.5792917902499441,0.1475124681988452
GDF3,-0.46669273082124807,0.14756262045622617
GOLGA7,0.1236329504175302,0.14774479829975387
CCDC53,0.3198116120528969,0.14781754342350165
PSMD6,0.16359836678129902,0.14787624305291583
TCEA2,-0.4250613003848436,0.1479167123054262
RCVRN,-0.4951506555323206,0.14793525317194306
THBS2,0.5205202751357998,0.14794124900204877
TUBB7P,0.2974326519536663,0.14798238519237175
ODF1,0.3271790824858538,0.14821559078038765
EPB41L2,-0.3442182539174947,0.14823685734626998
LOC101928669,-0.5493289363609906,0.14823981442132794
CRYGC,-0.5143235277249616,0.1482461004195042
MASP2,0.5133562338483388,0.14829956240986142
TLN2,-0.4703331988652719,0.14836073197221647
CACNB4,-0.45411437419179856,0.1483638203634204
OSER1,0.20681517483400036,0.14846698297388294
MAP3K19,0.3829935212787632,0.14857017134483225
ATP13A1,-0.15509656272894112,0.14857697610183096
SYNGR1,-0.46506386956522316,0.14869338031481605
PTPRG,-0.2835630010605268,0.14869879536519034
VEZT,-0.4344968949045098,0.14872029500787165
OTOF,0.44366800241812054,0.1487470810916788
PDE4B,-0.7211356782688334,0.14876154929012345
NDUFB5,0.3074021210066764,0.14878221132291078
ZC3HAV1,0.3533024554022077,0.14882450350635848
CCDC134,-0.490852353415983,0.14887638709909942
FASTKD1,0.25564567766699575,0.14895128790866083
TRIM45,-0.328549723524592,0.1489569403707529
DNAJC4,-0.3835936323367104,0.149011470273346
TRABD,-0.33858925778749693,0.1490944320180611
ZNF20,0.22354086044543564,0.14913371787294272
GPATCH1,0.2979201189781895,0.14920244014346054
PCTP,0.3172654513102309,0.1492697933653843
RRP9,-0.46674767032204567,0.14934022403399605
ECHDC1,-0.2059052186038386,0.14945114678521113
SHANK1,0.5550704230020083,0.1495172038653761
TRMT44,0.6685255986323515,0.14957041907031957
FGF3,-0.342471442508244,0.14962993167837496
NUDC,-0.3222807344230023,0.14964124468040602
PCDHB3,-0.9576554364029315,0.14968406296823683
EXT2,0.1839562971767954,0.1496983491877761
AKAP5,0.7784461123014275,0.14982864782112124
WFDC1,0.7942877924712679,0.14987251474269545
PLEKHA6,-0.5921430101668239,0.1499799912569099
TMEM45A,0.356198242025453,0.15013060988119867
MGST2,0.31210558978619396,0.15017077032354706
PLLP,0.3320871189924164,0.15018575199159157
HIST1H1A,0.36466599593551097,0.1503270010545072
RNF138,0.21676061742263641,0.15038197477647552
TRAF2,0.39777143538246573,0.15042257336634718
TRIO,-0.6392924367336308,0.1505684050879638
ZNF614,-0.579361715894799,0.15057528498358919
CUTA,0.23495813453728331,0.15065023465294292
SMYD3,0.35799118872044566,0.15066987428574138
SLC39A2,0.47075541610878613,0.1507667993226974
SLC22A5,-0.18586075050739836,0.1508269120661821
ITPA,0.150833497165614,0.15106550433419413
RGS10,-0.6753574126499755,0.15110625330823346
NOL8,0.22815371001522244,0.15119568043687603
SLC38A1,0.5085199590920944,0.15135900475419284
OXT,-0.5343284939764708,0.15137511061134015
LOC102725072,0.6096752389470224,0.15139193800180323
CHKB-CPT1B,0.3181070451347985,0.1514619599998166
ELP6,0.5644152802903823,0.15152141464443708
TACC2,-0.42197449889859584,0.15155263797089333
ENTPD1-AS1,0.15530383969892103,0.15162970726023006
CLCC1,0.3160549046509349,0.15172562509760518
TOP2B,0.24000558442155828,0.15173664826745203
FTSJ1,0.26165098857692115,0.15176602179276383
PTPRN,-0.30282696623169514,0.1518372572346507
ZNF592,-0.2509057020601402,0.15184848461006442
PRDM1,0.6085422155934799,0.1518759802086674
AOC3,-0.7273913522392412,0.1519535111761896
KCTD12,-0.3160371985852102,0.15206490550719282
T-CELL RECEPTOR V-ALPHA REGION,0.6473025456157062,0.15206575229576225
DDX49,-0.399598701888082,0.15218379815140926
KRT19P2,-0.5889086432216484,0.15226421469575632
LINC01278,-0.5689426900682797,0.15227287022030403
LETMD1,0.23991049451417723,0.15227780757713055
MCM3AP,-0.49215286287613313,0.15232362051898768
FAM46A,-0.2515230622966307,0.15237026814267407
TTC1,0.17324491909574036,0.1524018548036388
SEC14L4,-0.45995414782152544,0.15248414320491596
TTPAL,-0.2348133785863613,0.1524935394250289
ZDHHC24,0.24872261555354847,0.15254148150361302
CENPI,0.7230025708683021,0.1526163589819912
C11ORF68,0.2901683627661651,0.15269929657248735
PLCH1,0.9382752712955345,0.15281385071367473
TMEM8A,0.29131479572199304,0.15282949674074275
NMRK2,0.8203665698794067,0.15286650015750297
MXI1,0.2936143956094046,0.15290795003328012
CYP11A1,0.4285597564170285,0.15292795730960487
PSMC3,-0.3175166102007321,0.1529575360605574
BLOC1S1,-0.25336862469804444,0.1529826707205077
ETV4,-0.6572276601237155,0.15301723544413828
RP6-11O7.2,-0.41064219937279134,0.1530778016115571
LGALS14,0.21216780533731416,0.15313621172255085
CYB5R2,0.3608142194379811,0.15320499432207807
LY6H,-0.39046121941488643,0.1533132578071732
ICE1,0.17172947631250857,0.1533247509319942
LOC101060181,-0.9143029396748106,0.15342010833737987
COL3A1,0.5049435540480172,0.1534642163868522
C6ORF10,0.7256098159671422,0.15365857201544264
PTPN2,1.209212977833395,0.15366555259482745
F2,-0.3102248226147313,0.15371218750176305
FBXO40,0.6023138778923989,0.1538662773089029
LAGE3,-0.19916480102485856,0.15393122822101826
MEF2C,-0.504012254269953,0.15395538472306117
PPP1R3D,-0.644827878943576,0.15399584809531808
TIAM2,0.37731573145772757,0.15402076137420165
INF2,-0.28845734662446,0.15408476656558956
WDR74,-0.32733749307590543,0.1541334299944201
HBS1L,-0.5927938958306331,0.1541650042208521
PARP2,0.2626379437294526,0.1542004778426255
CCR1,0.391707803189993,0.15428072621656944
SLC7A4,-0.4314657330719047,0.15431946014136652
GRAMD1C,0.7577543335271599,0.15436800215160834
TSPAN8,-0.7306148706237687,0.15445231038021534
LFNG,-0.6875369081244287,0.1545916757377899
IGHD3-16,-0.5788539095633509,0.15466346562262592
MBD5,0.29019308501165764,0.1546927904497093
RFK,0.2665211370349514,0.15473916477087574
ZNF557,0.6497685834404532,0.1547497070367065
KLHL28,-0.5972828115536117,0.1547818372909962
GPR32,0.6166400805242853,0.15484344221018276
SIRT5,0.6695678158159097,0.15491565191045176
SOD1,0.1455633983560567,0.1549765411561794
ERGIC3,0.3846430452138794,0.15519916405229536
CCDC109B,0.28233116736982566,0.15523932295183904
CENPN,0.6508822145367272,0.1553130874235979
MTMR2,0.27853110681421445,0.15545287220923545
ZCCHC14,-0.7141220013448923,0.15557200986986147
IRS4,0.3368492133636263,0.1555851638661868
ZBP1,0.5861936201502065,0.15560363519177256
ZNF45,0.24198833444772117,0.1558354143728437
COPE,-0.66291909212325,0.1558461365579625
TIE1,0.5864815238180832,0.15613387417333774
IDH3G,-0.2331542892678371,0.15632399797470195
SLPI,-0.7465485534615617,0.15633283009195845
SPTAN1,-0.8819985949218019,0.15635140126086555
CRMP1,-0.22456663808033017,0.1565037162997974
MNT,-0.23706912885997156,0.15654247894464923
SLC4A3,-0.2557606440518825,0.1565458113526119
CGRRF1,-0.11195774281044635,0.1565593706491656
PHC2,-0.3300476852349732,0.15657782129395204
HSP90AB1,-0.30420740947469227,0.15662342026809914
ADRM1,-0.18424382494113445,0.15668399060767882
C8ORF33,-0.3201308896677073,0.15674647958910973
NSMAF,-0.1902143148919606,0.15679270007089535
PEF1,0.19748636317917345,0.15680455673819663
IPO4,-0.5718500527137911,0.15681071592030613
GPR64,-0.7809027962460604,0.15688371129067571
GNB3,-0.13555863581029737,0.15695191720432378
NUDT4,-0.7990113986530338,0.15695779342842414
FAM134B,0.6977942160500881,0.15709331038903115
NBAS,0.18004543431345077,0.15709578424350287
GLRA1,0.5133332368268295,0.1572429455294489
DCAF17,-0.32027054570465285,0.15728281021570992
ANKEF1,0.7416878203922361,0.1573855801145504
LAMA2,0.9716093546588751,0.15747389029524198
SPAM1,0.5906231137848863,0.15752280407218555
MIR6824,0.2797966031774033,0.1575251303020086
ACOT7,0.6328302886569528,0.15761947847905847
PRDM8,-0.24333742690373716,0.15771562776976214
PFDN4,0.6426362003559998,0.15772153078403545
FASTKD3,0.3754070468199373,0.1578496898226309
STK11,-0.4647440493930137,0.15800983733802484
REPIN1,-0.20359378942813144,0.15802054049836559
SIL1,0.5003225669930185,0.15808729998342969
FADD,0.30872238325444457,0.15813847641084225
SPTB,-0.442296516925202,0.1583342967658082
SLC13A4,-0.5909684561030426,0.15835356632988695
EPS15,0.2509922569141949,0.158356381304627
RNASEH2B,0.2356890139481802,0.1583846679838366
MYBPC1,0.3641471498420117,0.15852944962516705
HOXB2,0.4368849128259704,0.15853122374045409
AES,-0.24192479678690582,0.1586112906287556
SERPIND1,-0.8547835977691247,0.15870846645619602
CAPN9,-0.5308821327246358,0.15872719238739183
COCH,0.8601754596491702,0.15872846316107758
C12ORF5,0.32871424977131625,0.15873912929676237
PCMTD2,0.34498856075680884,0.15893977030064416
RP13-258O15.1,-0.2765498938719677,0.15901187879925877
BAALC,0.5934412191166336,0.15901602282680743
IFT81,0.6356464196387188,0.15916987996323106
HOXC8,-0.5994680482712429,0.1591752324051506
DDR1,0.27711058626492946,0.15917923255356337
ZNF197,-0.1913846253169682,0.159258226257693
SLC2A4RG,-0.25661964737273735,0.15941160957716516
NKIRAS2,-0.19870856643278323,0.15948514265527977
GLG1,-0.40353410515871957,0.15952412375488204
CPD,0.7063603973258799,0.15957379955367731
CUX2,0.7573634270025709,0.15963265104901675
GABRE,-0.7150059951431524,0.15973759621015268
RP11-496I2.2,0.6158025215052128,0.15976778644833609
EGFR,-0.6795621601194597,0.15980291852791517
CDKN3,0.3592851007326754,0.1600521065681727
SPAG7,0.170304274724419,0.1601308118444316
SPTLC3,-0.938239942587725,0.1601395447928781
TOX3,-1.2210733716564306,0.1602359239619929
NUDT13,0.2555368819472399,0.16026395274259675
IL18BP,0.48537380926059726,0.1602753448301127
TESPA1,0.3377459377792924,0.16033878834577767
RPS6KA3,0.32564726772677943,0.16056407053087615
PECAM1,0.4094674111130985,0.16056830008381726
GPATCH3,-0.19091381675819363,0.16074639228441287
LIPE,-1.2448621241203632,0.16075654225568042
PIP4K2C,0.25669889547958213,0.16078719180529447
RPS11,0.5021331248662939,0.16081358547866093
ZNF329,0.505535073173287,0.16090584823696194
PTOV1,-0.3489255105055573,0.16102866418778208
AFF3,-0.43718069362702927,0.16104244598307407
ELOVL6,0.30958975767901276,0.16114109885176514
RGS3,0.49609515506179136,0.16118288513432055
STOM,-0.94318506661569,0.1613416334652215
PRIM1,0.6297601343805459,0.16143078526527505
DYRK4,0.33417714328363957,0.16154269846267733
HOPX,0.5239188728594613,0.1615683551188055
SSX1,-0.493962340516914,0.16156869167024088
NXT2,0.3587049542537555,0.16169124761668358
CAMKMT,-0.2503839874451623,0.16170445722166535
NTAN1,0.27373559089635613,0.1618285039371847
MIR943,-0.17573015576800266,0.16189226893719993
ATOX1,0.2556242804849287,0.1619101043037304
PIGZ,-0.30964201893577137,0.1619135777643935
MKL2,-0.38136393170414884,0.16192157914748298
HTR6,-0.30823533674706294,0.16194119592416387
EIF2B2,0.19951933952719614,0.16197436055340467
TIMP4,-0.9773637395182799,0.16197712425657362
WDR83OS,-0.15933774956120317,0.16214308713898498
KCNJ9,-0.6113727821747483,0.1622469040039481
HRK,-1.0700458199914404,0.16235018798874157
CHEK1,0.38897575948367447,0.162359927689925
TRIM9,0.5495007086739898,0.16238105056987764
TRPM1,0.7865016403343295,0.16240022199415405
KLF1,-0.22544917690041455,0.16260400063636596
TEC,0.18962041441995003,0.16270764137185692
NAMPT,-0.7017479223614025,0.16274792894198029
OTOR,0.4265680379300738,0.1627977530484344
ARHGDIG,-0.3740591801206179,0.16292780027676895
SCAPER,0.3615466926934108,0.16292908150153154
E2F5,0.7250508813682588,0.16295753649542197
IFNB1,-0.28308962768686996,0.1629888077791896
CCNL2,-0.5113772375988876,0.16319755779330977
LOC728392,0.34288710725534344,0.16322371409015995
ROCK1,0.2667205739032035,0.1634572382815881
SCARB1,-0.7292182453314364,0.1634698493638318
MMP12,0.6003284596312168,0.16351908774691232
CNOT8,-0.29215539264139423,0.16353409233872465
IRF1,0.5049404141664322,0.16368971452952039
ALG13,-0.5798654153968537,0.1637317186956501
MARS,-0.7661254656148193,0.163755566286005
ZNF227,0.2569392624575553,0.16381736669326774
SCGB2A1,0.3893011581836534,0.16385160050269373
PCDHA1,0.3754834730145138,0.1638720016620155
HR,-0.5200177907686685,0.16393629988250075
SERPINC1,-0.20729227230773573,0.16399257439620885
IFIT2,0.26247681419077296,0.16401001491995293
SSTR5,-0.3766227962437405,0.1640803030274242
PRPH2,-0.33640830375566644,0.16410245254952358
ZNF665,-0.1792009565994821,0.16413252966087208
IMP3,0.22711439719619975,0.1641845906054307
MRGBP,0.3320050138998951,0.1641874417732235
WDR96,-0.2756667766908436,0.16430288320616052
ELAC2,0.5772426972444222,0.1643380782804813
LHX2,0.7801452837425265,0.16433991354700833
SLC39A1,-0.20773530233068271,0.1644143803520844
TMEM212,-0.3741003032018657,0.1644779041286369
CLK1,-0.33264064014808703,0.16489581074347542
PPP1R7,0.255578311467791,0.16493803926119188
ACHE,0.5268201299025339,0.16503792749048965
PPP2R2D,0.8604339856009551,0.1650960028472503
CRIP1,0.608375406097494,0.16512471332372608
AMFR,0.4756895854101604,0.16517789794965168
EGFL8,-0.5409842887463894,0.165204747224612
MIR6875,-0.5351968986703,0.1652454940867985
HHIPL2,0.34041189317839216,0.1655316505001447
DKK4,-0.44027722621763976,0.16555764594766242
API5,0.4829273078856051,0.16556322592344333
CGB,-0.5462105991436852,0.165574007713474
MOCS2,0.3221213535297647,0.16566009814682603
LOC100996792,-0.37034401539244755,0.16573044602861975
H2AFY,0.2964576131280108,0.16592549531764586
NDUFAB1,-0.12633055617234135,0.1659796761389359
KIF17,-0.6466802417232875,0.16631923093780968
HTR1E,0.8483147294451614,0.16634584781251707
PRO1483,0.40772776561702395,0.1664253447523802
PLXNC1,1.1114502255525966,0.16646317919069162
CPSF7,-0.14384929802419322,0.16668264520254322
RAD54B,0.39754652587786143,0.16674155681416236
AGR2,0.2893968225536101,0.16686887641273573
SFXN3,0.3309422771204211,0.16688352323851782
RCL1,-0.19114200505831747,0.1668897155993091
RUFY2,-0.7884537438503489,0.16689521072369157
BAZ2A,0.8698321020027846,0.16694397010919973
APOBEC3F,0.5967030149423076,0.166971242250568
RP3-391O22.2,-0.9003109521924126,0.16702326097436349
SLC43A1,0.24485104598037033,0.16708508843770448
BCAM,-0.5077812315881864,0.16709324311168544
CREB1,0.32967895282912174,0.1673378413563839
RP11-15P13.1,-0.8837035090210308,0.16741364742394899
CLCA4,0.7014952074797209,0.1674572630339116
SERPINA1,0.8417948962821828,0.1674623346031124
CCR9,0.5370927626707811,0.16746481014874082
DCAF15,-0.518426090175093,0.16784183578099166
KCNA5,0.9236176512256282,0.16798621802926644
AMH,-0.43932642146289735,0.16807840000281252
KSR1,-0.6281570624514803,0.16825839408163532
MIR6883,-0.5377048185615649,0.16827007280045486
CDKN2D,-0.4937113801755739,0.1682901842238431
CD69,0.7116708137021908,0.168442910647194
PAX6,0.456867056842424,0.1684553050830184
ATP7B,0.29967515050431803,0.16851090346988126
SOX3,0.7603063952351237,0.1685625182927311
DIEXF,0.2814018234881974,0.16857572099130672
CHD7,-0.8605601528164919,0.1686563273234616
PIK3IP1,0.5538371918070837,0.16870189474074943
FKBP1B,0.3850738400364371,0.16884093761000024
ATP1B3,-0.22692704129528174,0.16886114029894855
NMU,0.7553976896800894,0.16923269731279844
SLC41A3,-0.20640631940033138,0.1692883640778024
TMEM180,0.34166438797495857,0.16964692669820722
SSX2IP,0.678795960239647,0.16996607977170286
CACNA2D2,0.47805904825020384,0.1700191199544146
ASB8,0.2831500005928982,0.17001932408832432
TP53TG5,0.26982988500105165,0.17006373280985687
OR1D5,0.7688821187560579,0.17015338282169365
SLC6A2,0.9177558288877443,0.1702009558938592
CDH22,-0.6104177961799655,0.17036185094633052
LOC100996693,-0.5483254471769259,0.1704339679660671
USP9Y,-1.2658996774601476,0.1705210257288688
SCPEP1,0.29836410899468113,0.17068307049998926
ESPN,-0.5448784081401925,0.17078114978556974
PRMT2,-0.6776731878266418,0.1708354179463226
ZNF688,-0.704942321795456,0.1708644264352915
CD320,-0.5032538734156784,0.1709311290710707
MIR7110,0.29879728061509425,0.17095573372215914
PCGF1,0.5062528800049106,0.170960740703872
CDC42EP2,-0.9079341801666443,0.17103025263680405
SPARCL1,-0.18107641118357876,0.17106021500352672
HMBOX1,0.36596117662129224,0.17108535157322707
NUP214,0.2317947485729901,0.17112918889726839
ABO,0.6142830968055808,0.17119227261952621
IL11RA,-0.36583897261228593,0.17122803940938278
ADRBK2,0.26661282548763054,0.17129285837661598
DESI2,-0.6467810247225163,0.17147472421136523
DISC1,-0.5619377162683659,0.17153058657610146
ALOX12B,-0.3902718770108926,0.171746386137624
PRRG2,-0.4171052539900222,0.17187152458772043
COPZ2,-0.2978642759974388,0.1718991586678286
RABL2A,-0.2234319729074894,0.172004422272827
CEMIP,0.9481543838674291,0.17217008969784572
NXT1,-0.36330069283294897,0.172247242813363
CEP152,-0.680337977635121,0.17225704715205076
SIGLEC15,-0.44118313969725786,0.17234793922060723
PHLPP1,-0.8285404543341106,0.17252254716997317
KCTD7,-0.6394999874053777,0.17253280146177288
LANCL1,0.35060152493835695,0.1725469932191349
PDZRN4,-0.4252733312187651,0.17277319888571768
TMEM59,0.1549183923455253,0.1729831979519245
PRKACG,-0.5512845782150846,0.1729881284974796
ABHD14A-ACY1,-0.21366229988769803,0.17300483545066786
ING4,0.7385627076328634,0.17312953328609387
BCAP29,0.23657659847831525,0.17313579531690385
RAPGEF5,0.4494602790282656,0.17314165238972035
XAGE1B,-0.48898016229585783,0.1732613005024112
ZAK,-0.38314039248096154,0.17333481586556226
TMEM176B,0.34775455683329426,0.173383737963196
ST3GAL1,-0.3357470816285346,0.17344472587983095
ANKFY1,-0.22121957502609746,0.17349381067837044
FBXO5,0.4470073123990135,0.17351224282306696
U2AF2,-0.4814371972720499,0.17363224907586267
ABHD3,0.38091882967602686,0.1736388148195784
TBX19,0.5423729822383621,0.1739173184369238
OR2J3,-0.6215603287002867,0.17395241421285962
MCHR1,0.6437701004729517,0.17400169734474233
THYN1,0.3541753887404333,0.17416528818950092
PRMT1,-0.22276961723748023,0.1741937791436549
KCTD17,0.5512006513784655,0.17423606745656223
GIGYF2,-0.11560733695068315,0.17434874236854433
G6PC2,-0.23655289433832039,0.17439556880929055
TOP3A,-0.7608308057446607,0.17440916484732044
DAAM1,0.3514021395936968,0.17451419115307912
FMO4,0.19759491433641863,0.17461125716526998
GBX1,0.27540099593226364,0.1746194713878399
CDK8,0.30584860087747767,0.17465561618587247
BZW2,-0.3058809313557376,0.17471558198877968
FRY,0.43389769635285536,0.17475322904601526
LOC101060321,-0.6580547193526849,0.17493849705197756
DPEP2,1.2139750126678424,0.1749830323805447
TRIP11,0.4663742280008272,0.17499524767722507
ZEB2,-0.36385663657165424,0.1750683106699113
CA14,0.3586470549036953,0.1751251187848796
TAS2R1,-0.37015886063485404,0.1754553693764122
SLC18A1,-0.5439472973644977,0.1754760779478667
CDC42EP3,0.5307867618057021,0.17550042939546098
CALML5,0.6242879433803994,0.1756480311138283
NPEPL1,-0.3853853781510832,0.17574614946350706
JMJD7-PLA2G4B,0.6959879426860782,0.1758020385028081
ZNF33B,0.463126481267393,0.17584092276673108
PPM1F,0.36282102556806706,0.17586900237441702
PANK3,0.3082202746808127,0.17598558065119854
AC004941.5,-0.623617178524408,0.1759993892242982
PRDM11,-0.3494759686873925,0.17610165742395165
SMG7-AS1,0.7120514197349688,0.17610816455794842
ZNF593,-0.44178437117662206,0.17628024344520601
FADS1,-0.5225973894244929,0.17643183370997992
SLC3A1,0.5258928569904473,0.17649017694800034
TAS2R16,0.17222932427185267,0.17654084720467217
TTC40,0.7252474114984575,0.17655111004407173
KRT83,-0.3802015505174712,0.17657944347169635
TXLNA,-0.15273129026188315,0.1765977014748508
NDUFA7,0.5499606071725571,0.17661432884086725
PSD,-0.3946181835072071,0.1767121827459875
MEF2A,-0.3179470304113927,0.17671762249178452
CIITA,-0.7659729753711524,0.17672761155032707
KLHL2,-0.2754279229573875,0.17673348588905582
EVI2A,0.4290367594861202,0.17684611614887
TPT1P8,-0.2675012895761828,0.17685789609209576
ALDH3A1,-0.4461928874696959,0.17688621945555483
VAMP3,-0.31900024122217374,0.17707645728188715
RASSF7,0.5602460583511109,0.17713593434345054
LTF,0.937233344858921,0.17716124373266656
ALDH7A1,-0.5702234382078712,0.17725386856413988
R3HDM2,-0.1801167205225802,0.17741068013873762
NDUFB1,0.19491581095689448,0.17761495743959008
ZNF304,0.22475753236146012,0.177650991041553
PIDD1,-0.37956904261092195,0.1776780510324802
RUNX1T1,-1.0749440942986075,0.1776929777541142
SLC25A14,0.5250593500068144,0.1779207402358038
LAMA1,0.49455104541122896,0.1779835273686403
INSRR,-0.3345759651235367,0.17800318383934582
MRPL24,-0.16323897787160035,0.17804245654567522
PDCD10,0.3014616056724062,0.17813828126719916
ERV3-2,-0.40268325537593697,0.17817438770897662
GSTA1,-0.4892843190338887,0.17818074992972155
TRA,0.2539244477368161,0.17819381895930061
CYB561,-0.2907206205543913,0.17826233456940335
USP19,-0.22837102869067039,0.1783430057270404
CAMSAP1,-0.7610818216179256,0.17835270376219478
CDCA3,0.5917603939858802,0.17849426524377904
METTL17,0.2716122661200231,0.1786267290620416
SNPH,-0.4639635986266306,0.17869026019964132
ASB4,0.702832932199505,0.17869641618827847
EIF3H,0.16382356773795514,0.17869816665404062
WISP1,0.7450179457377994,0.17870347898787192
PGRMC2,-0.3479078152357111,0.1787134288897887
CAPN6,0.7792279634904622,0.1787955703796645
ARCN1,-0.11956955235460676,0.17882223438705946
MAPK4,0.6618547519928968,0.17882728784904117
HPSE2,-0.2785244997505032,0.1788441677606655
THOC5,-0.4679505742568555,0.1789527775956926
DPY19L4,0.2775769645686772,0.17898293394794837
GPC4,0.8180603454554731,0.1790638917965677
PRKG1,-0.8055726238468193,0.17908565909384852
PSTPIP1,0.3329721735220481,0.17929367273230415
TNFSF12-TNFSF13,0.3822918580224517,0.17959128328380564
AOC2,-0.4932701393959187,0.17960897665180883
KPNA4,-0.3895874712611338,0.1796269640810629
HTN3,-0.5492797677100072,0.17970172125015121
ARTN,-0.5676560425255923,0.17972361815622293
SLC35B1,0.24763216221920992,0.1797719931213991
SERPINA6,0.5233930988451592,0.17984847392551556
CPT2,0.7560550073514856,0.1798579708001024
ATG12,0.45124318624571025,0.17986592937597504
REG1A,0.6350606472260956,0.17988798939197898
RFPL1,-0.6279775563274967,0.1799241567190513
ENTPD6,0.17260016911272835,0.17994147754508227
RHOQ,-0.4271338692867701,0.17998466964419577
PXMP4,-0.13492805915342743,0.1801285085849468
COQ3,0.16247562864153675,0.1802686281464904
SPG20,-0.5268356116179547,0.18032491909752196
PTDSS1,0.1547281547659658,0.18055061100031092
SNAPC4,0.4973663156981223,0.1805917939107611
GPR132,-0.48865536712594704,0.18060735962664354
B4GALT5,-0.3312038863217275,0.18070181924342388
RP11-654A16.3,-0.26736071994675203,0.18071033510120021
MIR6890,0.22613864069721146,0.18081147494448868
PTGS2,-0.8448794008534302,0.1808495574382184
FTSJ3,-0.15650679299534076,0.18092005616578888
CELP,-0.38840155576210034,0.18111120559269467
ADAP1,0.8292789864129526,0.18126075192140648
DKFZP434A062,-0.44494088573975965,0.1812812310164082
ATXN7L1,0.5220967157567058,0.18148117926374857
EXOG,0.7360323773101696,0.1816119586692925
CINP,0.43649963860734875,0.1816610263996325
TAZ,0.37982849371166116,0.18174379917348044
TNC,-1.3628231219091465,0.18189640892150472
GPBP1L1,0.1329743907641472,0.1819733900881369
NID2,0.7282449221436913,0.18200873576658036
SDC3,0.7000872755520966,0.1820677245871661
IRX4,0.5974816756856409,0.1821706788395408
PLAU,-0.7352430845249316,0.18221651694219038
BET1,0.2252341197932104,0.18226367055752127
TNFAIP6,0.7316181647293405,0.1823879280824482
CFH,-0.3904352456151656,0.18240753850066765
LOC399491,-0.37972569510489507,0.18242215857711017
HSD17B6,0.6562164389222018,0.18243568119597586
CDH16,-0.522480090613314,0.18250023935955242
PP13,-0.6064930042280201,0.1825701084154139
CMPK1,0.20577292569576855,0.18258499114555274
FCRL2,0.6758532409106977,0.18260323759589941
ANXA4,0.28122838867922795,0.18261677003421076
PPEF2,0.4838554918902882,0.18266020380411324
SPATS2L,-0.30759075236876665,0.1826947667527683
PSMA4,0.15037525102664695,0.18272416625861723
SERINC5,-0.3441778412808709,0.1827305225966412
GPN1,0.27463353855836914,0.18276400611352553
CKAP4,-0.2250427532599506,0.18277976827055678
CPB1,0.31043510940914043,0.1829596168125486
GGNBP2,0.18437050222831708,0.18306702040886746
SNW1,-0.16831490363976975,0.18325640094665008
SELL,0.8568317524102014,0.1832876392294001
FASTK,0.4041904633047082,0.18348895242077357
UBE3A,-0.3704214366697691,0.1835303254035492
RNF185-AS1,-0.4384765821375023,0.18356978215647451
RAB3B,-0.43795500110389973,0.1835946435050692
ACOT13,0.2125318436065715,0.18359821228874915
GDNF,-0.5599690702406201,0.18364590107342357
TRANK1,0.23739333644098082,0.18366298305463447
NQO2,0.40378063187109525,0.1837160523556089
IL3RA,-0.7727059274690014,0.18387004394313486
C6ORF120,0.22203540559822343,0.18396193020700521
AKR1C2,-0.4305239573054145,0.1839736271936996
YOD1,0.24802604056501032,0.1839969366832141
SLC14A1,0.5124186241059112,0.18400296835372643
PMS1,0.2826537467019179,0.1841114871679623
ESRP2,0.41810381880590963,0.18417966041702855
HIST1H2BL,0.45766406019005235,0.18421905002995742
BCMO1,0.5294607312464885,0.18424094450508738
EZH1,0.5895257285807456,0.1842999475905549
LTK,-0.4425027808380415,0.18435967934045125
UTS2,0.6105595057849795,0.18439035507641607
VAMP2,-0.4204413941713483,0.18440586850009089
MFF,0.2517232261027704,0.18450919463610763
WNT8B,-0.20878938909948008,0.18453084682290427
STMN3,-0.7710941132875644,0.1845661658942179
MSL2,-0.21674665150903394,0.18458984048731855
ANXA2P3,0.37242156457824294,0.18459409470615068
RP11-79P5.2,-0.25161403499709234,0.1846942420304686
AREG,-0.8663081707408757,0.18470984374519916
AMDHD2,0.783196523050993,0.18474189790631826
PDLIM1,0.2969785561820295,0.18476197181844128
C1R,0.2420832734972116,0.18491556837811593
ANKMY2,0.41245982240883095,0.184963290130984
SLN,0.4203083473069853,0.18496567932392494
GYPC,-0.3500193956282338,0.18510943754714615
CD207,0.5444364690936849,0.18530088735691086
GLB1,0.2953953867925172,0.18537902833697056
CSNK1A1,0.7158444777328659,0.18541241124242444
ADSL,-0.19501026398018695,0.18543164987022223
SET,-0.38114949542958065,0.18546481866515488
UGCG,-0.41740874014785057,0.18550672228699486
ZC4H2,0.4446826714395211,0.18552830009569662
CAPZA1,-0.22396869922745388,0.185586675806515
RNF44,0.2007844720362968,0.18559888994445206
NUP93,0.25818134216987687,0.18582143015425867
REXO4,0.254273638948483,0.18583547273647288
LRIG1,-0.3310725254409874,0.18586327194012614
CNOT4,-0.6325578428435268,0.18592581399313055
CLN6,0.5067295213137832,0.18597812517074228
DGCR14,-0.34589918052340085,0.1860879714557572
BCL2A1,1.0006945106839344,0.18627669957477325
ZNF692,-0.27697718859014486,0.18632919375256923
PMS2P8,-0.22081574249096292,0.18638395547721334
ZNF500,-0.4278863174573333,0.18647804512051203
PPP1CB,-0.4980775715582588,0.18667232890702962
KHDRBS2,0.6277382607371358,0.18674689441348735
GAL3ST4,-0.5251304699704846,0.18678285193077718
LDHAL6B,0.4447776854599299,0.1868373694618327
CHAT,-0.5625211972948208,0.1869245298940144
CNTF,0.8116355589028812,0.1869493590921386
PURG,0.7175438094968611,0.1870168118371799
FN3K,-0.5282500171345026,0.18714074566743538
LILRA5,-0.5479240703572286,0.18714944417952448
FAM64A,0.3317211985982489,0.18724488457305238
MYL2,0.37651321326782394,0.1873718132873409
IFNAR1,0.144147161350201,0.18741278647785442
FAM118A,-0.49361871806377433,0.18743028268158696
VNN1,0.8486014324467934,0.18747772357567669
KLHL20,-0.5190855439422624,0.18749524492130523
MOB1A,0.368295722206641,0.18753667901370463
LOC389906,0.8809688261173303,0.18792628843807732
LMBR1L,-0.22064868812528537,0.18819492128357557
TAS2R8,0.3463171491338568,0.18844505697780214
CYP4F8,0.5892049516786342,0.18855515230425832
LOC101929777,0.6140679549905679,0.18856721721516193
PSAP,-0.16406928084551886,0.18859090269517545
C4BPB,0.6233222080600811,0.18866423795769408
IER3,-0.8445743584396688,0.18867971602885464
RRP1,-0.4594067947865881,0.18869160685606562
RPS27A,0.21976592313094123,0.18885332340666625
MED6,-0.5518577731593934,0.18887418140253862
KRT18,0.25388631571604847,0.18888407089641257
BCL2L10,-0.49757651552745763,0.18896122493782158
ADAM12,1.1733488904034584,0.1890243658660394
BMP15,0.24457315042965,0.18903329544774958
GABRR1,0.2910276950277435,0.18906303923497864
NUDT7,-0.31684593714119913,0.18906803194345095
VRTN,-0.5176044696839028,0.18913132192451937
NPM1,-0.2411632046671759,0.18913704760831654
KIAA1654,-0.24978906964918046,0.18916102439319057
GAN,-0.4617281182581783,0.18921344912366483
NLRP3,0.6399931986934768,0.18925576325956828
RNF144A,0.7198988574987322,0.18939608273577013
FEM1C,0.3027297832239828,0.18939674070276197
GEMIN2,0.4609161499227552,0.18954249402485457
RANBP3,-0.5642104126577596,0.18967384000253223
DGAT1,0.4050737168201417,0.18973222493926512
HMGXB4,-0.15005323947788796,0.18976144663549604
PRSS50,0.7228557398256328,0.1898524381985261
PEPD,0.34039562040960547,0.1898586682962157
EPHB6,-0.22010533359366846,0.18987556391149515
CD163,-0.664143620568014,0.18988725016021826
IL13RA2,0.8854455810814486,0.18991237465555313
MIR3917,0.6783135753935818,0.19009057549343905
NMRK1,0.2726165431911447,0.19018484831828625
MRTO4,-0.37593961201690007,0.19028297970629174
SLC25A3,-0.0902861884707935,0.1903366911151505
RAB3IL1,-0.38608464725789027,0.19041709932285447
C8G,-0.3659081888624005,0.19057604677217102
ZNF43,0.3890332963489369,0.1906366194294287
CALCOCO1,-0.2654104108654245,0.19070416082461714
NCRNA00185,-1.040133158183206,0.1907190282667728
ULK2,0.2701563439110428,0.190727672763294
CHRD,-0.4673931634041013,0.190806522098414
MYH10,-0.8094859321292365,0.190839472493182
DLX4,-0.41747527844504617,0.19089127635968414
LOC284009,-0.8128637693779419,0.19111728164225827
ELAVL4,-0.5319207046303154,0.19128174232757095
PDZD2,0.6979963192968919,0.19131058802699488
FAM32A,0.17284394057089258,0.1914173534034975
KMT2B,-0.671883872216414,0.19155369555529575
SFTPA1,0.4006352163999516,0.19166288023599795
BCKDHB,0.8670111252493244,0.19172218702969454
PCGF3,0.24167203459957864,0.19183025819329785
NDUFB3,0.15704296122738803,0.19205932957356853
ING1,0.9923846179602576,0.1920857168720513
FKRP,-0.5657280918614713,0.19213540989050976
PDCD6,-0.72142174361817,0.19223432624639686
NMBR,-0.6550552049127196,0.192268110783188
LOC101930112,-0.24483447652610124,0.19227620531681602
IGLL1,0.6304725554946184,0.19228498365251875
FZD8,-0.869461881707339,0.19236322013428314
AKAP17A,-0.3407774852221861,0.19240424048306398
FSCN1,0.6143785798669121,0.19248491589945715
RP11-548H18.2,0.6229918994308346,0.1925771686580894
RITA1,0.6077645858892389,0.19260342970816874
GOLGA8A,-0.727714366753939,0.19272880061699788
SERPINB5,-0.6796176311214013,0.19285279550333795
ANXA10,0.4597753353871994,0.19286878903396498
AKAP8L,-0.28117298091648246,0.19288439441510616
LSM8,-0.17040869504931244,0.19292936786952106
BRPF1,-0.14066683813919845,0.1930589656081957
SSX4,-0.8044870236775541,0.19315109587045248
NOS2,0.4845367243307779,0.193240108349413
ABCA6,0.4926212264466283,0.19324137385087117
ERMP1,0.22506008067072258,0.19338631636648038
ICAM4,-0.5486757446992634,0.19340241519105292
CCDC86,-0.4270587941134387,0.19348619780064308
ATP13A2,0.6635646731186373,0.19350299829644102
PPP2R5B,-0.3708295517012221,0.19374387349650443
SYT1,0.848292947525557,0.19374735418356703
JMJD1C,0.270006532383114,0.19392768050563253
PLAA,0.36809220054824987,0.1941015545795573
CSRP3,-0.2559733956034054,0.19412992467108062
S100A3,0.34358005052246376,0.194263361731603
IL2RB,0.3573968817278992,0.194330726319076
FZR1,-0.3859815218217486,0.19443399876790238
TGFB3,-0.34075575977691663,0.19443560833706483
INADL,0.8691418425180011,0.19464583393153925
TBC1D30,0.555944859672489,0.19466529290556644
MLX,0.25953424483931453,0.19472154807408465
PACS2,0.24423474121808653,0.1948597068814667
RFPL3S,0.31498884120961623,0.1948630642016299
MRPL15,0.20916048438006385,0.19494329106813577
ZC3H7A,0.1928882227831945,0.19500951597864488
SMUG1,0.25287731409472514,0.19532771106549493
RGS7,0.5198616805487379,0.1953678892636918
SETD6,-0.43351828313455165,0.19542338521883384
OR2S2,0.3888492716956238,0.19549215380390123
MAGEB1,0.945947175530812,0.19550568590916914
PTCD3,-0.18496257613522005,0.19554005123222504
INPP5B,-0.6470703339861759,0.1957855746974017
VPS4A,-0.17947965789566744,0.19580242993542343
MYEF2,0.8152760983916618,0.19592402203208192
OR3A1,-0.24702191074388402,0.19600905131154614
AKR7A2,0.25972369740141943,0.19622535547982253
F2RL1,1.0938966308491644,0.19635596573616595
PLXNA1,0.28219457912423174,0.19639351284898363
HEXA-AS1,0.666975216109901,0.19651959324726267
SLC45A2,-0.5634625073969532,0.19652622595286132
PPP1R14B,-0.2058786799130381,0.1965724948879614
TGIF2,-0.2940922245808437,0.19664232700357198
CDK5R1,0.7442798017018672,0.19664533965011685
C19ORF26,-0.4803198951503953,0.19671303896032213
TARBP1,0.2975153160761783,0.19674252488875457
RLN1,0.24061885493213264,0.19674828211659978
CSPG4,-0.44904020168846515,0.19683859070397028
SBSPON,0.8540381758154969,0.19698897629146836
NRAS,0.21527526300429756,0.1970058056233289
HLCS,-0.3202340041413376,0.19706349157178657
RCAN1,-0.8305350723887637,0.19710820042421417
FBLN5,-0.29034105582095115,0.19744180103093809
SPOCK1,-0.39369174434468945,0.19759117808695453
LRRC40,-0.3235555076980061,0.1976430873053496
MUC2,0.5803239754588203,0.1976537388386414
MED13L,-0.8405645402061648,0.19766840410191502
RBFA,0.17083959519878,0.19774269526849342
CADM1,0.702804479550295,0.19778228356019173
LINC00597,-0.645117635144568,0.1978116523996469
MMP20,-0.5680263254511848,0.19784227848042682
GREB1,0.5671613118165801,0.1978454401655986
ST5,-0.4450240804173209,0.19797225766625232
CYP2B7P,0.7057249405207404,0.19807340773905452
SLC6A4,0.29338885868904807,0.19827767441018096
RBPJ,0.20045157179496798,0.198379603863865
GOLM1,0.39599895068104907,0.1984426226088259
JRK,-0.49376362061626455,0.19847122916383475
GPR52,-0.27261575452747655,0.19860466336017518
MMP10,0.6966743678976974,0.19867694392988983
LAMC1,-0.2927691812042408,0.19876099469057804
XYLT2,0.8820651469611391,0.19885984568210113
MIS18BP1,-0.7230991224010843,0.19898750905119164
PHGDH,-0.33708070814857116,0.19937372886596713
PLEKHG3,0.4558352243977657,0.19949981542875656
C9ORF116,0.4031264895028963,0.19952673837354237
CDK10,0.757058178461377,0.1995305881794935
POM121L2,0.18313356542933779,0.19955889624546405
ZHX3,0.395707637036284,0.19958928555097954
BRCA1,0.2740325343814263,0.19959220986782364
NOP16,0.6346209150186715,0.19967476060201306
NLE1,-0.46946669943399577,0.1997583750660134
RNMT,0.42254831858800124,0.19977157695642542
S100PBP,0.2539802862371161,0.1997874651978832
NCK2,-0.16155130152230335,0.19982779875934864
PPT1,0.19573783136869594,0.19987369070496672
MYL12A,-0.28768211011305667,0.19992851681034632
ITGB5,-0.4130505352473861,0.19994605809918373
RABGAP1L,0.3853287689473479,0.20001461024320624
CLIP3,0.31858631310800245,0.20012913292177825
RBMXL2,0.43178556473571517,0.20028342437331112
OSBP2,0.23124689814947708,0.20039221474543545
MGAM,-1.201490535303709,0.20040831669860057
TLR4,-0.25717894148377773,0.20051920829982536
USP29,0.5653778455001284,0.20054164173080966
MARK1,-0.23595083084759683,0.20057794907853127
PCYOX1,-0.431069284090567,0.20060516071457526
PPP1R3A,0.6930927513510685,0.20091551908528074
TMEM51,0.5637288799135138,0.20115121353623228
SEPT4,-0.6286045108130462,0.20122071599740035
KLF9,-0.6072193434019333,0.2013343016669312
LOC101930052,0.18556867438561486,0.20138086348696083
C16ORF59,-0.39373420287491223,0.201411569254422
SNAPC1,-0.35966836329782037,0.2015166773762291
SS18,-0.5137638808375478,0.2015269745532912
C19ORF54,0.13145214530867833,0.20163435278384131
MOGAT2,-0.3678778019972011,0.20165470564445873
POGZ,0.5618494628638393,0.20174508668072608
ALPP,-0.6195489742925346,0.20187477539355436
IL24,0.8808459627935226,0.20226481221193718
PLXNB3,0.29555388074254463,0.2022886941354824
SEMA3B,0.4905990540201186,0.2023097635973503
GALR3,-0.3873182342817012,0.20232410262752942
GRIA2,-0.25144322602943747,0.20233780343411392
DQ583205,-0.1698646418774583,0.2023610449086688
EPB41L4A-AS2,0.7014627695546736,0.20237419186065178
ASIC1,-0.5479535298077272,0.20246619368547242
MMP2,0.2995489148688044,0.20257709160223752
CDA,0.7850116560904654,0.2026242084856936
CARD9,0.5201627320310322,0.2026530827003302
HP1BP3,-0.6360798843614806,0.20267043055838505
VILL,0.5129567145831349,0.20270179729209828
FABP4,-1.082417301059472,0.20275758309071565
LILRB1,0.633775491759355,0.20290751271213153
LRP6,-0.578125427549498,0.2029936622163287
C22ORF31,0.614404390581953,0.20300696762290937
GIT1,-0.21056371331435741,0.20310278401854442
LSS,-0.455164019789005,0.20325650140028623
MIA2,0.20614755484239566,0.20327646976197847
BMP5,-0.9918394999679441,0.2033971315505917
TEF,0.5611600042040648,0.2035605842227671
LMO1,-0.44664071262761507,0.2035605846105202
LAMC2,-0.6691756736701127,0.20366629492476074
PPAN,-0.242025696797735,0.20372129307079953
TFB1M,0.186512361008341,0.2040278604025547
CAMK1D,-0.33232933710758417,0.20409993574491747
LRIG2,-0.17124623746822287,0.20415222455922497
SPSB3,-0.22304085579519484,0.20418799761508263
STK3,0.9732818941224091,0.20423273176973428
GTF2H5,0.2268814443722782,0.20424492745085696
DUSP11,0.18604825934925806,0.20447521247623043
FANCG,0.46184706104843265,0.20464740037902598
WDR11,0.1740309549332988,0.2047607234544034
NHLH1,-0.3862781001755975,0.20476493469878537
ATG16L1,-0.489665091646458,0.20485908087877094
SETD2,-0.2487403671498658,0.20496537206800247
TNNI2,0.5056549179248364,0.20499030085133235
ARL2,-0.21510062609258185,0.20501895876386667
EBP,-0.7515388062934987,0.2050863371693609
EDN2,-0.3799636807856088,0.20508987379588653
TRAPPC8,0.10633262978793745,0.20532034180311642
PABPC1P1,0.2111609095104381,0.2053433877318741
LOC100129518,0.6284458482172752,0.20536699257321153
LPGAT1,0.22722748216284394,0.20539584251375098
SLC25A16,-0.38133659148314614,0.20542726153668264
VEZF1,-0.18329104273790087,0.20543098244095137
UBXN2B,-0.351993690754723,0.20544579224912204
MINPP1,0.23116613193675484,0.20544665497189366
SRRD,-0.2232879696828558,0.20546363979651483
ZNF155,0.668017891131031,0.2056437445067681
ALDH1A2,-0.5924803078968051,0.205646361912504
RASAL1,0.42830327751640773,0.20565296013625176
TGIF1,-0.26332716016803914,0.20568776316111625
RAP1A,0.12522454500222047,0.2057685236507353
RNF4,0.16504708896525955,0.2058355101223249
IL4I1,-0.6043190687250797,0.2059482984578302
GOSR1,0.2688030533472894,0.20607587204069278
PDK4,-1.1092752766273977,0.20611745357440814
ILF2,0.26966277286817153,0.2061346309828404
CDH4,-0.52026826137334,0.20615442210489862
TNFRSF10D,-0.8256132084120096,0.20622514469480985
SULT1E1,-0.7442174883271417,0.20632773567224436
EMILIN1,-0.3947158037544085,0.206441047270199
ESYT1,0.37281478528423584,0.20644353273291147
CNTNAP2,0.8561063720089104,0.2065520074432782
ZSWIM1,-0.2586141474481485,0.2065689381205369
EDEM2,0.22650481880003426,0.20658941380488596
JAK3,-0.6076834567415994,0.2066949564703285
CEACAM1,0.609787080873974,0.20683487732783684
AGBL5,0.5448291669327547,0.20709500481136295
ZBTB20,-0.5292301797989296,0.20717296089558748
NKRF,0.2124877799127196,0.20718454997264824
FABP2,-0.4273329639575296,0.20731759880593084
EFCAB14,-0.17084676039346114,0.2073640886597056
PLCB4,0.5016850140139031,0.20748638627139074
GUSBP3,-0.5455721986386646,0.20764910736788583
BRE,0.3513578202408034,0.20777312754734586
EID1,-0.4059610381959846,0.20780723621431874
BCS1L,-0.15980653854769322,0.20785599415100917
CLCA3P,0.8365351021965339,0.20798141921599447
DEPDC5,0.6027842090362574,0.20804591207339218
SLC11A2,-0.34128716870743503,0.20811727824343995
EIF3L,-0.14961682819287248,0.20813098942222966
TBC1D29,-0.5178370060617938,0.20817118287215247
SORBS2,-0.7315725359986667,0.20817531270546755
RASSF2,0.2830641796967708,0.20818127162379474
CKAP5,0.17713371589675653,0.2082438521437163
NR2E3,0.36571934970648545,0.20824888505401512
ELK3,0.24547908589354428,0.20829004511823254
ERP44,-0.3340966501408733,0.20831702722982157
ABCC5,-0.26668873336513954,0.20837512201356492
TNP2,0.658120706428071,0.20842338200177213
ZXDA,0.32021464191883364,0.20842941009163532
MMP23A,-0.5263909671104026,0.20845939671433333
TFB2M,-0.3873431977716457,0.20857119885515496
IFNA1,0.6546128362431478,0.2086985707590325
EFHD2,0.33987310204069665,0.20902047253661596
CRAT,-0.2907815263527507,0.20904155557845785
ISG15,0.32069638433920034,0.2090908737444331
AQP1,-0.3697280004515928,0.20929391869134625
RNH1,0.19555730730103527,0.20930367317486062
RALGPS2,0.7171759976028076,0.2093057493224652
PAIP1,0.3656474133713745,0.20934470716431577
NUP88,0.3795173853136493,0.2094725836061602
KLF15,-0.5656923589333633,0.20955828739972018
TAF6,0.19324557363434813,0.20965949350596091
CEP83,0.2652526247234368,0.20976430397766244
MAGEC2,-0.6509694794848802,0.20979363796749886
CCR4,0.3593806507081254,0.20979799748171984
ANGEL2,0.5387037955756888,0.20982094720637554
FGB,0.5797612360352442,0.20991911083016956
BTBD7,0.532137327031668,0.21003503827142664
GTF2H1,0.19103540888953496,0.21010086145918794
ID4,-0.5202844476659241,0.2102483653311996
P2RX5-TAX1BP3,0.30890368067669804,0.21025827475188308
RND3,-0.3749867105153122,0.21035347351689404
SMU1,-0.2920403077035596,0.21038835138027817
NPTN,0.14349772422646367,0.21043842648755393
TM7SF2,0.7463243177724967,0.21046597141891377
HAAO,-0.3235290506113122,0.21068207194787766
F10,-0.4938556915637493,0.21070496776678474
PSG7,0.4773617972752753,0.21072947436375944
IFI30,0.3977087446097265,0.21073739402174183
DSTNP2,0.21319089847966843,0.21076623956874985
CDC42BPB,-0.38912828631330676,0.21083840549205438
TYROBP,-0.28100025321388955,0.21092484516437704
TIMM17A,0.8205772643044122,0.21100481573101104
MTA2,-0.42594992466485593,0.21106175210641903
HPS4,0.3158697910794013,0.21106242509327397
MEP1A,0.31669285640965716,0.21111858923542293
ARMCX3,-0.19421488020883793,0.21128781178078956
BEST2,-0.4963760883909458,0.21134316526531186
CD5L,0.533434988670427,0.21141559102595933
OSGEPL1,0.5580126656305016,0.21161023583771982
PQLC3,-0.5176034108334902,0.21166137716862274
HCRP1,0.5109533676150013,0.2117016781493745
TRPC6,0.5702085365573444,0.21177171849282128
RBM17,-0.5445349301366527,0.21187672724462672
FN3KRP,0.2546100210094142,0.21191290751237965
TBC1D9B,-0.20256010947206882,0.21197050321688377
RP5-1170D6.1,-0.3283198592080847,0.2119996312022143
PDHB,0.28129570432740714,0.21223200413578966
AMACR,0.8973777227631752,0.21239998563513152
RPS15A,-0.08380955671242596,0.2124218109676273
HEPH,0.7375606279711033,0.21244161376141157
GPN2,0.21697139892626005,0.21244568986326565
SLC15A2,0.44725364700373227,0.21273968515568892
RPL23A,-0.09105981426900911,0.21279117164138345
REEP1,0.35829045289373607,0.21295376142522454
FBXL18,0.5323344021012852,0.2130356441051228
DNAH17,-0.34359278602394916,0.21314510440893228
MVD,-0.7881379045712427,0.2132438075586613
HIST1H4A,0.7616285973162702,0.21325851891946088
SNTG1,0.29858552958634643,0.2133394488227504
ITGAV,-0.1839542670448342,0.21336933529729638
FBP2,-0.3391819468836119,0.2135836509091417
GTF2H2B,-0.5769156914805418,0.21364604685125768
TERF2,-0.12105285684754996,0.21364681059887747
TTLL1,0.5356977122993163,0.21381418281581846
RPS18,-0.053739696946967896,0.21409949848293638
SLC1A2,-0.3850523452306245,0.2142412494927115
PAFAH1B2,0.16536481338606457,0.21429334012723752
CLDN4,0.37165791763806855,0.2143501384459592
PGD,-0.23262353135083025,0.21440883840189545
YKT6,-0.3021236139308403,0.21457668704119046
KCNH6,0.4608500031544156,0.21462148000332407
MAP2K7,-0.6813373936028313,0.21472183415392843
NAGPA,0.25977474627819497,0.21475187342818342
RGS6,-0.6096100537313696,0.21492677460783982
ERCC1,-0.19748585580608236,0.2149268695415375
AGAP2,0.6741655407059013,0.21494391584086386
GLB1L,0.2517726375378544,0.21503491939204258
HMGN2P9,0.44481039315039084,0.21508856914915395
DENND5A,-0.23568935483939946,0.2151740475747168
ELSPBP1,-0.2074213125094806,0.2152248556993227
ZNF174,-0.6200816768086623,0.215252291166617
RNASE2,-0.5252882425747494,0.21528961134496974
SEC16A,0.15332307703160808,0.21535603119957564
BSN,-0.2900334195830361,0.21543983089807875
CX3CR1,0.6230868470800903,0.2154671111625807
CLDN14,-0.40802705932877803,0.21549067629260596
KIAA0141,0.36031920453973676,0.2157111667338884
KLHL35,0.610297365135807,0.21580768215889165
ZMYM5,-0.503637278230828,0.21583284441188702
PFKFB4,0.40650284625212674,0.21584280531698832
PIK3CG,0.6842160562668873,0.2159051474765929
LPCAT4,0.7727485788461399,0.21596849912063965
OR7E12P,0.22565402648450306,0.2159926790681068
TAGLN,-0.4493239733507899,0.216020339448986
COL1A2,0.7277384007440357,0.21605869295379
PRSS23,0.30692697473802255,0.2161191975036282
ZNF576,0.23513424752460743,0.21622201165012683
FCER2,0.5570371367289657,0.21637812500337913
LOC100507577,-0.3453184190512424,0.21645646817365932
HCG4B,0.5240864329701651,0.2164643334191224
TEX14,0.35430431495914716,0.21650937629984962
COX20,-0.2957635832780001,0.21661759316882462
CSGALNACT1,0.3019145013499447,0.21681700173227855
SRR,0.18184468781295848,0.21684505632966086
HIVEP1,0.23624714462940055,0.21695171835980487
CTBP2,-0.5727691463947036,0.21701627076889116
TCF15,-0.4894058091211999,0.2170814714794369
PRX,-0.5251199911576547,0.21722355041076327
ARSA,0.3635343261287174,0.21731077278731337
CTSE,-0.22728589742385452,0.21740822376447771
IL20RA,0.7279630935124999,0.21741425459537825
TAGLN2,0.24422454649145564,0.2176365373594842
IL26,0.6809877425075843,0.2177291593918047
SLC7A11,0.6778603922618496,0.21775439430074575
MAGEA8,0.4504546162105454,0.2178357278913904
MCM9,0.2171469786571949,0.2179149979718165
EOGT,0.2622729785151483,0.21802063283308162
CCDC15,0.25029945700773926,0.21816056223884556
RNF186,-0.45126291641266025,0.21816925705205775
PSMC4,-0.31622595711322177,0.21820666828919597
ATP6V0E2,0.2934243580320235,0.21836696294718594
IL3,-0.2904058078324603,0.21838300918376302
HS3ST3A1,0.7666882154744772,0.21844836645473076
TRIM5,0.39317464882386766,0.21846360498404965
RPL36,-0.2559614778066255,0.21854657044182485
POLR3B,0.13538129637962548,0.21855244394416629
BHLHB9,-0.2521295175418512,0.21887326148628375
NUP205,-0.39907554471800655,0.21906246221250864
POU6F1,-0.315604474689934,0.21931067731760798
MS4A12,0.5845609002626277,0.21940989713680284
MANF,0.25524943717914006,0.21950043911988484
CACNG4,0.45447904963004326,0.21950996714063523
TRADD,0.5734070939233331,0.21968761318797816
CHPF,-0.23257015792730584,0.2197698962992341
ACSS3,-0.28457536283022833,0.21989035970733814
CREG1,-0.1809254337725843,0.2198971456226672
AK021537,-0.2466010526379403,0.21993376607185203
EXO5,0.29274873512280397,0.22000619362854787
NAT8,-0.6029346808166527,0.22009172973593819
GANAB,0.2768700937210937,0.22012837802025956
USP18,0.2661975160069847,0.2201451900779965
MYH14,-0.3005031647387155,0.2202490823525762
TMEM177,0.28139930094032106,0.2203005689010597
EPM2A,0.4167583580953771,0.22059672364879612
HUS1,0.450049712855515,0.22068267262786959
AP2S1,0.20039987972781326,0.220777740755676
GPR157,-0.20937714268595453,0.2212090992831325
ANPEP,-0.33210586666124264,0.22147970353484872
LTBP3,-0.2729454425188518,0.22148375382844154
GAPDH,-0.17680784139893824,0.2215074149702649
ZNF106,-0.21465060713298634,0.22170571643711692
STAM2,-0.6727343111022641,0.22172073131910786
SCAMP3,-0.1167811775303722,0.22174942206915402
TNFSF15,0.5239835067944973,0.22175152347959584
PCOLCE2,-0.6484889900336643,0.22176640703557152
DDX52,-0.3054285799331815,0.22178017092240218
C1D,0.34985766510395955,0.22180871467389354
FAM53C,-0.17289621000331756,0.22188533818877304
VAMP1,0.8788826276275543,0.22195744578610685
SLC9A3R1,0.2266885277636952,0.2219628054502436
CCDC169-SOHLH2,0.6384081469870067,0.22199527394793592
TMPRSS2,-0.3805845509230936,0.2220014111865656
NR1D1,1.055094450378868,0.22200523323698282
EMC7,0.14923558295792816,0.22205386603400207
LOC101928916,-0.3322338300145127,0.22207641832837316
CEBPE,-0.4846506580672516,0.22208195754433233
SERPINF2,-0.14693570151748325,0.22225372174369304
RRAS,0.5944118248612842,0.2222731332271645
NAA11,0.42511730750609367,0.2223028823529602
SAR1B,0.35344010418618765,0.222303612594085
AP1S1,-0.6861360275178567,0.22233454851458415
KCNJ10,-0.44975293198668886,0.22238944346374506
SYNPO,0.2729727784884979,0.22257643560690138
HSD17B7,-0.1504718690711293,0.22259197242160633
ITGA10,-0.31196388889217097,0.22275200323721606
TYMP,-0.6930662464043946,0.22279448223712722
DBN1,-0.3320425515584162,0.222976014917561
HERC3,0.4937558868040721,0.2230344619035934
ALDH1B1,0.6622256652386751,0.22303497642003436
MYCLP1,-0.31356310941469623,0.22312018943869186
AZIN1,0.2276912285870374,0.22317146641230487
CCT2,-0.3673757912464293,0.22327194159841915
GPR87,0.6301363197956382,0.2233110050638874
BTBD18,-0.6529748022045023,0.22334459851006197
RBM8A,-0.42528710446652873,0.2233987393098217
BRIP1,-0.6967328628980729,0.22344134312094477
LOC257152,0.2726688759342011,0.2238862703528331
ZNF423,0.35710894252779646,0.2239218047655239
ANKRD53,-0.5016837929788611,0.22400109273819385
HCFC2,0.26867176333486853,0.22412454994890185
AQR,0.20369921545476188,0.22416475659368482
CCAR2,0.5085807099409658,0.22425891788613905
RSRC1,-0.3096271125528052,0.22435442871644096
ABCC6,-0.928633048944695,0.22439875172976156
WAC,-0.27036911488260706,0.22448834733945286
DERL2,0.203633084208656,0.2245376938702418
VDAC3,0.26836978281694623,0.22458576244038783
TMEM110,0.20021076760899437,0.22467036884006597
ORC1,0.6325547078544309,0.2249629175311548
RHBDF1,-0.335041321366246,0.2251605033355349
SFT2D3,0.4343174995842469,0.22518612133678828
PCYOX1L,0.3445098627406047,0.2251921597177105
TRNAU1AP,0.25328392025096313,0.2251998747539806
TRAPPC11,0.2967635162952611,0.22530544470913796
KDM6A,0.6417874731064916,0.22532257029063646
FAM163A,0.27365719126007093,0.22538320849521812
PSMD1,0.1678392313854662,0.22555440287144876
FAM131A,-0.24042552532425532,0.2256037937574732
CKB,-0.47757661156644016,0.22575578169631594
CCL1,-0.22713212715070785,0.22589262226762583
GDI2,0.13219523564735525,0.22592903795879876
CHPT1,-0.199370114971261,0.22593568002910117
RHOA,-0.06833897435672398,0.22595274581336453
NTSR2,-0.15688965005075994,0.22598461217577473
ANKRA2,0.37069698138305895,0.22602461845446553
ZMYM3,0.22362821831687185,0.22602545343581182
TACSTD2,-0.6244523258471775,0.22610029296811818
NLGN3,-0.5125905610908958,0.22611553798914424
DLG4,-0.3401526121412779,0.22612848919869202
MRM1,-0.3676690341616693,0.2261853011398774
C9ORF3,-0.26030125793763226,0.2262364831137348
WDR45B,-0.10296768786496813,0.22624065708495275
FBXL6,-0.32107306927866386,0.2263128215222335
SCN1A,0.6473822356549159,0.2263226438553486
NEDD9,-0.368558629964002,0.22638225043724097
FRMD4A,-0.6420390084412739,0.22639255152012233
LRRC48,0.18241442290466114,0.2265383703449361
NUDT11,0.5432668003088077,0.22654928029452734
VPS16,0.321158800509572,0.22656009302686517
RHBG,0.3155100481984201,0.22668525098100561
MRFAP1L1,0.11751033802524802,0.22699497692204135
SPATA1,0.7284361801964967,0.22712558067394464
AMHR2,-0.34323946398831406,0.22716121624267624
UBIAD1,-0.3322901771898872,0.2275322600582236
CDH8,-0.3166728356040718,0.22764770468712583
ZBTB7B,-0.33211910075346474,0.22767665937436934
MYO1A,-0.21662489592573309,0.22781135187828688
MYO1F,0.332747341022376,0.22785160932459764
SFTPC,-0.4225339796470253,0.22798458058358634
SERPINA5,-0.7850284356022463,0.22798731624871382
PLEKHM1,0.4212952644383252,0.2280365666779034
BAI3,-0.8250198183029738,0.2281335584126174
YEATS4,0.19830485975589163,0.22813792142679365
BNC1,0.59798234376475,0.22815706736974856
FKBPL,0.44223521064187743,0.2281903106143192
CD164,0.3272216315958829,0.2282885879346365
AKR7A3,-0.15017345912230073,0.22839655854301613
COX6B1,-0.14923457258150385,0.22846183068053927
TRMT12,0.12457451096629768,0.22848884581538367
EMID1,0.2840132453200308,0.2288153768507313
NUP210,0.7426270317858288,0.22884183866367266
SNX27,-0.25478749330303074,0.22884945974233387
OXSM,0.14761165132876286,0.22890173272553818
F2R,0.49464603703982757,0.22896088085273755
PELO,0.6946148068719604,0.2290537930539418
CLSTN2,-0.7598587008970883,0.22910301529066934
MRAS,-0.5421959993439271,0.22917707164641243
TMLHE,0.4207925436517037,0.22930102146227038
NAP1L1,-0.36205784591906287,0.22944485640408316
ADAP2,-0.3567069755844443,0.22945860154280348
WDR41,0.34679172467943786,0.22947199236110058
MCCC2,-0.24709063066519033,0.2295325536832538
DLL3,-0.4664699880784102,0.22953645810849868
HES2,-0.6249015753350755,0.2297364577800671
P2RY4,-0.17498149126587048,0.22979588185616337
TBCA,-0.1587911304839551,0.22997625380982029
SLC27A3,0.30028900068897,0.23002634964518187
USP46,-0.38641112020515056,0.23003832891901696
RNASET2,0.38500122332836817,0.23009637506574893
TRIM38,0.18412215865239823,0.23010207153897608
YTHDF1,0.11944483163752828,0.23039715324855653
UCP3,-0.4927656750419329,0.23043845744140465
XK,0.4704590448479067,0.23044341366434323
THSD4,0.6435076176991306,0.23051543261959195
TLK2,-0.15367817721478083,0.23065645548118302
C1S,0.17475151412805445,0.2306973792785817
ORC5,0.6864797876280901,0.23080954160547096
SEC24C,0.19442746531997912,0.23089079627067668
HTR2B,1.0399235451840374,0.23098262368687164
RAB21,-0.15405963343816254,0.23104848729038172
DDX41,-0.14411298537234352,0.23116340752169293
ATAT1,-0.1991153272540993,0.2311776023948768
CNTD2,0.2765784412537018,0.23124559078738202
ZBTB24,0.2861153585259846,0.23157837568775613
ZNF222,0.6226882705024108,0.23177423220180976
PON2,0.28159640814145526,0.23177796701432396
TMEM33,0.2860474592992652,0.23181695074425485
SLC25A5,-0.15723045594963736,0.23216432282908667
POLR3K,0.20633974987493353,0.2323453841251435
UGDH,-0.4638406909126811,0.23259112963957015
IDH3A,-0.3353632794751835,0.23271385866143277
SLC35D1,0.6159339117393872,0.23276105698627594
CD82,0.30194685079200845,0.23290092313356314
RPS6,-0.3591914615225127,0.23321947164107626
ZIC1,-0.6910433960745817,0.23325074379628224
TBXAS1,-0.3939468379003941,0.23332117889357856
CST2,-0.3457056215553447,0.23334137227595034
DEGS1,-0.2666108262118829,0.23355460429435881
PDE11A,0.47501056596201785,0.2335549332447231
TH,-0.4650301881854153,0.23375753234411792
ACAD8,0.17766396934312034,0.23388016063512074
SPACA1,-0.4042638361122117,0.23389736230282873
CRYBB3,-0.15472438801559463,0.23393514138168234
PCDHGA9,0.23635432494485542,0.23394953117395634
NPRL3,-0.42936742387327254,0.23396063270103112
MIR6732,0.7083545259129442,0.23412984063132755
HLA-A,0.09009694859412853,0.23422386884456656
KIFC1,0.615314896718389,0.23431581621044903
PLS1,-0.6858561465704378,0.23463697503163589
PLSCR3,0.4100866219690378,0.2348719640860709
WT1-AS,0.41894970023580047,0.23502348912414217
LRP1B,-0.9461027323060245,0.235050364359944
NOL6,-0.2391740569542602,0.2352198990926109
HTN1,0.3643119577216991,0.2353070426739478
DUOX2,-0.6745563157755248,0.23535786744580833
HNRNPM,-0.6740098622071882,0.23536941277590853
THBD,-0.5508832959488554,0.23538278555425424
ARHGAP35,-0.6852931080154478,0.23538472477854097
GPR153,-0.2625834802354259,0.23541240322909293
DNAJC13,0.2027960637486519,0.2355249480429514
FRMD1,-0.5054898850022269,0.23569383456351475
IPO13,0.16762265103266394,0.23577812050211383
OR2N1P,-0.3361050603437947,0.2358995363857623
ZNF175,0.22457382318992813,0.23612203492150796
G3BP2,-0.4286637744767807,0.23614449264318352
MPZL1,-0.40402298982142426,0.2362228344955042
BCL7B,0.19712930486717717,0.23629428612437187
CYHR1,-0.2162438423530375,0.23637378431340783
GIP,0.255697740739365,0.23641987690659866
BBX,-0.3175826495041978,0.23644830698133557
RNF43,-0.5135592037958618,0.23648224625578815
IFIH1,0.6428257505832242,0.23648722595271582
SHROOM2,0.21322246721375304,0.23652516740110288
ZKSCAN7,0.24988329051163571,0.23658087008898265
INHBA,-1.1149193943780746,0.23666738798346915
RNF13,0.2216903160976642,0.23669702508237267
DLK2,-0.3582392696243204,0.2367407822697103
LOC102724229,0.4268933267366162,0.23694530250830811
PPARA,-0.31483594259312664,0.2369810315003993
DNAAF1,-0.5838465095066581,0.23716016995577274
SERPINH1,0.45656474711192985,0.23717822736707128
DDIT4,0.5022535456764103,0.23728667683801288
DHX57,0.19206788067424085,0.23732460626438273
PGC,-0.3000086701820095,0.237334439626974
SERPINA10,-0.5245231562509964,0.2373517498705881
WWOX,-0.23936926222892474,0.23735249366112765
L1TD1,-0.6993843023461501,0.23745541119901178
ETV7,-0.2569637343757849,0.2375653705639669
PACS1,-0.5153427077456936,0.23766528567347245
CCL17,0.5808916342464472,0.237708941024092
COBL,-0.8253100612552009,0.23781080214807654
KLRD1,0.6733878391752883,0.23803979093953404
CCKAR,-0.5248998167972481,0.23810672165090832
TCP10,-0.45080109766963616,0.2382148186527946
AKAP9,-0.5222908126057595,0.2382627152140979
ULBP2,-0.5658678996193984,0.23827201496942838
RPUSD2,0.38220515596418103,0.23835803103179462
TDG,0.2515803659045748,0.23843212444603917
KANSL2,0.1302325569726328,0.23844090998179637
DYM,-0.6311067197723625,0.23844171297310554
PCCA,0.609930246558791,0.23847204294736973
RAB6A,-0.6007718187770923,0.23848880820144264
TXNL1,0.08486299053590862,0.2387161303031802
CORO7,0.546115256999939,0.2387559192275774
ATP6V1F,-0.13183994144889155,0.23877616003525404
HOXD11,-0.4101807760091294,0.23891527003819818
MAD1L1,0.42531472835066797,0.23895039362031387
TCEA1,0.11035571945919997,0.23901075367168317
DNMBP,-0.24351119973245083,0.23910190487965255
TULP1,0.45060858178004537,0.23919142866232185
USP8,0.18031219033602852,0.2393381438431105
MAPKAPK2,-0.4067361604178057,0.239633388917232
ARID5B,-0.20424033154113452,0.23969504598523836
TLX2,0.43814063402993986,0.2398690431543925
ABCD1,-0.17920820046906805,0.23992488867626016
PCDHGB6,0.6384348325478424,0.23996705143554486
FLJ10038,-0.4145645530217852,0.24000744600206247
BDNF,-0.7012525535626599,0.2400590720878746
GLTSCR2,0.255896864933991,0.24006608627636178
ALG11,-0.2436372457389009,0.2401011703665649
MAGOHB,-0.6041835575992698,0.2401110676508977
TCTN1,-0.3300669419810536,0.24014010910413405
PIGC,-0.6048216419708519,0.24014423553632136
CERS4,-0.688670955995276,0.24018051525561498
KIF5A,0.33118265693375815,0.24026161771535198
SCAF8,0.13649437769260153,0.24048429951713782
KIAA0020,-0.24469359413324376,0.24063167851887568
RHEB,-0.4428220224176931,0.24063582261231592
CNR1,-0.4591817553917794,0.24073629480735226
CETN1,-0.26176304664878813,0.2408423140140237
TM9SF3,-0.13044991869538514,0.24096337846964286
AC007292.3,-0.5717633525051573,0.24097759436898292
EMX1,0.29534654836652363,0.24112207638760635
HS2ST1,0.516091892525476,0.24139662975816523
CCDC94,0.2786059869309696,0.24143665574951859
RP11-560G2.2,-0.4345347124922472,0.24153172713153756
TSFM,0.2189663347081714,0.2415786555124914
KRI1,-0.27288924825669714,0.2415877892187593
APOL2,0.3561404227514391,0.24164707208404176
SMAD6,0.5873621364373935,0.24166732560011053
TBC1D16,-0.332663370026582,0.24168218266238126
PLTP,0.2889622836168968,0.24173854568969605
ARHGEF5,0.5374537461777464,0.24174145054738472
CHCHD7,-0.1781203796528672,0.24183576519887487
FRAS1,-0.3352811205248196,0.24189921413651108
BCL3,-0.40428074593635444,0.24202263839852364
KALP,0.3438408388514276,0.2420848848335946
RBPMS,-0.7163728868370982,0.24216612430438528
ETV1,0.73206601789113,0.242207418370459
ARL17A,-0.7260046357014787,0.24249331234977153
HNRNPA2B1,0.18168649230931777,0.24251268023662073
DNMT3L,-0.4418450814624335,0.2426007939818657
ACADS,-0.26334116875494296,0.24265529957560814
AVEN,0.23056243530034948,0.24274539104871856
SIPA1L3,-0.29733834208209675,0.24283589133437108
HTR1F,-0.2705775907496104,0.24285346304514713
TM6SF1,0.3144612818584065,0.24291097939180842
DKFZP586I1420,-0.2369307726365868,0.24327643136307475
RANGRF,0.21360154073521365,0.24329768250428624
SUGP1,0.6162120706838747,0.24335611788924058
C9ORF9,-0.15004671172155248,0.24338943630631654
EMR2,0.5898192973373089,0.24350098326033093
ZNF224,-0.5499318142576932,0.24359951971451213
CPA4,-0.18884055307451675,0.24365843992743258
GTPBP8,0.2011423753329442,0.2437528010366733
MYO15B,-0.2921583697842003,0.2437851548132075
ENPEP,0.675803085055315,0.24391466159242933
TEX15,-0.32027509976965973,0.24394371382056843
RCBTB2,0.2431133140281645,0.24395104424817773
CCDC28A,0.20434234306781107,0.2439641780548556
LOC100131532,-0.6105917721424241,0.24398109252784198
SYN3,-0.5407991159352656,0.2440492994110509
SLC12A3,0.3878154958958584,0.24415917780669308
ADAMTS2,0.28771162193712385,0.24416956937809706
TMEM9B,-0.12104295727853653,0.24421358069685645
NBEA,-0.29906691861822043,0.2442201014539869
SCAND2P,0.7323315910637538,0.24436647509410633
TTF2,0.2750654772219896,0.24460336257526177
POMGNT1,-0.29427744386727994,0.24477322020945463
C1ORF105,0.18418478217296297,0.2447861640548898
SLC5A5,0.30940686425156905,0.24493699111877656
KCNAB1,-0.7936847569090366,0.24498618826353724
DCAF13,-0.5505794724053965,0.24498968673006394
FAM129A,0.4103319118680364,0.24507005625269496
LOC101927770,0.2300423986505704,0.24514210615540288
RPL13A,0.1404558146550805,0.2454497966710985
N4BP2L1,0.5730283224717692,0.24547101597790147
DNAJA1P4,0.6247890572798518,0.24561064215599152
PGAP1,-0.40655141823608965,0.24574125672598573
YEATS2,-0.18371497610692522,0.2457952984160594
ADSS,-0.18941635101769805,0.24583277698104947
TNNT3,0.17529042395914907,0.245880584206178
EP300,-0.19330782574768435,0.24599140483133944
MRPL41,0.3700654977918538,0.24599407617478466
LIN7A,-0.5633914243186169,0.2461068052402724
DYRK1B,-0.4902392452549291,0.24619856139225596
PTCH2,0.4610220562512932,0.24621038099123208
CSRNP2,-0.13020727370496665,0.2464523877203826
MYOZ3,0.31338137044376335,0.2464574535401884
C5AR1,-0.3722111469550011,0.24661424824386471
OSBPL11,0.24043342304840642,0.24663046093863158
PHEX,-0.38841366948885714,0.24663580699156126
SUMO1,0.46943058401348825,0.24663890679040776
ATP6V0A2,-0.43506516447034294,0.24664416824925472
MUC8,-0.5039355355501263,0.24668299838127059
SRSF3,-0.3286181062640896,0.24673987283412377
OSBP,-0.24402007460563446,0.24674494113550186
RAB11FIP1,0.3072048614491907,0.24676477023560478
TPMT,0.18395849226626204,0.24676886135250348
MYO16,-0.24472069520712614,0.24681434804830865
TPM1,0.6655518606633128,0.24682025177489914
CFP,0.680293162067569,0.24685442852713338
GLRX3,-0.404795074122295,0.2470124076919353
ALDH2,0.2931468133576942,0.24712696445081533
SYNM,-0.38018252804693375,0.24726777454459417
LCN2,-0.5129972650929577,0.24731570934755817
AKT3,0.27142757162899933,0.24735949210746588
LPIN2,-0.21011642376193507,0.24755037583292255
APBB2,-0.7311755469080197,0.24761355810045452
PRR5,-0.2471575646918147,0.24802260737235554
TCP11L1,0.3733375363685072,0.24818749181463273
FAM222B,-0.19646565354779355,0.2482211167072325
JAG1,-0.41399076833589366,0.24822203718761587
ZNF267,0.3647281703964982,0.24826756852186013
CYP27B1,0.38003087347657427,0.24841719290858225
MTRR,-0.29735356071001995,0.24842898415177295
UFL1,0.4590911890724705,0.24852150268103912
GOLGA4,-0.6999019426382809,0.24860645815018323
UTF1,-0.5133028171482632,0.2487246935883275
TBXA2R,-0.4231725238020605,0.2487541658531833
IGF2BP2,-0.2670818013025187,0.24880101693820383
EIF6,-0.20820748059946936,0.24880521632834932
GIPC1,-0.19909750374709745,0.24899658174960626
RASA1,0.19761756593244684,0.24902025881872727
TPI1,0.35849511055971384,0.24910055181206922
GGCX,-0.2506847984366747,0.24910667698770153
GLRA3,0.736304570580093,0.2491920855227705
RAD1,0.19167599798286972,0.24934717047912067
DCHS1,-0.30968016464763526,0.24938023391409084
ALDH3A2,-0.2752718309076734,0.2494625852699901
CYP2F1,0.459452566428979,0.24960597078988786
CSTF1,0.24644962972995987,0.24971605961715634
KIR2DL1,0.44681361089059024,0.25000577662170853
FRG1,0.18691868395077016,0.25004025149643627
ITGA2,0.3844354344782577,0.2500572910322562
MSLN,0.8177967335165506,0.2500981974518576
HEBP1,0.21431425522320424,0.250111112176232
WBP2,0.16231695656658296,0.25014420811941757
ABHD8,0.5674277605390801,0.25016708763067314
MFSD1,0.13192732356855075,0.25029768651728346
CHD1,-0.2710511836132561,0.2503570644450845
DEK,0.14732438966747807,0.25050193351075695
RRAS2,-0.4530072066332753,0.2505401223153607
TUFT1,-0.22223081811097067,0.25059336415010114
TUB,0.5029342609670966,0.2506241099195733
EPS8L3,0.3200064385548407,0.25084025436791607
SATB1,0.2736994346627437,0.2508589981730489
XYLT1,-0.3396367716275801,0.25086892038933545
SLC35A1,0.18956151088774753,0.25089709783756897
FOXA1,0.29955216041029953,0.25102360023996934
SERPINA7,-0.3702156330974642,0.2511557855063889
SYT13,0.22442466585628562,0.25117797583223267
SS18L1,0.26058484271158733,0.25125760350483795
IHH,-0.526218618481868,0.25132726222256074
LRTM1,0.6097555606583902,0.25156616231185763
PPP1R13B,0.14644189245351313,0.25156808397629565
MNS1,0.3164056797705115,0.25159954180403565
DMRT1,-0.4719794746918633,0.2516194828503914
GMNN,0.2816486467165671,0.25165186638116666
RWDD2B,0.21383752570223358,0.2520314483361267
SLC22A3,1.0891999977210935,0.252253025649701
LOC100130331,0.5597978255131686,0.25227523034210125
OCLN,0.447622061403397,0.25232879310560125
TEKT2,-0.5268784774649551,0.2524316128991601
KIAA1107,0.38492089246038663,0.25266186659882073
VPS13A,0.5112658241317298,0.2527175752543566
UNC13A,0.2663458997419754,0.25279690491585183
ASCC1,0.373515754072443,0.25294142514000223
RSBN1,0.2347047682969503,0.2529998638421193
POMT2,-0.2735334154208342,0.25306126253307765
ZNF606,0.19791812258250108,0.2531290759563116
TPBG,0.17177648491897202,0.25313950634559346
YPEL1,0.47877420958582384,0.25321584540300013
TAF10,0.11848912391357302,0.25323139346692536
TMEM30B,0.3487766301779818,0.25326324594691524
EPHA7,-0.7602037219187867,0.25334463057211865
LOC101929036,0.5656588322363842,0.25335171522780453
MYOM1,-0.42000876671084786,0.25343907428772305
C1QTNF3,0.6304003271854999,0.25347471307860775
BICD2,-0.22858638032726208,0.2535428849270614
TMEM231,-0.3456741454395944,0.2535674563169077
SLC25A12,0.2609273438252746,0.25357468015098394
MMP24,0.5711834177934128,0.2536408198149532
C1ORF27,-0.19368115218989246,0.25366374377621415
NPM1P22,-0.3754491033458702,0.25371973340407966
RP11-278J20.2,0.5654354109034028,0.2537473244523871
KIAA0226,0.22260597101057744,0.2538321308615967
RUFY1,0.0893881688852094,0.2538638984136499
TBR1,0.3530012164519878,0.2539093359253441
NUPR1,-0.4807171019260501,0.2539459755699375
DENND3,-0.23232869228294728,0.2541860768426322
PAX7,-0.23413455553274432,0.2542127821786065
TSPAN12,0.5230250939655647,0.25421573890102517
HIRIP3,0.38531247648274913,0.25432289954037235
NOLC1,-0.34896080951516417,0.25438257042332113
CDY1,-0.5937900713069384,0.2545072830350035
ZNF467,-0.32349946302511956,0.2547183577977175
ERVK3-2,-0.5468261126920813,0.2548712053255805
FSHB,0.4548227863151961,0.254913695284923
GSDMB,0.6215772394698611,0.2549419537009294
EFCAB11,0.6122554553143065,0.2549425266616804
RARG,-0.5518399941596712,0.2550138391575794
RRP7A,-0.22938012530683416,0.2550294902993167
PDE9A,-0.7018289912090339,0.2555054160239622
PMS2L2,-0.5121358092814008,0.2555417222781525
RAP1B,0.11606648775388706,0.25562901836012614
ZNF207,0.18142937920974767,0.2558752317752986
CROCC,-0.4291287717970613,0.2559903915370045
FERMT1,-0.35701129949163946,0.2561763709845713
MC2R,0.5794444391731579,0.2562405674643273
NSG1,0.4803854072767155,0.2563194267125056
MUC1,0.6768649885026887,0.25637321802822705
PTPRB,0.3348332322045726,0.25642048647501475
FTSJ2,0.26699865110409426,0.2564859048378751
HSPBP1,-0.2679775614733986,0.256491689349771
TEAD4,0.5763625048878023,0.25670978209280193
ZNF165,0.6731619473263137,0.2567784294931159
PTPN1,-0.5360349541408929,0.256797604070729
MED22,0.16084762888282356,0.25683564568411255
XAF1,-0.40340529607910725,0.2568790387303814
TFEB,0.38693877284665934,0.2569955318073818
RDH11,0.260939665796748,0.25706240085988163
KDELR2,0.15623026124164952,0.25711467023765944
OCM2,0.5245031412428931,0.2571690300566241
MYCN,0.5805402951202963,0.25729532992494336
SSX3,0.6110540887950959,0.25739831856145473
RAD21,-0.29214686431437364,0.25745974530719545
MRPL35,0.25792031347692124,0.257492140005297
MSL3,-0.16466685996030161,0.25749652559756325
KIRREL,-0.45001992342183605,0.2575278966013731
XPA,0.18338082755607132,0.2575628134861592
YRDC,-0.33777750705715626,0.2576526409413348
ZBTB3,0.3646908071886923,0.25777875634111336
PAK1IP1,-0.3807822757326269,0.2578481418640752
MMP9,0.9618651397081344,0.2578856041322115
ATP4B,0.2697820851391235,0.2582382821920165
SLC12A2,-0.30440250427195714,0.2583769818078784
BRSK2,-0.36159723981426284,0.258393975642631
CDK16,-0.17889929411321326,0.25841137798369684
EFEMP2,0.24624715787054186,0.25844962540917354
GSC2,0.6161050533290138,0.25850192672569827
GSTZ1,0.5599768537214667,0.25856486678081264
FOXJ2,0.11028042694372964,0.2586412199378968
DNAH9,-0.5469356482567171,0.25864188142658256
LINC00260,-0.6477576358257799,0.25871238589031487
CXCR2,-0.9166672868867574,0.25876782987291175
GPR37,-0.7856525236830549,0.25879310682203177
ECSIT,0.5184099900881423,0.25889662066840996
NUP62CL,0.7542945554437415,0.2590103246020037
COASY,0.11585330881765721,0.25917550632837905
SLC17A7,-0.4056498221296785,0.25920866198386966
SCARA3,-0.32310925752961595,0.2592224075060859
P2RX1,0.25406195409558574,0.25923898285802893
RCOR1,0.13355257859659808,0.25944708296994656
FAM153A,-0.6444786157887963,0.25945025958719503
NPC2,0.17236476670351664,0.2595950286860759
ZFHX3,-0.2826367616527712,0.2598981126293849
PGAP2,-0.21696797079748364,0.2599667029319542
KCNK1,-0.5575164851218473,0.2599697686135226
RPL17,-0.6220355575855256,0.25996986665730504
ATP2C2,-0.4408865676640308,0.2600514603743007
RPL41,-0.03572372757409248,0.2600879140757675
SKI,-0.215642813174016,0.2601327995296885
MAGEB3,0.4245311360697501,0.26020338728940157
BEST1,-0.32531876851757513,0.2605501893863368
LTB4R,-0.4923565321123524,0.2606226661205817
PIK3C3,-0.20033743294953776,0.2607533440812365
ITIH5,-0.4427219264421698,0.2608284438189951
MME,-0.9180948678822256,0.26083535814929587
B3GALT5,0.5607920497929291,0.26085598646926617
GLMN,0.1722372164647421,0.2608835371458834
TSGA10,-0.5974349810496715,0.2608999947228498
ZNF195,0.25075278388730293,0.2611197239713854
LPPR4,0.4227461379836672,0.26112475735571555
FA2H,0.4240270797416459,0.2611405187183903
TMX1,0.2973780021032493,0.2611636693695645
ZNF480,0.30482317426386185,0.2611973287971248
PLK1,0.2505226982464466,0.26127945434481287
LMNA,-0.3301847391245598,0.26147365988460697
METTL18,0.13460029564803122,0.2614844296751404
NDUFS6,-0.1172814693585238,0.26149332168764866
BRDT,0.6526719513705563,0.26150342712626873
CBR4,0.1779234340652831,0.2615478656948263
MRPL34,0.19978236388689297,0.2616290768728901
ACSM5,-0.4376284284984795,0.26178759637759197
GRAP2,-0.5025086441186093,0.2619861126110538
CIB1,0.13641478768234627,0.2620163112042302
GPX7,0.17470370114604705,0.26222637886200717
ESD,0.25249013074153126,0.2622278366891515
CDHR5,0.371029922855747,0.26229198910452584
AQP2,-0.23264198150209392,0.2624171043881053
NAT2,-0.3914090069479981,0.2624214824368831
HIST1H3A,0.6227881978635379,0.26256835094816
BMP7,0.4899523573373852,0.26263250008181305
TMEM206,-0.2359004311915882,0.2626741662916453
IL1RL1,-0.8063190885700893,0.262727685443263
LEFTY1,-0.4118423356793297,0.262907397732509
GNMT,-0.5008648776459461,0.2629220909191709
TGFB1I1,0.28665919782528526,0.26326431510244885
PPP1R12A,-0.24675769612951015,0.2632693151023473
BLK,0.5747375116598623,0.26340557655030306
SOX13,-0.3329879238306166,0.26343847822358113
MYCNOS,-0.5110916104915253,0.2634639986768669
MTF1,-0.2234982874902709,0.26354522407256326
RIMS3,0.39937288316279407,0.2635928484366575
RP1-263J7.2,0.6157396111509468,0.2638221123887772
COX6A1,0.1153691162299939,0.2638620126912929
FOXD1,1.0056271450375593,0.2642385766708856
NRF1,-0.38872482791032414,0.2643218650072255
MIR4784,0.3129876429647407,0.2643823210972156
PES1,-0.24312944774422363,0.2643854669748771
MSH5,0.6439283213018792,0.2645840358020373
CORO2A,-0.413811654316933,0.2648180303384043
WDR1,-0.5791350805023727,0.2648553853940726
OSBPL2,0.19854641473762236,0.26493082561445436
C22ORF24,-0.22058312107130362,0.26502089296946313
SERPINB7,-0.333239650266675,0.26510327101369663
GNA12,0.10949891345524954,0.265105528915515
NOS3,0.4370019691852871,0.2652535056341762
MYH3,0.43499345122353983,0.26529095744282993
MRPS18B,-0.27439993398381723,0.26529276710249433
CBS,-0.20730437646511213,0.26539706200651375
EXOSC7,-0.15604104666049068,0.2654196877763666
TRIM31,0.5181174622538558,0.265474165056948
POLI,0.2729150502053139,0.265654198663109
SELENBP1,-0.32468947305907747,0.2657656020270347
ALG5,0.1144603935226467,0.26578490552117606
RFX1,-0.22864403770676356,0.26590221384787477
CCT5,-0.19597829931426425,0.26591706643271595
PCSK5,0.2874806044798808,0.2659477568405914
PLEKHG6,0.35132823846661676,0.2660334691875721
PLA2G16,-0.43452183307218917,0.26606907409325514
EPS8L2,0.4826317886034932,0.2661083758065162
FCN3,-0.5754633403891924,0.26610968686597886
CD3EAP,-0.3096237461860909,0.2664787501257016
ADAM23,-0.6294692854393249,0.26648769879588124
BECN1,0.1385381678223805,0.26653838951862474
CARS,-0.1719098804040886,0.26668742473407303
PKP1,-0.8471114310425687,0.2668013064656671
AHCTF1,-0.2999471643548359,0.2670920574719021
FAIM,-0.18018637755409017,0.2673353180464669
ZNF280B,0.33961691793182025,0.2673599555316288
BRIX1,-0.42324270623760185,0.2676142790690505
FRMD8,-0.44461352690186295,0.2676377714678665
SRSF1,0.4165172504273329,0.2676395006731333
MAZ,-0.7139259740349733,0.2676611157753007
RPRD2,0.21174802021462824,0.26772414927588295
PPP1R13L,0.19217572659397675,0.2677437917185323
ACTL6A,-0.322169290742389,0.267931883830001
COL11A2,-0.4961358325211016,0.2679824267955839
ACTR6,0.24908400408764209,0.26818630284036366
MCM3,0.12197062711203621,0.268282682046735
MUC3A,-0.13399647111346447,0.2683751777891445
ARGLU1,-0.24824765889527178,0.2683954971847256
TMEM14B,0.18559921722756734,0.26858394660850127
C17ORF70,0.12798736181976444,0.2686127242175297
LCP2,0.38437488101520323,0.2686128297846226
FBLN2,-0.5672605687903847,0.2687942656043895
ARL5A,0.16424791824809226,0.26882871957207904
PTGER2,-0.3841829420251699,0.2689481589725137
RP11-54K16.2,-0.13767901727217158,0.2689659832718112
ZNF117,0.4993621158562771,0.2691438218021892
RPE65,0.7967855558043997,0.26954646238823116
CCND2,0.33102303522594934,0.26954874946167867
APOBEC1,0.4698867140516976,0.26955227081995664
USH1C,0.6146286279544011,0.26961226588321635
PLCG1,-0.4143303872138837,0.2696321185836577
CHST2,-0.4062936216576265,0.26964199940928235
NOP14-AS1,-0.5397802320930332,0.26968419122466764
AGGF1,0.5911975222539363,0.26973342688543844
PPP2R4,0.32502015960051445,0.2698065796958416
CRB1,0.43650360167217883,0.26985090685534474
TMEM106B,0.19013869318909649,0.2699182263894334
ATG5,0.22010095147842268,0.27008887957955424
CIT,-0.358003858561462,0.2701719456672968
MLYCD,-0.15715254732536899,0.27019999217011575
LRCH4,0.5338017388839633,0.2702135125088912
FAM106A,-0.2735581025247571,0.2702731388831577
PPY,0.17353045927886512,0.27029621724573183
HOXD13,-0.4202533412012235,0.2702973851270123
SMAD2,0.17506385468260177,0.27030918545214594
CRYBB1,-0.3154877146590933,0.27031213057029396
ZNF354A,0.3529106199026568,0.2703487354985273
SAP30,-0.4872653978735295,0.2704282416963488
ABCC3,-0.9572714744625106,0.2705420187694257
CASP6,0.5315888080284692,0.27058722116519934
SDK2,-0.34226473374810773,0.27066654406239904
PPFIA3,0.20145982006570673,0.2706987833397269
MC5R,0.5998621023254422,0.27074533026682035
FCF1,-0.4871408521058367,0.27078157987974316
CHRNG,-0.5754334533675625,0.2708261860772443
CRP,0.46108244739214754,0.2708415442190574
POLR3C,-0.15609730893032925,0.2709202091224814
TTC33,0.21219881881421188,0.27092297732393283
HSPB7,-0.6789965273222291,0.2710116285863725
TLE3,-0.2363980517597568,0.2710156939231954
MEGF8,-0.699877745171662,0.27110562263299287
ATRX,-0.4626657057505916,0.27111453654025486
PTGDS,-0.7143054042402124,0.27131001908401337
GNG3,-0.2302205979981169,0.2713438010149618
MFSD10,0.30115422476625753,0.2714319365668618
ITGAE,-0.2055724365643865,0.2714738637057657
CUL4A,-0.3970362092031161,0.27147627894278337
DUOX1,-0.5249388377643669,0.2715386424355908
ADCYAP1,0.34113335900020925,0.27154282578501027
GPSM3,0.2856374795072387,0.27171570080011703
CLCN2,0.2546413192457422,0.27175622070141353
NPDC1,-0.33770830826594356,0.2718241855660988
DTNA,0.8289120380114854,0.27194125818282616
PROX1,0.5119169555305874,0.272017689166763
GAB1,0.43214427173520065,0.2720180869674594
EML4,0.2596950071584567,0.27221691200711484
BTG4,-0.5440299440766823,0.2722657736886228
SLC2A10,0.3431857095505677,0.2722956502556481
BBS4,0.3667202170147892,0.2724271022347013
PMP22,-0.14717709608769347,0.27250331224158514
HAUS6,0.5364799393354276,0.2725452652777222
DSC2,0.6215282616918492,0.27255536838153743
OARD1,0.36515111645933906,0.2726296724097734
SLC6A12,0.17355676255096597,0.27265836082850975
SMAD7,-0.22277025615396617,0.2726583683036799
PYGM,-0.34362539390323565,0.27267551673887364
TBRG4,0.2840009565071435,0.27270027278065756
EDF1,0.16780958238108745,0.2727264081502793
TXLNG,-0.35270621676651626,0.2727818068517813
DDX10,-0.28125670862273644,0.27284955983489506
BRD3,0.21103452670099188,0.27286059429486204
PLA2G2F,-0.37231203457601314,0.2729515934143155
ZSCAN5A,-0.16003286622735668,0.2729654118740637
C21ORF62,0.47269385460876734,0.27308953694147087
TXNDC9,0.30661882200407575,0.27310382879416684
RNF126P1,-0.23872472466976458,0.2731247920379924
POM121L9P,-0.4891208757774459,0.27338347729865575
DNAJC12,0.541703304628756,0.2734578453303136
FCAR,-0.765831577434795,0.27353427543406506
PSAT1,0.2928171743484729,0.2735495773961093
HSPA8,0.21059179931340388,0.2737417732473721
KATNBL1,0.2693432556896349,0.27384917434534006
EMG1,0.19409360314254798,0.27399923085234684
LYN,0.31861886159318686,0.27407409055692306
MIS18A,0.12698671420136431,0.27417940670838675
RBBP4,0.2103856916592335,0.27422927779212247
CACNB3,0.322598633775689,0.2742970973757518
USP20,-0.2917574519560997,0.27433249115656183
LOC100127972,-0.21642456658356313,0.27464661137501223
WNT2B,-0.4672702790459713,0.27465631876143304
GPATCH2L,0.2604819489501162,0.2746861360542055
CEP250,-0.29961394110567596,0.27472082441629453
KCNJ8,0.7679739519777149,0.2747308680217926
SP100,0.3616662102641035,0.2747318709163676
TYRP1,0.4472969336719297,0.2747426262602315
SLC6A16,-0.3370177535683405,0.2748407584856678
MKRN2,0.488835672043769,0.2749167189694321
LOC100996843,-0.4071060179508714,0.2749368284981412
ATP10D,0.15940501189282053,0.2749977000522849
LYPLA1,0.3980879477211978,0.2751263479591691
NREP,0.5301338672316618,0.2752263883080067
UNC93B1,0.44460483554916497,0.27524147374321817
C14ORF132,0.47585175713513017,0.27524994363595595
ZNF3,0.43467287437528856,0.2753308515642668
KCNJ15,-0.42724065693713875,0.27538876752505487
SLC7A10,-0.7571247055523056,0.2754682295664266
ZNF343,-0.48395116511205005,0.27547903045817257
CBX8,-0.4652791121482318,0.2756432227225649
DLX2,0.5872719204410006,0.2756552958906954
HSBP1,0.09721618202510385,0.2758200527450141
SHH,-0.5803296198107302,0.2759155845656077
POU3F2,0.44990543951135287,0.27597900221045485
TMEM161A,0.4777090853179704,0.2760474573527919
TBL1Y,-0.47199685404837943,0.2760996975122618
TSSK1B,-0.36723393677608174,0.2761616435657393
MMADHC,0.10939312484116748,0.27620196529032015
EIF5A,-0.5594562019978415,0.27623393594077433
DNAJC1,0.17329462925422767,0.27625481898616416
ZNF623,0.20386677440722067,0.27632399341676844
MYO5C,-0.26207250155896133,0.27637475920252247
PLIN1,-1.6662890612492083,0.27649333677747423
SUV39H1,0.10361100756197228,0.2765380543054872
PUS1,-0.3535791218769049,0.2765825748689837
ZNF157,0.5852067497667965,0.27665993231843933
TPPP,-0.3492592182040122,0.27679796607022
S100A14,-0.15926333092546674,0.27700516037826917
THAP9-AS1,-0.3876558623126609,0.2770836270933161
SETD1B,-0.19588804485243294,0.27710470513803054
RNPS1,-0.18965017888370106,0.27718663931542603
TCEB1,-0.39116681303908685,0.27752213492234423
REC8,0.3027788505610731,0.2775592161443641
GAD1,0.5905835706869329,0.2776958933175489
C2CD2,0.25578597537994696,0.27789360094220616
OR7C1,-0.35861702456702815,0.2779071210894995
CHRNA4,-0.5493538128454354,0.2780460402320793
BBOX1,0.6341273327058228,0.2781411361810942
SCRN1,0.3441370912655959,0.27817554865211497
ATRNL1,-0.604596802421483,0.2781999902372828
IPO5,-0.335067560464994,0.2782127827223698
MSC,0.29919858580325087,0.27825950715162673
AC009947.3,0.5415105850575053,0.2783460024606799
TRPS1,-0.23152770007838974,0.2783754357657898
KCNK5,-0.2209112771592654,0.27852785576544015
TRAF4,-0.5094678842800544,0.27854479401438353
COL4A6,0.5000144586116186,0.27857676652451174
LRCH3,0.15437920101654434,0.27861010187091334
UBE2V2,0.17793495751495136,0.2787821377573287
CYP46A1,-0.5466224333787348,0.2788716873202216
HES1,-0.5360575319608678,0.27892707709952613
RAX,-0.4164838271029274,0.27896126854175185
CARM1,0.1350288280565657,0.2789713610852687
ASUN,0.24398282048067443,0.2791385795284409
HRASLS,0.6074642142334845,0.2792171458623808
ANGEL1,-0.13998287961124944,0.2793966425118624
GAS7,-0.40455767231186535,0.2794937473469475
RUFY3,-0.32034993473039464,0.27950082843209095
DTX3,0.4815561746172712,0.27954554219577976
U2SURP,0.24895146557702397,0.2796233714709662
SEPHS2,-0.1461802075244698,0.27968994442878836
LUZP1,0.31145313939421726,0.27970125514210403
SIGLEC8,0.49812755451258006,0.27970570918642246
ACTL8,-0.3294565944958343,0.2797513557976678
RP1-68D18.4,0.4938831106834982,0.2797991598928418
IL10RB,0.10698907516818146,0.2799274151412035
F8A1,0.14910408258725028,0.2799701523099572
HHLA1,-0.20015231354843888,0.28003254699461455
NGLY1,-0.28528293295804463,0.2802371457556303
CHFR,0.14678130129141742,0.2802745849511761
HOXB8,0.2898538489084763,0.2802879139152315
TRAM2,-0.3323769533200984,0.2803498867683995
LOC101928676,0.15626021956619773,0.28047965707348854
PPP1R2P9,0.1975850905060721,0.280699457847287
VWA7,-0.4725329116172068,0.2807066782179147
EXOC6B,0.5101011940978912,0.2807958749463313
TMEM158,0.8041846999282676,0.2807968418057391
SALL1,0.7479662529257549,0.28081046376470126
ARMC8,0.2760897362578527,0.28116652608769016
TIAM1,-0.6627962492259343,0.2812066486620693
GRM8,0.6326779282672259,0.28124403054826336
CPSF1,-0.40266147426020193,0.2814255565183561
ZNF473,0.23636846973939285,0.2814381526448777
EXD2,-0.16478199114452963,0.2815930842887079
CSN2,0.2828324945151959,0.28163050002905093
CALU,-0.31394702700895216,0.28168373287735854
ACSL6,0.4216212116097351,0.2817448559140283
PRKAA2,-0.49965575950444396,0.2817838012005866
SLC17A2,-0.4414921947767678,0.2818237611678088
CRIPT,0.2503608037374896,0.2818640526191608
TFAM,-0.3734502894699476,0.2819049970749258
IL36G,-0.3811982383793371,0.2819290258259266
CAP2,0.4829139953130488,0.28199074584386175
HMG20A,0.12635285855754042,0.2820740418948164
SUPT5H,-0.12280888213160779,0.2821354021026378
SLIT1,0.3694300146712415,0.28214319534923105
GATC,-0.3187657952067786,0.2824235052143854
LGALS8,0.2546150135630363,0.28247030297225323
LAMA5,-0.2125598908744717,0.2825003313977507
TAS2R14,0.13009923067998042,0.2825277514072489
ANK2,-0.55894485621823,0.28283535042137503
ATP10A,0.48671692964119995,0.28287455145630863
MT1H,-0.3539109274798946,0.28287584727275
MED24,0.4257038119285408,0.28289405660157146
IMPAD1,-0.22861375674898987,0.2829252408403084
CAPN5,0.21713785399223173,0.2830435243010571
CDX2,-0.25568258722904735,0.28305878678453533
CASP9,-0.24014169811961672,0.28313230328181793
TSPAN1,-0.2814672361683721,0.28331585356918004
HIST1H1C,0.4491839373315649,0.28334292638706066
ARPC5L,0.23170473005997572,0.2835113919022761
HCG26,0.24958053322264284,0.28368159000767046
POLR1C,-0.2753264505413977,0.2837244441963271
NDST4,0.46888975179234205,0.28403655395731064
UPK1B,-0.3986557764152563,0.28427874829644395
RNF126,-0.2648721628738002,0.28433377796008885
CCDC59,-0.272316041090912,0.28459376271794906
CLCN4,-0.5866622852831878,0.28471471944338855
ALDOA,0.09348355207671233,0.2848247802722824
LALBA,0.5637953956038642,0.28484635172916445
PMCH,0.35356890553275555,0.2848750665245391
KDM4A,-0.26218035576940935,0.2850021240448717
FPGS,-0.1643689130021837,0.28516399321351066
HSPA1L,0.5261653370096209,0.28527704342855786
RNFT1,0.5899449257267051,0.28534588565846664
ARHGEF10,-0.5620279566966291,0.2853615788181085
GNAT3,0.36415051911165275,0.2854591663892052
NGB,-0.4247108681547287,0.28560546164735306
NDUFS7,0.12077727777948155,0.2856260256365491
TTC23,-0.12438527180653125,0.28563719365906665
CYB561D2,0.19484396940914728,0.2856444588171671
ZNF140,0.31806686675477813,0.28568035998750346
AOC1,0.4735534192242872,0.2857772881477505
COL7A1,0.57970627432484,0.2858095899910837
PDCD4-AS1,0.39223383236874376,0.2858424248153974
OCEL1,-0.16865079890665058,0.28585563380469653
KLRC4,0.6609474602848864,0.28598242261559154
CCDC177,-0.323862560844983,0.2859958884123887
CNTN5,-0.6921903562946325,0.2861155550674615
LOC101928457,-0.552673183819278,0.2864469692183191
SUCO,0.22788778376973262,0.2864967191572314
IGSF1,0.4003367299169662,0.28678121547875746
STK17B,0.3139039889488231,0.28688297675244556
POPDC3,0.510025293246243,0.28694467915119654
TWF1,-0.5684311051757684,0.28708469404138276
C1ORF50,0.21189429175372965,0.287192973166651
NUP107,0.07772288126798621,0.28725578800042767
EXOSC1,-0.5611407681354601,0.287500867519795
MMP26,-0.3919326365465814,0.28760653411532616
EPB41L1,-0.5864950308642314,0.2876076570305874
PPL,0.8363675094219829,0.287624740492525
FGF20,-0.5304447224157229,0.2878414201907586
CD2BP2,0.20715261213379677,0.2878562967347598
RNF14,0.1270429331624907,0.2878972494947332
STX5,-0.10846225610206961,0.2878993595621634
SAA2-SAA4,-0.19012631767288557,0.28808176718356476
SEPT10,-0.21591369376431224,0.288115584865183
VPS9D1,-0.26335762039023614,0.2881294155952311
CDK5RAP2,0.1805136583547533,0.28816108029604903
SLC25A6,0.1703903132676281,0.2881736654049594
RPL23AP32,-0.46787962580428477,0.28833058450197924
PFKL,-0.15305797053277814,0.28835434860255765
NEO1,-0.2779507720625052,0.2883985064914971
MIOS,-0.34169825275448584,0.28856886401237347
TTI1,0.19249119172655682,0.2885716178354797
IL4R,0.30749915750689816,0.28861108251968437
B3GNT3,-0.37430400451620915,0.2889293884249289
CCNF,-0.6039333936516837,0.2889295564182122
C14ORF159,0.33807254113192187,0.28907198768533193
HLF,0.5022167270868749,0.28917497221211697
SYDE1,-0.7884919923038298,0.28923352683170495
GUCY1A3,0.41604457353617974,0.2892788057690125
ME3,-0.20887648612610832,0.2892856468491676
ARRB2,-0.27712748419393307,0.28930854176814946
GATM,0.3563889509713025,0.289382974459727
RNASEH1,-0.17913469049074848,0.2893974426172697
MAPK6,-0.16111693160804386,0.28947222647987536
FOXH1,-0.3376026761727342,0.28955212981018236
CENPB,-0.188852064227655,0.28957148610795813
DNM3,0.2598101366836465,0.2896348715308486
ATP2B1,-0.2464957082571928,0.2896669728496816
ARPP21,0.48400335394065586,0.28971298509582416
COX7C,0.1961304531804995,0.2897803222814378
NOVA1,-0.7702182434734799,0.289892419701069
CALCR,-0.6643370583998776,0.2899269672208013
FDPS,0.1365472201867739,0.290248552336852
EPOR,-0.5742383248182605,0.29024955989668716
HMGB1P12,0.24532683281356116,0.29044611732874376
PUF60,-0.10571507903169675,0.29073489320027873
GS1-124K5.9,-0.5343696398299302,0.29095248261389584
CST4,0.25767969921380285,0.29095692673840734
SLC33A1,0.24523622223582198,0.29124035319515734
PKIG,-0.12402297623017589,0.29124140882145394
HOXA11,-0.6442568938583024,0.29142838337124755
RABEP2,-0.2864135421519789,0.2914493194173023
MAP3K5,0.23701334970332688,0.2915353814829907
CSTB,0.20383063105754218,0.29162523384788847
USPL1,0.1566423379007631,0.29170481575947593
GRSF1,-0.2637578665956637,0.2919649188594171
TDRD12,-0.22566471911205221,0.2919795955104381
CCL11,0.46421107564608377,0.2921679126411434
CASQ1,-0.15798465736663303,0.2921725116883665
TKTL1,0.4747729963538996,0.29224278227515305
RBM41,0.1943774971463803,0.29232642141365983
MYL3,-0.38263704647291696,0.2923276590234201
PPOX,0.1748666442196356,0.2925725087620968
RP11-69I8.2,-0.5189752529826062,0.29263265482488227
COL15A1,0.22932816545614187,0.29263834003828104
MMRN2,0.38381645435820566,0.29264422205890794
PRAMEF12,0.46092773941081955,0.2927979664387327
QTRTD1,-0.23503180427532389,0.2928650623587481
ARMC2-AS1,0.08713153690719366,0.29286576784396673
TG,0.3869529612867151,0.2928767294975801
ANXA13,-0.36783728920852177,0.29308960459531785
RANBP9,-0.26972627572618535,0.2932986130828104
LBH,0.28262667339063263,0.2933026589231016
OXTR,0.21079507165044742,0.29337313180626434
TGFBR3,-0.2888125282882097,0.29341027210749426
ZNF91,0.2719992566770184,0.29355482564420754
TFAP2C,0.3512104042593629,0.29369955131777986
IL6,-1.0418998358970395,0.293712240851216
SPAG16,0.2261925912615963,0.29382518002705404
PDLIM7,-0.5364020771030766,0.29385289677690885
SNAP23,0.24215139696224153,0.29386557317196926
AP3S1,0.10095465414030258,0.2939464885976975
PLEKHF1,0.49870664213224813,0.293947721131605
SPTLC2,-0.3128753668431763,0.29394993983567586
FAM184A,0.24634415574216195,0.29404634694409243
BLZF1,0.6739731058433369,0.29407695649935506
NFE2L2,0.1740102526600591,0.2941626853909671
HOXB3,0.3949511690684231,0.29417442965833035
ZMYM1,0.1642179288086245,0.29428425443275297
GDE1,0.1702473085077827,0.2943038968619712
ZSCAN26,0.24898233731796537,0.29443825454688305
ID3,-0.3026089691871885,0.29455314605526933
H2AFY2,0.48473951868655263,0.2946478112994027
ATRN,-0.21099832588592626,0.29473202958904926
LOC102724905,0.6002450800634298,0.294780515850084
DCXR,-0.3004571929141058,0.29482408628152196
LINC00623,0.21164506025972152,0.2948602339039121
HNF1A,-0.4257293386666712,0.29495618389309713
GPSM2,0.8682597426002072,0.29496494024495695
BTBD2,0.6141020229822933,0.2949886844062165
S1PR4,0.31849822528655825,0.2949967902046596
MYH11,-0.7549854259084032,0.2951549154696623
GNAI2,-0.2817255686657152,0.29534836499058925
SMCHD1,0.33369052973135727,0.2955166675450422
C7ORF26,0.35241905491598535,0.29551695934872624
LSM3,-0.11122185110336602,0.29553456309385345
DCT,0.6076990331445806,0.2957063588724988
PIWIL1,-0.4746570549250002,0.2957541792413682
CD99,-0.23070116242918637,0.2957597449361875
FKBP10,-0.25341104925111324,0.29596269415578436
SPATA31C2,0.443005775493601,0.29596593137484783
NDRG1,0.17065089247240017,0.29623785057263474
KIF3B,-0.1312920275162135,0.2963458270337242
C6ORF62,0.47471507327586426,0.2963591521743312
CNN3,-0.23065626000135353,0.29636017812787596
AP5Z1,-0.2861522501988887,0.2964103982824908
GON4L,-0.3411541608155799,0.29666324757024043
ALDH4A1,-0.46622234233153037,0.2966846634587775
HTR7,-0.7652075845148902,0.2967814245178067
SLC2A14,-0.5130594585619104,0.2969242868754067
TNNI3,-0.4873777089281477,0.2970130104853683
SLC22A8,-0.2538915379451625,0.2970825395833831
THAP10,0.26693416866214825,0.29710047463583655
PLXNB2,0.48756953429978633,0.297154175042062
DSTNP1,-0.4294506111840848,0.29730463231770216
IKBKAP,0.413527475797558,0.29743295745035436
ARHGEF17,-0.3573980497369753,0.29746254963519475
OR3A2,-0.37881574148013364,0.297488414140807
MEOX2,0.8877596051929801,0.29749464690279953
PSMB2,0.27363868105987343,0.2975738284751225
LMNB2,0.31902822416370924,0.2976125047067903
ITGB1BP2,0.2763212220930322,0.2976942412764558
NCAN,-0.18583691106151257,0.29776801726169705
DYSF,0.331615280040932,0.2977873244339327
ADH1C,-0.8684202005065602,0.29779826670353243
ZNF83,0.2506028945704353,0.2981100170264701
RUNX2,0.42989445706538554,0.29816938770452617
IBSP,-0.4311062526855407,0.2981882032289236
PSPC1,0.16278611178452174,0.29843516204146137
UBL4A,0.18653499327099077,0.2984969901396739
KIR2DS2,0.21448504367612653,0.29849882104571573
MUC7,0.5448658621184861,0.2986051174927962
CYP2W1,-0.43207471292731725,0.29887336256335373
AHCYL1,-0.22459509170127223,0.2989967792331499
CRABP2,0.4129138050316534,0.29900668526100926
FBXW2,-0.14996208551622026,0.2992284469897108
NABP2,0.2313333506676294,0.29925685433116866
AFF4,-0.3783212881902953,0.299269303319322
B4GALT7,0.12889709315217246,0.2993601721202327
AGAP10,-0.2161403002854474,0.29948396230489455
TESK1,-0.10383177801492138,0.2994979474945223
IL1RN,0.7181101052153771,0.2995516037245204
MSI1,0.3289658755315359,0.2995839822464824
ATHL1,0.3550187154213056,0.29958669310967895
INSM1,-0.521668435693555,0.29960410502116225
FFAR3,-0.3381136803249287,0.2999375282336901
GPR22,0.43172900844088025,0.29994653114870085
PCNX,-0.38061926413590275,0.3001247778221339
TFAP2B,-0.5727799734217953,0.30019338405001894
ARHGAP33,0.5989100815898123,0.3002042050450362
TNFRSF11B,0.4952312352481778,0.30023803127855964
WDR13,-0.191533046195973,0.30037321062626016
IFI44L,0.5383042776276614,0.3006587390780071
TP53BP2,0.18790584493934048,0.3007199034813993
WISP2,-0.5190969055757755,0.3009539783131674
GNB1,-0.17093031885841725,0.30098818428575336
PANK4,0.1287820081550013,0.30103427685059836
ATP6V0D1,0.13662979789045693,0.30123307978695874
REEP2,0.12741883520256714,0.30133685739039684
MAGI2,-0.4945310993176153,0.30135889279120576
HECA,0.10237622254242851,0.3015584816600709
RAD51C,0.2065166783787511,0.3016391532989193
OLFM4,0.8824837465164728,0.3016588682345437
RP11-114H24.6,0.5644932250766201,0.301831907917888
AGTR1,-0.4922051435859345,0.30187698536635443
PHKA2,0.24098858546007484,0.30191263765452225
SEMA5A,-0.4135428026868997,0.301963373373835
ATXN2L,-0.6403639498978535,0.30211183205276143
ZNF783,-0.17744910930778346,0.30219468199830607
PPM1G,-0.17120775384500497,0.3022082341033966
BRMS1,0.12656922237651358,0.3022873694696141
GPR173,-0.4805601163543747,0.30233383558547305
EIF2AK3,0.21597986408093206,0.3025510139698544
MAGEA2,0.6990661382676517,0.30271511651609545
FEN1,0.22810090633032054,0.3027451442607063
LOC100289097,-0.1417606251821617,0.3028061035017903
GALK2,0.4334823857828187,0.3028674753678556
TP53,0.4698307149090528,0.30301919181513903
RPS17P5,-0.3702200144026051,0.30336614933382383
PRAMEF1,-0.23511678838234928,0.30340657664944976
PCNXL4,0.4788551615686809,0.30344438083350667
PPFIA2,-0.31794084948359647,0.30348418246595543
HIST1H4J,0.6310528818839396,0.30353951777978916
POLE,-0.15534401866514713,0.3035815749573085
LPO,-0.37343588548068407,0.30367829783244527
CP,-0.41447612105172027,0.30383239198242923
ADAT1,-0.11035569561966341,0.3039541621547443
UBBP1,-0.2574441195730053,0.3039553595833131
CSAD,-0.42225754594350295,0.3041183816679245
COG8,-0.11162028443310135,0.3042853006358672
GAST,0.11162012500007368,0.30429668128569914
ALOX12,-0.5074966743128888,0.3043245272273079
LRRFIP2,-0.19127935212197045,0.304522476824117
DNPH1,0.3713149203844539,0.30459542163601
TIMELESS,-0.35694404239053235,0.3046302268603882
DPM1,-0.19875474364583567,0.3046531962499946
CRYGA,0.4569162312840995,0.30494892843982546
SMARCAL1,0.49938261620809854,0.30500047597964125
RCN3,-0.2809389144616006,0.3051903963526383
OXR1,0.23504362914219978,0.3052879404941424
DHX30,-0.12550572986406827,0.30537008491985074
RDX,-0.31821487226810596,0.30540605374004676
UBR4,-0.5176929169330666,0.305544969372194
HTR5A,-0.22839556304939013,0.3055657135602987
FGFR3,0.5910948468136814,0.30556684156455133
HK3,0.6570103912991367,0.30586025577511666
LOC145783,0.3815648979946529,0.30602243976875465
CRADD,-0.15288504608686715,0.3060401339035351
CWF19L1,-0.17041696984327004,0.3061818667210494
LRP12,0.45610704269623215,0.30618879678271166
CTB-176F20.3,0.36958470264236976,0.3062952677994118
EXOSC4,-0.3002981209353255,0.3062962354834683
CAPZA2,0.17323058021873372,0.30632049558861263
SERPINA2,-0.47324063373589764,0.30636168771791533
SSTR1,-0.5585029820344998,0.3063847535409597
OAS1,0.3510094739307874,0.30639766935603147
PEG3,0.5030220512816861,0.3065056040151109
ALDH1A3,-0.44410055966081075,0.3065677643125564
MIR5193,0.30520681390800064,0.306581050500228
ARHGEF7,0.16996639158235816,0.3066777520244836
RSF1,0.24445955767295402,0.30672256265601655
MAPK12,0.25307580803915286,0.3068342668594948
MLPH,-0.18404026245493377,0.3069212703860403
LRP3,-0.19798005902002203,0.3069619015911467
AKR1A1,0.20305794421703816,0.30711325616852975
SRPRB,-0.19450980860926137,0.30723523187896634
MAOB,0.7362183807926055,0.3072353058528973
RGS2,-0.503210139650605,0.3073532132515616
SF3A2,0.3689001907473717,0.3074132554843067
RPL31,0.41228393573385347,0.30744574280051146
ICAM1,0.31691535637748913,0.3074715157413148
RAPGEFL1,0.22015024605861644,0.3075358680325432
SPINK2,-0.4785651821369532,0.30753738063721525
AKT1,0.1414140692147221,0.3075561185586552
GRIN1,0.535818314171502,0.30758210111001943
LOC100652777,0.32157230629011746,0.3076407616829291
NDUFS5,0.14329433661077218,0.3076426226222992
SLC35F2,0.26099834062350347,0.3076487992410957
TWF2,0.23005206044640403,0.3077227179503504
FGFR4,0.404971208770303,0.307836552391317
CCNH,-0.11729489901902213,0.3078573134377743
ZNF213-AS1,-0.44759582526217434,0.3079648771110516
FDFT1,0.23639460037001392,0.30800858518358815
RGS13,0.5800906392652703,0.3080483730622017
EVA1B,0.22340803443544388,0.3081091147950695
CHAF1B,0.6311924433180511,0.30812321098857864
EPB42,-0.24848215961334486,0.3081408547245164
HMGN3,0.22281267932424065,0.3081853585452479
SLC6A9,-0.5029425456480503,0.30827775305322036
TMEM230,0.19586201689507732,0.3083468940642242
ZNF780B,0.7484875636803907,0.3085880250396032
CHST12,0.4067232290248608,0.3086352896112094
NEU2,-0.23674435902586666,0.30866443523868103
PLCB2,0.356131424297188,0.30881541653371036
SLC12A1,0.632104814918373,0.30912155039753175
HSD17B14,-0.17801173742234155,0.30914861615701084
CROCCP3,0.3036027066849565,0.30921844061787873
LOC101928104,-0.21242174107425704,0.30929392386973226
ERBB3,-0.3482363172139493,0.3094325468621271
ATP2B3,-0.5141063450217755,0.30966714974350806
DNAJC8,-0.23792275096726545,0.30972166531146106
SEMA3G,-0.35049416608032047,0.3097871221685302
SETMAR,-0.18583168175426046,0.30988338851730796
CCS,0.1965396744157193,0.30989528431886676
CMTR1,0.16849952288384706,0.3099325677610831
GOLGA2,-0.539420830040001,0.3099331612083918
PLBD1,0.2770501532677372,0.31034117029448555
PLGLB1,0.649122273153794,0.3104216507086848
RPL39L,0.3264579839897186,0.31055128471648347
UROD,-0.35082741772819315,0.3109097484016643
GPM6B,0.7184420924591128,0.31102564475529615
CYP2A6,-0.35508369799766726,0.31115608700156694
MTL5,-0.30644739443207936,0.311193379757941
CLN8,-0.6059665757993686,0.3113331340506267
NAA16,0.21477696053248962,0.31136216660309635
STK4,-0.40076164022179483,0.31149182029203804
ACTN4,-0.20354860859861645,0.31170779432273765
ATAD5,0.3307875859014304,0.31176785098718296
C14ORF2,-0.1753645925236107,0.31184599011460196
DQ597730,0.2564441874690564,0.3119462114145453
GRM1,0.5432213911018433,0.3119736093267284
HAGH,0.1642350407877622,0.3120593398027692
CRBN,0.2045896108015839,0.3121331965683328
FBP1,0.37230268093861696,0.31214420127015696
TNF,0.2619337926798222,0.31226906008365185
PDGFD,-0.20841965150441766,0.3123410112341957
TSPY13P,-0.13273517398957235,0.3125680148858694
GTF3C1,0.25807914095101836,0.3125898022354943
DRD5,0.16256617328376066,0.312839118853364
MRPS7,0.10658602632240388,0.3129707172237869
HMGB1P4,0.24508229450204233,0.3129787873931717
SMAD5,0.27772333396570037,0.31302761931240036
CDIPT,0.23604388168811496,0.3130664163648751
LOC100506076,0.514528393662129,0.31313482307199514
CDC42EP1,-0.202251268503991,0.3131691338392131
TEX11,-0.3497327615136112,0.31328150512645214
NEBL,-0.3370422563325741,0.31350827574684614
FYB,-0.7209661124214684,0.31365097888838495
RPL23,-0.38532301553936765,0.31365489890513804
FAM57A,-0.214276220785786,0.3137736147211936
HRSP12,0.27650965105241987,0.31382374156985443
LRRC49,-0.18508773039059534,0.3138536204374073
CDH9,0.39016717609751783,0.3139022252936342
NGDN,-0.23149410214590294,0.3142302985294301
RNF146,-0.1931981835410994,0.31460723535928936
LOC100996782,-0.44100358973978615,0.31462159959745334
CD1E,0.7995930058805474,0.3146290867823189
IAPP,0.28474872032079235,0.31466629135436935
RPL4,0.08548332479028176,0.31473927420648523
HDAC5,0.43849181278702076,0.31490916144573833
ACTR3B,-0.3079755747403041,0.31491577242830393
EPHB1,0.2623703321808506,0.3149175459418319
CLEC1A,0.2119990316903264,0.3150880686665046
SMPDL3B,0.5044482670726993,0.3151313591729774
SNX15,-0.22351941195428182,0.3151582553946498
GPRC5B,-0.24355516595394633,0.31540649532174025
TYW1,-0.09446998453213062,0.3154448847546211
PFKP,0.29548481593679554,0.31553392842711364
KAL1,0.5350304549334552,0.31562845441163256
NID1,-0.5082695886179138,0.3156946183877575
FZD10,-0.42720528167630434,0.31579527183076844
SULT2A1,-0.4095760794548218,0.31588580621209694
CLUHP3,0.11704517738395204,0.3159985797847429
ACAD10,-0.19333014899582057,0.3160320973054897
KIAA0408,-0.5060387952700927,0.31647971474393194
LINC00588,-0.6352687573557132,0.3165269743736362
PDE1A,-0.3637926094018873,0.3166389888637046
DBF4,0.3326619655100371,0.3166806533737806
SOX12,0.17115628047492581,0.31682858472403835
IFT88,0.18985976092479362,0.3168351863662034
PTRH2,-0.29572824749967275,0.31687676574325113
GABRA2,0.6544053332262543,0.31703845998082997
ZFYVE16,0.22598618498601653,0.3172562956742816
CXORF40B,0.07908636666788915,0.31728579694348985
RBM48,0.32232342667435354,0.3173969468849714
KRT18P44,-0.2087749009481188,0.31745061684933734
SLC6A1,0.39268859936616884,0.3175313626239479
ARHGEF40,-0.19907394600502037,0.31753413170243733
ZNF180,0.2815941514054403,0.31757563662589605
KIAA0895,0.45632348239068143,0.3175876063086098
FAM189B,-0.18683696211279788,0.3177779874644232
SARS,0.1122012530538452,0.3178166626375405
PSMF1,0.14340578777983026,0.31788532358130117
VPS37C,0.11853993972971111,0.3179589296811681
NDUFB4,-0.0659158417469019,0.31804434120386915
PARP11,0.27959691410865783,0.318056989365691
ARMCX1,-0.28726032351672615,0.31806138589372374
HAUS7,0.12624609679294085,0.3180711838184826
TJAP1,-0.44667733602384274,0.3180902205563126
RHOBTB1,0.359931393996197,0.3183907508606773
SPATA2L,-0.12672594174774776,0.31849136074567025
DZIP3,0.5455951033276776,0.31855470439760347
FMOD,0.3666370907688652,0.3186556330124297
SLC22A18,0.2055610221269628,0.3188374414736177
ELL2,-0.6946943041624216,0.3188574370057827
MYLIP,0.2911605187380317,0.3188762080196973
RETSAT,-0.28639836562955523,0.31891804099145943
NLGN1,-0.6748060062867998,0.31893725700054465
PET112,0.47172395781067245,0.3190609845585184
FCER1A,-0.6141925105678601,0.3194639733662795
SSR3,-0.2001700308458414,0.31976949231085183
ARHGEF2,0.1308429723465725,0.3197862588610259
FASTKD2,-0.3529029005965292,0.31979700499591046
EMP3,0.21362054250315587,0.31979909338323775
ANKRD55,0.23857635654085385,0.31979920839283577
IL36A,-0.17858631428979344,0.31980009091442996
CIAPIN1,-0.17715415359285025,0.3198080557562118
SREK1,-0.1863856216304125,0.31981339186661956
FAM186A,0.48865609724308623,0.31989141950107913
RNF11,-0.2420882448676327,0.3199216187830475
SLC39A9,0.5890001228743964,0.319938192182906
CAT,0.46065525217239234,0.31995820813765397
GHRHR,-0.4424184381485201,0.3200767368125131
RP4-621B10.8,0.7865098359908453,0.32010325920531196
GABRA1,-0.1671777161781942,0.32022749907986364
TGM3,-0.41209687937822004,0.32023069302860924
RHD,-0.6113459575550579,0.32023867613582535
ATP8A2,0.4018223507106926,0.3202688713001841
SACM1L,0.18660288104108602,0.32039783413617995
PFN2,-0.15432576226774408,0.32040319745252327
SNHG17,-0.3760251498986893,0.32048277088679766
ZNF302,0.20076939835653107,0.32051338526891593
MED16,-0.42938145967566754,0.3205231072551037
CD59,-0.22440494748637008,0.3205443856796364
PSMD11,-0.20173081486644406,0.32062074467074525
RHO,0.5298353073863598,0.32079764319056764
FGL2,-0.35588732682812463,0.32115210038588277
DOHH,-0.37765272993757204,0.32133620933347784
INPP5E,-0.1138940859774582,0.3213931191955766
ROGDI,0.2252292791998638,0.32139563125469506
PRAMEF10,0.32854316234912506,0.32140671433282825
OR7A17,-0.4490788236973815,0.32146798720512687
CTNNBL1,0.11386321934998733,0.3215999604647431
PLXNB1,-0.4255037936802397,0.32165975014753334
EIF3D,-0.09324076587693497,0.32180421371668555
CORT,-0.3293250162065391,0.3218102972078624
CD177,-0.4082729347865959,0.3219009153991705
BNC2,0.2619029945956761,0.3219343064195767
ZNF493,0.5199613474965528,0.32209866802605414
C1QA,0.2736491418684075,0.32246388219775257
SAP30L,0.19790174653842474,0.3225943355149137
RANBP1,-0.3535634729779744,0.3226104715422362
TRPC2,-0.6018947049720724,0.32282010668100386
PAX4,0.46286772214994,0.32282078743275405
CTRB1,0.3626373491227435,0.322833319822745
IFT140,0.30765321961148917,0.3228404103138416
MYOC,-0.8011218994500178,0.32284685077426395
PPIAP21,-0.15786570826927893,0.3231220547445383
CCDC30,-0.17426530348090363,0.3231256711455267
COPS4,0.1660096694742137,0.3232621379847443
ELOVL1,-0.1480178241763177,0.3234666032957498
WDR25,0.4290811633225431,0.32351325671231984
ING3,0.12815315100657365,0.32352617948907963
ENTPD5,0.351902225023375,0.3235534287852575
PHC3,-0.5945493155732713,0.32358716397124243
AASDHPPT,0.25695248657433467,0.32364492619320384
PTPN14,-0.2100348037800126,0.32365743839459077
DPM3,-0.2439737464033218,0.3240596708304058
C4A,-0.33338990072510377,0.3240773070760998
GPRASP1,-0.3070327941202269,0.3240782879199528
CYP20A1,-0.198828509414132,0.32412126479301395
THBS1,-0.7435655160305137,0.324124951270521
VRK3,0.3938174144762687,0.3241298426509846
KCNJ12,-0.47277402383263656,0.3242612784057465
HCN4,0.3424387294266644,0.3244810254927921
FABP3P2,0.2689484890778182,0.3247417603613223
ACTR8,-0.13788634086024576,0.3248216442524045
C2,0.3622061826310681,0.3248571956839926
STK25,0.12832768135896444,0.3249177004322225
CKMT2,0.3521483054462724,0.3249732563271758
PRR14,0.20031844529204967,0.32515258382582557
FXYD2,0.2697129567235512,0.32537058614400977
HEG1,0.20658289638005733,0.32537507920944037
ZNF37BP,0.6159331751893191,0.3255001091613269
CCBL2,0.1725448491193955,0.32565942789885766
CHRNA3,-0.3166085289618765,0.32575859033175
PILRA,0.41875305559378617,0.32589479694843054
TRA@,0.29125877040598613,0.3259038529274153
TLL1,0.2745671693225544,0.32610648305585377
CXCL2,-0.8345020110719723,0.3261410358764556
PAX1,-0.515848523181833,0.3261988989352075
CASS4,0.3348180048918299,0.32636169355361644
TREH,0.2610498460158919,0.32639573215175016
PAPPA2,-0.38498139068010495,0.3264836535262349
ZNF135,0.6777399491529961,0.32656932158240387
TCR-ALPHA,0.5043560060987344,0.32657388940344273
BCL7A,0.2829780278346474,0.32660882542846315
MSTO1,-0.1715248836994938,0.32664573255361784
EMP2,-0.1897091141955478,0.32697470418390956
SIGLEC5,0.5173343532195043,0.32718152411406
APOL3,0.2617963176708944,0.32719019648574704
ALOX15,-0.42124319845405944,0.3272244521935626
IFNA4,0.3066864895730834,0.3272429925805641
CDC23,0.13727691517602914,0.3273634636481628
CD58,0.5385172085050645,0.3273812189543005
KHDC1L,-0.3885375015277517,0.32744974671556404
NACA2,-0.38634524749860066,0.3274860678627653
P2RY1,0.30073633297462443,0.32748792519047254
POLM,-0.5416312446165419,0.3275206212600159
SIDT1,0.3089763526630884,0.32760108206906535
MYO10,-0.6404841704025919,0.3276405312370228
KCNG1,0.3050703938026147,0.3276925588559224
TROAP,-0.15326094805904145,0.3276995555508036
SLC25A20,0.1415416618693559,0.3277611870592405
PRSS1,-0.4206434668718009,0.3279446733274772
C1ORF56,-0.2804440003721771,0.32797811460935616
GABPB1,0.5877405811389771,0.32798951747515626
RMND5A,-0.5439145134692058,0.3279969939337299
SC5D,0.4790813241236114,0.3280487788124389
ZSCAN31,0.39909753522752833,0.3280531053155308
PMP2,0.5450966418901082,0.3280845765880913
C1ORF174,-0.11328119043527529,0.3281930754397896
SMARCD1,-0.12623853653192718,0.3284110324506855
RASSF9,0.2836596010058745,0.32846514825493545
TGM1,0.3305569343161525,0.3285408716593645
ASTN2,0.42434702697138427,0.32892147652816783
E2F2,-0.40767447842132576,0.3291850666399972
ABR,-0.288083962328721,0.3292942674189918
ABCE1,-0.27851193148673836,0.32948991588910315
GOT1,0.11948048442568115,0.3295325924935597
RXFP3,-0.22604633769813454,0.329550153846409
NAA40,0.18052387527539082,0.32958686694492884
CDR2L,0.31353570949119014,0.32975200778770214
PPP1R2,-0.2646684221442124,0.32978655258824063
RPIA,-0.17297524991040625,0.32991546798930027
CHRND,-0.28924839551858916,0.32997430296221963
GRIK1,-0.48116475428837635,0.33013115635683615
MXRA7,-0.12642277718478745,0.33014736759272983
LMCD1,-0.31561475519881377,0.33017876263340534
PRKAG1,0.12846402168483095,0.3304483543793454
ATF7IP,-0.20655484151978243,0.3305416396392508
CACNG2,-0.2983264954568208,0.3308092716878777
PHF21A,-0.09881432180134198,0.330958703069316
CASP10,0.39072768209600817,0.3311251627530282
OLFML3,-0.3301990578528322,0.3312465676471488
CACNA1I,-0.4091575133205696,0.3312661842751092
ACO1,-0.2038554511220365,0.331460365713707
RHOC,0.16439136903100682,0.3315778561210617
TXNL4A,-0.29118332011989434,0.33159910163543266
HOXC13,-0.36929054556451657,0.3316018049951726
TNPO3,0.15834691081401164,0.3316282052773344
UBE2NL,0.263767265681345,0.33181673348445906
SPRR2C,-0.4799884751203791,0.3321269794686774
ARHGAP44,-0.4493552043564426,0.3321724015313716
KRT38,0.1840362830483837,0.33229124288681194
MAGOH,-0.20282032424648833,0.33237043387751447
NR1H2,-0.11951335399187002,0.33251782807037483
GPR135,-0.39521490604045084,0.3327201884393288
CASP4,-0.4472000481127356,0.33293931573419483
MAPKAP1,-0.12789060315138023,0.3330943569311002
WNT4,0.40147738351923534,0.3330974973067825
BAHCC1,0.22073178220180623,0.3331219400238238
RAPSN,0.38374085470724184,0.3332433635109981
POP1,0.4985318619530297,0.33336691500347393
ETFA,0.12388665831360157,0.33368453532727954
FCHSD2,0.12562633709577398,0.33374861571278674
GALNT8,0.3484905578017745,0.33377283379749456
GCNT1P1,0.5047192153223499,0.33382008090044535
PPAT,-0.26769277797750846,0.3339633608267094
HPRT1,0.2014024564475836,0.3341343204397469
TSPAN3,-0.15423594000614393,0.33416207790043767
FBXO11,0.6087750746384248,0.3342316163760557
CALD1,-0.73331294819842,0.3343443900569763
PDCD6IP,0.09104591246773275,0.3344652204723582
ITSN1,-0.3125639288186779,0.3345112199223213
EGR2,-0.519318999185062,0.3345483373416936
IL5,0.4553942097595547,0.33468072597501675
MYLK3,-0.5921120560220174,0.33482844895601566
SLC6A13,-0.23901900499800455,0.3348778633027807
FOXA2,0.3686397400256505,0.3349132818248918
CAMSAP2,-0.24208006244420588,0.33495584400990935
CDH7,-0.36297488699007774,0.33510434184909993
LYRM9,-0.1711337330487508,0.3351778877723471
CCK,-0.5080221422058875,0.335185870944552
GOT2P1,0.1592825756452907,0.3352767994766402
PEX10,0.22514908134255673,0.33535701460372724
HTR1D,0.1948575008218052,0.33539615087432517
RAB25,0.258714131703238,0.33540712040623977
KIAA1462,0.26290839105768704,0.33547784316208823
CPLX3,-0.38064410979553553,0.3355852017487701
RPL27AP,-0.3410612679113436,0.33568972449507306
RNPEPL1,0.15815307533258327,0.3357401504520938
INSL5,0.4136192822327631,0.3359180591424001
CAPN2,-0.1112778625791675,0.3360581105591005
SLC10A3,-0.1778225920427623,0.33606177703570067
FGF8,0.39435145957399964,0.33609425818919153
CAV1,-0.1773288473513368,0.33619637769160776
IFNW1,-0.3723842569621283,0.33621306992726235
PHYH,-0.2336948714908722,0.3362749229748305
IRS1,-0.3707674145838826,0.3362850434550183
SIK3,0.2493515840138567,0.3362909502842791
BTBD3,0.23799260745643203,0.3363100890601076
SENP5,0.19313700351182472,0.3367262500201049
OGFOD2,0.5737858878592785,0.33701139799928886
KRT7,-0.6609012307903401,0.3373214547363611
RPL35,0.10805067204387875,0.3374875646990833
HSPE1-MOB4,0.25381908715259627,0.3375036341668062
CACNA1F,0.14950713888143952,0.33774572997754526
EFTUD1,0.19986981895880618,0.33778884999829256
DONSON,0.16106058874405083,0.33798589294331544
LRRC17,0.5900417661786008,0.3380032401395257
IGBP1,-0.13780851355405588,0.3380106751676995
CD33,0.582343781418099,0.33807033003367853
ZFYVE21,-0.2120771858413235,0.3384166610794033
ASMT,-0.47311267998881323,0.33851943223699843
EEF1G,-0.07727199287785247,0.3386511730955424
CYTH4,0.3129263302753884,0.3387066516424275
PGLYRP4,-0.183865472438125,0.33872674703612704
NPAT,0.5239429074542485,0.33874227243336646
RPS6KB1,-0.2098525308687833,0.33880853877128037
VSNL1,0.612960290265721,0.3389495970964956
CD300C,0.2706643661905108,0.3390134527395531
PEX1,0.36898751869959856,0.3392289463218675
SLC43A3,-0.19707769437048128,0.3392654856594956
RAB2A,0.2405137275831759,0.3393588411938772
BCAS2,-0.13530882647544118,0.3393976820656219
SOCS1,0.5418329423714763,0.3394095157637386
HSD17B12,0.10785619456463813,0.3395444194326621
OSBPL10,-0.38825805821890746,0.3396503971324242
HMX1,0.3715304058321136,0.3397024861225792
PLOD2,0.26430470451741606,0.3397339356074253
AMPH,-0.3821268427068478,0.33992741122895276
CDC14A,-0.3810544580217021,0.3400532709145358
FOSL1,-0.7169995154676023,0.34010358037457267
SEC63,-0.24422477116472052,0.3401563020341213
ESM1,0.3680237739136576,0.34030117484353684
GPR20,-0.43998179655492553,0.34049029556220717
GAL,-0.5697784247426361,0.34051536880249245
RAN,-0.36403364317370723,0.34053979342967283
KIF3C,0.21965606500293067,0.3406346734892338
HAND2,-0.17869711825537404,0.34065444339527307
GRK5,-0.30468117209668577,0.3406715245190849
PLK4,0.6681143950599271,0.34089818358188256
SPRY4,-0.19607437362500058,0.3409137208636551
MAGEA12,0.47912525728402056,0.34091839117578865
ZNF749,-0.41736632719913214,0.3409537116363813
ANTXR1,0.5156592697415219,0.34102004098161093
SCG5,0.34004346961316134,0.34102985057858864
FZD4,-0.2954169578674577,0.34105639981106217
ANO2,-0.38339007686653215,0.34107190274836563
LOC643733,0.35349676593059964,0.34117200989701735
PPY2,-0.44733815118934395,0.3412292275112425
SLC22A14,0.14160216856593433,0.34141298195165753
PON1,0.33562599668673165,0.3417362527999953
LRBA,0.18476705506459723,0.3417553043739
NUP133,0.09327482190759717,0.3419195543587331
GPR182,0.2557138846233684,0.3420692529421991
TBC1D17,-0.24238855356356837,0.3421327788957493
LOC100506603,0.5034856879544405,0.3422008326854531
MTR,-0.1640186950933895,0.34223524515274284
SH3TC1,0.20639707899285398,0.3422825613067414
CIDEA,-0.9075148055420321,0.34232762834762576
EIF4B,-0.1933436773075634,0.3424370253750628
CA7,0.3362480939726247,0.34249319867821
MYO1B,-0.7945402587467125,0.3425238946243294
PIK3C2A,0.26219161370843125,0.34253495746696916
PCDHB12,0.4327851806340721,0.34253543263348374
GARS,-0.12947541009210717,0.34253757725928785
CCDC22,-0.24751136140464336,0.34264593499781326
C12ORF4,0.1254267132997704,0.3427951373054996
LOC101929240,-0.37675007797179916,0.3428908277089509
G0S2,-0.6206428321755784,0.3429321791265965
AIMP1,-0.2796347036428859,0.34294989715912405
CYBB,0.4461695610531855,0.3429594678757035
UQCRC2,0.1433941364346616,0.3429735164691404
ST3GAL2,0.3897906616544695,0.342986265350015
FH,-0.22483906632359396,0.3430881090477641
MFGE8,0.2844741151557457,0.3431464253332625
TCF20,-0.13135270390093456,0.3432226136407391
LDHB,-0.14412326807173415,0.34325130135799964
SOAT1,0.42574518483427504,0.34342322763352756
ELL3,0.32767894297163735,0.3436356488814691
ELAC1,-0.19673750998630624,0.343662582018092
OAZ3,0.45967646914107885,0.34366975650799103
TOLLIP,-0.21644994523526417,0.34371687950581997
BACE1,0.2770382423939495,0.34375993514203323
KIR3DX1,0.4692978846252993,0.3438295674868656
IQCE,0.1587724450525867,0.3441154654283235
BARX1,0.2578572137295261,0.3441322383095354
H2BFS,0.2518612392309594,0.34433905613670585
SRSF6,-0.39506661044553937,0.34440014352261156
FAM192A,0.08849580988272976,0.3447306605994027
STT3A,-0.21233101969590962,0.34479739161792083
PRMT3,-0.24199304214466721,0.34490413710444506
ACYP1,0.2780006294379396,0.3449481490853689
MSN,0.1058579096956116,0.34497082684281105
NPR2,-0.36189074057940296,0.34504193776717346
TP53I11,-0.5878694564777129,0.3450437587343575
POFUT1,-0.33324443589442154,0.34522195470111433
MAGEA1,0.4812250048117943,0.3452868863554564
IRF4,-0.6065606608935166,0.3453868358659589
C2ORF49,-0.14435352486127329,0.34544739747034003
SNX3,0.14753543263997138,0.34554004078293954
ZNF814,0.5650123175542747,0.345634573016337
EPB41L4B,-0.5351364922543382,0.3456490707685612
SULT4A1,0.2257184218065671,0.34571775792944986
TADA2A,-0.2829248388264407,0.3458714794345219
LINC01260,0.2232219653420291,0.34612555155063857
SENP2,0.1326517883941385,0.34612922782634997
SPRR1A,0.20464025081309023,0.3463307103314435
GLRX2,-0.12037574065232093,0.3466775409290398
SOS2,-0.6064250777099494,0.3466834115150643
SSH1,-0.1347702743264101,0.3468188763774081
OCRL,-0.1181824754932439,0.3468501383567456
IKBKG,-0.19112453008104247,0.34693238838425866
TAF9B,0.44025120349506786,0.346934395688902
HSD11B1,0.41000317161465283,0.34698604396271826
GATA4,0.3681416292671087,0.3469943859428798
METTL4,0.09917261178146486,0.347004482311179
ELL,0.34958423212226464,0.34701859735190166
CHPF2,0.24049214746163194,0.34702585100627215
AK125860,0.3374039965704956,0.347172504802301
BLVRB,0.21553124509414445,0.3472429502983259
ABT1,0.13918142046008342,0.34739331563972703
NDUFA6,-0.14199095130031836,0.34741302335472823
KIAA0509,-0.4164449737774225,0.34757351737560266
AAGAB,-0.31331448726394573,0.3476192483106121
DSTYK,0.46976772858178073,0.3478270720407397
CALB1,-0.36917950356549767,0.3478703123324701
SELPLG,0.40879769449533665,0.34787432218403525
KPNA1,-0.23419401796172412,0.3480225759244104
MBOAT2,-0.13392933722561118,0.34808977457883794
TSR1,-0.3152966696081041,0.3481084053843317
TREM1,0.3851912618541036,0.3481152475366099
ANP32D,-0.4045425788603363,0.34815175379150104
MTUS2,0.7853069582082712,0.34834290617806796
CEACAM3,0.4470827931385246,0.3485164665552592
PPIF,-0.39688397131412856,0.34852340931767123
DNAJA1,0.14934114079331096,0.3485384686855138
TRIM33,-0.5175914482462236,0.3485615685762333
DNAH6,0.16145171913650636,0.3485944628811707
GRPEL1,-0.2741614060699664,0.34861977444560366
APEX2,0.1889298091772833,0.3487070103050362
RAPGEF2,-0.5407609619389477,0.34880418462843343
KCNA10,-0.3414262285271783,0.348810981104121
FRRS1L,-0.3433791278538578,0.3488815649754761
TMEM127,0.12716392442538726,0.34890099514514195
ATAD3A,-0.17415342682057133,0.3489032163203993
ZNF221,-0.3883725059315588,0.34891815417151906
ARNT2,0.48545164527619544,0.34897655116377174
ANAPC2,0.1756664861241024,0.3491233471794251
FAM65B,0.604074278703342,0.34913192172989604
CCNJ,-0.18549942313612977,0.34914686141636203
ELN,0.7622358035417811,0.34917193330365176
RIBC2,0.3557028196343619,0.3492103501209642
FBXO21,0.26155260468763286,0.3492298999659232
MEST,-0.5958217506189012,0.34927695458498065
TNMD,-0.9101934326188612,0.34940693499897796
ART1,-0.1699933956724795,0.3494192218878707
ISOC1,0.23483598150061447,0.3494874693813546
CNTN6,-0.5254739882090984,0.34957091134830504
SAMD14,-0.2572029883897171,0.34994188926818565
ACTR3,0.21482168401969481,0.34996116334724214
SNX13,-0.44784406301659185,0.3501250183514689
FBXO42,-0.3006481466129598,0.3501662446878653
TRIM66,-0.2036687658652605,0.35022561375881583
MTPAP,0.10467195016320474,0.35029778944828033
EVX1,-0.3143400857100209,0.35045379095110685
FOXN3,0.25606115558244014,0.3505194082791755
HMGB3P30,0.4849262038246711,0.3506301764598016
NPL,0.27939543675830514,0.35077598503637375
PKN1,0.22045386350992402,0.35079806235694033
ZCCHC2,-0.12188969435107389,0.35094350278543873
PHKB,0.17356253366590124,0.3509627255651434
USP25,0.10682463093479555,0.35125232852956395
DPH1,-0.16235665760486118,0.3512892146858843
MTRF1,0.3054141495310638,0.35132492133591703
EMD,-0.09455774972623487,0.35137980034903377
RPP21,-0.0921517503596565,0.3514488641867121
CSRP2,0.29922888709016604,0.35146675232557134
SORBS1,-0.6904993930032006,0.351601406051542
CLMN,0.2367433850737246,0.35190059297231907
IGSF9B,-0.42548883883027777,0.35221131929761107
SLC52A1,-0.19402337164694838,0.3522662927050581
C5ORF22,0.19268279770399133,0.3523286201792718
TCEAL4,-0.17006880716058959,0.3524255823229051
IQSEC1,0.2351612319658809,0.35253827113787156
NKX6-1,-0.20330712460444333,0.35265058609542227
XAB2,-0.2609590321051867,0.3526745961460453
IGFBP4,-0.22101227715011973,0.35272640848898057
CTAGE11P,-0.33395797766420987,0.3528400014145085
GCA,0.4452152102194997,0.3528473922142769
GALR2,0.45324693507511116,0.3528590076545646
ICE2,0.16846314513468297,0.352897762802005
CPE,-0.3854224239241475,0.3529156843409337
UBP1,0.1246573798143924,0.35299473042341145
FOXO4,-0.24944097213095517,0.3530284368881619
TP63,0.46936950422534807,0.3531977653295901
SEPT8,0.5682722176356974,0.35327358551929505
IDI1,0.19648834911914825,0.35342352183318704
CYP2C8,-0.4233751400635093,0.35354688549416435
ASL,0.0962105460074465,0.3536601887102794
BST1,0.4130917272065586,0.3536798578379146
CHST10,-0.08731769413640222,0.35373961111131896
PAK2,0.4454265676665097,0.3538996256339957
BTF3P12,-0.4875318798491177,0.35397653639734145
FAM205B,0.46646122777008037,0.35399422916484613
LIMD2,0.6322719712956282,0.3540323035073894
COG2,0.06611866964833091,0.35422906373317076
GSTA4,-0.1799105733826778,0.35437519158625636
C2CD5,-0.22893564655522702,0.3543840897560167
MBTPS2,-0.24130129209799733,0.35441686928518007
SGSH,0.7083331865206892,0.3544813038560892
PCID2,0.09420193184670467,0.35463868543908394
CTSL,-0.31759364594842765,0.3546960424832347
TMEM100,-0.4103426589555266,0.35472533550618196
ACADSB,-0.3907045020574511,0.3548359383046216
CLEC3B,0.304694524881441,0.3549254005370463
KLF10,-0.3387610327967323,0.3549510424513987
KLHDC3,-0.22328057793258083,0.35517992523743896
POLH,0.4839778731317663,0.3551971050161008
USP21,-0.13106176782556034,0.35527172760846865
REG1P,0.3676764183955177,0.3556038834220326
LOC101928589,-0.1428284925641865,0.35569776059493946
SLC8A2,-0.32753295957807627,0.35585709114076386
PACSIN2,0.13651996401047306,0.3558709467290738
PITX2,-0.6031297940774731,0.355941335411012
CACNA1D,-0.3440419338550065,0.3559484741609538
GAD2,0.521801389153493,0.3563287725793535
PITPNM1,-0.1622605640948649,0.3563500687230865
ARPP19,0.25375994029781346,0.35640528527567683
RUVBL1,0.23110948704345802,0.35642945972535833
TESC,-0.20026577371523757,0.3565263717790725
ANKMY1,0.4137701492286783,0.35655962171370015
LRRC23,0.45105727572564636,0.35659046764012914
ARHGEF10L,0.18634968277907227,0.35664841669189296
CRISP1,-0.45592530493880146,0.35671414616268443
BCAS1,-0.34339067615107766,0.3567281518800517
LOC101060521,-0.2121097471673199,0.35678937803970084
PIGG,0.1364332062538054,0.3570378395187865
RBBP9,-0.4366956059521341,0.3570883862246861
CLEC5A,0.4134475069822132,0.3573816839434982
TMEM143,0.4672017275915685,0.3575162192900914
RRN3,-0.3362403141182524,0.3575310640206359
ORC3,0.17276640811381938,0.3575873492759593
CELSR2,0.19030623504084954,0.35768461213919145
FRMPD1,0.38607606716017884,0.3577494036930385
OR6A2,-0.44387174123193507,0.3577952034793237
BCHE,0.35819061866969637,0.3578017136155083
METTL3,-0.3255902655222478,0.3578954583613113
FAM149A,-0.5971558156657659,0.35790173455190816
ADIPOQ,-1.1002997815158437,0.3580713803964819
CHP2,-0.2153926331579048,0.35812918998467047
RPS25,-0.15494682045565789,0.3581450695214377
ITIH3,0.4757201708108685,0.35818682274443686
VPS51,0.1888751295971236,0.35819587283811943
LY6G6E,0.5462058552450575,0.35824953323922987
SLC10A2,-0.2505517989323076,0.358265541725947
CLU,-0.34860530961957004,0.3584453787083479
PPIH,0.17780453703118404,0.35846217395000524
PMAIP1,-0.5558147126453381,0.3585350021249363
GS1-111G14.1,0.30518882479136167,0.35855333475083156
CAST,0.14454458025158345,0.35861005278615854
KLHL29,-0.5925495662108133,0.35885556624098236
TSC22D3,0.5732149864353566,0.3589364235226185
TRAF3IP2,0.2588103089269236,0.3589968795661895
AIMP2,-0.15483957568794704,0.35901384371081896
L1CAM,0.4411328263628649,0.3591274559150538
PARP6,-0.1128870475501369,0.35932482112209635
QRICH1,-0.08524109636244859,0.3593354062955276
HLA-C,0.21146461333847277,0.3594037331504279
SPANXB1,0.5577731082714794,0.35942772703465764
GCC2,0.1352370888016825,0.35952700423928613
MOCOS,-0.2535500744483139,0.359821196538067
WRNIP1,-0.4097196921510857,0.35982972930893614
IL1R2,-0.6611381095083866,0.35990602727685417
OSTM1,0.1827063443655934,0.36001936291333536
EIF2AK1,0.20003714664379935,0.36002646365804203
HPCAL1,-0.24063374352456002,0.3601410399636476
SETD3,-0.08117665417707798,0.3601461002525162
LOC220077,0.4261817195651112,0.3603114268185888
USP3,0.12319781143996167,0.3603497543073284
DNAJA2,-0.1722209661908547,0.3603601334394458
ATP11B,0.2011099215089036,0.3604614929638677
VPS54,0.1540524629914195,0.3604942268898254
LIN28A,0.4500191666937168,0.3606405949859626
ITGB1,0.6451401022267955,0.3607005520703901
NLRP1,0.36706338857881704,0.360714959688907
TPM2,-0.5256943670196099,0.36077106929681146
DOCK3,-0.25699648807800823,0.36077791922670227
IGHV3-73,0.6160184787394645,0.3608826436040815
NDUFA3,0.18431491666782662,0.3609853187073118
PSKH1,-0.14903789398946365,0.3611044517514576
HUNK,0.18955846885334537,0.3611968320072021
CLDND1,0.17131923961103723,0.3619663645934949
SP3,0.20667384708611536,0.3620923981811236
KLF13,-0.6254448088475577,0.3621128011779898
CHM,-0.40447466155277256,0.36212307268252203
MYO7B,-0.42900286503303775,0.3621231576985143
RHOBTB2,-0.3725989229905817,0.3621381821458778
ERO1LB,0.3972104511877266,0.36214458894187074
SPICE1,0.5056892177156995,0.36215316321664326
S100A9,0.585615330332292,0.3623975967235378
WASF2,0.20492435538611353,0.3626152591024297
PAQR3,0.2387320364058514,0.36264988419978306
APPBP2,-0.2900634933065369,0.36276912564370145
ICK,0.2251619918248835,0.3628526632499007
ATPAF2,-0.1969789955354706,0.3628859267579879
HYMAI,-0.4139351054933247,0.3630894852411428
MPP1,-0.15119811835364239,0.36312869913203644
TADA3,-0.35381564700518675,0.3632151151957947
BARX2,0.459926118482163,0.36323176945279145
COQ4,0.20939468279625562,0.36371841016657397
NPIPA5,-0.5655518800837038,0.3638919548723361
CDKN2C,0.34054743946978583,0.3639942409261224
KIAA0087,-0.48422607470144197,0.3640038707985224
OASL,-0.15194113622156458,0.3641242679575079
MAPRE1,0.1277207575957373,0.3642990634020787
ATP6V1G1,0.11339166181502591,0.364317570168546
ACSL1,-0.4911705743252348,0.3645007467940153
LGALS3,-0.1137226629173771,0.364500763262419
ANXA1,-0.0856026060883508,0.36455335799341093
LOC101929550,0.24440256924147086,0.36463666643695325
ABHD14A,0.2242962314433985,0.36501686243191434
PTBP2,-0.1945787030493964,0.36516833069433735
PHF8,-0.4068043898628968,0.36538656581292667
ZW10,0.11074505743193619,0.36554082632634777
MYCBP2,0.20509897749621686,0.36556636273612975
TRMT1,0.5023169595311066,0.36565879783929245
ZNF391,-0.26862490280237683,0.3657420511435121
CCNO,-0.18317781892741358,0.36585142150971905
PRKCSH,-0.2460919712123193,0.3658632958715951
RSRC2,-0.11848996627770347,0.3659267408298858
ISYNA1,-0.16696456035449803,0.36607684139677177
IPW,0.5144707153271897,0.3662732716435263
MLLT4-AS1,0.4743394237837837,0.3664991733772421
ANXA11,0.20026910652872765,0.36667531997711184
BMP10,0.16776961666092394,0.36671475541044374
ARSE,-0.12234144459359442,0.3667535480915643
C1QBP,-0.2520298025243424,0.36680741127966043
RAB11A,0.20167710140847817,0.36681964723561944
TBL3,0.2567936181654842,0.3670140074941241
SH3BP4,0.20512503280549055,0.36719938352080106
SLC30A4,0.47452166710225097,0.36743425709359234
CELA3B,-0.3907195232914793,0.36750958630849573
MSTN,0.5287990093626935,0.3675459055580132
LIMK1,0.4998845140757666,0.36757708695435964
CTAG1A,0.37324531338333333,0.3676498824955992
ARHGAP17,0.13575300604930973,0.3676515692741106
WDR52,-0.16309934450797314,0.36766374127313756
FNBP1L,-0.30125637285884466,0.36838784109195805
CRLF1,-0.7228899691338917,0.3684343962978557
THEM6,0.17082882983107694,0.3685067942353424
HTT,0.2505033435980675,0.3685243104841539
CBLN1,0.4301633528123059,0.36852975122954235
FXN,-0.1822560626341092,0.36860723688221425
ZNF337,0.15250348347670872,0.3687011198254248
SNX1,-0.26281750205226917,0.36872558345858214
DNPEP,-0.24575035181557947,0.36910081588168275
DZIP1,-0.2814077681022118,0.3694701405569048
OLAH,0.21244195006151934,0.36949037088802283
CCKBR,-0.15065909250960718,0.3695922129024032
NOV,-0.4812034628982058,0.3696368036298287
NR2C2,-0.1822271914893303,0.36968910320005127
QRSL1,0.17021785218494223,0.36971831627743124
ERI2,0.1295589864900153,0.36995309625222644
SCNN1G,-0.27047176062067635,0.3699793377862771
S100A8,-0.5996463382837769,0.3700109463723804
TOP3B,-0.4759708860761611,0.37003344697769436
ECHS1,-0.14144841830740518,0.3703986279234655
ACOXL,0.5339554493977627,0.37046376019993194
MRPS17,-0.1673901858671929,0.3705708772741385
C1ORF61,0.4405166139472181,0.37079084498472453
TAAR5,-0.2037404487562391,0.3709090919509161
KIAA1731,-0.4670296930439486,0.37130506292514776
HCLS1,0.18044944030438437,0.3714068299087257
POU5F1P4,-0.413920606025715,0.3714125007308424
CCDC106,-0.4663750999498646,0.3714936958083395
TMEM123,0.13806963918958992,0.3714977921475054
ILVBL,0.17364537460148588,0.37154537497972556
ADAMTSL3,-0.3868493831763491,0.37160073068733845
IFNA5,0.41062880209965336,0.3716463351456798
CIZ1,-0.2816572673614335,0.37180391626774306
CARD8,-0.15070841177616856,0.3718794942121316
PIGQ,0.173411686004588,0.37189610520991273
CERS2,-0.14843711945152904,0.37190385550781163
DNASE1L1,-0.12166872808039564,0.37192280372872555
C11ORF73,0.19691507446052103,0.3720938816999471
CKMT1A,-0.27440314902620244,0.37213152417549417
FABP3,-0.38403135529582233,0.37214257674392187
MRPS22,-0.10002458031372008,0.37218918197932116
SLCO1B1,0.5236619190130538,0.37223992218446234
GTF2H3,-0.20577668647624492,0.37224137164756094
HMGB3P1,-0.4621324033292966,0.3723032237581307
NAIP,0.2832236918446833,0.3723782709780489
KANK2,-0.38730475987483093,0.3726424527411534
RAG2,0.2981975159065171,0.37270731749728403
TM4SF20,-0.3782962712701341,0.3727077969910985
NPY1R,-0.564926477877342,0.3728932609545299
IGFBP3,0.41193769162046046,0.3728947717957638
DCX,-0.3515718673097403,0.37311231475391843
KPNA5,0.4231715207243054,0.3732158433455181
DLD,0.1334096456260152,0.3733163021021648
FAM175B,0.12358223413976965,0.3737428607970286
TMPRSS6,0.2515595807408131,0.3737661996725187
TSHZ2,-0.1969009639064403,0.3739788630187097
SS18L2,-0.12091107811744806,0.3742122434203185
NDOR1,-0.23835607590637142,0.37426573863543233
ATG2A,-0.11476237148841406,0.3742979947489528
LRRC16A,-0.11618108944051642,0.3744981030893151
PHIP,0.1444264248938456,0.374593633737576
MTCH2,-0.09587837427043233,0.3745952325411462
DSG2,0.49482681502367853,0.37468591803939605
MAP7D1,0.11073293961239727,0.37478468627158823
GALNT14,-0.3330457480719149,0.3748811920530892
KBTBD11,0.46064686450401204,0.3749895051885883
PLSCR2,0.3975358643282041,0.37513195317864084
METTL1,-0.15993339307713406,0.37516985425805116
EHD4,0.10580601865495254,0.3751943479044888
TMEM204,0.19676296959069361,0.37521488200497366
CCL15,0.418423922334231,0.37524976055914466
KCNJ14,0.16901369549697343,0.37536548699088235
TIPRL,0.13144974950396282,0.3755049898802399
MTG1,0.11188401952742844,0.37562621338887436
B3GNT4,-0.16315090320276848,0.37594968274039614
C14ORF93,0.2315476096499518,0.3762878520061733
CALCOCO2,-0.12980093507520962,0.3763697805242016
IGHV5-78,0.5212926224896881,0.3764649818835884
MFAP2,0.453362311129732,0.37658976941652506
GNG5,0.09351229254870752,0.37660494978045034
ROBO1,0.14781656824107436,0.37664271989611
FCER1G,0.20572373182297987,0.3767306349863536
TBX4,-0.2509457367471084,0.3767491005578172
IGHMBP2,0.2078410297373674,0.37701526982278716
MS4A5,-0.14317123068241688,0.3770548760544456
ARHGEF15,-0.1533227629556464,0.3770924403873365
TDRD3,0.4323452078121983,0.37714724771428915
MTMR11,0.18654298609185815,0.37721696823605444
SIX6,0.4063868052137263,0.37743008281753987
GPR35,0.25921127980027414,0.3774902525376373
SMURF2,-0.16321086943597685,0.3775063218219157
SOD3,0.1976439270585022,0.3776649546395255
BMS1,-0.178249344416594,0.3776797599041812
CRYGEP,-0.3368265713698664,0.37769378486249866
FCGR3A,-0.36012149337703825,0.3777577062158937
TBK1,0.08401486853708384,0.3778433033069706
SULT1B1,-0.25996903814646544,0.3780195729598949
CNGA1,0.31319878219311814,0.3780398943854571
EHHADH,0.4171084567109018,0.37804479681118136
PIAS1,0.2167402000728842,0.37806143631635053
HLTF,0.20075989000586603,0.37816487656258463
ZNF132,-0.12430117110782923,0.3782039836417657
EDN3,0.41353678209876765,0.37825830793463583
CD22,0.6964934742991424,0.37830474471482484
DMXL2,-0.37460188771062697,0.37837666257686553
DDN,-0.202649382645248,0.3784953127435295
MGMT,0.19326764431558097,0.37856028738011166
MLN,0.1656606888007346,0.3786321097393243
ANXA9,-0.4296722987282129,0.3787181827972432
LRRC19,0.3863897719424676,0.37873600599221363
RRAD,-0.6183754687942704,0.37899573501275996
CDK5R2,0.47075921946622934,0.37904718944855376
TONSL,-0.39829759759037,0.37905891919302637
TYMS,0.40685107718259417,0.37918617097478485
ACAT2,0.12998758142748734,0.3794682813092248
HTR2C,0.43142040911416046,0.37975164921597604
NKTR,-0.6137146609549533,0.3799194039771314
LINC00950,-0.4252935726393252,0.37999237297901506
NUDCD3,0.21621052497460802,0.3800431252977868
TAX1BP1,0.33007817545023777,0.38015851823666547
PALB2,0.13811268398972665,0.38018112478318916
BMP2,-0.5145525342968842,0.3802551107401897
CRIP2,0.1935321078505794,0.3804226366422512
EFHD1,-0.2612809929181257,0.3804483668743676
GAREM,-0.2985170133659807,0.38045446165073166
ADAM22,-0.470618309728438,0.3805899090962768
TAF4B,0.23607705131046952,0.3805990401698714
POLR2L,-0.29483401222315564,0.38085085279252623
HOXA10,-0.29226381506415855,0.38090392835758796
FTH1P5,0.09249174315905506,0.3810375481838803
VHL,0.29057647482987115,0.381079217315998
ACKR3,-0.2836994318072197,0.3810960520182036
HYDIN,-0.2679474516937863,0.38114338585643587
SNRPD1,-0.28460486008114216,0.3811679942568238
FAN1,0.11737037326821387,0.3811790033311684
IL17RA,0.13109442103493407,0.38134427449862984
CUEDC2,0.1098966125866987,0.3813563437289998
CTDSP1,0.11470568799497194,0.3813889863615203
MROH7-TTC4,-0.1565563873059741,0.381415206937324
ENTPD3,-0.2163026100661165,0.38144504394079864
CRHR2,0.4524611600829589,0.3816246682339494
GFPT1,0.15865591293567327,0.3817256850643511
WSB2,0.1529652370785879,0.38189646773981334
XPNPEP3,-0.25922503948262676,0.382039210729352
C14ORF79,0.22255462707898577,0.38212051287148374
FBXO22,0.3206359310466542,0.3821337063731078
CLEC7A,0.29622264802781295,0.3824236310107237
DOC2B,0.3572042185627655,0.3826890347162384
TPP2,-0.16710895402656156,0.38269143197164296
PPFIBP1,-0.47764575932404796,0.3827414074628908
WFS1,-0.1603785169327132,0.3827549441724812
MNX1,-0.34444474555654647,0.3828466536159669
EDIL3,-0.4782888969377428,0.3828775022851726
MPRIP,-0.14421450335296448,0.38323368874686614
KLK13,-0.1586292166711063,0.3832407129497928
VWA8,0.1779593819516938,0.38341947427798495
AKR1B1,-0.21373813682178522,0.3836284023322541
SYF2,0.13998208730673056,0.38364712169851584
COMT,-0.29419776569166434,0.3836680067777716
GTPBP10,0.5649978212505546,0.3839520192081346
HS1BP3,0.15625360640207653,0.38406612884625857
C5ORF42,0.45638925374546524,0.3842436723419213
NF1,-0.40339385084492463,0.3843105867949135
DPP4,0.8451442480668172,0.3843158656363072
GLUD2,0.2469983953775472,0.384330661824882
FAM8A1,0.17222832800568355,0.3844116385004212
APLP2,-0.2543844258950507,0.38449147778312776
TBP,-0.11909468211172936,0.384606112710251
SECISBP2,-0.14010353460553304,0.38464372135499675
CLEC4E,0.4040349996616257,0.3846954996684377
MKLN1,0.1940226622608643,0.38483280099689493
ATMIN,0.13608652123363463,0.3849138813105138
PTBP1,0.11856667216335559,0.3850016452568007
PMFBP1,0.5463078227304861,0.3850322896605759
F3,0.603374059914894,0.385082900971475
POGLUT1,-0.09702510740952874,0.3851008288135317
M6PR,-0.22118910783481383,0.3851507660267428
KRT6A,0.4447624643695969,0.38526630911140186
SPON1,-0.6355889254260791,0.38527035316846436
SMIM2,0.43648262206002997,0.3853774071294166
ESRP1,0.446655168727359,0.38553346573178954
ARF6,-0.21406692967211427,0.38563331125689765
CASP8,-0.1974106211730069,0.385704307250642
PMVK,0.13456776743443122,0.38582061792183325
NOL3,0.513981881449002,0.38590965922100007
GUCA2A,-0.3513656645182781,0.3859382288638292
N4BP3,-0.23299931902336812,0.3859707271631451
SPATA6,-0.46932598755618393,0.38642815683906534
ATP6V0A1,-0.29382153391334676,0.3865034105308553
COL8A2,0.3942997841340432,0.3865092762778172
LOC101928278,-0.4501654805721227,0.38656199534141494
SV2B,-0.48879774207085447,0.38679923990027837
ASGR2,-0.3658005943417342,0.3872728838716032
DOCK4,0.15859776083873456,0.3873027877227245
MEAF6,0.10173982678067794,0.38757413893775317
COL4A4,0.129916309803487,0.3876375300730615
KLHL26,-0.20040828708773617,0.38768036366011766
PIH1D1,0.10149587719716457,0.38771526392440475
EHMT2,0.4824945574022639,0.3877829639822125
TUG1,0.14812257051448974,0.38800120882415023
SUN2,-0.16975981512764093,0.38801898486324427
RBM39,-0.12974236223863578,0.3880200939061626
UPK2,-0.338984598505256,0.3882153981094002
SHARPIN,-0.29350580765186596,0.38860603595178644
SDCBP,-0.0901642193803962,0.38866651524945
ZNF528,-0.2843011526916168,0.3888620868521583
RFNG,0.12444415687878418,0.38887009563917874
CNOT1,0.11072969793900533,0.3890305643683113
GHR,-0.48826032547976084,0.38912667442922494
BBS10,0.3329662296303555,0.38916882999060026
CYP19A1,0.14998604094882495,0.38917105497169624
GIPR,-0.31437646918061013,0.3892512564104253
LAMA4,0.5236484384865117,0.3892888888750198
CDK3,-0.14213011627797467,0.38942710961114824
NDUFC2,0.07258270804703848,0.3894702056704293
CYB5A,0.5293085670968471,0.3895282798581742
NSUN5P1,-0.32837166103450777,0.38967514065487346
FFAR2,0.5454306618129454,0.3896992409427105
RASGRF1,0.3882258824106457,0.3897279404912131
SP3P,0.34460918011214936,0.3898414407168994
NAA10,0.0983631148976496,0.38990207766772617
AFP,0.31415534416673285,0.38999682092900173
EXTL2,0.13864813883698446,0.3900179237615191
PHF2,0.32098466944847814,0.39002021290692057
SOX11,0.48911767250245575,0.3901125091074293
GKN1,-0.36738835857156404,0.39017520104250597
ACSM3,0.41238178925139746,0.39025449452332345
SNAP25,0.5954244067628522,0.3904221351756176
FZD7,0.3237291296985525,0.39054593670803067
VWA1,0.4949400722545043,0.3906418071471429
LOC100996696,-0.07935978820986378,0.3908162042540824
VCPKMT,0.2218009460559669,0.39118742421841746
PNPLA6,0.21850415819887203,0.39119277678204534
SIGMAR1,-0.1202888686219854,0.3913298926026047
PAGE4,0.36349861544468975,0.39139908688351577
KIR2DS4,0.1764441152518499,0.3914941808052054
LMTK2,-0.43588421961907375,0.39150127541907365
RP3-508D13.1,0.3776576204363149,0.3917065562461827
MYD88,0.11571593706746341,0.3917561763581553
UBA2,-0.24225595080179652,0.3918943986355395
ATP9B,0.24081602641515865,0.39197044138256026
ASCL2,0.2725010175787879,0.3920650949254053
TRMT61B,0.14971282535187846,0.3922321149334806
YIPF4,0.3101228984581148,0.39224508873916736
CENPQ,0.22094423028352317,0.39225616021552884
RAB28,0.20373511983146564,0.39237577465072815
PADI4,-0.5591219510990872,0.39255733329708975
LOC157562,0.3841219403249747,0.39279848868568384
RPL32,-0.052118108445087685,0.39322484755300996
TLX3,0.3805326678195047,0.39329076252143674
TCL1B,0.2942495264632159,0.3933000962371203
PIN1,0.1893869803459287,0.3935596369497957
NUCB2,0.12327751323711666,0.39361001411640145
IGF2-AS,0.1550163772351416,0.39366698118241555
RPE,0.34188048448854946,0.39371666134576383
KANK3,-0.3301288273922385,0.39373538085099774
METTL21B,-0.0832462752472658,0.3937570154563803
TOR1A,0.10518650852131906,0.39390154046509207
TAT,0.45920254191421606,0.39404757827360404
POU2F1,-0.1134411303047882,0.3941580548666362
ADAM18,0.4135934599887401,0.3941637203671429
CLIP1,-0.23944422143787314,0.39440165961223966
ACTL7A,-0.2292771025804674,0.39477129620396734
SSX2,0.3744385552033771,0.39477968508967354
TCEB3-AS1,0.3451842957433673,0.3947877315115281
MGC2889,0.44148844173983814,0.39510293645729533
DHCR7,-0.2760829326258678,0.3952306427292051
REEP5,0.12139480557266857,0.3952542146845772
NUBPL,-0.22567834115537977,0.39543379224429714
STAB1,-0.24480221413409708,0.3956020342116792
CCP110,0.14046937576149077,0.39569673637171043
UGGT1,0.18119066841666243,0.3959316206288217
SBNO1,-0.5283433228727805,0.396016621380112
GNAZ,-0.18665004366787485,0.3960583516249152
LHFP,-0.15550629790593717,0.396176362580239
EMX2,-0.5750683051127208,0.39625024382817653
NCR1,0.5040426961909175,0.3962927185240096
RSL24D1,-0.17883621609578526,0.39651142855170585
ABCB4,0.43534981909441584,0.3969114839420996
MOS,0.15403819285216702,0.3969406084651154
TMPRSS5,-0.2275154684315428,0.3969642170001446
THAP11,0.12049236271092667,0.3970953305274239
CCDC102B,0.5729608357002647,0.3970965083144522
ZNF189,0.19249668376552975,0.3971734427180328
ITGB3BP,0.18983236544486637,0.3971861964936105
MAP1LC3C,0.4949465455561244,0.397203646375775
ST20,0.3282846956793719,0.397227099979317
MSH3,-0.27721593051849336,0.3973778511511796
CHRNA1,0.38761276296131175,0.39771076492154034
OVOL1,-0.37065304673474264,0.39784470401632704
SCN3A,0.6015257564512799,0.3979976574894686
RBM15,0.13159419361453928,0.39803876919346975
HNRNPA3P1,0.5068019483554922,0.3982239003589382
ITGA7,-0.4588866369086144,0.3983969569126102
FARP1,0.1602324940318791,0.39840563646817356
MAGED1,0.21738260952313482,0.3985265510396472
LINC00302,-0.4285305221705089,0.398550815140865
MEPCE,0.09153111917526147,0.3986734094362995
NUSAP1,0.5641625897524607,0.3987455511565726
TRPM6,-0.3548985763179795,0.3989001883796544
NOL9,-0.11248001276420716,0.39905493787002255
DYNC1LI2,-0.19725286165022027,0.39913473680627015
MAGEA11,0.46780158495137814,0.39933874877859177
MPP5,0.15965548200176016,0.3993407322477087
TMEM168,0.11180123660217589,0.3993957387036374
LINC00094,0.17514134485923538,0.3995360373499668
GNG7,0.2936288575748085,0.39960549198022915
GJB5,0.11808757414856519,0.3998665248887493
SRGN,0.270399006166679,0.3999579585420479
PAK3,0.14682764980747542,0.4000627079777891
YIF1A,0.06602816612765139,0.40010274370659044
SNCG,-0.4292124776030315,0.40053900023890054
CLCN6,-0.1340790450885212,0.400591906522761
TSSC1,0.11480070343388604,0.4006605426633814
DYNC1LI1,0.1430790702694562,0.40069205055917123
ARFGEF2,-0.4114094790432903,0.40073084696908223
PRRG1,-0.21885491600425944,0.40076951691210605
RPS4XP9,-0.3413681935994308,0.40077979102063027
ERBB2IP,-0.1398273217635193,0.4008352619916199
IL37,0.2847116984732634,0.4011593429354671
SEMG2,0.48757748025323355,0.4013623460579056
KLK7,-0.36556691355811743,0.4015066699399466
KAT8,0.0939796859911688,0.4015296414262097
HYAL4,-0.1704527590819862,0.40154553268321447
COMMD9,-0.15162912817680585,0.40164206145219516
ATR,0.2625502115394953,0.40168478901147053
COL5A2,0.3164601631943498,0.4017180358201013
NOL4,0.5052660802347879,0.4017754002793003
CHRNA6,-0.17560066020886467,0.4018357706121863
FKBP1A,-0.28601807279462843,0.40188150665734557
LY6G6D,-0.39034632969800676,0.4018839776246342
ADD3,0.2994521303327904,0.4020362403689947
C1ORF123,0.15253660077408782,0.40204025549217043
GUCY1B2,-0.28338921802852646,0.4020469356338199
LSM5,0.22091679103315887,0.4021012232439639
SF3B3,-0.11669559153160769,0.4021705837839693
NAV3,-0.4558787551266956,0.40217649425136137
NDP,0.5737024215577122,0.40230515399505445
PRKD3,0.17229439662084545,0.40233648211997297
TMEM5,0.27185928603040566,0.4023606109326752
RARB,0.33902248968425885,0.40236502760498655
ESR2,0.46343151581305975,0.40245373737299306
ATP6V1G2,0.1758476375071929,0.40246988961306873
LONP1,-0.13505938070730394,0.4025760828210018
DOCK10,-0.35258432825188724,0.4026157069200067
CCDC85C,0.5316894714418829,0.4030431720525124
TMEM62,0.15674972012302835,0.4030949224225096
ABCA5,-0.23148322198737858,0.40315701328080494
RBM28,-0.17765384935729145,0.40316117174635496
TENM3,-0.3036250919685033,0.4031780184567511
CRTAC1,0.459610900514102,0.4034736232453951
MAPRE3,0.5038365125071724,0.4035428211077576
LRP8,0.202438211991101,0.40355813187875916
PEX6,0.7228138973368239,0.403580825156412
KIAA1211L,-0.1649848015462343,0.403663417475588
BGN,0.48311564418927766,0.40372433552112374
SRGAP2,0.18737373313942118,0.40399559190334505
TARDBP,-0.1677187216530358,0.40403128553700873
OR1E3,0.29368630332132106,0.4041235880803922
HMP19,-0.3302231826557822,0.404261112819494
PATZ1,-0.28031065855596893,0.4043390583549059
GPC5,-0.5928069084803003,0.40434833885222976
FRAT2,0.25645259512133123,0.40437297730484006
PPAP2A,0.27664005837132777,0.404374456287291
PRKCE,0.2565271511046001,0.4044281484071599
ZPBP,0.42506327497673,0.40444505662544367
PNMA3,0.21315340776159974,0.4045193096111769
KANSL1L,-0.21922361539161805,0.4046143433441835
TBCAP2,-0.3855541334792596,0.4047223005715791
MBL2,0.5440355872949219,0.40509394193083337
LRRC41,0.25131784418541603,0.40516386752433226
ONECUT2,0.23478861782236216,0.40517896729907815
KLF2,-0.19830994677639247,0.4052726070423535
JADE3,0.20044114972699667,0.4054100053843311
TMSB4X,-0.06691011899256694,0.40543793923418786
REEP4,0.12442088716951183,0.4055648184552931
CASKIN2,-0.23521026085508456,0.405776862678009
ADRB1,-0.4534538989502943,0.4058472931128739
TSNAXIP1,0.12936997183870158,0.40594702495533236
NADSYN1,0.19168240081914778,0.4060156652436122
CTIF,-0.36151835466884474,0.4060861753515831
CYP2R1,0.26676208849112193,0.4061598944889354
UGGT2,-0.14127110467120652,0.40633539794828033
CXCR1,-0.6356333671339538,0.40636732311824725
HOXD3,0.5275286572740838,0.40646978794200533
NEDD4L,0.34346665965894196,0.40656668789242456
APOBEC3A,0.6801486477930192,0.4066046698798532
PRUNE2,0.2108772441084099,0.4066093647471281
SOCS6,-0.24772652573656817,0.4069021954342092
RBBP6,-0.27021348200701745,0.40694685981599726
TAS2R7,0.33940923695026903,0.40734702466011674
FST,-0.33126680922567164,0.40746932696549737
MRPL3,-0.1616217720492994,0.40757155631166425
FAM169A,0.5125972893455408,0.4076245933583702
CNIH3,0.3579508908141076,0.40764836293182205
LRP2,0.33478650465395354,0.40770795654291114
SERPINB4,0.4538032158822509,0.4077255124467716
HNRNPH2,-0.18765696863961345,0.4078869451058922
KCMF1,0.10231191348850643,0.4079140809585273
PHF20L1,0.43939606841990564,0.40797753086219607
C8ORF44,0.156314453884832,0.4081267250144247
FBL,-0.13219197574389518,0.40816465436135807
UBR2,-0.6514195506398144,0.40817030540231974
MFHAS1,-0.1975347559361058,0.408244915215325
RPRD1A,0.2588691616576231,0.40828484787921027
CDKAL1,0.5697318224988766,0.4086388356596048
SH3BP2,-0.39891756920071497,0.4087569473801028
TFDP1,0.19049456945693688,0.4088713355592808
GGPS1,0.15266003641134684,0.4089070729754404
ERGIC2,-0.10072248553556484,0.40898963498652535
ELP3,0.1183089770933492,0.40906151177390027
TASP1,-0.16685925148425795,0.40922885417785393
PYGB,0.5854862436988597,0.409280762691001
CNKSR2,0.298118371936428,0.40958332081805976
CSNK1E,-0.169139202933148,0.40958945066355906
CLNS1A,0.08810542219065809,0.4097024481336122
FOXD3,-0.25255239596516965,0.4097155995147117
LGALS9,0.19415544915949035,0.4097190340741946
TEAD3,-0.1595864682808088,0.4098002406625906
FBXO34,0.10148319883608359,0.40985694980065723
TPRA1,-0.08973289960984232,0.4099095461322662
GMEB1,-0.32008924881627543,0.409912652612043
BCKDHA,-0.14485789828806261,0.41002158328163346
SIRT7,0.09868045097642941,0.4100606922502167
AC074212.6,-0.1839019852419339,0.4102916195257067
PHTF2,0.3236756084749528,0.41033979490143035
MRPL4,0.236819870061451,0.41039366986180276
UBE2D3,-0.13794998124671842,0.4104003519499075
PTK2B,0.4706372760890911,0.410560915154996
WDR77,-0.2083913267280284,0.4105648758083519
BSPRY,-0.29053223516374693,0.4105903066619187
FOXF1,0.14959214934204912,0.41078724390280186
LDLRAD4,0.45298446427869976,0.4108370629324367
KRTAP1-3,0.512903842800303,0.41095362324959533
SLC17A9,-0.25408747537349896,0.41095820090669133
GM2A,-0.6798540794693828,0.41103755502681216
SNRPE,-0.25202328512769157,0.4110538870089675
OR7E19P,-0.35012076943157755,0.41110337283550913
CHKB,-0.12248404452902939,0.41112046469326546
RFX2,-0.3687532790493142,0.4113168777697526
IRF6,0.1467332898694611,0.4116682002449584
HLA-DQB1,-1.0145983287254845,0.41189452942994625
KIAA1644,-0.5141598446550715,0.41193500268234406
DBT,-0.3164666374042371,0.41194195532948025
MPST,-0.23566403074750752,0.4121067915305183
MICAL1,0.24245047969183275,0.4121262179802001
IL12RB1,0.35044839909768566,0.4121300446927364
RP1-263J7.1,-0.27370015914471413,0.4121454491532015
LARP7,0.14971626191399423,0.41225696643112464
PPP1R17,-0.29585318872919686,0.41229223455450226
SNRPB,-0.1256460996256994,0.41229808641547117
TANK,0.29318642470403766,0.4123529479788376
HMBS,0.10057502767257454,0.4124685264849924
COL4A1,-0.2810567608679939,0.41247355357848503
LAMB3,0.2400113955188603,0.412694080077361
FXYD6,-0.1768091100008693,0.4128310354470242
MT1G,-0.3979813278295561,0.412956454102984
STX11,-0.5461518118610726,0.4129903092118565
ZNF204P,-0.2021006182318219,0.41301503570254844
FSD1,0.1588993192732926,0.41305363275861595
SPEF1,0.15054629038790246,0.41315389090417076
SERPINB10,-0.3739470518121282,0.41332281340088006
KIF24,0.3753772008082459,0.4133245336191406
FGF22,0.42091782320119986,0.41348264920354183
PPME1,-0.09277723113760494,0.413487564851256
HNRNPCL1,0.3664672310002297,0.4135017128179517
DGCR6L,0.33077526073881813,0.41350721406509006
RAMP3,0.24394109694818056,0.41352438016097137
FKBP9,-0.1799540816737384,0.4135758211805277
MICALL2,0.17639734715464694,0.41363527716342513
FTH1,0.12816699746341698,0.4138077401798515
CILP,-0.43513152297473745,0.4138888957479854
PPP3CB,0.13084334123383812,0.4139085947691328
ZNF22,0.13319366254611253,0.4139115706601973
NUDT6,0.3165226270817181,0.4140054464991505
FOXF2,-0.2373237550291023,0.414242298092052
GP1BA,0.14652289562645038,0.41435149458607656
ATP12A,0.1578543991883814,0.4143843757125012
SZT2,-0.10454721993088611,0.41442423252346045
TMEM74B,0.17547673436438505,0.4144397651098679
ARID1A,-0.38547274273987586,0.41444426180854854
ATP7A,-0.25644452375690996,0.41453655140523027
VLDLR,-0.17786206131353488,0.41460591389163354
RAB7A,-0.6203899276052132,0.414695298622073
HIST1H2APS4,-0.17795605510059742,0.41495330404549496
VPS41,0.5112604095533246,0.4150217191997126
IKZF2,-0.3559027619841224,0.41507816255358776
SLC16A4,0.20508063694767564,0.4151984639262117
UBE2M,-0.11754512648586157,0.41523400733158594
PRKCA,0.4510834426045873,0.4152785701252947
S1PR2,0.21396668363050075,0.4155023924024493
ILK,0.15637721016966744,0.41566448389736793
S100A6,0.106417332352855,0.41566679505437815
SUPT20H,-0.21764740089844725,0.4157169593824396
OTUD3,0.1359579713514023,0.4157534477898746
CDK5RAP1,-0.1124029661843764,0.4157890991605978
DUT,0.19211233737040878,0.4158942580854855
ZNF862,0.4464547667561227,0.4159643365213078
BAHD1,-0.09291707289112239,0.41607015767460004
SLC15A1,-0.3670863893170977,0.4161674360420014
TEX40,-0.16487109505404796,0.4162262265051072
TTLL5,-0.41956689980261075,0.4162774103010072
ECRP,0.3108878004532549,0.41628440283377494
CCL8,0.43037683851909136,0.41632776678313493
POPDC2,0.20937368477241058,0.4164183004270471
SKA1,0.362133955175179,0.4164637783714763
KXD1,0.20986392429331513,0.41667304858027077
PPP1R1A,-0.8052529360450755,0.41672338372266166
HIGD2A,-0.17267487766585532,0.4169291410813737
UBA3,0.13316717842433157,0.41696328074507133
ATG4B,-0.16415252446764228,0.41722601082473815
HDAC3,0.09996556652106392,0.4173522673753438
RAD54L,-0.22974847483823702,0.41736007446849316
ZC3H3,-0.1372679370499963,0.41744488305005095
INVS,0.5113429056620555,0.41758973146574313
ABCF3,-0.11373375092462723,0.417669370253269
DYNC1H1,0.12488505933322891,0.41783434177979495
STX17,0.1351132490231972,0.4178692342886063
TTYH1,-0.18525767854396458,0.41802889743515415
ATP5J2-PTCD1,-0.12626027401947226,0.4180931999529995
RNF6,-0.5410563307441962,0.41810653234222733
FUT6,-0.29120802001773693,0.41816413817135034
PTH,0.4877784597381467,0.4182200537775345
NME6,0.12836866970920013,0.418397343781098
WDR37,0.12433961481109179,0.41841411966673714
PTP4A1,-0.26659861861361556,0.4185907212331333
RP4-595K12.1,-0.19614593333868946,0.41860093309984486
DLX6,-0.24552995547727097,0.4186490428636365
LILRA6,-0.23299181255972812,0.4186502107144311
PTPLAD1,0.14896240393937354,0.41869582933063276
NDST1,0.3365270819022381,0.4187137796926864
RPL27,-0.04793957364145918,0.4188434383931173
IGFBP1,0.2513528987202198,0.41889759981929053
KIZ,0.5855867181387797,0.41892481633864276
C7ORF55-LUC7L2,-0.14718455077107606,0.41892917177562666
FOXI1,-0.3745609086682222,0.4191161914888934
PEG10,-0.4769995124454125,0.4191997914646187
ZNF208,-0.3682143006777685,0.4192705075888798
KNG1,0.33188065409032275,0.41938176147924683
AIP,0.14718199113520214,0.41939639434861725
HCG18,-0.3866426776791885,0.41947690879280913
ACVR1B,-0.3480074515326743,0.4197867611069807
CHRM5,0.25993322200751123,0.4201815679720118
TERF2IP,-0.07773233561985826,0.42030422540606266
RRAGA,0.08749597401360276,0.4203256152510836
SKAP2,-0.3013326908875307,0.4203835315426795
AIM1L,0.27670962045237424,0.420531233858135
HIST1H4G,-0.2572952637599677,0.420821070948289
LYZL6,-0.1343623462730692,0.42088408470183986
EXOSC10,0.08937291713427697,0.42090840640335875
THSD7A,0.2520599391405369,0.4209411644174588
FHL1,-0.4229546782343263,0.4210165609971705
METAP2,-0.2107343825441399,0.4210534753218802
DAPP1,0.19961317415685187,0.42118507018547485
SLC22A2,0.2878467275454213,0.42137488172424553
SPR,0.15134559482313037,0.42142448367109137
CBLB,0.45643134351020187,0.42161452607209626
NPY5R,-0.14538017849142282,0.4217155688847425
CD68,-0.14936176018615477,0.4219463409036119
DHRS7,0.41683401249389807,0.42198623546378883
DSPP,0.20967251331558412,0.42210152714237836
CASP2,0.35196039590917216,0.42215643009208265
SLC11A1,-0.5892004706834637,0.42243489558301156
SERTAD3,-0.15313556741722145,0.4225214439423236
SDF4,0.10485275678326822,0.422625593951115
CENPF,-0.5151795030946831,0.4230800264505243
PSORS1C1,-0.3716109502548308,0.4231952041855542
LMO2,0.1760939511971742,0.42335976655519214
NEU1,-0.13816573143857624,0.4233883279039277
PQLC1,-0.10141487338832889,0.4240322791689667
EIF2D,0.1321847506331526,0.42429299031115214
RNASE4,-0.33459438495341765,0.4243525215806049
CNOT2,-0.3981308219537336,0.42440658090632033
ERV9-1,0.34912442055728743,0.4244359706364294
LAMB2,-0.18626124934542965,0.4245715343656719
SLC5A1,-0.197740346680356,0.4247364350954479
COL6A3,0.09460225377527642,0.4249078507500634
RPL3,0.05042030029562028,0.42496609516493666
BRAP,0.5181646543279266,0.4250185107928043
RHOT1,0.16878120822806508,0.42503159312473865
APITD1,0.190027624869737,0.4251583550994018
ASXL3,0.38415084255323606,0.4251673807159123
HINT1,0.12333355041182514,0.4252833244623766
TMC5,0.4135696071655106,0.4253570191459233
OR2J2,0.32623278187683047,0.4254351048877124
MAF,-0.5469803428750719,0.42544129138726394
SUMO3,0.15040574006794394,0.42565096180739775
TRIM32,0.10041554938116448,0.4256653272270883
FAM136A,0.14224597794972027,0.42573955316060946
SYNE2,0.2683582502805457,0.4258054798517991
NEK1,-0.550948865329588,0.4259934537361847
MYO1E,-0.16387455705314657,0.4259980156079367
LYZ,-0.1828159198485082,0.42604045639156923
PLA2G5,0.44460212779037,0.4261553110307768
GNB1L,0.25400482375070776,0.42619585809538785
ABCB6,0.23320008961934047,0.4262101142002269
DVL2,-0.29248676682341834,0.4262120764476795
MIP,0.3921490517259407,0.4262528862937575
MPPE1,-0.30509510898477643,0.42638649328106976
NOC3L,-0.21148982104200797,0.42673872914538463
MIA,0.508978590749094,0.4269422316032307
DDR1-AS1,-0.32258908250647167,0.42706249720054
MACF1,-0.15917543973536574,0.42719673116604434
G6PC3,0.23296077626167033,0.42722152501621524
NEUROD2,-0.26947367504060704,0.427502605950946
SMG6,0.37994011971297237,0.4275036980231124
GATAD2A,-0.2037240740065691,0.4275854489649721
AP001062.7,-0.32741288491306264,0.4276440903090058
SERP1,-0.126933732907764,0.4276505862592902
EXOSC9,-0.13838839916495083,0.42770244996039597
GADD45GIP1,-0.30936902549697987,0.4277634837628024
S100B,0.6528999367149115,0.427887892008194
ACAA2,-0.32392985162092014,0.427908159752675
EIF4E,-0.3529305470781914,0.4280026234961422
RPS2,-0.27655862304475853,0.4281599001977176
TRIM23,0.3566986226583406,0.4282579684356557
OLA1,0.09026337138493012,0.4284669878301678
VSIG4,0.259603127541439,0.4284918334068525
LOC102723620,-0.13156816617059075,0.4285237031094859
MBNL3,-0.32866846429479324,0.42870184742255374
PLEKHA5,0.32236094417202565,0.4287094269031822
PPCS,0.15295102693156792,0.4287586634709893
SYCE1L,-0.47592498451524,0.42909508957174086
FZD5,0.22698177561601796,0.4291741690263104
OR2F2,0.2866404184931488,0.42925578582674334
WIF1,-0.7136852718092901,0.429362767416949
IL17A,0.33870881949112874,0.4295213008438077
CHCHD3,0.14127365448278262,0.4295908298198774
MICAL2,0.39613569356503664,0.4298934791570303
PIGP,0.142632394641117,0.4299667977835282
PELP1,-0.1523725587136857,0.42996861979322826
RPGRIP1L,0.18130377124802255,0.4301150331981385
SYNGR3,0.4919458848749958,0.4301168981380838
SLCO1B3,-0.3982936456218247,0.43015361904027943
RCOR3,0.1781864804721538,0.43035094533300183
LOC57399,-0.327554310811923,0.4304566109790459
PARG,0.13953058731624246,0.43050134967014575
VIL1,0.34779631284472634,0.4305409979538101
IRX5,0.36370739705467603,0.43089143609915387
LHX3,0.14184751247813931,0.4310230856221398
EGR3,-0.3713696249507912,0.43102413791198696
RASGRP2,0.3282093118721239,0.4312260557327153
FAM172A,0.14185187618481443,0.4312951595237066
SHOC2,-0.06820235820604914,0.4314657829115823
NIN,-0.24069529308970328,0.43153455792074896
IVL,0.1418358025731754,0.4315544308535325
SQSTM1,-0.4181503121165058,0.4318062092205906
LEP,-1.0785005719607117,0.4321153485563027
LAMC3,-0.4534349023728339,0.4323578292702494
PPP6C,0.0784838325919388,0.43237162018659814
NPRL2,-0.3179703955670865,0.4325279080647412
MEA1,0.07998291272397218,0.43258525149802474
NRL,0.29420986539655214,0.4326224661499556
PBLD,0.17511799058495825,0.4326336569941819
KRT3,-0.3260243078262537,0.43267064758593116
OXCT1,-0.15947842674695245,0.43267784378115376
DLAT,0.17433194775547367,0.4327080594643693
NXN,0.2684933236435114,0.4328713600222295
SLC35A2,0.13731332701971422,0.4329233830626753
CST8,0.21281426138119475,0.4331845772927603
RNASE1,-0.3240921620919286,0.43320558038062545
TFCP2,0.11032437791197403,0.4332721964843333
ADK,-0.2646094005608166,0.43328986276721
TXNRD2,-0.381823669854902,0.43335178553745424
SCAMP5,0.16972678637576966,0.4333899058381545
HNRNPH1,-0.48418761860863,0.4334716156724136
VN1R1,0.3133552164002289,0.43375805743813534
AKR1C3,-0.245260872289629,0.433775677910058
BCL2,0.3893930652935027,0.43378846769703466
DNAJC16,-0.28142501675834275,0.434134789451579
LILRP2,-0.20640831537933746,0.4341660462790859
RBM5,-0.3446335161075744,0.4344613880728048
ANKRD26,0.4270784381448154,0.43447566982374564
LINC00599,-0.16650957626592167,0.43447705115901875
ZNF646,-0.1511005277381523,0.43455515804327505
TNFRSF11A,-0.2077007111036684,0.43462350407057904
TNFRSF13B,0.18417714882496927,0.4346305565176676
DUSP26,0.2608589622980544,0.43471340558675575
SPTSSA,-0.2436023096244604,0.434894385625091
SLC25A28,-0.13014745371956593,0.4350736041045767
CENPBD1P1,0.2505927193300499,0.43511399264848677
PVRL1,-0.25902157890902,0.4353245712586828
TP73-AS1,-0.3694931854393406,0.4354730402976867
TBX2,-0.3828233665144376,0.4354905881483181
MECOM,-0.31236430475645305,0.43563797467765136
CACNG3,0.2663988335537777,0.43569531111408355
SIX1,-0.5152225325790702,0.4357085845532754
ATG13,-0.2825516190289932,0.4357325384780547
LOC101928189,-0.2474652108064852,0.43601588465383223
GFOD1,0.10839788064178357,0.4360168508147667
LYPD1,0.30676734505659464,0.436049630038857
ALDOAP2,-0.32501302017316336,0.4360872405221526
TEX13A,-0.2584961463123481,0.43622158098494584
ATP6V1B1,-0.25782200899741836,0.43622295811222433
HSD17B4,0.15412092767417818,0.4364950953827873
LIAS,0.42704246575730664,0.43652762081342605
LITAF,0.16834449013940045,0.43664009112258995
PLCL2,0.30956909840637614,0.4366909900473984
CUL1,-0.07033817564507139,0.43679094703767324
LRRC2,-0.21231599246802713,0.43717208786486866
ATP5E,0.10815964606563888,0.4373170369878379
ABHD17A,-0.07637866854556208,0.4373971248698467
PPP2R1B,0.4422398681198976,0.43746270864783515
ACE2,0.4555324113958341,0.43751984993785803
CHMP1B,-0.25480007313662334,0.4376032817187153
RIPK2,0.3613187794280881,0.4377132021692646
EFNA3,0.3906840832855565,0.43773977373812745
AICDA,0.3041204631401566,0.43778886008262
UBE2D4,0.11479891222898075,0.43783989822451275
RPL7A,-0.052849308804097106,0.43789117864416954
ZNF205-AS1,-0.3217963653782041,0.4379863610746181
CD70,0.3101909448418807,0.4381399942769983
DHRS7B,0.12005356760989727,0.4382286059389828
ATP8A1,0.3315969799165064,0.43835103511841844
CD46,0.15162115984712976,0.43841111472542804
SOX5P,-0.1947663960917616,0.4384500168480587
TCF4,-0.3096520739055233,0.43855485270910743
KIAA1467,-0.32620637296592303,0.4386154612284461
ALLC,-0.31868916222544375,0.4386814897866588
MBTPS1,-0.1936196640087271,0.43877684542874823
DPYD,0.178561771962098,0.4388095334107101
CD28,0.5222885627581739,0.4388203601325567
SLC39A6,0.09905299590477945,0.43890441691482535
LIN7C,-0.3036380858068011,0.43899822609245964
C2ORF68,0.2901905260503366,0.4391341370130837
KIAA1033,0.20779796879078205,0.43918127024458475
SLBP,0.09295231090453449,0.43920313896263863
ZNHIT2,-0.34033464948040226,0.4393237388985204
HOXA10-HOXA9,-0.5362278217081844,0.4394346414916047
PRDM10,0.236000516068402,0.4394403123266533
SORCS3,0.33961977336925897,0.43948280012075575
DRICH1,0.3444675679164835,0.4396069719100858
EHD2,0.36411702562694437,0.43976712506494936
VSTM4,-0.23062952213983046,0.43978612884052976
DGCR6,0.18538103682063678,0.4398152027424627
CEACAM4,-0.14422469820535966,0.43989377328534807
UGT8,-0.3463843618696014,0.44005397728510287
DIS3,-0.14468763721863365,0.4401387086813513
RELN,0.415270812940296,0.4402258795141265
AC002310.7,-0.1555984473468648,0.440316754768354
RAB11B,-0.29403764471868854,0.44048741872728087
CCDC69,-0.19474822278804815,0.4406198337866048
ANXA2,-0.094214452440335,0.4406311536830191
ROR1,0.41322014990572864,0.4410200230008884
TPPP3,0.4025064228469333,0.44106199281963365
SCN2A,-0.34042030072761253,0.4410779439389896
SIGLEC9,-0.4387819877215513,0.44115461081728524
TECPR2,-0.3026756532334227,0.4411601988377181
ZNF318,0.2047171341283036,0.4412623201081895
DICER1,-0.3219705558998607,0.4413133943893176
IFT74,0.43832003333406444,0.4414050519848882
BC069804,-0.31618518849229815,0.4414767530234386
CCL14,-0.30114614915016524,0.441495479856498
TUBG2,-0.17266123605954053,0.44154267948251197
PAPD7,-0.0775637027736007,0.44156740949021117
FHL5,-0.33714026768734584,0.44160754658576157
SGPL1,0.23533116060502257,0.4416692556480423
SHANK2,-0.4342214135840088,0.4418287753477573
PIGH,-0.1766135354556404,0.44203209098913304
DSC3,0.3965446711339995,0.4421156612266168
ALS2CL,0.061134190875998584,0.44217720661376747
RPAIN,0.45640152386126687,0.44219788685816164
RPL18P10,-0.13615403658598169,0.4422428137973794
CYCSP19,-0.47064742054586484,0.4424444565235219
DDX43,-0.39702678805234815,0.4427474965939247
LPAR3,0.09687911579493846,0.4427879363551059
IGSF6,0.20072600016153075,0.44287151325237806
TWISTNB,0.19411870194855751,0.44287606181531153
CRYGD,-0.34186106450014364,0.44290044603048656
ARFGEF1,0.08028758760754862,0.4429164356861331
PCDHGA1,-0.2414427279330038,0.44293588973236464
CLDN17,0.33461804992584554,0.44295380355221464
ECHDC3,-0.39769705466851946,0.4429902670194602
CNNM3,-0.10044834771730393,0.4430794009646162
CSRP1,-0.11898524269049737,0.4431221023156834
UROS,0.07409583975228706,0.4431670814123509
PRKCI,0.21293837887985578,0.4433127257049107
KCNIP1,0.17386283387038493,0.4433233846240949
HCFC1,0.2298248350104064,0.44339008567908267
PRSS12,0.27325371721204705,0.44352114595022196
SEMA6B,0.2342758144760344,0.4435271107382761
SLCO4C1,0.4922415815109207,0.4436773098919369
CHTOP,-0.09700312774645425,0.4437557586846154
FBXO46,0.09508513475398317,0.4438206911942005
MCMBP,-0.12214274322069407,0.4438397430285442
TRAM1,0.1974403379138714,0.4438966096948305
COX6CP2,-0.2454796384645066,0.44401015616327005
CELSR3-AS1,0.10850124867235289,0.4440529834954251
UFM1,-0.24633007139621732,0.4441385251746335
TNN,-0.2576987688584156,0.44423542534478067
MAK,-0.4492876354288322,0.4443546357862508
CASP7,-0.08722463308431117,0.4444042966346938
UNC13B,0.08875291921877348,0.4444094144008121
PODXL,0.2698093667773165,0.44441523735009675
CD44,-0.5115138468349425,0.44442731317671835
TP53TG3,-0.16089577765610485,0.44459183226150256
TFAP2A,0.3170277897589422,0.4446515318520147
KRT18P50,-0.18058691474984556,0.4446792678758856
SLC12A7,0.08500851359611517,0.44476726033403696
AMT,-0.21029593075523856,0.44479967242147816
RPS2P45,-0.313766717135211,0.44497465064605324
COLGALT2,-0.19987754535966218,0.4450018329622237
WBP5,-0.14028678426441665,0.4451145762268868
ELAVL1,-0.13612240810224208,0.445123809485617
AATF,-0.1491312162512486,0.44556550502708897
LPAR2,0.31027700105389133,0.44576234797893716
AGPS,0.11303188341774195,0.445853683212534
HPGD,-0.3137979570747529,0.4458988308333964
ABL2,-0.15254888322395832,0.44589953961386025
KCNH2,-0.1742926772041593,0.4459220918920307
GFPT2,-0.22583434203757413,0.4459974536287783
CAPN10,0.491262868333576,0.4462811340654049
S100A10,0.10915223977116639,0.4464235390470416
SMPD1,-0.34489386407949674,0.4464246080050735
TACC1,-0.20771685366042592,0.44649069722345974
MS4A2,-0.16881384501214214,0.4465709505885998
LOC101929087,-0.16216602969021032,0.44664216424534153
AQP8,-0.2706301206265671,0.44674835977079774
SEC24D,-0.4297732021108125,0.44678645692977786
MAML1,0.0535501536702796,0.44701981508717786
ALOX15B,-0.21338717606301838,0.4470505444648702
POU3F4,0.35593190475804004,0.447117130539234
SMIM8,0.12611943245673096,0.4471564776379936
TSHB,-0.19176308320601532,0.4473199562324504
KCTD3,-0.20032150835025053,0.44739025959218365
AIPL1,-0.1669887744878631,0.4475084472692565
MIR3658,-0.25020990520855957,0.4475142016999261
IFT22,-0.3944859541902783,0.44771644342770844
GCAT,0.190798801522563,0.44776049038208177
GNL3L,0.29158841100341437,0.4481005467264965
MKRN1,-0.12612530591576387,0.44828075613298457
HIC2,-0.25232697411059757,0.4483899340679619
NSUN7,0.27342894939074736,0.44854295960996665
SIKE1,0.38777006691700766,0.44865273835295466
BMP8A,-0.4896423189199721,0.4486528795629556
HNRNPA1P37,-0.1858863559281243,0.4488541078459148
SLC22A11,-0.14189319479513252,0.4490875485552132
GHRH,0.24614839090517648,0.4491904002595677
POLR2K,-0.16904193060554817,0.4491986068415514
CSTF3,0.16302859897634292,0.4493528358181115
GPER1,0.46118409928193227,0.4493587566714173
ERN2,-0.37565007439565967,0.4493606479434899
DARS2,0.08517604680580426,0.4499294316712189
FKBP14,-0.172840948449684,0.44993984764875183
GMPPA,-0.07015402975434704,0.45027341044879204
GCM1,-0.2978792232856158,0.4503265522846204
RBBP4P4,0.26134783921960647,0.4504051517548186
WRAP53,0.2990634983814626,0.45060719910542313
NIPAL2,0.22950889706361544,0.4507237199657316
HIST1H3I,-0.23159825259848255,0.4507519831866842
PRDM14,-0.2438683676108182,0.4508125316629103
UBE2O,-0.36122404191379065,0.45086020978646413
PLAT,-0.32252903105847963,0.4509697503988293
GPR50,0.21664804105687008,0.45102897587043395
FECH,0.15604987995267283,0.45106878315407267
ACYP2,-0.09844598630260748,0.4511962201277769
ADAMTSL4,-0.1652933672149164,0.451218523731626
NKX2-1,0.3573364801486951,0.45135790955232585
SCN7A,-0.3368192127839511,0.45145387206320947
MAPK8IP1,-0.1789034649922021,0.4517505250305633
HERC2P2,-0.19886453130410509,0.45206930445357735
NRAP,-0.3359053294853034,0.4521420842406562
PHF1,-0.2387128448177709,0.45244912917112845
TEX10,-0.14316128050538346,0.4527078407756232
CDK19,0.32952362564635784,0.4527090324130303
AC004692.5,-0.2964493627705558,0.4527948214372465
NPHP1,0.32877240256543594,0.4528044974758843
MAP3K12,-0.4670396866733091,0.4528088994265814
PC,-0.371731974765396,0.45281724617107755
RAP2B,-0.37442739515053347,0.45289813647471994
MAP2K4,0.12445781086893426,0.4529773034628565
CLC,-0.3932498582623811,0.45299643732928596
FOXRED2,-0.2894920219741426,0.4534182501691654
PDIA4,0.13196597146620626,0.4538314157524422
ATF1,-0.1770250115201364,0.45430711913696986
POLDIP2,-0.08658988676784851,0.4545526451113304
AJ011981,-0.1918968305236115,0.4545926233412761
FAM49A,0.191076323071524,0.4546389872746854
FGF6,-0.29731940509603216,0.4546458548499771
HIST1H3F,-0.39704080418760235,0.45470653766165353
ADH1B,-1.0636456295008188,0.454793736396114
SEPW1,-0.13729338853728024,0.4548537328390279
TRO,-0.6011792380850487,0.4548564323396676
SPAG11A,0.368287299531024,0.4548827855667005
FTO,-0.16290555301216791,0.45495036267295436
TUSC3,0.25845586122371955,0.4550203242274089
PARP3,-0.17187285736484093,0.4551081640606122
TRMT13,-0.13199595505087558,0.45512947230033873
NGRN,0.11613252557930487,0.45513134188289445
WNT5B,0.543306980261808,0.4553488500425656
SOCS5,0.20920245744490984,0.4555322527784163
FRMD4B,-0.3255991565490364,0.4556801456655314
KCNV1,-0.5043244686241537,0.45586878364224104
ACLY,0.1498471572181863,0.4559541966219787
CHST7,-0.32559268045001666,0.45667733704839936
GLP2R,-0.22372581652358825,0.45678503589210495
GNPDA1,-0.149873820592882,0.45687418971668686
TNFSF14,0.4780755174664626,0.4569742328330954
EPM2AIP1,0.12173599816538072,0.4571193091347913
MGAT4C,-0.3135593830956527,0.4577463612924811
IKZF4,-0.1469303728601723,0.45774827722554057
EDEM3,-0.20948288825310968,0.4577540990472253
NPM3,0.11855101410509405,0.45780406023299175
ANP32C,-0.18366166209941204,0.4578606570222574
KCNJ5,-0.39680325900532765,0.4578797418540396
C3ORF52,0.5053820882243709,0.4578934372455238
FBXO41,-0.26137875284864265,0.4580066961592811
MORC2,-0.1332654824752435,0.45815859230132244
C4ORF6,0.2902878284836916,0.4582411313541319
BPY2,-0.2175694497704841,0.4583038626945782
DLGAP2,-0.2517348197438407,0.45840557962642536
MKKS,0.10735477341695265,0.4584571236501883
KLHL4,0.33433194365797725,0.4585801343316453
A4GNT,-0.13322124369301136,0.4587379289738887
NR1I3,0.24566328227228595,0.4587433651666655
CRNN,0.3480052720489262,0.4588779215006365
MMP19,-0.3213352516196686,0.4590711119279321
ULK4,-0.21820914432701244,0.45912301567233343
EYA4,-0.35260888880468144,0.4592311144895293
FAM86A,-0.15611476054521312,0.4594008670730286
SEMA3F,0.46065792502641134,0.45950527265358565
LDOC1,-0.16683682298623204,0.4595834560808802
LZTR1,-0.1217404154448456,0.45965094774871706
HAO1,0.30586990616532006,0.4596593272295455
ASB9,0.13084547192028229,0.4597994948198594
AGAP1,-0.1845026110789778,0.459933442462071
ENOX2,-0.2188986735583116,0.4599440574842358
HSD3B1,0.4253351395121725,0.460025151898254
SLC25A10,-0.3620559077656411,0.4601040809933996
CATSPERB,-0.15990956925111277,0.4601328338953266
AUTS2,-0.19818019173771972,0.4601462136043489
FOXB1,-0.24686184589445315,0.46015089916363094
PARD6B,0.401997756074163,0.46018208049145687
PCNAP3,0.4086898570927562,0.4602284868224828
ITPK1,0.18406578013224273,0.46023638060047994
CCNB1IP1,-0.12784258054271902,0.4602430670451332
SCRIB,0.12140767760613791,0.46026512019762267
OR5I1,-0.32610330546271094,0.46026993135383104
LIN7B,0.15432813637611797,0.46033414295821407
CCIN,0.14200538627942727,0.46060000380134236
CHMP7,0.08963956365926684,0.46083423027946174
PFAS,-0.20935995971957144,0.46090440761204177
DNASE2,0.310776350266484,0.461148797955858
WBP1L,-0.12051652212594455,0.4611934458771036
KRT85,-0.16758848655832814,0.4613329253057167
ZNF32,0.16116136221249455,0.4613452619581084
SNX7,-0.1264203171654703,0.46143277391442694
PSG4,0.2573078516320786,0.4614969701056048
ANKS1A,0.15872535991474024,0.4615224300227739
KLHDC4,0.1276280140012469,0.461629685212739
XPOT,-0.1809628384622659,0.46174402582826385
PEAK1,0.2773362638198984,0.4618566077518106
LEPREL2,-0.27432611249022365,0.46200106766256577
TPRKB,-0.1425452803711913,0.46207315430603635
EPB41L3,0.2567740280444113,0.46218402133291386
JAKMIP2,0.29597348596453177,0.462313513717141
ACTA1,-0.3081286082850063,0.4623174862122695
GRAP,0.267503125753378,0.462583484806137
RB1,-0.30974639276915994,0.4629334924395834
KCNJ6,0.4104565298414311,0.4629337051435208
DNAJC9,0.10812068727082735,0.4630354479707433
GPR124,0.182362505711394,0.463060579572009
BCR,-0.21233261658336922,0.46327338638560417
DGKA,0.18137803259412344,0.46342897486371404
TMC7,0.2740252471337934,0.4634553426186603
LGI1,0.3716422289323895,0.46357741267585634
MED9,-0.10115237782899733,0.46367891538229455
RAB27B,0.4166406090865462,0.46402299386479134
LOC101929304,-0.29851004779236767,0.46422036828126867
PRKG2,-0.2463882268220523,0.4642265666419106
TLR2,0.32744669341641064,0.4642404668851638
LEPR,-0.3827734634433302,0.46430978020508495
BCL2L14,-0.20441050600924893,0.46481327442886633
USP7,0.1810567568176289,0.464925488509722
RBM47,0.1984273520487161,0.46506793698727295
DEFA6,-0.25365382955449745,0.46511478052692734
A2M,0.1330393809132584,0.4653323679611224
LSM7,-0.1264485756522724,0.4653629681008417
ANKRD6,-0.2077072180691042,0.46565117761024577
DUSP21,-0.31064883811741417,0.46572353042433157
RRH,-0.1806777983260588,0.46594340021242475
GABARAP,0.08161506758752424,0.46610270407114474
RGSL1,-0.3510070525560067,0.4662318665353698
GPR75,0.3080715179945104,0.4662800072029536
VCY,0.23571387358737805,0.46630632564160657
WSCD2,-0.22089094828081768,0.46641717800059423
SENP6,-0.17013834653074067,0.46643074708150467
SNTB1,-0.3921916399674181,0.4665355680345545
ATP5SL,0.1496707428600157,0.46655008177870383
TBC1D13,0.4427204120888586,0.46657168431501356
SSUH2,-0.26474739068358577,0.466614801050233
IGFBP6,-0.4115003035057061,0.4666528348474033
MRPS31,0.1524203054891462,0.46676910567355845
DOLPP1,-0.07180548255536934,0.4669742990070033
MFSD9,0.11475805881513246,0.46712758986049524
PDLIM3,0.23873581196285532,0.46737645403889677
SMARCB1,0.0874396518816507,0.4675976858077809
DAP3,0.0864203539698849,0.4676888081450853
HPCAL4,-0.24988028674147866,0.4676986274973295
MEIS1,0.1490923377174731,0.4678341828122261
CNN2,0.11936723888993761,0.46793133940863074
SYNJ2BP,0.13412987756515893,0.46793868892027296
AGPAT4,0.2103365892579756,0.4680780029168876
PREX2,0.1697101035405879,0.4682845042807673
FAM134C,0.12661699323592046,0.46829544037350035
MIR6743,0.09658373613144455,0.4685823830325786
PLCE1,0.36696844752722946,0.4686529036427129
MIR6805,-0.06582021368286917,0.46874226110782913
PTK7,0.44001505042797007,0.4687424820265656
CAND1,0.15826001032469783,0.4688061105865837
PI15,0.14597630594819133,0.4688828052275777
ZNF217,0.21735871046989175,0.4688885650429484
PIP,0.25244955668087243,0.46894711743083883
GNGT1,0.37337693170879405,0.46905903463679177
PNLIPRP1,0.2831803536374675,0.46937704212297865
SNX29P2,-0.3342351578815479,0.4693852960336939
OGFRL1,0.16606532449648448,0.46942169221742985
C6ORF47,-0.10578513698297165,0.46945815542249597
MEX3C,0.17877607040448673,0.46976305853267547
SPATA6L,-0.26761692231208567,0.46995415195206763
LOC100506504,-0.15051286860745083,0.47037932146840555
NFYC,-0.1526697471729035,0.47047993487229106
CUTC,0.14326883561795611,0.47048479176766383
DCTN6,-0.07984045822171026,0.47058893171972827
ERLIN2,0.0871967704250789,0.47066784769064063
GPR3,0.30163674981163613,0.4707117195639244
CEACAM6,-0.30952186004155013,0.4708056665484615
RTN2,-0.16852560446728848,0.47084241727585086
SCML2,-0.1346840376862355,0.4708583772839068
FBLN1,0.41060263201946867,0.47096888291207395
RCE1,0.19397940385540746,0.4711403154613327
NDC1,0.16155550940606922,0.4712204860586474
XPNPEP2,-0.2789736199911719,0.471339026521505
RORC,0.2237454317024392,0.47138213932184103
LHCGR,0.3562426382999835,0.471477998223861
CHST8,-0.2663380971701814,0.47149369971062205
NKX2-8,-0.2455732415485734,0.47169432111359527
IFNGR2,0.08405129229202402,0.4717509038303744
GLI3,0.157677309861187,0.4717629755585269
ADA,0.15253639316195766,0.47179415378997375
GPX5,0.26658421701961466,0.47218233131868453
BHMT,0.26151199442365236,0.47246147194452864
SMIM14,-0.2904050112234833,0.4725683818156358
CCDC28B,-0.41356413633167666,0.4727327993963643
USP32,-0.22986228331852487,0.4730039893622837
ARSD,-0.4933459903595754,0.47305440049078235
MC1R,-0.15525125784512017,0.47309307824700964
CAMKV,0.11810187497167934,0.47324614254966646
GRIK2,0.4077490763603371,0.47338887964245474
DNAJB2,0.1895854263874952,0.47359398070092473
ZNF254,0.3742192638845063,0.4737334050094608
MED12,-0.1705211053315896,0.4737956530518933
UBE2B,-0.1723791231241094,0.47390502578618077
KRT35,0.28692162557791523,0.4739577467111902
TYRO3,-0.2630906392291905,0.4743015747710132
HIST2H2BE,-0.1827748462231087,0.4744727078621393
ACSL4,-0.3959867431853139,0.4746990649619799
TAS2R10,-0.2709988328869368,0.4748111546143322
DGCR5,-0.2960579150450009,0.47482680286560064
CXCL3,-0.7557324812671382,0.4752294167214642
C10ORF10,-0.4206657565270593,0.47540520089535654
KIF16B,0.14050486341475654,0.4754317339656383
TSPAN2,0.3309530259792961,0.4754592661179735
DR1,0.3908730363746056,0.47560492555228356
VAMP5,0.26788403478249645,0.4756393414456504
DDRGK1,-0.06584529249951032,0.47570166458788443
SCN4A,-0.33431798642094535,0.47571337460918395
HIST1H2AJ,-0.46164492758305276,0.4759663486469876
INPP4B,0.2581295035147191,0.4760826724135017
SURF1,-0.2955770602812171,0.4761900597579
RAD51D,0.10591640394877366,0.47624518429897583
JMJD4,0.16097359561025026,0.47626770096727683
NPLOC4,-0.06994764593685865,0.47661520581212463
RNASE6,0.15153015116827184,0.47676840597816433
CPLX2,0.32963969921832614,0.47704567179901936
EPX,-0.2016722702926792,0.47720782470012246
MID2,0.18616517629075702,0.4772529777936219
GK,0.34737573434436264,0.47725745100861744
FXYD7,-0.14921999160370625,0.47766525373291485
MYH1,0.37252339859578854,0.47774619494710785
CD180,0.21698022017842433,0.4777581775070336
TFF1,0.2523980561409491,0.47789242243223135
PPIB,-0.07905004827257933,0.4779374666189192
CCDC144A,0.3343324531364207,0.478043205571267
BEAN1,-0.15804226312650194,0.4781278089762138
UCP1,0.3000538131841779,0.4781740194429203
UPF3B,0.11182143542555067,0.4782108797486313
EPPIN,0.3148826628959389,0.4786096087254237
SMURF1,0.24008574446175013,0.47864594947296835
SLC4A1,0.1494090225807616,0.47874454396795163
KRT15,-0.23585433048223647,0.4787599006678336
GJA9,-0.3516649093084947,0.4788083542080033
CAMLG,-0.15204534534851888,0.4788986787815977
SLC6A3,-0.3048363842422033,0.47923426614879144
MIER2,-0.26333662265255064,0.47930059611067066
CDKN2A,0.2614657889567562,0.4793875809264955
CCDC82,0.18361835547267713,0.47958930031047015
PCBP4,0.13283268334212828,0.4796370215840902
SLC16A10,0.2810971119800456,0.4796976227431257
P2RX4,-0.21621433976405413,0.47971345971727025
PVR,-0.3356648642271489,0.47974078018337196
C1ORF115,0.219552981246542,0.47983181919922563
HS3ST1,-0.33763506360183904,0.4798575854092362
ZNF271,-0.09523448014436653,0.4799227620577
FOXD4,-0.48145129055462377,0.4799412997288221
LAMTOR3,-0.06611886360001229,0.4799734491158112
HSPB8,-0.18495465691088953,0.4799963516950046
ANKRD27,0.10644237520918054,0.4800179267889644
KRT34,-0.15451313694376845,0.4800535885759255
CPQ,0.16815400984454065,0.4800598284045338
MIR6132,-0.16360047468601646,0.48008092385833673
LINC00652,0.28162089469448404,0.48009683333580494
TMEM184C,0.08232385246822638,0.4802234198401514
GALNT12,-0.1984264345912834,0.48036219259658186
TGS1,0.21825830151425585,0.48039991188479453
FBXO2,-0.21476818149368082,0.48041435215339856
COL19A1,0.25415939129168486,0.4804207157715351
UBE2D1,-0.3623278303292241,0.4806262709481405
LATS1,-0.18009863125280035,0.480656298105376
SNX5,-0.06606752616788825,0.48066915689413103
DNTT,-0.1559104969483358,0.4808654320446332
ITPKA,-0.1949375228754473,0.4810815056018352
RPS3,-0.060952433327104316,0.4810944740151478
MIR631,0.2027211372791644,0.48110577611671984
GPR98,0.15101694603841054,0.48121922667056444
IFNA10,0.37421726317375903,0.4812635752980573
TCRBV12S3,0.3064234842122122,0.48133352025362536
PSEN1,-0.1214069074603703,0.4815047750116495
ACP1,0.32202046783250715,0.481544848681148
MEGF6,-0.3018513440040902,0.4817396740150549
ABCA7,0.1292932238517741,0.48190362527877795
OVOL2,0.33722398670679254,0.4819445388289347
DIDO1,0.14990170865815067,0.4821493827355229
ENOPH1,0.13385836091096337,0.48238164993533855
CALML3,-0.2879208336431258,0.4824073551746028
SLC34A2,0.24488744987394284,0.48250697808732446
MAP3K14,0.13923083799695135,0.48300719478350973
UTP18,-0.19375239077227935,0.4831000729803012
PSORS1C2,0.16416418053087067,0.48318086244561764
SULT1C2,-0.47178709471940916,0.4832100820551486
NT5C2,0.1718307258145142,0.48321921720835864
FAT4,0.29199469135185474,0.483223167440404
HSFX1,0.3075742211569725,0.48333275187030567
EMC6,0.12317027510562184,0.48340884846208826
SLC52A2,-0.1565539921097141,0.4835323304565197
DEAF1,0.14364634679687427,0.48356367412324497
DYRK1A,-0.27805487944401985,0.48364955599398124
GEMIN7,-0.26394341251534126,0.4837495089926428
COL21A1,0.3255158900727162,0.4838375630101908
IL12B,0.21077971997302924,0.48396641957081504
TMEM38B,0.24443858003451702,0.4841413269098701
MRPS14,0.12313498258381195,0.484173458234915
LOC100506699,-0.18443674713142588,0.48419658380895364
PRND,0.34880460178178296,0.484299180465008
CDH12,0.34710294824295707,0.4843333653140755
CDC40,-0.14545863576658125,0.48445462482241397
MTCL1,0.19957652304121698,0.4845532427981499
SCN11A,0.3905874882261591,0.48471479987992333
FBXO3,0.12673566637228362,0.4848324262117681
ZYX,-0.13081937223093654,0.4849393663383025
ZNF136,-0.1073133254715728,0.4850011408916445
RER1,-0.08684637007225682,0.48508757730950813
VGLL1,0.36933801996653726,0.48516305767179824
TTC28,0.1249232634584665,0.48537959398154973
THG1L,0.1182978480431407,0.48551454126633514
COQ2,-0.11164825962688951,0.4855667665029854
CEACAM8,0.3692100730869394,0.4855854361751028
DYNC2LI1,0.23043824372333788,0.4856611590850465
CASQ2,-0.4583459947414461,0.4856798451405572
SLC22A7,-0.34600116496713706,0.4856885869886093
MAGEA10,0.15617337644581442,0.4856985133711612
STRA6,0.2815838025307258,0.4857248731560028
HLA-DQA1,-1.1374329132320895,0.4859926687979064
ZMYND8,0.3797699672367649,0.4861026691960041
ARAP3,0.1364575782407158,0.48614303974691164
LONRF1,-0.14718033258147578,0.48620546268646925
MECR,-0.112395861926049,0.4862663540021099
DCP1A,0.06361684239430332,0.4863185421434071
GSG1,0.16877031432722944,0.48646035632060597
PDCD2,0.1939979898387234,0.4865481303369531
FRZB,0.3638767523578501,0.4865812702782189
CDK2,0.3398240928308729,0.48666130434038024
HERC5,0.11896163892781786,0.48666387865526345
UBFD1,-0.11085257862646891,0.48666664024116246
PRSS2,-0.28825860404961556,0.4867759850193036
ACTBP9,-0.15240101522176186,0.48685843586651306
NEUROD6,-0.16348708425380654,0.4870385875758248
ZNF654,0.18271852813837697,0.48706533052727463
TRIM62,0.19451641978087153,0.48719790054551476
NABP1,0.47590624765895306,0.4875911012131268
COPS7B,-0.10295728382808278,0.4877291957983801
HIST1H3C,-0.16661114321976322,0.4878258169662377
LINC00574,0.22515881027061369,0.4878971637311591
LIM2,-0.28868470412989744,0.4879628659878721
LZTS3,0.14611575907322116,0.4881486340126927
SPARC,0.15388319657282956,0.48820037339149347
MED28,-0.1450496216712711,0.4882530077221673
STX10,-0.15902339193253745,0.48829287170243557
SERHL,0.21901896605104465,0.4883251174049602
RAB33B,0.17545111378323064,0.48841086345856066
TSPO,0.1318771390163569,0.4884211309927132
PPEF1,0.3191159749276977,0.4885388507460411
TFPT,0.16619047753895977,0.48863099603770715
FAM49B,-0.3853993858415734,0.48869656615541296
EIF2AK2,0.13896215371280718,0.4888778463407126
MTNR1A,-0.3748977752272813,0.4890508152904806
CYB5B,0.192167805776978,0.4896494986224853
BPIFA1,-0.14002988691642138,0.48969736829971544
MPZL2,0.47076098084921103,0.48977238713437654
HTRA2,0.15925534330865432,0.4898216388655377
NUCKS1,-0.15789715620548694,0.48993663406085625
RNF220,0.10193557884249316,0.49010914641142994
CD63,-0.05353208628601003,0.4901464263044603
SNAPC5,-0.32624022494117133,0.4902141937273288
CREM,0.4272196005486095,0.4902516617549322
RAMP1,-0.25450242596417905,0.49028724183729827
TCF3,-0.2978139706839382,0.49030329847085125
DDAH2,-0.14590808577542802,0.49040232694117636
EYA2,0.3099696872593469,0.49044896474564376
SVIL,-0.20047488185791362,0.49051344214000836
MED7,0.25631433172956175,0.4905439071432219
MED27,-0.34227095119772155,0.49064516249142487
LTC4S,-0.3426110474117632,0.4907610511485445
REPS2,-0.28447127306556386,0.49089605586751767
GNB5,0.361695697683281,0.49091781885093383
RPP14,0.08990573025950965,0.49109878870978857
ST13,0.15236449846526767,0.49124314778187395
RBFOX1,-0.15488771526237421,0.4912617122737485
NT5M,0.2904240092694024,0.491305153052132
CCT6A,-0.22304607615127914,0.49131291055308196
NEDD4,0.14631709604057264,0.4913318476048294
AC084219.3,-0.3944369561565897,0.49167386657288253
C16ORF80,0.11563388879438818,0.4916748489942983
WNT11,-0.5459668918198517,0.4916899357899735
EED,0.28787328067757656,0.49171564945955465
FAM127A,0.13157923755788836,0.4917411336285974
PRR5L,0.1979420128768563,0.4918311640984865
MYL9,-0.24145126486199864,0.49184254392341514
MRPL22,0.12071891639043208,0.4918570011721241
CYP2A7,-0.17447593218579271,0.4920692135137592
LGI2,-0.41400961663648683,0.49207122454404817
PDE8B,-0.3230358282388659,0.49210061943064515
NYNRIN,0.4455077932556888,0.4921557905972085
RRP15,-0.3041121207086652,0.4924512465010129
PLAGL1,-0.23418181181228803,0.4925015798530418
DNALI1,0.23666784590185141,0.4925298863013371
SLC50A1,-0.1464436854227653,0.4925752035213548
PTPRJ,-0.37708615372780274,0.4926042305215953
ZNF696,-0.27065065961504153,0.49270144603248334
NOX3,-0.2129843616871947,0.493013188334587
MPI,0.11425386488909428,0.49301335749626296
FAM107A,-0.465816060292223,0.4930924275245454
COL6A2,0.12840873709366285,0.49317993254693365
FOXN3-AS2,0.3099137821637594,0.4932607700242803
ADPRM,-0.13344268919732283,0.4932789930078677
RAB9BP1,-0.513065019639122,0.49332207061166633
CYP4F2,-0.3607891062158135,0.49372152685283965
PYGO1,0.3375529812244755,0.4937508068627081
PGM3,0.1608957742710011,0.4937704686393242
ZNF350,0.14599938418197844,0.49394072426615737
PKP2,0.35465581395800694,0.4939804692023297
CYP1A1,-0.3149591218509906,0.4941786975380565
GPD1,-0.8954368160035626,0.4944960141174225
CTNNAL1,-0.16816697713011308,0.4945053573040729
OR12D2,0.1730564359902873,0.49459563151515035
TIMM10,-0.0889109745808696,0.49462825104782193
ST3GAL6,-0.3052016577000827,0.4946702854800722
NIPBL,0.11173671356671377,0.49472818489716075
PCNXL2,0.237368732447786,0.49474542479004147
PNLIPRP2,0.25423221319579303,0.49506557044545035
APOC3,-0.18857452216658288,0.4953651863510948
SARAF,0.09320265498388025,0.49538849207222146
MORF4L1,0.11548088836699932,0.4954088889152329
ACTN1,-0.178587899915291,0.49545790163930314
INTS12,0.07883763337064664,0.49551763508322333
DIABLO,0.07755126182514793,0.49554029326849325
FLJ11292,0.3131690949650361,0.4956232414943803
UNG,0.16765027078299521,0.4956519031265126
MRPL20,-0.336860074225378,0.49570127340366965
KIAA0907,0.13128289572883567,0.495851814953977
FEZ1,-0.20525281366267745,0.49586851350002953
ZNF273,0.1279208548141879,0.49615651971895663
ACTR3P2,-0.27830407087061726,0.4966095163508194
RPL5,0.45390243883278103,0.49678596834671407
DSCR4,0.19176862408286066,0.4969002395673717
ZNF335,-0.2830110632141105,0.49699451161999575
TBC1D10B,-0.06962776506272839,0.49699610121765647
MAGEF1,0.11407522650363688,0.49712570371639475
SLC28A3,-0.1389738395293767,0.4971859345871632
HAP1,-0.2618742754102197,0.49733136346944323
EYA3,0.18992031357777606,0.49752123460163955
PDE7B,0.13668878117000016,0.4975933125594322
TRAPPC10,-0.2853554661261146,0.4979494243977342
KDM2A,0.13292131934465168,0.49797753255793936
RNF25,-0.2395233626543254,0.4981152693590893
LRRTM2,0.2897267492468023,0.49840190364570025
RUNX1-IT1,-0.47733303907000657,0.49881759942417625
DCTN4,0.09829799437538256,0.49888789423128455
MTHFD2,-0.24651930481701356,0.4990700783095341
LOC101927181,-0.3036001108289712,0.4991901281210598
LOC100287387,0.36893707381899077,0.4991934727807041
WBP11,-0.15043054007096757,0.49983480823793847
ANKH,-0.2217164336064954,0.5001295249715066
HOXD10,-0.23627797168410547,0.5004839780427233
SCARF1,0.31506307802861855,0.5005144532787505
RNF139,-0.09246730798288993,0.5005785252302134
SLC35D2,0.14587158926942756,0.5005949072335548
NAA60,0.09766499699473563,0.5006289900618495
AVPR1B,-0.21761987564391383,0.5007099872151903
XRCC6,0.2747367794593405,0.5009215045617801
JADE2,0.3395569331990598,0.5010206405390653
KIF13B,0.08438836754760182,0.5010781983903481
MOBP,0.2295218205283387,0.501081662924418
DRAP1,0.07445514101164719,0.5014534634932448
MSH4,0.25606287003949113,0.5015147473957122
NPY2R,-0.41712991926495757,0.5017202141369931
FBXL5,0.11858347297482119,0.5019474203601815
PDAP1,0.28181318095317476,0.5020090104393834
WNT7A,-0.3361859507702869,0.5020136897374413
OR1A2,0.34653406692225097,0.5020477039262766
SPAG6,-0.2326091875643348,0.5022508001661314
GID8,-0.06287812316417707,0.5024930565583834
SUOX,0.12287705054183995,0.5025127986697011
PBX2,0.14825297963368644,0.5025328791867414
CISH,0.169025008480844,0.502581187450663
TSKS,0.1276004521430023,0.5026449368971512
CD4,-0.3236185172972621,0.502668827677865
TMEM109,0.12926446325336372,0.5026749838417052
LOC101928274,0.16696071122043232,0.5027271362507965
RP5-1119A7.11,-0.2783873090904381,0.5028715158159177
MEF2BNB,-0.18491411802638158,0.5031347112624595
NUP98,0.24211360967687945,0.503177639144481
GTPBP4,-0.32692719332467224,0.5032042238801071
TNNT2,0.2566070371149749,0.503208414118147
ABHD17B,0.10700221531315979,0.5035358913691145
MYL10,0.3722816180084578,0.5036984695482155
FBXO9,-0.11278601643406905,0.5037896787428103
KDM5C,0.07378813229386516,0.5038310176079039
NPFFR1,-0.17463197984221868,0.5038797235430112
ETV6,-0.14533003849061732,0.5039408078488429
PDE4D,0.29675142010992994,0.5040893086990175
CETN3,0.16853744091428347,0.5042308772260067
EYA1,-0.40062629016621987,0.5042393644028019
F8,0.1543064816907691,0.5043981127665434
ZNF672,0.06409984323683737,0.5049311085915323
HSPA12A,0.192165532130105,0.505094288478688
KLF8,-0.20508865684274813,0.5051881920085236
CPEB1,-0.42525526227854193,0.5054016051797211
ECM1,-0.18129678494112156,0.5054080535942108
FBXO24,0.17352922169570206,0.5054143866478331
SNTB2,-0.37205730834065687,0.5054441898628259
KRT33B,-0.13106689798602078,0.5054567393872491
CDYL,0.42586961540095025,0.5055037518388987
GRM4,0.13034013129184707,0.5055638268357072
DNAAF2,0.18734799937366464,0.5059970431546861
TAF2,-0.21212801395640213,0.5061570408043453
CRYAA,0.15273977340990985,0.5062697119728178
HNRNPAB,-0.140747804327086,0.5063179280256239
SRP9,-0.07500938903793752,0.5067926884672626
MTDH,-0.10168170144225641,0.5068666090336786
SHQ1,-0.14284038775389796,0.5071121755714496
SLC30A10,0.4034423835420018,0.5072764049080303
HAVCR1,0.2337990772205858,0.507332313656112
CARKD,0.0633278048928787,0.5077070583000655
FAM188A,-0.16182358922564077,0.5077498253749759
TET3,-0.2108489815895762,0.5079708565838075
HTR7P1,-0.24240073712439103,0.5080143646683121
SPN,0.2656908660147881,0.5081591011411482
KLHL3,0.3116557600177936,0.5082779032981524
DNM1,-0.19050068527368857,0.5084613398802479
GDF11,0.287624954502399,0.5087115511077301
SPP2,0.3107836069484602,0.5087214739460738
LRP5,-0.1716767695465622,0.5087389165338635
MTHFD2L,-0.2972558202608768,0.5088040344314441
ZBTB10,0.11099513588606147,0.5088645145438302
SFTPB,0.2603153268288061,0.5090329364464661
ADAMTS7,-0.20169944138924745,0.5094710283956476
HGFAC,-0.13017408550475196,0.5097786209806568
XDH,-0.1635413043527203,0.509854642611333
HIST3H3,0.29881244833583676,0.5099984590653583
ALAS2,-0.173600111246774,0.5102484013630192
SUPT16H,-0.06502677192364992,0.510258399418689
KRT13,-0.2810420354525469,0.5103739668370815
SLC17A3,-0.13095742662954724,0.510629166391031
ADAMTS13,-0.20136945557975494,0.5106327223714252
STAB2,0.24703224814687186,0.5107683135055506
NTHL1,0.25205656873795057,0.5108560491483258
SOX1,-0.1589059041764882,0.5111760565001278
HSPBAP1,0.15163854013021627,0.5111976141579451
MAP4K3,0.19107054037070537,0.5112411709051053
KLHL41,-0.38710213261633175,0.5113167977765802
MAGEB4,0.43029948486415526,0.5113566941160373
AMD1,-0.2122923641208967,0.5114346049637105
PTPN18,0.14847840121052158,0.5115230284890715
C22ORF46,0.24155852225814645,0.5115420616963965
PPP4R1,0.0835841575668077,0.5117371110661736
BACE2,-0.14461872289739652,0.5120842623502596
POLD4,0.13545378053078672,0.5121228157139592
PHF14,0.17664581787391764,0.5121882432488685
ZBTB1,0.17951059694858085,0.5123191210234221
ERC2-IT1,-0.21313919767462597,0.512326199183289
TLN1,-0.09359593314725068,0.5123293712946891
ALDH3B2,0.2361565414073774,0.512355949353315
RIT2,0.4102294547271539,0.5123940573319016
LRRC75B,0.18881129404478525,0.5124082149623881
LOC102725198,0.37904788569447856,0.5124244832557501
NT5DC2,0.22976455964160714,0.512604935946643
HADH,-0.2548455794563935,0.5127090739837338
POLL,-0.19528159520860644,0.512733149321624
CDKL1,0.34660007651806835,0.5128171871336826
MARCH2,0.11879063385713806,0.5128184883966873
SLCO1A2,-0.3376173046893216,0.5130140349782316
SEC61A2,0.16102465003241395,0.5131052508701897
PCF11,0.10766912702053588,0.5131388278500125
B4GALT6,-0.33898331251513314,0.5133959246954763
BAZ1A,0.2220677596604368,0.5134360400558085
RPL36AL,0.09922614116648454,0.5134483441013683
DUSP6,-0.18868972598964362,0.5134660264432117
LMX1B,-0.27906569472835363,0.5134757763089496
KCNH4,-0.1202648010429277,0.5135826463693126
ARMC9,-0.41498100564934415,0.51374951113977
TRMT2A,-0.11583691719366396,0.5138025851047735
SLC26A2,-0.12182192210693987,0.5138595931877398
HIC1,-0.4799530590672285,0.5142253624740378
LRRC37A3,0.39957002876525216,0.5144437148813075
GRK4,0.4077216908176631,0.5147104189062406
PLSCR1,-0.23455370566817635,0.514787662140782
IFI44,0.25085151527338656,0.5148712709023974
ART4,-0.15373503304413916,0.514944388498266
POLR1D,0.09841568817179436,0.5149952701794601
GJC2,-0.3140244149768394,0.5151762536607457
MBNL1,0.44646540963057824,0.515310969720469
KIAA1024,0.31744092087488784,0.5153414917498497
HRG,0.15850836655467582,0.5156869035000639
ZBED4,0.4488399270451504,0.5159073387690091
ACSL3,0.11390683858604689,0.5159108077920417
DHX40,0.09743339761266334,0.5161656462216904
TLR6,-0.1258363416369619,0.5161756743358319
RPL23AP22,-0.3554253996537535,0.5163061690821098
SYNGR4,0.2629179343632586,0.5163203365281488
MMP16,0.3267019011451504,0.5165195261759793
TAF4,0.20877060243867662,0.5165650462086023
ENTPD7,0.31021125010212725,0.5166709046141692
EPHA2,0.2890403618835613,0.5166898981357663
VASP,-0.1300753759523321,0.5167458009901268
ACKR4,-0.42117541086406707,0.516758821146987
RBM15B,0.09591678215498156,0.5168355430002536
DUTP1,-0.30499390642262725,0.516849816843247
EPCAM,-0.3593344890266854,0.5168512008714937
CLDN10,0.14195776493341317,0.5170228672301463
EN2,-0.32041661796371645,0.5170869846172131
MCF2L,-0.3817448090726261,0.5171058877347022
C16ORF62,0.1145064783559544,0.5171650048157189
FIBP,0.0647768151647039,0.5172153687065199
ODAM,0.3043551564678335,0.5174100317570637
ZNF432,-0.13585374693787244,0.5174171929299027
APMAP,-0.08964044344550182,0.5174541929302062
TFIP11,0.23373046440145373,0.5174664494930269
FES,0.16077168438276956,0.5175486964956342
ITGB3,-0.2579040651001092,0.5175658369220705
RERE,-0.347800461934602,0.5176762190743528
SIAH1,0.11898475839575529,0.5178699332874814
TBC1D1,0.22108308402403232,0.5179987058854763
COA3,0.07437693293125669,0.5181220386374467
OXCT2,0.22154474748710484,0.5184167278839278
SNF8,0.07355669544452859,0.5184213728003393
KRT5,-0.3420336944207891,0.5185809431808428
NMD3,0.11460266007445696,0.5190123725658313
NXPE4,0.16906646846533757,0.5190345153009439
BZRAP1,-0.15291528718246372,0.5192051192582635
KIAA0232,0.05141822018450348,0.5192162727017091
FBXL8,0.39309254587760734,0.5192974684298703
LRRC20,0.2631244871214067,0.5198548418399107
ZCCHC11,-0.38101214353483037,0.5198914572160404
RAD9A,0.10157268910660733,0.5200911688826255
ITIH1,0.2960168870013469,0.5202632817619789
AHR,0.2534531803603226,0.5205959794296604
THOC1,-0.10154275368573273,0.520754277925581
COPS7A,0.06759361913281658,0.5207568039525764
MOB3B,0.087450203533745,0.5208298094807483
KLHL24,0.3531457128210018,0.5211098116227005
RPARP-AS1,0.2590181166122858,0.521414337473808
H2AFB1,0.22719644658039906,0.5214606510567946
SLC12A6,-0.1095950929034899,0.5216878044859881
MYLK,0.2853505586124321,0.5217176646753958
DAB2,-0.13926650848154587,0.5218304037350963
NUDT2,0.36509355816734246,0.5219159370458497
PCOLCE,-0.21765197578776707,0.5219725811653838
NLRX1,-0.08735312578422594,0.5221065171438313
RP11-414H17.5,0.10678527192258969,0.5222288561800219
RP6-149D17.1,-0.3828843972844478,0.5223569108178817
PLIN3,-0.1328671395895782,0.5224351687227926
SIM2,-0.2698778186997344,0.5224962351460538
IL22,-0.10913601395935935,0.5225024714662209
CCDC57,0.15312950749505916,0.522504114738109
HIF1A,-0.1637955851437809,0.5225590650180469
WDR26,0.07216107797282412,0.5226074597203674
PECR,0.341256742151379,0.5228029236756222
THOC7,0.13379730511936572,0.5231118909873251
MUC4,-0.42439378057276445,0.5232469904463853
TMPRSS15,0.26743487529645993,0.5232747269451868
LSM4,0.2302959173760657,0.5234670414389646
WFDC2,-0.10366736133012289,0.5235026855743823
DKK1,0.17069281292022165,0.52370961177378
PPM1H,-0.18890171639886155,0.52374760214932
FCHO1,-0.18600079922836343,0.5237512283288924
STK17A,0.39850334377573393,0.5237557730580458
TMEM251,0.07547639374672244,0.5238038101088646
C11ORF49,0.07342107088787664,0.5240686120085062
CHN2,0.30842207027494606,0.5240844594642622
TAAR3,-0.2558121118901546,0.5241241198247046
C3ORF36,-0.21638736531380243,0.5242550285109072
YWHAB,0.12230403064773476,0.524733553725492
PLA2G15,-0.2096733472723109,0.5248095570171011
CNNM2,-0.12200384421157118,0.5248277760060149
PPP1R26,0.10939739359545886,0.5250051606747436
CBX2,-0.16840331114075724,0.5255490644495376
PAIP2B,0.28086569865905187,0.5256379512603677
ZNF816,-0.15495572672972102,0.5256908725274069
GNA15,0.14938255517840027,0.5258188044024086
STX18,0.061919722440840985,0.5258676181866497
MIR3916,0.2371587362726819,0.52597593788045
CDK14,0.10532690760376084,0.5259862783974254
TNNC1,-0.2917258760948631,0.526115020684005
ERCC6L,0.3015748610840223,0.5261215549155286
ZNF518A,-0.2504719469098138,0.5261369138136999
CD81,-0.058359326214599605,0.5261658478055289
NME5,-0.09216799595701985,0.5262031279613933
AIFM1,0.08587167514861349,0.5263829654125622
SNRPD3,0.05367952257053865,0.5264383914552472
DBH,0.10843294640752132,0.5265706949478403
PDC,-0.2727838584930069,0.526573855135902
RALB,0.13847012316298013,0.5265859395636446
TAF12,-0.12775536050454672,0.5266717925922094
CYP24A1,0.37808533665014243,0.5266915305692684
CDH15,-0.31449993164022505,0.5267582700746584
ATP6V1A,0.14251864449136775,0.5268009249519724
RINT1,0.1490215603470979,0.5268118341894368
LAMA3,-0.36157972687090023,0.526950622531871
CHIT1,0.45982309543904254,0.5270198189880808
RBMS2,-0.23078504020436608,0.5272309654739424
HEATR3,-0.12870115096358248,0.5275490319639304
ADARB2,0.17297837509779024,0.5280613641441191
NDUFAF3,0.06980154837927088,0.5281794728349
VAX2,-0.13142551713662431,0.5282375244601566
KCNQ1DN,-0.22797649289648092,0.5282444480223275
MIR6834,0.13341721714266797,0.5282611032764608
LRPAP1,0.14090106853419648,0.5284116451428136
BRF2,0.33187202744040256,0.5284243771550604
POSTN,-0.5441766933107983,0.528424776560318
TMEM87A,-0.06940558244579975,0.5284314638138548
FAM171A1,0.11953607047652781,0.5285034509483336
PCDHGA8,-0.29969902722924013,0.5285348289388697
ATP5C1,0.24186199052544577,0.5286534606659699
HNRNPA3,-0.1550546872420817,0.528672558212202
HUWE1,-0.310412545281876,0.5288782170916089
GFOD2,0.10391666880092831,0.5288901752326327
HIST1H2BJ,-0.27150155287829314,0.528897306888056
SMC1A,-0.18132547683842493,0.5289630034440465
MAS1,0.26263570166880346,0.528965335772673
ATP5I,-0.12443403203489645,0.5291024677202076
AZGP1,-0.533393627139759,0.5291272696103005
KYNU,-0.4894554047207049,0.5295150124342962
LDB1,-0.16296493512189336,0.529602836496944
OBP2A,-0.35497878749883416,0.5296777354401161
TIPIN,0.08489822097592192,0.5297962952050219
GOLGA6L4,-0.27764229182080147,0.5298770687829434
MXD3,0.19625264442198986,0.5299246718013795
LPAL2,0.2710457460539062,0.529939729971422
TAF1D,0.22089126263728254,0.5302473448378979
ACTR1B,-0.08069752237363659,0.530296470813325
ZNF710,0.20872666889330027,0.5303226533392162
TDRD1,-0.2752321861173037,0.5304168565220386
THAP4,-0.057847856811731546,0.5304335505193727
ING2,-0.15085389322848197,0.5304890831218483
TAF7L,0.4131009738534335,0.5305666305920119
AGMAT,0.16300200981196777,0.5307701754321221
ARF4,0.11053742958747748,0.530901645380334
S100A4,0.11066507805806225,0.53107639355808
ZNF276,0.16725810710899935,0.5310956459766926
PSMB3,0.06656047830179368,0.5313736532113967
ZNF587B,0.21640734296299868,0.5315054763421644
HSD17B11,0.10148098319657706,0.5316456284037507
AMELX,-0.12054101692210928,0.531777363793007
CTH,-0.21106362542274582,0.5317861677916473
LOC102724985,0.06601036026887463,0.5318050532483102
NEUROD4,0.19193618746390229,0.5318306219543694
ASPHD1,0.09970472882719061,0.5319972400777625
AMPD2,-0.1239258251656068,0.5324262204415252
IQCC,-0.25182702708892535,0.5326477865790863
RALGAPB,-0.10262655842855661,0.5329103198700882
SUCLG2,0.15527960708155497,0.5330601194370609
MUL1,0.08630016173479049,0.5331271504163225
SLC10A1,0.16208912338690773,0.533143684607245
ATOH1,0.20188024146612493,0.533480319264265
DNAJB12,0.25220511492461917,0.5334843366397137
PZP,0.09546098081699039,0.5338666451999818
ZNF266,0.11045049971980347,0.5339228786586735
DDC,0.18008507873238333,0.5340810480699029
DCHS2,0.16698860599420495,0.5341466983898889
UGT2A1,-0.28505515679292515,0.5343089021244115
DDX39A,0.1107549925971032,0.5344933421398769
DCUN1D2,0.10540442541344408,0.5346341305625466
ELOVL4,0.3035680671435328,0.534664123838821
MYL6B,-0.13160604973471557,0.534801186876876
TTPA,-0.38494940383057585,0.5348814783144733
SGCB,0.3450359327996786,0.5349235760719393
CSPG5,0.3137627134899752,0.5349958427363088
SCO2,0.210888444170946,0.5352356891555468
USO1,-0.17528507168518637,0.5353876489119431
ZMYM6,0.2983586817115942,0.5355428088026983
HMGB2,0.1236949511643477,0.5357165038220937
PCDHA10,0.283562263831584,0.5358288979274135
ARL2BP,0.08225645043174801,0.5359041054295922
TMUB2,-0.07886339408544707,0.5359364869688346
NOL7,-0.11545092789001998,0.5360300006456115
PPARGC1A,-0.38128004989598274,0.5361721591253792
ROCK2,0.15768641456299282,0.5365772543301852
ANXA2P1,0.18557869358017243,0.5368093927394576
GJD2,0.12601501085798006,0.5368127549962862
GALNT4,0.33677625755730745,0.5368553822605254
GADD45G,-0.21851025341949804,0.536944226602976
GAA,0.13673750651152083,0.5370384383803843
ARFGAP1,-0.10840430879121854,0.5371347495715803
DSE,0.10114154944348641,0.5372159480794906
STAP2,-0.08227304299127347,0.537280210586952
KLHDC10,-0.15125753001658104,0.5373568239752261
ARG2,0.17065922011600865,0.53743455889767
HSPB11,0.14455041164500937,0.5374699952102505
HEYL,0.18787442561968604,0.5375063251451557
ITSN2,-0.19386603510293732,0.5375272149910584
EMCN,0.2317013973857147,0.5375547917934219
CTSV,-0.1795606955396183,0.5376224074115389
RNF216,-0.1437104096470989,0.5376795064749659
AF070581,-0.33999936900073235,0.5376921132879293
TMED5,0.12168213900114644,0.5378404779656136
DLK1,-0.26017616710882496,0.5379703187128585
CXORF57,0.38659489275243075,0.5379727915790542
KIR2DS5,0.09937331179041298,0.5381317006049591
DAD1,0.05000437641785993,0.5381601940051326
SFTPD,0.3108635880897719,0.5381651859164793
PPP4R4,-0.35621119847586025,0.5382511453434192
ERCC5,-0.12440245538431327,0.5382994358437766
SCAMP4,-0.2045619208698497,0.5386249669528115
PRKCG,-0.1948768863851118,0.5387599387936256
CCDC40,-0.41262825140144166,0.5388763958921323
SLCO4A1,-0.19528872951476473,0.5389191800929147
PIGK,-0.09385874149995921,0.5389615470148716
HIST1H4H,0.12095772783162761,0.5389869990533452
FAF2,0.1953614331632787,0.539481080428881
GPR39,-0.28267172550233166,0.539537507346748
KIR2DL5A,0.13733814970946678,0.539587688254058
TAF13,-0.4388926075034423,0.5397047791962235
TRIM58,-0.5661533801371661,0.5402029695226064
ERBB2,0.3260754397696992,0.5402169047628175
UBL5,-0.07104638894407955,0.5402904319997881
GSTCD,-0.16364310640085122,0.5403961359846
GEMIN6,-0.08999457943971834,0.5406900079320575
BAG6,-0.07050318242595033,0.5409392846662548
ARMC6,-0.11963627894254714,0.5409656839421997
KCNA1,-0.28100666368018423,0.5410995792073715
ABCB7,0.08597516984762166,0.5411434104619035
PAGE1,0.26003441752781153,0.541154480138863
SAFB2,-0.11640673850741123,0.5413659955702245
DRD3,0.23689119466164277,0.541385664694766
RGN,0.15388761436457798,0.5415196944438153
LMF2,0.16041714351093006,0.541661926830071
AC007967.3,0.2195969058055427,0.5416821831094124
CNPY3,0.18902995776934794,0.5417007340654503
NAALADL1,0.38697484794562076,0.5417592252875564
ANKRD7,0.3820507560477262,0.5418589446055232
DIRAS3,-0.23005074322981578,0.5420585810108296
SPHK2,0.27153380551802453,0.5421191726514439
CAPN11,0.2222680745411747,0.542195490807123
GRTP1,0.15004298554427775,0.5422045847801062
MST1,-0.2890829376179065,0.5422747226913724
SMAD5-AS1,0.11259663821259558,0.5423461939844237
PCGF2,0.3431041405111763,0.5424570708728417
COA1,0.34172806007008116,0.542648411431599
C15ORF39,-0.11658187276741305,0.5426485656145947
WDR4,-0.10369879890026024,0.5427817304816817
LOC100996747,0.12018780309477073,0.5429213624799881
EIF5B,0.24938189022442714,0.5430172359029691
SPAG1,0.14222691305158985,0.5431470785132312
CLASP1,0.10016224537294427,0.5431928552062468
TAF1A,0.18917232437138498,0.5432788695879428
ZIC4,-0.23390239895127252,0.5433956251806378
MARCO,0.3260963372879502,0.5435341743403481
C11ORF24,0.10672028524477462,0.5435479317960886
BC069756,0.18078059343906006,0.5435799434261644
KLK3,0.13240641832190025,0.5435966501571324
RAB30,0.09721779758316451,0.5436033613531536
SEH1L,-0.21789225325023054,0.5436782571989615
NFE2,-0.4051230442294278,0.5437897914901473
TRAPPC3,-0.0911426147821981,0.5438053960199614
LOC100506248,0.159371177348536,0.5438193793688343
QKI,0.2917057368516849,0.5439970090261713
STRN,0.12391850828132878,0.5440544220794105
SIK1,-0.2831646571149822,0.5440624275771129
NUAK1,-0.23464354626085004,0.5441709272836547
CUEDC1,-0.4339285454490076,0.5445829789256214
TBC1D15,0.07104859049720069,0.5447233787349293
KLHL1,-0.26790100281832174,0.5447470822843187
SCNN1A,-0.28716016364946384,0.544795434485141
PMS2P4,0.24483734157642356,0.5448458864021495
EEF1D,-0.25089999432463017,0.5449717876496734
SLC24A1,0.37846207995916004,0.5450727850892539
SST,-0.3078464020962093,0.5452094997027124
PCDHA5,0.300600105467423,0.5452618088367402
RAB8B,0.11482306638582607,0.5453205787028577
HOXB7,-0.2124876538462921,0.545402541123159
FAIM2,0.42296036622396027,0.5454326775473762
ARG1,-0.2238636517807775,0.5454555704748822
YWHAQ,0.11745398717553712,0.5454780035053108
FLNA,0.12443984753199011,0.5455305524789734
MITF,0.12977826359828093,0.5455464118325193
APLP1,0.10488495166423384,0.5455598817614217
AZI2,0.20007793870988344,0.5456772896788686
PUS7,-0.21903880641714757,0.5457852040390266
MPHOSPH10,0.11056598123209938,0.5458939363003236
GPR1,-0.3333890125071104,0.546217151200581
LOC101927086,-0.13810145481570935,0.546254784540281
MTERF1,0.2448661458096444,0.5462562228390779
ALG3,-0.08564730899417938,0.5462652673297315
DEFB4A,-0.12492377816351219,0.5463302723319707
CD9,0.17217457317181228,0.5464250058777229
TGFA,-0.15394971410118874,0.5466363114297197
CCT6B,-0.11835294730726797,0.5467867148559058
CTNNAP1,0.14150154168778206,0.5468729503841293
CAPRIN2,0.14202874618380967,0.5468768681853422
DNAJB14,0.13396856862203244,0.5469597538668616
LPAR4,0.3180530161093662,0.5469841946627053
CD97,0.17431160834224002,0.5470019646137829
FLNC,-0.190179351741385,0.547114650968483
C8ORF17,0.14993988526742275,0.5473221527611339
HRAS,-0.1499731968113771,0.5474923970843029
GABRG2,-0.28850993585010887,0.5475881021513156
WDR45,0.0760826472950491,0.5476202882170852
GRB2,-0.15647944277599635,0.5476368026854002
COX7A2L,-0.053423702397584094,0.5476489309701419
GLRA2,0.3195508441414656,0.5477870942719958
POLR2J,0.2674180658245833,0.5478234384677634
SLC13A3,-0.2675590451533836,0.5478612928658992
NUPL1,0.19346429674213006,0.5479045456895418
P2RY2,-0.2930134654335097,0.5480915485154705
TMEM257,-0.12182959996222698,0.548188565615575
SERPINI1,0.12658182787057903,0.5482262747184016
CDC73,0.1890095324769412,0.5483372053605617
COPS3,0.09531067982354102,0.5483466496055914
BRD7P3,-0.14988754654303316,0.5483929097734033
SERPINI2,0.26845663270824627,0.5484080814500614
AGXT,0.284780770097119,0.5485140588875907
COL18A1,0.25391625881136193,0.5486357819289326
DEPTOR,0.16590816427291166,0.5486701606189986
CAMP,-0.24876134348799628,0.5487074550049874
SART1,-0.08973441304828356,0.5487680231670792
B3GNTL1,0.27976299082554146,0.5488526357898362
GRIN2B,-0.11580262829060173,0.5489179558349258
LOR,-0.25793079357260407,0.5490321849107679
ETNPPL,0.31025476308359234,0.5490579928210142
UPF2,-0.07440327691725024,0.5490935832062072
ZC3H15,0.38028010610354546,0.5494134031776068
PREB,0.0982470794389485,0.5494699940125636
EXOSC8,-0.07917674354093407,0.5499202518525804
JADE1,-0.16281891244140034,0.5499382752404616
VENTXP1,-0.22968170488610795,0.5499707879979303
EFR3B,-0.2516829710359083,0.5500651316953289
AP1M2,0.23368356678506697,0.5500939424054038
MTAP,0.2852479512601658,0.5500978712161804
ACTG1P4,-0.31420956510270504,0.5501156104645027
RASL12,-0.22297200650713833,0.5501495919268415
ERC1,-0.14602064700840423,0.5502804460069923
DDHD2,0.08194582878366141,0.5503453271499534
SH3TC2,0.16385936272362134,0.5503972531055678
PRAME,0.18382041589147313,0.5504060295753734
JAM2,0.13299511299401878,0.5504258013942481
MGLL,-0.1435686503120106,0.5505359996690969
LGR5,0.35616224910088423,0.5507038101706019
ABCB11,-0.29187407108959595,0.5507320483266718
SMEK1,-0.2091116071713479,0.5509521544646448
CXCL1,0.5383157235079512,0.551062891400317
CDX1,-0.09817720710907363,0.5511614582139525
CACNA1E,-0.1595753442283261,0.551167585293045
CHD8,0.0625633612598584,0.5516684309674009
HRH4,0.1322810076408265,0.5517264089475671
FLJ13224,-0.2173199899223195,0.5517868153328783
TSPY1,0.24888847919046397,0.551846161106829
PGLS,-0.1032659158369249,0.5518913639292774
ZNF506,0.13446490111770526,0.5519167274159905
KRBOX4,0.1221935304643127,0.551970451830055
ADH6,-0.2899728921709954,0.5520034916260874
RNF7,0.09232215952164857,0.5520501678465015
CAPRIN1,-0.1219762956101178,0.5521545014547067
PCDHB17,0.2534001345023369,0.5523540566934484
MAPK9,0.1250926504676606,0.5524957386706207
MORC3,0.1567890925264681,0.552496901176196
MMP24-AS1,-0.12586208261591736,0.5525628499669558
CRHBP,0.23297968981031403,0.5527503528685662
METTL9,-0.09123476305070888,0.5527665215548941
SLC13A2,-0.2467698595647958,0.5529145296857042
DYNC2H1,0.1439465468932628,0.5531485469876606
ZNF444,0.25698185843937527,0.5532760952967789
NFATC3,-0.20897478873034903,0.5537431289337523
IMMT,0.04277354731082994,0.5537963753943945
THAP7,-0.10074712232693805,0.5538725806474424
PRO1596,0.2507707184275061,0.5539043884395883
FBXO31,0.12683000681055567,0.5539618053050038
C1ORF54,0.1618911423430287,0.554129684511043
HCCS,-0.06436432674746051,0.5541831626535065
CDH18,-0.10154757742085074,0.5542368298811002
ASB7,-0.10547919177114018,0.5542390978273636
TINAGL1,-0.21505666456632966,0.5542526065067842
SNHG3,-0.2113722072600579,0.5543797713543452
FBXL2,0.18767018128060275,0.5545043339735297
ADTRP,-0.11540531693762812,0.5545083175082882
MMRN1,0.25251224654670956,0.5545256607068217
CYFIP1,-0.1098649126331761,0.5546447115942348
FLJ11710,-0.17687816277173862,0.5547678025385449
IL9,0.27816842118802754,0.5547870836195088
AP5S1,-0.07738227157849309,0.5551287613945818
PDX1,-0.1438892537387364,0.5551377196908572
C2ORF27A,-0.12248250314698428,0.5553247429691891
RNF2,0.09973898793930047,0.5556515966388873
SMYD2,0.23659556555536643,0.5557903385407074
GNL3,-0.15911755492480495,0.555805484362088
NME1-NME2,0.04818639923425039,0.5558256867943466
NOS1AP,-0.11028642894225538,0.5559176681925743
ACSBG2,0.17988198012120904,0.5559901597463766
CNPY2,-0.08712217210180384,0.5561086599783903
SEMA4F,-0.0913248775736566,0.5561429280386352
EFNB3,0.20189604279983797,0.5563552701664609
NFKBIL1,-0.24932116177183516,0.5564832245840218
LMOD1,-0.5163252346250742,0.556530575663408
TGFBR1,-0.13946679601400902,0.5567839334585698
RPL29,-0.08547070389302291,0.5568250678860628
BAG4,0.09208982019480416,0.5568459653676728
CUBN,0.2021805005704831,0.5569462444961033
PEX3,-0.3328724978522484,0.556992321059193
TSPAN5,0.26775439184318195,0.5570019989247142
SUSD5,-0.27317160175900224,0.5570094874351418
CDR2,0.07254462799595274,0.5575640340649248
CXORF56,-0.0731665628410667,0.5576356852563882
COTL1,0.13936368849885028,0.5577067123270683
TCFL5,0.098779066234016,0.5578952488408879
MT1E,-0.15447295563214425,0.557989589951052
KRT86,-0.08459776101211336,0.5580557165195119
HSPA6,0.17840971816397655,0.5580843448045449
PCSK1,-0.5174237958071339,0.5581489592915527
SMR3B,-0.23913456509185993,0.5582012120829783
INPP5J,0.18900086861208187,0.5583137163190279
ICAM5,0.1977278339194335,0.5583503790022896
ETFDH,-0.1297613298896616,0.5583743459144022
STX6,-0.10928489179602696,0.5585153075800802
TRMT112,-0.05083179623643552,0.5586995068981587
MC4R,0.18910059937911505,0.558849766975085
PTCH1,0.24022931596138886,0.5588534688784869
WAS,0.13547349101756279,0.5588781290563785
SLC8A1,-0.275940325088218,0.5590918768437076
TMEM134,-0.10992245157031455,0.5591431861841667
NEURL1,-0.16339403392255036,0.5592146143171934
HDLBP,-0.21998467596171256,0.5593368716931328
C9ORF114,0.14092287199439113,0.5594547123360016
ELTD1,-0.15851420485837053,0.5596794307996824
ERAP1,-0.3237353732693453,0.5597579418166314
CDH5,0.18276990044587116,0.559781539923586
CHCHD2,-0.05085008593297147,0.5600445492224856
ATP5O,0.11446200386101602,0.560068480723274
NDST3,0.12225919477143243,0.5603574397366796
SEC61G,0.08380682048831822,0.5604065576255579
SNRNP27,0.13844180693506303,0.5604351184040514
STX1A,-0.20329496511117995,0.5605161804108705
VBP1,0.11668264677518536,0.5605173955069596
FUBP3,0.1808201442647146,0.5608085162620995
CNOT7,0.0728088464499983,0.56083372852378
ZNF287,-0.3856740300117565,0.5610378264602431
ZNF212,-0.10030577878953117,0.5612974955485253
GNG4,0.09282041298835253,0.5614722350013697
HINFP,0.16511056469548002,0.5616877072557022
MRPL12,-0.12696019537959913,0.5617897901444562
CELSR1,-0.34595797971700737,0.5618644640074428
ETV3,0.14309784239171686,0.5619139301979825
PITPNC1,-0.11813430262203539,0.5619775233238528
HSDL2,0.20282301878028086,0.5620537722180369
L2HGDH,-0.22750927799008291,0.5622923259964073
ETS1,0.17038056648226618,0.562344435229947
CA1,0.11619258083286788,0.5624237434165432
ZNF264,0.07058247139321239,0.5625555761719429
IQCA1,-0.09558864705276093,0.5625999450704476
SLC7A2,-0.3203931488729861,0.5626227631570055
TLK1,0.308113837610529,0.5627619374837818
PRR34,-0.19281906115570102,0.5628703518677335
MDN1,-0.1268766165576114,0.5629112970502239
HOXA7,-0.2733830124560708,0.5629365383602785
C9,-0.3298058168427147,0.5631997020218565
KIR3DL3,-0.14937028035778965,0.5632427200822865
GOSR2,0.19672063807062123,0.5632899204637848
RP11-649A18.7,0.10807669240992634,0.5635416561057192
HRC,-0.29500736667610816,0.5635601420011181
LOC100506571,-0.1484319104179166,0.5636151045090813
NUP160,-0.3054196635544235,0.5638521035203772
RPS29P28,0.289525552375256,0.5638800833631066
C4BPA,-0.19130439665335253,0.5639873367133122
TRPM3,0.2254565349931985,0.5640485654632611
KRT36,0.15449398613257825,0.5641225809020493
LOC100652930,-0.12244965304194011,0.5643403621261566
TRIM27,-0.08026871065481522,0.5644072230828113
OSBPL7,-0.24231717611428305,0.5645471019013555
PRL,-0.15579776647045307,0.5646301248176168
SIPA1L1,0.26218542519842103,0.564654524913611
ITGA6,0.17508644504311022,0.564790799537802
C5ORF66,-0.12641884034490225,0.5648501403635221
SSBP2,-0.1936094653171363,0.5650380381884738
SPATA7,0.2344903778730849,0.5650713632497656
XPC,0.06398224686888554,0.5650822169000501
GCLM,-0.2826255864577991,0.5652085555822071
CLDN1,0.3036171428922936,0.5652557241840719
PART1,0.37589812857872573,0.5653318217458551
FAT1,-0.14585012839753908,0.5657492125471313
GNAS,-0.29626348347625076,0.565750001238097
EIF2S2,0.2468203230258652,0.5657716154824558
LOC100129361,0.08767248010327755,0.5660374281703223
ENDOD1,0.11417624111069458,0.566080462378457
ABCC2,0.4124812875660826,0.5661540334999914
CYP2J2,0.17643617685258306,0.5662738981172204
UBE4A,-0.05326575985716353,0.5662774551339941
RBMX2,0.08623224455177692,0.566523746164244
EIF3I,-0.05780137539795582,0.5665486770715501
HIST1H2AL,0.27310980908984117,0.5666850776889161
TECTA,-0.12528393332846743,0.5667806226236287
RPS14,-0.19161159027970243,0.5668904515228945
GTSE1,-0.31652020294835115,0.5670592144808332
CACNA1S,0.22282791363805643,0.5670676563122488
TMEM2,-0.20680149756364408,0.5671358320488846
SLC4A2,-0.1743774301249772,0.5672538584427517
DDI2,0.18471900720868195,0.5672540721526639
KCNE2,0.1456526709164998,0.5672568868749953
ST14,0.30062714519184297,0.5672708155722239
MAN1B1,0.18019431882721904,0.5676170335656643
PTPRD,0.17323216360969873,0.5678187522609768
EPHX2,0.3274167183842849,0.5679389646256557
SKP2,0.21137235099107876,0.5679831726400498
TRAPPC6A,0.10732868317075273,0.5680235080837208
PLAUR,-0.2295240889408472,0.5682072190142236
MIR4315-1,-0.2240947640989832,0.5682370564087376
SELP,0.1353117769006964,0.5682425212590236
LSAMP,-0.14392539695590711,0.5682573906628693
DIAPH3,-0.33854188082641423,0.5683961206419696
HIST1H3G,-0.19916398216132825,0.5686773161453017
MUC3B,-0.2438669783477838,0.5687223101086751
GABRG3,-0.20545087405789175,0.568874209886362
PAQR6,0.1147954777427378,0.5689736809907023
MAGEC1,0.26109695353840223,0.5690750819015127
SYBU,-0.18752655984818034,0.5691434717889052
HLA-DOA,-0.22207069237605026,0.5692051707567742
FAM3A,0.18144043825240352,0.5692867558327973
RP3-334F4.2,-0.14770300235110012,0.5694969883544004
SLIT2,-0.16899840796300403,0.5695340410067053
DXO,-0.13331847872966485,0.5695379062055969
POU3F1,0.21574152047427564,0.5698266452520483
DMBT1,0.0770585439014102,0.5701176108265944
RIPPLY3,-0.23024523759977544,0.5702233962788702
SERPING1,0.08644774419202683,0.5703538495031764
ZCCHC8,-0.12437788694035312,0.5707164379742782
ARHGEF9,0.2634186624956447,0.5709077974519154
CDK17,0.11732107145972659,0.570967767733385
TNFRSF12A,-0.2719160283653874,0.5709908695013618
CCDC68,-0.2383505700836661,0.5710273126057287
TTR,-0.3022241715057934,0.5711392400796447
AZU1,0.27152284106495284,0.5711411396336051
SIRT2,-0.08410368035156601,0.5711656254051126
ZNF257,-0.3281100975379818,0.5712786017138313
PAPSS2,0.12841813635889388,0.5713032997038054
PMCHL1,0.2237765816630226,0.5713526557540495
TAF5L,-0.07942696695890916,0.5716925164956838
FGF17,0.22141714937203538,0.571752046461623
SH3D21,-0.10339850949809115,0.5717899038201542
RPL37,-0.06415269122449452,0.571870851982016
GCNT4,0.17402203931619553,0.5719956949662752
PDE6C,0.28706651305520703,0.5720243204757619
PRO2214,0.3357010069006128,0.5723239099650002
NFE2L1,-0.14078632991136075,0.5724438524559428
PIM1,-0.17712963549063865,0.5725246011247097
GLS2,-0.21094082853532914,0.5727535421044847
RPL22P22,0.31041399040763284,0.5727859280929302
BAIAP2,-0.3245036108762127,0.5729153465056812
HCG8,0.12448255335001868,0.5729614591610488
PRO2949,-0.19577864703284042,0.5730655576331072
PKP3,0.19349736424693642,0.5733231643766605
RPS4XP2,0.09801952654185797,0.5733479109276282
COBLL1,0.3799836802539587,0.5736080252278983
CPT1A,0.3110684716598602,0.5736244238842966
SMPX,-0.20944050086445332,0.5737968937428897
CDK12,0.13919548105496915,0.5738309147686972
RYK,0.10916153964671516,0.5739212220717087
TNFSF18,0.15631705042386734,0.5742303588235644
ISG20L2,-0.1075562627784219,0.5744306097502874
PHB2,-0.04334354244405603,0.5745017826236416
TUT1,-0.22229876359096679,0.574578832634587
MEF2B,0.17478886100891966,0.5746126246883554
TSPYL4,0.08240840587435194,0.5746430177575648
MED25,-0.2600739502445384,0.5747817553352557
MUSK,-0.2475875281524278,0.5749074606783959
LIPG,0.3026069177511461,0.5750205637665636
MTMR7,0.4000603695691729,0.5750329443770336
TEFM,0.10226214783082543,0.5751253653047417
MIR636,0.1434521652191112,0.5753133544243623
LCMT1,0.08921082720236662,0.5753555040094109
RP11-10N23.4,0.16594751090940107,0.5754958809296854
WDR48,0.21950416565693054,0.5756581192044817
ITIH2,0.10780514459978985,0.5758363004790873
GPR88,-0.2831622466224877,0.57624307127951
CERS1,-0.10359248883648497,0.5763094600329604
TRIB1,-0.21908864110297266,0.5764343942732378
CFL1,0.049694781251576,0.576508178203791
NFATC1,-0.22984939464835552,0.5765192972074275
TERT,0.21286693500478382,0.5767701398538666
SAP30BP,-0.07878738390378359,0.576804148331377
NOP14,-0.10887185450269143,0.5769049395383049
SLC25A21,0.16466965364424802,0.5769200815031632
SLC22A4,-0.15264042016993962,0.5769306171062569
NUS1,0.1262832429580989,0.5769678372563994
HOXC10,-0.2324165174639461,0.577099807838329
EN1,0.21292800194219375,0.5771776293380316
NOL11,0.07117907874416218,0.5773068719530757
PRNP,-0.14161655133147022,0.5773189078576229
FNDC3A,-0.18240038088191568,0.5773309604903895
SMNDC1,-0.10249727878942316,0.5773515980375434
TSPAN4,-0.12263080119974568,0.5775669862779531
BBIP1,0.12278943550341914,0.5776046789349976
RANBP10,-0.2763726395305701,0.5776481931149559
MAGED2,0.11110767570698954,0.5778022444069829
ERMAP,0.3918725979156088,0.5778371464150382
ZNF484,0.28556175367107883,0.57799073008019
PAN2,-0.18711514294188447,0.578212160363867
RAC3,-0.16128151634195964,0.5786589013693137
DGKQ,-0.12571432739431643,0.5789005917000428
TOMM34,0.07840177143859783,0.5789422550490017
RBM10,0.08225224536694142,0.5789427377475086
TMX4,-0.35730541675838356,0.578965110685726
PLEKHS1,-0.3886166874077688,0.5792705595817089
NFKBIA,-0.10063477081000016,0.579292021808057
STK38,0.169347046965016,0.5792970608866975
PCM1,0.1179219120237045,0.5793004894166675
INHA,0.14205643661998035,0.5793187311702979
CALY,-0.23224974371895168,0.5793524465106534
RPH3A,-0.15322924334860843,0.5793546401735926
BMP2K,0.21384919618878317,0.5795835007414255
GPR37L1,-0.13337243223063977,0.5796735333575561
DPF3,0.09628782775317024,0.579793064621313
ACD,0.15217232406320313,0.5798567437244028
PCDHA9,-0.17585188678619712,0.5801502914564478
C16ORF3,-0.21896395050474116,0.5801532660960761
FMNL1,-0.17942490181705573,0.580155558195764
DENND2A,-0.30595743647682383,0.580244903779815
PUM1,0.0797819192954492,0.5805498431622977
EIF4H,-0.05839502230209348,0.5806532215344781
GBAS,0.11072095095373946,0.5806664685195857
IKZF5,-0.1751905721642677,0.5810831341481645
CACNA2D3,0.3254678766164849,0.5810885780489484
POLDIP3,0.2181794464282678,0.5811412149651728
MLXIPL,-0.18887410767784107,0.5811782583807228
PYCR1,0.10084878991992952,0.581308787113546
ARHGAP26,0.1990551714063522,0.5813409384721914
C9ORF38,-0.2453925649155222,0.5814980359568366
C9ORF53,-0.22241962852322983,0.5817182648931527
NFAT5,-0.3426883373895402,0.5822234311763916
KIAA1549L,0.10797292102021405,0.582248995650562
CD47,0.41430995317116004,0.582519807775827
NDUFV2,0.046185573867250085,0.5826224980955219
CARD14,-0.16845673550868323,0.5827276492904748
SNRNP35,0.16447626733048715,0.5827524626733683
CSF3R,-0.2553857066880827,0.5829045946849738
GNL2,-0.1442734829363772,0.5830641313374934
LRP4,0.17446872551810433,0.5836167923021517
CLPB,0.2253149650131867,0.5837459007403046
LY86,0.1846695773658329,0.5839231213833836
MRE11A,-0.2365360016982212,0.583999673379484
IL1A,-0.25652166678587474,0.5841953084875664
FTCD,-0.18528178637826453,0.5842289164684065
SEPT7,0.09667430619794537,0.5842368210944697
DNAJB9,0.24902850934410026,0.5843662391975799
HHAT,-0.14659960273406725,0.5843896746029901
MIR4746,-0.08435558379514063,0.5844502747750221
TMEM160,0.10863341875646526,0.5844666594096968
CCDC181,0.31859852876949013,0.5845938681650712
ZBTB40,0.12586869632902342,0.5846486139810197
ASIC2,-0.15045386817303097,0.5846556616935583
GRIA1,0.27470072152727587,0.584712615209775
KCNE4,-0.147937423108365,0.5848106348458659
KRT37,-0.1903199425402322,0.5848329265478649
TSC22D1,0.20838699349003598,0.5848536724197984
MIR4680,-0.14695175287046602,0.5848921554176869
WDR6,0.09684979694490714,0.5848939273279731
FLJ21369,0.30975480641671016,0.5850264789922782
CPEB3,-0.2521536563715312,0.585065742331716
SLC27A6,-0.29652464166268366,0.5851602385116973
BMPR1B,0.22783950178296308,0.5853770750120358
PANX1,0.15395754464988443,0.5854558893780063
SEP15,0.0986126070075084,0.5854608413516866
VCAM1,0.21084868891775166,0.5855229594926645
GRHPR,0.08458776447083594,0.5856624818815755
B3GAT1,0.10969521214476963,0.5856766358723213
SLC7A1,-0.26471648000126713,0.5858054380936824
NSL1,-0.2541896465032085,0.5858155384598452
POMT1,-0.11706712459474744,0.5859526665300983
TTC27,0.09362122056324118,0.5860880253514519
MATN1,-0.22176722780458302,0.5860936621664938
KAT5,-0.07182617880743436,0.5861106841084217
GRIA4,0.3229988419319536,0.5862159852909841
AC009237.8,0.298659285660813,0.586468230052603
RUVBL2,-0.0790424266941443,0.5864702641586871
SCD5,-0.16520514667871566,0.5867733414548569
TMED1,-0.08545009403900927,0.5868180239438563
KRT75,0.2625786282761666,0.5868840768218772
GRM2,-0.2550564934898678,0.5869496981978789
LINC00939,0.1717395583412471,0.5869832875960844
ATP5B,0.037494782305909524,0.5870402851159856
HEY2,0.239791348053358,0.5870605149605074
RPS7,0.055956695536927725,0.587075116168465
CEP135,0.3467360795018095,0.5872953383526528
BCAN,0.225422554649378,0.5873539970705176
GSR,0.12255988004418494,0.5874346365441478
CDC42,-0.19869687334007757,0.587474339728718
SPTA1,0.108100610221749,0.587588475758472
CEACAM5,-0.14464075209729632,0.5876709184500528
PDIA3,-0.09263690604666586,0.5877315980721793
URM1,-0.05883254246098524,0.5877735337229417
UMPS,-0.2924837334183046,0.5879824720135249
HEATR2,-0.045843053640222564,0.5880077225794522
POFUT2,-0.24052744048006636,0.5880209726300141
PRELP,0.31699631731096467,0.5880457014016849
EGF,0.2103495534590527,0.5883534753063643
CLEC4M,0.12977807171144784,0.5886311614959636
PPIL6,-0.11757492206779752,0.5886555276062605
LOC100288570,-0.16152659446936557,0.5887841046797258
VPS37B,-0.11101691907908595,0.5888787050703469
LIPC,-0.2849692532558663,0.5889550506876818
MATN3,0.37665644367286344,0.5892055505933357
ALDH6A1,-0.2972999396568401,0.5892595997744992
NRBP1,-0.059354928851869104,0.5896267684591758
GLRX,-0.1679331008623972,0.5897612417531329
EDA,0.2984939861495648,0.5900222463600703
AGBL3,0.3238910535459403,0.590046401533284
GNA14,-0.10731582762043335,0.5901950390996702
GSTM4,0.33275306423539597,0.5903792841902904
IMPDH1,-0.09766910143590835,0.5903854145114539
ASMTL,0.09873215601692209,0.5904180293647739
LOC101060233,-0.09467120614528657,0.5904774131779938
PHYHIP,0.1888274144670845,0.5906017565637642
LTB4R2,0.23190769221422425,0.590653106493814
IMPG2,-0.30922460669381113,0.5906705007793361
LY6G6C,0.1579780208948014,0.5906895598398206
COQ6,-0.05025679287956919,0.5908092106343376
KCNN1,0.14991218973800802,0.5909527091212872
CSN1S1,-0.6640303452200982,0.5912355042276591
N4BP2L2,-0.30296672994969853,0.5912682657082539
PCDHB13,-0.34773607830190123,0.5912801502308646
TEAD1,-0.12385483667424513,0.5912836228623087
MBTD1,-0.2857185284340611,0.5914382459516373
RP2,0.14148886379005,0.5916294036339692
COL10A1,0.39115700697534006,0.5917167198987944
DSTN,0.07992668769250955,0.5919223808990055
MMP27,0.10499381732512258,0.5921424467341699
CBFB,-0.12895722652699604,0.592211046708433
GDF2,-0.1714800158100953,0.5924240735095151
SND1-IT1,-0.2887651436173524,0.5924314641172249
RPL15,-0.1216948048739459,0.5924321613014084
CLDN16,-0.23947957330467107,0.592465055911235
RECK,-0.15429810070413197,0.5925249433029878
CLTA,0.19422490086742616,0.5925533573875906
LOC101930235,-0.12285874004163855,0.5926066707209152
CDC42SE1,-0.09352937957078211,0.5926134370286612
CRH,-0.2326550570748056,0.5930200226550228
ARAP1,0.10950857774202127,0.5932168828710703
PTH2R,0.3114713319188409,0.5933127443977773
LOC101927057,0.17087124709919532,0.5933139340963647
SRPX,-0.2106166070891824,0.593322266779854
FGD2,0.25335984926380295,0.59336930342387
IMPACT,0.1414552838182095,0.5935157042879176
EGR4,-0.3437995375163252,0.5936077031052519
ACOT9,0.07624646706990923,0.5936561257116432
METTL13,-0.11450794799232966,0.5937206936908899
NHP2P2,-0.10642185728598985,0.5937271735861036
ATXN10,0.07530519802484648,0.5939075767796161
DGKZ,0.07464492597202366,0.5939758368831176
SLC9A7,0.2849114753630886,0.5939769617449626
PQBP1,-0.14630079399392315,0.5941352989003728
BTBD1,-0.06293736369227254,0.5941745389064503
STAG2,0.12339794930375358,0.5942080004619041
TM4SF4,0.10935256954494221,0.5943086727205223
FGF1,-0.2155114513980605,0.5943372707496273
SPATA20,0.1586927269577565,0.5944684771468437
NUP54,-0.30905277867375736,0.5944895952878848
EFNB1,-0.09472363161756192,0.5946399069986613
VPRBP,0.17975287900282044,0.5948021394953968
LOC101929336,0.20673882112678177,0.5949717953927437
CD101,-0.281232889657149,0.5949883973947072
MCCC1,-0.14063218813342893,0.5950017504388805
AXIN1,-0.08704319571330466,0.5950734510125011
HIST1H4D,0.07563874193529685,0.5951459408196799
PSMC5,0.06485990595677116,0.5951944563939026
GSK3B,-0.11867054314356373,0.5952497083385242
MTMR12,-0.08009542770233136,0.5952654763735654
ATF2,0.13098472883350354,0.5955095749643954
FZD9,-0.15223210411630017,0.5956548035254754
MTMR6,0.08377427839722174,0.5959184009474328
ACN9,0.12055980300289093,0.5959675077738764
BRD9,-0.08975048243397232,0.5960503699622294
PRSS8,0.2164497249971351,0.5960835153084245
FAM189A1,0.16671301869451494,0.5961593394128647
SOSTDC1,-0.20135398098719604,0.5964319069527158
POU4F2,-0.11030820803331665,0.5966005856909581
NDUFA1,0.08172811967060944,0.5971442405537079
C11ORF48,-0.04765366580333108,0.5973229035760312
RBL2,-0.21674142432390386,0.5973257128466197
NDUFB6,-0.037091652879786,0.5973527321763269
SLC35F6,-0.06059407349896784,0.5974763229422013
MARK3,0.11546570367332443,0.5976604903512235
SCAI,0.3523060419490589,0.5979068169122089
SEC23B,0.16943386211473666,0.5980009626754809
MMP28,-0.29123231485648926,0.5980257379472139
GUCY1A2,-0.2278740746358574,0.5981610604470567
TMEM223,0.15264475667659116,0.5982985011863516
AKAP1,-0.23539163838936616,0.5982998730220596
RP3-336K20__B.2,0.21756210584848468,0.5983830054583585
HERC2P3,0.2765984165117521,0.5984542763934255
FAM189A2,-0.08009372062143338,0.59859473363072
MARCH3,0.16730719549964412,0.5986577262262139
RRP8,-0.19012500554497347,0.598879464527142
KRT18P38,-0.1963277958980827,0.5989181293327698
BTF3P11,-0.37432929484247346,0.5989195121262588
EFEMP1,-0.1081130155018375,0.5989195747649024
XCR1,0.16029352501096117,0.599065252208984
MECP2,-0.134957986459872,0.5992472831092055
STK39,0.16894941047285528,0.5992711703161424
RLN2,0.17154776693130103,0.5996480425672641
CCDC51,0.06696244686350106,0.5996989474293475
NPTX1,-0.12728549835708147,0.5999506354713955
MRPL11,-0.06846219173369406,0.6002182182069997
DUSP10,-0.1603626833227283,0.6003367623862594
TGFBI,0.12510343149377334,0.6003551734258185
PRSS22,0.10186908126251826,0.6003639915417348
ACAA1,0.08611472603576686,0.60059168773961
HCFC1R1,0.3788600523792791,0.6007092791592957
ARSJ,0.23111369594858022,0.6007876086865083
HOXA2,-0.27284800868836534,0.6009344883300748
SLC25A11,-0.08455193399900729,0.6009512581866986
RAPGEF4,-0.1297213041098333,0.6010262673488544
ITGA2B,-0.2955288637734048,0.6011462111129156
TGOLN2,0.08530146918581138,0.6014457108818628
KCTD14,0.2095629980290159,0.601557784580331
FAM65A,-0.11359681094375773,0.6016520101383128
SIGLEC7,-0.13111746430294424,0.6017581288416363
ADORA2B,0.1112261394707712,0.6017821945082331
PROCR,-0.21927981614559933,0.6026902429722338
RNF5,0.27619266813167,0.6028159506182217
TJP3,0.23750766547411217,0.602939047082735
RP1-190J20.2,-0.18195860485020887,0.6034445122346311
FIS1,-0.08346183902468951,0.6034743407194527
PMEL,-0.2312955777442509,0.6037981740364146
PNLIP,-0.25770682882694906,0.6039292147682019
GALT,0.1048432328611586,0.603954582405304
UTY,-0.36213933983221613,0.604108796073379
CLDN15,0.12979373528537508,0.6045867507967484
CBX1,0.10466466152652032,0.6047230984631907
TRIM2,-0.24721325428467722,0.6048888493641592
TSPAN14,-0.05253758601256209,0.6051657555709344
STC2,0.24904816813685482,0.6051881757046215
NIF3L1,0.04700987460063111,0.6052499093489403
AHI1,0.16894121315099486,0.6055730916913413
PTHLH,0.29373332188656587,0.6059977469886935
C1ORF95,0.12682678643669654,0.606069088684221
TTC4,0.0937582214758752,0.6060923910541844
LRRN3,-0.3103522471220943,0.6062307276312153
NES,-0.14460573672898036,0.6064151237625038
RTN3,-0.07936695296899643,0.6065683500209479
CRCT1,-0.23545824777166846,0.6068374295852851
WNT10B,-0.19320473897876322,0.6069446771183639
EPHB4,-0.13987889544321241,0.6070908319422949
RNF8,0.11422796932553148,0.6071099430021549
NOTCH3,-0.2950991338106199,0.6071457973889219
NME3,0.1426028478811041,0.6072869524908334
LIN37,0.05925022789048562,0.6072998306675971
NPPB,0.24821076270165854,0.6075832827418788
F11,-0.10795847872546371,0.6076505906853258
SCT,0.19810730526921239,0.6077323158303699
DDX28,-0.20405242602881923,0.6077347877853272
INPP4A,-0.226338506540408,0.6078355240478596
ADAMTS5,-0.17745936173894705,0.6079952764152983
PLXDC1,0.2658164242919039,0.6081333629237127
ADH7,-0.10161500472465512,0.6081502363058885
COX7B,0.07539590317965406,0.6081928258116558
CCR8,0.20979411416102423,0.6083035131939822
KLHL11,-0.19874261182681519,0.6083465742312557
ULK1,-0.11234125294045061,0.608373845762016
BCAS4,-0.27874139793988206,0.6085730287623953
VGF,-0.12722630778969002,0.6088714087189226
FAM86C1,-0.16293338880849184,0.6089376937283438
NELFB,0.08651143294024877,0.609084197682356
RHOD,-0.2707443260084572,0.6090919543467573
TM4SF5,-0.1339071874380151,0.6091216215548122
MED13,-0.08248890243296358,0.6091657289173154
FAM83E,-0.11891829009548349,0.6091827223604828
ANGPTL3,-0.27049582521265236,0.6092554832960481
BCAR3,-0.10185623366247842,0.6092663628142
MRPS30,0.10904511685459539,0.6096494185221246
NSUN6,0.13760779348610352,0.6099295889732084
SUMO1P2,0.27293446492942675,0.6100044909002618
MAN1C1,-0.13010559306402136,0.6100929273422474
XRCC5,0.05730904029364936,0.610320940501572
GPR110,-0.26874210396251863,0.6103350427165614
COL4A5,0.1740557134348597,0.6104941719435367
GOLGA2P7,0.13573549175165311,0.6106138247235781
PDZK1,0.23445479429312588,0.6106544546549655
ITGB1BP1,0.20580584438352467,0.6108016486216334
RUSC2,-0.1671142815743627,0.610897569275916
COX16,0.09070376503413691,0.6109054123711813
CBL,-0.16461195370155046,0.6109259772996752
CNTNAP1,-0.10596490323982977,0.6111089868008613
CYP39A1,0.3456221161218398,0.6111498195326616
PRG4,-0.2883451858604609,0.6112719988298619
SIM1,-0.2764148352604119,0.6116025186513879
ARL4D,0.19020884545701033,0.6117861911805987
ZNF134,-0.14550128947419871,0.6118270738417106
BC113958,-0.3679425170712127,0.6120954501436182
TRIM24,0.09902135849091831,0.6121016098226737
S100P,-0.49278294995847904,0.6121287087716766
BAIAP3,-0.20024343665524125,0.6122248947319952
POGK,0.07286792398723207,0.6122353728769263
KIAA0368,0.13120775219785674,0.6122379813947173
ABLIM3,-0.15968480021940934,0.6123817091327687
EBNA1BP2,-0.15073864632131695,0.6125421828750793
CEP41,0.25458198885895555,0.6127434620525792
MARK4,-0.1944578696143644,0.61277820128993
NSUN5,-0.07866346726806128,0.6128208392135767
DDX21,-0.1739301827751838,0.6129125585761781
MIS12,0.15497697000106392,0.6130336800186988
GCDH,-0.10857845509417174,0.6133764611865273
RASSF1,-0.09321871163683859,0.6134309096720526
PERP,0.1817727801055904,0.6135659063372854
GAB2,-0.06177388628431402,0.6138512907044715
GTF3C3,0.06883032987880533,0.6142597481697946
LOC101928143,-0.13904651756397257,0.6146171088706451
ZNF259P1,0.23128194588693196,0.6148525142313148
ATRAID,0.08207928703536993,0.6151063701197369
ZNF148,-0.10350523406496848,0.6153322632478482
GPR15,-0.10731552432332148,0.6156574701173925
MBP,0.20087855123239517,0.6158991679892485
FYN,0.15207843621086248,0.6159615516183758
USP1,-0.10639294382894793,0.6160649819258346
ELAVL2,-0.18509315757427292,0.6160960529487538
SMARCA1,0.18770628093555075,0.6162674321534218
RPRM,-0.25856952503054664,0.6163358185200691
PRCP,0.10213152735330233,0.6165798839522234
AP1AR,0.09219401201048605,0.616629474852424
HIST2H2AA3,-0.26122862972439975,0.6167888608962059
MDC1,-0.2762349509125164,0.6168395245218234
KIAA1279,0.06620616218985376,0.6168576759683639
PIPOX,0.09984404825389692,0.6169665659891699
SETBP1,0.14626032520513554,0.6173158694229832
SCN5A,0.1762833883735615,0.617439138875221
ACAP2,0.14232793132907684,0.61753831891325
RPL35P8,-0.1287919813024514,0.617543685040886
KCNJ13,-0.2118992378499096,0.617580303603568
NT5E,-0.1370868587489973,0.6176837228862664
FNDC8,-0.16641298635492419,0.617740277106723
ZNF330,-0.14614983650635338,0.6179005588540667
NELL1,-0.2443292344481014,0.6180701828303978
SH2B2,-0.10057856965278411,0.6181298791637709
PLD3,-0.1253656936509362,0.6182580029320907
FRS2,0.2275136405164333,0.618279306807618
PTGIS,0.266370064916881,0.6185262421306498
CSAG2,-0.20136443805987536,0.6185798364147509
YBX2,0.17902844951028296,0.6191266136648261
LOC100996758,0.24928123670970948,0.6191961778175885
SKIV2L2,0.06001490232329587,0.6195786009388069
FGF7,-0.18047733632437168,0.6196419649295033
TMEM184B,-0.06461510832065187,0.620094543270762
KIAA0100,0.09834965582621003,0.6202902137935175
CENPT,-0.103502852595863,0.6203411932865531
SLC6A14,0.1699011361909637,0.6205797116946586
ABHD6,-0.1947413042239945,0.6206081543410294
NDUFB2,0.07437615962632904,0.6206118959286107
TIGD6,0.24203941398733253,0.6207986346276113
IL19,-0.16714465843778026,0.6208867186996556
ACSF2,-0.11153877344438445,0.6210111275137272
CAPNS1,-0.05554721678648278,0.6210416938828838
GLYAT,0.23161047591545936,0.6211238370782423
PDLIM2,0.13739209686028175,0.6211643962926103
UBQLN2,-0.04845251679175,0.6212347386836442
RPS6KA4,-0.09228197549269979,0.6212662198418402
IPO7,-0.17022528188922692,0.6213117209100235
HOXB6,0.18036284310692174,0.6214425320076943
ONECUT1,0.20857312162368302,0.6214771729467667
LMAN2,0.29104053034803634,0.6214829724592228
FANCE,0.21090255767695254,0.6215396514185839
HMHB1,0.1264292375054472,0.621586985489124
MYH7B,-0.21667698670215652,0.6216627335727365
OPRK1,-0.18545412188300503,0.6219323627681665
SREBF1,-0.10717861720921817,0.6220147613662148
SDAD1,0.06506672905092614,0.6220478557748848
GLT8D2,-0.135597164588809,0.6221041511386709
MRPS35,-0.06167066285132172,0.622184609925805
IFRD1,-0.17881290858368004,0.6223903409394372
CCT7,-0.07955135809222291,0.6226950235775215
HEXIM1,-0.1065180071840377,0.6227427914395108
CEP104,-0.1378589581119618,0.6228332624950095
CNOT6,-0.07014690746701646,0.6228485178609039
FOXD2,-0.11730409473755454,0.6229489439780355
RBM26,0.28430813658935383,0.6230535899372219
DUS4L,0.2504612645744313,0.6230991878080498
SLC7A9,-0.09153350024669749,0.623521370368266
MSH6,0.27152752272696645,0.6240057202468462
ARL14,0.2785164090826604,0.6240762721037996
WNT16,-0.24479941009082928,0.6245982330044897
UBQLN3,-0.09956413772324257,0.6246027565227084
RPSA,-0.03999817435861708,0.6246489174135904
CD55,0.17704020924293928,0.6247391236290537
GRAMD3,0.18702504913991191,0.6248261953690049
UXT,0.05020536317301527,0.6251284323876042
TGM4,-0.24244063491866452,0.625133534546687
MCC,-0.08240093231825618,0.6253498074198296
MPC2,-0.05728315485137081,0.6253687752267746
SFRP4,0.29429523157919846,0.6254366989557213
VENTX,0.11405943973686217,0.6256873998019711
CCDC186,0.18151384837438655,0.6257048094080949
LOC100507630,0.15392441387268496,0.6257209721720001
PLCH2,0.13653393430144334,0.6258043593761146
FUT3,-0.2602583150883975,0.6259594980400646
C4ORF29,-0.09553067587290354,0.6259791493838159
CLSTN1,-0.1148717206411014,0.6262033839272991
RAB3GAP2,-0.26607230511444646,0.6264362805160198
PDHX,0.08854726964846726,0.6266588631527555
DNMT3B,0.15626454244774202,0.6268385193662575
TNFSF9,-0.08690579348374605,0.6268668689416849
NENF,0.20108717035259271,0.6270165452227255
SNCAIP,0.23759230471587145,0.6273161143744681
CCL3,-0.3162517860983538,0.6274078176561209
VPS52,0.07562505371023143,0.6275170252868397
FUT1,0.10976426939131922,0.627605419029065
SLK,-0.10881036779411168,0.6276789951812463
HBBP1,0.15024013986894236,0.627828391406165
AQP5,-0.1557708567562397,0.6279000850240524
FAM135A,-0.2637264792269649,0.628038949461976
GS1-600G8.3,0.14296192388011297,0.6281265749343168
POU4F1,-0.1364335879435945,0.6282358391783601
SLIT3,0.3064403428836835,0.6282739829889683
LOC101930602,-0.25038301104912986,0.6282892997798657
PICK1,-0.07517087283969381,0.6284497284315724
SLC2A2,0.14327373738117055,0.6284926341229882
RLBP1,0.18014350534591284,0.6287016238928845
SCML1,-0.13342547065487587,0.6287186128323304
MICAL3,0.15247629935998575,0.6288310180348605
XPO6,0.11699857891752607,0.6290448490677906
METTL5,0.11038032104807538,0.6291887621334622
NGFRAP1,0.11931617224800739,0.6293833553069165
CFHR4,-0.22965546550793592,0.6294278851163733
MRPS18A,-0.06052006086987127,0.6294377081391501
CLPS,0.17298425547132457,0.6295307691637704
CLEC11A,0.2883647627297501,0.629683698529091
BTF3P13,-0.10254172868337186,0.6297632330376979
DNM1L,0.07237842648115134,0.6298235508786866
HIST1H1T,-0.21084987082859197,0.6298677610498171
MOAP1,0.10178561351480298,0.6300318399514362
EMC10,0.16748274109524441,0.6302280960517334
FCN1,0.2837292135745395,0.6302910827889243
C7ORF43,0.17732629150425794,0.6305702217440925
ACTA2,0.1578073087073264,0.630641142679309
PLVAP,0.1270635636202435,0.6306816501427932
ANKS1B,-0.23478161885889115,0.6307004654871237
SPHK1,-0.1256220818849627,0.6308723259390752
NOTCH1,0.06837681658016415,0.631096672783965
CEP97,0.1395995492746236,0.6311221606309259
CSTF2,0.06878770933669465,0.6311400535578054
CADPS2,0.08001533017166906,0.6311759471700834
DEFA5,-0.08974394751520709,0.631249255588149
BMP8B,0.10689626012796882,0.6313094331483085
SLC25A32,-0.1208265505294932,0.6313162091492909
FDPSP5,-0.2790399883549055,0.6315432430608796
HMGB1P17,0.2865988618714148,0.6317266658787762
CFTR,0.3574031707615184,0.6320152221476512
NRIP2,0.2433930813062677,0.6322135244824738
AP3S2,0.2443531447429974,0.6322892841779678
MINA,-0.15804290670434007,0.6325921729764545
CORO1B,0.30555639698040427,0.6325937795616345
ZNF771,-0.2281066666798477,0.6327083609600035
ABCB8,-0.23675615657455573,0.6327302576025458
ATP10B,0.24322797974022636,0.632936716197271
LGR4,-0.20994624249938365,0.632994996884077
C5AR2,-0.2198724010244142,0.6330989632696156
FLT3,0.13280180718161283,0.6332340455375044
MXRA8,0.1257502541862685,0.633326174105068
SFXN1,0.0984977524364341,0.6334360227053311
LOC103344931,0.10343866762098308,0.6335160302280496
TDRKH,0.08851979311459157,0.6335953907304778
HAPLN2,-0.14786065243707824,0.6338311917502091
INS,-0.11587544985261111,0.6339415060740281
NTN1,0.1536313788148993,0.6339926942788721
PGR,-0.1997456262924855,0.6340203788566373
NQO1,-0.28610530065882855,0.634076673278318
PBRM1,0.2306975776776179,0.6341142159859079
LOC441259,-0.21734345477312988,0.6342375899025802
TSTA3,-0.05634895055234601,0.6342380943481982
GLI2,0.23039130276452813,0.6342569429795584
TIMM23,-0.09309789838638238,0.6343197788279127
FAM115A,-0.18946599075218362,0.6343870255696213
RGS4,0.20321201945237277,0.6343911982808034
RP3-359N14.1,-0.1866161500881951,0.6345915553219177
HTR1A,-0.1871970902771931,0.634939693388133
IFNGR1,-0.09220961120309745,0.6349570260450236
LOC51145,-0.1871531346259454,0.6351924355207478
CRX,-0.17516776462514905,0.6353793811241814
MAP3K2,0.12328609315046801,0.6354683607453819
RFC2,0.09991003320270764,0.6359719927829458
IL33,-0.2529867132899737,0.6360132029242828
NAT6,0.2233084604784228,0.6360719995289028
NDE1,0.06990012539377766,0.6361585678306109
TIMM8B,0.04432980701311351,0.6361665698641132
KRT24,-0.0999297057744366,0.6363639450986875
OPN1SW,-0.10660532785821886,0.6363922450068287
PRIM2,-0.22503670222713978,0.6364637319164403
LOC100996325,0.19162600123740225,0.6364702852008065
KIF1C,0.1391940815695838,0.6365726061783293
RQCD1,-0.19939251403256852,0.6367744482719219
ZBTB44,-0.21601628955084617,0.6368141217293627
DHRS2,-0.21019224210266518,0.6368506289437117
BAD,0.20558144717788984,0.63693368534041
CAD,-0.06720913095266923,0.6369447653676682
PIGA,0.1204174825960811,0.6370149448408622
FBXL14,0.06285546688633659,0.6372251196599419
PFKFB2,-0.2400601926382686,0.6372704727709476
BMI1,-0.09826727051076745,0.6373219131883194
MEF2D,-0.21718763845809175,0.6373286392578629
TRMT11,0.1041333511577971,0.6380577320565471
KCNQ3,-0.15645359718147045,0.6382159943222202
ZNF84,0.10701172859725894,0.638235638323357
FAM120C,-0.21350731402451117,0.6382676623891219
APOOL,-0.16758834991910554,0.6386471264776139
SLC2A9,-0.048506399496965,0.6386984311460595
CHUK,-0.13416482631968574,0.6387576816293944
SLC18A3,-0.19820360313911944,0.6387832638705381
AQP4,-0.22618232115564152,0.6389114384553779
NBR1,0.09055143725928261,0.6390274052559033
ERAL1,0.03898467195078581,0.6390392121775322
CNNM4,-0.112255793100271,0.6391383138725064
RFWD3,-0.05890593838560232,0.6391473835660897
MYO7A,-0.1886656431483651,0.639267138757089
LMNB1,-0.20089754288052397,0.6393145796117162
ERN1,0.16755190763575367,0.6393239226405205
GRM5,0.24110843783485159,0.6393376299224826
ATP2A1,-0.11726554190670324,0.6394690783408331
KLHL12,0.1164823671186328,0.6395036817166443
POMP,-0.06380178864555042,0.6395629591001902
HMGN1,-0.10831935779272328,0.6398751447238819
NASP,0.06463208629841688,0.639904707655883
DSCAM,-0.1507005159350756,0.6399820750019116
CACNB2,-0.289769135167651,0.6401907234229695
CIDEC,-0.35987430937531606,0.6401914130124435
SEC14L5,-0.0601519360028151,0.6403186299334629
ID1,-0.137212414019535,0.6403883058920451
STAG3,0.1500455904501683,0.6404284325890498
HEATR1,-0.13305517992071358,0.640567552427455
PPIP5K1,0.09925561415500095,0.6408926082336089
GJA4,-0.16476859302195734,0.6409476183528027
TRAPPC9,-0.19471994975967366,0.6410316480635131
MILR1,0.17156443451860426,0.6410343935764373
DEC1,-0.18026781081078092,0.6411232837869296
RBM12B,0.10971594831189346,0.6412619822244824
LOC101929740,-0.14455519973036424,0.6412761097233164
SLURP1,0.17739706996083981,0.6413700127495511
MDM4,-0.23913599946403785,0.6416723995881264
PTPLA,0.2469787823221905,0.6417057064515113
IGF1,-0.24556328034865693,0.6417351173028374
KIAA0355,-0.08501854958054444,0.6417507662716769
PRORY,-0.1314860915335938,0.6418181595629631
HIST1H1B,0.2151498164039043,0.6418500984756454
ZPR1,-0.1208253954141405,0.6419662582830601
FIP1L1,-0.07377408273051511,0.6421328237512443
FPR3,0.14990738493725608,0.642431665422393
LINC01140,-0.17534147544508194,0.6424565890182803
LRRC8E,-0.12911199547778374,0.6424791764859351
OMP,-0.1134185510661383,0.6424851161878486
TRIP6,-0.09562110102425869,0.6426050438281398
FGF18,-0.2873494698290777,0.6426647799601618
ZFAND1,0.11398977592044801,0.6429100404704392
FABP1,0.1518778099606095,0.6430572026571939
DUSP2,0.322341354248036,0.6432178062576066
PDPN,-0.23846636431176993,0.6433736481203994
BANF1,0.08073122994947113,0.6433883908634416
CEACAM7,-0.3124711186417235,0.6434696516097795
IMPA1,0.07054074512939934,0.6435837793994625
SRY,0.2543897394663306,0.6437098689049366
VTI1B,0.03951655271474408,0.6437904325494053
ADCK2,0.23306544309331478,0.6439347314779426
SREBF2,0.0933092605837853,0.6439959640392017
AK2,-0.1883464105323558,0.6440102447268606
CHRNA2,0.15143110687918515,0.6445791316536303
DHRS12,0.16217822202943477,0.6446238999649181
PDE6G,-0.06928712897806655,0.6446974535033164
RAB31,0.10430452885461428,0.6447755857532255
SIRT6,-0.06554434603981285,0.6450670824967345
GABRP,-0.12247884974321988,0.6451873624533255
LILRA4,0.21997595941606463,0.6452542796157802
MARC1,-0.3630151301160174,0.6452908482008519
NAP1L2,-0.16531804129467886,0.6454674754001576
NRG1,-0.2613915911114706,0.6455114546754713
RBM12,-0.09537074774423537,0.6458527603484366
PHLDA3,0.09422443182485551,0.6461174757517746
PHLDB1,-0.09083140148966518,0.6461347868797264
LIPA,0.12274724864556141,0.6461427080103729
PI3,-0.25360248727323587,0.6462441497228919
VPS13B,0.2621392988896485,0.6465246859600987
MIR622,0.15890420065942878,0.6465482684971928
EDAR,0.07628264333406154,0.6466252017137272
SMAD3,-0.26133454224434516,0.6471868104480769
AAK1,0.2296620526254607,0.6472083844672499
FAM66D,0.15868380868714604,0.6472252368917772
HTR3B,-0.15358677389786468,0.6472743432376871
ACE,-0.19054472795044752,0.6473934530669779
FLJ23519,0.20133288005077254,0.6476280912272464
TRPM2,-0.06605237181524437,0.6478037607680882
AADAC,0.1388020463559605,0.6478259615082774
MBD4,-0.15936571044313563,0.6480267748594467
NHEJ1,0.08649026639534263,0.6480906019521412
FCGR2A,0.14726124175670385,0.648157035114804
CABIN1,-0.06962455428725178,0.6481648764211208
ARHGAP6,-0.09880243468690963,0.6482070882846839
RBM22,-0.09216364273612498,0.6486123444656366
SLC2A1,0.11088488404678642,0.648670955611331
GNAT2,0.1232623335011187,0.6491531736331523
CDH17,0.2065626361723627,0.6492733669781096
PEX19,0.15972693619947975,0.6494290300119755
TRIL,0.21478553492664165,0.6494863468411646
EEF1B2,-0.07566773192793796,0.6495318452626795
KCNE1,-0.14296549250277657,0.6497034461962526
ELL2P3,-0.1525451695311526,0.6497356943964167
ZNF7,0.06428539966227564,0.6500080740457815
GPR21,-0.09470166700100524,0.650045576562426
KRTAP1-1,-0.17268773936800397,0.6501958991941166
CRYBA1,-0.2600500505222896,0.6505402927661008
EPS8,0.10269745086117865,0.6507520752244496
MPPED2,-0.27200522866803656,0.6508273942003409
UMOD,-0.1884181937298388,0.6508896136109724
ANKRD36,0.11212949088267532,0.6510452533380069
CENPJ,-0.09119919446759184,0.6510504015148776
AGRN,-0.14084679958559398,0.6510964629352755
CH25H,0.23421566215639178,0.6511621603180715
GNG10,0.1018620383199309,0.6512069914230261
OGFOD3,0.19121690273136682,0.6514487318150086
RAD21L1,-0.27987151235887664,0.6514613198682896
ORC2,0.08615221945330997,0.6516116832410244
AGBL2,-0.15699481720749997,0.6517726731731359
ATG7,0.06496462969552219,0.6518893360459199
DNAJB5,-0.1951216504051696,0.651990835921379
MTRF1L,0.32446795109451854,0.652029248813092
PICALM,-0.14365354998997404,0.6520321580970485
AK291611,0.2249177227648751,0.6521132365441565
GML,-0.06635903323378667,0.6521210406336988
HAND2-AS1,-0.1795990088313606,0.652360769725611
PTGES3,-0.04483178417884304,0.6524691490676
RP11-499E18.1,0.06875599944875521,0.6525804471260659
TRAIP,-0.23461283626985807,0.6526505542998563
RIC3,-0.14491712091656694,0.6526923905094053
HNRNPD,-0.2312396222885269,0.6526989629947932
XKRY,-0.15060967434236705,0.6527781362298746
FPGT-TNNI3K,-0.22949239787978915,0.6530826630281398
IL18RAP,0.31874513066203214,0.6531872943714799
MAPKAPK5,-0.06442061538210453,0.6532967556495983
NBPF1,-0.06730880536691863,0.6535150061705945
PYHIN1,0.0736701461783662,0.6535367287483625
SLC16A2,-0.05813410268786612,0.6536357936408069
UQCRH,0.060795459339848534,0.6536787215744045
BTN2A3P,-0.14132011062672767,0.6537399784818493
FARP2,-0.07577398541681113,0.6537833578035058
CYB5R3,-0.05431910040942256,0.654220613126071
WWP1,-0.15499198506159306,0.6543602212620537
ABI2,-0.25490631703027056,0.6551000527627074
LRRC6,0.07379479211940065,0.655206100313846
PTPRT,0.19363413859348366,0.6552094856643282
SLC25A24,0.09233040706721951,0.655258256632252
BEX4,-0.09811476519430506,0.6554697582886083
TNFSF8,-0.1182880450222683,0.6554713663510443
KANK1,-0.16814254312082078,0.6555473039915195
LAPTM4B,-0.12452343091133855,0.6556951559864801
ZNF556,-0.08821621034026172,0.6558765499158721
HDAC9,0.14201178884991972,0.6559490420243653
MPG,0.06267027917028223,0.6559833472378707
FSTL1,0.044147141635257015,0.6560283544016595
KLK10,0.18666421128178268,0.6560548310981242
ARHGAP1,-0.22299072981888646,0.656221558870266
DAAM2,-0.126266440657826,0.656408349467385
GSTA3,-0.18752038850300146,0.6565359409923393
SGSM3,-0.11110597082283657,0.6567102706931357
TNFRSF25,0.29773332327869007,0.6569380665637723
SCGB1D2,0.09046061536912786,0.6569534185712715
HILPDA,0.1552180006266184,0.657032956262083
HOXD9,-0.16248769012302855,0.6570492730078479
TNP1,-0.10550466288110538,0.6571399272657429
RN7SKP150,0.16625984511632907,0.6572749819892286
CMAHP,0.12347730357381081,0.6575629219882723
POP7,-0.06769962118259798,0.6576633150742813
E2F6,-0.05616762830127797,0.6577415048863113
ENTPD4,0.07540662421883404,0.6577652205463834
CCL16,-0.1721780216063813,0.6577848671914526
COL11A1,0.379137399895658,0.6579945308822365
SERBP1,-0.1455018983818377,0.6582920264618394
DHRS4,0.06206683386807832,0.6583682810310881
WT1,0.24217986519094925,0.6583782709626845
ABCG5,-0.19815560680086408,0.6587581166907064
CA8,0.21929219308654258,0.6588383040228202
MAB21L2,-0.25394834920002296,0.6588609838727368
PELI1,-0.11102734596656383,0.6589197611512458
CRYZ,0.09344259804266208,0.6589483084862379
MAPRE2,-0.2251410163135361,0.6590036453712294
CLPX,0.10169714821684384,0.6591158490111254
CRABP1,-0.13767193229448704,0.659278665613936
UFSP2,0.05955252106537401,0.6592803262250017
ECI1,0.14177875285449026,0.6593682205552721
FABP5,-0.12084132242926415,0.6593877049030475
CLSTN3,-0.10528396521870587,0.659407576638033
AVPI1,-0.07898677432405243,0.6597814929478754
PLEKHB2,0.15766669297556568,0.6598731912415845
SLC4A5,-0.20793721297605927,0.6599394479872394
NTNG1,-0.06429456235249287,0.6600670020682446
LOC101927550,-0.20092170713035262,0.6601257223617653
COX6CP1,-0.06062552153075895,0.6603173009296005
KCND1,0.16743936987986086,0.6604639725892513
DDX27,0.08676862712124844,0.6604674774773472
PDGFRA,0.20271963180492358,0.660929550182576
CHST3,-0.18237935991207355,0.6612701509287872
PMM2,-0.10007538175686115,0.6613396375439456
ZNF835,-0.06450131302397999,0.661340119698716
ATP5G2,-0.17995188927476224,0.661473907643473
RPA1,0.08874104333041011,0.6616422014136164
DEDD,0.07776121308043038,0.6616477769816086
UBA52,0.03192688540373112,0.6616624917932911
TECR,-0.057622967746702614,0.661853092632969
PRDM4,-0.06526496039553642,0.6620806406603198
RBM23,-0.03589940959719051,0.6621040325632626
UBE2K,0.11983285573190372,0.6625175713428231
CDC34,0.0566467182967898,0.6625529539300914
MINK1,0.2444205001212163,0.6626710589582758
MAP2K6,0.25861297768274927,0.6626907522821497
RGPD3,0.2713053985038898,0.6628228165475584
DDOST,0.07312369194898594,0.6630719298335934
IKZF3,-0.24838621094247415,0.6631305131226036
HCAR3,-0.3056090305085002,0.6631338800335722
MRPS34,-0.08063461191953891,0.6632089264365995
NDUFAF5,0.2433492441291163,0.6632112655736673
PGPEP1,0.0686481551653948,0.6632771094078387
ALKBH1,0.05367195698929095,0.663606894566371
ADAM29,0.13079695890337284,0.6636813957440493
UGT2B28,-0.10111687642303036,0.6637118654813297
FAM198B,0.1478566353519879,0.664136681239619
GDAP1,-0.13508926931919607,0.6643547866428653
ALX1,0.11118915801236273,0.6643809773990028
DNAJA4,-0.0989358309899746,0.6645715132886627
HMGN2,-0.0478387923666741,0.6647826119250482
LANCL2,-0.07998365563922949,0.6648027932619783
POLR2B,0.04592291594651776,0.6648595039391253
VNN2,0.4327127702778153,0.6649849904869622
OR1D2,0.10834422892714901,0.6650961740702983
DCLK1,-0.10940086857779452,0.6651071473833002
PUS7L,0.12057035475630418,0.6651171569543796
ARMCX2,0.09885089209912401,0.6651208009510047
RPL24,-0.04661582876675752,0.6651503230978975
CCDC93,0.13152236002349582,0.6652770282259518
GADD45A,-0.12115153854375116,0.6653144976307783
UGP2,-0.12052654229769999,0.6654821140092947
CA3,-0.3413191857295792,0.6655307200028341
LINC01136,0.09283743886892282,0.6655690523135208
GK2,0.1894074020632699,0.6656584892476494
NME1,-0.09436889402827653,0.6657301046896343
PSMD9,0.08308027992400469,0.6657481209010945
ZDHHC18,0.0956814571470117,0.6658133271564838
ATP6V1D,-0.0772584479806584,0.6658235100430596
PINK1,0.09399897645932853,0.6659384960534096
SV2C,0.07483052695617243,0.666010793154354
MAP6D1,-0.09995883908556191,0.6661020653585755
EP400,0.09136917199050565,0.6661650615452163
ACBD4,0.15200641598194498,0.6662656626319867
ZNF551,0.1669232581128277,0.666856538461293
DARS,-0.10085296461514126,0.6672871450009081
GPNMB,0.07773777900778533,0.667537338687468
KRT23,-0.22346374563825666,0.6676877117818659
CLIC5,-0.3060939455569027,0.6677926739112634
SSBP3,-0.07925209163069802,0.6679562033831764
YES1,-0.19805877867683108,0.6679800954933052
PTS,0.08276052226566044,0.6682382161885012
TEX13B,0.08645240589492165,0.6682575800501542
FXR2,0.1925983090007488,0.6687386468921802
FBXO28,-0.06907868841479647,0.6688350913311867
PBX1,-0.3048523928016964,0.6688523687754128
FBXL12,-0.03101658774721905,0.669197105136728
SYT12,0.18054599771103863,0.6692465086473764
FLT1,-0.176496591834856,0.6695050077600845
CLDN9,0.05322087951748067,0.6695331926635234
PFDN5,-0.05145853037028836,0.6695760540767157
MYO1D,0.1579451078979357,0.6696077262273139
SSTR4,0.15982579340601077,0.6697848095459253
KIR2DL3,-0.1506538789569447,0.669874761662102
CHML,-0.16830343955382165,0.6698995469411265
MYL7,0.09057482097379,0.6701014236050341
TRIM44,-0.05476939271246728,0.6703467110860645
TWIST1,-0.14192492693382697,0.6705656010664548
SMAD4,0.10550286487463367,0.6705663762327647
CELA3A,-0.230179486227156,0.6706595174375747
STAR,0.11645647408930726,0.6708024416291637
AGK,0.08498174165254468,0.6710867964662227
HLA-J,0.08387095927675148,0.6711211191887534
GCGR,0.18936222998286434,0.6711465749943224
YWHAE,-0.11712859038173917,0.6714554791951717
SIRT4,0.2183638424791674,0.6719701705360002
OR2W1,-0.13521881791851786,0.6723067435905763
ACOT8,0.06474105790604767,0.6723140905662438
PRKAB1,0.06626846306905332,0.6723188711660552
GABRR2,-0.08730997835351939,0.6724174172545534
PDSS1,0.09920342684452699,0.6724444366613322
DPP6,-0.12897842005011384,0.6725013529682543
BRWD1,0.1528757907450009,0.6725188483008484
TBC1D5,0.09073730890288978,0.6725482354250844
C12ORF29,-0.12758171006187347,0.6727097217355226
TCEAL1,-0.0823588009056504,0.6728535063617294
SNRNP25,0.06488430117858535,0.6728913132184319
PRR15L,-0.12443659124887496,0.6730084225897762
PRPF18,-0.20405976877765042,0.6730216087023582
TBC1D8B,0.08657219280603456,0.6730279181811168
EIF3K,0.039908116888978995,0.6733144380122555
SCNN1B,0.2210350560130765,0.6733541498438096
MIR6878,-0.078962365959522,0.6734183038952937
SOX10,0.17685002969121122,0.6734705896847756
PRKCDBP,0.0869958855455657,0.6737675480867203
TMEM80,0.09137171897848795,0.673896952417789
PCK2,0.07223701512714342,0.6740127694466973
PLAGL2,-0.08828923171230585,0.6743089473705486
MYOT,-0.26968449428391805,0.6743144077718443
LGALS4,0.09951063507203273,0.6743650985705201
NCAM1,0.22867218584650129,0.6744175987105351
TSR3,-0.1239703672410748,0.674791034392994
MEN1,0.05163640896940258,0.6748664242028067
AK4,-0.16732688235845217,0.6749901547284605
GPM6A,-0.30579661113063583,0.6751469766904101
ARHGEF28,0.20596924169062802,0.675148997668026
APOBR,0.17285334173139422,0.6752236082720989
LRFN3,0.06118828850614566,0.6753461177202016
COX7A2,0.08554589754592357,0.6756135286668652
ANAPC1,-0.04613824629598362,0.6758394006989213
PCDHB1,0.1779630649854429,0.6759058558234603
CHAD,0.17604886805674225,0.6759311169560939
AGPAT1,0.06910698489677713,0.675972319099262
NSDHL,-0.07682039841310928,0.6761047247037784
ANKRD10,-0.07160443908380643,0.6763142846103752
MSH5-SAPCD1,0.1698698662656728,0.6763529672305736
CDK18,0.17183305455011677,0.6763577721203711
KLF5,0.13744433544765844,0.6763631572080541
TF,0.2728854657590656,0.6763866829115921
HECTD4,0.06380024035690823,0.6764538705012947
GPR56,-0.17846539843367282,0.6766522801682969
MYBPC3,0.11627381779213852,0.6766998681925035
STK32B,-0.15628968862220383,0.6767170751567976
FAM86B1,-0.06959094571521529,0.677072432426692
DFNA5,-0.09648149655283689,0.6772050982938722
LRRC36,0.2010013352082245,0.6772896293703728
RIN2,0.07337939081375389,0.6773139107462882
C1QTNF9B-AS1,-0.18972984608817356,0.6773487331356725
POU5F1P3,0.1617304481390036,0.6773716434798338
KCTD9,0.09992967619399629,0.6774676353671614
GNB2,-0.03080451195240208,0.6776975536306059
MAP3K8,-0.16233561030437116,0.6777000692744557
KDM5B,-0.17008427416886907,0.6777744204746267
HIGD1A,-0.07142108493026456,0.6777899892944377
LOC100996756,-0.33268829039785786,0.677897106046484
CLCA1,0.0951874371844541,0.6779116326532432
GPS2,0.03280935196351642,0.6779758665278658
SIX5,-0.15446989134563616,0.6781063318799778
RP11-286E11.2,0.2555417706664129,0.678117425883745
RAG1,-0.23540815057371844,0.6782515392356017
SMR3A,-0.21604466126478172,0.6784069026729739
DDX4,-0.11291571453718818,0.6787797103486979
SLC22A17,0.12257373088424117,0.6789301684089224
NUDT15,-0.06844066164764584,0.6790154118685878
PALMD,-0.1488808648234894,0.6790165262570338
ATF7,-0.07916357464663637,0.6791145510974942
SAGE1,0.1725683584015978,0.6792172943972227
CFLAR,0.20230693227317165,0.6793055135651083
MDM2,0.23231389389592216,0.6793525011675505
RAB40A,-0.190862164681028,0.6793930109564907
BRS3,-0.09230333394610746,0.6794182505573482
SCAND1,0.048279696478566336,0.679507544346102
CCL4,0.2222079917131019,0.6795490853534962
LIPT1,0.11107137172889736,0.6796528753941592
KIR2DS1,-0.1651235434258158,0.6801682166785414
AARS,-0.048295515428874225,0.6802065295891392
CPTP,-0.12947503115220726,0.6802659560121616
KIAA0753,-0.06773950382216576,0.6803065333746255
HECTD3,0.07791701360764769,0.6803296290230619
AHDC1,-0.21295272344497373,0.6806850865650939
PKI55,0.10449024244915961,0.6806987183360165
PF4,0.19313349086250575,0.6810291040632902
OAT,-0.04513370912540182,0.6810581359752925
CTF1,-0.11342930077211477,0.681194872257331
NFKB2,0.21970653806664497,0.6812430369445666
KRT10,-0.072232443260555,0.6814898041959137
NOC4L,-0.11576028259089366,0.6818280362202718
SGCE,-0.15305154759083095,0.6819586746867277
P2RY13,0.26338746124499135,0.6820120343990068
BC069739,0.16296538907650593,0.6822413398411568
REG1B,-0.15817517053648977,0.6823050699508325
PAM,-0.08459877852678055,0.6828900666122935
DPY19L1P1,-0.2134044733285272,0.6829850706872584
LOC101929726,-0.11610761594858587,0.6831554077259517
PNPLA3,0.09002938381863945,0.6834243587795388
DTYMK,-0.06610362160867655,0.6835804679455446
COX6B1P3,0.16610119322066907,0.68360032978277
RABL6,-0.09521735115918162,0.6836203862830933
KDELR1,-0.0648046466800345,0.683710195605192
UBTD1,-0.0994086315688536,0.6840113525058845
GSTO1,0.05887663167248469,0.6841268147391203
SLC9A2,0.15984664016778138,0.6841779806134658
RPS6KA6,0.06963384032961972,0.684245397288575
NPR3,0.20649494114475786,0.6842896351031709
HIST1H3E,0.12640843029809012,0.6845030186230828
ZBTB25,-0.12515946436909253,0.6845388294512272
WDR5B,0.07932529932989674,0.6846341142474184
CRYBG3,0.06731321054757977,0.6846595167883732
SRSF10,0.12822705999331152,0.6847981369541459
CYLC1,0.27355518153968417,0.6849355467857555
MFSD11,-0.06431263537268794,0.6850452464706254
PLCXD1,0.09760875496613508,0.6851159740360646
LOC101926913,0.22385904305194737,0.6854833129479668
ZC2HC1A,0.10438389010960947,0.685692302429265
FAM208A,0.10111152700410742,0.6857098101964538
ZZZ3,-0.08802464995438619,0.6860241396347279
KCNN2,-0.1444491892808033,0.686557296746111
IFI35,0.07013611398852326,0.6866481179129557
RRN3P1,0.20946603230048844,0.6868095631791001
EXPH5,-0.12331846907871213,0.6868146579625167
DNAJB4,0.15491255778407798,0.6870027866702224
SLC16A1,0.1649153055802639,0.6875182380996216
MYCL,0.12384551958006274,0.6877535912383257
ABCB9,0.1789026599819321,0.6880319363528575
WDR12,-0.09160903585859792,0.6881236538975829
RPAP2,0.10903218357038469,0.6881927437495683
ATP6V0C,-0.061353951184472066,0.6882106457359579
MRPS11P1,-0.22052106923976567,0.6884360260102385
HOXA4,-0.10719965258549635,0.6885477418259163
PPP1CC,0.05418586338165987,0.6886406609627456
MTERF3,0.11470457201541429,0.6886823707092875
JAG2,0.10635223946158234,0.689032368827139
TFF2,0.12364200177666085,0.6891466048976064
IQCB1,-0.06897684498267331,0.6892434213071292
CCNT2,-0.10851154881116809,0.6893072928815199
CD1A,0.06584065183599996,0.6893257189610844
ZFY,-0.16498623874845553,0.6893430396820328
EGLN1,0.10324361978058416,0.6893499789260328
RRAGB,0.06790569435273319,0.6893663055383328
SNTG2,-0.21299033683922808,0.6894354929032032
TBC1D2,-0.1356314581857445,0.6894586764378395
NECAP1,-0.04435205068474346,0.6895751391625692
MRPS11,-0.09641398608911,0.6898273489807502
PDIA2,0.19585027347994366,0.6900779926977683
SLC5A7,-0.10608704718013673,0.6904751564654297
COMMD4,0.08761900357264274,0.6905443239504011
BCL2L11,-0.16975754334186677,0.6907414342215401
TRIM29,-0.18334308926713128,0.6908667996807675
LINC01361,0.2597243412071686,0.6912734402441142
CTSD,-0.12400151266302117,0.6914264249523483
CDHR1,0.13709712882060554,0.6914991100648471
DLEU2,0.11937993118608059,0.6915312734714396
ST7L,-0.11192850030061496,0.6916559045931269
FAM13C,0.2568748976407078,0.6918278225969826
MRC1,-0.10465823665334817,0.6918758037878746
PRM1,-0.10674658610618382,0.6919111768360452
TRAPPC13,0.11471569453356345,0.6919425853829342
NT5C1B-RDH14,0.05886132456168269,0.6919481954862318
GAMT,-0.18017455010136008,0.6921475721293315
EEF1E1,-0.08916326570608923,0.6922878596506242
NR2F1,-0.2579929418234954,0.6923321439359547
CTNNA1,-0.06995292067477177,0.6923663626624774
ECM2,0.12190847672590621,0.6927280965754458
LA16C-358B7.3,-0.15927588527807934,0.6933659754059464
FAM47E,-0.13015090142836705,0.6935139470239432
PRTN3,-0.20128080630790102,0.693558986542968
PRDM12,0.14051328929512152,0.6935976255064482
ALG8,0.04254184808263339,0.6937992460633639
GPR161,-0.19519929678640757,0.6939173536684963
ZDHHC14,0.2211166001541205,0.6939181323061748
RPN1,0.0447212647465971,0.6941854791766855
TP53AIP1,0.2285989826288941,0.6943692725616585
P2RX2,0.1763394424939273,0.6944252400957925
GGT5,0.23773166663566592,0.6946506820359392
MED4,0.09579490606813046,0.6946561208609915
PCBD1,-0.07877799603721414,0.6948340621188633
RARRES1,0.1778376116149758,0.6948583753443524
SLC5A12,-0.24284405998723857,0.6949758023076519
CSDC2,-0.13667185554594852,0.6953931212254126
HPS1,-0.16378001089808603,0.6954643786797221
FLCN,-0.18493900511123051,0.6955148526231671
SURF2,0.16125054974109432,0.6955294537128835
MCRS1,-0.03607742703227146,0.6956626961602915
CD34,0.12063866379245525,0.6957517032318634
CWC25,0.044108827995911426,0.6961073118917089
PRLH,0.09881962540217604,0.6963050337894738
POU5F1B,-0.1343179846548459,0.696376727344046
SLCO1C1,0.09905446583380773,0.6964450189565939
TRIAP1,-0.04818660393376639,0.6965707750086912
KCNJ1,0.16786115855742034,0.696589551596212
TUBAL3,0.08525763175139556,0.6967370677248598
FAM3C,-0.07849863459458106,0.6968158562347678
SPRYD7,-0.12378870121920116,0.696885364028039
C4ORF46,0.0540251244179597,0.6969025385511337
A4GALT,0.13500927341732272,0.6971682520876791
ASAP3,0.18495909871795035,0.6972825420110623
ACSM2A,0.20018258642371656,0.6973158202189986
FUT5,-0.14754115830915993,0.6974125652755543
MTM1,0.13616318194035237,0.697588609571516
PDHA2,0.1782665738240823,0.6978572423860828
TMEM40,-0.07536259421765923,0.6979362990200206
C1ORF68,0.15583544719948872,0.6980337453646867
LOC101930578,0.18071876520351093,0.6980777396819464
KCNK12,0.22834698392261688,0.6982060495729117
GALNT1,-0.08164109593060687,0.698413965007087
B3GALT1,-0.15683861551491862,0.6985375429551695
ZBTB33,-0.19682737360089764,0.698748985463509
ZNF248,-0.074430113386172,0.6988014894922656
MAGEL2,-0.1839230278500219,0.6988148292281231
NOVA2,-0.2171631984068787,0.6989554985239361
GFRA1,-0.10136625886482342,0.6989703515329686
LOC145678,-0.13410638188269086,0.6990879237165638
BCL7C,-0.09088731906919634,0.6991062184182609
HIST1H2BO,0.17697051289579857,0.6991306557625555
INTS3,-0.1295550010040527,0.6991316885743788
INPP5D,0.19468352115209964,0.6992673456792671
FAM63A,-0.051950807199434124,0.6993790169088326
CLSPN,-0.11242670088364326,0.699394809307057
PAPOLA,-0.11124662778682293,0.69942407013345
CNN1,-0.2567520409405084,0.6995029340901807
SETD4,0.10225781398177158,0.6995591112870578
CAV3,0.17139434000566123,0.6996148758650954
CNIH1,0.08735051409718686,0.6996652725949407
VCAN,0.1465555868591295,0.6997747501809138
ABCF1,0.052346238875575324,0.6998068403684694
TPM3,-0.06190694952716669,0.6999012370067623
PCP4,-0.11631312079415501,0.6999552568773105
INPP1,-0.05498921977701343,0.700529537802773
MUTYH,-0.04112804699322048,0.7006629166534102
SMYD5,0.2215926643173498,0.7006951513115088
ERG,-0.08970841315137612,0.7008892938882405
PTPN3,0.08986506726019439,0.7009616538314726
SGMS1,0.08860969699869337,0.7009975841003264
DPH2,-0.1128844892514218,0.7010177528052659
LRRTM4,0.18828079710052803,0.7011918207828243
MGEA5,0.0727361223535361,0.7014062371741727
CUL5,-0.19394855020545165,0.70142306446464
LRRC1,-0.1720613514199787,0.7014588139385954
PEA15,-0.07427066504398283,0.7014904436339146
RPS15,-0.017782505165625295,0.7016601799814944
LOC647070,-0.07460815511583618,0.7019322600242915
PGRMC1,0.093689616446051,0.7019594169472912
ANKLE2,-0.16223374013153347,0.7019813299595798
ARHGEF4,-0.18197446323532596,0.7022703371809464
CEP57,-0.15574239833579906,0.7022786652448604
TAS2R9,0.10583879214328551,0.7023257026888196
ACAT1,0.07237341762912308,0.7024191394186946
SPTBN5,-0.05953279622468255,0.7024497106240645
RFPL1S,0.17475581160146536,0.7024962998590654
LA16C-381G6.1,-0.09831138895450264,0.7027010515293051
PSMB1,0.21051200373481116,0.7029040413766456
ZNF670,0.22170298386716958,0.7029965714023279
LRRC32,0.12213899457414357,0.7030150826391346
MYH2,-0.11612124218432474,0.703101530654155
ARHGAP5,0.08220459197687902,0.7031018745547749
FAM90A1,0.09789052959878886,0.7031641162304684
PARK2,-0.09432886465688473,0.7033662673916226
AC007389.3,0.1745205802642884,0.7034097644644447
LINC00342,-0.18921332825955073,0.7034299509977697
RANBP17,0.14304898839409486,0.7034451077375748
RFPL3,0.06356278370728674,0.7034651803789895
CCNC,0.07884060252537495,0.7038711020407198
NOL10,0.1629715933730722,0.7039495958147811
ASAH1,-0.21968384117773265,0.7040029352120662
ADAMTS20,-0.16870612408464059,0.7041911868345125
LDB2,0.2113901495605255,0.70421345198181
HIST1H2AK,0.13481068349183367,0.7042740453709905
NPAS1,-0.1466975990663575,0.7042818994631758
ACTR5,0.05596415230538998,0.704473936625549
ANKRD28,0.09220199477892876,0.7047035061105665
SEC13,0.037798690101377375,0.7048270556356688
IPPK,0.06881939261465053,0.7048903096214504
SMCP,0.05935904016412241,0.7050038498866026
FMO3,0.15603061611479507,0.7050625650495975
KRT9,-0.12241820635515133,0.70530019652062
MKNK1,0.05640102945764092,0.705373134873807
TMEM97,-0.09621566369152479,0.7056138978544721
EMC8,0.04610552419995528,0.7056470926635918
TAP2,0.22717892514791638,0.7056603700995286
CTNND2,-0.15810978834925482,0.7056957406005352
SRF,-0.14322858381327652,0.7057088357741566
TSSC4,-0.07995899897830494,0.7057476146200747
RORB,-0.09959287033513098,0.706106141052879
PDE12,-0.23192443500781934,0.7061421540330022
PSG6,-0.10133655184031642,0.706568426132831
MRPL19,0.11528369593027765,0.706667845582374
MB,-0.0786934579750076,0.7067758423222115
SPTBN2,0.14740887126974567,0.7069469622285753
CRISPLD2,0.12361128322352855,0.7072199064888978
GPD2,-0.15395954077325058,0.7073241007868311
TFDP3,-0.1486012981207887,0.7074483244861122
PCMT1,0.06388333407022273,0.707485213637894
TEX30,-0.06036667185458633,0.7075930905130914
MANSC1,-0.10426742471183559,0.7077250084637521
SSH3,-0.22956691837272203,0.7078330458242853
CLIP2,0.0921797024407347,0.7078826509542071
MAL,-0.1606995405016738,0.7078931972269076
FOXK2,-0.059746433118920805,0.7079965777696163
RCN2,-0.10526788900966366,0.7081472076923382
FBXO16,-0.0913344447575497,0.7081693070892404
CSK,0.07725180793886999,0.7082802034280538
ARIH2,-0.18500367825043096,0.7086052909555499
ATXN7,0.12014772994025602,0.7087369349614581
TPSG1,-0.11234357491590519,0.7088313877858791
ZNF408,-0.08346985030241605,0.708943532499469
TGM5,0.10571777856424891,0.7091071510342661
TEK,-0.14356036501247882,0.7091326232490643
KIAA0226L,0.15884372850470463,0.7091638332985158
CPNE7,0.07527736124724438,0.7092298656309279
SCAMP1,0.1369718022842985,0.7093996601096305
AKAP4,-0.15894192715696143,0.7096477011631948
CMKLR1,-0.0901594634205356,0.7096666491672191
TMA16,-0.12986966425656377,0.7096708367849393
INSL4,0.12371994489427696,0.7097192847230849
PMM1,-0.08268954142051932,0.7097264288926509
PDPK1,0.15149241880461073,0.7097267412153166
AAMDC,-0.16697463213298347,0.7097536717391173
TMEM120B,-0.06081474625733563,0.7098953333436965
SYNPO2L,0.21322720243173698,0.7099952224609212
RBM38,0.06800074767221709,0.7100229706494221
AL109706,0.18736640539808036,0.71030669680549
CD248,-0.1383691401214744,0.7103223236419457
ARL8B,0.030440319263624005,0.7104315478150358
NFATC2IP,0.07600556353634502,0.7104713608368879
CDR1,0.2577204181674966,0.7106823805854144
FLJ20712,0.08254869837713219,0.710750901400987
MS4A3,0.23742904015539468,0.7108395021650463
GTF3C5,-0.17397251080136034,0.710997531189971
AFM,0.1783202823798522,0.7110271473073333
BGLAP,0.0758424580419721,0.7112253301276105
STAG1,0.0716122894027027,0.7112990944379003
SORL1,-0.1592579225552857,0.7116689437865157
ATP6V1B2,0.05509626513770627,0.7117130095800681
NRN1,0.09407299400446512,0.7117397615740388
LRRC14,0.18449624209896243,0.7117639450347499
TUBGCP4,-0.07012112827156258,0.7118240105885222
LOC101929857,-0.14908180165729146,0.7119584574363513
ATP1B4,0.16660950834257537,0.7120718713632609
CDH3,0.11008630815709308,0.7121505794588819
SRPK1,-0.07332624161121615,0.7122455813743027
EIF2B3,-0.05510427566555265,0.7124222650496433
SIVA1,-0.08715796754936278,0.7125868008450071
EPHA3,0.2857400229691498,0.713128278114274
MOK,0.04598179294721039,0.7131806637202116
ICT1,0.0330254429312582,0.7131842184793047
MADCAM1,-0.09730971451199366,0.7132015180018109
TSC22D2,0.1713779552421455,0.7134275593694709
SYN2,-0.1938132976831657,0.7135053979467316
C7ORF63,-0.13597092334060346,0.7136244243204879
C2ORF54,0.07572295808887564,0.7136254980237394
PRG2,-0.19704424123766806,0.713669682914187
MAP9,0.25979877058342193,0.7136874696291425
NDUFAF7,-0.1528054843036939,0.7137666639040798
RP1-217P22.2,0.17173647045632556,0.7138644792476196
RNF10,-0.06137058338108936,0.7138840468028345
PRRC2B,0.0690227502029046,0.7139914197210637
CYB5R1,0.04936903926301994,0.7140607615340052
TTC18,0.20850464036657712,0.7141591738297798
IFFO1,0.12843662496680963,0.7144102150000556
HGSNAT,0.06999548342349904,0.714443371618171
CCL20,0.47462701091201165,0.7144616471165536
TUBB2B,-0.20705654153794573,0.7148497781862783
KLK11,-0.190010400296722,0.7148917621899823
SEMA7A,-0.05136315813395864,0.7149339931225677
LOC102724200,0.07854949332356131,0.7151058440830758
RPLP0,-0.05673817399954828,0.7151554057743014
TTTY9A,0.07156028408561887,0.7152954268659519
HGC6.3,-0.12060457652272705,0.7154696000574514
TCP10L,-0.04742135465149566,0.7155678332373562
APOC2,0.25866248010101867,0.7155887320195096
CABP1,0.19491606593987498,0.7157346881318423
ZNF415,-0.07277619545724345,0.7158954135879746
RARS2,-0.20129662701413764,0.7164186235544936
CRELD1,-0.08988225148515028,0.7168034213583198
IL11,0.19297263458519964,0.7168960573497517
CNNM1,-0.08588701685035449,0.7169357276121828
TRAF3IP1,0.10051535379015775,0.7171631749597897
NUDT9,-0.05551017550012993,0.717299264150878
LUC7L,0.059363191904525436,0.7175243089881629
CHMP6,0.055262031249881716,0.7175274945652772
JRKL,-0.07473557060729874,0.7175290071059861
AEBP1,-0.14366940381298932,0.7177137173722694
OR7E2P,-0.16210744602112737,0.7178088647679141
C16ORF71,-0.19962939346431696,0.7181877240981398
ROS1,0.05001376873267027,0.7182070128415609
S100A5,-0.16016095261962082,0.7186789421621945
ZXDB,0.15789838132383416,0.7187804026142187
NUDT21,-0.06238723895412157,0.7188826119274176
ARHGAP19,0.18771014693631027,0.7190708493660773
R3HCC1,0.06969099506455301,0.7191532117878474
ZKSCAN1,-0.08160131667024828,0.7191911662103467
SLC17A6,-0.16766684056379866,0.7192198810612328
KRAS,-0.12821124136576678,0.7192715587623947
PKNOX1,0.1759632811692846,0.7197935017596024
SLC1A3,-0.1425637813451779,0.7198527756284219
TBX5,-0.1977035404408758,0.7198775403182608
PRO2958,-0.16291140161489004,0.7199320201479454
NEUROG1,-0.20483646238974895,0.7199822449433979
CEP72,0.1827501456880123,0.7200988717422708
C22ORF29,-0.08275599878889572,0.7201461153154891
GSTM3,-0.08893965790563918,0.7203014295965056
MAN2C1,-0.04838709191326629,0.7203031916388621
ZNF609,0.13483392079528933,0.7204811039928705
SLC25A13,0.06593335458593774,0.7205951763769332
CHRFAM7A,0.18356039622393183,0.7207201621335042
HSPA9,0.10167419674100664,0.7208036361528806
TPCN1,-0.09584684154725842,0.7209471821620539
C19ORF73,0.11199316693582517,0.7209707696424247
ARHGAP12,0.10024456243650981,0.7209887124471798
GTF2F2,-0.10726348199018165,0.7211711506597858
GK-AS1,-0.1432251660620576,0.7213206002850246
MST1R,0.11963823079408265,0.7215202281829478
TIMM9,-0.05510442574263408,0.7217652598042612
PTGFR,-0.11613112800455205,0.7219366132563502
APC,0.09706694586027176,0.7219440716164397
E4F1,0.05457188270778701,0.7219594076574088
CD93,0.10737283141360265,0.7220756835120126
SNAP91,-0.170150337929166,0.7220993886041702
CYP3A7,-0.17566201477886167,0.7221187127960043
CTNNBIP1,0.16027234016627112,0.7222093714812502
PEX13,0.06310067892581728,0.7223442744652971
EEF1DP5,0.15413757857677446,0.7223852182956554
FNTA,-0.030219500107222075,0.7224275372044514
ECH1,0.13071048796930107,0.7228313587446569
CSF3,0.13169272837717916,0.7230154976489621
NEK7,0.05773117773325431,0.7230179838213863
CHRNB4,0.19313691559134494,0.7230531004364894
RAB17,0.11396071131293795,0.7234502247842237
HOMER2,-0.15858820214887626,0.7236913044530351
AURKAIP1,0.0497433021059539,0.7237589405569628
UPB1,-0.14323279137122347,0.7241550548483023
PRPS1L1,0.18193891918561889,0.7241710323658297
POF1B,-0.16566070258907217,0.7242558501779396
ZNF365,-0.09070509487443346,0.7242660969952814
PDE5A,-0.21769556293399184,0.7242735936428287
CLK3,0.04369165367709371,0.72445449575271
RNF128,-0.24153997411306882,0.724744368392366
DGKB,0.17840835857432458,0.7248155244754819
RNF24,-0.0908888707939628,0.7250246367546658
IL12A,-0.11425806973033659,0.7254432649040341
PDHA1,0.08810107454006832,0.7255475270025442
MEIS2,-0.10785683929706291,0.7255999765591902
ERC2,0.22480073625636665,0.725738865455655
CRISP2,-0.1630770071867369,0.7258553222616257
HIST1H2BG,0.23667821255998733,0.7262031630073742
MZT2A,-0.05674323213998811,0.7262713661327485
MAFB,0.05091968130425428,0.7267055880313538
PSMB6,-0.04291583703034796,0.7267359255491715
MPP3,0.08333342300101876,0.72686729178749
ZNF839,0.17845726161843345,0.7269840647641833
PLOD1,0.07453528884210492,0.7269944486787971
EXOSC2,0.16935195580553053,0.7270118867815432
METTL2A,-0.08812768884185473,0.727029599558848
CKS1B,-0.07171151029205447,0.7271050578749518
MAGEC3,0.14967933683870704,0.7274207656962164
PIGT,-0.04889579140777123,0.7277147697845285
PPP2R5E,-0.05045290095297972,0.7278008706325162
DDX1,0.028458521483980093,0.727858427553721
ZNF334,-0.21641964483210163,0.7279437025903815
NTN3,-0.15527745180597785,0.7279655491359902
BAK1,0.06838026249586271,0.7279963620417922
FAM20B,0.05620488494778009,0.7280326462762936
MCF2L-AS1,-0.19585565449854236,0.7280679806957916
TM9SF1,-0.047547593684885925,0.7281616803309939
CHORDC1,-0.11433781206327787,0.7281814501857607
HOXC5,0.1397019712173888,0.7283491119706865
MNDA,0.12737778124703958,0.7283511053981203
CROT,-0.09460181217383123,0.7283597462733576
FAM96B,-0.026229382498121012,0.7283690789932992
OPA1,-0.06643384490416526,0.7284002062551111
NCBP1,-0.10495315363496172,0.7285176106700757
MARCH5,-0.0427337175026441,0.7286124337675361
TMEM159,0.0676722872226696,0.7287138997702667
NACA,-0.1408662215360863,0.7287790739539028
MAP1S,-0.05807221369348703,0.7288139748716755
DACT1,-0.09531718073199258,0.7292042809327884
LOC100862671,0.22077719775580462,0.7295948095668513
DPY30,0.06671459508195277,0.7295961852762699
URB2,-0.12801058573726287,0.7296553071874847
RP3-406P24.1,0.08435692863482203,0.7297283751688479
GRIK5,0.1772338273931573,0.7298920464786566
RNF123,-0.030967488705544,0.7299187967289155
ZMYND11,-0.08967541400318702,0.729992612669466
RPS6KA2,0.0888835388496787,0.7301098092553232
TNXB,-0.13098729118780028,0.7302050942715669
GABRB1,-0.14824080012307572,0.7302079603193029
IMPG1,0.11216338207588383,0.7302810184689934
TRMU,0.0941053787162982,0.7303349345040089
EXT1,-0.17478729251766012,0.7303469339686647
HLX,-0.059497981641277065,0.7307525231319917
CDK6,-0.1672650261800568,0.73095080943763
MIR6513,-0.07197819956494733,0.7311870602598851
CCNA1,0.17489988142904078,0.7312460127558327
IFT57,-0.08693320603367916,0.7312716562094926
GNG13,-0.15341408058317363,0.731326641057913
COX5B,-0.11820622632856637,0.7314129756236974
NIP7,-0.15349185234617568,0.7316171994630593
NKX3-1,-0.06976788871883421,0.731875617521653
PHOX2A,0.10319952115054942,0.7319737157008904
LGALS13,0.15205518008986374,0.7321747865578495
MACROD1,-0.0903026326457228,0.73220127472545
HLA-G,0.10158641530703783,0.7322124034804861
AHSA2,0.12942449736945605,0.7324179452448765
GCN1L1,-0.04312706480818207,0.7325698418176678
CNTNAP3P2,0.1394381761922272,0.7326515747098965
INHBE,0.18804450150494212,0.732653920676902
ZCWPW1,-0.183387762831293,0.732747638074919
SLCO3A1,-0.06444189502168918,0.7328219878154095
RRAGD,0.11086499783553272,0.7328273512686866
CAPN1,-0.06547950310270956,0.7328669889257992
CELSR3,-0.14275910410259396,0.7330846297595246
GOLGA8CP,0.11957054770162845,0.733139301856041
KEAP1,-0.03801353649864225,0.7332006710526027
ZNF674,-0.11239151055245844,0.733487350501398
SLC2A8,0.10857948519072647,0.7335168113633395
APOO,0.044499460179402206,0.733537734143033
ORAI3,-0.08435215452906064,0.7335450896858388
LIMCH1,0.11126774495457958,0.7335786376704667
FUZ,0.09760343282914707,0.7336514123842661
ANKRD46,0.05172075448428437,0.7337812189157699
CHEK2,-0.05709720409222463,0.7338454800309133
STXBP5L,-0.14174475773464845,0.7338918190272172
KRTAP5-9,-0.07968818326071547,0.7338992979941331
C20ORF24,0.04049770732270197,0.7341307100044425
QPRT,0.2004220306892659,0.7342272189530384
RGS20,0.1891856347437515,0.734252322298118
DAGLA,0.1026625977195561,0.734363327383626
TACR2,0.1191233898489017,0.7343853126311423
USP22,-0.1608049339772588,0.7346221683253388
GUF1,0.07000407009578868,0.7348677927551647
PMS2,0.08121189067816648,0.7349251417543272
GPR63,-0.11243174208024165,0.7350335171519327
ARL6IP4,0.04455889165429916,0.7351574735711598
WTAP,0.08887700589987091,0.7355013626904814
NR2E1,0.10920268571840186,0.7355717857186254
ZNF589,-0.10504081699508916,0.7356362055903033
PTPN20B,-0.21396061714568626,0.7358044526051363
TACR1,0.1705967331808571,0.7358443327834935
PDPR,-0.10219251088585324,0.7359389874295834
PRR7,-0.16162157242022346,0.7359658489836838
ABCG2,-0.09956995796018564,0.7361085052454045
TBC1D8,-0.17115048665914756,0.7362687237614334
KIF3A,-0.0436693367599954,0.7364213950179115
ANXA6,0.08200048022089135,0.7364857119672104
RHBDF2,-0.06599913324151885,0.7366224717129938
MIR21,-0.08169677419206955,0.7367139161371008
ARMCX4,-0.10662858470553971,0.7368012325933655
CNPPD1,0.15674521130551256,0.7368119330282896
CDH2,-0.19162823705181342,0.737037034993443
LCN1,0.13001020597555346,0.7370829310441072
YLPM1,-0.08846064634313322,0.7371185170076712
PPP3CC,-0.09878833034295731,0.7371711734152331
RPL12,0.03379419837136233,0.7375473001226097
PRKAR1B,0.11336442664818325,0.7375690338760177
CLDN6,0.09937666765276898,0.7376229138507682
RFX3,0.07778415905797775,0.7376276973063632
CLGN,0.22636336760649955,0.7381510203966367
ZC2HC1C,-0.12095503629271143,0.7382028886136505
GPR6,-0.17917139430322537,0.7383607699914041
LOC202181,0.18245452440874388,0.7386080987814418
SHMT2,-0.11046452933464046,0.738631768916948
GPR137B,0.06429630543654241,0.738827385661758
HDC,-0.14130179005440624,0.7389262987232571
SKIV2L,0.03626116153970216,0.7390621472954152
ATP4A,0.11829454611612533,0.7390789751007124
DLG3,-0.1281372708243218,0.739200831484395
LOC100506639,-0.05413663622060305,0.7393371472791005
BABAM1,-0.05486703543005156,0.7393975537918166
GPKOW,0.06746400248871254,0.739723570041561
UAP1L1,-0.06667540952105,0.739826246092522
TP53BP1,0.04460399304603868,0.7399767608562781
MAGOH2,-0.10620323075935723,0.7400322561860956
NMT2,0.1117951866086706,0.7400419580775137
ARMC4,-0.11264228176015134,0.7402088484988836
ZNF428,0.17692972951993458,0.7403640638957968
DCAKD,0.16396282313856947,0.7404266432764474
MTSS1,-0.1888613612133696,0.7405558072613392
SSFA2,-0.05830508846488769,0.7406775938435252
RPGRIP1,0.04313889927027503,0.7407802893407842
URB1,0.17145056816017767,0.7408258852108943
ATXN3,-0.21863392373104773,0.7409746804840236
DECR1,0.05254648673604123,0.7411240505259309
GLE1,-0.14040446177712962,0.7413148486728762
COX5A,-0.039149886540188916,0.7415249983546871
CPPED1,0.08396700866357243,0.7415885392230892
FPR1,-0.20817203528389694,0.7415886261856778
PKNOX2,-0.20595165459944464,0.7418362637230967
GRAMD4,0.05189314597803296,0.7419189697814561
C19ORF60,0.0977791125364007,0.7419505795443857
OSR2,-0.13573276459721484,0.7419838371988423
MT2A,-0.05295114392172451,0.7420563597180423
NDUFS4,0.06263488967580422,0.742119234058923
ZFPL1,-0.13027222952529005,0.7424469223104082
KCTD2,0.054863612318628796,0.7426811250829721
EMC2,-0.05505099816388359,0.7428321288288173
HOXA6,0.07002238465042954,0.7431891576229944
TMBIM6,-0.03788118553325681,0.7432523518626789
ZNF586,0.06398955229171577,0.7433513307957261
PDGFB,0.1479110950373297,0.7433906265990777
ABCC1,-0.07229583329174538,0.7434836513099765
STS,-0.1921120361355131,0.7435417851045664
MYT1L,-0.16023911674125735,0.743667565693567
TRIP4,0.030286135060883623,0.743788483560412
WDR18,0.0929712269224936,0.7440057053506554
RRAGC,-0.040957765767446475,0.7440243505776462
ARSF,-0.12078377411023133,0.7441498396149328
VASH2,0.16185749133280414,0.7443658098388352
DNAJB6,-0.10805405488459208,0.7444634738873249
SCGB2A2,0.21819173057965147,0.7445654199265545
TNR,0.09432898367760956,0.74465166660178
B4GALT4,0.05877587472182011,0.7446984972771731
FAM149B1,0.21114861847190358,0.7447425278793895
PCNT,-0.04551112798968049,0.7448424746213671
HDAC2,-0.10621166710045316,0.7449093624849054
RPS8,-0.10203575660914055,0.7449870604398501
JUP,-0.17322043646469343,0.745218292768852
TICAM1,0.06783749820633478,0.745285739804253
BLMH,-0.041188274368632705,0.7454476878555124
BMP6,-0.11637616114180815,0.7454670315525083
TMEM242,0.05536186330975479,0.745519940419408
CPSF6,0.1254442991233713,0.745574169109126
PSMB7,0.028950302312649612,0.7456268125895792
PMS2P5,0.04619703072226322,0.7460345778150311
AC004490.1,-0.08060954847853541,0.7460489567527536
EHD1,-0.10768825646654445,0.7461607722512072
RAB11FIP2,0.05403220361595018,0.7461658459156701
ANKRD34C,0.1088550609118446,0.7463246471545645
DCTN2,-0.11627301002118262,0.7466439319716197
MOSPD2,0.061915271108657244,0.746749366692783
PSMD12,0.07004264879732958,0.7468478525758062
TPO,-0.1949741607818627,0.7468826003910932
OLIG2,-0.12114629834841217,0.7468851212265262
SPINK1,0.15201688844928274,0.7469938557354814
GALNT3,0.19111957379428546,0.7471463023696414
CAMK2G,-0.1010384155830506,0.7472027452502423
SLC39A14,0.11286853619592385,0.747257823575374
FYCO1,0.05953958720403563,0.7473521647004372
GAK,0.0617708202331837,0.7473647058874804
SLC5A6,-0.13524599667374382,0.7474297756580288
KRT16,-0.14954400006989577,0.7474309900652537
BAG2,-0.06764508954710102,0.7477237108583055
KAT2A,-0.05068050584407402,0.7477996129053741
MRPL39,0.03529860837662824,0.747942748179229
MT3,0.05442936870905157,0.7479471314044188
ULBP1,0.056982887385539804,0.7479577389541245
MINOS1-NBL1,-0.08022360736859646,0.7481314546384454
PHC1,0.06015597856360699,0.7483958815518491
CCDC176,-0.051427231615281954,0.7484273200825102
NUP85,0.03600573248939831,0.748438153484013
LRP5L,0.17483752081471593,0.7484463128868618
RBM7,0.06305865216310025,0.7485370743343166
MBIP,0.08664670027776733,0.7486897570630991
HN1L,0.09533030463889247,0.748974091971873
BTNL2,-0.08308988571648168,0.7490662372851746
DCAF6,0.046394952546108925,0.7491265362559234
COPG2IT1,-0.1133413585793166,0.7493283021905409
MYOM2,0.20495224627389952,0.7493436695359094
SULT2B1,-0.06082960738545928,0.7495677784457079
VEGFC,0.13111045425446477,0.7499182736488833
DNAJC2,-0.08720598314906347,0.7503381245008759
KRT8P11,-0.13842661298073367,0.7505181393452434
HERC4,-0.14976813869002115,0.7505542005361523
PPA1,-0.06675065595229235,0.7506954444328072
RP11-429B14.4,-0.13339960007031326,0.7508013932536891
EPO,0.1595138958027258,0.7508403270565168
PRDX3,0.05691979870657793,0.7508797074354545
MYH15,-0.06879157126447932,0.7511256823166365
CXCL8,-0.3701187712269558,0.7511445583484223
VAPB,-0.13122817981769064,0.7514643386156236
PYGL,0.05465817830211961,0.7516631999016085
PRR14L,-0.06355869244361312,0.7516649572954492
CYP3A7-CYP3AP1,0.08173153191663829,0.7516952146329396
ZNHIT1,0.04923498399840831,0.7518605791020428
SELE,0.1909690800155044,0.7518746322380555
ZNF767P,0.05349291060227479,0.7519167063380253
CDKL5,0.138155082076727,0.7525715074868075
DIXDC1,0.07705736935479202,0.7526664334352552
LDHC,-0.1415118555895365,0.7527396991762738
PFDN2,-0.05596225027206536,0.7527795143133292
MAP3K1,0.13301349874371748,0.7528146294266955
RAP1GAP2,-0.09505642826401761,0.7529555256022996
HNF1B,0.13483135035556337,0.7531226158871628
CCL2,0.2076880080083381,0.753144258586686
CDK20,-0.05979982360873137,0.7533912359172112
RET,-0.11614906265254632,0.753564811307628
PADI3,0.05368918684078672,0.7536554245681902
DBET,-0.1501762035926859,0.7536623927464572
AGO2,-0.09682732754898993,0.7537174602957213
KRT6B,-0.1477354999875642,0.7541698931349186
CYP2E1,-0.15774390666006655,0.7542605444903986
TULP4,0.03965707772111493,0.754308311400234
LAMB4,0.14323742126818573,0.7549131972552786
OR52A1,0.14378373671744082,0.7551648454479134
CASZ1,0.04893640006211797,0.755211611675666
NINJ2,-0.0710021069839204,0.7552725404192308
TOM1L1,-0.07016796281441628,0.7555191390342306
GMFB,-0.07735157472444065,0.7555848911040529
FCGR3B,-0.14182092716496975,0.7559192008402937
CAND2,-0.07978748412367587,0.7560966954047774
RPS9,-0.08655408994155245,0.7561435325033297
TMEM185B,0.06883712123584473,0.7561619789254515
AP1B1,-0.1133152119310541,0.7562646904437755
AUP1,-0.03382831188790725,0.7563329326132987
DTX4,-0.09771865645250521,0.7564427613642916
ZNF324B,-0.07730099837773263,0.7566926573974461
MAST3,-0.05574057382475672,0.7567102210322141
GP5,-0.17363700190706988,0.757014885763116
FAM208B,-0.08561042550050502,0.7570179503087953
PIP4K2A,0.054560576330436206,0.7571585581619152
KIAA0513,0.14680318466615994,0.7573786084532831
ADCY1,-0.12500873607229135,0.757523071507297
KRTAP2-3,0.1147321879444978,0.7576441058814933
HSF2,-0.07075826034741795,0.7577231455786232
HOXA5,-0.1082650926458335,0.7577861331049799
AK096803,0.08389534910151131,0.7579155483189979
CTDNEP1,0.04756560553506972,0.7580139997405783
SRPK2,0.12081554827718755,0.7580401069612932
MAMLD1,0.0595005855402837,0.7580944197835848
CLCNKA,-0.055628751998273884,0.7584740012645305
LUZP2,0.13078790945402297,0.7585383310150663
FPR2,0.24203917539683673,0.758675250693258
TCF7,0.14957577953216816,0.7587876908198186
DUSP14,0.07797766192741662,0.7588246808559543
SHC2,0.12825888061708302,0.7588533077147703
CBX3,0.09725647423516293,0.7588579358801749
PRDM13,-0.14938277715548143,0.7589134076559121
CXCL14,0.17821577643264064,0.758930621500852
C11ORF30,0.11520733106281789,0.7590649589391083
SLC22A1,-0.1653998442383675,0.7590651610845122
VPS45,-0.1318571163253237,0.7592048444246231
PTMA,0.04372970647027685,0.7592169441073784
TK2,0.11989725119389227,0.7594816260693289
HLA-DPA2,-0.12130633116137268,0.7594853556906688
USP27X,-0.16844692062952227,0.7595128792717845
TTTY2,0.1430762696911021,0.7597201743860773
NDUFS2,-0.022615235452489557,0.7599766355772978
ABCC9,-0.11997525820812882,0.7602591264944037
MROH7,-0.11320759455449725,0.7603651114156477
SIK2,-0.05529087399568411,0.7604335173819472
ZNF701,-0.06453025679810676,0.7605973514354816
FLRT1,-0.14060850249031098,0.7609975816250648
RPL13,-0.06670638768653436,0.761044615957168
PSMC6,0.05100406607228258,0.7612998462893573
FNBP1,-0.06639322411304427,0.7613569050954292
EML1,-0.09032619111309792,0.7613795380626224
GOLGA8N,0.06967459995975389,0.7614490876203637
TUBB8P2,0.17220595333013033,0.7615545771841054
ARL6IP1,0.03896815263123443,0.7616318202361055
LOC102724364,-0.05329723445748158,0.7617978004288637
PRKRA,-0.03549297356225978,0.7618367974001786
SLC2A3,0.20027186785499218,0.7619796163128297
HOXB1,0.09404510994544779,0.7620271131248411
KRT20,0.09509956542846343,0.7621095307425668
CYP11B1,0.04510081530364829,0.7622656055978951
VGLL3,0.10292948319508888,0.7625801351445346
RGS5,0.09344491887289763,0.7626860715039632
ZC3H14,0.05509295311603246,0.7628566913965404
EHBP1L1,0.08914201416603795,0.7629087102811754
ATP5S,0.06503771862695285,0.7633258145430691
ZNF573,-0.053869286218740875,0.7633928036495331
CHRNA10,0.04366242163931133,0.7635291306434999
PLA2G3,0.06646568103455008,0.7637088836191911
COX15,-0.060666039367040625,0.7637274262244571
ZDHHC13,0.04698687318960104,0.7637634800746618
ACRV1,0.07749452310050753,0.7638281102999647
ACOT1,-0.09471293415221815,0.7639667295820969
TRDN,-0.19501256892000152,0.7640835458087782
ZHX2,0.0592150749580842,0.7641655808461162
RNF11B,0.16970305812883257,0.7642152373558239
NPFF,0.1258000379481361,0.7642322162954399
CA10,-0.18042185203586536,0.764246674489519
PDLIM5,0.20872750950738794,0.7643179478290711
ENGASE,-0.06994509808759197,0.7644241217252684
ARF5,0.050077673007235646,0.7645680472595981
MTNR1B,0.09809680921333985,0.7645887768889443
SKIL,0.15974149864898735,0.7646442547625144
CLEC1B,0.12862979413705666,0.7648338149243935
FKTN,0.05983469891304427,0.7650591462976434
FGF12,-0.14065449926050366,0.7650790792790064
G6PD,-0.053549313339592786,0.765117675075848
RPS20,-0.0733333216955474,0.7651996564940305
SH3GL2,0.20340465502488048,0.765220416961427
KDM4C,-0.13792493541490636,0.7653301683414928
CKLF,0.07067442386304101,0.765385486404714
UNC5B,-0.1382179743940508,0.7655019829354283
C14ORF166,0.01768479712950466,0.765520005939571
ANKRD17,0.03100578775002738,0.7656593892497233
USP53,-0.18236294605843462,0.7656833928232533
CFDP1,0.17340125233720016,0.7659614184037624
CASC1,0.11261406032512866,0.7660489705405568
DESI1,-0.06757030295516842,0.7663366020691353
APAF1,-0.11055048679849655,0.7665245347822988
DNTTIP2,-0.05945096126894711,0.7665814148294141
MRPS28,-0.05228590268509237,0.7666000488055925
SMARCD2,-0.08197088025660193,0.7666128117776133
SNRPN,-0.059541912076657155,0.7667420290607763
ASS1,-0.10509659618177558,0.7668389269200626
AMBRA1,-0.12241724924500641,0.7669123382886579
PROM1,0.15655465885187336,0.7673717038503258
ANXA3,-0.16306987086738278,0.7674446969309449
XYLB,0.19529798074048887,0.7675895124448522
DPYSL4,-0.14797412649182107,0.7676411741226167
BRAF,0.048695366994787825,0.7677639659548112
TRIB3,-0.04341157646233462,0.7677746961443863
IFNA14,0.0874348770788389,0.768108128160732
FHL2,-0.08756274801702624,0.7684536205227446
CMC2,0.05646719465413774,0.7684876621555744
ABCA11P,0.11156081134803841,0.7686101802151565
EHF,0.17389039591267474,0.7687131948591971
ZMIZ2,-0.1478991118107409,0.7690786846038652
OPA3,-0.12827649489907778,0.7691952022616771
PLD2,-0.05524173111607489,0.769290234159682
DHCR24,-0.0479815627787783,0.7692978577352205
TCF21,0.15882760447286515,0.7693692376057323
BRINP2,-0.04847416921797221,0.7694112855662375
GRWD1,-0.05449277796557794,0.7696346116143048
COL16A1,-0.1071018895700746,0.7698090892843235
TMEM151B,-0.08383791111328698,0.7698694863669228
RRM1,0.04887191935120505,0.7702380088862704
PPP4R2,-0.1379381839953968,0.7703715846598278
SLMO2,-0.10286083523350076,0.7705582540817986
HOXA3,0.11166120360090659,0.7705613348268597
TRBV5-2,-0.059149733931504134,0.7709228543964426
MERTK,0.13593444228637797,0.7709732275884585
PPIC,0.10226068936813171,0.7710111585588395
RALGDS,0.0721518246608639,0.7713598686458903
UPK3B,-0.15533256985022348,0.7714649525957906
BMPR1A,0.12223949741475337,0.7715476805771858
ZNF443,-0.12643191088178884,0.7715586527758183
TXNRD1,-0.03918165775830573,0.7716074364285177
CHRM3,0.14213825349838682,0.7716634026450183
RPS4XP3,0.1555713498025435,0.7717233961860476
ADRA1A,-0.1410817591124509,0.7719280897535016
HGH1,-0.033898664126031264,0.7719565244697492
DDX18,-0.08633748585470613,0.771962020275981
NDFIP1,-0.04173428467237272,0.7719660580769653
HGF,0.19840594338117068,0.7719874133412654
GLRX5,0.057926862545524926,0.772159926806739
MT1HL1,0.07840128158410131,0.7724390752696634
TCRA,0.16322525325598125,0.7725474457224316
GTF2H4,-0.028163689423820415,0.7725605514626609
SYMPK,-0.10490751780809937,0.7727466696976922
PDGFRB,-0.11384598537117796,0.7728469908030455
WASF1,-0.07462171245287674,0.7728800398480857
DGCR9,-0.07922239533533748,0.7729134955401483
G6PC,-0.12602292660311631,0.7733127856238545
GYS1,0.038691410806649174,0.7736640690156079
C9ORF16,0.12693306232189538,0.7738168626362507
PLAC4,-0.06529583756793933,0.773825285435588
CALHM2,-0.0865270820224815,0.7739731577160988
RCAN2,-0.09153229830698884,0.7743439881572303
ZC3H4,-0.03470436580896674,0.7744225481996224
ZBTB32,-0.11999288731304514,0.7744617817684364
LSP1,-0.10550548746432575,0.7750514899021874
FJX1,-0.10595782250118813,0.7750958152139759
MED31,-0.05743054908258127,0.7751947040396746
ZBTB18,-0.126595422700591,0.7752492780266079
CRK,0.05292180286113357,0.7753857965125922
RNF19A,-0.15782470788428338,0.7754251545784092
C9ORF156,-0.13924703507458425,0.775457194428464
TMEM144,-0.14496956548595596,0.7759182202695164
CCDC85B,-0.10452898438011848,0.7759337137998514
SH3YL1,0.050707276013714164,0.7759772501715798
ASNS,-0.07582831904635512,0.7759872484048456
KIAA0195,0.092870691965246,0.776293106371095
TBCD,-0.07786413724407026,0.7764781842454145
TALDO1,0.04390470507149047,0.776740834649124
FAHD2A,-0.07184810392207197,0.7769663374968051
PSMA1,0.026814842166484,0.7771736567806438
PAXIP1,-0.03576238632062534,0.7772801989061566
GRID2,-0.12950867059796956,0.7773523401172938
SLC20A1,0.0926870349381872,0.7774142216401232
SLC25A4,0.09727797046599829,0.7775862171323245
CFI,-0.07103873858893728,0.7776805776499938
STAT3,-0.04849886047223784,0.7778534650646048
DENND5B,0.1350233665360996,0.7779199016494343
KCNC3,-0.13149185670904817,0.7780080555001885
NDUFA13,0.026631312344315816,0.778030535992475
MCOLN3,-0.13546398671955817,0.7780998973157277
TEX12,-0.1582195922236065,0.7781074159631447
EGOT,-0.11665017495247731,0.7783110745081601
FAM127B,-0.05338423957454097,0.7785141764826224
KCNV2,0.20569891862243272,0.7787203759167981
FBXO4,0.1564430675290147,0.7787787596154728
SLC18A2,-0.15119352510375794,0.7788265949852686
MAPT,0.14429210489181976,0.7791982756630125
AGPAT2,0.14787460419505827,0.7792952478859481
PCSK2,-0.13051453876990138,0.7794455115976031
ZNF510,-0.04019402496270619,0.7794661854152444
BDKRB1,0.07168632933538976,0.7796000268243104
PPP4C,0.04415576688269063,0.7796381677592057
ZIC3,0.1544696660822673,0.7796863825079572
STRAP,-0.04285338585466292,0.7798315644512221
LRP10,0.03084617744443996,0.7798984756949423
RP11-665C16.8,0.11845131956747457,0.7800385589181338
STXBP2,-0.12394903068407626,0.7802683699628471
R3HDM4,-0.07296473007688142,0.7804086255217189
NELFCD,0.033519528925223696,0.7804324244050331
TTI2,-0.019758142023439618,0.7805787064922568
EPB41L5,-0.06381075758795784,0.7806549119628003
AGTPBP1,0.13105656323404258,0.7807192450661468
NFYB,-0.11198657605333562,0.7808537349002317
LMF1,0.11804468756770792,0.7812363015839283
CYP2A7P1,-0.14425529529085646,0.7812434216442715
BMP3,-0.08026127158371477,0.7814511275249513
ATP6AP2,-0.07870565610427516,0.7817117391110446
RHCG,-0.09090388621848744,0.781716961428882
MAK16,-0.06254439591361383,0.781945525943989
KCNMA1,0.15704180688439173,0.7821284791920083
DHX34,-0.13597452863348103,0.7821754464439633
PAGR1,-0.09680565877919989,0.782222951061728
KCNB1,0.06181013723542961,0.7822903222898817
NINJ1,0.04628858764167809,0.7824094598755331
TSPAN6,-0.0771577305529707,0.7825521000761628
AHSG,0.1084958766094064,0.7827961950931912
RAI1,0.15419405166328248,0.7829632108824216
KLHL9,-0.06084257161709239,0.7829696290767625
TBL2,0.05118671950986453,0.7830881299988324
PACRG,-0.12611909532371435,0.7831014460242252
OXSR1,-0.033453307992560966,0.7831020916098825
CTPS2,0.04966246128917717,0.7835743257314952
CD36,-0.1880251264821311,0.7836216103954277
LBP,0.29924473778028915,0.7837157448532749
DAO,-0.02712415265742063,0.783727884022019
CCDC88A,-0.15423149508172163,0.7841766976369532
EIF4ENIF1,0.03262611702654716,0.7842004952703209
HDHD3,-0.10876980777653067,0.784405609459102
PDS5A,0.1418445034003799,0.784668360072974
ATP1A1,-0.03711167793860071,0.7848072272865118
USP24,0.07045282184506796,0.7853897840869534
PSENEN,0.025116902451273404,0.7854933271849238
CLCN3,0.14329055364283505,0.7855330411681537
PRO2012,-0.07395298442454212,0.7855881842634672
PPFIA4,-0.06830933226617386,0.785619074973336
ELF5,0.12495452413990016,0.7857305779969077
DOCK1,-0.05352343587485642,0.785868120193575
UBE2N,0.06066078087190796,0.7860008806409808
PPWD1,0.029328943891190562,0.7861366731247841
MYOZ1,0.08376906320492417,0.7861791403906245
DENND4C,0.05653321847652926,0.7862114930104136
NT5C,-0.04927161452789974,0.7862311736685663
LINC00963,0.06566644209547423,0.7862393958494918
COX6C,0.019814935772156872,0.7863050302907069
CUL7,0.16925616361751938,0.7864064172276204
ALDH3B1,-0.11151326758708535,0.7866354376417827
TAF7,-0.039094933873558446,0.7867065589749686
CACFD1,-0.051671313112493955,0.7867076391480154
GLIPR1,-0.07150251305785282,0.786865219265136
SFMBT1,0.04107470036931549,0.7870217895461642
HDGF,-0.029397809490619764,0.7872215651724928
ZNF516,0.05082224290957882,0.787279796445772
ENY2,-0.033910310130657706,0.787299571955611
C1ORF109,-0.09483112582216968,0.7874085317848661
MLH3,-0.05535906626705955,0.7875458241652059
PAK6,-0.10560573955238617,0.7875569136314807
ZNF711,0.16646173600324277,0.7875682560973989
P2RY14,0.10454011495605542,0.7875848818681565
ATP5L,-0.04340742608273018,0.7876060115185723
ADRA2B,-0.11159548340106706,0.7876476216222058
MBD3,-0.08402753517403827,0.7877513692429771
THADA,0.038621258541880366,0.7878049766274016
C12ORF49,0.03614126601170575,0.7879418950191818
CYP7A1,-0.19501853989245177,0.7879451256836341
LHFPL2,-0.062100051362666164,0.7879627612745331
TXNRD3,0.05567539537391841,0.7880984587713995
POLR2I,0.04857773563937329,0.7881307106478571
EDA2R,-0.09761751934549778,0.7883515154724771
ATG9A,-0.027949788978252954,0.7883971996811748
CD209,-0.09609799651622453,0.788414131918279
EDN1,-0.09586939301297015,0.7885018721239803
PPP1R14D,-0.053139113039527786,0.7885028160258827
TFPI2,0.20267557710800155,0.7885648592647931
NBL1,-0.08201031323338803,0.7887152390573631
ZNF81,0.16704554828844032,0.7889606760811024
GPN3,0.04565435880324209,0.7889814158478965
NBR2,-0.11506394787190555,0.7893634698945963
TVP23B,-0.09167237451293708,0.7893797616609833
IFIT5,0.042369272167615435,0.7896940416142899
RPS29,0.022458636847861868,0.7901227553016328
HNRNPA1P3,-0.040920292475220776,0.790153659249751
ZFAND5,-0.1322867838724111,0.7902314088415144
GH2,0.15637402181586157,0.7902320138992929
SERTAD2,-0.04768205959973493,0.7903062121141143
NUP153,-0.06851362797386962,0.7904356959451899
PRKAR1AP,-0.10438228006256711,0.7906039351178724
FGA,0.13118422150801878,0.7906886380027669
FAM21A,0.061156792253004966,0.7908187903117537
PCYT2,-0.051774447135092494,0.7911036366825286
SLC37A4,0.09913709236225454,0.7911566323638429
SOX21,0.12425455471871061,0.7912958294496433
MTFR1,0.06640270242610313,0.7913065367443064
RABL3,-0.04595211142546063,0.7913136572374074
FGGY,0.08441430111071302,0.791318246642527
MAP4K4,0.08615505800801593,0.7913487945706862
PPP1R12B,0.07282180484543765,0.7913510175001359
RAB1B,-0.03703067982852559,0.7913799148421752
LOC100294145,0.13272347209195168,0.7914006687008736
INPP5F,-0.06063248438374558,0.7915720716038029
SPRR1B,0.12756900746311395,0.7915769358182422
SEC14L1P1,-0.15338691812444605,0.7917027648758691
DCTN1,0.05406906084214036,0.7917265644259841
SH2D4A,-0.04845182113437119,0.7918572760583282
ADRA2C,0.10278628613825891,0.7920535235074871
LEPRE1,0.04094241920269859,0.7923709111538711
SLC9A3R2,0.1761336806512075,0.7924672857340821
EDDM3A,0.16935364877602943,0.7929315299092474
PIK3C2G,-0.12503272653852893,0.7929400547908819
AQP7,-0.2080880838162651,0.7930153635307476
RGS9,-0.09378336408376331,0.7932437639308608
GABARAPL2,0.01949994100206709,0.7933333362393208
BC127192,0.12147430579232044,0.7935332491127666
DNA2,0.07369487949455511,0.7936043695238238
GNAI1,-0.08472679288548601,0.7937439844675029
CT62,-0.08874068475705466,0.7942483717564138
INHBC,0.054894655334956965,0.7943072480303787
HYAL3,0.1220848451866221,0.7943723506657692
HELZ,0.04155279241775922,0.7943871574673053
ANP32A-IT1,-0.15692493006253638,0.7945089139375773
EPHA4,-0.17616817424535203,0.7946046365469996
SSSCA1,-0.1061753905026821,0.7946581985639153
EIF3A,-0.06971025193668012,0.7947793744289811
IL18R1,-0.1448397561373289,0.7948576466782109
GUCA2B,0.0672969317686487,0.7952822629557809
OBSCN,0.03385668108180662,0.7953610790523978
CBLC,-0.06795846817823348,0.7953992516730103
ORM1,0.13112885941026153,0.7955813957403777
OR1A1,-0.07217226184529224,0.7956057307878641
SLC25A23,-0.08064467584679758,0.7957826035204838
HOXD12,-0.06120011063102604,0.7958502151606178
C3ORF18,0.11167921248067803,0.796050454647988
UTP14A,0.13052169386046142,0.7960605599575737
APTX,0.030921224985400286,0.7961080698462843
DFFB,0.044487859532308605,0.7961933177967936
SQLE,0.10259145127869385,0.7963217889995523
INO80B,0.13168212943604996,0.7965861545421168
CSTA,0.055159975716877696,0.7966997406669656
YARS2,0.062450336455039945,0.7968765677498362
ZSCAN2,-0.11657846878243561,0.796880204516465
PAX3,0.15661655270519415,0.7969047975987907
HSPA2,0.05627673077772677,0.7969311658835309
CBX5,-0.05908583889366792,0.7969639934291949
WDYHV1,-0.04981821979279033,0.79726052851034
RASIP1,0.045828606903118185,0.7976583565045677
KIF1B,0.06504242094677792,0.7977064127533313
HSD3B2,-0.15429211682028976,0.7980177323233333
SERPINB1,0.049072465915902086,0.7982491225042512
TTC38,0.10542969860069817,0.7983248953648445
NOD1,-0.05388336877831357,0.7985063811613872
PAFAH1B3,0.12032275269057724,0.7987167388004321
SIRT3,-0.09910656165714649,0.7987194281692557
KIAA1324,0.07196185346984318,0.7990712346965588
GIMAP1-GIMAP5,-0.09674997771143445,0.7992141102676487
NIPAL3,-0.12882143181070838,0.7993061552327696
NECAB2,-0.07208257069873891,0.7993621873530601
MFAP5,-0.23912992265195498,0.7995601255416811
PRB4,-0.05050321146480918,0.7996152780629415
PSMG1,-0.0826276680702378,0.79968185041696
SIGLEC6,-0.11494439270264545,0.7996898661608485
RP11-473I1.9,0.07228004097233853,0.7997309811453365
C17ORF85,0.04569944884724464,0.7997635722647075
CNP,0.033886888378484414,0.800060624644245
SRD5A3,0.07986889354038418,0.8000852549937387
DENR,0.041007969342970796,0.8003198645025956
GPX2,0.07284866699122983,0.8005998947322978
GUSB,0.04871392464794866,0.8006025526470538
CCHCR1,0.09647463440203463,0.8009036157858728
THUMPD1,0.058905516661706514,0.800991309548993
CYTL1,0.18357007984414775,0.8011086796479886
CPSF3L,-0.023193070306271935,0.8012804684092937
GPR17,0.11870199442946916,0.8013869994337008
SERPINB8,0.05231875394087293,0.8014839797874388
S100A12,-0.1723711579202254,0.8016023357447605
NIPSNAP3B,-0.07556546792251151,0.8016724773138716
A1CF,0.04647528108024357,0.8017810047303854
OCLM,-0.046402797641553306,0.8018176452110816
ZNF205,-0.14810163083503003,0.8018780511960629
SNX2,0.05108168710820493,0.8019731566962806
TM7SF3,0.059956409327556415,0.8020076489385257
RAD52,0.15768660515687216,0.8020208965321479
NPC1L1,-0.08492196314706213,0.8021851520049108
ETV2,-0.09211600748649307,0.8022594943654112
ZFP2,-0.14600910422719426,0.8023007203953252
BAAT,-0.04509631129517855,0.8023267376777715
PITX3,-0.04377666277836223,0.8023591069893681
CHRNA9,-0.0658244244482562,0.8024121586548744
PIWIL2,-0.06281486920123847,0.8024554527419745
CACNA1H,0.05143623537763853,0.8024664378216751
LOC100996724,0.1753090641378625,0.802673284200908
COLGALT1,0.04199102697874402,0.8027907629113389
NMT1,-0.04369391084657259,0.8027953201429077
HECW1,-0.05745684102227244,0.8032183007749997
TRAPPC2L,0.045282426969064815,0.8032430576743536
METTL2B,-0.05681038471983335,0.8033474918436663
ANO10,0.05546091999175218,0.8035990933846542
HEBP2,-0.09530673411773805,0.8037354736274641
HAL,0.1251618198212432,0.8038268813178144
LOC100289561,-0.04201562021249572,0.803858143172251
DHX15,-0.04434779152186685,0.8040512565773202
SEC61A1,0.04388752080705771,0.8042002945944229
ZNF239,-0.0785441176103765,0.8045096996584362
MPHOSPH8,0.03727018156835804,0.8045563301298959
PSPH,0.23555819846263404,0.8047853538025588
COPS5,-0.042251413268049376,0.8048106705188
GOLGB1,0.0357858523633503,0.8048598935855422
ELF3,-0.06486188543027716,0.8048959766937818
PI4KA,0.02815580244127247,0.8049012919551575
NAA50,0.09244114673119697,0.8049530465378509
KLHL23,-0.17004563559845898,0.8052354413898962
MAB21L1,-0.09757101887926556,0.80527257755115
DNAI2,-0.08391429887262714,0.8052778541614497
SDHB,0.06440352783587144,0.8055726057722213
LCE2B,-0.12353517012518722,0.8056452863506156
EPHX1,-0.08210799118375434,0.8056589637033644
ZNF234,-0.059929624303007856,0.8058489797460151
SH3BGR,0.07823547031181555,0.806220246357744
NR1H4,-0.11069912484296474,0.8063740843723597
DOK3,-0.07692502093988551,0.8064223406927363
MRPS27,0.03804722204604083,0.8065858942692745
PXMP2,-0.11489955768597948,0.806621335753471
RGL2,0.03463528552360451,0.8067818939538617
DUSP5,0.09806362249403122,0.8068954931562111
GAPDHS,0.10604220352450255,0.8069798680421263
LARGE,0.11386150703121878,0.8074897076674508
PHOX2B,0.11078600303716257,0.8075889060680865
MROH9,0.1168997344268683,0.807664990337859
HIST1H2AG,0.13956257972529507,0.8077305973391739
MPO,0.09011895017471572,0.8077511861580438
CMA1,0.10549948840313306,0.8077699717299662
RPL10A,0.02708558834025787,0.8078837956839162
GEMIN8,-0.06675290989399585,0.8079573936198003
LOC100129973,0.10549950154240939,0.8080115475914232
KLHL18,0.07813519694699789,0.8080260926788987
ADH5,-0.06948410708804786,0.808075574100713
TUBB4A,0.07119336948903232,0.8080877352963388
CTSA,0.06292651565055074,0.8081196026288348
ERCC2,-0.10712905044020893,0.8082022625891582
ZFP30,-0.054736173214346096,0.8084098843687216
UBE2V2P3,-0.0845686389758713,0.8084709696389684
LAPTM5,0.0647865934360663,0.8089550483094639
MGAT1,0.03131944956845878,0.8090499128101636
APH1B,-0.04428362714538103,0.8091255034515684
VIPR2,-0.15163235440906853,0.8091565083065739
SEZ6L,-0.06604460329017758,0.8091569097863209
KDR,-0.07564624810911269,0.8093018278097056
CUL3,0.10545192725838959,0.809382668376042
SFI1,-0.12942962870055919,0.8093882992911183
CSNK2B,-0.01918986563301317,0.8094658108567121
DLGAP4,-0.052890481694822356,0.8095397338563373
CPN1,-0.043220755916202336,0.8098626494727849
GPRC5C,0.08669396829621778,0.8100067372219355
ITGAM,0.059632673516061274,0.810086536792489
MSRB1,0.08118994720719108,0.8101396032452358
RP11-209A2.1,0.06955338998892024,0.8103577670620661
MAP3K4,-0.04135579021310143,0.8104091887016703
IFNA2,-0.13238691550451698,0.8105276652233132
PTPRZ1,0.11725012151106196,0.8105526428510312
LPHN3,-0.13993160282180117,0.8107540569372269
GEM,-0.07591291968131308,0.8109518298072236
ALPL,0.10746235619739863,0.8109712238103314
PRKAR2B,-0.14040875300460343,0.8110213609954275
AGPAT5,-0.06441073560794841,0.8112415169697359
KIAA1598,0.05465517876312376,0.8113129162725706
CRHR1,-0.10456776310804283,0.8114612218509887
SLC2A11,0.09216722676957367,0.8115109630588028
RPL26L1,-0.04314510770813307,0.811619277875254
MOB4,0.029230763618413036,0.8116209620430795
BTG1,0.04567843797822313,0.8117620013687418
HIST1H2AB,-0.08908307414846117,0.8117845965933543
CA11,0.08517488329451872,0.8118179278923568
FAM50B,0.03201492219858082,0.8118441727985272
QDPR,0.043064172164941183,0.8120199694719238
TENM1,-0.12536865336705816,0.8120295138136289
C5,0.057602948311951785,0.8122641394732197
NAP1L3,0.08508174564554771,0.8123325744113701
RAD54L2,-0.09322325798074527,0.8125380872366803
MAN1A1,0.07986651531028066,0.8126732522666202
DOT1L,-0.08077262509656657,0.8130539043007049
NPY6R,0.08691933851112044,0.8131334276915712
CEP290,0.13876507550235928,0.8133737730213598
AHNAK,-0.08292945164109522,0.8134769329125578
RAB20,-0.050555395765316646,0.8134811001667186
RAB5B,-0.024494002070580834,0.8135060446512277
LINC00675,0.08347105727126802,0.81366278260896
SNAPC2,-0.03877446501725412,0.8137189676884152
PTPLB,0.0700529150855278,0.8137469143975529
POP4,0.020513622674235066,0.8137710042544591
PLS3,0.04653219252898744,0.8138878133790292
SRPX2,0.11042191605422769,0.8138932233068755
BTNL8,0.1302587075446131,0.8139665257660538
IGF2,-0.22470767281551574,0.8139804375399841
CPA2,0.03370165999192576,0.8140396226886717
CBX7,0.07656118532462841,0.8140976602356843
MAPK7,-0.13217652683536674,0.8141204625389432
CYP4F3,-0.11947265091718773,0.8141840116681934
CLTCL1,0.08066798671684072,0.8144187684377768
CARTPT,0.10490599761584996,0.8144695951441239
TMEM53,0.0244443115938493,0.8144965761325689
COPS8,-0.10288628770511465,0.814516469825602
GBAP1,-0.12766751081241967,0.8145599322174862
PDS5B,0.061126165494683526,0.8146003679853848
GNAL,0.11532047074839546,0.8147918541910862
MRPL2,-0.044824994809689045,0.814918373924337
CTAGE5,0.13376589190327248,0.8149341706076575
NDUFC1,-0.03749922605086731,0.8150974669135621
CRY2,-0.1653434021192295,0.8153796749794708
COX8A,0.018877868113378327,0.8154860961907356
IFI6,-0.050247491600796224,0.8155524961746029
C4ORF19,0.058636968474612416,0.8157063324086841
MUC16,0.056615574181972494,0.8157488092652314
DFNB31,-0.14555956329964825,0.8160398955222192
CD226,0.05029347781434357,0.8160578215305151
DOK1,0.08799728877097213,0.816094223445495
PVRL3,0.05061816162266197,0.8160984391644068
PIGR,-0.05502254558508568,0.8161701043201518
SNRK,0.13070837837120575,0.8165310848796575
RFXAP,0.12271091416814173,0.8165320336520568
LYRM1,0.05425013325914563,0.8165421356347262
TYR,-0.04084102566015435,0.8165422827533616
FAXDC2,-0.1444204435236216,0.8166478102159322
PMS2P3,-0.04558477595011867,0.8166991851227552
KPNB1,0.07427746577560512,0.816812790669308
LIMD1,0.14954877078374373,0.8169030380573861
MRPS18C,0.11463400796507717,0.8169281779282617
LOC100506558,-0.0901645819715835,0.8169521266097717
GRN,-0.06875461684946238,0.8172102389009651
SGK2,0.04477096098875233,0.8173126273149846
PCDHB11,-0.09001230596771581,0.8173128532549363
PHLPP2,-0.0967630495508045,0.8173573653102598
LOC101927792,0.1158346902240166,0.8175812276711628
C15ORF49,-0.11071174019956764,0.8176289015061675
FOLR1,0.05110530519008094,0.8181638479019042
ABHD11,-0.03344175774426894,0.8183506314638065
MARCH7,0.05146686123087463,0.8183810290712654
IL36RN,0.09652057601819575,0.8184677603612592
GTDC1,0.03863518821913381,0.8184818384174656
REG3A,-0.05602345880589965,0.8188659773455763
NDUFV1,-0.026010362665834563,0.8189260649774217
NR2C1,-0.11586405105782216,0.8190644355377023
OLFML2A,0.08869563233385591,0.8191898473655029
PROSC,-0.0935481529404889,0.8193425187688618
CGA,-0.08510158397366929,0.8194538957146548
WBSCR22,0.02542202156872797,0.8194868235085457
STOML1,-0.05315061406367594,0.8196005964712917
WNT7B,-0.09900672218802953,0.819601993899906
GIF,0.11775190684551173,0.8199564472587475
WHAMMP2,0.05130195295652484,0.8200601761118411
ZNHIT3,0.024263210454982698,0.8201058391920325
SLC16A6,0.11328845414962707,0.8205681585190869
SRI,-0.0434415948845146,0.8206020174697342
ARFGAP3,-0.04155519510089789,0.8206131834747825
CHAC1,-0.09616227752260986,0.8207436378971913
VPS11,0.026731737879103434,0.8208133120322829
ANAPC10,-0.0609450467497652,0.8208420413467493
PPIG,0.07361198151891113,0.8211975532645954
FKBP15,-0.08333842462699437,0.821203472286699
OR11A1,-0.07862636080989249,0.8212192419219562
ARHGEF11,-0.049101689117959424,0.8212309008009817
KRT81,0.09584654218982003,0.8212933507366608
PTK2,0.03855033077355863,0.8214549533249436
COL9A3,0.09473703491765839,0.8215822769244691
ASNSD1,-0.0401916276273564,0.8216683456644591
DNM2,-0.05407592351747725,0.8217087883302548
TJP2,0.10624652495510922,0.8217160054377565
DNASE1L2,-0.08290073359073258,0.8218631626229036
MMP15,-0.09698727421452435,0.8219821410551621
COL17A1,0.06205958640489184,0.8219828095615926
ALOXE3,-0.06127613646519148,0.8220030325297227
BTRC,-0.0737422028212169,0.8220043701942797
SWAP70,0.1153755631161788,0.8220095935673599
MYO5A,-0.11831309006156454,0.8220235323897171
MAP2,0.06966860119350748,0.8220518053539179
FER1L4,0.11059965734274257,0.8221060518782377
DNASE2B,-0.09614164240964929,0.8222117364124427
RPL11,-0.01502559454717911,0.8222553336443943
FMO6P,0.1081525182280565,0.8224867368901959
LCMT2,-0.10281647382865389,0.8227223587000994
FCN2,-0.10782848914854437,0.8229043265937948
TAGLN3,-0.043274040337438535,0.82292648968731
CNGA3,-0.04320628229191614,0.823182240179077
PCDH8,0.1253000640415709,0.8232127888458739
USP13,-0.03607806163701888,0.8232317933623864
PPP1R9A,-0.06406133190557295,0.8232549825940435
MTMR9,-0.028360712566970037,0.8233081792572299
FAM120A,-0.07151507641771015,0.8239205387483294
BNIP2,0.0423729563080375,0.8241381119315262
PMPCA,-0.026675836680656317,0.8242704538659841
MCPH1,-0.06443119282542797,0.8242719808096892
NPHS2,-0.10564375742922127,0.824417508121644
CIC,0.046695682980915976,0.8244977266437009
LINC00563,0.0454800578315,0.8247598650151029
SPINT1,0.08509054712671738,0.8249598717213472
AZGP1P1,-0.0948481433746613,0.8251451655768197
TSPYL5,-0.03132422100909871,0.8252520807640812
CALCA,-0.11047308389025456,0.8252629898320445
SMAGP,-0.05170995050777716,0.8253151581346715
DGKE,0.1014329872479891,0.826134701852608
GPR162,0.08542664192637428,0.8261832896319715
YAP1,-0.055288662816086465,0.8262376184094754
CCDC25,0.04256162932330376,0.8262786542136046
FGFBP1,0.11212681016639081,0.8264169983981522
GPRC5D,-0.03760339353010611,0.8264914583593745
RSAD1,0.030196336317466432,0.8265029406128904
NDUFA4,0.024882663523039028,0.826516583505556
TRAF6,-0.029172164365483866,0.8265608618152875
C17ORF53,-0.08056001808839319,0.8266435203431705
NRXN3,0.09580495762029928,0.8266731625321152
RIC8B,-0.02240138293311844,0.82709712527186
ZNF12,-0.04734187280627111,0.8274136810840665
FGF4,0.04219453745068158,0.8274199129921272
SPAG8,-0.049323530356864875,0.8275225945174383
SLC44A1,-0.10226912125147702,0.8276178254811883
JPH2,-0.029668370260281574,0.8276234905120903
PLXND1,0.12177982565693668,0.8276288791830416
MSRB2,-0.07921881812309728,0.8277608847533293
TMED3,0.039687925907418986,0.8278022629097902
GABRA4,-0.10797643183194339,0.8278464071644889
STX4,-0.04127173739499668,0.8278524436533
USE1,0.05735727299521809,0.8279496074103929
ZMAT5,-0.1204575140087103,0.8279504520409844
DAZAP2,0.03191544818163905,0.8279584693245778
PRSS3,-0.05874797154290512,0.8279632511321451
CRYBB2,0.0680645448187045,0.8280921953262148
RNGTT,0.10044073876300175,0.8283174671613717
EDRF1,0.12127951875838594,0.8284554643594441
DNAI1,0.09141283233384101,0.8285225794338308
RFX7,0.08310365428414102,0.8285521027592143
DFFA,-0.024904795990833506,0.8286407716108073
GP6,-0.08534467354740016,0.8286540168705698
HSPB3,0.0751226482820142,0.82890004733558
PGM1,-0.051804699268366505,0.8290718261157778
RAD51B,0.09062196620840535,0.829103000775322
C21ORF2,0.14915171903904145,0.8291230403495411
SEC31A,0.028628503983060938,0.829361496309011
BYSL,-0.0778803639931187,0.8294800128797165
SLC25A42,0.11602564066971244,0.8295311558924466
PRRX1,0.05231132879302791,0.8295595936225573
GPLD1,0.16745068033574473,0.8296092090791604
ALDH9A1,0.04359349569083726,0.8301776123863573
ZBTB48,-0.045012008195623565,0.8302283169617224
ZNF143,-0.040626917980736366,0.8302396908996925
GCKR,-0.06545216983433289,0.8303132780829537
ST8SIA3,0.11390672999369089,0.8303179662850048
NACAD,0.11274424140419814,0.8305402150094144
STX12,-0.023113877369185687,0.8306486189311704
CD302,0.034436531935082115,0.8308003541122513
EFCAB1,0.08391374548885189,0.8308577800454774
FOXL1,-0.04979832935173523,0.8309547664853514
STARD3,0.05976055037167427,0.8309595465403039
PYY,0.09868183767804739,0.8309613818066378
DOCK5,0.08168038906227171,0.8310432860356034
GIPC2,-0.07949874312143557,0.8311122497830072
FEM1B,-0.08992733871589209,0.8312324656390718
FGL1,-0.043434521679632354,0.8313492571049064
ANXA5,0.019417275285423585,0.8313824529287329
NHLRC2,-0.055786137507055855,0.8314660544577369
ENPP1,0.1089727194933463,0.8315409301997472
NAG18,0.12192706688110633,0.8316350924948359
FAM155A,0.07762762147024826,0.831654253760986
TBPL1,0.04777076396797675,0.8316717860228159
MATR3,0.03749302988520853,0.8317126559329008
TAF1,-0.09217505289929928,0.8317815510910389
JOSD1,0.028256357731351045,0.831886505929733
IRF3,0.04403281121284408,0.8320089715455078
CHL1,-0.13106631939072155,0.8320285785555459
RAI2,-0.09664593628584939,0.8320699289039872
CETN2,0.018037892106409714,0.8324307595801347
HLA-F-AS1,-0.05448602576046824,0.8327533204362105
CRIM1,-0.07029689731411715,0.8327929326629187
PKDREJ,-0.06723280985312119,0.8328138084024492
PPP1R3C,-0.08971213610637285,0.8331910428776325
ZNF282,-0.03344839094715013,0.8332142236634557
CEPT1,-0.03515241970551841,0.833228675113903
PLEK,0.0816544130539949,0.8333511072115877
RP5-882O7.1,-0.008636658236078176,0.8333836433078187
SLC25A22,0.05159769721023544,0.8334029037922143
SIRT1,0.03735955029407556,0.8334669447213339
PALM,-0.04428932006427466,0.833512097231865
RP11-457I16.2,-0.0655672715951674,0.8335493985732166
DTX2,0.038281467549976966,0.8336568899938469
ADAM7,-0.09065526131365509,0.8336856156435356
GJB3,0.08817002780742111,0.8337912546667112
ARL4C,0.10099553251930615,0.8337986918541769
VAT1,0.07365863612157675,0.8339026948680055
ARSB,-0.03602920956242084,0.8340067006613233
SLC17A5,-0.048377656044497286,0.8340451236676681
FGFR2,-0.1403074438336449,0.8340891538076161
CDC37,-0.03618443206450728,0.8341795109600251
PSD3,0.15005699237566006,0.8342858196914618
GCK,0.04885501383308277,0.8343183123320717
TOR3A,0.026161030519345374,0.8343650437547091
ZNF230,0.08874963064331354,0.8343760536329808
CLN3,0.05217018194573342,0.8345272258992308
PEX14,0.03697237119200114,0.8346883440627754
YPEL5,0.02419435530489089,0.8346994905703017
RGS19,0.03365981454926725,0.8347216337768338
MYO19,-0.04103990442984262,0.8349077477065042
FAM124B,0.12609768678197675,0.8349839825050308
KIR2DL2,0.07561632465738999,0.835525442069175
DNAJC7,-0.026403603250066965,0.835676327458172
FAM98A,0.026261841406222786,0.8356815496117157
HNRNPDL,0.0460859243178211,0.8357431924328502
CACYBP,0.06231669091800285,0.8357595296009314
KLF3,-0.02699894271040648,0.8362176830424487
ST8SIA2,0.044455217348550846,0.8362504164211283
THBS4,-0.09901264693925427,0.8362518352870753
HMGA2,-0.073557466531323,0.8363170102557823
CEBPA,0.08769063145815181,0.8364014590865883
CTB-102L5.7,-0.05460528988414648,0.8364705598989624
DEFA4,-0.06511057832744882,0.8366860308128383
MMP17,-0.07614784536011143,0.8367217331458795
CDC37P1,0.0818484472591181,0.837008665596284
FAM206A,0.02917152692050884,0.8370718092326698
GRIK3,0.04635464597980565,0.8370722249008713
ADAM2,-0.1174254414522573,0.8371335522529916
GYS2,0.13405658576102564,0.8371411641896511
HIST1H2BC,0.11865634325716634,0.8373762111057333
TUBB1,0.11937164136864276,0.8374276176059834
F11R,-0.08479096234993388,0.8377876759037667
CLDN8,0.08951169759411304,0.8378166896531796
LRRK1,-0.0439578390590869,0.8380998379003258
DSC1,0.10741675511699889,0.8382541025119712
CELA2A,0.13379791277691977,0.8382703291692064
NPAP1,0.09615375258658787,0.8384401820668489
LGSN,-0.1261409233172346,0.8385222137503573
IFNA7,-0.03577590877165715,0.8385243764641971
RP3-507I15.1,0.04550140970340699,0.8386202041601059
VIPR1,-0.07440207417799272,0.8386379115475179
LRRN2,-0.10486255377534137,0.8390948869086569
ELF2,-0.034834891218452846,0.8391194543131241
HOMER3,0.1286711132838123,0.8392728125734045
SLC4A8,-0.12662404889749812,0.8393872427342912
COL4A3,0.13995373668966327,0.83945823343038
NRP1,-0.12221856505296902,0.8395174812608549
MFAP3,-0.1031453013992909,0.839531319729629
TMEM135,0.07253616567576593,0.8398969671605427
LIMS2,0.038201554622052214,0.8399521052921375
SSR2,-0.019007997049813596,0.8399698068701308
EXD3,0.03252113310363658,0.8400124861101215
CALB2,-0.08800384369922831,0.8400166458035014
TCL6,0.10450455462240216,0.8401435773357806
CTSZ,-0.08157224797043927,0.8401959500731666
ZNF281,-0.030393979487868705,0.8403396391082001
TST,0.0712631697286934,0.8404080269251959
DHODH,-0.1355944768296462,0.840415643179785
DCUN1D4,0.06155468410707954,0.8404197485554773
NDUFAF4,0.050337156335553246,0.8404604293409037
KCNQ1OT1,0.11142696587164291,0.8406453952577232
TBX1,0.12792245266809577,0.8407096403593113
APC2,0.08869650459335965,0.8409732865106794
RAF1,0.01675179763684298,0.841083413789053
WDR61,-0.0871667194157375,0.8412563527767175
DEF8,-0.037905957249019906,0.841268181073682
ABCF2,0.07262093732402164,0.8414495224428158
C1RL,0.04562310130488356,0.8415046695479682
DEFB126,0.06909213569976291,0.8415971561791271
DACH1,0.08202964228685872,0.8417872039645118
KIR3DL1,-0.12592678278800484,0.841981297386839
POU1F1,0.12715633304929908,0.8419896914069496
RGS14,0.06989115091992115,0.8420852438441337
STK38L,-0.04530971811975526,0.8421090145700431
PAWR,0.1020421561756808,0.8421611761949442
AMELY,-0.03883414153525866,0.8421912939535948
POLR2D,-0.04263667618691791,0.8421998240559929
ACVR2B,0.03274154348375813,0.8423028247799483
DNAL4,0.04360367387475517,0.842823385867041
DBP,-0.08655189701847377,0.842992522888956
SHC1P1,0.03759423243326232,0.8430251381866837
ZNF446,-0.06211793299771262,0.8430972155910518
CHMP5,-0.04158358613146973,0.843139791625694
HOXC6,0.0666266127534687,0.8434595824797881
ADAMTS3,-0.05449169579041957,0.843549371607625
RHBDD3,-0.11764398764348893,0.8437132437868277
EFNA1,0.0826919262997956,0.8439875223490766
TREM2,0.14083423561864983,0.8440997922923504
LRRC37A2,0.12802822830798144,0.8443183365521415
ASPSCR1,0.035216410636171425,0.8444407060194071
ACTG2,0.06940271360577732,0.8445352127846042
TUBGCP5,-0.05950102905542831,0.8445586046280873
CNGB1,0.10542812106140209,0.8448784109494788
RBM6,-0.04308167259091,0.8450536982231852
RNASE3,-0.09442511910929685,0.8451510202266523
ASIC4,-0.04246874179292881,0.8451564146553261
ATP2B2,0.07510523937442493,0.8451944352265922
CAMK2B,0.08062026538762623,0.8452031405091751
TNNI1,0.035538302959833956,0.8453780956423529
PLXNA3,0.04581810638505068,0.8455954737431224
MFN1,0.04421413978360711,0.8457246395330861
EPHX3,0.08629486549879228,0.8458336917541269
C19ORF24,-0.04608623047854188,0.8459087110617731
RGS17,-0.03077215036181613,0.8459304383367465
AK5,0.10113386252684986,0.8461413439928593
TAC1,0.1304218033586162,0.846200043598149
FAM53B,0.023722603543557597,0.8462123317297318
CLDN7,0.0651496791380648,0.8462192159429578
PGAP3,-0.028413820823439018,0.846277939808247
C19ORF57,-0.08755494731536295,0.846342570710798
PTGES,-0.05896260296488087,0.8463568178718496
LOC100505874,0.07318849016143325,0.8465269019272287
GALK1,0.09368334575369275,0.8469031228617085
TULP2,-0.09794017345983441,0.8469679011822308
SMARCA5,0.04611502949294266,0.8473706339099712
TIMM22,0.045013244825355514,0.8473887832755542
MIR1204,-0.09058701436119154,0.8474261403146889
HSPB2,-0.09804575481394195,0.8474631860364042
TRPC4,0.11099827050272193,0.8475805881723094
LOC1720,0.12297905331803527,0.8475830091797318
UNC93A,-0.0987085730426358,0.8476969668604997
SLC26A4,0.09231897699667435,0.8478385822441991
GRINA,-0.028368081172541082,0.8478408301764578
XKR8,0.026052885534314285,0.8478517904042584
SLC26A3,-0.12928877038726894,0.847889123086784
FADS2,-0.05366276635313216,0.8480842896696197
RARS,0.019311226806204118,0.8481391268663928
CXORF21,0.04789445034612161,0.8481483414936097
ALX3,0.06062327618812535,0.8483044809108384
WRN,0.03593588635832212,0.8487431882129369
RPS11P1,0.08953218450011402,0.8488916988619793
OXLD1,0.11820768497817458,0.84891186747822
HK1,-0.03644040705109397,0.8490220968510711
EMILIN2,-0.05231641387645336,0.8490313378847651
COPS2,0.05628114012986973,0.849118312964407
PKD2,0.0399061705185364,0.8491245871987865
FGF2,0.10865557103778212,0.8493034771034871
HYOU1,0.04130042250611865,0.849519523742968
CDO1,-0.08872550453090788,0.8495366033501064
TIMM10B,0.0314700788638298,0.8495945678375644
NEDD8,-0.027267545772060586,0.8497000857135653
CAMTA2,0.03493551826886154,0.8497347356727799
PF4V1,0.08805204034589531,0.8497645667427234
GRM6,-0.04157179755326457,0.8499647984802957
KCNA2,0.110210392614424,0.8500266383890592
TUBB6,0.03987318209894397,0.8500578857402773
FOLR3,-0.11303368685642123,0.8501594027419075
CISD1,-0.04175326560782722,0.8505627024438132
ME1,-0.07999704188595658,0.8506322621800048
ARMC7,0.04208461132109065,0.850899900263965
C1QB,0.0568139913723158,0.8509039740493926
QSOX1,-0.030085840698173882,0.8509811560723443
ODC1,0.05580741974016945,0.8511455515603219
CHRNB3,0.08027188063680013,0.8512523002401372
MRC2,-0.05556951809832178,0.8513466375982802
RAD23B,0.12152178460273566,0.8514126563915233
CCT8,-0.051129938772444206,0.8515440033864717
UBE2A,0.02224006820808988,0.8515750931249912
CLCA2,-0.10044197951565081,0.8518197035699352
WWP2,-0.04311767761448948,0.8518971564572001
BCL10,0.052327440717897744,0.8519154477400499
ESR1,0.10216964808914852,0.8519243890189593
UCHL3,-0.0360380148311652,0.852227449560434
C1ORF21,0.09805705086408434,0.8524631718753523
RALA,-0.03636889392837439,0.8526488634367428
MGC4294,-0.07643024244762398,0.8530385669998121
HSF2BP,-0.03743774833222702,0.8532731284993481
MIR6872,0.11726355384097431,0.8533404343425207
C19ORF10,0.023416765222867397,0.8535110486998625
CLCN5,-0.04353275102735399,0.8538393208131392
KIAA1751,0.0813466062249093,0.854026949888064
PRDM9,0.057159631230718766,0.8540433525927772
WDR62,-0.05563952030393793,0.8541409857496315
GCLC,0.04164828454354286,0.8542008386048188
ST8SIA5,-0.06507416884445316,0.8542956113540254
TMEM35,0.04143515461724245,0.8544543472702283
TRPC3,-0.09674486394825266,0.8545096597421346
SLC6A15,0.03904181582087274,0.854625270787308
BRD8,-0.08698147745722995,0.8546626301696678
ANKRD2,0.0903128298268614,0.8546826535730665
MPP2,0.04714938583247541,0.8547640777872263
PGP,0.062353094368751805,0.8550501398532244
ZDHHC17,-0.06525853106609159,0.8551932877375464
POU6F2,-0.05501921088683659,0.8552818944081964
TJP1,0.027972894689982652,0.8554002628343547
ZNF385D,0.08758779978152376,0.8554734499945694
MSANTD3-TMEFF1,-0.09246206752587671,0.8555629849164775
CREB3,0.02379631865486509,0.8556085289585967
ZNF280A,-0.04110970024889404,0.8557184758155293
TEX28,-0.031282879526416174,0.8557709193657695
BEND5,0.06272899183402014,0.8558194447987713
PLA2G2A,-0.03351763525995288,0.8558783414985545
ZFX,-0.09412057261944451,0.8560103224454298
ADD3-AS1,0.09692978850310263,0.8561897284122176
PTPN13,0.05144155508432391,0.8562560865005141
KIN,0.034660984442265175,0.8562973912859092
CPED1,0.029881656253967215,0.856333342619036
DLGAP1,0.10048752130393535,0.8563724173181414
BC069004,-0.0405847521864553,0.8564980055330473
TPH1,0.0942354800994476,0.8566803569382765
PDE6H,-0.08843942647286784,0.8566857737617198
UFD1L,0.0260258042477286,0.8569852463555994
RPAP1,-0.03183545104925489,0.8570571521544034
ABCD4,0.08067062827279603,0.8570681267456579
GALNT7,0.02661727084228538,0.8576786477752596
KMT2A,0.10322312289347035,0.8577128074437678
ATF5,-0.05668192608222533,0.8577438288664289
PAK7,-0.12973562545644146,0.8581418916607498
ARAF,-0.028576719662190442,0.858165033916677
FLT4,0.051473876505701455,0.8581708965566117
CTC-428G20.3,-0.025133564583679657,0.8582613222466176
LMO7,0.07240058082645096,0.858264741898343
NUFIP1,-0.07448038507706745,0.8583538556649785
URI1,0.06514627249599059,0.8584082674851187
TTBK2,0.04103423824891639,0.8584666423886941
ANGPT1,-0.07538549890396506,0.8586060716576779
PTGDR,0.06421809274481305,0.8589950427150675
FOXN1,-0.03715387852608032,0.8591289761557318
TMEM43,0.03174526358333196,0.859205602441805
SUV39H2,-0.10125504981218558,0.8594810254913641
MUM1,-0.0564191269333163,0.8595815527507131
HAUS5,-0.05619986567805402,0.8596433095658692
MIEF1,0.032687992770286556,0.8596451020840118
TPD52L2,-0.022816617655546878,0.8596580728561048
SMARCE1P2,0.08299613310780884,0.859696828236144
ANK3,0.08069032571660006,0.8597704536407423
ATG14,-0.02787196408836401,0.8599405540681753
CELF2,-0.04310115569852435,0.8600657041063252
EXO1,-0.08146622370947476,0.8601359650352856
SLC6A5,-0.050905332222647814,0.8603169805527778
SDF2,-0.014039086079492336,0.860357170268662
SIRPB1,0.0866673603968744,0.8604009754542635
SRBD1,-0.021606357555327804,0.860462556603587
SRGAP3,-0.06916670605176911,0.8607808070111664
ACVR2A,-0.025795372689723095,0.8609176140151876
UQCRQ,-0.019974904673540905,0.8609230543648814
EIF1AX,-0.08241520771517763,0.8609989789831862
CAPZB,0.06427824282351935,0.8610277489786126
TLR5,-0.04035233291885554,0.8611649832634396
SOS1,-0.027423722394273042,0.8612631897342351
LAMB1,-0.05728124488942754,0.8612658954223339
NAPA,-0.025743158263475507,0.8620135342027865
HOMER1,0.07339811742418423,0.8620868115842814
CHST4,-0.027419569997155335,0.862385929046459
TAPBP,0.06847036102543758,0.8624755565576796
ACTN3,0.040785357376124765,0.8628386975554073
MIR6516,0.04298269612923189,0.8631246678462878
ZSCAN16,-0.0333793468866741,0.8631665467155701
PVALB,0.08310038302139144,0.8634375702677773
ECI2,-0.03718135943718437,0.8634513658757156
SLC36A1,0.03452711269941133,0.863572293683194
ARHGAP29,-0.05046758606314228,0.8636799714129217
PCDHB8,0.08875672611159846,0.8636986187937201
IQSEC3,-0.08428629820890965,0.8637438718412543
DCTPP1,-0.02946535990088961,0.8638887938844938
EXOC3,0.04151746215397267,0.8641010312883348
HCN2,-0.0856716692989945,0.8641839930773548
TDP2,-0.02024269876624807,0.8643699369023472
MLLT11,0.05702441391147417,0.8644457148352028
LOC101929078,0.0865032555856744,0.8645400750010308
POU3F3,-0.08646999794008803,0.8646675782570379
RRNAD1,0.03290282205882278,0.8646840538612673
MTHFSD,-0.020202767985628256,0.8647133367458438
SFN,-0.024678134924723594,0.8648587903201025
SUGCT,0.07754456504808971,0.8652118201993604
PRCC,0.031031155961274592,0.8652442346288396
MYH4,-0.09775928520996757,0.8652613374475757
MBOAT7,0.08323158657775043,0.8653011990004129
HCG4,-0.10789115465193344,0.8656621938358661
LAD1,0.07245459671516485,0.8657280470392922
GREM2,-0.08403268976072553,0.8662571531472736
FBN1,-0.04557526936132206,0.8664282941386974
TFE3,0.0358877750751585,0.866456092682036
DIAPH2-AS1,-0.08060928484981744,0.8667468759262098
EMR3,-0.12247358722627766,0.8668763307304126
SNRPB2,-0.033050163223078854,0.8669655987717287
DNAH3,-0.11914486940627178,0.8670917254637853
CYP4B1,-0.21852185146522185,0.8673013005915916
SNORA5B,0.09165979997981655,0.8673331790582435
ANGPT4,-0.06574551698683528,0.8675255267296389
ARHGEF16,0.02255095073349711,0.8677089137263583
MMP25,0.05590517495044711,0.8677275816812325
SP2,-0.12902166112258096,0.8678427124593728
KIAA0319,0.05774511142228711,0.867851007407439
RP4-781L3.1,-0.026948277441750434,0.8682488895984148
GLUD1,0.021046602730530495,0.8683488154403188
CYP2C18,-0.07660041754258717,0.8685573144778778
MOCS3,0.022596955006453534,0.8685978342525321
RPL8,0.018037076586447043,0.8690686895310779
MR1,0.10844576106869397,0.8690777949930281
YARS,-0.03525376024921201,0.8690931647847738
TULP3,-0.06266121005764802,0.869176774522092
GPD1L,0.06516857012698019,0.8695972153429333
APOA4,-0.07761256353530666,0.869604113773139
CX3CL1,-0.07658776539395173,0.8696349760186409
UTP11L,-0.03716982902112953,0.8700517034580746
ATP11A,-0.07293140455288682,0.8701793597766886
MEFV,0.0739552347284631,0.8701823956840183
TBC1D22A,-0.08450506355886578,0.8702434228503908
HIST1H4F,-0.033695684175995666,0.8703224745205348
PPAP2C,0.05446220016351955,0.8708378155868862
RP4-710M16.1,-0.027205408462263492,0.8708600244817346
CHD2,-0.05359570226933297,0.8709924636925065
SNRPC,0.02297521042581785,0.8710638677376916
RENBP,0.11342275000165714,0.8711118670685253
APOC1,-0.08897436771284006,0.8711728207761487
HERC2,-0.058780494780876325,0.8712105820582758
RB1CC1,-0.03598540741725653,0.8712243825287451
MIR4691,-0.02634618846883985,0.8712308869523914
HIF1AN,-0.03974267314641011,0.8712666102422915
RBKS,0.030550814014684846,0.8713600652396304
SLC37A1,0.10398734408663213,0.8714216746243055
RECQL5,0.07705003199327987,0.8714950519644639
DCBLD2,0.03857961032063528,0.8715967892053199
FKBP8,-0.07045362104183717,0.8721104084592333
MYH6,0.0483729085379645,0.8721239127283598
STATH,-0.1065636210147991,0.8721480368620195
GTPBP2,-0.015210962563527275,0.8722590486507875
LRPPRC,0.030925550291017956,0.8724542657258401
SMIM7,0.040181145423685116,0.8724933256514581
CST5,0.09410459166514507,0.8726134233069264
ADI1,0.02445972036478672,0.8726649849236536
ZNF629,0.01856016857257714,0.8727239166039733
OLR1,0.08811053045517436,0.8729206655217647
CSGALNACT2,0.05257954009289989,0.873124797972743
PPP6R1,-0.01915141885777949,0.8731415106851665
ARF1P1,-0.0510338819886762,0.873149439721999
LPIN1,-0.03942395538865906,0.8733420848511961
OSTF1,0.02733850615476463,0.8735199719913815
IL1RAPL2,-0.03583714043064834,0.8735202585380131
C14ORF1,0.07853547158519536,0.8735715229401072
SNAPC3,-0.030439064922800796,0.8736130727699642
TXNL4B,-0.020007967606224142,0.8737341322613454
MSANTD2,-0.03743739177446059,0.8742603769724384
NXPH3,-0.036707119089467,0.8742848958506815
MUT,-0.02727008644255413,0.8742887904711122
CEP85,-0.020915500777775264,0.8743651383848198
CRYBB2P1,0.053409875965203746,0.874649846656102
KIAA1456,-0.07276803141121047,0.8747141654999675
TIMM50,-0.0578483101809768,0.8747183553601092
MAP3K7,0.034064247787430446,0.8749882090726773
MYBPC2,0.068698458583905,0.8750239667493466
SLCO2A1,-0.04387978450781027,0.8754907597300884
DHFR,-0.09144472809171234,0.8756223779862766
PLCD1,0.04524396473036418,0.8757622508250698
KLKB1,0.06562983903894981,0.8758888955163491
LINC00667,0.03327356250840019,0.8759823384721144
RP1-149A16.17,-0.018168212913355575,0.876011123840205
PVRL2,-0.018305303541859885,0.876117570116861
BTNL3,0.036208602400004786,0.8761627690340145
TMEM183A,0.03196108243759621,0.8763348774676694
ANO3,0.08476995585286407,0.8763505170438555
CHRM2,-0.06468452418847637,0.8763719398261852
C5ORF45,-0.06926710076026499,0.876457878258744
NRDE2,0.057180084969167044,0.8764633744293141
GNRH1,-0.08894133055907982,0.8766249619720052
NME7,0.01988173993628095,0.8766935081232105
ITGB6,-0.07350384928742582,0.8767093884621395
AOX1,-0.10646620613766178,0.8768831899159224
ZFAND3,-0.01434740355357711,0.8777722808895588
ZFP37,-0.03172043362372534,0.8779180158768377
GLO1,0.01709600945079437,0.8779550787777467
SLC9A1,-0.1000767240748841,0.877963944901939
SORD,0.045555595371624236,0.8780896158153362
C11ORF1,-0.07115101237293597,0.8781343628743723
NCOA2,0.09882822544153136,0.878215900611801
HSD17B2,-0.06225989299493673,0.8782735917648629
TM2D1,-0.03332164139714422,0.8783308525907237
TMEM50B,-0.025904556848486138,0.8784990890541378
TSN,0.02755538165273741,0.8785448700677778
GALNT11,-0.024867281542558572,0.8786935748842337
BUB1,0.07941721619488185,0.8787652172659807
BATF3,-0.044861427878595705,0.8787842923934117
NDST2,-0.045365750934513116,0.8789130267765708
GPRIN2,0.044929982490558906,0.8790491291159249
EPB41L4A,0.08151193753416264,0.8791775257947196
VPS13C,-0.04287179515882489,0.8792365251828185
TMEM214,-0.020555955432282502,0.8794188231056043
CFHR5,-0.03777627828308838,0.8795539103388901
PPP2CB,-0.07474920663066253,0.8798540303856811
ZNF137P,0.020960970506734178,0.8799368132898621
IGF2BP3,0.07981734208078084,0.8800663417144438
LAIR1,0.06856045405065814,0.8802712293841667
TSHR,0.10073836801890668,0.8803462152434899
LAMP2,0.030969782601799167,0.8803570452764717
GYG2,-0.16058380575551467,0.8806558759017222
EPHB2,0.11604826010268177,0.8808054939097556
MYH8,0.0727781469054043,0.88081342550461
LINC00472,0.08336818803617074,0.8809173749651661
AF007147,-0.0785754222469599,0.8812200109478949
PDGFRL,0.06247514777115448,0.8812583625239994
RCN1,-0.02260865352669228,0.8816812970549828
SSBP1,0.04170618501091106,0.8817002413702282
CTDP1,0.03763232206634015,0.8817109014998326
SUCLA2,-0.028339469003569207,0.8817821429178413
PPM1B,0.059145679520749894,0.8818136577634242
TEX2,0.0228215806592047,0.8818907201033698
NET1,-0.04758682309187989,0.8821614982860899
GPT,0.0758242457908258,0.8822933813009254
TMEM248,-0.019881971778740848,0.8824149459516625
DEF6,-0.07029237095315999,0.8825482455334678
C19ORF80,0.12080507663533036,0.8826525128761873
CREB3L1,0.07319203067657298,0.8826790158895096
PTX3,0.12989569365549958,0.8827212398408918
SHCBP1L,0.07008424874392905,0.8828112113425974
SRP72,0.04384659455415996,0.8828934557405145
HYAL2,-0.026645261677870735,0.8829293469174755
SDPR,0.051399330812488486,0.8832287675109138
INSL3,0.0685544191416696,0.8834578624715287
LOC101928625,0.03250862540380517,0.8835956179985263
FSBP,-0.06817951634833097,0.883688574185373
ASIP,0.06713746773454243,0.8839255504517535
LEPROT,-0.025679523814396532,0.8841894180835419
H2AFJ,0.044506198756884885,0.8841970840717
ABCC8,-0.034763019945499796,0.8842964965742768
POTEKP,-0.024632828060157763,0.8844420709628023
CATR1,-0.059037501458196084,0.8847195464560862
TCTN3,-0.013346853940170433,0.8849622122535349
MCF2,0.07509663487737761,0.8849781652953859
IP6K2,0.0185523146335953,0.8850377316307816
CNR2,-0.028701017737139622,0.8850386839359924
SCAMP2,0.029625335717719636,0.8851303288913038
GLA,-0.01929529514080741,0.8851695210109864
CRTC1,-0.058135287059100094,0.8853611914755365
NACC2,0.018392382978838384,0.885363018052587
FOXJ1,0.05193342311408511,0.8855386559454049
PRPF8,-0.014948028723418716,0.8859124610993556
GP2,-0.07727642261936296,0.8862997013512351
LOC101930150,-0.09416727027885097,0.8863087954867307
CTAGE15,0.013323357015286419,0.8865146782853753
ABHD4,-0.026214934258478095,0.8865378041269251
RAI14,0.03816520896898545,0.8868927707010649
HSPA5,-0.032514092285572005,0.886921464733408
MEGF9,-0.07655972272259426,0.8870116860200733
COL5A3,0.06278415525544823,0.8872148429120784
POLR3F,-0.02901381105231149,0.8872706497192674
ACADL,0.10571764062198286,0.8873532441979056
COX4I1,-0.07499864419355973,0.887561400313588
PNPLA4,0.04277045642764232,0.8875724767251221
CDSN,-0.03867379652333769,0.8876786688977107
RPS10L,0.026888013976344993,0.8877347650906889
C6ORF48,-0.024861373756660754,0.8878174540925332
APRT,0.026463618129518807,0.8878601911393597
PRO2964,0.0643282897821118,0.8878619434539727
CDC123,0.016440704028633846,0.8878713810082314
ILKAP,0.014891185868057377,0.8879085315054344
NME4,-0.03669839463286806,0.8881422814767476
EIF3M,0.05386148051493134,0.8881708381279576
ACADM,0.042619509493608376,0.8881799377802663
TMCO1,-0.025802350395451867,0.88819976537075
AGTR2,0.08767988906020863,0.8882557404094572
LPCAT1,-0.028020508919691878,0.8882951186352929
ANKRD1,0.08416836365182379,0.8883582321426091
ESRRB,-0.026278806756645068,0.8883593455526037
SPX,-0.02907502549853369,0.8887922050571206
ZNF613,-0.05989962208660238,0.8888174741214143
GYPE,-0.08602815133110031,0.888862310215034
RAB6B,-0.059947584615090754,0.8889860445754347
FHOD1,0.024623717583549976,0.8889984208614269
AP4M1,0.04626108471717405,0.8891877508117982
ZNF574,0.06798430778614506,0.8892334073869054
HIST1H1E,0.06221999734481809,0.8893253428368082
SPATA31A1,-0.06492550150310006,0.8895072122998261
ABCG4,0.029619090918422408,0.889599104382218
GCC1,0.020619779697796048,0.8897938457049819
ESPL1,0.0380499445879936,0.8899715018121793
SI,0.08893921512893099,0.8901918193094126
OR51E2,-0.06039654554287743,0.8901962034605696
HCK,0.04635321683893778,0.8904645851522508
TMED9,0.035777729175823225,0.8905470303666272
BFSP1,0.07274338033136196,0.8905655473221448
SUCLG1,-0.022190743357329623,0.8905859543045292
CNN3P1,-0.053527256464611206,0.8905867465062136
SPRR2B,-0.03686068204525217,0.8906621804597171
MON2,0.06889973948753259,0.8908252575221635
MAPK1,-0.026278543646035324,0.8908405657456222
NRTN,0.06333842250226507,0.8909114277371546
FLAD1,0.025182115780448378,0.8909592695886941
CEMP1,0.03739415677245761,0.8909748552685631
CITED2,0.06544727765041536,0.8910907235742318
HCRTR2,0.050934086975616744,0.8913606472261694
MKRN7P,-0.029699850718110543,0.8913735418200922
NANS,0.026548196297097704,0.891408239621425
BNIP3,0.04566439469134309,0.891640098149487
STAM,-0.022150197240712544,0.8916838109472194
DSERG1,-0.05325411762891186,0.8925082424173897
SCUBE2,-0.028112721215078906,0.8925642293339373
APOA2,0.08607739622792554,0.8927702898527891
DHX35,0.02367145003978255,0.8928265882217775
OR10H3,0.041731463476649466,0.8928289713359724
PRDM5,-0.020465200496508906,0.8928398061093694
SLC25A15,0.02853299798604958,0.8928978680566528
DDX42,-0.01881115981613135,0.8930221173136648
CCNJL,0.03445943228506554,0.893043254547804
YIPF5,0.021336924822326964,0.8931471250028651
HIGD1B,0.07334389403310837,0.8931931103673871
CHRM4,-0.06878589796786017,0.893324578909744
PIP5K1C,-0.019045699598830623,0.8933314987670731
CCL24,-0.054293690286475904,0.8940210100014963
BCAP31,-0.02062194116004612,0.8943144490082473
ADCK3,0.041100884393722836,0.8943662361632625
PCYT1B,0.08792591474142863,0.8944272917463171
HPR,0.08436145621231272,0.8945790110438856
SEMG1,0.06592712901134812,0.8945891743637628
MCTP2,0.048501851876922686,0.8946213241460763
GRP,-0.05781500595493405,0.894721176650828
UNC119B,0.02780063100671093,0.8947281172159064
FAM182B,-0.05161471016219199,0.8952069161398687
AEN,-0.03364826524027009,0.8952184719529072
TRPV4,0.05783877889388922,0.8952845520432726
PRKAA1,-0.08404179853339855,0.8954388386286769
ASAP2,-0.03269304137247353,0.8955524142811896
WSB1,0.05265082792171594,0.8955667938044406
NCOA1,0.014911037070747923,0.8957619166985039
FMR1,0.03613940634392954,0.8958016220574652
ASCL1,-0.06774141082679108,0.8960575022396328
TNS4,-0.03962019702212416,0.8961854817441604
B9D2,-0.055199623234342354,0.8961993493311035
ZSCAN12,-0.03233078176319548,0.8964258647063218
JARID2,-0.025526353669871327,0.8964742386277131
OPCML,-0.08540148908105794,0.8965080953130599
TRPA1,0.06319583010293872,0.8965772453410717
GCOM1,0.024798769534042364,0.8967677204714918
ZKSCAN8,0.02218297378420786,0.8968103253257064
GPX1,0.02207931666117524,0.8968495812084042
CABP2,0.04801306600103672,0.8970051375037742
SHC3,0.01616522813091681,0.8970199894823995
NPC1,-0.06723967673081788,0.8970749527215306
MDH2,0.015423598269114436,0.8970754427800872
CALCRL,0.05255861140076057,0.8971521654341995
GJA1,-0.0306867991635702,0.8972444042015659
RYBP,0.04291075509189035,0.8973292392795181
CDKN1C,-0.07930032932858211,0.8974325874790956
MNAT1,-0.025178389411063762,0.8976729849572037
TUBB4B,0.028739267152385395,0.8977808368031845
NT5DC3,-0.040274004336917635,0.8978146118672345
PADI2,-0.03793650830564044,0.8980331431037343
AAAS,0.042004845865865725,0.898094128143946
MALL,0.028154735009591647,0.8981334690409105
SNRPA1,-0.044091770659225205,0.8981427224866461
CDKL3,0.029938401766830047,0.898218125322373
CD1C,0.13130541300540166,0.8982465219497159
POLE3,-0.02495651687337741,0.8982594365443335
UQCR10,0.015951018648895143,0.8984442994711316
MGAT4B,0.03092857886596434,0.8984531775555279
PDCD11,-0.032864983000639114,0.8984710334875088
IRGC,-0.06731275097886691,0.8984901489314329
EIF3C,-0.027426620883346686,0.8987421233664519
RBBP7,-0.009071212997350031,0.8987702655014382
RP3-497J21.1,-0.0772012520974652,0.8988010668663166
MYH9,0.02125405455047691,0.8988130584929869
H1F0,-0.03988024399726697,0.8988637576258217
EFS,-0.056692463305690666,0.8989088263691545
GABRA5,-0.06941802838297573,0.8989764430827278
CAPN3,-0.1149316109941445,0.8990545262939527
MYL1,0.06214359702230787,0.8992244347637068
C7ORF69,-0.03687494480291553,0.8992695839931129
SLC30A5,0.05433318214680938,0.899391117725529
DLX5,0.05109903414371875,0.8995209339729519
ZG16,0.030925305991219787,0.8996373588037939
CLEC16A,0.019484304255703577,0.8997986371834503
EIF2B5,-0.016223139541889253,0.8998965079587359
ZBTB39,0.020326843326270883,0.9000728544825729
PIAS2,-0.06333216863615654,0.9001517498272109
GPR27,-0.019963997999706606,0.9002364859176086
STC1,-0.07191950079767295,0.9003461822340165
BNIP3L,-0.025714223575198147,0.900540815294084
PSG1,-0.060013480567659094,0.9006769714022616
ARFIP1,-0.029883309053496454,0.9007318304708546
NR3C2,0.06554996608524633,0.9012032518806459
HSPB1,-0.02801148079512572,0.9013737567094714
ERCC6,0.019579256980194693,0.9016549886118363
IL1B,-0.08228087802528972,0.9017450247314955
PNP,-0.04166709124720214,0.9017842248217484
DPPA4,-0.07006619891702703,0.9018852623932697
RNF130,0.037397285249884504,0.9019600540569882
IGFBP7,-0.05217763204187875,0.9020493521281494
ETS2,-0.028738705557874056,0.9020980609686532
ST6GALNAC5,-0.03791228714052419,0.9021718160517999
ARHGAP22,0.044700928249886474,0.9022084893003737
WAPAL,-0.05716515297269975,0.9023082265822537
SPC24,0.029893925195175086,0.9024764418908927
SEC14L1,0.03135119342582371,0.9025876852614806
RPS27,-0.00917994629322827,0.9026118358331107
ENAH,0.026417676799319167,0.9028842348286334
GRIK4,-0.05539888849389474,0.9029418431880041
HOXB5,-0.019341186355191553,0.9031464795959117
MPL,0.06722810804426338,0.9032350516442802
PAXBP1,0.024232198978891617,0.9033683533019827
FMO5,-0.05944590093985891,0.9035810343343061
MIR1236,-0.013323966164767498,0.9035940909970468
SALL2,0.026103998028496278,0.9036308090548131
IL22RA1,-0.016303917144163904,0.9038811257838778
CREBZF,-0.032252547711438595,0.9041315298000488
OR1F2P,-0.01965895968107567,0.9041987365289196
CT55,0.04848232492040383,0.9043988813848447
STXBP3,-0.02494576301707596,0.9045572637749703
VPS26A,-0.010219232609733453,0.9049483930249654
GABRB2,-0.04544334316231069,0.9053107268188398
PRPF38B,0.03137485388408212,0.9053152914527052
AC005838.2,0.05726936206572564,0.9053343966754773
LARS2,0.017956383646199114,0.9054051974355535
NOTCH4,0.02802619723353228,0.9054840404022125
SH3BP1,-0.04993702542446332,0.9054992945989908
LMAN1,-0.07236594288282472,0.9055631457207635
TAF6L,-0.036171903893362334,0.9057273411256098
TMEM47,-0.048133491752651025,0.9058844562540194
GBA,-0.0269292277773161,0.905972882979745
ASPA,-0.04928069629917431,0.9059862077511907
FGF16,-0.04516448054796118,0.9060057726521968
CDH10,0.02203101126006235,0.9062571422347688
SCN8A,0.01667447800637678,0.9064578632612569
CETP,0.051110582116637104,0.9065033669480406
MYF5,-0.06475104909451179,0.9069510466320999
SBNO2,0.06976735652560961,0.9069592425839177
TOR1AIP2,0.035882962433241516,0.9069606099412391
ARHGEF6,0.02370420576508181,0.9071366422292224
MKRN3,-0.047984642272611566,0.9072020191559417
FHIT,-0.017014902675303034,0.9072569001168209
CLTC,-0.06415719122455688,0.9072606338660757
LPPR1,-0.01786936690051455,0.9072725532342059
C5ORF28,-0.025866188676537227,0.9072753456869074
CRYBA4,-0.034794325624925904,0.9074379862394963
CTR9,-0.01938324147750059,0.9074871385923639
DUSP13,-0.01453759258403231,0.9077484258053076
ADCY9,0.03402212714711972,0.907834239010071
LINC00894,0.02469343433022253,0.9079848958425486
ARPC1A,0.016583345317316756,0.9081499380625242
SLC12A9,-0.01812792784621564,0.9084768343542732
GNG11,-0.03290105895025164,0.9086689181452334
C19ORF40,-0.014254817064527359,0.9087818052071052
C5ORF30,0.03115160310709353,0.9088822968272403
RAB5C,-0.017466261184114984,0.9089609277848445
BTN1A1,0.048529449999205276,0.9089911885943274
DOC2A,-0.042903290115354764,0.9092225669536809
VKORC1,0.024327627722701806,0.9093546028675664
CDH19,-0.09317964424861724,0.9094653068167275
OR1G1,0.04377523158805907,0.9095272984910223
ISCA1,-0.026268506692254334,0.9096762670143823
SH2D3C,0.02839718973088967,0.9099267602306524
IER3IP1,-0.011633795622593368,0.9099831040830048
ATP5G1,-0.01565762613225452,0.9101359743413211
PAQR5,-0.04570944215895523,0.9103687686310098
ACP5,0.042972240433631015,0.910571776460441
PA2G4P2,0.043374423325546196,0.9107958511966531
LOC100288974,-0.03898518581678978,0.9107974557563546
CYSLTR2,0.048063839369226535,0.9108000635499406
UTP3,0.022173985972482768,0.9108604886902923
ACPP,0.03524868621978605,0.9109116826937309
MGRN1,0.017577221425488787,0.9110557868995997
ZFAND6,-0.022151708434241968,0.911192555893329
NEK11,0.014734263723798158,0.9113255308546994
FGG,0.03731506888016067,0.9115113618495991
CLK4,-0.022164850381765078,0.9116377453428074
BCAT2,-0.043173241908630366,0.9116666209297367
ARMCX6,-0.022811138857803392,0.9117639281955897
SAMM50,0.01627605875137128,0.9117690783093575
SPIN2A,0.03498881351952754,0.9118327881238636
COX7BP1,0.02419377542381973,0.9120303283487752
HBG1,-0.08665596281861632,0.9121451119495226
SACS,0.02605258695694168,0.9123733564749116
MRPS15,-0.0286070131259466,0.9125508479905116
VPS33A,0.028588360064902396,0.912743495714193
PAPOLB,-0.02714125019567515,0.9128330067642852
IBTK,-0.06852240948158395,0.9130367792349525
SPI1,0.048794509320124746,0.9131192375764952
GLP1R,-0.04477312398789923,0.9132475357858261
TSNAX,-0.013847471041977144,0.913403053619788
RPS16,0.014354080313164985,0.9135040645859924
TMED7,-0.0394018937193632,0.913725600612246
NINL,-0.025919108101779997,0.9139006325563597
FEV,-0.014006735326546504,0.9140658615391393
TCERG1,-0.03496234377092655,0.9140676790206783
CER1,0.02160015423709627,0.9141523086964874
GAPVD1,0.018571636116181622,0.9144944632605344
GRIN2D,0.05650118862284703,0.9145816573579011
CLDN5,0.0574689863543032,0.9146951072007427
CHGB,0.039532346850173816,0.9147327885736264
KLF11,-0.01948899397091708,0.9147882248173862
HIST1H2AD,0.06957423401943252,0.9148338723041071
SPIDR,-0.0310149537653146,0.9148452663173754
ACTC1,-0.04226143684412431,0.9150597054300068
WBSCR16,-0.012096828374406954,0.9150677682850754
PROZ,0.05002623974164866,0.9151353324498592
SOX14,-0.053258327648977755,0.9151906454373685
TRPV5,0.021597751268785714,0.9152182246986071
THTPA,-0.01705149836403841,0.9153426853065925
PNMA1,-0.010722981034279044,0.915401288117958
MAGEB2,-0.03271112922438313,0.9154376683440915
ACOX2,-0.030075599799184616,0.9155766326162647
GFM1,0.044024502217991035,0.9158180494204415
CTAG2,-0.05058457369379843,0.9159623888443639
SLITRK3,-0.0348717808361414,0.916152570015462
KPNA2,0.02869478978899309,0.9162670175009792
PSMA7,-0.018245192523522746,0.91632390911034
BCAT1,-0.054050409853383385,0.9164265872792472
PTGS1,0.03752339931921789,0.9164409951179322
RORA,-0.02094953739014649,0.9165221751481667
T,-0.03693625128588529,0.9165223155787467
SLC5A2,-0.044935765692064145,0.9165734849832315
TCN1,0.04768198594176365,0.9168049122795429
METTL7A,0.03024486898100065,0.9170446015174393
HMGCL,0.016331616203700605,0.9171220581410052
LIFR,-0.03810606586683285,0.9171705237639174
SAMD4A,0.05470065803807067,0.9172716856635365
TMCC1,-0.01326763848682333,0.9176225783647327
GPR97,0.04735965751822313,0.9181385468932608
RP11-219B4.3,0.03128347216402805,0.9181547513986325
CPS1-IT1,0.036763790202166025,0.9181737222344061
PAICS,0.03438962753813701,0.9183734726403049
ATXN1,0.05954123888907503,0.9185388066220713
ZNF80,0.0488122182925772,0.9186761804081911
GCFC2,-0.05346137121175598,0.9186924897586546
UBA5,-0.019040667988194926,0.9191307084604823
NTF3,0.05164327732616769,0.9191510399093631
RPLP2,0.04812624035205282,0.9192267235883363
FUCA1,-0.03517069512281701,0.9193609727358595
CNGB3,-0.03917939047044516,0.9194650702545759
MARC2,-0.022727411309241496,0.9195063116573243
OR7E111P,-0.03471209710951406,0.9195901144792106
VPREB1,-0.051733734408339505,0.9197460127536035
JPH3,0.05408379976627309,0.9201496109387016
NAT9,-0.013033244684482526,0.9202720680321779
OGN,-0.07151415401845895,0.9205446453656833
PCDHA2,-0.04196020834166436,0.9205709409206818
RDH8,-0.03769275516298265,0.9206963279229332
SAR1A,-0.03535235842830975,0.9207519910884173
CA6,-0.03604284772547928,0.9211476224509381
SESN1,0.02915954963332723,0.9212932407907095
OR7C2,0.018593313362684327,0.921413692342871
PALLD,-0.04452226281113436,0.9215206284531874
F2RL2,0.06253448195163891,0.9216409757939643
ESRRG,0.05962664945502594,0.9218279845952747
PTN,0.04970965775963876,0.9218424465753696
LSM12,0.03508207907649741,0.9220078070622966
PPBP,-0.048904793606886265,0.9220132828374316
RAPGEF3,-0.06686297712845768,0.922132816900924
DUX1,-0.048914750602920165,0.9221583538833886
ZNF407,-0.052575128240620383,0.9222732238745357
CAMK2N1,-0.0298608032293739,0.9223778684330214
SNX19,-0.021980406337851477,0.9224943758196905
LINC00474,-0.03843936780622581,0.9225848704602153
SYTL2,0.025732386304339272,0.9225877544133358
TARDBPP1,-0.05725110502136266,0.92266153949208
MGAT5,0.05047441622144078,0.9228354551831149
IGLVIVOR22-1,0.045536617768918486,0.9228680679399995
ADRA1D,0.03804638910078495,0.9234711051419024
ORC6,-0.017088482884434875,0.9234824995273375
AVPR2,0.04684431333937322,0.9234900374560494
PROC,-0.030279752078002264,0.9235143900518799
CDC14B,0.04861304114741749,0.9236022119877675
SPO11,0.04287046749526269,0.9238433225043823
HABP2,0.010208686293314173,0.9239836336836794
ITGA8,-0.026863807725113986,0.9242625192567279
TMF1,-0.03868022135662841,0.9243697870503119
RP1-181J22.1,0.055677966534680934,0.9245407999366781
TMEM14A,0.01868977387216475,0.924636764258519
CADPS,0.02145948236039885,0.9248800729374901
ZCCHC10,0.015039442800859781,0.9248966423486259
KRT12,0.0298096332130795,0.9251803133305729
PLSCR4,-0.024980523391830545,0.9252707720406823
HDAC4,-0.016149029010362526,0.9253977582547419
CPS1,-0.037333795142444615,0.9255331293460388
OR7E47P,0.04016037775779058,0.9255731913767619
LOC102725271,-0.0531662053440245,0.9256671331399664
HIST1H4E,-0.03585475339277977,0.9256867717663952
RPP38,0.01713454032739037,0.9261583810346685
AUH,0.02132260400588315,0.9263557100754684
PCDH7,0.05982788112404247,0.9263939160550386
CRISP3,-0.04945503840541532,0.926425243266182
YTHDF3,0.01812253621092097,0.9265047859847784
CGREF1,0.042800747906997394,0.9265475021464029
CPNE6,0.019226680780072503,0.9266704071003157
GC,0.05060895032671109,0.9266741889561693
CDC5L,-0.04324520589165903,0.9272399343574468
MRPS2,-0.014680199483649403,0.927250999453459
UPK1A,0.043833521394811115,0.9274491977219983
SLC38A10,-0.017026304278500604,0.92745288498735
CHODL,-0.04009772369111353,0.9277005666233377
HIST1H2AM,0.04684629469985602,0.9277963841245341
DDX25,-0.03583120522715166,0.927839646516483
OSBPL8,-0.017318122109866607,0.927933225966992
KATNA1,-0.007666971764558994,0.9279885686218643
AHNAK2,0.046475294600124784,0.9284075586351433
CHAF1A,-0.03954197082318345,0.9285594302743788
NDN,0.020123692751365496,0.9285652997410173
NRIP3,-0.024831150502574673,0.9287938167980451
GDF9,-0.015793583780451037,0.9287966937860209
CROCCP2,0.020335330499317905,0.9288568459345021
STK24,0.05530179933304957,0.9290566057198512
TAL1,0.02872033918697703,0.9294063004861294
BRINP3,-0.04570435277615381,0.9295191188863025
PAK4,-0.05546897230703696,0.9295400210195486
ALDH18A1,-0.012156103897117632,0.9297717168584371
KRT76,-0.01470294913379222,0.9300684945658808
UBE3C,-0.016011610011176458,0.9302660910800834
LOC102723559,0.043523111999125064,0.9302799708403064
RPP40,-0.02279727762979178,0.9302836219039071
CD84,-0.05119123889875965,0.9304514738446427
PRMT7,-0.04264502161438166,0.9305198088769223
NDUFAF1,0.013396075672327257,0.930839796076881
TFF3,0.04169007353780252,0.9309678859303078
FAM214B,0.017125856556177155,0.9310517151260388
PPP2R3C,-0.008957404010628167,0.9310527561172774
KRT14,0.04411552513886008,0.9312826171426509
LGALS3BP,-0.020668234701629373,0.9313379055632317
TIMM44,0.0305243314916277,0.9314311429956734
SLTM,-0.014189033856432332,0.9317823768796497
RNF39,-0.03601394189596796,0.9318674432707936
ZNF451,0.030176605708764903,0.9319899502746074
ATXN3L,0.03342769480346863,0.9322383923411066
NR0B1,0.049046137304490145,0.9326809375386929
ADAMTS12,0.01811853353102677,0.932803093564476
CHMP2B,0.02156813325986029,0.9328736331683034
NOP10,0.00955020756868663,0.9329942156404571
TMEM260,0.015116266672720258,0.9330114193494049
TFR2,0.045090875781379935,0.9333966236168918
RNF17,0.03891622891809021,0.9334364143858767
GSTT2,-0.047825280197726805,0.933640553579771
MYRIP,0.05003471448185248,0.9337128203447231
IFITM2,-0.010848136244694828,0.9337437696174995
ZMIZ1,0.009877650020159834,0.9339035966311972
ZNF571,0.021126839686377963,0.9340196654722991
TMPRSS11E,-0.044598229174874326,0.9342273835667777
C1ORF186,0.033946968995187454,0.9342352327250742
ADAM21,0.01566560592401789,0.9342592986823213
DAPK2,-0.04021273211018883,0.934823148824343
RPS6KB2,-0.015284522346684426,0.9349341248006843
FOXE3,-0.031697958750113386,0.93511458266486
NTRK1,-0.022619007610273467,0.9352841918309922
IREB2,0.04262125272939166,0.9353151128380991
NDRG4,-0.027943471558667277,0.93556487519978
RBM14,0.01418077557382702,0.9356838517603607
ZNF358,0.03564771044772108,0.9357135883607398
DPEP3,-0.03502315121608568,0.9357769049479824
GRPR,-0.0236950396986364,0.9360604926265559
SRCAP,-0.03891750945824768,0.9361311857516228
CLK2,-0.008549567721393814,0.9365157958715697
KCNA4,0.024266977252837663,0.936576808217253
PON3,-0.03433307332640023,0.9367917902292238
SNORA29,0.023139337212028543,0.9367926654790725
TUBA8,0.03767060944749545,0.9369325036035004
RPL18AP16,0.02055324346238674,0.9370924392116405
NGF,0.02203976024839438,0.9374604611906355
RNF103,-0.009758048785894147,0.9375653807516737
UBE2S,-0.01749975588578856,0.9375763042663587
SMG5,-0.01962039367219326,0.937903631406938
GPR116,0.021670252768169362,0.9379676386707689
SECTM1,-0.01498651626323877,0.9382059597365345
ZDHHC7,0.010640760025346196,0.9382360872725632
SF3B4,0.009536219951476355,0.9386021015968765
NR6A1,0.033605192585755894,0.9386705554634844
KLK15,0.03414334511210049,0.9388004793488058
AMBN,-0.022236135213550945,0.9389750918222214
ZNF26,-0.010954578067863707,0.9395000356982488
OR10J1,-0.03179713800078865,0.9395154133798282
NRG2,0.028649987380469533,0.9395167414984724
HSD3BP1,-0.039355499934238036,0.9395262225642655
KIDINS220,0.03264119453453507,0.9395530779031291
ANG,0.028038238074346467,0.9396660372085679
RNF32,0.046777100700155394,0.9396784710546958
SRP19,-0.038585651417755606,0.9397955453142978
YY1AP1,0.013543304598201189,0.9401000484627745
PTGER3,0.05417752002688436,0.9402348864834865
SHOX2,0.032639603677194984,0.940343371985335
ACTL6B,-0.02981121668003439,0.9404376717846544
CCNG1,-0.020535539680480497,0.9404456542099499
BAI2,-0.02271241800402013,0.9408386682337262
GABRB3,-0.04418451822626768,0.9409811712279691
MOCS1,-0.038533246353061656,0.940988293785482
CTSS,-0.026232448531082753,0.940989922761332
DKFZP434L187,-0.02827410050371526,0.9410154600590565
NAPG,-0.00989218735003572,0.9414448414374792
OTUD7B,0.019279089822738182,0.9415671857362932
NKX3-2,0.027845966828290436,0.9415860794278974
GAGE1,-0.02716800683094389,0.941726299279993
SLC34A1,-0.03617085181845958,0.941798715266617
ZNF549,-0.039916736283869714,0.9418164789733299
ITCH,-0.014501590472288939,0.9421184023215434
GPR143,-0.02151176930640597,0.9421985855776202
MFSD12,-0.0369276686521971,0.9422362377680771
PHF20,-0.019347697406966624,0.9422728341996154
VWF,-0.024861227962928112,0.9424481165911888
SF3B5,0.008599956424752975,0.9424684990062704
NME8,0.025708920701192906,0.9425023294758206
ACP6,-0.014978971837496857,0.9427362423212838
DALRD3,0.026443127031231306,0.9428502828418426
GPC3,-0.02402945973336923,0.9428826833800066
NFU1,0.01532294981197424,0.9429390421853571
UBA1,0.008195170548534136,0.9431621728724838
EIF4EBP1,0.017099549063566144,0.9434565859295635
ZNF268,0.01568232008608028,0.9436415569229166
STRN4,-0.010934793108727803,0.9436971751927797
FOXL2,0.017298170476068186,0.9438471714686186
GPR137,0.034631787159120186,0.944119435760467
IFITM3,-0.005114006779319169,0.9441601584993143
EIF4A2,-0.007780754745695617,0.9443437344941447
IFNA17,0.013243338715103192,0.9449977896990611
ME2,-0.022009593977095676,0.9450140508372424
OSGEP,-0.01392072614873996,0.9450399462126534
SMARCE1,0.008932149666744493,0.9450516162815903
TELO2,0.026262032387190715,0.9451694809599683
CLPP,0.01250129538095024,0.9451894633307647
AKR1D1,0.03135508156351463,0.9451914753249169
ZNF16,-0.010657874397576705,0.9452312379054658
LOC101929597,-0.015401351451695966,0.9453413960398558
VTCN1,-0.025775410518898312,0.945664575117304
FNBP4,-0.015422577053254116,0.9457630227957537
PIKFYVE,-0.010960625992229467,0.945854559213329
CCT3,-0.009590794145267978,0.9459875246569344
FAM179B,-0.010662313791920397,0.9462732823984896
SCTR,0.034109501495626304,0.9463464390296223
PLN,0.04271996604143968,0.9463906909512138
REV1,0.01014139217314991,0.9465387925752163
PSMD2,0.004919403303141223,0.9465736281957333
ARPC4,0.044940548460805196,0.9468217773882025
OSGIN2,-0.03422414012970698,0.9468289812314316
TYK2,0.011483503456542365,0.9469033371723089
SNRPF,-0.017883421772436847,0.9470174123021896
STEAP1B,0.01591518111898793,0.9470671451677032
MYF6,-0.0342586393417772,0.9470718289809147
COA4,-0.0143630694760013,0.9471685324365355
CORO1C,0.014257092896240664,0.9472471071828145
CDH6,0.04939693865452188,0.9472474727335722
PCDH17,0.02280447901195437,0.9473304412571476
XIAP,-0.022618638474950714,0.9473686809506401
LINC00339,-0.03010360920252797,0.947455438239808
FOLR2,0.018650192485445416,0.9476343871787972
REN,0.027289652400888542,0.9476830427711818
KRT84,-0.026435098813602398,0.9477481747243032
RAB3A,0.03390438556885744,0.9479130618356824
SLC9A3,0.015473184948225693,0.9479769266860868
ZNF124,-0.02222555550671146,0.9485077590010005
MAP3K3,0.009422612164634359,0.9485502448062483
RAB13,0.012192147875540016,0.9485641122060713
C11ORF57,-0.014330733990107092,0.9485904929924919
SYNRG,0.008957431269678295,0.948611542374047
NR1D2,0.018332319303365985,0.948690118947975
TBX6,-0.026808295788239622,0.9488184650686476
SCLY,0.025257288574419334,0.9489241434406531
VPS28,0.011966225728365032,0.948944321157587
SYP,0.024638283476337897,0.9490600642251453
HIST1H2BE,0.01870247456700369,0.9491348512587137
RP4-560B9.4,0.03698416108350422,0.9491756740354923
PHLDA2,-0.03480372319089042,0.9492473469371248
RP1-272E8.1,-0.014249465824671681,0.9492998551255125
ZNF34,0.0098580103993271,0.9497428739785102
SPECC1L,-0.009052049642788162,0.949994573565052
SND1,-0.011035710013139521,0.9501046762115376
FABP7,-0.024430481426839457,0.950233588323475
PRAF2,0.012354053557473321,0.9502374390214945
PCLO,-0.03317290142312945,0.9504805323375013
LDHA,0.007656171313080051,0.9505478701830201
SLC13A1,0.04756794135363185,0.9505689287827227
PRMT8,0.0223592405891333,0.9507416554462993
NAE1,-0.004212335461593497,0.9507581326554223
SPINK5,0.025493409752399998,0.9508744928771601
NR5A2,0.023506702338812246,0.9509479746350865
MAGT1,0.01543687045270481,0.9510223705563647
DMTF1,0.015571702522779063,0.9511356227018192
PRPF4B,-0.021130545203664752,0.9512299209576357
RAMP2,0.04535793522362397,0.9512576470980341
MMP8,-0.03133545264364912,0.9512959679975996
PTPRC,0.02922755100701835,0.9514323168277936
GDPD5,-0.02125585148680109,0.9515691032955882
SEPT5-GP1BB,-0.02766000830687343,0.9516637688724688
HNF4A,0.02354035017354672,0.9516950162692326
BMPR2,0.015003742025005096,0.9517718614288007
CD151,-0.012219347936085256,0.9522537496380977
NCF2,0.016720298423500424,0.9522589076882745
NKX2-2,0.027924976504672294,0.9522595760766676
ERH,0.008122696851309286,0.9523615339059586
CDIP1,-0.015473704714803915,0.9525410311211993
ETNK2,-0.008711039011626731,0.9527272680935415
OR2F1,-0.029824371151166318,0.9532685152220757
FZD1,-0.020176205277181225,0.9533839198361544
TNFRSF8,-0.01695193480741608,0.9536920300716514
USP49,-0.026376141813087894,0.9538735364352411
GDAP2,-0.009363366269197648,0.9539398624207182
COL9A1,-0.011104618565643154,0.9539481817092901
PPP2R2A,0.006843256576621215,0.9540537898953797
WDR76,0.013470886951727934,0.9543025267203391
GPR183,-0.022654520133839284,0.9544831264507085
FBN2,-0.021590256821385267,0.954586223880593
IL2,-0.033045928214231246,0.954759532951862
MRPL33,0.010809933618634915,0.9548120650495615
NAT8B,0.027505357548493592,0.9548731632568372
SNUPN,0.010758176186303814,0.9549284698910774
PRICKLE4,-0.003844349875944175,0.9549346240010821
ACOT11,-0.02487899004832439,0.9550409478820062
EPHA5,-0.03759109624700141,0.9552450192443035
YAF2,-0.010980139955905521,0.9554012058814441
ZNF580,-0.01326188146156504,0.9554248389823691
DAK,-0.02317660704426494,0.9554938912134809
PRB1,0.015673468691074,0.9558055648865291
KIF22,-0.025148318177414808,0.9558194644648907
MED14,-0.017989640306618426,0.9560316107969785
NFASC,0.02312718631888888,0.9561735669948263
TIMM8A,-0.03129589437191971,0.9561844960904293
POMZP3,-0.020833736086026455,0.9562940791072994
ZMYND10,-0.03343048874620003,0.9564459667883286
ANKRD40,0.010284273195761529,0.9564842083884794
SMEK2,-0.027582901727556397,0.9565500772799009
SCGN,-0.019810394534277798,0.9568088612373354
TBC1D12,-0.008727014076125528,0.9569267022685787
GPR107,0.029499978669192295,0.9571729063714849
PPP2R3A,-0.017043291130202753,0.9571890892260059
FUT9,-0.026400200621250036,0.9572235109559007
DYNLRB1,0.007908853174358299,0.9572749082074332
RPLP2P1,0.015197019811381551,0.9573448114806117
DHRS11,0.013055678862711417,0.9574734460204097
WDR19,-0.009507609324330701,0.9575735520592287
C12ORF10,0.00462657516664855,0.9577593777501666
FGF14,-0.028848085168534432,0.9580611160214803
DAXX,-0.011246508452376958,0.958480566900552
ERCC3,0.005529354868961889,0.9586251341826545
SDC2,0.012275559516210066,0.9589432892020633
GYPA,0.03136406979803996,0.9589596919904954
ZKSCAN5,-0.009996078582026335,0.9590436232632986
TMPRSS11D,0.010256001468319731,0.9590645401475025
PELI2,0.010725462198053037,0.9591421854488266
DVL3,-0.02373078549533414,0.9591642498375197
AGFG2,0.02219573877768255,0.9592727528134734
KIAA0040,0.01298547353495838,0.9593105977580637
LOC100505534,0.015848362273475303,0.9595873106191691
SOX15,0.012418100751315997,0.9596094284365715
MRPL42,0.007101281525290659,0.959707178749052
GORASP1,0.007216329331519944,0.9597652124104135
CCSER2,-0.008970024690512446,0.9598275272967155
GJA3,0.017529231945639268,0.9598896285473469
ATPIF1,-0.007964250118350336,0.959944615034454
ENDOG,-0.016250591203790243,0.9601133373164014
STOML2,-0.006167719134348104,0.9603494542996993
TMEM132A,0.01775933796173046,0.9604035579920818
USF2,-0.01137647177772827,0.9604947516316618
BAMBI,0.016531098166904457,0.9607898723680653
FRMPD4,-0.026121767930899153,0.9609623441429442
CCDC130,0.00557226196558247,0.9614545340382988
MYBBP1A,0.008978347937135922,0.9619095730453243
NCOA4,0.006981092349519713,0.961914683161587
TSEN34,-0.00763218232548013,0.962091768112592
IL1RAPL1,0.0122211107008674,0.9621515003041773
UBE2V1P9,0.010239163991583311,0.9623941405772579
CCL23,-0.022275950858438698,0.9627680442284967
LRRC61,0.02273057203226081,0.9628152291015136
EIF3J,0.016038947285340832,0.9630103547998032
EGLN2,0.007982911256000591,0.9630901633926909
MYO1C,-0.007613643299995587,0.9630923284055575
IARS,-0.011139136416144169,0.9634474309773022
INTS6,-0.009684971960516542,0.9635487369526506
PDLIM4,-0.030261437969364202,0.963598682355082
SCG2,0.025405936579691257,0.9636687313747687
DVL1,0.006539931942578292,0.9636755952963706
HMGN5,0.0130868312364667,0.9641932523994744
DIMT1,-0.018194276674481813,0.9642141355898197
SOX17,-0.011784044491481183,0.9645673287781559
ABCA1,-0.018483597796032925,0.9646807722825043
PRICKLE3,0.014247155842635806,0.9647730317340707
HYAL1,-0.012075366307430002,0.9649600116766365
EXOSC5,0.005786049487632283,0.9649855414760151
LOC102725263,-0.006625276967646698,0.9651595222310373
MANBA,0.008786241699631603,0.96519743103588
CBFA2T2,0.016230023876146582,0.9653564414882396
IFNA16,0.009023456294086074,0.9653728506748297
C1ORF35,0.009662608319391808,0.9655346457800643
LLPH,0.010445768557766577,0.9657298217768642
ITM2A,0.015980223507080282,0.9661977355023759
ALKBH4,-0.01302825686058462,0.966230875869552
TAF11,-0.008495780852786794,0.966269950370071
ARRB1,-0.024551576098722272,0.9663419869839242
BCKDK,-0.007576637380292794,0.9664847305628025
NOTCH2,-0.012347038425192025,0.9665077265280468
TRIM13,-0.004665058702157054,0.967101959828311
SBF1,-0.016412334862216493,0.9674813541588845
ARPIN,-0.0117819598736979,0.9675175472232993
PLA2R1,0.022536425852867747,0.9679029032291113
SLC9A8,0.00729367849535123,0.9680036083261933
CECR5,0.0047672526007307425,0.9680520592780153
PDE4DIP,0.023247082765521565,0.9681508041354331
MLF1,-0.008996062708740205,0.9688254571067063
PDE3B,0.025194768999041273,0.9689063403082135
SZRD1,0.016277522664704946,0.9690492559815944
CTGF,0.011063539693887847,0.9690582068829264
FDX1,0.012925634436559363,0.9690620621079472
WFDC8,-0.00910628226659238,0.969074664778242
MAP2K5,0.027669731912330686,0.9693865833667547
ZFR2,-0.01733168521685613,0.9694981544215828
SERPINF1,0.007989907317870859,0.9700062231814396
WLS,0.007628213632607128,0.9702670127791538
CACNA1G,-0.019032156394705346,0.9702864585444766
LRRC31,0.02058518193000136,0.9703228038441851
FAAH,-0.014687844080686574,0.9704691468451805
CBY1,-0.010403821343976105,0.9704734407088011
LOC100130872,-0.013410960938573524,0.9704775871254416
RBP3,0.01579755614444167,0.9708724697172911
TCEB3B,-0.013059654074651483,0.9709311844339423
PHKG1,0.010214833020549818,0.970993311527483
MFSD7,0.012924959492067067,0.9712276127532546
ABCD3,0.0053067287982404565,0.9712427472785149
GPR12,0.006372899015502753,0.9712687539503884
LHX1,0.015575831313677124,0.9714745761192899
MRPL17,0.005164640675031862,0.9716423542835293
SLC16A5,0.014994823510576794,0.9717125122068269
SERPINB9,0.013469493636889318,0.9717239459530219
ABHD5,-0.019744643202622925,0.9719939692915356
GALNS,-0.0061759162577921245,0.9720202677152577
GBF1,-0.004207566345630909,0.972058228111111
LUZP4,-0.018987234052644908,0.9720719737639517
VIP,-0.021683072267113523,0.9721575107794984
BPESC1,0.01300083346143821,0.972327677190723
GSK3A,-0.009757858199706426,0.9725693204442252
CXADR,-0.021548561980755387,0.972774137741717
SLC22A18AS,0.005974874149185183,0.9729413398561958
ZNF250,0.00552544354888429,0.9730821245811542
PTP4A2,0.0069363809609104266,0.9730861133037846
BSDC1,-0.00572373931647796,0.9733514849362996
CTSB,-0.00936683506917646,0.9735157706345023
RP4-581F12.1,0.008089144793116176,0.9735297151182992
DIRAS2,0.020633345060861785,0.9736725150128842
UBOX5,-0.007822416471840121,0.9737318698534594
EDC4,0.005173556132701762,0.973871008024916
NGFR,-0.014466561955199353,0.9739446568204747
SLC17A4,-0.012649114403002315,0.9739678658541343
KIF1A,0.019834593761405728,0.9741991496678141
SCN10A,-0.006352218003160104,0.9742919143155462
RYR2,0.016724617787951424,0.9743368193142012
MMS19,0.0034334663802297882,0.9744343369058159
HERC2P5,-0.006826486813605648,0.9746962970332389
PTCD2,0.010573983320528946,0.9747159716677546
FOXN2,-0.008123609949088006,0.9747402249238916
PIK3R3,0.009524580636929514,0.9748199427322708
RAB40B,0.013434938381733375,0.9748488354540936
DDO,-0.015208414782417634,0.9750594010181962
IFT122,0.020865193091391454,0.9754870687651273
CHI3L1,0.01509093821950458,0.975584744370734
SLC38A6,0.005385363431980039,0.9755884792881699
ATF6,0.010101700978305317,0.9757013052691113
KCNMB2,0.007279429192764475,0.975993440410675
IKZF1,0.023736549190751077,0.9760275717684808
TMEM262,-0.006181351085223774,0.9760394781543007
HIST1H2BH,-0.012840439065415765,0.976225030571314
TAPT1,-0.017503139635605347,0.9762298784909792
CORIN,0.017331569249916523,0.9766641228231502
ITPR3,-0.007858200189605924,0.976719744692816
TRMT2B,0.0025223957578273115,0.9768104710124548
LOC101928061,-0.005332892288551605,0.9768407785044997
CPZ,0.023062155063329648,0.976880279988712
CIR1,-0.0035485541131343723,0.977043510646419
PTEN,0.008960037085138595,0.9771010838088613
RP3-452M16.1,0.008739729351540992,0.9771303477155187
HOOK2,0.010716386230955166,0.9772345295699612
AP1G1,-0.005024559776934723,0.9773018723190066
ZFHX4,0.005153796302582947,0.9773334287643686
CTPS1,-0.01040441233732281,0.9773525753766801
PSG5,-0.014036595420685138,0.9773821073852225
FLG,-0.012018361292310153,0.9775683736150119
MADD,0.004551235942187759,0.9778564630975196
MS4A4A,-0.006602364335433819,0.9780279115020105
PRPF39,-0.008953778534575463,0.978060215936053
RIOK2,-0.00227499354826044,0.978316751601828
RABGGTB,0.01061182709842523,0.9783425047087506
S1PR1,-0.008214284338453837,0.978444159041155
NKX2-5,-0.006100021406876266,0.9784601197300646
PARM1,0.004121534061765075,0.9784729783134041
AP3M2,0.0035793650310402825,0.9785077380829759
CALR,0.008910265988664179,0.9785187054205308
SNAI2,-0.007638307904240804,0.9785624629615307
PTMAP1,0.008568840740595718,0.9786138130029822
CRY1,-0.011676963509351879,0.9787655424544254
PCSK1N,0.007886121200447072,0.9788540265405101
TAS2R4,-0.008100270288579736,0.9790160893558036
APOA1,0.01231534189078598,0.9791499395530074
IQCJ-SCHIP1,0.00727468381224039,0.9796752033238543
RXRG,-0.005071396574502174,0.9796855751142082
NPPC,-0.009434076809119674,0.9797665754242441
BMX,0.015023470440556075,0.9797711826735142
PNMAL1,-0.012467006323012342,0.9798223420341483
MBD2,-0.020337599879741042,0.9798385328019817
NPY,-0.005040053588985849,0.9800661953593032
OSBPL1A,-0.009726719767757075,0.9802770923490555
ACVR1,0.003787442104847827,0.9803283318599831
FXYD3,-0.007807300473420931,0.9805355320628077
ZZEF1,0.007770021460309806,0.9806469958653393
USB1,0.004120564340935218,0.9807897473785994
SRSF8,0.003936742401434046,0.9808937005960976
RPGR,-0.006779717138297059,0.9809862359240288
MIR6716,0.010093622928838641,0.981041492151042
CKM,-0.006168492124911218,0.9811160795824617
CYP26A1,-0.00808811741789306,0.981354975498201
CLIP4,0.0069216615118614655,0.9813666598446474
SYT17,0.009742763740825389,0.9815503063383626
GRB14,0.017733251872995126,0.981618244764316
GJC1,-0.009287323236459422,0.9822744647905243
RPS4X,0.0015611822713896828,0.9825580790500275
EFNA2,0.007838632646690158,0.9826803127466776
CCBL1,-0.003026591889703667,0.9827677214548837
FLJ42627,-0.011765720302865823,0.9827730056694034
ZNF395,0.006010983320930308,0.9827843577708223
SLC1A6,0.0036529146442632054,0.9828235631418267
METRN,0.005195957251818761,0.9828370970279483
OR2A20P,0.004816788531634586,0.9828409574505022
CDKL2,-0.006450706054182298,0.982844704175882
PLP1,0.010737085115532174,0.9828673993097523
CYCS,-0.005712824894651192,0.9831624173613793
ZNF442,-0.011076467104720322,0.9831706430413796
LOC645166,0.010152589962503455,0.983288602413685
NISCH,0.004411652982152958,0.9835039666777542
PMPCB,-0.0024336230278088067,0.9835798137821463
PAPOLG,-0.007824313229309432,0.9839294255689297
BDKRB2,0.005381892564409796,0.9841114274818752
DPM2,-0.002133558112806355,0.9842569435875251
HSPH1,0.009455194617997265,0.9843121040046825
APOF,0.012217075986022952,0.9846069499705461
CTNNA3,0.003696921630611971,0.9847928404626936
LARP4,0.006393977725072553,0.9851475127593975
S100A7,-0.004092401123845235,0.9856719165251219
MPPED1,-0.006732094491773033,0.9857336062767144
DPYSL2,0.0027195653532636754,0.9857858181762952
SH3GL3,-0.008016773151624967,0.9859120933100176
LOC441204,-0.00773256779577336,0.9859773241479923
ASB13,0.003037504747638309,0.9859891167701923
GABPA,-0.0073685976156241395,0.9860828882616194
C12ORF43,0.003926882086190631,0.9861457833919826
CYP2C19,-0.0067021920036030025,0.9861549977149834
TPM4,0.0052796667577297285,0.9861702934209706
AMBP,-0.003339972550036041,0.9862668672876733
NETO2,0.005587201904421413,0.9864799277699765
TFDP2,-0.004184236583625989,0.9866324508946346
IDI2-AS1,0.0038056702812339083,0.9867370586963488
SOWAHC,0.0032795144927924014,0.9867940762912869
SLC7A5,-0.009568355317076893,0.9868375910656064
KLHDC8A,-0.0046698175362829275,0.9868922947647547
MORC1,-0.008572586605218202,0.9869058204453758
NFATC4,-0.0063755288177551606,0.986960495489863
SIDT2,0.0021464190725204446,0.9873143149950324
USP32P2,-0.005587617562991198,0.9875820225841944
CACNG1,-0.006566547928871902,0.9876963264534593
SCCPDH,-0.0030095451400935502,0.9878082877374871
ZNF639,-0.007768884654233865,0.9879150913988072
MCAM,0.004484335588463395,0.9879579005013203
OCA2,0.005411987747758751,0.9880165517719683
REL,0.003985399484423446,0.9880396455424638
CLIC1P1,-0.007967137372227207,0.9880657176071131
CHST1,-0.002820216637276829,0.9881471581200238
IGSF3,0.0027653940920284725,0.9882578391514804
AKAP3,0.002185859151897951,0.9882710297535968
CACNA2D1,-0.005458828670947824,0.9886725870124314
ZNF717,-0.004001041095377467,0.9888463167697175
CYSLTR1,-0.0033046763008393043,0.9888771771216888
RAB1A,0.002361355500161366,0.9890575221568014
TSEN2,-0.0033347631866078586,0.9892365783795254
KRT4,-0.004439709117652235,0.9894949572519759
LSM6,0.0023250191451271718,0.9898000879344508
CWH43,0.007637448698923244,0.9898477678571959
PSMD5,0.006214822708430212,0.9898640211137244
DNAJC6,-0.004743216203803691,0.9901968319881395
SERPINB2,-0.006323180625324554,0.9904053887793391
ZNF507,0.002521859392137671,0.9905103569553785
THUMPD2,0.0022339885274416105,0.9905717626140504
EPB41,-0.007757308753926662,0.9906779191172334
ZDHHC3,-0.0015118453751634675,0.9907976447151423
BOLA1,0.0023047816148284994,0.99092577013212
AKR1C4,0.0053515680919629105,0.9911124195921199
AP2M1,-0.0017410318415986836,0.9911440980515054
KLF12,0.005151405005108245,0.9911818000671597
SDR39U1,0.001444656298708935,0.9912359981778636
MAGIX,-0.0064479201440650336,0.9913287344324645
PPBPP2,-0.004090752506943129,0.9913678890867806
PLA2G2E,-0.005240673968439857,0.9913866559250207
DDX50,0.0013837194582357881,0.9915366125240059
TTC19,-0.0006775131344110008,0.9916272204471901
WRAP73,0.0013506457527903137,0.991876568310385
PCYT1A,0.005779905818688924,0.9921082479274824
POMC,0.002322378193054142,0.992156284899646
MEP1B,-0.0036087337680132947,0.9922189985114523
FAM13A,-0.002573340374127042,0.9923234611290995
LAMTOR2,-0.0020358453455209258,0.9923422787412681
MKL1,-0.0038450378847914024,0.9925190792625039
LRRC59,-0.001973769913080403,0.9925852082030375
LTN1,0.001861154584281266,0.9927802119729858
TIAL1,0.0032351211346020037,0.9928509464102352
RP11-680C21.1,0.001776391458885307,0.9930758158531392
IDH1,-0.002327634798067635,0.9931754847195329
PKLR,0.0036703993720301753,0.9932070925029978
MLST8,0.0018600007192945966,0.9936272852525285
SLC38A2,0.0012061457972212253,0.9937081996048074
GREB1L,0.0027822939514976497,0.9939368815457467
CPB2,-0.0034304486910992082,0.994034841240961
TMX2,-0.001162730208426055,0.994167457812801
ELK4,0.003562865284920669,0.994369370857353
GFI1B,-0.004045806568936605,0.9945779497191674
NFRKB,-0.0012472055471963728,0.9945963960917191
TEX264,0.0017526471264801557,0.9946696957247451
MDK,0.0033037778693332243,0.9948360746085784
RNU86,-0.0005622764771313626,0.9948609636297385
RNMTL1,-0.000797151826631648,0.9950274286159095
MICA,0.001970348150580392,0.9950641017135626
BTG3,0.001626306118040155,0.9951318323277767
HNRNPA1P31,-0.00290396335271792,0.9954181127962045
AK022030,0.001238406334936215,0.9956294416475524
RP1-192P9.1,-0.000705008540188512,0.9957075846385902
TBX3,-0.002993112298912415,0.9957356721898449
PJA2,0.0006579853545911618,0.9957772150215228
SEC14L2,-0.0016043273925037127,0.9957872083838715
ZNF146,-0.0009292364139135145,0.9960089811911549
YTHDC1,-0.0015561360083236053,0.9962234974497388
SMAD1,-0.0011187736957420924,0.996395702503171
AFG3L2,0.0007289455535453016,0.9967875016202619
FOXP3,-0.0009579356186550925,0.9969944371920979
CBWD1,-0.0009670277708284658,0.9971535700584222
WARS2,0.0006076900500531224,0.9971836562802746
CTRL,-0.00034558784360960715,0.99727935029813
ETFB,-0.001047874162813045,0.9974543845884867
RDH16,-0.0007256643039958988,0.9975034668887826
PTTG2,0.00184724711515738,0.9976828312082073
SMARCA4,-0.0009809206326227837,0.9978371702087345
SOCS7,-0.0010374716417480556,0.9978402061620854
PPIA,0.00019689494975594357,0.9978884750091674
PAF1,-0.00031108022780479416,0.9979993629770527
TIMM17B,0.00027823352648859156,0.9982197309420545
NOL12,0.0013396910557510466,0.9982332532227892
BDH1,-0.0008519222650482661,0.9982522082670113
COMP,-0.0014358857111140821,0.9984397416677274
AVL9,-0.0006258058685730816,0.9985262849162224
MAPK3,-0.0006272239596309959,0.9985452237107086
MMP7,-0.00048127644019757554,0.9987568746007006
CBLL1,-0.0003723145661336247,0.9987971906391614
CD83,0.0008230187641427023,0.9989048915823643
OGT,0.00037255100344690817,0.9989736151059538
CHIC2,0.00015166544001310456,0.9989968692636689
AFF1,0.0004310401207110459,0.9990706766275772
DGKG,-0.00027230927202115396,0.9994012912404043
GSTP1,-3.834745466768652e-05,0.9996438383685924
KRT2,-5.227567814092282e-05,0.9997539492192095
COLEC10,5.6780721091165276e-05,0.9998858577559753
RSPH6A,3.4385321264984725e-05,0.9999078412604161
ACVR2B-AS1,-2.8403806807908438e-05,0.9999576747316189
FSCN3,-1.0780253626663239e-05,0.9999622160486745
