gene,logFC,pvalue
GSN,-5.875911486333461,9.894416555074381e-09
DENND1B,1.1817866608483047,1.6204211199980193e-08
PER2,-2.2346391788598803,2.2146464855087523e-08
KRTAP5-8,-1.448448647883685,6.543845841539361e-08
RNF34,0.5298712265470122,9.559708780912097e-08
TGFBR2,-3.8070234117799098,1.1612636783932853e-07
SLC7A8,-3.828184940722068,1.5401586156753168e-07
HMGN4,0.54958924847889,1.6973317684831697e-07
IRF9,0.5245905071869128,1.884697134684454e-07
APP,-1.980360406594369,2.0156004807317298e-07
NUMA1,-4.333743396806995,3.6461736972672137e-07
UNC45A,-1.828922255056128,4.046865244032558e-07
ADAM15,-1.6602758316367812,4.609510076484764e-07
NAB2,-1.939682774228392,5.539207707381158e-07
PI4K2A,-1.9207160896342608,6.641619958734347e-07
SH2D1A,3.914533665564077,7.026580696612781e-07
HADHA,-1.6975269382115687,8.300308342545744e-07
PSMB9,1.410454536747574,8.506550143661766e-07
FRYL,0.712502728299194,9.897572795412049e-07
CSNK2A1,-1.1439608335689462,1.1418752401527611e-06
AIM1,0.9869058740535532,1.2023939655018875e-06
TMEM259,-2.57851511024448,1.298154756903869e-06
TOP1,-1.5179825380476366,1.4099550681740292e-06
ADAMDEC1,3.927819976303036,1.6777326682420176e-06
CXCL9,3.471704783315861,1.7539319231499417e-06
ENG,-2.933962024447128,1.8128239190319675e-06
PLCG2,1.095720769064501,1.8626488323709245e-06
CXCL13,5.779445835044449,1.9421669600340565e-06
CXCL10,2.9723810136569053,1.9645594879205515e-06
PGAM1,0.4313130407679839,2.2257676754086126e-06
KCNQ2,2.178536571328051,2.275126420653436e-06
SRPR,-3.529165372541458,2.366669470965715e-06
HCP5,1.7042139548063275,2.522190713669789e-06
SPTBN1,-3.712095082813184,3.123978500234299e-06
GABARAPL1,-1.753808373502122,4.009470440066614e-06
MREG,1.468019881692627,4.623024363216868e-06
POLR2F,-0.4594371516642059,4.639438274136997e-06
RAB35,-2.858245575713916,5.176369094805726e-06
XPO7,-1.1192526077325526,5.4205858520090185e-06
MRPL57,-0.8307711910089974,5.586640180254637e-06
ID2,-0.8046771184497796,5.626336321591336e-06
ALG6,0.6490544565099086,5.901030220091421e-06
ANAPC5,-1.5684926597839013,6.0223491251456805e-06
AGA,0.992057472898722,6.118905743407861e-06
FERMT2,-1.4095168245508978,6.166662999053048e-06
ARHGAP1,-1.3632863534824755,6.603895377601331e-06
PDK1,2.359187870997584,6.757385922236997e-06
ECT2,0.9480750709556168,7.175532735406783e-06
PCDHGA3,-3.759755215138747,8.328369020102906e-06
TAP1,1.7805420077510965,8.691060447340743e-06
E2F3,-0.8626521969106955,8.782913158782891e-06
PRPF6,-2.020734752959954,8.83154923539636e-06
OGFR,-2.7007442754615942,9.029131738328995e-06
DUSP1,-4.530451674374156,9.03785038751548e-06
HNRNPUL2,-0.8429849476566904,9.387834816425173e-06
IGLV1-44,4.149580192036867,1.091907258797598e-05
EZR,-2.584890197890303,1.173680408229162e-05
FOSL2,-2.0563022920704297,1.1941345058426224e-05
PTPRA,-2.580163828620533,1.2372425158576135e-05
TMPO,0.9812693261732566,1.384050394643708e-05
SNRNP70,-2.756899744628168,1.4766134653235148e-05
THOC2,-0.6885441401774663,1.4834665813443993e-05
CSPP1,-1.2596359958488632,1.4892091555498432e-05
PNRC1,-0.9796113958314764,1.501347287717798e-05
CSF1,-2.5801149799920298,1.5079204014037102e-05
ZNF24,-0.7708565392671343,1.547263254112807e-05
RANBP9,0.5635237945372324,1.596236971162009e-05
MCL1,-3.419786947194408,1.617259739294629e-05
SEL1L3,1.916359509417089,1.640652295786694e-05
MFN2,-1.2508107943356466,1.70898622736412e-05
FOXJ3,-0.7327263998538287,1.7993327249177496e-05
EIF4G2,-2.0669993619685565,1.8216095492099576e-05
RFC1,0.5100287879325567,1.9100902049667512e-05
PTMA,-0.4844790693530214,1.914432769305828e-05
IGKC,3.794283978729105,1.9786435584967265e-05
IDH3B,-0.6641815817359831,2.0143421769501987e-05
C16ORF58,-1.017767637519066,2.0182440108206448e-05
TTF1,-0.5824764996444323,2.0495871940982368e-05
CYP1B1,-3.698084817204841,2.099254105469648e-05
COL6A1,-3.2362709442348416,2.172820406192114e-05
ZBTB7C,-2.8569916450735366,2.238550788219461e-05
IL21R,3.3215233528912727,2.302842126972672e-05
C6ORF106,-1.3065500790460174,2.353568658847931e-05
HTATSF1,-2.788852495952402,2.357193561671413e-05
BIRC3,1.6043450478747214,2.401235713119717e-05
SFSWAP,-2.588379988552428,2.5805980155658945e-05
FUT4,0.8760907280848027,2.7168320711359028e-05
ADPGK,0.5522674597435593,2.733522156309874e-05
GLYR1,-2.2702257054476584,2.798344213486548e-05
JUN,-3.2815426314154363,2.966678849172373e-05
EIF4G1,-1.3192887330011764,3.139598153522064e-05
TNKS2,-1.7160272379124306,3.192903593896186e-05
AP5M1,0.5231158004417598,3.2316872953497574e-05
CD27,2.2655295416340726,3.2827567744313594e-05
ADD1,-1.151025843111725,3.355535330882832e-05
TGFBRAP1,-2.1862140300348365,3.399272098732435e-05
EPN1,-1.3008469964414149,3.563324226422026e-05
GTF2F1,-1.637877661981248,3.669382882089936e-05
UBC,-0.3547269618075308,3.673650361577653e-05
WISP3,1.9119372085504125,3.954336517234251e-05
SLC4A1AP,0.4148364341111676,4.035480919489332e-05
CDH1,2.660946890544968,4.07838373969907e-05
NFE2L3,1.1180993218480175,4.141700629271928e-05
EPRS,-2.4908542659360657,4.158699482539517e-05
ACAP1,3.1025320866463346,4.194930695459454e-05
GVINP1,1.1145923078262214,4.414820435347167e-05
FBXW4P1,-2.146263895190494,4.796987760732729e-05
DDR2,-1.082523126590733,4.883450024938019e-05
APBA2,2.1625581028510634,4.9072438255844064e-05
GRK1,-1.2469701258116563,5.07975297189036e-05
CYTH1,-1.437677447617637,5.259122462253476e-05
PRODH2,-1.0844035376810917,5.457124141993156e-05
TXNIP,-2.1594576537601124,5.498006163714911e-05
CAMKK2,-2.192926831915381,5.504280182867816e-05
VOPP1,1.069936981975422,5.50487345321672e-05
NPHP4,-1.1428376545068986,5.559301061522546e-05
ZDHHC6,0.5883403948180703,5.715133701328838e-05
SRRT,-2.373465296375051,5.755190521391652e-05
SF3B1,-1.0351267331736018,5.8829192959704064e-05
CNTRL,0.6080866334132091,5.8837799529507134e-05
PRKX,1.0427047262721807,5.987281096703607e-05
LSM14A,-0.612678434482568,6.145162631948928e-05
CXCL11,3.4502086937939302,6.168625789449656e-05
POLR2E,-0.7844092641292466,6.348099415287937e-05
EEF1D,-0.6667438188597687,6.385121697541708e-05
CCDC88C,2.4163428382677146,6.402417153674573e-05
IKBKB,-2.30771867226117,6.498976348757213e-05
LUC7L3,-1.1022750501153291,6.613317098081463e-05
TRIM22,0.8206505807192901,6.645737499101345e-05
ADAM28,4.03475336788801,6.871145036904575e-05
MEG3,-1.6571778334364309,6.975909172042403e-05
POLB,0.7051612195462162,6.985986615373626e-05
PTTG1,0.9692804927166474,7.10338920154913e-05
TRRAP,0.8515275355892875,7.289478088643197e-05
HES1,-1.6560195445618024,7.435526418692814e-05
FAS,1.335695282613849,7.604602566118148e-05
AKT2,-2.2283324551957016,7.67395651345086e-05
CYFIP2,1.5667464060830216,7.68437066369344e-05
TNFRSF14,0.7863702421354821,7.703803377933667e-05
RPL18,-0.6034821905781032,7.871508481969929e-05
ICAM2,0.7716740679109062,8.141650373807352e-05
IL2RG,1.922316295719288,8.18767626312832e-05
JTB,0.4563267422406127,8.275075473644827e-05
KMO,1.2944298122506792,8.379056983569857e-05
P2RX6,-1.693315483296983,8.393400630215193e-05
MALT1,1.0377210740523628,8.435092219149777e-05
SRRM2,-1.4891238685357866,8.449386208181063e-05
PRKACB,0.9947230459008248,8.513101255531215e-05
LRP1,-0.8210148289298687,8.607780489128426e-05
LTBP4,-3.015820590045756,8.687871517652414e-05
PANK2,0.5727125421588415,8.845751468801665e-05
UBE2L6,0.8725938479163933,8.977302720339411e-05
B4GALT2,-0.5010404662321548,9.13134031911958e-05
HSF1,-0.7105203711875001,9.256109751012242e-05
IGLL3P,2.9866518312442967,9.303721850032628e-05
STX16,-1.7046471382924109,9.457786445693572e-05
KLK2,-1.6517101440237258,9.614456281008534e-05
CD79A,2.590209532880465,9.702379676824896e-05
GLOD4,0.439438915911353,0.0001010739676792
GIMAP4,1.3195823009989152,0.0001030866755557
LRRC42,0.5106749347173434,0.0001073495310525
SAT1,-0.7501269485564936,0.0001083464245596
RAB3GAP1,-0.6710430392216038,0.000108448670452
TRIM21,0.6683962217198065,0.0001099144647106
TNFRSF17,4.678212713711861,0.0001100870461935
IGLL5,3.142280008049113,0.0001115928389783
TUBGCP2,-1.1791805754065212,0.0001118694505237
SLAMF8,2.575125942012844,0.000111885570734
FBXW11,-0.8231689247478595,0.0001128639627864
ADRBK1,-1.3721934074360451,0.0001128684690683
SYT11,0.7832114245528672,0.0001138125370678
IFI16,-1.2783892173196951,0.000114435466072
EPAS1,-1.8965689131072183,0.0001153126741471
TRAT1,3.058240914655591,0.0001163958774497
HLA-DOB,2.841359360117888,0.0001164656694724
CD79B,1.4200653423607212,0.0001207402184613
TCHH,-1.3696482394338778,0.0001241111442946
RPL14,-1.9179930051925496,0.0001246441067323
PPAP2B,-1.663634870903273,0.0001257872067806
LY75,1.1912616487318122,0.0001260594643355
THAP3,-1.5647183265535385,0.0001262118117522
IL1R1,-2.6750245762401983,0.0001266539145419
BRD7,0.3675121796481253,0.0001278599983119
TBC1D9,1.0963184167448414,0.0001291919593377
RBM25,-1.0573863516663229,0.0001298405801539
BTN2A2,1.4607624238118158,0.0001320926244922
RTN1,0.9657274880063316,0.0001325641890345
BMP6,-0.7733777223961638,0.0001334806763278
PDK3,2.3702870703131964,0.0001344869913382
EGFR,-1.4167845553093787,0.0001346104036249
FXR1,-0.6484579698498756,0.000135695125692
ILF3,-2.0920890076731933,0.0001361912890406
ATXN7L3B,-1.6100164920584978,0.0001403229657086
LRCH1,-1.7153009381561013,0.0001432067129252
GGH,1.0754710762173838,0.000144297660874
FKBP5,-4.0405505742546985,0.0001457624506826
OBFC1,0.7227841358238773,0.0001466141615858
CELF1,-1.6012044688201843,0.0001486668182939
CSF2,-1.2656735168849815,0.0001493790892341
TRBC1,2.29899523262626,0.0001496890222902
CBFA2T3,0.8138265503194582,0.000153134980131
SLC12A8,1.3567666922525836,0.0001538020439622
LGALS2,2.3824163002435776,0.0001552613523558
ELOVL2,2.082330805829569,0.0001556740804945
WIZ,-1.5544176253100952,0.0001565375790948
TXNDC15,0.6993091254249961,0.000157939777516
CAMTA1,1.637433418450354,0.000158024588218
GAS8,-0.9976113822452516,0.0001611442219485
LAX1,1.6460284004568049,0.0001647816426165
KCNJ3,1.619153917959633,0.0001683680523714
FNDC4,-2.091651961098289,0.0001709709273723
NADK,-1.5434209697291763,0.0001725969616352
TNFRSF4,2.1582455033236805,0.0001730482912159
ADCY2,-2.4722636356450884,0.0001755367449014
IL15RA,0.8730600339182821,0.0001762459160966
PIK3CB,0.8678207384026777,0.0001787251409835
TMEM156,2.201953407746146,0.0001788466132588
Y16709,-0.4682943305964109,0.0001802041386205
SEPT9,-3.0023340660282245,0.0001820552113774
ATP6V0E1,-1.1206422975549346,0.0001822280705798
PRKACA,-1.6728562307857135,0.0001828751632015
CCNB1,0.9918077565379216,0.0001836966461025
SECISBP2L,-0.8649564115730071,0.0001842093443199
OAS2,0.967010124241174,0.0001845025188884
TOX,1.6299355931993151,0.0001868637174835
ZFP64,0.7132002775812323,0.0001884490003277
RFTN1,0.8596873412041628,0.0001898229526302
ARNTL2,0.9206911044808804,0.0001909813489951
CACTIN,-0.7117639400769686,0.0001920967558205
IGK,3.2313751433831417,0.0001933414187981
LOC102723479,1.8450103820268229,0.0001937492346702
GJB1,-1.2587037647911918,0.0002011777129971
PHF11,0.507827964798782,0.0002015246280211
RGS12,-1.9493055066216347,0.0002023039004938
SEMA4A,1.0125813110270627,0.0002051324799249
IL1RL2,-2.090248072162903,0.0002086206456566
IGLJ3,3.1422779852928144,0.0002112244951892
TBL1X,-1.3724609890515411,0.0002121952642962
HSPA4,-1.315804502544963,0.0002131588801045
EDNRB,-1.4805901141825677,0.0002142867364389
MS4A1,2.86951688203548,0.0002146164129713
EEF1A1,-0.2382947010880123,0.000216174997009
PXN,-2.8998948885329785,0.0002167379679457
FUS,-1.0656667385712844,0.0002202765367165
PRDM2,-1.673668131851687,0.0002222303958653
CES1P1,-1.8655351864648724,0.0002247035219217
ZFP36L2,-1.8842051165694444,0.0002252984614152
HRH1,-1.1161223924853108,0.0002270872630599
ANKRD11,-1.5951554410651188,0.0002328769540834
PSMB10,1.0428595094243214,0.0002388381618004
CARD10,0.9534981789271236,0.0002409793681757
SLAMF1,1.4518967574081063,0.0002410331261584
DIP2C,-0.5558236750279573,0.0002439681637565
GZMK,2.6005371244803426,0.0002447376236232
AFTPH,0.3663115127407792,0.0002466577536665
CD72,2.297072330802547,0.0002473658020893
KIF14,0.8686772564806908,0.0002532365328989
SH3BP5,-0.8015320101022141,0.0002554195185398
SRSF5,-2.300939270628877,0.0002564657973138
CCDC9,-0.3929476182806208,0.0002566256788811
BTN3A1,0.9337308825660422,0.0002606947351775
MAST2,-2.386931311446232,0.000261442387575
PRR13,0.4848763714980784,0.0002656967637441
IGHG1,2.8197772627278166,0.0002660671025082
GNPTAB,0.9384709544679256,0.0002661410467289
ITGA4,2.66600648718954,0.000276397700087
LRRC3,-1.7144470843962836,0.0002818235065903
ITGB4,-1.3651563975774863,0.0002818256121839
CLUH,-0.6113878885318691,0.0002844436638392
TPP1,-1.4097852336139525,0.0002860628667671
LAMP1,-1.3839947640744157,0.0002879707206598
NLRP2,1.6145530221306703,0.0002881101312823
GATAD1,-1.0180179993787153,0.0002886230495459
UPF1,-1.1143789260693238,0.0002899990840025
GCH1,1.2266656382388064,0.0002908653362583
RBFADN,-1.8032653848058064,0.0002953283068996
GZMA,1.5689356759408053,0.0003017598706519
MAU2,-1.8147400181817184,0.0003041893586715
SYNGR2,0.7793172823314318,0.0003092397553714
RMI1,0.91507253773033,0.0003167660328835
PXDC1,-0.5894134088541563,0.0003194558228933
ZNRF4,-1.4225532465620807,0.0003208604764758
GHSR,-0.9418845106588134,0.0003225398375448
UBXN4,-1.1613536210260218,0.0003260330859648
NKG7,3.4245688385598623,0.0003285261262379
UBAC1,0.5768751294243142,0.0003288778890204
IGLC1,3.575313922755857,0.0003297413698447
CASP1,0.7680609374651066,0.0003310805582943
CD19,2.049056474236563,0.0003353567970667
FBXW12,-1.4240224912608923,0.0003360197059137
ACBD3,-0.8781197938345064,0.0003374081465342
DLST,-0.511121139479048,0.0003378470012512
FAH,-0.9768598607502827,0.0003388626977227
COPA,-1.2910089003982597,0.000340272811481
TNS3,0.7019171686909864,0.0003457314158157
IL23A,1.9401585441747864,0.000346719845562
HPGDS,-1.2310823695386564,0.0003475659854625
DNMT1,0.5692129191981685,0.0003481091200289
CADM3,1.7917858518754874,0.0003531640421544
KITLG,-2.09762694552485,0.0003534823015927
MAPK14,-1.5992827339813465,0.0003567465324487
TSR1,-0.8310083717552192,0.0003570766242089
MRPL18,0.3227223482830119,0.0003610706191038
WNT5A,1.4592811657674505,0.000364040962408
TNFAIP8,1.151481629344303,0.000369146025782
PTPN7,1.7889836768202017,0.0003693967530822
NR3C1,0.6948140262662257,0.0003699901969923
PLEC,-2.2697616987155937,0.0003716921007836
SPA17,0.6030717274588842,0.0003720289345364
MYO9B,-0.9578910841082156,0.0003735594080597
EXOC2,0.7383542188480625,0.0003776880359103
GZMH,2.310916756767945,0.0003800249694596
TOB2,-0.6669443547941185,0.0003809342916498
TOM1L2,-1.5695928781749489,0.0003852913101313
AIM2,2.529362107636308,0.0003869244893994
BTG2,-1.7423648610013611,0.0003874106790714
SH3PXD2A,-0.8818549372011617,0.0003934158336737
LCK,2.7049731225087044,0.0003952457591288
DNAJB6,0.4353357495742802,0.0003965698660714
ITGA7,-1.2855496948078748,0.0004004245683695
SFT2D2,0.691539231598191,0.0004015896756825
BHLHE41,1.3657006272388514,0.0004016387028654
SIT1,2.0187789042037902,0.0004043510203778
DRAM1,0.9044652731145852,0.0004062031510694
HDAC7,-1.1142202328361144,0.0004064806516384
STK10,0.6652008582113318,0.0004102892657118
SKAP1,0.9123694341470784,0.0004106441108587
MAD2L1,1.1470785457803778,0.0004154053105846
GBP1,1.4606636146857213,0.0004206860103396
RASGRP1,1.8996414323653497,0.0004219500294164
TKT,-0.8426840263968138,0.0004241881218759
DCP2,0.7076822671926806,0.000426464333528
BPTF,-0.7848762530014586,0.0004320953306035
MCFD2,-0.7140758312086106,0.0004374111801743
SMAD3,-1.027809594535119,0.0004427727393851
IGF1R,-1.5834921774291226,0.0004432053962192
PROS1,-0.5502006408224531,0.0004437557850344
SERINC2,1.351679979107229,0.0004488216352257
TRA2B,-1.4862157371571607,0.0004496941313991
SLC1A4,-1.1260172122790415,0.0004508727692161
RALBP1,0.6736877832464891,0.0004524725519689
SEPT6,1.4304586414806035,0.0004558457063862
CRLF3,0.4936782463885389,0.0004560380659463
ATP2A2,-1.4593253385718477,0.0004571868478126
FAM69A,0.6773810680068895,0.0004573294363296
CCNA2,2.1751118281004898,0.0004673815171148
TOX4,-0.8478273105793122,0.0004676744277926
MYBL1,1.7025909403693396,0.0004775569748908
CD2,1.7907331573886278,0.0004794648685614
ENTPD1,0.927489945261856,0.0004797513876976
GTF3C2,-0.8387666726698901,0.0004952077271756
LARS,-0.6703493074557016,0.0004957703718811
ASXL1,-0.4326055790556307,0.0004960731673436
BCL2L1,-1.0748208721612371,0.0005015970793151
RTN4,-0.3273871911608452,0.0005036709719876
UBE2G2,-0.9042782747463844,0.0005039261403185
HAUS3,0.6811763055326834,0.0005128318757415
MZB1,3.7792183467424287,0.0005151277953963
RPL38,-0.6624090318224987,0.0005198016737228
DNAJC10,0.6162465433791313,0.0005210037403975
SMCO4,0.7731271255083438,0.0005218743907638
PTTG1IP,0.40815429960724,0.0005234240338673
SLC24A3,1.2837996496566353,0.0005265030343391
NUDT3,-1.2061726913508073,0.0005318342810668
CASP8AP2,0.4984415157237212,0.0005320439291157
HDHD1,0.5632669174510685,0.0005326193518025
TEX261,-1.591285685873407,0.0005349438110243
IRF2,0.4833996304545067,0.0005349646393418
LRRC15,2.429576207962139,0.0005361958730076
AR,-1.450764411359201,0.0005419386591141
CCNB2,0.944655588256646,0.0005425638206488
GSS,0.4866783849821363,0.0005460120638273
TIMP3,-1.406867924183123,0.0005478332883658
GNRH2,-0.9974914468364328,0.0005490855178869
NFKBIE,0.8723423565536557,0.0005573692940917
PSMB8,0.912522107818635,0.0005618019380477
PIM2,1.5675147038364523,0.0005642707157151
PLA2G2D,3.764055501973617,0.0005676372898899
GTF2IRD1,-0.8587309484055385,0.0005683159745744
AP3D1,-2.9035484388126696,0.0005722559649316
IL4,1.6649339985633862,0.0005730897743078
NCR3,1.4842435834591647,0.000577251298937
RAD51,1.5173549009002816,0.0005843880692503
GOT2,0.3730357499586887,0.000584651808235
IFI27,0.7657690143083791,0.0005851627675141
SHC1,-0.8444003406718839,0.0005876110146
STAT6,-0.6340587688168231,0.0005880394101115
PLEKHA1,-1.2655269220258063,0.0005976249574099
TMSB10,0.4061401152276964,0.000599241727227
KCNF1,-1.5638864069654792,0.0006005596179728
RAB29,0.5256466760536718,0.0006042735282387
RPS21,-1.2636963379311554,0.0006069139359964
UBXN1,-1.2236850426911845,0.0006083023030015
STK11,-0.5777366520980394,0.0006134644520492
RFX5,0.8769684146295393,0.0006278845798669
LOC730101,1.037912702630276,0.0006315311872035
CCL18,2.038157207285624,0.0006341140389286
ZBTB5,0.2967363720769,0.0006370292115336
SPCS2,0.4806950907074441,0.0006373985301074
EGR1,-2.171721945472507,0.0006400748567618
SLC9A5,-1.399635869269387,0.0006480218700265
SSTR3,-0.9181205047159544,0.0006547016733431
SEMA4G,-0.971255298348225,0.0006659038943601
PDCD1LG2,2.0885779751222584,0.0006690562173293
GBP2,0.544543850457254,0.000672896647167
CTC-425F1.4,-0.7490363004907596,0.000673580704355
CDCA4,-0.3778967909376352,0.0006806412488128
MAFK,-1.501301056816803,0.0006893869579914
AAMP,-0.4455205756636875,0.0006913836542579
EDC3,-0.6163844315169014,0.0006969018476012
MTCH1,0.1551056954484462,0.0007063735130314
LAP3,1.1132969429268051,0.0007269800189087
STAU2,0.5623117514999167,0.0007289473027366
UBE2J1,0.8271973755635429,0.0007309778001964
SLC25A36,-0.908032125504672,0.0007374146430974
SMARCC1,-0.7406665639275873,0.0007456309724075
TNIP1,0.4946571434744111,0.0007505357268206
FOXC1,-0.8676120619860512,0.0007643484079045
PARP1,0.3046855378900854,0.0007696402291019
ASH1L,-0.4563432701018506,0.0007699784549494
MED20,-1.076409400470553,0.0007703034794365
CSNK1G2,-1.1901117444192275,0.0007711259293253
CRELD2,0.8897923077770375,0.0007791918118034
TNPO1,-0.7556277283863171,0.0007845556269051
CD6,1.212762291937321,0.0007878521873916
CTCF,0.3341514233050446,0.0007880259863963
HSP90AA1,-0.6183643909660681,0.0007965222423235
SLC26A1,-0.7263468195161096,0.0007967354485879
JUNB,-1.616574128685686,0.0008002941912513
CRYM,-0.8718068992054686,0.0008004155215252
PARVB,-1.8281510685093307,0.0008008063001299
ASH2L,0.4219503518685084,0.0008210181882628
ABCC4,0.9688530897645472,0.0008214844919846
IFNA8,1.6495246715574476,0.0008222002027827
MAT2B,0.3223569718037513,0.0008232968557379
ENO1,-1.2887719964304534,0.0008240068356189
CEBPZ,-0.7709301365490475,0.0008253932962685
NOLC1,-0.7815179977400435,0.0008317486382632
ZBTB17,-0.9768020887056172,0.0008318348065012
BRINP1,-0.8494672774336314,0.0008335359733423
STAT5B,-0.7025707571839597,0.0008398035367255
CYTIP,1.1413615778860835,0.0008423837348057
LILRA2,-1.163099889655137,0.000843786168507
SLC1A5,-0.6859809934588768,0.0008450965804943
PSG2,1.2324307379789603,0.0008551123615687
SLC26A10,-0.823615118997628,0.0008630104652402
SRRM1,-0.7262705006495995,0.000866985914649
IP6K1,-0.5374448613848379,0.0008716837340539
NSD1,0.6232640837205556,0.000878084995747
TNFSF10,1.0610028914605412,0.0008802848056798
POT1,0.6818993341078219,0.0008804689608513
MSH2,0.593821370423516,0.0008857798245989
KIF25,-1.5794258003171424,0.0008935411730091
IL32,2.751634557342949,0.0009000389687947
FUT8,1.0009939088080442,0.0009080767219856
TCF25,-0.8284793535985493,0.0009089100297627
STAMBP,0.3073810690695175,0.0009120402302462
BLNK,1.2842669286329471,0.0009163029327221
MAPK8,-1.1834113862810458,0.0009275561158295
RPS10,-0.4718312343407707,0.0009275725201266
DCAF16,-0.6014420565313152,0.0009370919817032
RAB8A,0.4942249481036995,0.000938759309235
ZNF652,0.5795456660988005,0.0009391786681064
MYBL2,1.3669633571482054,0.0009447120733204
ISG20,3.153326157205297,0.0009463121404621
CMAS,0.5950270050525104,0.0009507476910081
PTPN12,-1.822551627155792,0.0009537953079805
CCR2,1.3640270329134383,0.0009579235627033
RYR1,1.4085637523399237,0.0009643826860718
ADM2,-1.482009151876479,0.0009667668043566
PNOC,2.1672816110994804,0.0009673784319883
TRAC,2.056767052124174,0.0009747226616165
CCDC47,-0.7565147840517277,0.0009758055883266
TCTN2,-0.4403653744398204,0.0009928069159738
CCR5,1.371104392801616,0.000996553905875
SEMA4D,1.7303817843284666,0.0009993434098338
TRIM46,-1.5243866576277667,0.001000109396905
SARM1,1.193647749344434,0.0010032746051214
TPK1,0.5839230490476268,0.0010097148892146
KCNAB2,-1.4796656302431508,0.0010099689151043
SORBS3,-1.229949200792266,0.0010207030840712
SRSF4,-0.3518181267957541,0.0010247019642315
APOBEC3G,1.0027779481075916,0.0010331646213446
HERC6,0.8749118816405357,0.0010335974734106
UBL3,0.7095197594802762,0.0010344118195281
CHP1,-0.8596097040769441,0.0010366330382295
PLEKHO1,1.0248694549968267,0.0010411655204555
IGFBP5,-1.2159550263170011,0.0010446717709917
RAD50,-0.6496822914263989,0.0010487088131179
LLGL2,0.6941311101401162,0.0010597450219034
TAF15,-0.5738354238247751,0.0010696099731761
CTDSP2,-0.5560665095890922,0.0010770923554531
ATG4A,0.5294546721880664,0.0010786419847243
NAT1,0.5102751439846251,0.0010883407528267
PRKCB,1.367899920442822,0.0010939586986191
KNOP1,-0.977291141400209,0.0010940659179352
ADCY6,-0.5576362617637152,0.0011043256582931
EXTL3,-0.8640049586823091,0.0011067136902205
SPG11,0.5055263145080353,0.0011118827381592
BTN2A1,0.549613653797163,0.0011244725567783
RUNDC3A,-1.489311208173547,0.0011268535329302
MAP7D3,-0.7005149957369952,0.0011285536402337
TREML2,1.7136573628294365,0.0011301938778807
RNF170,0.7024927047259215,0.0011351642011622
CEP170B,-0.6220461591372288,0.0011354378618542
H3F3A,0.6069762661316824,0.0011389075659988
MTMR3,-1.4899726796486243,0.0011407125753629
FLVCR2,0.6382118434795228,0.0011432150004131
MOXD1,1.0215203055900055,0.0011442144105997
ZFYVE9,-0.491594413913754,0.0011499333479603
SLC6A11,-1.2748918879072315,0.0011503852940759
APEX1,-0.3617769617078181,0.0011520598336547
RAPGEF1,-1.5972769953143515,0.0011759447179277
HPCA,-0.7905999103123791,0.0011776621544057
THNSL2,-0.5596393127365111,0.0011807733331211
NEK9,-1.6146713726995614,0.0011820473566462
FLOT2,-1.382523875047939,0.0011835526478046
USP14,0.4255271932675999,0.0011913344777767
TSR2,-0.4207664060477363,0.0011931538853429
BLVRA,0.7747556640555597,0.0011957997244047
ITK,1.804690927258452,0.0012016161188855
SLC4A7,1.772859169848114,0.0012037432498274
TRAF3IP3,2.33314987530097,0.0012130282826934
AKAP8,-0.4720690177623527,0.0012191402478409
IGJ,3.436571420679873,0.0012271684968525
NDUFS3,0.3084499568773786,0.0012273116246061
CRTAM,1.922400520192559,0.0012276418586966
GUSBP11,1.963945095384787,0.0012344352089064
RHOH,1.959472966667592,0.0012419036057814
TRIM3,-1.8540439108000388,0.0012527590767859
PMS2P3,-0.4584925036226632,0.0012546988630775
RAD51AP1,1.2284376425815893,0.0012596309621627
PRRC2A,-0.7514723248971169,0.0012598065664537
PAM16,-0.4082498760103092,0.0012669893827835
RP1-6P5.2,-0.7157379482208963,0.0012891117798466
GTF2IRD2B,-0.7188590452556118,0.0012978822881556
COL14A1,-1.631186422245559,0.0013249399895167
AMPD1,1.094715085442397,0.0013280691428626
B4GALT1,-1.677730909848977,0.0013293123020086
CCL5,2.851641505999675,0.0013320129610843
ST8SIA1,1.8307230624265047,0.0013360357415538
ABCG1,0.8113418427375052,0.0013373228773048
AC068039.4,-0.6044447132221391,0.0013492805924285
CD247,1.774638475569791,0.0013533358732812
EHBP1,-1.4623341777668282,0.0013603574407697
PNPO,-0.4566565011831631,0.0013644942339149
RRP1B,-1.1567980198234435,0.0013678189457561
RABIF,0.7351852064394429,0.0013702938953749
MTUS1,-1.102519951870755,0.001375795337279
BIN1,-0.8980136008600255,0.0013838391872381
UBXN7,0.4301016600136229,0.0013892500126685
UGT2B17,1.8090232055248368,0.0014054535280175
LGALSL,-1.5960212791420254,0.0014102729521549
RANBP2,-0.6029998410105488,0.0014156727249061
ALAS1,0.6339878410607049,0.0014216957611401
HIPK1,-1.698133922941854,0.0014237331888132
HNRNPU,-2.297065608906181,0.0014282154758018
GALNT10,-1.1119115629351022,0.0014282332262543
SEC63,-0.7362306504266662,0.0014308544787964
RFC4,0.5530180548994466,0.0014322955322352
TDRD7,0.4392754991119521,0.0014440159193834
TTC13,0.4767138883417736,0.0014463625485404
SLC28A2,-1.4874413331555283,0.0014520273249517
RABAC1,0.5018887539642307,0.0014540451651008
CTBP1,-0.4266503570009696,0.0014541793366929
HRH3,-0.8049690372048168,0.0014595880517893
FAIM3,2.576653486207319,0.0014629050832265
CCDC93,-0.558748771363744,0.00147072733169
PSMD10,0.4265353777200165,0.0014746374748392
DDX60,1.2606231373077286,0.0014771402363038
INSL6,-1.0553203365038926,0.0014826192717216
FAM63B,0.9015250512283952,0.0014959880705205
BEGAIN,-0.9802586494218266,0.0014984996865652
APEH,0.6023883414242857,0.0015001770643328
CEACAM21,1.567872905416364,0.0015028558561853
TBX21,0.554661191635792,0.00151392469349
KCNK3,-1.5005615590290509,0.0015279176861311
MED1,-2.0583844533155515,0.0015446924263226
LCP1,0.9849970625154008,0.0015512271543107
VARS,-1.7321372761096503,0.0015561013079713
IL13,-1.121481228344667,0.001570002574102
EIF3B,-0.5937475674818931,0.0015741108143354
TCF7L2,-1.6107669100394322,0.0015759060728807
DIO1,0.8020480060983735,0.0015770621300654
CALM1,0.9132425024944402,0.0015993414541281
CXXC4,-0.9799519566372776,0.0016047243302203
ANKRD10-IT1,-0.8266187947888781,0.0016048699857809
PURA,-0.7805843268901711,0.0016053706915775
MTIF2,0.4622845787418228,0.0016269333371636
FURIN,-0.5887823750183525,0.001630869132808
C17ORF75,2.4987514557208894,0.0016361793369851
TOMM20,-0.3972031852836704,0.0016368449487472
HIP1,-0.8563361225558648,0.0016429540053707
SDCCAG3,-0.4584931209575433,0.001644215712791
PCBP2,-1.1891433042798225,0.0016542418043867
SCRT1,1.219956394121572,0.0016574849545171
LY6G5C,0.2590513722439658,0.0016653369972587
INSIG2,1.0145186770475636,0.0016701393713903
PKP1,-1.0487487307871053,0.001689291636493
SPSB1,-0.7528929200637275,0.001694578625118
CUZD1,0.4222335880187939,0.0017022234971823
PPARD,1.3018138886127306,0.0017043731161167
CD38,2.128672684883192,0.0017093139061118
OLFM1,-0.9416983366017035,0.0017291553745071
TNS1,-1.7800771688983694,0.0017497603086408
CYP2D6,-1.3499460429516033,0.0017508354041795
FSTL3,-0.537365244350533,0.0017525632483908
SPOP,0.431809845488404,0.0017544246364163
AP1G2,0.9336551684094374,0.0017597576043888
CIDEB,0.4228460466453185,0.0017611829164241
LRMP,1.753110781244022,0.0017703843432936
MAFG,-0.657709976473269,0.0017764041061673
MAN2A1,0.6772061030732157,0.0017876951837451
ZNF107,0.8467410589663436,0.0017898733368506
BRD2,-0.7651918783512013,0.0018038673329471
SPG21,-1.024380125966399,0.0018048396457758
FCGR2B,0.9685624981241006,0.0018071589023217
CD3D,2.03556199683125,0.0018093626381342
CDK1,1.6658421601954103,0.0018102828410228
BIRC5,1.816812405798947,0.0018195990459328
THAP1,0.7461683145850131,0.0018203529796223
CTSC,0.956950306412148,0.0018209967260233
ORMDL2,0.4374315879935899,0.0018249567877408
TUBBP5,0.961984846266284,0.0018293696776506
TMEM70,-0.5928544549937307,0.0018307848069004
PRPF4,-0.5884304466083847,0.0018555511968003
IGHM,3.657616740433035,0.0018618982337608
URGCP,-0.4371410602025296,0.0018778800055928
RASGRP2,-1.1921182075374572,0.0018881389091552
PLXDC2,-1.0166027092672951,0.0019117557011307
AURKB,1.2453844917700223,0.001914366942976
RACGAP1,0.6143196404378992,0.0019448168301771
SPAG9,-0.9143594478251824,0.0019536264230838
PTRF,-1.1544217150071994,0.001964530266982
TMED10,0.3924513244318692,0.0019749969894053
SLC3A2,-0.5122434337064732,0.0019780861953098
CCNT1,-1.4472862437807636,0.0019863626183827
FUT2,-1.350553429993897,0.00199607971236
CNDP2,0.5323553257491724,0.0019968638980209
SULT1A2,-0.3760437974337147,0.0020068469136712
TTC30A,1.000255098694402,0.0020078197534541
MIIP,-0.5263450275137282,0.0020202932043567
FASLG,0.97745435282644,0.0020205069365996
SMPDL3A,0.9924829380999718,0.0020359546516273
EFNA5,-1.442043838708062,0.0020379944576297
FPGT,0.6357552020584984,0.0020403646581391
PRKD2,0.5667268945830042,0.0020464108702898
SNX10,1.053148656035212,0.0020482657548232
CERK,0.3948440709786265,0.0020487843799343
PARL,0.5035147597911269,0.0020505391268865
SEMA4C,-1.1248473333948397,0.0020526467053108
DCAF7,-0.828836022361914,0.0020641305218085
TFEC,0.879188112585279,0.0020718140022964
MRPL49,0.371169592833672,0.0020799701499472
NFKBIB,-1.752538916724383,0.0020894648644499
KDM8,0.607745197686711,0.0021002408866674
BUB1B,0.9675340173609692,0.0021020330503171
MTTP,-1.2667762572348735,0.0021256047187203
RBX1,0.4934545955760345,0.0021309181436021
SERPINB3,1.47064128716028,0.0021324486460962
EBF2,-1.2620100036771058,0.0021383955297811
NEFM,-1.4858756407713032,0.0021423414409877
BCL11B,1.3821373813423232,0.0021554699022873
NR4A1,-2.327736804522884,0.0021571939145802
NDUFB2-AS1,-1.0473068107087498,0.0021638835683338
DCK,0.6850920351553365,0.0021737612658251
SIN3B,-0.457617430577228,0.0021768614410073
TAF1B,0.490760605834085,0.0021923032972012
DDX31,-1.5939356735382555,0.0021983785586821
FADS3,-0.8371576763488093,0.0022126140510742
U2AF1,-0.4048944583732812,0.0022210429455737
ECE2,-0.9386582790408048,0.002221136461492
EBAG9,0.4369620891195396,0.002223986876914
CHD4,-0.7231612600264716,0.0022244866431868
RPS5,-0.4824541881549216,0.0022297226373219
BRD4,-1.0426479347798576,0.0022419905457159
DDA1,0.6124850358507539,0.0022470611727473
STIP1,-1.549554985395119,0.0022539631278982
HDDC2,-0.3562606963024706,0.0022653425391656
IDO1,1.2995047698238835,0.0022665488228966
HERC1,0.6319339068875092,0.0022685702532343
DKK2,1.8742666978039744,0.0022710290360015
CLCN7,1.2900224147639987,0.0022824373900362
ZNF93,0.6916487843781018,0.0023019887721495
MAPKBP1,-0.912481126374982,0.0023079732068862
KCNMB1,0.7406140418191214,0.0023265133049748
PBK,0.9636191578808138,0.0023350022464209
CDC20,2.16530921696142,0.0023354743501731
EVI2B,0.8405017925580172,0.0023543014726362
SMC4,0.7544750272837302,0.0023543172324589
CD8A,1.8174235911964152,0.0023556166760882
ADAM10,0.7519939677992884,0.002360383068049
GPR18,2.226704424469468,0.0023605721597116
PRKCQ,1.0420821668887903,0.002366698479958
BTN3A2,1.3249470445215366,0.0023668297736085
LAMP3,2.5681912377752667,0.0023827796790511
TPSAB1,-1.741475911335284,0.002383676084669
SMC6,0.6670078985061441,0.0023943341569914
DLGAP5,1.751652686837838,0.0023943710281141
DYNC1I2,0.3444183512597885,0.0023972426734833
NPEPPS,-0.5406791753571678,0.0024021959151602
RPL35A,-1.6138113429373837,0.0024023416095429
KDM3A,0.3678809819627187,0.0024155824197408
CFB,1.367846944723512,0.0024204762234138
PTPRCAP,2.190210336018364,0.002420782080705
INPPL1,-0.5188620732269662,0.0024263326343714
PIP5K1B,0.7101720855703197,0.0024472047890352
PPP5C,-0.5520142873246323,0.0024533332627964
PDE3A,-1.748057169534461,0.0024626541524469
TRAF1,0.8403217590073613,0.002481579148486
MRPL48,0.3854659493412775,0.0024899419519965
HOXC4,-0.6302513938604886,0.0025171550102924
MANEA,1.423732924542355,0.0025202438549449
DCAF10,0.5337083549240589,0.0025291745307805
ANO1,1.06777034464654,0.0025342880966316
OPTN,0.8890501487534745,0.0025363124550604
STK16,0.4545317244972331,0.0025400848624809
TMEM258,0.2830261258140769,0.0025591341043592
LOC100506282,-1.1007362806760996,0.0025699971089554
PPIE,0.3579790582302005,0.0025955017215928
RNF122,-0.5249918207350124,0.0026190619106504
CTRC,-0.9969105052390984,0.0026230518632063
TMEM126B,0.2748622120186237,0.0026371659241073
NCK1,0.4980916884353963,0.0026422357611247
CTNNB1,-0.8402488312096228,0.0026468685779977
IRF2BP1,-1.327740252418585,0.0026619253734626
RNF125,0.9835112294290004,0.0026699573332479
PDE6A,-1.6323711923451525,0.002680881728824
B2M,-0.2692476675380284,0.0026980261650175
C10ORF95,0.9601128970303496,0.0026999861530395
SAMD9,1.0539346047442528,0.0027067078410794
MX1,1.007832807565341,0.0027133709547606
SMARCD3,-0.4542953219527259,0.0027200306678826
ZSCAN9,0.4498319928476109,0.0027519222950344
SLC25A31,1.2750609505056518,0.0027581186716834
EIF5A2,1.0290555060674054,0.0027604676940565
DOCK6,-0.8548051484991115,0.0027657219884559
RPP30,0.2398880453476266,0.0027661036394325
MGC12488,-1.6263909018630658,0.002768029241617
TOPBP1,0.4877330637626844,0.0027690061778862
MKS1,-0.4545282429733559,0.0027812315895302
MCM2,0.9521464614783604,0.0027850754650401
KIF11,1.8234234082126184,0.0027936845870912
TRIB2,1.0095958648359016,0.0027953721850151
LOC101929272,2.4500680364121674,0.0027992856384857
ARHGEF18,0.5474798901096882,0.0028072059044601
MICB,0.7697334795456676,0.0028213271676968
KCTD20,-0.8773789469231534,0.0028218792083892
CRLF2,0.8418896508949656,0.0028224790140915
GIT2,2.044217161269879,0.0028227599401153
NDEL1,-0.4690132587878128,0.0028379210381005
ITGB2,0.9271386734950884,0.0028385107648791
DDX24,-1.0102227604399658,0.0028439844788781
CDC42EP4,-0.804453990134764,0.0028446786621503
DPP8,0.3179155634183814,0.0028531612256119
WDR82,-0.2569228428907166,0.0028532522208734
CSF2RB,0.994133274534816,0.0028544692566087
PTPRU,-0.5043890520784196,0.0028616665927569
HMGXB3,-0.5138969732986478,0.002864020837842
VPS53,-1.6860763735907232,0.0028698970592029
DRG2,-0.5105504829379903,0.002873561969038
PRKAB2,-0.4769402577044692,0.0028809769209498
CD48,1.3868683546485308,0.0028978406510042
RIN3,-1.0555647193917652,0.0029029622254786
C10ORF76,1.0314362514948652,0.002914129756412
PKD2L2,-1.4764964268925578,0.002920582710764
IRF5,-0.8617960385199046,0.0029211662131529
PEMT,-0.5275556174567697,0.0029266170609907
PAPSS2,0.5928832312789751,0.0029285524589488
COIL,-0.7307678605914614,0.002950309253949
NFIC,-1.128536875968554,0.0029524913555585
BIN3,-0.4500513939932471,0.002957515635423
KCNE1L,1.2517609399948988,0.0029588448379022
IL7,1.020313381916699,0.0029594521804567
RTCA,0.4298873854637737,0.0029770471578553
HIPK2,-1.6245231824544568,0.0030006332649
SLAMF7,1.8975625343665392,0.0030509530830382
BORA,0.6424984872053292,0.0030765311867191
LYST,-1.4301235349034478,0.0030854081273581
HAUS2,-0.9495552330820553,0.0030870855289029
TMOD2,1.7794111080393824,0.0030932546277464
FLII,-0.5263079767218297,0.0030942267859676
ZMPSTE24,0.2855859131014178,0.0031018397192704
ETV5,-0.7142883774375983,0.0031245814236064
TNIP3,1.782480603421504,0.0031261309626011
PRRG3,-0.7868554602849525,0.0031269560267223
TRIM26,0.3258788286617609,0.0031275513371892
SLC16A7,-1.2897248514580673,0.0031437875414688
TRIM68,0.4949169489781475,0.0031464517458179
CNOT3,-1.5917252344319823,0.0031608026492091
GTF2I,-0.8263955254575395,0.0031655496172082
TBC1D4,0.5915251065625444,0.0031789666346438
GADD45B,-1.305993299802978,0.0031894660929028
CDC16,0.4161388096015219,0.0031917743339316
TOMM40,-0.6346599096365502,0.0031992768398135
LEPROTL1,0.4898806736179342,0.0032033156575967
CABP1,-1.4906474683912485,0.003221171837355
CLASRP,-0.4328569397945685,0.0032264159477804
MGP,-0.6511941702565167,0.0032290437629374
NTRK2,-1.875363982680424,0.0032305001208591
RTP4,1.5693743715174406,0.0032350268535087
GPATCH8,-0.8743797094949457,0.0032428686762059
APBB1IP,-0.6745215264173856,0.0032432896192942
MTMR14,0.2543579473884545,0.0032609756917223
CLIC2,0.8250951793237835,0.0032863148553523
SFRP1,-1.2057212411482734,0.0032883542701206
CASP5,1.0979493637027904,0.003302513335809
ALCAM,0.8862579015269549,0.003312855659663
EAF2,1.1086352348805448,0.0033136863137525
USP10,-0.80310525854249,0.0033154657698317
NCAPH,1.4917961510178248,0.0033182155084065
CD52,1.858846577173412,0.003328478544327
TXN2,-0.4881319738106526,0.0033292248520032
CPOX,0.697905836793856,0.003360840714954
DAZL,1.6306176442403526,0.0033633487980611
GGTLC1,0.4785136701099146,0.0033649584943444
BCOR,0.8157941271014666,0.0033683277916454
ARFRP1,-0.6796501761613749,0.0033754416168127
HARS2,0.4188876106272534,0.003386618029938
SPAST,0.5295734771055987,0.0033885938016168
RPLP1,-0.1221314555228545,0.0033924586232541
SON,-1.0593290254886814,0.0034305472865027
SLC29A3,1.063358201971221,0.0034545397605303
KRT32,-1.2643118725048297,0.0034554756592197
MATN4,-0.8146381819546518,0.0034692731504686
DDX23,0.5273705128914319,0.0034974058072009
AHCY,-0.3141769864836909,0.0034988054924465
SDC1,2.53994129621821,0.0035064721838938
MYO6,-2.153321062487196,0.0035096005121373
WIPF1,0.6145571149697755,0.0035103628474659
KMT2D,1.1824723543760367,0.0035161910236897
IPO9,-0.3783272415860796,0.0035255517225891
CLEC2D,0.8536830646370914,0.0035294777178796
ARMCX5,0.5125949229178115,0.0035340154565648
PARP12,0.6756883323573,0.0035392776784728
XPO1,0.416925003540479,0.0035453243572388
ROBO4,-0.4868747802020223,0.003550440515208
NMUR1,-0.720314502145901,0.0035577866391277
ADNP2,-0.3721327571744677,0.0035585875152004
TNKS,-1.4378227593234838,0.0035586661209215
COPB2,0.3556450730886062,0.0035656482780972
NFIL3,-1.464447663301117,0.0035877725620764
RPL19,-0.148160590307949,0.0035901368516796
DIAPH1,-0.8689672831084456,0.0036121394387635
CDS2,0.3808981435896363,0.0036160708804374
ARHGDIA,-1.2763714924093126,0.0036206083654861
C2ORF72,-0.8372746168837573,0.003625428616334
KCNK7,-0.7305873222355563,0.0036275109916064
MICU2,0.5218186621568375,0.003629690552096
PHF7,-0.9222986936926256,0.003634811274214
FAM168B,-0.5080999555690777,0.0036370439993168
HMGCS1,-0.3796867643795529,0.0036374717218304
ZNF562,-0.707200981309331,0.0036755186259404
SYNCRIP,-0.7525220530965786,0.0036795800883742
C14ORF105,1.87009622166234,0.0036805156138374
PRKAR2A,-0.4380486390510967,0.0036806152280446
UCP2,0.8342189246194422,0.0036815275382628
KTN1,-0.8816927133151005,0.0036866680655601
MRPS12,-1.5849093678318755,0.0037017526304764
CYP4F12,-1.2473949397958703,0.0037039517455118
SPINT2,0.7453814208621914,0.0037174278553435
HSPB6,-1.0671591658850996,0.0037199644993777
PTPN11,-1.720645860032343,0.0037234107725426
IGF2R,-0.5769621929571898,0.0037381970394464
IL7R,1.5962484649461697,0.0037408559608565
GAP43,2.171663575493511,0.0037644378354438
SORT1,-1.9256031782545704,0.0037781077684093
SCYL3,0.4116896488953694,0.0037841115759338
PRKCZ,2.22061830272692,0.0037964676180133
TRHDE,-2.1082367649584866,0.0037998786023316
POP5,0.3121149500883682,0.0038029750848993
SDHD,-1.828120717358336,0.0038154745984814
RNF40,-1.054755451012725,0.0038273340403502
CACNB1,-0.8052343813106848,0.0038294636705079
GSTTP1,-0.7159489859493382,0.0038458101690227
GSDMD,0.6940615080989723,0.003849346606542
RWDD1,-0.3791998490988284,0.0038503679609496
TUBB2A,-0.9261614780186296,0.0038535128575235
CPSF4,-0.6222386311441053,0.0038571343777013
LAMP5,1.737124123732675,0.0038598683677212
ENO3,-1.47086149044521,0.0038659819948999
ALAD,-1.5118488999372754,0.0038973739291406
EMR1,0.6892351093898661,0.0038974627259644
UCN,-1.1683291120409152,0.0039092943164302
C2ORF47,-0.402508274919974,0.0039174579741373
FKBP6,-0.7930607111051051,0.0039183183287112
CCL25,-1.3336540888160506,0.0039198700616552
ST6GAL1,-1.4316629129187612,0.0039546853308593
POLD1,0.6541648347096842,0.0039945617438952
CD3E,1.0459017098707228,0.0039947748168979
MTX1,0.3311626382852832,0.0040234329808341
FEZF2,1.7194897498412427,0.0040424461955706
FKSG49,-0.6175394277432069,0.0040458424497315
TACC2,-0.6025052595017399,0.0040517058067469
LMBRD1,0.464481752431821,0.0040523461292682
ARHGEF3,0.6725917300770199,0.0040575597469928
INTS8,0.5843440668204298,0.0040586230555022
CLIC3,1.5210785726879053,0.004062588299816
P4HB,0.5458048734116598,0.0040676904276623
C20ORF27,-1.188947120356116,0.0040818067393888
CYTH3,-1.6399372081541266,0.0040829675278587
SPOCK2,1.063644230291441,0.0041102711417953
KIF2C,0.5008597711041194,0.0041218327939006
RAP1GAP,-0.8292110148434579,0.0041242591624509
DUS1L,-0.4353920091309771,0.004136859947194
KIAA0125,1.6994980602527,0.0041394900494247
UXS1,0.379106773611074,0.0041585284256451
LEF1,1.4723624620119995,0.0041627244772478
PGLYRP1,-1.201853814765918,0.0041747287908256
FAM13A,-0.6144811451325287,0.0041845668502101
VRK2,0.3858997068657306,0.0042227083933626
PCDHB6,1.132937572388732,0.0042266378653598
KIAA0101,1.2994056562259182,0.0042315727426282
TBC1D31,0.6262646764188862,0.0042459804236761
PCDH9,-1.4087852959824394,0.0042463572642288
RANGAP1,-0.409085719257714,0.0042534453173188
PTPRS,-1.3014582289359415,0.0042567820486403
TMEM59L,-0.4434379989769681,0.0042568996018367
RBFOX2,-0.9169236039575708,0.0042630435992264
EFNB2,-1.831500456017686,0.0042783287672142
TMCO3,0.5272384458889716,0.004290994345021
RP11-403P17.4,-0.964604956349195,0.0042958154808378
MAP2K1,-0.4721347750001321,0.0043132336414165
KAT7,0.3176265456368217,0.0043447690370867
CYR61,-1.5550368289249883,0.0043622330666397
RNF111,0.3212776786101177,0.0043904702418452
NOSIP,0.408409321782031,0.0043952581958004
TRAK2,-0.564327513701862,0.0044031963840248
GPATCH2,0.3464323049764335,0.0044047604282704
GRIP2,0.5224844210013435,0.0044071037079758
BANK1,1.0856254423331508,0.0044140344132265
SSR1,0.5103857982364772,0.004426142002673
COMMD8,0.7033782159967998,0.0044343336394822
TDP1,0.5341328689222387,0.0044613117482831
MLF2,-0.3279938930772044,0.0044628444594164
ASAP1-IT1,-1.1636683051775236,0.0044764188148269
GFRA3,-0.5436576503872566,0.004477410430923
ANKRD12,0.8054394157323586,0.0045029843607442
UGT2B4,1.80612698374304,0.0045047030268338
KIF23,1.8393459025836787,0.0045088448400353
CCZ1B,-1.3212390045728457,0.004536821827803
CLN5,0.6827124914241356,0.0045440694429134
UCHL1,-0.5990584926883376,0.0045533719200063
PSMD3,-0.4475214962725875,0.0045786344616469
ZDHHC4,0.5800012492061413,0.0045803640793474
TARS,-0.4764744393939182,0.0045810125181625
CXCR6,1.525089557898499,0.0045936774078395
ESF1,-0.7026133529993102,0.0046252133928954
PSMB4,0.2607202028780051,0.0046257418113556
POLG,-1.2806406615441637,0.0046693493605923
PLEKHH3,-0.7427987861282634,0.0046860514891159
TLE6,0.8107349226002993,0.0046912226625824
FAM178A,0.5402422133723075,0.0047023325841988
TXK,0.8486970779982812,0.0047355887324395
GPS1,-0.5380033811434153,0.0047519850971771
AMIGO2,0.6567222065226055,0.0047788285791183
MEOX1,0.8850335425451341,0.0047793478374892
PWP2,-0.7088476565575483,0.0047798827532519
ERAP2,1.7073950588902775,0.0048013255746359
GABBR2,1.8625880897772424,0.004807012229935
ZNF215,1.4997580134973392,0.0048129229693465
DIO3,-1.2787831170884365,0.0048277000860177
PUM2,0.2881762195986326,0.0048375286725412
STEAP4,-1.196008016897098,0.0048414401094389
GNS,-1.050991644906487,0.0048429075049016
AK055981,0.5438344905080577,0.0048440267468224
LINC00837,1.5963868085211337,0.0048627949357041
GZMB,1.8791521761793064,0.004867102842666
LRRC8D,0.6225670018215901,0.0048806194993068
MYCL,1.0406104701715648,0.0048809845705087
GSN-AS1,-0.7462476919689527,0.0049142643671231
SETD8,-0.5222737228273582,0.0049166561365794
JAK1,0.2463336814691956,0.0049285663740247
MYOG,-0.9315988815799824,0.0049289870838087
HS6ST1,-1.0232776887586206,0.0049292495903615
HLA-E,0.5451108070317989,0.0049304292948798
GZMM,1.8641214410720748,0.0049304490366646
GNL1,-0.4324419445407761,0.0049343030928524
RARRES3,1.1777447772777467,0.0049363969033112
ETNK1,0.640945627891325,0.0049404108564311
FARS2,1.2073856740807214,0.0049561120763489
SPAG5,0.5196277521200718,0.0049594257825246
ERF,-0.5410332854631115,0.0049631608906647
C10ORF12,-0.8935761821845407,0.0049719152265243
CEL,-0.8633454020195348,0.0049749120639896
ASF1A,0.5794462516938257,0.0049873954330011
AIDA,0.5428089402638783,0.005009478524948
PLEKHM2,-0.4519189936828418,0.0050199928905241
HLA-DMB,1.1289304661420516,0.0050225732555597
IFNG,0.647767402030528,0.0050260301656458
TMEM39B,0.4469473757844042,0.0050501506883389
EFCAB14,0.3785427384987372,0.0050603364851936
BCL7A,-0.7658277713717494,0.0050907188201179
C7,-2.2334652416585463,0.0051017363332183
TCOF1,-0.5175150205347689,0.0051132057850065
RETN,-0.9608010161671396,0.0051232820343422
H2AFV,0.3842004113204478,0.0051235722571
IQGAP1,-1.0393776606305742,0.0051348601282945
POLR1B,-0.7938260382309634,0.0051666356703281
SUPT6H,-0.4684579723807438,0.0051747276147606
DENND2D,0.7768338013534173,0.0051901827038973
SPAG4,2.254509837152214,0.0052082525339076
KIR2DL4,1.3402466962582702,0.0052194022817643
LOC100131510,0.3761581232276301,0.0052309354111561
DAP,0.4063475027156418,0.0052572104471214
DND1,-0.4706479899448066,0.0052662637013087
PGGT1B,1.099729709985347,0.0052665758408398
TOE1,-0.6436197876833125,0.0052687833975193
BHLHE40,-1.6407851511095828,0.0052781243268616
CLEC10A,0.8403296976975856,0.0053083975820119
MTX2,0.2020223430771075,0.0053309658386582
MMP13,2.705390808282287,0.005333977784221
NR5A1,-1.4429180954881518,0.0053577156611517
ATM,0.6989961216652247,0.005371447636197
CA12,1.0231662092546705,0.0053724987803298
NAGLU,-0.836654426269571,0.0053928054555471
STX3,-1.0609083294792576,0.0054597758627513
ADNP,0.3708365911274338,0.0054764336819933
LOC729164,-0.9862793234967596,0.0054769465051124
CSNK1G3,0.3221097337039289,0.0054831426695182
NF2,-1.6703113397354517,0.0054864738044054
RPL27A,-0.6998525162863176,0.0055092034317898
PPID,0.5144162028412911,0.0055163072849597
ACSBG1,1.3057545924070948,0.0055285879281034
STAG3L3,-0.8816096118494832,0.0055296486611658
TRIM36,0.8709555920819412,0.0055930696220036
NRD1,0.2472908877112747,0.0056200332319403
TRIM10,1.0245111820442556,0.0056222678335558
CELF3,-1.2367364926685518,0.0056254633646201
TRPC1,1.727721792871483,0.0056287890565825
TBCEL,0.637306100600469,0.0056292364606227
ATP5H,0.3592786833784327,0.0056346134128193
EHD3,0.8852918967260486,0.0056614775492514
IRAK3,-1.1126848983221551,0.0057146558652177
GINS2,1.7719238404620985,0.0057162076980254
CXCR4,0.7680319875775403,0.0057251720257417
TENC1,-0.9704264507117556,0.0057499631122577
TARP,1.3997098195954227,0.0058054084656134
SHOX,0.6519613311093697,0.0058116132428519
SLC2A6,1.724202055868953,0.0058138898227743
TRIM62,0.4634493856667481,0.0058260376907896
PAX9,-0.508484441575491,0.0058597784348601
RPS19,0.3218716092947602,0.0058822893374135
TLR8,2.316948431343377,0.0058823573117654
GLTSCR1,-0.5790607509040928,0.0058878631774014
AGL,0.7185324097080414,0.0059123197394347
USP5,-0.5175713017117314,0.0059170861675091
ALPPL2,-1.0648091686527297,0.0059271449155369
ALK,-1.2387883896617191,0.0059341060861235
PROP1,-0.830373271738118,0.0059365681212715
CCL13,1.5531668322389915,0.0059374588650589
IGFALS,-0.5999920217704009,0.005950142782191
YME1L1,1.3585726409547227,0.0059503125937172
KIF18B,0.6620645246779668,0.0059559122427172
UBTF,-0.6257245186467877,0.0059779685677569
SHCBP1,0.9966960837037204,0.0059805087540032
GGA3,-0.3193437420784306,0.0059811398039687
MLLT10,-0.8415275100698913,0.0059988952438821
SNX11,0.6062531272421285,0.0060109569655015
AREL1,0.4480370243793636,0.0060183012267979
GHITM,0.5427140039657665,0.0060275988956451
ANP32B,-0.33108917898236,0.0060350159104983
PEBP1,-0.588881429463191,0.0060428634360729
MDM1,0.6806751540761962,0.0060487353440719
UBE2D2,0.4407008151469362,0.006174646420883
NXPE3,0.7036552352958045,0.0062192603755331
TFAP2A,1.264629723637717,0.00622444236091
ZFP36,-1.1425523911123747,0.0062334031498564
IGH,1.312231862731046,0.006246057977557
NAGK,0.5924977283853501,0.006247160270138
RBMS1,-0.9095483338234588,0.0062546712363629
FUT7,1.1580878051091252,0.0062812566189315
PIAS4,-0.5895882213564212,0.0062848530639652
UBE3B,-0.5188621431812912,0.0062904062583483
C21ORF91,0.4625053605316305,0.0062979387956089
PRKCH,0.6906293560647523,0.0062984151859501
GTPBP1,-0.7898022570410479,0.0063205675403656
GPR171,2.197913156359665,0.0063293000785384
PRPSAP2,0.3180089190064219,0.0063325436072426
TLL2,-0.9707378301745092,0.0063338915053497
STEAP1,0.7859327767258009,0.0063445996386334
TRH,0.7794751079380422,0.0063521731372929
ASCC2,-0.3316142077162833,0.0063614731650106
TLR7,1.285043297369472,0.0063638700947138
DLG5,-1.1075053892893187,0.0063659163664888
ATF6,-0.6396481869943687,0.0063679271358324
ECE1,-1.146972461105931,0.0063796933291258
PARVA,-0.8879171178628003,0.006385336690307
RAP1GDS1,0.3066521501019004,0.0063947496476906
RHPN1-AS1,-1.102676677691071,0.0064285133643323
RP3-522P13.2,-0.6196317258809065,0.0064312218866306
SEC22B,-0.6456995120098039,0.0064475503393572
ARNT,-1.2321730080472788,0.0064567746237084
PSMD8,-0.5338269727114593,0.006478926538366
CYLC2,0.3343012131249008,0.0064851908973002
CDCA8,1.130819879576331,0.0064877190314582
INCENP,1.56770644712253,0.0064943085758745
CENPM,1.641964717288805,0.0065104733362129
PINLYP,0.9303473750179752,0.0065199569838506
GJB4,-0.5447875471306496,0.006544569407045
ZNF219,-0.4880596617716222,0.0065744863470909
ESRRA,-0.9123454308310484,0.0065887937967307
ACTR10,0.2557132108246716,0.0065963409686137
MAP4K1,2.626880769796828,0.0065964872212231
NR4A3,-2.437392170657116,0.0066078371678883
MSRA,0.2484439482948435,0.0066315323102848
HERPUD1,0.5349419119706322,0.0066556721883573
CCDC132,1.1774449743044375,0.0066718785798496
AKAP7,0.723765429789955,0.0066727842012166
SNAI1,-1.1289478923319851,0.0066923942529869
SPEN,-0.8525054641115055,0.0066993419806198
LOC440434,-0.8187326507907606,0.0067036276066247
CIRBP,-0.5598364124312241,0.0067182918002252
MPC1,-0.3898766503793052,0.0067213620248388
LOC155060,-0.7879209798014788,0.006725165592701
JAK2,0.9570137395338304,0.0067342698147847
RAD23A,-0.4683938120850701,0.0067382416918122
LOC101928378,-0.9172647827053152,0.006739771958209
HMCES,0.3170510648307694,0.0067871798823117
CSN3,0.8530546954063922,0.0067919520975538
SLC25A40,0.7865778485399613,0.0068301503341918
SELT,0.4935839435189031,0.0068520231980333
B3GALNT1,0.6667195311875131,0.0068713475293711
YTHDF2,-0.3716238643582787,0.0068768165416074
KCNC2,-1.1852528993324674,0.0069212095033776
TBX10,1.152563846682848,0.0069501855848525
MGAT3,-1.1433073678814312,0.0069517110918466
APOBEC3C,0.7295609125293439,0.0069666750450669
SLC31A2,0.5776081019738868,0.006970444743581
AF090939,-1.4808359087684684,0.0069760887055989
SPDL1,0.7832873062693944,0.0070715045747748
RNF167,0.4880664397754408,0.0070717332676632
SPIN1,-0.6490928433114442,0.0070884391589319
RXRB,-1.389423707048553,0.007091359813833
WWC3,0.4797767880037167,0.0070920554271217
NPVF,1.3152488015827832,0.0071025083702868
MLH1,0.259478994932488,0.0071326998831685
SIAH2,0.2889862705937513,0.007166590756156
RBM4B,0.4753929983897684,0.0071720966943887
FAM155B,-0.6836265244402462,0.0071751251101871
SP1,-1.3567325431148731,0.0071809294293567
WWC1,-0.6937671126929557,0.0071839002861535
TCEB2,-1.0511206020604051,0.007205543575455
NOP2,-0.5355379859377063,0.007232145008701
FANCF,1.4988369216670678,0.0072360783377274
UTRN,-0.6291577643502695,0.0072376428357487
VAMP8,0.7203142091880181,0.0072400520098674
OSBPL3,0.7078847279130756,0.0072469355882341
ASTE1,0.5903972692568384,0.0072887118496155
CAMK4,0.8739228145958045,0.0073230399604739
ARHGAP10,-0.4600083361669682,0.0073368028725024
DNASE1,-0.2799144372905067,0.0073389078438638
RRM2,1.9208147308806884,0.0073745781002878
BIRC2,0.2718910021393395,0.0073772867659321
ITFG2,-1.2135921472879412,0.0073779984345441
RP11-255C15.3,0.5651149102629303,0.0073846521047959
MOG,-1.323910569503958,0.0073873274684229
ASCC3,0.6804311229183249,0.0073957942992911
GMEB2,-0.2677142105717021,0.0073960240092904
FAM60A,0.5820479469099684,0.0074049664703158
CYAT1,1.310647889078476,0.0074361787182955
KIFAP3,0.4409630092000522,0.0074558364751528
CCR7,1.3319950481610254,0.0074591576669959
AGRP,-1.1294609036812426,0.0074819970979671
GTF2A2,-0.2539199361962989,0.0074962846290149
APOL6,0.7481398419837237,0.0075113279556095
SYNJ1,-0.695471844168952,0.0075207111848801
APBB1,-0.4626140631252289,0.0075367707940676
IRGQ,-0.6453495274483299,0.0075999305058576
DENND1C,0.6033869025069478,0.0076177778984433
MLXIP,-2.1479778038666875,0.0076195997373317
TRPC4AP,-0.3557479786730422,0.0076269300045505
TES,0.4141912817740056,0.0077050858155908
CGGBP1,-0.3994657990815078,0.0077686974479656
AKR1B10,-1.7290666281704017,0.0077716245839105
ENSA,-0.6096719517367655,0.007772639970212
MYO9A,-0.4891347740616947,0.0077839650077053
CTNNA2,-1.3056722942159595,0.007786084719182
EVL,0.6603102612899949,0.0077900481425564
SOX30,1.170706862650725,0.0077960339497228
BET1L,-0.7462353964365986,0.0078132442127171
FHOD3,-1.353221296772127,0.0078138169751737
PRC1,0.9403205002307224,0.0078308829927562
KLK14,-0.4228015088866264,0.0078396093595081
NPAS2,-1.3392790651829602,0.0078581244904711
KLRC3,1.4618677853233375,0.0078830593826418
RANBP6,0.3526413297505435,0.0078914389033324
FCGRT,-0.4462869844690846,0.0078925939162669
TTK,0.9744102930770088,0.0078939858912187
BRCC3,0.6201709663832933,0.0079112884466387
DPF1,-0.6193821218468694,0.007926273588872
MZT2B,-0.8818230218575778,0.0079337301680774
SIRPG,1.476883468332768,0.0079448809852048
BACH2,0.9011374276540716,0.0079486836890499
RAB11FIP5,-0.3439044189705136,0.0079495821409883
RECQL,0.7293228378168459,0.0079561342276823
RS1,1.1563220187824437,0.0079626075795232
PLK3,-1.0835174011832445,0.0079666183811666
ARPC5,0.3236898215066865,0.0079723801759848
NCAPD2,0.5263716010212418,0.0079785396692113
SLC29A2,0.7218038994009834,0.0079921231451856
PACS2,0.3000865249895401,0.0079928965423237
CASKIN2,-0.5598998937300168,0.0080020493924002
C16ORF45,-0.7632548256983807,0.0080035290712126
NAV2,-0.7514748718186333,0.0080038618197916
DCUN1D1,0.3244626366555145,0.008020198412858
MAST1,1.6206125366747797,0.0080219623572118
COLEC12,-0.4762367897400974,0.0080264494556634
FOCAD,0.4683010830478995,0.0080517634036758
NMI,0.611542640578655,0.0080675436669538
DEPDC1,1.0695442220163862,0.0080770001053347
BTF3,-0.6647859173681674,0.0080942162126846
SSR4,0.6134869682158666,0.0081046108519349
KHSRP,-0.5695247343195478,0.0081156169931652
P2RX3,-1.1604442059520004,0.0081289161685009
CAB39,0.2428641976692436,0.0081334037915094
IL6R,-1.290751703759625,0.0081520672245452
C5ORF15,0.3508396857172258,0.0081600417795391
NDNF,-1.1645521446932658,0.0082442298279758
PARK7,0.2853928480213294,0.0082567889109932
ELP4,0.3188274248353018,0.0082591066761753
DAB1,-0.995439936804412,0.0082705088915739
PPP2R1A,-0.3471523326858321,0.008273802731879
GMPR,0.6245852815969268,0.0082764589269472
HDAC6,-1.6142963610677818,0.0082831488342116
YY1,-1.2841865626175837,0.0082891504469262
SNX6,0.5399408478104117,0.0082905599654524
MAT2A,-0.9938522862962492,0.0083337547987095
CA4,-1.6442208019222262,0.0083452784931415
CIAO1,-0.7463688278040888,0.0083912100661082
SGTA,-0.6149199695213827,0.0083997723611681
TRDMT1,0.5879488902599519,0.0084021079680098
IFIT3,0.7681268242834083,0.0084085830742726
VAV1,0.5523897254780401,0.0084240432687076
TPST2,0.2762220319410016,0.0084272047436905
IBA57,-1.0288990552492423,0.0084309984150183
LILRB5,-0.7372265314082966,0.008445848391984
PRR16,0.9246699947030192,0.0084527390142807
CD160,1.3855104293367075,0.0084602125085559
NRGN,1.5406293605227184,0.0084864903572788
SLC25A44,-0.4931563285055222,0.0084980145871229
AJAP1,-0.7874948337761625,0.0085247067534672
CXCR5,1.5735066820372603,0.0085359669298203
DET1,0.4092743311723339,0.008563283285308
LY9,1.5150028619106042,0.008592675808541
PEX26,-0.3017813911668092,0.0085939124711414
RPL9,-0.1733221914896372,0.0086336188412826
GOLGA5,0.3194432115764254,0.008644754241013
INO80B,-0.8593451267688526,0.0086558235274444
BLM,0.405062592117682,0.0086669393578357
EIF2B1,-0.3394499093199741,0.0086981391152713
DES,-1.1149292059606424,0.0087012772172194
ZNF253,0.252844550792501,0.0087024985705989
HBD,-1.2440509241558306,0.0087056295342173
SGSM2,-1.566037420184465,0.008712684332765
RELA,-0.4754550663577879,0.0087237130650937
NEK4,0.7120343705728089,0.008727221384693
DOCK2,0.8893157879518458,0.0087477547829346
ERI3,-0.3172019338288709,0.0087572249604533
UBB,0.18552561027807,0.0087799912993916
SNED1,-0.8785071382439202,0.0087869953592605
OPRM1,1.876968188600821,0.0087948107752383
DDX54,-0.3158514309436047,0.008807724251915
INPP5K,-0.3759424131592297,0.0088152291204669
TNK1,1.0900249514835814,0.0088165445043422
CRKL,0.2955924237119909,0.0088196655104915
LOC100293211,1.8148435331857904,0.0088269081624326
OVGP1,-0.6106666595441839,0.008905546255991
PARD3,-0.654352358752675,0.0089432543522976
STX7,0.4999572526218223,0.0089781989565138
ATG2B,0.6553761062120005,0.0089971759052454
CDADC1,-0.5980850911599287,0.009018821638043
TBL1XR1,0.4790954277094936,0.0090191333508318
SPAM1,1.027764163557796,0.0090447053261081
CD3G,1.3511582285697044,0.0090506119187155
SMAD2,0.3391489641564433,0.0090515928642149
ARIH1,0.2975742686865867,0.0090659220230093
SNX4,0.3642680020369493,0.009093222026469
MAP1LC3B,-0.2407819062925664,0.009146821330802
CD53,0.5531601841666749,0.0091581782454011
LYPD3,-0.7633017316862096,0.0091700403845831
ASPM,2.259458176323145,0.0091730265042359
RNF113A,0.5090874945634631,0.0091916903216981
BARD1,2.1094084627580942,0.0091986440227416
GNLY,1.669382883780779,0.0092169122018985
MAN2A2,-0.5096981521082906,0.0092222150905134
GINS1,0.6304342795978002,0.009223239638868
ZNF471,-1.519302796688566,0.0092306856052087
ABCA8,-1.4658842331943944,0.0092364447691142
NCF1,1.254370191931864,0.0092382817254319
CARF,0.6334363694648264,0.0092514569012011
WISP1,1.0210987417503494,0.0092897902977984
POM121,-0.6052088941384728,0.0092991866097156
TAB2,0.3565630681667997,0.0093101921231629
PVRIG,0.9727389083338256,0.0093324872100305
PLP2,0.5176810441267747,0.0093347000071432
EXOC5,0.7980665060789516,0.0093733569768241
RHOF,0.5799991155043189,0.0093859870311545
NLGN4X,1.9172801498569063,0.0093952094826515
HLA-DPA1,1.2222584291674234,0.0093955632457137
HOXB13,-0.4317659495909436,0.009416578341344
STMN4,-0.5467587789081678,0.0094426238665404
CTLA4,1.1638050536033049,0.0094506166070714
TUFM,0.2812611280868502,0.0094562696501219
C11ORF21,0.4204735855037693,0.0094625592585137
ZAP70,1.2950507389755028,0.0094751083583874
SBNO2,-1.08400931894273,0.0094866609136637
IL10RA,0.6819112997404826,0.0094947092494812
MTF2,0.445179637084566,0.0095017176956108
DUSP7,-1.2744718552520573,0.009565614005937
FDXR,1.2082860943895737,0.0095800223769007
KCNQ4,-1.4326673409277433,0.0095974929279419
IFNAR2,-0.7168542694117219,0.0095996099590833
SUZ12,0.3131592070934754,0.0096020428195379
ELOVL5,-1.219406830813444,0.009631348710084
SF1,-0.7400662628972015,0.0096553586643649
ROM1,-0.6349640114375665,0.0096597166208699
DHRS9,1.0829532116777862,0.0096606025530183
ABTB2,-0.7732677593621169,0.0096617456447291
SEPT2,0.3307828764307352,0.0097105588478709
CTAGE1,0.687122568964436,0.0097227222134121
ZNF536,0.4744182509459822,0.009743461932874
CES2,-0.2895488626188456,0.0097553233108502
UBAP2,-0.3001754016619049,0.0097575859786928
DCTN5,-0.5304266104461366,0.0097675400214661
NCF4,0.8467921300884971,0.0097727674507711
PDK2,-1.162340004027552,0.0097761545712334
RIMS1,-0.9438159503498138,0.0097864215644765
KCNMB3,1.2422771257836516,0.0097872541695677
RPL23AP53,-1.1944705695186917,0.0098053617019605
P2RY10,1.0895840740929943,0.0098237305920939
TPTE,0.6652037831126947,0.0098422871901128
ARFGAP2,0.2130937473807854,0.00984481744156
TIPARP,-1.0224402495679232,0.0098640440641495
C9ORF91,0.4127008524242841,0.0098941892431768
SPINK4,-0.6656983758099786,0.009912081039816
RFX4,0.9205086963866672,0.0099484331517845
REXO2,-0.2786504476431215,0.0099515065042568
N6AMT1,1.397575921268576,0.0099769990681103
TPX2,1.2526019859248887,0.0099888638340866
GAGE3,-0.929157199206058,0.0100129131075044
CDKN1A,-1.0923136343727735,0.0100393523302829
FAM110D,-0.663386304693824,0.0100569665543337
VGLL4,-0.8871326915748412,0.0100841920240618
PRR11,-0.8941028385845318,0.0101081071881247
RP11-769O8.3,-1.2534508978434262,0.0101314257635026
RHOBTB3,-0.9852707528129424,0.0101457061119952
RPL39,-0.1678973346316734,0.0101904354676406
UBE2Z,0.3075129384748756,0.0101913463783705
TPST1,-0.4875480804619361,0.0101961114552594
CAAP1,0.4431489966274906,0.0102058619573051
ZFYVE26,0.3592274665105233,0.010208220977574
TNFAIP2,-1.0598139447113637,0.0102086831475947
STAT4,0.6536981460975984,0.0102115686820934
MKNK2,-0.5842859846680248,0.0102348059591943
FAM102A,0.542680411735752,0.0102385101756991
MATK,1.393056478798286,0.010238874884359
GSE1,-0.6874308423076112,0.0102798253710633
ASGR1,1.1817965120467866,0.0102844396342845
DENND1A,0.4758267165604568,0.0102985061163255
USP32,0.5036394958897183,0.0103011416088006
TPSB2,-1.3099327563289638,0.010313093892446
C4ORF27,0.3663807711450122,0.0103251254485111
TM2D3,0.2857143815455973,0.0103368770538287
PODNL1,-1.384748210316384,0.0103417900781187
KPTN,-0.4729518601941951,0.0103462871962777
FOLH1B,1.4136521474669088,0.010376392518547
RCC1,-0.5354577689995965,0.0104181932655861
CYP3A5,-1.3007537296388931,0.0104601834274252
FAM20B,-0.3259180438006872,0.0104662092677691
TRDV3,1.720206756003221,0.0104787702077818
R3HCC1L,-1.2181307237326768,0.0104946352168182
ANXA7,-0.3326434244751191,0.0104973074182778
MYL4,-0.3897735150369295,0.0105018564769089
GUCA1B,-0.9879920196411938,0.010514552591072
S100A1,-0.7203133108287672,0.0105371678380199
CDK2AP2,0.4959894076895779,0.010554316939766
CANT1,0.5236012204093061,0.0105570391119668
PPP2R5A,-0.7473366857800137,0.0105725519959489
CSF1R,0.7064731502735899,0.0105794385342602
TM4SF1,-1.466534530221255,0.0105891812967494
CYBA,0.6307230692795418,0.0105970837814276
NCL,-0.5269274166014597,0.0105988063090909
IL9R,1.1454403767617285,0.0106053432229538
MAPK11,-0.7489562117227728,0.0106632161334929
PHACTR4,0.3109908197567872,0.0106638016342891
DSCR3,-1.2226374332162957,0.0106701782655353
FOXM1,1.4256978953093284,0.0106754597457998
BICD1,-1.0646133347154398,0.0106813137155879
KCND3,0.9786576360521364,0.010696444834161
PRAMEF11,-0.704901551990269,0.0107041939002356
SULT1A1,-0.4703913722473167,0.0107177715316057
ABCD2,1.248187886147888,0.0107261209675887
MCM7,-0.450707903431832,0.0107489140280626
PAPSS1,0.5609536151029264,0.0107803912461213
RUNX3,1.1071129450951256,0.0108034501930895
FLI1,0.8131143733944377,0.0108366705598111
KCNA3,1.072408795285968,0.0108444407745966
FKBP11,1.1299023059045314,0.0108863822139301
E2F8,1.943605247927409,0.0109016200328543
TNNC2,-0.5868270696178701,0.0109098833972631
ITM2C,1.640400998248957,0.0109217480401074
IQGAP2,0.6541498865311244,0.0109361114750732
RHOB,-0.8080491589766119,0.0109538590039117
GRIA3,-1.721091144666457,0.0109605572019352
NPIPB15,-0.9753338596524131,0.0109777444308938
GRB10,-1.7101075157027514,0.0109976575432615
PBOV1,-1.024419130323229,0.011010065456752
VCX2,-0.8798627485723349,0.0110182292905056
TM6SF2,-0.7860330235544755,0.0110226514296309
TMEM8B,-0.4580326112799024,0.0110349654433353
SHBG,-0.4228772752019964,0.0110350572278435
GCNT1,0.4984307570515511,0.0110432239051314
GGTLC2,-0.9615172581310958,0.0111144275272096
ELF1,-0.8158688795875406,0.0111396228218285
YBX3,-1.1092361270190532,0.0111501487696396
CEND1,-0.7215648838854465,0.0111727288037321
ZBTB43,-0.642385626412409,0.0112023992978033
PITPNA,-0.5069670178544179,0.0112315585463037
ARHGEF38,-0.8865649071649067,0.0113054655835096
FIG4,0.4272324839246266,0.0113222977855687
IER2,-1.05268933032961,0.0113339647161646
HAB1,-0.643668652422698,0.0113628371675255
SIPA1,0.6153768000469544,0.0114579304857376
SLC39A7,-0.3412045185285191,0.0114718563361235
SYCP2,0.6992378798915286,0.0114848701883795
P2RX5,2.1089383578872045,0.0115265014297345
CA5A,-0.6620268642810538,0.0115268705199668
OTUD4,-0.8685330852198723,0.0115319853211101
SLC7A6,-0.7928350316287442,0.0115424423877458
IDH2,0.9943667352018224,0.0115934196758114
ADCYAP1R1,-1.0179126598551438,0.0116198251485796
LETM1,-0.5972664556590859,0.011625380241958
PTTG3P,1.4553124910000408,0.0116258416763631
DYRK3,-0.5529027253278258,0.0116274508362099
RBM19,-1.3653312946859764,0.0116492437139031
ACACB,-1.6418188258874915,0.0116648329229719
PSMA2,0.4616027084750733,0.0116977973544601
PRRX2,-0.7774416494932836,0.0117219877007956
ZNF747,0.541644427320338,0.0117325219869618
NCAPG,1.8160852491699453,0.0117397714262819
MTA1,-0.4359205310440455,0.0117633649270981
SYCP1,1.4214903314566905,0.0117907881692972
INTS3,-0.598517010756181,0.0118093863291084
HAS1,-1.5379550732398126,0.0118246489791341
SLC25A37,-1.4002799702855908,0.0118294402464063
CITED1,-0.9267588894303808,0.0118383823476036
ELK1,-1.1750399983087227,0.0118404641001488
ASF1B,0.4776781342361991,0.0118620108780849
CDH13,1.909908285352824,0.011863446999869
SLC22A13,-0.3589539388162657,0.0119702524834195
RPP25,-0.4130570117614205,0.0119751349906463
DTL,1.4912237818579257,0.0119817117619197
TRPV6,-1.0252208324818186,0.0120296271688158
NENF,-0.7936332894617415,0.0120480046733546
TPD52,1.6570103073318756,0.0120527897466983
ZNF671,1.1674409223167084,0.0120698857023737
CNBP,-0.337112091760126,0.0120733125433969
CREBL2,0.6897885846566965,0.0120901534508982
ZNF184,0.7852572510168683,0.0120986401278224
TRPV2,0.4985963686543897,0.0121106841110744
BCL6,-0.6619566463928344,0.0121385923993834
APOD,-1.942481912975392,0.0121683663020964
MYC,-1.0327212030757489,0.0121821657907903
SMG7,-0.990584391441324,0.0121859215619218
SENP7,0.837726185679549,0.012203710905722
TMEM186,0.3720808646042322,0.0122149988969276
ZNF324,-1.1085020756765287,0.0122249406016826
C17ORF80,1.3434973111863169,0.0122338065165482
DYNLT1,0.2584631872762024,0.0122350047011934
GFER,0.5005630901294191,0.01223564422649
BIK,1.134520979994737,0.0122368795499411
GUCY1B3,1.1726592176203905,0.0122480830868283
MYB,1.615635632249511,0.0122577640252851
ZBED2,1.3633070506969345,0.0122583555832536
LPHN1,0.6482963612020365,0.0122632472237386
QPCT,1.2680454088741948,0.0122749726476634
FAM114A2,0.5298419918812645,0.0122769888360534
MSX2,1.498660412517922,0.0122797755760794
TGDS,0.3762897771628442,0.0123037549573622
SETD1A,-0.6811097924250546,0.0123116998995182
FLT3LG,1.187215377501592,0.0123269431066238
SCAF11,-0.6927565430737914,0.0123334888432872
ZNF804A,0.8005610602510043,0.0123354688532183
F12,-1.0858824830884926,0.0123497309884144
EHMT1,-0.7480165375857499,0.0123581403204919
DLEU2L,-1.4456562618062092,0.0123701224633172
ELMO1,0.3819949708321228,0.0123944649897862
ATP8B4,0.7150621409186293,0.012474330212216
GLRB,1.3720373985487493,0.0124862321629773
ZNF362,-0.4942695175234792,0.0125114694786522
MLF1,-0.538194080285697,0.0125124027449136
KLF6,-0.9032320047308752,0.0125336467263778
TTC22,-1.0220711088685466,0.0125489582888215
MED8,0.5401060245612515,0.0125674417229664
EI24,-0.6164094345620832,0.0126424314625221
CHGA,-1.2687664090214437,0.0126507935745003
USP12,-1.032192106596712,0.012659325406491
SGPP1,0.6885991842423564,0.0126629246885199
PDGFC,0.451461907755144,0.0127030987624827
FZD2,1.548118636296854,0.0127144682802489
UFC1,0.3042420560161343,0.0127541423030603
VPREB3,1.384251191774066,0.012793320230291
IFT52,0.3543465715260012,0.0128260569986244
HYI,-0.303610964270554,0.0128311286971749
KDM4B,-1.082796253491348,0.0128788346956957
FAM173A,0.3373934563053611,0.0128797125897572
DCLRE1B,0.7564423472390187,0.0129013314700571
ANKRD49,0.5632281595862185,0.0129048726370362
SLC15A2,0.8138422203481817,0.0129102910894047
CEP76,0.7157954195875531,0.0129125618487575
C1GALT1C1,0.5151299698205722,0.0129146064945991
XCL1,1.6588735751082684,0.0129184213466229
PPP1R16B,1.9488142586167907,0.0129578755239686
KHNYN,0.4834179849703748,0.0129687768784336
IGLV6-57,1.7829987263737015,0.0129829293838068
ZNF787,-0.5103359577107094,0.0130324486019357
DCAF8,0.34057264596896,0.0130390676603537
APBA3,1.4556866068604526,0.0130434046914092
SH3BGRL,0.406365666053869,0.0130580071271212
CST3,0.360112201498513,0.0130674880802857
PDXK,0.877763057179072,0.0130713002223283
CEBPA-AS1,-0.4441865540290273,0.0131079592849204
GSPT2,0.4504178105751162,0.0131603378993406
LSM14B,-1.0877280172340864,0.0131626306191915
ADAMTSL2,-0.8938694699841534,0.0131725833585439
KISS1,-1.0570162349512118,0.0131872404260588
KNTC1,1.349069726251643,0.013190201390155
SLC35A5,0.4928830087131377,0.0132462939767344
ERCC4,0.6957675149339195,0.013250132532003
KLK1,0.2943699363982368,0.0132508787627055
SAMD4B,-1.0086011936859678,0.0132761432906855
MAP4,-1.5622276047731145,0.0132823059727247
HAS2,-0.9687818110687738,0.0132834268739623
GTF3A,0.3510923163103943,0.0132902200985755
SEC23A,0.9278157777914684,0.0133069943455093
MCUR1,0.4487034520828512,0.013311359659391
ADD3,0.7144795138500317,0.0133204170025544
UNC50,0.3076158980433963,0.0133269082976096
AGT,-0.8253849932304904,0.0133320916784687
FAM134A,0.2907112861112431,0.0133568560485351
ARMC1,0.3408633870987945,0.0133898182006376
CENPE,1.3053003982493,0.0134046930892548
CEP55,1.6611096302675792,0.0134445675941292
MSL1,0.324957814971226,0.013457601364751
PIEZO1,-0.3576685032749527,0.0134805460149746
LAS1L,-0.4792034797618054,0.0135092006466393
NOD2,1.0609063400077572,0.013515779715058
MARCH1,0.7227595228788619,0.013553048763403
IL15,1.1648094087376224,0.0135633647247382
TMEM140,0.5283108021971099,0.0135675129617012
CASP2,-0.7302876369098787,0.0136833392681389
PTDSS2,-0.3637711086001385,0.0137129966004864
PDE8A,-0.7146142436227816,0.0137335985037397
USP36,-0.5931953334559781,0.0137612462590338
TPSD1,-1.485423236017625,0.0137658916552548
PEX11B,0.2505758857135518,0.0137992670100256
ZFP36L1,-1.279594610235809,0.0138239694545298
PIK3C2B,0.7319648303662305,0.0138405489282822
PPP1R11,0.2307380798286988,0.0138503772919364
RING1,-0.332897370675651,0.0138588378801696
SMARCA5,0.3543258426165234,0.0138678242618494
CR2,1.6779792361347488,0.0138854047625372
LILRB2,0.7972849082622426,0.0138875594667797
LMAN1L,-0.5690384021976831,0.0139079697540418
HLA-DQB2,1.23795378064559,0.013924179360055
SAP18,-0.594966329818325,0.0139338900851041
ERO1L,0.8500732567484528,0.0139352536888958
ACKR2,-0.7779297101293894,0.0139412295103388
HPS5,0.4376477989966165,0.0139436372853839
CHRNA5,0.4961152855985578,0.0139700481162676
GOLGA1,0.3902898600844118,0.0140140675395403
CHST5,-0.3842841616384049,0.01403732758104
ELP5,-0.585899348704535,0.0140497898304214
WNT1,-0.9930671040763164,0.0140687643789117
MIEF1,0.3608757394699253,0.0140712985747397
TRIM52,0.4433819561483485,0.0140774628662619
C1ORF159,-0.5677277205008586,0.0141083487096154
KRT33A,-0.2777251694383689,0.0141529791224836
UBE2H,-0.4403442171398399,0.0142183232949009
TPD52L1,-1.0840040996713078,0.014237804680225
TMEM30A,0.2893879906826555,0.0142829017390498
INPP5A,-0.4976391939046554,0.0142867561525994
IER5,0.6880157127693227,0.0142930363525931
MFSD6,0.773705629964498,0.0143108921748172
PNMT,-1.324046636054037,0.0143272638835234
TGFB1,-1.181840439513259,0.0143575231803683
EEF2,-0.2445588929957445,0.014373612331715
NAA15,-0.7382815141613879,0.0143947895780395
WDR78,0.553470930775366,0.0144081967893057
NUDT18,0.4955159470254626,0.0144142390401442
CPNE3,-0.5741563402363976,0.0144559361381974
PRDX2,-0.793367047661814,0.0144770132584419
SIGIRR,0.5191880977036725,0.014486195020409
THRAP3,-1.218607051762966,0.0144863309651667
PHACTR1,-1.0216914916737505,0.0144884663046375
GIMAP6,0.9864775714518376,0.0145042590939868
VIM,-0.151025431882978,0.0145115574511682
CD2AP,0.4481055369707958,0.0145203094654556
GFRA4,-0.3775275859883416,0.0145247591864359
LYRM2,0.3424519456682233,0.0145481919953015
KIF18A,1.6947470695752682,0.0145583704047182
MCM4,1.3051009793963884,0.014578755620204
FAM204A,1.2142658785640332,0.0145791005209941
LBR,0.6210382082556904,0.0146002996015858
TAPBPL,0.7473141261476357,0.0146247893674385
UNC93A,0.7177334835613398,0.0146404663494207
GDPD2,-0.466615942285288,0.0146513689382511
SAYSD1,0.9623998547448344,0.0146583382824314
MTHFR,-0.9405870984433378,0.0146677740262321
FAR2,1.082193923512654,0.0147148180671715
SLC19A2,-1.3288070504257838,0.0147189705590801
MCM6,0.3710797955723972,0.0147231740018626
GDI1,-0.2388844399733365,0.0147611348728984
UNKL,-0.4863382961673563,0.0147749090208667
MFAP1,0.2032276567714461,0.0147912865570603
SETX,-0.4079927701880077,0.0148644931451664
CLCNKB,-0.6400676958429998,0.0148948731179903
NSA2,-0.2781457658988522,0.0149866862522779
RBBP8,0.4264000311933298,0.0149989490310102
CD86,0.6819003891417825,0.0150064735205285
TMEM222,-0.3039052797368864,0.0150591307762352
TRIM25,-0.9943547126337132,0.0150603432589847
SNRPA,0.3612479969933417,0.0150827803919298
TNFSF11,1.6724911914479952,0.015133227983105
RND1,-1.3161900873666823,0.0151338391460732
RP5-1184F4.5,-0.8113545147327463,0.0151793546843813
AMPD3,0.8219189974782974,0.0151799730885642
EMC3,-0.8089003767767746,0.015180813114747
MGAT4A,0.5819236383806512,0.0151845393837415
RAB40AL,-1.2597682791603004,0.0152213076156316
PLGRKT,0.5459771356709862,0.0152236413101503
KDELR3,0.9688891780748108,0.0152490995960897
TNK2,-1.1563308095367557,0.0152582509849485
CCNE1,0.8463899278813285,0.0152739878734287
TBC1D19,1.4002143223945227,0.015274792593133
TNFAIP1,-0.7837041648329102,0.0152798354258187
SSNA1,0.2532890992011705,0.0152953805616711
CTC1,0.3481023201577908,0.0152989637450185
IVD,-0.4644898943156228,0.0153039632865225
PGF,-0.7388943377441137,0.0153237571397756
EPHA1,0.7834323157865599,0.0153240295843513
IQSEC2,-0.6325303955155688,0.0153250858231052
GOLGA2P5,1.1512448129552215,0.0153289970686228
SLC2A4,-0.9128911313661394,0.015330262005398
SCN1B,-0.3150497277769393,0.0153552868184774
MXD1,-1.6205790449036157,0.0153879869039145
PPIEL,-1.1229191137018164,0.015402315141764
STARD5,0.8662884212914497,0.0154541596519289
C19ORF10,0.281418023867392,0.0154776057891191
HSPA4L,0.4483055958167741,0.0154861619121714
CD14,0.6567560144551265,0.0155077358680074
APOBEC3B,0.9389912687327576,0.0155473039133111
ERLIN1,-0.539576413736226,0.0155477450221635
GINS4,0.8902428806465803,0.0155882273892742
RMDN3,-0.4545681511671766,0.0155962089348616
CD1B,1.2173758792851517,0.0155966849031441
SOCS3,-1.228275224335098,0.0156560963359038
ZNF460,1.1601909703466111,0.0156723412828811
UBN1,-0.6209919626891587,0.0156844095428179
CEP192,0.3886589285063166,0.0157006481300705
KIAA0922,0.4318587731475709,0.0157110455247959
SOX9,-0.5683857527208023,0.0157167835275899
BAG3,-0.5201406187351658,0.0157170450372962
RPS6KA1,0.6279746560024808,0.0157272334805743
SPATS2,0.5886159460737908,0.0157287521827428
PSMB5,-0.1854845354393717,0.0157373763746522
G3BP1,-0.6000304566309405,0.0157459546046765
EMC9,0.7468138762785337,0.0157580248150126
ATP5G3,-0.2654262971329952,0.0157974488657569
POLA1,0.3051833906670946,0.0158030047150285
PFDN1,0.3986370032866375,0.0158038123439937
NEUROG3,1.030022190371649,0.0158100306897974
TOR1B,0.2463085746341384,0.0158148296616005
DHX29,0.400547761112648,0.0158154470137937
TMCC2,1.1676699613998789,0.0158331391948286
DDB2,0.8813003560752879,0.0158336033857442
ETHE1,0.2817594699390913,0.0158677616658274
HLA-DRB6,1.1194391239926045,0.0159128830480639
VSX1,-0.7878321523579737,0.0159161233955111
SERPINA3,-1.184736462151644,0.0159374952391679
PIK3CD,0.919834708167647,0.0159740003998136
CASP3,0.3730529458001577,0.0159993993927542
E2F1,-0.8485962329803032,0.0160245712853449
YBX1,-0.806323437894096,0.0160267772369758
CHKA,-0.46610308885358,0.0160445927629967
LEMD3,0.3911453437571879,0.016105255933229
TRIOBP,-0.3687280076088655,0.0161092143121118
PTPRH,-0.3769711066644579,0.0161380393600173
FAM46C,1.0983862855605784,0.0161452638297345
LOXL1,1.282292167099488,0.0161994338475482
CDV3,-1.1520851212473031,0.0162478899146464
OGFOD1,0.4543278664892956,0.0162558054189191
ARID4B,0.36879391491407,0.016271091406843
KIAA0586,-0.3383990918992285,0.0162793047548957
ADAM19,0.9395428140933708,0.016365838046946
MUC6,-0.8954543980576126,0.0163733209379132
KCNN4,0.9126199869717712,0.0163992663241624
SRSF11,-0.6799603140024786,0.016414557782904
LRIF1,0.827700920585345,0.0164436490115025
IRAK4,0.3804619104706708,0.016447348410557
ENOSF1,-0.7833733505304483,0.0165070047433274
AIRE,-0.7002398355409318,0.0165094636150642
ADGB,-1.2707128981818436,0.0165169518406265
HDAC11,-0.9874999723088572,0.0165496617054448
MRS2,0.5064372928040228,0.0165620414304665
TSPAN32,0.6756304323654545,0.0165827903818828
MX2,0.6076798368180203,0.0165865748287279
MDFI,-0.7761998576557074,0.0165935965062778
AGO4,0.4393327173286412,0.0166232889026406
AOC4P,-0.5215098538227068,0.0166375180711248
RND2,1.2100504537548646,0.0166680205407481
MRPL16,0.2494681363695132,0.0166734183527658
NIT2,-0.2840650841395593,0.0166791798360337
PRPF3,-0.4149045202993022,0.0166827901208969
CNTFR,-0.5239451062995606,0.0166852048155341
REV3L,-0.5144211635842524,0.016738487304696
RNASEH2A,0.3626105661867411,0.0167432535929806
LIME1,0.9325860477676224,0.0167577363538579
HYPM,0.754365822683797,0.0167793479351434
MELK,1.2604217575515442,0.0167885472822919
ATP8B2,-0.5866198473419928,0.0168121302048626
RTFDC1,0.2182707152461152,0.0168144226262438
TTC9,1.5352448268825754,0.016836203951384
PIP4K2B,-0.5620886711317254,0.0168673688247469
NCALD,0.5639092203905633,0.0168751432497343
MXRA5,1.482550307966056,0.0169110112726953
GUK1,-0.6394779855979857,0.0169383752270675
AMZ2,0.3528614181134912,0.0169609458126868
RGL1,0.5018078422410515,0.0170683251608105
SAFB,-0.6053425845796347,0.0170904614280384
DMPK,-1.3891968865161095,0.0170982248934586
HSPA13,0.8132480027563549,0.0171066727967514
APC,0.8780420316575936,0.01711889395074
LSR,1.362476133807074,0.0171255972272271
SOGA1,-1.0410607094737765,0.0171283236617059
ANGPTL4,-1.515017431541093,0.0171683365441409
NKTR,-0.8553468976449388,0.0172454750327442
SPCS1,0.2119792695623825,0.0172533621745717
SNRNP40,-0.4398865895559769,0.0172838659392044
RPS4Y1,-3.256044016654042,0.0172901926299885
KIAA0100,-0.3204982407519079,0.0173138811443708
FAM105A,0.5414315260548923,0.0173438662250478
PGAM2,0.8125696144484551,0.0173522567087274
MAPK1IP1L,-1.282659975441268,0.0173670393365687
C17ORF62,0.4846955058898423,0.0173942859750593
DGUOK,0.2394623571525969,0.0174133741904418
WIPI2,-0.3761891822088827,0.0174450246664911
SETDB1,0.5253233658832439,0.017448571415873
DNAJC28,1.294436655545546,0.0174694364370806
KLF4,-0.8588364013591843,0.0174722945977331
POLG2,0.5284183019236321,0.0175067729766943
EIF1AY,-3.132822115783076,0.017526754768737
SLC25A1,-0.4504322864939176,0.0176018122497585
DYNC1I1,-0.4142332779851561,0.017613325629082
POLQ,1.289482616559126,0.0176493996367299
CD5,0.9586301798292372,0.0176770314737253
CDK9,-0.3084699546204676,0.0176885223536065
AXL,-0.7440382803530401,0.0177236906203583
AP3B2,-0.7363807031923422,0.0177286958889245
ZNF587,-0.5834204342530018,0.0177442992653948
RAB15,1.2763143890537592,0.0177628002141375
MIPEP,0.4948074442173631,0.0177712182158944
HMGB1,-0.3076097136652578,0.0177839706592729
LSS,-0.6807598278068996,0.0177983091559952
CD40LG,1.434290160182882,0.0178236205078973
YIPF1,0.3882913600266704,0.0178242462467493
PPP6C,0.2163223102966043,0.0178293668983394
PRF1,0.9538588316912122,0.0178738898260114
PCCB,0.4085878333584603,0.0178740036688339
DPY19L2P2,0.715717619156238,0.0178900551464403
RNASEH2B,0.4467684503638436,0.0179410907513471
BANP,-0.3081672487857947,0.0179888209704118
RLF,-0.3122451478566805,0.0179954167381071
HIST1H2BN,0.8426578036018131,0.0179976164114234
CORO2B,-0.847829375064582,0.0180607937666884
CKAP2,0.7320717885483496,0.0180885571734674
PIK3R5,-0.4575812476795118,0.0180998446693903
CD37,1.0795014539234042,0.0181280766692499
IRS2,-0.8630555609177826,0.0181453434261701
GART,-1.158219382770362,0.018167827287647
COG5,0.3875940788207472,0.0182780379282034
SDHC,-0.3889479953930213,0.0183324289437013
PTPRN2,1.4449301778964,0.0183656347355899
CORO1A,1.1013256964867413,0.0183708131931245
TNIP2,0.3385041277734917,0.0183832056647959
KCTD2,-0.3534883048104777,0.0183981649986402
CRNKL1,0.3292176791455663,0.0184065265593787
RPA3,0.4230322703886102,0.018428157073017
MTO1,0.444635052245637,0.0184567785402836
HLA-DMA,0.6796450124095514,0.0184666322994786
SH3GL1,-0.4196526006270851,0.018483673087117
ABL1,-0.3662150157825259,0.0185296446359353
TCTA,0.4250425201241175,0.0185338926008935
CMTM6,0.3108846215679719,0.0185874459716834
KIFC3,-0.5805236004879335,0.0186238874253596
PIP5K1A,-1.194595644158424,0.0186309631755105
CYP2U1,0.793452366617811,0.018756364273404
ZNF14,0.4996324299673143,0.0187732410543866
AQP6,-0.6307129474994739,0.0188110912162337
XBP1,1.0098033887992628,0.0188142381335701
TNFRSF10B,-1.1627343618070745,0.0188617794220431
IL2RA,1.476487549427418,0.0188646678598092
TFE3,-0.2905351637095723,0.0189041262005146
NARS,0.23340376061042,0.0189259692480447
DNAJC11,-0.3398703614756897,0.0189410056978113
MSMO1,0.3179129737321027,0.0189741194631924
XIST,2.545673655942611,0.0190017110937975
GSTM1,-0.6560073265193846,0.0190119685037393
AKAP10,0.5817488776480566,0.0190203677851398
OR3A3,-0.3745708999436585,0.019055153220419
JAM3,-0.3519992989560485,0.0190804000033522
STARD8,0.3081858615011725,0.0191233912891123
STEAP3,0.4285199590585318,0.0191292628301227
SMPD2,0.8280877182398925,0.0191396216704447
CDC25C,-0.8072178857524221,0.019237846001046
C20ORF195,1.4161600286345974,0.0193254296164357
TOMM22,-0.4178387460581483,0.0193574304190954
SYPL1,0.4246552645482246,0.0193676890171772
HSD17B10,-0.3093384801014345,0.0193724378511025
SLC1A7,-0.6801516238509135,0.0193977482849382
SKP1,-0.4826230892706569,0.0194071305993814
ZRSR2,0.2534164154645673,0.0194351761369444
CENPBD1P1,-0.4296093592721153,0.0194386395586328
DHX32,-0.2142378159068911,0.0194400165584602
CCDC71,-0.5127474423052227,0.0194737131022444
TBCE,0.4642729766130946,0.0194818509991693
NCOA3,-1.3159791317289224,0.0194829861583305
FGF9,1.435150623245158,0.0195436249668704
BPGM,0.3715427844196552,0.0195480137886482
COG4,0.4796329574178326,0.019595241673082
SYNJ2,-0.9414240810079502,0.0196012031144257
B3GAT3,1.1921468447442676,0.0196084033297459
RAB9A,0.2897850060710105,0.0198154890053599
VPS35,0.3605532772274689,0.0198230115551751
NUP43,0.3914018490847972,0.0198359611095746
KCNJ2,0.900127428049827,0.0199017742459082
AHCYL2,0.7210749973726447,0.0199186154610399
NAGA,0.6647318831904521,0.0199199810995085
DGKD,-0.7481718344373807,0.0199327378308607
B3GALT2,1.2363713450187634,0.0199626832302232
HMGCS2,0.7555586570156954,0.0199838725070972
RP11-930P14.2,-0.3873717974311028,0.0199916606698212
CDC14A,-0.9517068866636986,0.0200225773773632
MIF,0.3431493750687693,0.0200800881669594
E2F4,-0.582636465013838,0.0201457739845598
IL12RB2,1.0149467014615627,0.0201586243864585
NECAP2,0.5434598555718484,0.0201775776777546
ZSWIM8,-0.7467939977920848,0.0201821790230614
SMTN,-0.5498339374023704,0.0201822233465975
LIG1,0.6503522176763106,0.0202400372011082
ZNF669,-0.5959536399693421,0.0202585545575769
ATAD2,0.7384008011434329,0.0202590736521568
ZNF721,-0.6826858360014043,0.0202931124475588
MCM5,1.3616099077392825,0.0203131129881152
OPN3,0.5695162944523045,0.0203131426300021
GPR19,1.0334425465710448,0.0203173064002537
MBD1,-0.6707994237242625,0.0203179804568597
VRK1,0.4095118801777166,0.0203381658626669
HIST1H2AE,1.0139879080681968,0.0203626428527297
ICA1,-1.3690541628692705,0.0205185174113957
TMOD1,-1.60867070467092,0.0205222571705074
PSIP1,-0.7604517329309477,0.0205422553281682
RAPGEF6,0.4262866164799277,0.0205501827785382
MYH13,1.3843518645422457,0.0206162690706779
NPTXR,1.2514650983087097,0.020620645367008
MLEC,-0.5772185580419489,0.0206806058738163
STAT2,-1.0945449063094053,0.0206828664137584
KLHL22,-1.1362112998572815,0.020700351585706
HHEX,0.3891320693343836,0.020708530680768
DPP3,0.7471131290574933,0.0207102754700796
NCKIPSD,-0.929804670278764,0.0207458381630474
CECR1,0.854748796120731,0.0207467870638803
ADORA3,-0.908223516976717,0.0207667194496389
GNE,-0.3573870321786874,0.0207675365175654
PWP1,-0.3186171051494764,0.0207825380154409
RP11-348B17.1,1.2979154533883803,0.0207869804795205
ABCA4,-0.8352424103167646,0.0207939763305354
CTSW,1.5511433597994235,0.0208162260392393
HLA-DRA,0.512827779520121,0.0208235477387274
GLTP,-0.3065700147247217,0.0209092424488537
SETD5,-0.2803859044233636,0.0209236260162831
ATP5F1,0.2469073308880549,0.0209496601285387
GTF2A1,0.8041535104762589,0.0209749519988014
CD300A,1.8532551698185808,0.0209817121928831
SRP54,-0.3769233958542219,0.0210042614930071
FGF13,-0.8477600543158035,0.0210102123905714
PML,1.0855565137445673,0.0210182862776538
TMEM243,0.3461857497233964,0.0210273415206644
HELLS,0.7603645719864498,0.0210353694888189
AC003989.4,-0.9292598476751036,0.0210596072555892
RALGAPA1,-0.8027993428342226,0.0210684097854274
CADM4,-0.9055178504963666,0.0211273325709526
ADCY7,0.5955183067421075,0.021140425244589
TLR3,0.959111393836543,0.0211532538281878
ATP1B2,-0.6402002793823103,0.0211592837363838
CNPY4,-0.9746223754187372,0.0211800561623764
CYLD,-1.1309835511545332,0.0211847971886422
NFIB,-1.8326663539118275,0.0211950055574213
KIAA0556,-0.3012500532569238,0.0212116497476118
GDPD3,-0.5460884466299047,0.0212210929923108
ZNF85,0.4798411691810322,0.0212769824427923
TLE2,-0.5190136078282936,0.0212806230693261
WDR43,-0.7522015745631956,0.0213021515076629
COX7A1,-0.4955192911262269,0.0213479174480558
RNF208,0.9146746415538924,0.0214624360246059
AMMECR1,0.457654708217027,0.02155257000606
TAS2R13,0.7986913775723932,0.0216020956284801
KIAA1551,0.5771173126828515,0.0216428201995662
TNFRSF9,-0.7277788442994337,0.0216504931063304
PDE6D,1.012906647553768,0.0216653142203556
DMXL1,0.6837398492229347,0.0216675831729443
ABLIM1,-1.0779329041832275,0.0216688154581856
ARHGAP25,1.3176094134976637,0.0217062900526516
POLR2H,-0.3117041257194461,0.0217355048892975
SLC27A5,-0.8467834088615689,0.0217625303361975
PDCD5,-0.4252696580579753,0.0217646832273393
PSEN2,-0.7401724472431432,0.0217764564458429
PRDX6,-0.4071011998230194,0.0218012847174501
SUSD4,-1.0885364171705163,0.0218079430686322
DOK4,0.6865854038929768,0.0218146485625783
TMEM39A,-0.2475787900043435,0.0218504109907355
LDB3,-1.0343548226135564,0.021880164315062
GNPAT,0.3932892336814717,0.0218871563764538
PPP2R5C,1.195530966009156,0.0218982428169494
KLF7,-0.4657374276590218,0.0219018377809476
MEPE,-0.6021708487903963,0.0219062198590866
MDH1,0.3100679857981383,0.0219093130218284
PLG,-0.5914547028462787,0.0219264348351137
CENPC,0.4408644713984646,0.0219724107775252
EEF1A1P42,-0.9710319767457952,0.0220292664103948
ARHGDIB,0.4274816598137416,0.0220358659683393
CHIA,-0.7637880105153299,0.0220407092901242
RAB3D,-0.5541985811478627,0.0221337273747028
ICAM3,1.0197738786384516,0.0221350059904919
PP14571,1.2309082879408644,0.0222103510622109
HKDC1,-0.885814905180589,0.0222807059660245
TMEM246,-0.4835946859973523,0.0222819033543839
DECR2,-0.367644339691175,0.0223193661411082
PNISR,-0.5856684505752305,0.0224736761145412
STX2,-1.2249201540271455,0.022478992619998
TIA1,0.7781194658471025,0.0225250225060387
TNIK,1.1577531833461745,0.0225550035289713
MDFIC,0.500360288642625,0.0225554582758226
DAZAP1,-0.4468005366457053,0.022571222083497
HTATIP2,0.5423431583453429,0.0225985176847902
MAST4,-1.4675202392928064,0.0226265746152337
MORF4L2,-0.2240360182295404,0.0226438256022558
SIGLEC1,0.7854579680342351,0.0226443743222052
KDM4D,1.0843503088189652,0.0226557583363803
NCS1,0.8161619716140809,0.0226604324849044
ZNF200,0.5686923908070316,0.0227507458312237
BEX1,-0.6014800669933003,0.0227986090199135
SUPV3L1,-0.4234287796728324,0.0227999026611549
MMP1,2.9646010396529885,0.0228055213399452
UST,-0.6988585209035261,0.0228307724653034
CLUAP1,-0.4310981815989061,0.0229213782490553
CD200,0.630151251594465,0.0230171841187866
USP16,0.2145524003954353,0.0230568831927247
BICC1,0.4858422533265631,0.0230596884040485
GPX4,-0.4313159542878217,0.0230891810492973
PPP3R1,-0.4438025693249479,0.0230971337578257
IPCEF1,1.2780737021793316,0.023106660250845
DDX3X,-1.2358583429918897,0.0231597859593953
TCAP,-1.0470710318510985,0.0231825188946305
PSG11,1.243708827670079,0.0232480737450622
RALY,0.2280173711529212,0.0232511482855938
FGD6,0.6924770821711741,0.0232723132012509
SRSF7,-0.8477160302429088,0.0233021569264952
MARCKS,-1.2022093634637248,0.0233047873776905
TRIP13,0.567108196937947,0.0233060260642434
GRIN2C,-1.2238779097969594,0.0233165326995968
RAE1,-0.9717272879932132,0.023349290182327
HNF4G,0.8801381693835495,0.0233690977997606
HTR4,-1.0817713239946851,0.0233888870113865
ANP32A,-0.7065496134765077,0.0234122701714707
NDUFA10,0.2721374940374605,0.0234351667302613
FOXO3,-0.47080880445945,0.0234723436235414
CHD5,-0.8612899900383706,0.0235080796836049
CDS1,1.0694422146422684,0.0235206215492775
HRH2,-1.067240387186029,0.0235509058606393
RMDN1,0.5251737780822658,0.0235818498590512
SART3,-0.6379498146826208,0.0235866282622665
PRLR,1.3952357886882596,0.0235957750973668
ADRA1B,1.1361894195350493,0.0235965347106194
RNF19B,0.5384121310648737,0.0235980770257908
NOX1,0.8207003541597597,0.0236168267248748
SARDH,-1.0276441048695943,0.0236183364070852
OR10H2,-1.032866646675338,0.0236242079465249
TUBD1,0.4671075566407427,0.0236281458616102
LTBP1,-0.9766592782707696,0.0236394976466769
APH1A,-0.2221245484139178,0.0236543291959958
NDC80,1.829775566034038,0.0237090706532014
SREK1IP1,-0.2997238699903874,0.0237181676469573
CLOCK,0.5401899630428044,0.023761980636815
HBQ1,-0.3011972364876918,0.0237787372380238
SERHL2,1.1092546822739455,0.0238023597343484
KLC1,-0.2763832713878997,0.0238664662305637
TUSC2,0.3940351712193441,0.0238856076298202
PRKDC,-1.500808044035609,0.0239105425393543
PENK,-1.2616960995072946,0.0239187055729691
PREP,0.3357802594407797,0.0239647575189874
P2RY6,0.6007648542231507,0.0239939723185665
SLC30A1,0.632716487218314,0.0240140240904261
CST1,1.570430993334934,0.0240337639848576
DEXI,-0.2774888725555211,0.0240344429103109
CD96,1.2718961924002397,0.0240787507209369
DPAGT1,0.2292436340191699,0.0240978487366418
PHLDA1,-1.7892285332836506,0.0240997921983622
FOSB,-3.4499964438344097,0.0242357936551627
LOC100505915,-1.13371210577872,0.0242449013421328
CTSH,0.5717003882447234,0.0242576750890361
KIT,-0.7151270822775775,0.0242689118675539
CLCF1,-0.5907325036492503,0.0242855558494323
SPTLC1,0.4460278056986073,0.0243062732658541
ZMAT3,0.5690993588804005,0.0243226410989066
ACOX3,0.6769014812693017,0.0243288440037732
PTPRO,0.6923438841240603,0.024383112102838
NR1I2,0.9411260337712326,0.024416378081269
CDCP1,1.1269059713081724,0.0244477702715488
MTMR4,0.2765064255338849,0.0244513360461969
BTK,0.4994502655574422,0.0244821649120698
HMHA1,0.633738679180226,0.0244832206722842
ZNF384,0.7348363974292287,0.0245339378501658
ULK2,0.6560857788782686,0.0245461412969591
ACOX1,-1.2546381112753164,0.024602830775011
CYP27A1,1.484895536180435,0.024615938444524
PLAG1,1.1046771645064457,0.0246352360495905
NFS1,0.2295811182442619,0.0246778669688741
NR4A2,-2.171950161935592,0.0247083649234737
COMMD10,0.3987918222764293,0.0247352698063842
GOLT1B,0.6050160674944234,0.0248235191699573
TAC3,-0.4216662375517455,0.0248251627411642
BIRC7,-0.4974954379998531,0.0248724503972104
RIPK1,-0.3109267092716994,0.0248751079862443
SCAF4,-0.7918534465277505,0.0249055094406974
PNO1,-0.997046214768674,0.0249595149325055
SSX2B,0.9420928311119215,0.0250123919720655
GTF2E2,0.2813107391576377,0.0250132775387765
IRF8,0.699406910937503,0.0250535738570811
PNPLA2,-0.8796656715395912,0.0250564971605153
KCNG2,0.7382682875359721,0.025078160329143
PRRC2C,-1.5774829877544445,0.0251158253570268
GPI,0.3268619923788112,0.0251386555714403
HSD17B1,-0.6782173565006979,0.0251828595145252
PHKA1,-1.211528679697392,0.0251944635040996
VAMP4,0.4486319218361183,0.0252355737485515
CCT8L2,-1.0603763069657737,0.0253005959918185
PODXL2,-1.2115612425391389,0.0253421424293818
TUBA4B,-0.4961713457667978,0.0253439068838672
PDE1B,-0.9870587968449492,0.0253541279292827
GDF15,-1.1729938338504668,0.0254068624622266
TMEM208,0.3613138068160637,0.0254348206413388
PCDHGB5,-0.2867683108090002,0.0254739293610065
RP11-116O18.1,1.3412983470442217,0.0255153895319685
SERPINE2,1.0063584999277406,0.0255215073670872
POLD2,-0.3824659239940455,0.0255333034372088
POU4F3,1.1197394121811493,0.0255432417658531
TBCCD1,-0.359864519456857,0.0255882588725219
HPX,0.8299455140933487,0.0256443198037581
SPIB,0.8831569500138805,0.0256443540025592
PKD2L1,-1.007782162452866,0.0256661536433505
RPF1,0.3225426774438062,0.0257136696875388
MAT1A,-0.4374134322592882,0.0257535676903127
NEU3,-0.8082256101318022,0.0258350130295312
AGFG1,-1.160146297582651,0.0258624010530867
CARHSP1,0.4285891634768877,0.0259563129725327
WASF3,-0.7318407159992102,0.0259593666544474
RHBDL1,-0.2805702415367266,0.0260197504871656
HIST1H4I,-0.9868055154747228,0.0260665323030885
IL21,0.766906255993451,0.0260821062330617
PPRC1,-0.6338269083793353,0.0261158506247065
GABARAPL3,-1.008428008386784,0.0261182053894441
TOP2A,2.02136887007918,0.0261458226056831
NCKAP1L,0.7191244341045184,0.0261708716289674
ITGA9,0.4355616544300451,0.0261767728539171
RNF121,-0.3687399271256319,0.0262232308573522
KCNJ4,-0.6411468540792553,0.0262470259619046
ADA,0.4286932025595114,0.0262880967849826
CHST11,0.7186556464844207,0.0262896114056373
ZNF141,1.0138438102664216,0.0263709920010144
PARP8,0.4222775470523157,0.0264386226650837
ITGB8,-0.8628638698442153,0.0264567858948186
HOXA1,1.09622681512831,0.0264712707418767
ANGPT2,0.6331360042676764,0.0264755228456757
FAM114A1,0.3782674592279988,0.0265160815397319
SLC25A30,0.9749569484239826,0.0265169425075076
ADAR,0.193578865191526,0.0265451779086836
MYLPF,-0.7992966701890083,0.0265884031818031
SLC6A6,-1.7882763465304317,0.0266222718176626
ADAMTS1,-1.0529724002574756,0.0266251075439971
PRPF40A,-0.5439119631586458,0.0266415725728545
WDR46,-0.6220302037939716,0.0267217663036215
FBRS,-0.2754544487273618,0.026743303489116
NEIL3,0.5597711997261161,0.0267581331966121
ATN1,-0.7752804528855055,0.0268474733720996
NEUROG2,-0.438248306848882,0.0269181289749543
GALE,-0.29543015195501,0.0269200560269664
SPRY1,-0.6823375008192496,0.0269230827072202
GNA13,-0.9308455747847804,0.0269691026241386
KCNN3,1.515749399194695,0.0269919433431688
KIF20B,0.5655708133637338,0.0269983716630018
ADAM8,-1.3456418803759784,0.0270249769935628
PCSK6,-0.6510461647864894,0.0270456382908471
NVL,1.2233433549998107,0.0270586755688715
PA2G4,-0.6758304208952612,0.027124249377953
TNFRSF21,-0.4595620828315194,0.0271337492575882
DNAJA3,-0.2943444958478665,0.0271386736004573
ERAP1,0.9160839763018168,0.0271746658669703
ATP8B1,-1.093045849403019,0.0271788046149973
SOBP,-0.5826502379067211,0.027196070921749
ATXN8OS,1.1266066592096315,0.027201336259005
LPP,-0.7261823812143042,0.0272231427237956
SLC1A1,-0.4852878138580134,0.0272482686159959
MLNR,-0.8960110404535189,0.0272714573990667
TFEB,0.4833755857036763,0.0273024964171161
ATP5A1,0.144692834695352,0.0273252823772219
ACKR1,-0.5534840578868696,0.0273448458686389
CCL19,1.5705030986163475,0.0273986147137993
GRIN2A,0.8901487288433856,0.0274072670042993
RAC1,0.2984505041322745,0.0274323446291901
LAG3,1.422333354005202,0.0274532920146772
GORASP2,0.288421341279184,0.0274680901299174
MTSS1L,-0.6377247410077245,0.0274743462807514
TOPORS,0.3165646334793113,0.0274788730668871
CDC42BPA,-1.146733127208725,0.0275141649414793
RBPJL,-0.7312474863760734,0.027537199804915
PEX12,0.4155376468151814,0.0275958640077052
KL,0.5874704880175674,0.0276020660314847
DOPEY1,1.3391163987877222,0.0276609239018417
NCLN,-0.936792532358139,0.0276978540872042
GDF5,-1.0426150150008189,0.0277446347983165
PAK1,0.4820713413653399,0.0277486613586798
NCAM2,0.7282562472655059,0.0277644509660718
HSF4,-0.6203677543228645,0.0278433283595393
SLC9A6,0.4083553533222819,0.0278522607269677
TBCB,0.4169493425677739,0.027896574693237
NCAPG2,0.4086096733091597,0.0279101067683714
ALPK1,-0.6575591536189336,0.0279158277803036
NHLH2,0.7260148024592743,0.0279190891425093
CR1,1.4963633543271042,0.0279268234224094
ZBTB14,0.8318929260971499,0.0279295774402687
PRPF19,-0.2885211923533717,0.0279413751372136
MTERF4,0.5087804618295042,0.0279612364072268
GABRD,-0.636527081756959,0.0280393748259015
FBXW4,-0.3225725488338913,0.0280850789331997
BBS7,0.4949674596936093,0.0280892599238008
GMCL1,0.4522876423798969,0.0281041139239769
CABYR,0.2834529564919084,0.0281308012595033
HTR3A,0.7929187373841549,0.0281477687719024
ZCCHC6,0.334845115841297,0.0281520783839175
FAT2,-1.0000020901901507,0.0281831923118956
SLC38A3,-0.7502592515644766,0.0282307800835876
TAF1C,-0.8740295475440973,0.0282703624522141
SPPL2B,-0.7790038989501937,0.0282871428158878
SNTA1,-0.5017935939188902,0.0282924454279219
ARPC3,0.2514039131622319,0.0283156639929214
ZNF75D,0.5775507353865832,0.028329947840174
SMPD3,0.7099537151635937,0.028352268998071
HIP1R,1.511927157272459,0.0284098054724857
IPO5,-0.4127869391890897,0.0284293814842232
PGM5,-0.9772876365695788,0.0284873288569487
MARCH8,0.6080846535246192,0.0284885369859907
NRIP1,-0.8004308130791351,0.0285204166474603
SGCA,-1.8736912394935552,0.0285582220530641
FABP6,-0.3060805275879175,0.0285909875024793
LECT2,0.5513353412671518,0.0285992404996203
SLC38A7,-1.032262828606652,0.0286273220610558
XPNPEP1,0.3223422381750325,0.0286668611668433
ACO2,1.235571778936607,0.028687137162574
PTPN4,0.272162602903351,0.0286874976857361
ORAI2,-0.8962889232522748,0.0287170970421379
GALC,0.4806075895444994,0.0287481102612576
RASSF4,1.163268339863027,0.0287710681281143
RAC2,1.09397199929173,0.0287785536431494
ITM2B,-0.4266453403606309,0.0288485235570268
KHK,0.5593762601802919,0.0288695444947662
PAQR4,0.9575351874387898,0.0288793650838665
NDUFS1,0.1840466843242634,0.028882168324399
IFT46,-0.1727426430818326,0.028883052064579
UBQLN4,0.2564206846406645,0.0289108554475881
PRKAR1A,-0.5670774249310178,0.0289240830938285
RGR,-0.862667856123446,0.0289438914739128
TRIM37,0.2830094680884834,0.0289622653950815
DCAF11,-0.2756883490223512,0.0290434544291363
PPP1R8,0.3520668366755881,0.0290610738740129
MYL6,-0.5392261782011367,0.0290621947827366
CDH20,0.3821601429786008,0.0290854176858486
SRC,-1.343681287225286,0.0290880989340843
VWA9,0.2176529170415548,0.0291567513835307
CERS6,0.557842632251746,0.0291893942140184
LPPR3,0.9032704846719516,0.0291964528840225
PDE1C,-1.199281359556431,0.0292371149307306
AMN,-0.501034900260219,0.0292435910674245
ACIN1,-0.444857569975758,0.029245993552585
DENND4A,0.8654670822052397,0.0292957968340289
KIR3DS1,-0.9404226265327909,0.0293228683181122
EMC1,-1.1618573797323526,0.0293241653219507
CRYBA2,-0.4948632095390968,0.0293380413212223
PRKRIR,0.4123811178790415,0.029420526375449
HSPE1,-0.6765307205606899,0.0294533101499483
USP9X,0.188047929660593,0.029472963510533
KCNC4,-0.7184655184598698,0.0295148192420393
KIF21B,1.193976405023114,0.029583767484602
C6ORF123,0.8806701457564827,0.0296241414887274
TRIM17,-1.123214295245052,0.029659869529233
LZTS1,-0.7991026332327396,0.0296835856154721
FANCI,1.524799681303211,0.0296977789374585
SCGB1A1,0.9533071228791884,0.0297429694112484
DUSP22,0.2485998668096556,0.029772530598974
CTD-2269F5.1,-0.6001319609651414,0.0297808335166989
LGMN,-0.7412123689459928,0.0298108135981675
LINC00328,1.2996856821813705,0.0298119396341191
TM9SF2,0.2071670218738432,0.0298865053502729
CXCL12,0.7143776876797876,0.0299695239010082
PRMT5,-0.5007417438412993,0.0299751597922217
FCGR2C,0.7404536285118457,0.0300131248504121
PRM2,-0.3438580948614005,0.0300681092706476
MPHOSPH9,1.2976898281782736,0.0300829239650065
MRPL40,0.3953091551464993,0.0300888573510162
CA2,1.3944842020029489,0.0301192161766427
TAOK2,-0.7037752209050501,0.0302384881809492
BTAF1,0.4123929864089195,0.0302445354189376
ADPRH,-0.8955888361875965,0.0302485414698237
FN1,-1.0843419102358212,0.0302953010563593
MISP,-0.9030517375951472,0.0303193443573307
BSG,-0.543837359700321,0.0303211962243688
MTMR10,-1.0197066455410182,0.0303367954464703
GCHFR,-1.1082654340092022,0.0303373255126542
THAP9,1.3369863417076258,0.0303627796967272
TNPO2,-0.9784847676988204,0.0304269243685974
ZNF550,-0.9621968538770878,0.0304271189843175
APOL1,1.0922693026730368,0.0304420145377506
RPL7,-0.2473949928836489,0.03049632618942
PSMC1,-0.2114410745827584,0.0305126422713294
PDZD3,-0.4026808802059962,0.0305559275012945
ZNF292,0.5094831710615431,0.0305715748360348
MAFF,-1.175476694059551,0.0305953106557366
ZNF394,0.2743137175468355,0.0305958299257965
DDX51,-1.0823595229541878,0.0306029066391179
PTPRF,-1.2891706268638687,0.0306296300254909
NUP188,-1.0461621232342004,0.0306302252311189
ZNF544,0.3750588103987393,0.0306799779345376
GGA2,-1.209857200527181,0.0307011545332935
NUP37,0.2287231964310425,0.030711467474369
HTRA1,-0.374391884170052,0.0307932405883787
MAD2L1BP,0.3068634773841747,0.0308527380675807
PKIA,0.6187451159974211,0.030859205656374
APOH,0.8832269774295098,0.0308725075086976
CDC7,0.4105973568700376,0.0308897534493404
ENOX1,0.5149084830145974,0.0309316418514273
PLA2G6,-0.7124165327321101,0.030939578050808
GMPR2,0.4226576999895481,0.030964083567591
PTPN21,-1.3030350476948789,0.0309969237773339
HBEGF,-1.315027165791948,0.0310926684759796
HAO2,-0.5779408808158548,0.0310936739129899
SCN9A,1.3608907992564947,0.0311330537281371
DRD4,0.7494823841959284,0.0311552355399141
STIM1,-0.3502181192450715,0.0311837076674724
CALML4,0.5281769409303152,0.0312000143220617
STAP1,1.4976327815314612,0.0312346722955331
TRAFD1,0.5916038852850392,0.0312891821089433
GRK6,0.8564458637519836,0.0313100448340318
GPR25,1.3178361870959483,0.0313152831697203
FRS3,0.5513430715254923,0.0313928249872507
ABHD2,-1.3310801720264385,0.0313983086638396
UBXN8,-0.3226543071843402,0.0314330890209162
RSAD2,0.7512595838361191,0.0314701397590112
ENPP2,0.5135783392284221,0.0314937824344568
SH2B3,0.4082259195101478,0.0315313487124922
INSIG1,-0.9061821935979796,0.0315814679800092
LOC100272216,-0.8760461679935023,0.0315959104749393
WDR59,-0.961992588379212,0.0316261042905963
CACNA1B,-0.7676732513969311,0.0316762898138378
ALMS1,-0.5685421533724231,0.0317508403673198
STAG3L4,0.37755085843947,0.0317575270591584
KCNK2,1.3445260276690307,0.0318459210031391
POLR1E,-0.4003566090317694,0.0318935936206119
RRS1,-0.7226714706098836,0.0318993837274299
SCRN3,0.6916486917061988,0.0319173095732953
STYXL1,0.3124121409557254,0.0319442607907182
HIST3H2A,-0.5058081273516972,0.0319614259108256
SLC19A1,-0.5846004023945275,0.0319722412529087
MOSPD3,0.2061855392716278,0.0319829058557602
NUP155,0.2208890377884858,0.0320257662975514
ARFIP2,-0.2814133484168746,0.0320519249796455
SYT2,-0.608675722516681,0.0320635421984783
HSD17B8,0.5503914486669217,0.0320710822333324
HMOX2,0.5853520103828309,0.0320824812060073
PRRC2B,-0.2593283509626243,0.032148138855353
RP11-395B7.7,-0.4792860256094595,0.0321608271527766
DRP2,1.1328535756703475,0.0321852204368786
BPNT1,1.1714098823382035,0.032217132045421
THRB,-0.6986332908100001,0.0322227206578523
MEIS3P1,-0.2789535762976474,0.0322592573529738
RP11-680F8.4,-0.7888253787448223,0.0322897327922929
DTNB,0.9591221789313495,0.0323720392688513
PDCD6,-0.756125805213566,0.0323747394747035
KRT1,-0.5576494466641737,0.0323824041334256
POLR2J4,-0.864971519936363,0.0323942144564938
ST6GALNAC4,-0.5419358919142532,0.0323989532437219
EPYC,0.8144295393354728,0.0324176790735834
APOM,-0.4132722403986451,0.0325476023330671
IMPDH2,-0.3173466477330144,0.0325489433499409
RGS11,1.0023014891155215,0.0325547422311309
MPP6,-1.4243828442555948,0.0326080820781871
CCR6,0.9141688629080011,0.0326244500667445
DHTKD1,0.5963265409261371,0.0326427411447866
GTF2E1,0.286367016463835,0.0326904642561419
PSMG2,0.1581173873672412,0.0327020485326823
TIMM13,-0.3082253994338408,0.0327456775040471
PSMA5,0.3368832410890583,0.0328211993477359
PAFAH1B1,-0.5427111766562076,0.0328990701189118
SASH3,0.5887053339744206,0.0329289212127425
DNASE1L3,-1.2469403278294493,0.0329540612477264
MICALL1,0.8809966488560939,0.0329542331421038
KLHL7,0.5879321826399488,0.0330000946793456
KIF20A,1.709936271520216,0.0330165219553751
OPRD1,0.7492621758814426,0.0331480419897514
GNG12,-0.2786182266867367,0.0331528510300003
RWDD2A,0.3215791983991503,0.0332329324877868
XRCC3,0.9603451299814636,0.0332856251661851
ERCC8,-0.6456222577801904,0.0333223485591127
CACNA1C,1.0214521789948927,0.0333225236367255
RAB33A,0.5963463762057737,0.0333582449417792
MAN1A2,-0.9976571498965784,0.0333633967000138
GSAP,0.5029998539259761,0.0333904194402975
PPDPF,-0.5474851563902821,0.0333977908528086
NUP50,-1.1829676314590274,0.0334306682246233
RAB11FIP3,-0.741503871786124,0.0334450163154797
ERICH1,-0.6313154466603121,0.0335486308710421
SEMA6D,-0.9198884090076688,0.0335756556278714
MST4,0.5974808915619141,0.0335965834700346
HS2ST1,0.4774432748856476,0.0335995767298649
TPR,-1.5758781411897689,0.0336062409897092
GPC1,-1.2155783052667588,0.0336409348529291
GIN1,0.3854995147487496,0.0336606152385328
SHPK,0.4345128303746444,0.0336773316563627
LILRA5,-0.3236147516354908,0.0336876789483445
HMGCR,0.393786790883019,0.0338092030962506
PYY2,-0.3698423819553054,0.033898690451222
EPHB3,0.8002073071847864,0.0339685800567784
ZNF764,0.4970764128867273,0.0339839174277255
EBI3,1.2783112669956278,0.0340035862095282
PYROXD1,0.5425863013301928,0.0340232595564905
APOLD1,-1.010614749232749,0.0340368773236677
FSHR,0.4235668660903564,0.0340864973087214
MED15,-0.375506681467888,0.0340877646707259
ANGPTL7,-2.141769392521379,0.0341059787549969
MGC4859,1.1481829077002668,0.0342043573855037
PTGER1,-0.790437370090034,0.034205508613251
SLC23A2,-0.5893383851572533,0.0342984760665558
SMC2,0.9033727919973183,0.0343311627983289
TMSB4Y,-1.069954745164936,0.0343578363858183
PARP4,0.3112811797147472,0.0343698789688257
FGF21,-0.7867288997603774,0.0343923597150572
CACNG5,-0.7575974787112632,0.0344058500782486
OTC,0.8086575842793473,0.0344165283038838
MIA3,0.422015207525134,0.0344183339175794
TRIP12,0.2012863553875643,0.0344211446347078
VAMP7,-0.1604404295404897,0.0344297450197414
ATP5J,-0.3183050614708964,0.0344355457317873
C21ORF59,-0.4111491714713473,0.034534339781951
SOX5,-1.863006938673404,0.0345917490794343
ZNF160,-0.8478132043073874,0.0346236930964955
ATP6V1E1,0.4017153097325057,0.0346416015349841
HLA-F,0.4321881875860107,0.0347090025198599
F7,0.3469122624630421,0.034725858679154
DGKH,-0.8099611122396801,0.034763423807145
BUD31,-0.5792569663007647,0.0348223430712273
SPINT3,0.5337333814635983,0.0348304726590269
STYK1,1.229162840925416,0.0348370555256254
PLEKHF2,0.5226465558185698,0.0349198783596246
DOPEY2,0.8991933855629028,0.0349593211744064
GSTK1,0.3434084771896923,0.0349962693779578
KIF4A,0.4975592853892872,0.0350198249227533
PTGDR2,-0.8782598270167705,0.0350454609556969
GFAP,-1.1008703766306422,0.0350668938890069
GSTM2,-0.5122498215989602,0.0351026647626019
KIAA0930,0.3098928876429792,0.03510579819492
C16ORF70,-0.4830888440469856,0.0351630209286623
PLA1A,1.308899977492727,0.0351661208858691
LOC101930405,1.3325320307559965,0.0351873411151444
AKAP6,-0.5719556483227772,0.0352448949129004
CDC37L1,-0.4304523914506877,0.0352690710291627
TCL1A,0.9830993455914072,0.0352934491551978
CDT1,0.997363685264978,0.0353023380794776
C18ORF8,0.1793829519225003,0.0353238297069647
FXYD1,-0.7009197716491915,0.0354025945654232
NCOA6,0.2352827565213555,0.0354027749553342
NAP1L4,0.1665563375062237,0.0354246635656901
PPP1R37,-0.983805537619732,0.0354305778835481
C2ORF44,0.3294214903577943,0.0354476014255247
EPPK1,0.4806256143513083,0.0354803263830614
DHX16,-0.2143047150552828,0.0355521210148131
MFI2,-1.080743226602709,0.0355574489389986
ACP2,0.4559933386961585,0.0355634804910552
IL16,0.5186905634101979,0.035610750016192
PPCDC,0.4452185156227708,0.0356394697382463
VPS4B,0.4926924841087192,0.035686516191509
ADM,-0.8812254303690796,0.0357619973114883
CHMP2A,-0.1824638391311079,0.035828785146094
ZBTB16,-1.382599493611039,0.0358754256627545
DPH5,0.6325657216900353,0.0358824109114273
JUND,-0.7199463804101542,0.0358904835672803
EIF3A,-0.4259732647088228,0.0359363381836786
SAG,-0.8037689265143655,0.0359552351007683
ZNF79,1.2590034190641903,0.0360080019419203
DNAJC22,-0.7429602710609453,0.036061145473978
LPXN,0.6006731245510277,0.036066728744316
PLA2G4A,0.4799063358442144,0.0360863286114343
ITGAL,0.9122125585646116,0.0361014603941213
GNB1,-0.3270705103009614,0.0361296238363499
TMEM50A,0.3147044473742806,0.0361347631405704
ZNF426,0.6008773759134476,0.0361376428055452
BRD1,-0.4298800413458004,0.0361729246329332
XIAP,0.3878456583854293,0.0363241922655494
CTDSPL,-1.1802704062842366,0.0363293532589943
EXOC7,-1.3556548876445316,0.0363882540099392
SEMA3E,-1.391084281488367,0.0364416760545037
ANKRD36BP2,0.943000904942188,0.0364554925631634
GPX3,-0.7502768504031696,0.036540377567698
RBM42,-0.275003240073401,0.0365986427820388
ZKSCAN4,0.8647460417579929,0.036635390167467
GPR4,-0.5666289964847833,0.0366723116115738
MYRF,1.1100090939651537,0.0367429873059657
TSPAN13,0.903577409937915,0.0368275089557249
CHRNE,-1.0601525953255146,0.0369097881042301
PSRC1,0.2805099475791062,0.0369199777161237
SLC4A4,-1.1916168387080597,0.0369313444705133
LIMK2,-0.9955532389238222,0.0369396892929881
ANKRD36B,-1.096217010702313,0.0370372627581388
BDH2,-0.4304654089608171,0.0370611828881401
PCNP,-0.3816772030443065,0.0370648209523227
EIF1,-2.149813188578526,0.0370712303229933
DBI,0.3126119322618486,0.0371324130857626
PIK3R1,-0.6754004346169555,0.0371714124857915
LAT,1.0738910611192845,0.0371915824357661
CYP2C9,-0.5905629113736142,0.0372267693331611
MAPKAPK3,-0.4523097944014198,0.0372579432084634
BCLAF1,-1.0182763125805767,0.0372581059496417
MCTS1,0.227084208902804,0.0373226382190213
ALPK3,-0.8231620707787224,0.0373255751367987
C2ORF43,0.2702701573051973,0.0373707214506073
H1FX,1.0295060136233118,0.0373849766441983
MYL12B,-0.4185962165522472,0.037394206533233
DNAJB1,-0.5560767025286175,0.0374727886632843
HESX1,0.7699642131264239,0.0374951130200349
SMS,-0.444144842872662,0.0375481325959456
FER,-0.6894101255133966,0.0376148650359147
USP39,0.3826382134606811,0.0376511368359996
ASB1,0.6826960575976289,0.0376834734908342
KDM7A,-0.516166922181295,0.0376849863333062
FAM111A,0.4695787423514765,0.0376850119663609
CAPG,1.1222212093204806,0.0378259507564305
SYNRG,0.3333492552063735,0.0378377845655847
FAM153A,-0.5860113060136065,0.0378558576385996
VPS33B,0.2833709251064569,0.0378609396676558
MC3R,1.0102674327232029,0.0378778603455043
PEA15,0.2986785399117142,0.0379422191417531
PCBP3,1.095102262528581,0.0379444265552138
TCEAL2,-1.155343182264135,0.0380074741482339
FAM216A,-0.4535033810946061,0.0380371731271635
DCAF4,-0.63741514978563,0.0380816314331838
PLA2G7,1.08896875407783,0.0381292543995896
PLAC1,-0.8901158764187524,0.0381628115416203
AKAP13,-0.8818254139123454,0.0382563857856365
TDO2,1.0739949070118042,0.0383544737177988
SNN,-0.3872525448981356,0.038359595037794
OR7E37P,0.2544660127831886,0.0383823078149388
PLA2G4C,0.9770786239507174,0.0384328906551031
SPRY2,-0.7263354284992474,0.0384512073403524
KDM5A,0.286976865093913,0.0384727615551518
BAG5,-0.7374480296208761,0.0385072452269784
MCM10,0.8833037160309738,0.0385306342194564
FBXL4,0.4399595982503061,0.0385845334505277
RNF115,-0.1769346882828113,0.0386154885111305
DHPS,0.7527107855779711,0.0386461206691397
FGF5,-1.175371032877666,0.0386499121348179
FRK,1.325858181568739,0.038692542412429
SGCD,0.900638131362471,0.0387534057937535
C1QL1,-0.447756356668666,0.0388339521881009
ORC4,1.1085567199591928,0.0388637131342993
ARL1,0.4610064860733409,0.0389145056932369
MASP1,-1.0560871465672277,0.0389161584438376
DBR1,0.3348567650626046,0.0389175857771329
SUB1,0.4697399234865376,0.0389358448276647
EHD1,-0.4563744017675955,0.0389540688159044
BAP1,-0.2338059165760899,0.0389795782224541
KATNB1,0.6601454580609225,0.0389922276076751
PITRM1,-0.4095173375809935,0.0390191237001859
ITGA1,1.4985185734501707,0.0390322262154292
PEX16,0.8031263600327696,0.0390467607108091
WASL,-1.1955638466548475,0.0390528508620599
PDSS2,0.3030051259102304,0.0390941997719792
SCEL,1.009551887586993,0.0391083408592165
IPO8,-0.4224784220371287,0.0392085025870919
DCSTAMP,0.745499570923613,0.0392889028445142
RP11-82L18.2,-0.5018053722543119,0.0393032656504985
MAP4K5,-1.3705295513560598,0.0393150689274495
WHSC1L1,0.9388079801245688,0.0393288440501835
SLFN12,0.4642967958347608,0.0394557083061345
SMO,-0.4872717064980492,0.0394561101320779
NUCB1,-0.5337138297274766,0.0394902990430345
TRA2A,-0.8385378143013087,0.0394952497076726
GTF2B,0.2146447660589139,0.03957226582725
TUBGCP3,0.3768262498851076,0.0395863063916192
HCRTR1,0.5643740048799377,0.0395876592661125
TBC1D22B,-1.1353946468033589,0.039611005326563
KRR1,-0.5831545450254936,0.0396130304746473
NRCAM,0.6467035710353546,0.0396693810480118
HLA-DPB1,0.6096861771042885,0.0396733591877861
LRIT1,1.1176517596762454,0.0396797330776041
NXF3,-1.2789597240875108,0.0397110091806277
RPL34,-0.1238749754804704,0.0397534247329908
OFD1,0.3312345964200602,0.0398054327271607
HEATR6,-0.6388747846144129,0.0398198120710134
KIR2DS3,-0.5219306702237105,0.0398470623726597
PKN2,-0.8458566934715268,0.0398859404356787
ST18,1.2634375290135096,0.0399132228115551
PRPS2,0.4108406176758876,0.0399502536924533
ITGB3,-0.6293251804976396,0.0400362944140973
SSPN,0.5785087432272054,0.0400655023923562
LSM1,0.2640453633474617,0.0401877078588765
VANGL1,0.349875958500963,0.0402323264434325
ABHD10,0.3925228749628591,0.0402675207433413
WDR47,0.4369244664431839,0.0402914424527558
EGLN3,1.2176141527982305,0.0402955984353965
CXCR3,0.8786330538780343,0.0403142730949037
PNRC2,-0.2519501689760144,0.0403757055829912
TFPI,-0.79936634717206,0.0403779730759476
ST8SIA3,-0.96771201547394,0.0403949427561877
TM9SF4,-0.3615163682495943,0.0404123221763583
RPL10L,-0.9312365323448056,0.0404187998325362
ADAM3A,1.2281308382587288,0.0404345239854251
TLX1,-0.498289184337692,0.0404665383408599
FGF23,1.2409933594560163,0.0405460740334087
CTTN,-1.5362349174354923,0.0406256907322973
PROL1,1.0762231326725704,0.0407645157793165
CSE1L,0.5057461694730323,0.0407941069289577
PPIG,-0.4795112417693801,0.0408057957472922
SLC25A17,-0.5992357062033129,0.0408341283852052
ABI1,0.3208640441675907,0.040943022160712
QTRT1,-1.2758997250263366,0.0409546664546161
HNRNPA0,-0.3427686521007249,0.0409913928696147
OAZ2,-0.3504617114278261,0.0410312205376982
FOS,-1.601148934360893,0.0410409370163813
THEMIS2,0.6062904916542404,0.0410570917210922
RAB14,-0.5024777689599045,0.0410723548649564
GPRC5B,0.6193474560342622,0.0410760246114193
PPP1CA,0.3260979622949023,0.0411107542960305
SERGEF,1.178076512715954,0.0411293078980195
EDEM1,0.4079633137538803,0.0413104381723618
ACADVL,-0.3706683482987039,0.0413254788211332
KRT8P12,1.1027751262897558,0.0413828995555687
SOX2,-1.058798368351682,0.0414353665711789
C11ORF58,-0.2603488845162509,0.0414562501910992
DRG1,-0.2137005081993521,0.0414632675797455
ANP32E,0.4495019330352283,0.0414972244544784
ZDHHC8P1,0.9102418448469152,0.0415291938864758
INA,0.726874477501215,0.0416045825992084
NECAB3,-0.2396689428833891,0.0416134304177305
IFITM1,0.2309852467813353,0.0416549575477634
OR2H2,0.7316329563381796,0.0416597475265949
PLXNA2,1.004515961719877,0.0416694829853794
EIF3G,-0.2337322221922768,0.0417066964701737
TSSK2,1.1992745924875656,0.0417386700321042
HIST1H3B,-0.8397503021522774,0.0418189674038778
FOXG1,0.6372564507047778,0.041852153039497
C11ORF80,1.662725970823559,0.0419360592924187
WTAP,0.4550226505671055,0.042039285188268
LOC441601,0.9875534351137816,0.0420471793128134
STARD13,-0.4418306389488204,0.0420590051436867
NHP2L1,-0.3187205285043859,0.0420711475135936
SEC24A,0.5334542487690683,0.04211561659056
ISOC2,-0.2713995683902475,0.0421317276579209
PRSS3P3,-0.8827270460852823,0.0421911276425468
FCGBP,-1.3376387658028983,0.0422374667936562
RFC5,-0.6441033378280929,0.042258357005282
TFAP4,-0.6829648427287625,0.0422787258522501
ARID5A,-0.6964516264849276,0.0422851916457292
NDUFB11,-0.2095819089898416,0.0423680090170384
MAPK8IP2,-0.5736205425739627,0.0423813860264016
CEBPD,-0.8647691764893919,0.0424669679455831
PCBP1,0.274513960862599,0.0424957014711685
WEE1,1.0089203293257745,0.0425008955366612
NUBP2,-0.440402893450436,0.0425609262353999
ALG9,0.2378524533799382,0.0426957045725794
INO80D,-0.2335458259522562,0.0427369895130959
MON1B,0.3537494554815419,0.0427755621859361
SCP2,0.3189663768161033,0.04288624531407
CLDN11,-0.5995048847348174,0.0429366302097783
GOLIM4,-0.6840247608795158,0.0429477091580813
GTPBP6,-0.1765596711158448,0.043021351493256
ECEL1,0.5542076066720831,0.0430323834824476
NARS2,0.3314314893949159,0.0430335165494743
COL2A1,1.0487552551950747,0.0430476982550825
PADI1,-0.4546901841883857,0.0430534862397877
PQLC2,-0.6007895868331738,0.0430826239818994
SLC25A38,-0.381053535505238,0.0430948149658355
RP5-1118D24.2,-0.3398299662090815,0.0431514413878915
KERA,1.1333845992827358,0.0432784373284109
KBTBD2,0.1930680353011649,0.0433108339486527
TRIP10,-0.3652060640806045,0.0433321471679387
YTHDC2,0.5984493567900913,0.0433575378296394
GPR68,-0.6220685340557601,0.043437439133913
ZNF214,0.697271331227606,0.0435075396995928
PTMS,-1.0455854290659286,0.0435084054309199
GOLGA3,0.2563783654382838,0.0435203155118747
ELMO3,1.0558571442265254,0.0435656418572068
KIAA1614,-0.8021184725563337,0.0436073238512602
MMP11,-0.7638191223139401,0.0436176854343941
SPRED2,-1.1396126566775946,0.043643955793656
PLEK,0.6287155445791992,0.0436470991859329
SLC30A9,0.2438802000758801,0.0436475261482269
SLC6A8,-0.6676162214538,0.0436530008868288
CYP1A2,0.6894095343390969,0.0436972933601219
CST6,1.1265510711826967,0.0436998869186945
TAS2R3,-0.1559428502544713,0.0437659106602775
MID1IP1,0.2563759753542278,0.0437748767403871
PLEKHA4,-1.0750939261084422,0.0437783950444464
MTMR9,0.2821868203242346,0.0438459676193279
KRIT1,0.6707392736668272,0.0438485016075654
METTL22,-0.2051921976282198,0.0438535265439651
CST7,0.908397932999609,0.0438941696193809
MAP3K9,1.120112786604632,0.0439352954275804
BTN3A3,1.2178981151603754,0.0439393194408443
POLE2,0.2906233707530825,0.0439683204926556
EPN3,-0.4592689779737626,0.0440112440967493
SPRR3,-0.8443252674287054,0.0440186412004088
FAM193B,-0.2564546717129747,0.0440286455654937
HNRNPH3,-0.4056278861998734,0.0440488410642907
ANK1,1.0224453628698136,0.0442151388467857
KAZALD1,-0.5202958615086102,0.0442675581017641
ARL3,0.7429974947203979,0.0443111834830069
S100A11,0.3618372084984091,0.0443176628498927
ZNF430,0.2210820383555845,0.0443259582313808
RGCC,-0.5463731728722419,0.0443783094576534
RP3-522P13.1,-0.5887465205831193,0.0443825487745352
NFIX,-0.7932810422504923,0.0444072079697253
ITPR2,0.401878323292629,0.0445218070416239
KIF5B,0.4296673267447559,0.0445978936943797
MARCKSL1,0.6835084645876819,0.0446460472816771
CSNK2A2,-0.3808343775227456,0.04469932093232
PGK2,0.5746168012805981,0.0447675940883477
OR7E156P,0.3817833329675544,0.0448030493409785
ZNF23,0.5093449919856807,0.044817905056276
PSME4,-0.471138419564463,0.0449301033244747
PDCD11,-0.436843407235699,0.0449736156906967
GMIP,0.9799776287708468,0.0450110252755119
OPRL1,-0.7744272571136772,0.0450382879384554
PDP1,0.544323763231831,0.0450883342921162
CYP7B1,0.5122713306204023,0.0451252652808566
PEX5,-0.8993493233049019,0.0451795871378844
ARHGAP32,-0.939758187063358,0.0452018414243445
FAU,0.1878194835767548,0.045225488793012
AKR1C1,-1.279898848688778,0.0453728530532533
SMARCA2,-0.8253036426234059,0.0454250662832517
BAX,-0.5652982364468873,0.0454286068804712
ZFX,1.2118950378105129,0.0454673769630651
ABCA2,-0.8147147038559632,0.0454904232444357
ARHGEF12,1.0394113959243252,0.0456038482321246
DMWD,-0.7210495433491975,0.0456882759146018
ITGB7,1.3119427570694135,0.0456886395583862
SYN1,0.9107388332021022,0.0456971493306275
HIRA,-0.4242955382672395,0.0457445547414624
SEC62,0.2034038711706731,0.0457920922369589
MPDU1,-0.2780112054924988,0.0458493911757462
GPR144,-1.1081884477758583,0.0459116580695202
C1ORF216,0.2859030121139252,0.0459366613499505
C9ORF40,0.4573224818301282,0.0459709103861155
PWAR5,0.9576336447780704,0.0460029341364768
SMG9,-0.2770076380211757,0.0460619532029511
PDZD7,0.6620312065866232,0.0460729479486618
PTGER4P2-CDK2AP2P2,-0.9159455784310584,0.0461315715547917
ACTR2,-0.477827146104735,0.0461489778450333
CLDN3,-0.6957967155622073,0.0461620297940953
SNORA21,-1.1676966230217287,0.0461738820799423
BAGE,1.24083212701513,0.0461913805821103
PREPL,0.3315973652700528,0.0462076158427297
PAAF1,0.3408598848001212,0.0462094982449415
OR2B6,0.988904574373514,0.04622078958599
SCNN1D,-0.644921390899591,0.0462435358269936
MT1M,-0.9407633178171864,0.0462884174100629
DSG1,-1.030715581539134,0.0463370571321158
CNIH4,-0.3013772491425861,0.0463663722926622
UQCRFS1,-0.1708309741154732,0.0464827519925962
SLC6A20,-0.5051448652543677,0.0464895888906337
FILIP1L,0.6617162268479913,0.0465227080853045
SASH1,-0.5758507460009383,0.0465243825023242
TFCP2,0.236564630574831,0.0465275280017492
MET,-0.6032649035159974,0.0465598070736258
ARL4A,0.3775564815322667,0.046658273869859
LRP8,0.4217591692415183,0.0467488333301353
BAZ2B,0.4468419022355583,0.0467598802790866
PIGV,0.7549574528508272,0.0467872391548189
ZNF512B,-0.4118538272684882,0.0468422451950622
OR7A10,-0.8102081740318758,0.0468578583828693
WDR7,0.418487421399849,0.0468933310947371
HMGN5,0.446920029563282,0.0469432651528695
COX11,0.5890754615396712,0.0469768850493178
SCN2B,-0.9821492129844902,0.0470489860914615
F5,-0.9520131096466162,0.047200129964482
IFNA21,0.877529768277789,0.04720369647506
STRA13,0.4537867093680052,0.0472167880501073
CCDC33,-0.3881015345783476,0.0472691517378415
IRF7,0.5354460218661874,0.0472839894052517
ZNF35,0.3357405869705623,0.0474878326751301
CCND3,0.3989779636355539,0.047530079556646
IQCG,0.3503243767893309,0.0476517339955722
MYO15A,-0.408726619295443,0.0477012742828085
KIF13A,-0.6458295989828269,0.0477261921999719
CADM3-AS1,-0.5481348331211926,0.0477476066763474
TSPAN15,-0.5179085212892112,0.047752569131871
TRIM15,-0.8143496319706713,0.0477923894864311
TCF7L1,-0.4890760450472839,0.0478144733209129
KREMEN2,-0.7500269804565134,0.047819751018335
SPDEF,-0.8938722111659523,0.0478215043107034
LLGL1,-0.8586509212100495,0.0478376287843883
CCL21,1.3013892887604062,0.047845288474351
DNAJC17,-0.6518916492950257,0.047870251939609
ABCC10,0.4309310539486883,0.0479896313156108
OPHN1,-0.2445581997655477,0.0480263373290914
FTL,-0.1527199887322083,0.048036002911669
DGCR2,-0.8947917454239613,0.0480557631427007
TNFRSF10C,-1.3781188097848496,0.0480789708558258
LAT2,0.7380401075851797,0.048097109613952
PSMD14,0.3545423706414112,0.0481116259461959
SAP130,0.1881146748314996,0.0481572368771283
STAT5A,0.2390880987223234,0.0482343506315081
DERL1,0.4672564671552379,0.0482939097024743
FBXL15,0.542637094863454,0.0483968826387893
HADHB,0.330621324586172,0.0484004838654934
IPP,0.4278817990683397,0.0484342491197354
CD74,0.4666655915495088,0.0484416284458285
CPA3,-0.9258433365673576,0.0484513600021144
UGT2A3,1.2993441105952448,0.0485634132799479
NLK,0.4276363094443649,0.048575457982258
CLP1,0.2909527329553807,0.0486217528827004
DNAH2,-0.3966915504418344,0.0486785048685343
PTBP3,0.5220638108225639,0.0486839209844834
ZSCAN18,-0.8323974119846769,0.0486867111508788
HAMP,0.394368925624228,0.0487224490048705
SLMO1,-0.9254959670176603,0.0487512867266983
B3GNT2,0.447452642581025,0.0487557536386895
ZBED1,0.362639101875537,0.0487864444050134
CTC-338M12.4,0.7205384738013088,0.0488095396362759
ODF2,1.087468663800296,0.0488416476191429
RPL3L,-0.9640465018908184,0.048894853724872
DDX6,0.7005358106775379,0.0489200703054841
TRIM16,0.2697753112676651,0.0489691755530895
RFC3,0.4236082677657009,0.049027464460583
TUBA4A,0.6701577556668532,0.0490403784228775
HBE1,-0.978640019769326,0.0490632125323437
SCMH1,-0.1851824345923169,0.0491516825678949
ROR2,1.0867315359845486,0.0491763261329123
ZBTB7A,0.9232867430622198,0.0492132014093602
YIF1B,-0.3084972215398558,0.0492398290488302
BHMT2,-0.8181884201350202,0.0492552508437997
SEC11A,-0.1837723632947785,0.0492681570585476
CTNS,-0.5342387131114981,0.0492819828666453
DLEU1,0.3161801248374898,0.0493161482213928
PITPNB,-0.2439318231586664,0.0493404199261444
APPL2,0.3051521204374303,0.0494174060746843
ZFC3H1,0.2950670411235272,0.0494453496744053
DENND6B,-0.3518917947597595,0.0495939009457945
SLC25A46,0.3031529913967912,0.0496824259688174
BAG1,-0.2969393688519499,0.0496881832230397
CCDC6,-0.3071302387421992,0.0497271809808587
EGFL6,1.1522506712056408,0.0497663948837916
C3ORF14,0.3783471127368525,0.0499166860400317
CD24,1.2993336100521322,0.0499321916971967
KIAA0319L,0.4491842974948383,0.0499618209161315
SLC22A6,-0.8061764434282881,0.0499949238631812
RSU1,-0.8588174725251427,0.0499959595276409
NNAT,-1.0075911515258085,0.0500404203377898
STXBP6,1.4703787211940789,0.0500458026495824
MSR1,-1.0325055195855626,0.0500645784791037
PTPRM,-0.4509082009107068,0.0500742620396606
PLK2,0.6367765491085677,0.0501276662120702
C16ORF95,-0.7468637087751242,0.0502045937725492
MAP3K10,-0.1956571513464648,0.050255901760445
PLD1,0.6720757338200496,0.0502561546842896
CAMK2A,0.8364098622322391,0.0502951345326759
ETAA1,0.7254124849262755,0.0503162087856089
ZNF286A,0.608475634066715,0.0504811263068911
PARN,0.4627581031424235,0.0504957351781471
AVP,-0.9137005920168422,0.0505399256720237
UEVLD,0.3113008201243019,0.0506216352611222
SCG3,0.9070846190756612,0.0506487635493738
TRIM8,0.3564201749831355,0.050650189060037
IL18,0.5763176980431357,0.0506661032301482
BRCA2,1.2811399797363192,0.0506829535866133
XRCC2,-0.4613698172242415,0.0506941740456387
SF3A3,-0.2327285803839931,0.0507397667735381
USP48,0.433506328394234,0.0507553763793277
HPD,-0.5075962114142154,0.0508050105125099
TNNT1,0.8882733699993315,0.0508233081298103
PUS3,-0.3258440452714986,0.0508832689442321
ZBTB38,-0.5427741287141767,0.0509216313884472
B4GALT3,-0.3337109899313564,0.0510227842904041
ASCL3,0.7675270137094641,0.0510612025516918
GDAP1L1,-1.0272131024019755,0.0510673909027694
DDX11,-1.205054538582969,0.0510813717228017
FGR,0.5894595265365563,0.0511289174863275
CA5B,0.8695007935382719,0.0511914304518324
KHDRBS1,-0.320129877291281,0.0512001223554349
DNAH7,-0.4953427283260989,0.0512820848941862
UNC5C,-0.8472349754890205,0.0513009604931913
CSNK1G1,-0.9672909418579704,0.0513629053483311
KDM6B,-0.6850852953846989,0.0513744209950085
OAZ1,0.1427688258123733,0.0513906824531447
STAU1,-0.3123890883376727,0.0514238425925291
POR,-0.2914561577960803,0.0514521934963642
KHDRBS3,-0.481634773944803,0.0514852433569622
SYNGR1,0.8533916246759032,0.0515014379461146
RAVER2,0.9325848496969948,0.051586087476131
TMEM63A,-0.8241861479398906,0.0516085590499312
CTRB2,-0.2875007701576448,0.0516102900207943
ZFP69B,1.052214050061132,0.051671131825488
CDK14,-0.3509534611825611,0.0516749606709143
PIGN,0.6902353173791038,0.0516925911930675
CDC25B,0.4800508014608748,0.0517880525403731
PARPBP,0.9739405165093727,0.0517962255020779
CTSF,-0.5082862381010713,0.0518681725174025
SMG8,0.1935419342213418,0.0518803507317529
DLC1,-0.6260329855484397,0.0518898299479831
RNF24,-0.3565356695837742,0.051890731462092
MAP4K2,0.730481004893127,0.0519523244012255
LOC100506469,-0.2452224521040449,0.0520044339373444
HEXB,0.3686592428554238,0.0521379158737982
PER3,0.5896413277275947,0.0521511786447254
PEX11A,-1.2852020473168535,0.0522203991639799
RPH3AL,-0.3486200796698986,0.0522383209244951
RNLS,0.762380355482664,0.0522580974535628
USP47,-0.1856458837681867,0.052291851413737
FGFR1,-0.6739804311227893,0.0523338791029226
HSD11B2,1.1237335479524235,0.0523398348249546
DHX38,-0.331314546788314,0.0523937795810751
HLA-B,0.3355080524963583,0.0523993956629075
CDC45,-1.223193018308368,0.0524047472461909
RP6-91H8.1,0.4219021849573066,0.0524387638095573
ADCY8,-1.0033475718960423,0.0524639148454898
LASP1,0.4524959302825628,0.0525110915272552
RBL1,1.0748247875267165,0.0525193033307344
RECQL4,-0.4284827127890676,0.052521870403731
DYRK2,0.70672578890479,0.0525592166289118
LINC00965,0.7483585436028743,0.0525619437942865
ATP1A2,-1.328642662957491,0.0526821663176244
NACAP1,-0.5155198293883689,0.0527244236667009
PAX5,1.1739546633989866,0.0527289911829821
ZNF331,-0.6609595983430907,0.0527510435675754
NAT10,-0.4738553697597734,0.0527849684710244
VPS39,0.3788281171138088,0.0527881424338962
HJURP,1.1066436167750895,0.0528122932780021
FKBP3,0.4003227006722607,0.0528642898541083
IQCH,1.1973596030388438,0.0529096615355386
ADH1A,-0.9211803585290008,0.0529722198063718
ADRB2,0.5078121681458292,0.0529726951747883
SYK,0.7201388004796367,0.0529746370395791
BAIAP2L2,0.7923694059078099,0.0529889894228206
EMP1,-0.6157944676042852,0.0529955819599763
N4BP1,0.4285241370066925,0.0530755455815742
FLJ22184,-0.3833447656758717,0.0530960371672564
NPIPA1,-0.4816773223717341,0.0531020251654284
LTBP2,0.6461163625308082,0.0531313519965837
KIF15,0.6346421227867447,0.0533357910937272
BCL2L2,-0.2804021198418667,0.0533956928828472
PYCARD,0.4542879253860725,0.0534411891771654
STARD7,0.1898348814135779,0.0535444450298574
ADAMTS9,-1.0684587781338646,0.0535806645634353
NDUFA8,0.2437258849671337,0.0536855035447357
MPV17,0.4781157039519872,0.0537594351693389
GNAO1,-0.906780920483058,0.0537620474031733
THNSL1,0.4661089479915228,0.0538612967815073
EFNA4,1.0055177840667078,0.0538792649728868
HNRNPR,-0.4351918236918077,0.0539878058726353
SH2D3A,1.0892905038568603,0.0540090691950234
SPC25,0.6665828684688107,0.0540383736259783
KDM1A,-0.2786082240086287,0.0540519819050837
ASB6,0.3635635640485377,0.0540699725220347
CCNE2,0.7116530281293594,0.0540745162185179
ARL6IP5,0.4969235482880592,0.054076688028774
MFNG,-0.5912408778379055,0.0541039468012406
IL17B,-0.2978212820886132,0.054123489139179
PRDX4,0.3016453180534775,0.0541688350933348
ASNA1,-0.2179064404710349,0.0542350780476272
YWHAH,0.3115327605763074,0.0543132187403436
RAB32,0.3051404570892781,0.0543446893348727
RMND1,-0.3305831756944055,0.0544727393853079
UBASH3A,1.3667777939798391,0.0545494335966475
ST6GALNAC2,-0.8583931373412064,0.054565721243429
RNFT2,0.9134328450652448,0.0545910886221033
ALOX5AP,-0.6078333341716213,0.0546815495671812
ASRGL1,-0.6980796921258277,0.0547080745697595
KIAA0391,0.724280858875666,0.0547342108489161
EEA1,-1.158967540163629,0.054773202900878
VPS13D,-0.5416358865837614,0.0548518571413523
NCOR2,-1.107848603383914,0.0548578324772293
GABRA3,0.738011238666187,0.05488641061457
TENM4,0.9759842597727282,0.0548997162601415
NAALAD2,-1.0402449693332665,0.0549600000702323
ASMTL-AS1,-0.4776496769494718,0.054967351229579
C6ORF25,-0.6612138534554548,0.0549977966123693
FAM224A,-0.701044636797628,0.0550123983781294
TARBP2,0.2126528238593366,0.055153641398273
MAGEH1,0.3750889799534604,0.0551641013115143
ADO,0.4935555364926163,0.0552310725251571
GAS1,-1.7489993446849113,0.0552476144737311
HSP90B1,-0.577786766651192,0.0553376982779449
POLR2C,-0.3073715116642548,0.0554534904808142
MKI67,0.9359307747236248,0.0555113631727623
UBR7,0.2170428371558763,0.0555410419830355
ELAVL3,-0.8698159325594608,0.0556187188415692
ATP6AP1,0.4447910760680233,0.0556670335204386
KIAA0485,-0.8894685642921134,0.0557001397487151
C11ORF71,0.2858626434803488,0.0557386036959286
WDR60,-0.8485099161323726,0.0558118676459833
RNF141,-0.4194417267058732,0.0559820708981772
LIMA1,0.4425747981509946,0.0560398763762271
RASSF8,-1.090150857006404,0.0560489699263348
NR2F6,-0.8798253212223792,0.0560619371223233
TMA7,-0.4145980964128206,0.0560677052969208
CD7,1.1686433102433211,0.0560823955497499
DCTN1,0.2459858935899141,0.056156339411607
C11ORF63,0.3721514826888814,0.0562007739021227
CREB3L2,-0.2757864205639144,0.0562220315862376
RPN2,0.3080394048019812,0.0562502760557211
TSKU,-0.7613999842427557,0.056372740373138
ZNF8,-0.2852902213695447,0.0564877002730945
ZNF322,0.4117526859039886,0.0565785017661654
ZNF274,0.2651114793973157,0.0565833830262922
CENPO,-0.4680488149834394,0.0566598273820847
PLEKHB1,0.6282701846694287,0.056686018384429
KLF3-AS1,-0.8080523880173907,0.056724531647985
PROSC,0.3001675068551233,0.0567772373767056
DLG1,-0.9701528711822354,0.0568133213470932
RP11-119F7.5,0.9644095017765136,0.056838877517791
DUSP9,-0.5469308574603948,0.0568464295818315
MBNL2,1.1247779582149473,0.0569133779401274
DDX3Y,-2.879517889834095,0.0569969040633402
EREG,-1.5182492630628284,0.0570041522093106
BBS1,-0.2612701063566192,0.0571227489717149
RABEPK,-0.2543833832147388,0.0571428052586842
RREB1,-0.7755889897989325,0.0572250806499959
SNX17,0.3509353073778811,0.0572527795766199
CHN1,0.8438888263563555,0.0572607369133128
HIST1H1D,-0.485983706130864,0.0572736467485939
NEFL,0.8963638989183833,0.0573239072075329
SPCS3,0.4616537281557766,0.0573763895033173
TSC22D4,-0.3335204104353346,0.0574412561112663
MLLT4,1.0569839218686037,0.0574478748283027
COA7,-0.6883006298385492,0.0575040627605989
LHX6,0.3577230191303471,0.0575341186043375
KIF25-AS1,0.8981579398196624,0.0575788765430228
TMEM165,-0.4951415021341212,0.0576387013557298
C3ORF27,-0.4614231527072752,0.0577299339805837
APOB,-1.0406677295743991,0.0577444658244687
LRRC47,-0.2328100076904036,0.0577493914677894
IL17RB,0.6530051258276659,0.0577557904314716
FANCC,0.1791706494416391,0.0577611054010173
WT1,0.8921701375950359,0.0578005275546468
DNMT3A,1.1086901966011444,0.0578372438504921
MAN2B2,-0.3519369785973936,0.0578372712257911
FAM162A,0.4453375916091628,0.0579094953043348
TOMM70A,-0.3533919677238817,0.0579343064717919
SDC4,-0.5815379051257494,0.058019800405795
UPK3A,0.4758233648429031,0.0580503146926738
LTBR,-0.3172118906572461,0.0580540090254077
MLLT1,-0.5935186936668675,0.0581046290437459
ADIPOR2,-0.2571950558878573,0.0581715358177721
RIMBP2,0.9356539915688328,0.0581942817485174
OSBPL9,0.3427326179588519,0.0582017443399889
ERVMER34-1,-0.6867695925718911,0.0582894526378842
PHB,-0.3328866858864643,0.0583063066748206
CES3,-0.3100571955049203,0.058313262498882
KCNK15,1.1474348373503416,0.058317300670873
DRD1,0.7578423243831245,0.0583207360495166
RP1-28C20.1,1.2257055444466252,0.058455197781552
OSM,-1.0314692093562567,0.0585444382806631
GPHN,-0.2590143728809471,0.0585940569339282
PPP1R15A,-0.6161456154756859,0.0586090849113422
MYO3A,0.5055906431393358,0.0586863082935899
ZNF611,-0.4374185006824138,0.0587612479756451
GLT8D1,0.4063046122270251,0.0587720836371276
SPDYE2,-0.5615398616491989,0.0587845662141642
EBLN2,-0.7911597540715247,0.0588739919090166
RNF13,0.2269093205094332,0.0589621069258423
LHPP,0.5912947708107303,0.0591026054937268
PDGFA,-0.72750983531194,0.0591144233251236
TROVE2,-0.465453488895915,0.0591453706881908
FAM89B,0.3570972107934054,0.0591465313613705
MOSPD1,0.2803884304294026,0.0591572074150968
RP3-406C18.2,-0.6272560222995232,0.0591697809297932
FAM131B,0.7795840862326937,0.0591731927927358
POLR3G,-0.6951120435685114,0.0593077336065857
USP11,-0.327968700367677,0.0593326527904027
HMMR,1.2390867027533965,0.0593492292133706
SLCO2B1,-0.9758355036703872,0.0593827886492637
RGS3,0.5310757815292444,0.0594172720879881
RGS16,-1.4058657431696415,0.0594439338409822
BCCIP,-0.4927155098050262,0.0594627797549205
ALDH8A1,0.6144813450440783,0.0595006208715123
COG7,0.853030004661127,0.0596133641893254
KALRN,-0.866812910703592,0.0596141651146847
POM121C,-0.4053111509388216,0.0597097068349138
HR,0.4859480181831124,0.059710127502345
ZNF226,-0.3033481266583155,0.0597781183457836
CCDC7,-0.5730360319675674,0.0598790745768281
ACSM1,-0.66425548468793,0.0599491267898184
ZNF236,0.7094124685546017,0.0600116192870369
CYTH2,0.2803171646947824,0.0600439354732525
SH3GLB1,0.2258810212584379,0.0600460808731896
KIAA1045,-0.6369023842274988,0.0600765096653747
ENTPD2,-0.7568744527435092,0.060121630473155
ST3GAL5,0.4828047582126036,0.0601520917561712
ARHGAP4,0.6865222328220026,0.0601655585617292
YIPF6,0.3215961320206766,0.0601816441577819
MCTP1,0.7083651944794536,0.0602317183162083
ZNF440,0.9617288921179936,0.0603002636984281
PGBD5,1.108475585918003,0.0603029853167252
MYOF,-0.7056187559427256,0.06034622355027
MAP3K13,0.908586210702329,0.0604157527073398
CNTLN,0.4672778611819694,0.0604385809727541
PPIP5K2,0.4344021297211871,0.0604427393088277
MAGI1,-1.4713422692926663,0.0604523590078526
RSG1,0.314698101382727,0.0604567028549346
PCDHA5,0.8615459292546079,0.0604683736005243
AMOT,0.6915564446272597,0.0604996603569433
POLR2G,0.2111455385845388,0.0605257947900009
CLIC4,-0.4618343842185179,0.0605298820387262
TGM2,-1.2377041839022829,0.0605314548123269
CREBBP,-0.5479731914189196,0.0606188020930844
UCHL5,0.3469336101890556,0.0606955740841448
APOL5,0.5188490242671295,0.0607651140252122
APCS,-0.3738873518080119,0.0607945480761943
C6,-1.3944199240910162,0.0608892632472865
SH2B1,-0.4633230732260784,0.0609502874583916
CIB2,-0.9162424210648314,0.0610243509326142
CHRNB2,-0.7811988749149972,0.061076394225816
ANAPC15,0.2321289713133811,0.0610806236010292
MID1,0.9036070214569358,0.0611125706374585
PRUNE,0.3650733395318628,0.0612120509837534
RAB27A,0.5534311786720103,0.0612539435772439
EIF4G3,-0.5814345223007775,0.0612710997759817
DDX46,0.2826186612036956,0.0614655532375305
CCL27,0.8529582950237682,0.061519661270099
CLCN4,-0.8413002908013603,0.0616026734551381
MARK2,-1.032440918631773,0.0616211666658696
IMPA2,-0.5583389137538601,0.0616220034587617
ALOX12P2,0.6326042290130767,0.061633493150536
CCRL2,0.408088659237964,0.0616404751468944
GCM2,0.8804360913823324,0.0616625452819616
TFCP2L1,-0.5909426909786717,0.0616761434600974
CDK2AP1,-0.2074021078329018,0.0617220064998931
HMG20B,-0.8386521656058612,0.0617478203422852
FAP,0.738492023686435,0.0617556584551201
DPYS,0.7918407189205574,0.0617795440963531
LINC00483,0.5080331223367287,0.0618126673409984
BCL11A,1.1474503912907474,0.0618320695654737
GLB1L2,-0.4963397745546789,0.0618933465594948
RGP1,-0.3245493548935201,0.0619896011684024
TRAPPC12,0.4275573391361895,0.0620489409034109
LCT,-0.5213637085653522,0.0620586995987752
QPCTL,-0.4374871090462555,0.0620736846733929
CCDC90B,0.1690452272085245,0.0620867600695402
BLCAP,0.2515941231266652,0.0622105747001164
OGDHL,-0.4025146082868955,0.0622232146570703
HBZ,-0.3400981611411722,0.0622668746300291
ADAMTS8,-0.7795703783726635,0.0623072527177297
MAP3K11,0.2085752692261877,0.0623745397900218
RAB26,0.9613342344106072,0.0623953872833497
HEMK1,0.7289000555328693,0.062426190712657
CYP26B1,-0.5827786769373411,0.0624550532192929
MOGS,0.200328560891025,0.0624949108554532
GAL3ST1,-0.5305187304066767,0.0625383116139125
DXO,0.3635938078555192,0.0626364047476927
LTB,1.1519172088045853,0.0626479746192314
PEX7,0.7996058802335373,0.0626527290231886
C1QTNF1,-0.3432835663101556,0.0626673684406211
KRTAP4-7,0.7475311148661268,0.0627619968312667
SARS2,0.2431245731818512,0.0628722621079108
LOC79999,-0.6589629251595612,0.0628871527991196
RCBTB1,0.366006403749366,0.0629552978735764
NCBP2,-0.4921457263268678,0.0629623878483752
TBCC,0.3972714348576698,0.0629781218920639
GDF10,0.5990320521246382,0.0631013324207022
KRCC1,0.2306339143052671,0.0631030411839906
ALDOC,0.3641987662482915,0.0631048269343333
CEBPB,-0.2958848051363212,0.0632260914117788
DKKL1,-0.3497790427652969,0.0633444084804783
OR12D3,-0.761278998429388,0.0633925701414637
EML2,-0.7937229598327766,0.063401707039849
ST3GAL4,-0.8468470907299412,0.0634847544187559
CCL22,0.8586483396792968,0.0634862891962704
PTER,0.3858890837339572,0.0635084473356336
CHMP1A,-0.3181533767909226,0.06352756990465
AVPR2,-0.8250358515174323,0.0635922534135063
PYCRL,0.7605550587905796,0.0636263980737222
YIPF2,-0.529515278874614,0.0636296324047379
SLC17A1,0.324126486991398,0.0636514471275094
RP3-334F4.1,0.4971662127063219,0.063677160157447
SERPINB13,1.0625377705318817,0.0636950862633993
FAF1,0.3252352384802019,0.06370340836484
ADAM9,-0.2581683423851224,0.0637072202994639
NKAIN1,-0.4692063280809648,0.0637130857685255
LPAR2,0.5510378403517375,0.0637485359108875
KRT31,-0.4343007912981118,0.0638865169594332
KLHL21,-0.5498927702144218,0.0638901879520079
CHD3,-0.4648161642857245,0.0638917535474671
DPEP1,0.4139306383181305,0.0639147143564849
MORN1,-0.5286596573378537,0.0639161186229161
DCPS,0.2634547325213834,0.0639365649821244
SF3B2,-0.345811780925823,0.0639592650245827
HNRNPK,-0.2293715115422721,0.064014472362185
SLC39A4,0.4815758087170936,0.0640494494314795
AF198444,-0.9635086649002425,0.0640578107743219
SPSB3,0.2842955653073229,0.0640722196071144
SP140L,0.4396655888312342,0.0641286857751386
NOTCH2NL,-0.67243106386276,0.064152459180024
SET,-0.375220736249549,0.0641745934338303
ROPN1B,1.0511644500039274,0.0641962344955379
GAPVD1,0.1931324667990175,0.0642001252247273
IGHD,1.8798593759462792,0.0643105480588856
IGFBP2,-0.7760706997262528,0.0643379376585844
KLRG1,0.3689013227127722,0.0643565962508022
IL10,-0.5039880716655789,0.0643682208012279
NMNAT2,0.7403180306456356,0.0643998362290072
FCGR1B,0.9038483919691184,0.0644232611373492
MTM1,0.4553132175819518,0.0644346596422177
KLK5,-0.720028266159578,0.0644429088871447
CD244,0.800788440323914,0.064507667005129
PNKP,0.2246964456444384,0.0645344848519963
COPS6,0.2476506235437892,0.0645575905102703
AACS,-0.3328582845651109,0.0646523980735719
ALDH1L1,-0.9290793530211578,0.0647022324036244
SLC19A3,-1.0161288185082693,0.0647101129025118
TMEM115,0.2436880596128467,0.0647304519617704
IARS2,0.3179928283772124,0.0647398456046961
TRIM14,0.5562111732198769,0.0647579443762187
MAVS,-0.3249676955873557,0.0647709749431869
ACTN2,0.9209161363120332,0.0647976530239486
NEK3,0.387746912273605,0.0648911809061249
DUSP12,0.3878578482170827,0.0649367713345354
RAB40C,-0.152491832402414,0.0652824932843255
CUX1,-0.2402718884659798,0.0653987563544458
FKBP4,-0.3950990808162302,0.0654988212623098
CBX6,0.320052074510782,0.0655860207178614
DDX56,-0.2741493139789774,0.0656637651892911
CD1D,0.7554292433875744,0.0656868722489735
DHX9,-1.1144997347927958,0.0657139279725039
ZNF41,0.8580412059611904,0.0657442743357095
C17ORF59,0.7048629292064144,0.065769059446996
DSG3,0.6660752256463347,0.0658307180001215
EFHC2,0.6038643068157485,0.0659168982063845
RIPK4,-0.6990652187125628,0.0659173414800818
ADCK4,-0.9694560398558116,0.0659285298026256
USP2,-1.0573202235384094,0.065967279175719
MUC13,-0.7621740966396624,0.065970562714587
PKP4,-0.855409633030499,0.0661097710933492
CLDN18,-0.7421284304005336,0.0661199142478367
UGT2B15,-0.994045005508318,0.0661279527089164
CXORF36,0.4021690335744434,0.0661596761391891
NARFL,0.6573885492573917,0.066221945108221
KCNS1,-0.3758418526372846,0.0662376872791519
L3MBTL1,0.9134032270806064,0.0662438741499062
PRPH,1.0248354195474558,0.0662887165025341
PTH1R,-0.3753755052732357,0.0663004947789591
SEC22A,0.2622231829967187,0.0663125241504273
ZNF532,0.3306873883106025,0.0663934620369878
CHD9,-0.5714415325654336,0.0664131939832544
CUL2,1.157857220795857,0.0664315653130557
OSMR,-0.6600491241206417,0.0664554580135074
STIL,0.3851464558770834,0.0664807145781525
PTPRD,0.5499259420839877,0.0665306104495311
TACC3,1.0102713511649322,0.0665673521503889
SCYL2,-0.4614245387836453,0.0667110736794913
LRCH4,0.6093853093981814,0.0667137549304618
EIF4B,-0.3630125218928786,0.0667156125189173
LRBA,0.276555067779741,0.0667904846360329
LOC100127886,1.429873142640422,0.0668211589339674
ZMAT4,0.354242956479863,0.0669513745069012
ZNF667,-1.167432704261214,0.0669562753888171
MRPS16,0.2425749123257325,0.066989754629853
EVI5,0.8776814969866171,0.0670019389102243
GABRQ,0.3582596098553861,0.0670422992554516
CLTC-IT1,-0.8570269949166525,0.0671384617752722
C9ORF78,-0.2203434661371268,0.0671537408201403
GREM1,1.291350728996968,0.0671609661238956
P4HA1,0.2719601445234261,0.0671641919622983
CDK13,-0.7484272831686072,0.0671753249397199
RPA2,0.2230984962131526,0.067176981703322
SLC35A3,0.5394502472878573,0.0672313881263594
CTSG,-0.530178425685671,0.0672515641247756
LCAT,-1.267911407313254,0.067253149317083
COPG1,-0.2039911074613645,0.0672975425174129
MVP,0.2644278561799069,0.0673835524552109
EFCAB6,-0.414014510771286,0.0674261970107227
LOC101927051,-0.3753660706135711,0.067486926661486
DIP2A,-0.8556438349025157,0.0675468450185891
SRPK3,0.5271096776819642,0.0675724062470353
CLTB,0.8369061550182204,0.0675962904223974
ZNF76,-1.1758234151090212,0.0676006884593666
FMO1,0.7507149622495337,0.067626551444019
STK19,-0.5307208411919841,0.0676310312606533
CCDC64,0.6265249454019521,0.0676445534993471
PTPN9,0.253184950955454,0.0676840039439934
PARP16,0.2860379797117449,0.0676932074180704
ASAP1,0.3563870661742818,0.0677216208154035
PPM1E,0.6749814899470796,0.067738007442799
HPN,-0.3460972530344532,0.0678041582957627
FAM13B,-0.223685850595892,0.0678364550225846
TRPC5,1.2734409939992537,0.0678712420889338
PFKM,-0.2564090741629172,0.067910544118057
LILRA3,1.1301705489728473,0.0679113845976619
CENPU,0.6267370840366286,0.0679647629841056
SH3GLB2,-0.4136274485620657,0.0679719229598478
TSPAN7,-0.5030303484998324,0.0680043713284206
PRRG4,0.6089150612121434,0.0680917762253204
ZSCAN32,-0.7746339213416222,0.0681043314619465
PROSER1,0.287863296888295,0.068192174629127
MUC5AC,-0.5183594857559326,0.0682459917415684
INTS9,0.2179565542132433,0.0682701076285301
PHF3,1.1338858924266375,0.0682880909130869
CAMK1,-0.3002634172970726,0.0684467826111096
RBM3,-0.5218944129593925,0.0684497148918787
KAT6A,-1.2372246574083494,0.0684522775004642
CCNK,-0.6533434966388407,0.0684706671737713
NEMF,-0.3936252378997515,0.0685071835322633
GLDC,0.5396647263698924,0.0685438778012658
LYPLA2,-0.2660833168310077,0.0685703356974494
AGER,0.6207090105022117,0.0685831778126192
TMEM187,0.456214075781757,0.0686025836147963
SCAP,-0.139560029570763,0.0686965098059761
DIO2,-0.8773167521975909,0.0687395367500703
UTP20,-0.3440583833192949,0.0687689733026351
AK021933,0.9297115533124524,0.0687838969181658
LXN,0.5327561012160089,0.0688723899716175
OTUB2,-0.7226377405764106,0.0688905132485729
HOXD1,0.972272397014323,0.0689567999329918
THRA,-0.6156898633347572,0.0689755889078871
TEP1,1.1085270069372175,0.0690463379704325
COL4A2,-0.6170203424667715,0.0690558967731483
ACSL5,0.3827649659082617,0.0690717333685024
ALX4,-0.7433964625543132,0.069091495951073
SPP1,1.201034477121345,0.069264696547517
MAGEA4,0.8622519081735649,0.069413573397128
SERPINA4,-0.2777994489753732,0.069521803310107
SCIN,-0.5171780800692547,0.0695410218192952
MCAT,-0.3155168100783081,0.0695796089771707
SIX2,-0.5711921760428282,0.0695858951856629
GPR125,-0.5307594172150747,0.0696365497902381
CASR,0.7018291740240854,0.069698278880214
RIOK3,-0.5907302001052965,0.0697379000506926
ROBO3,0.7093255457337069,0.0698805884879133
XRCC1,0.5193274737411624,0.0699145144914505
HMGA1,0.5399020887454213,0.0699499525517669
NONO,-0.2041905318392736,0.0699612286315196
GAR1,-0.4268765881475591,0.0700895966634531
ZNF706,0.2236073483060465,0.07011226779153
CXCL6,1.0434557096743955,0.070116731733266
H2AFZ,0.3667884748141876,0.0702146253201953
LSG1,-0.4806052816373878,0.0702533882287411
GCG,0.7911496215902294,0.0702602272075233
HCG9,0.7624581359958933,0.0703150067637332
SMIM8,0.2768379188042456,0.0703835798587034
AHI1,-0.2964067855603272,0.0705053668117198
TP53TG1,0.6967457613971177,0.0705361447857185
PTK6,0.9038568915363264,0.0705716662760874
PPP2R5D,-0.352533680948671,0.0706086053775567
MAPK10,-0.6502861704515253,0.0706716358505695
CNTN1,-0.433177179750996,0.0707583789951712
FAM76A,-0.7963590043355815,0.0708330903226634
BC069776,0.3558514606261092,0.0708698806128822
TTN,0.4816887985385394,0.0709545141429052
PTP4A1,-0.5209815523033239,0.0709547381282948
WDR91,-0.3535162595002976,0.0709717346920727
SRP14,-0.1743563416991591,0.0710142174901966
GK3P,0.9373201338243824,0.071040950944283
SENP3,-0.4285700228547799,0.0710717440619924
PTGIR,0.4705378871215595,0.0711201023497448
EFHC1,0.5658668662855684,0.0711327964257937
WNT2,0.7300806681496006,0.0711720276208486
TNFAIP3,0.5581673956783053,0.0711912677065622
CDKN2B,-0.8575805686579105,0.0712250674017692
ZER1,-0.7639045256121051,0.0712446418275285
AFAP1,-0.644723942979641,0.0712877237908121
VAC14,1.1650345218758975,0.07129892823828
CCL7,0.9535617612645426,0.0713022618376122
GGCT,-0.438865012583042,0.0713496115528831
DGKI,0.8220381811975885,0.0714711831211798
KIAA1109,-0.776562698156793,0.071497819868891
POLR3D,-0.3149247114051086,0.0715661390613638
LPL,-1.696182835969246,0.0715685087761953
DCLK2,0.747208466571271,0.0715754150586802
HPSE,0.4946100855252791,0.0715926231370682
KLHL36,0.7269982173334792,0.0717588694134513
TTLL12,-0.1879199811960941,0.0717665951876194
SPATA5L1,-0.6230963930854454,0.0717677213422274
LOC100287590,0.9640560318169706,0.0718200814744737
CS,-0.2368452654671244,0.0718872179052051
MAX,-0.4310593738150619,0.0719014011683285
TUBA1C,-0.2201841719698603,0.0719320320567693
LONRF3,-0.3971208616228665,0.071978791163791
INTS1,-0.9157472737684592,0.07198932899429
ATP5D,-0.2853631560252232,0.0719896687006788
CCZ1,-0.4321796638275907,0.0721018210686039
C2CD3,0.2617256056541448,0.0721046144692221
AKAP11,-0.6194152009142853,0.0721492082945317
TRIT1,-0.3058844066966184,0.0721965237560894
F2RL3,1.0794337671375311,0.0722325726821348
OIP5,0.5790704772993838,0.0722427570090079
YIPF3,0.2696770482706512,0.0727086971741449
ECD,0.2376963124327176,0.0727651077269078
NIT1,0.2824988210724584,0.0728196833924563
HIVEP3,0.7362313955121635,0.0728652883441263
CEP162,0.6469673937018694,0.072908782182408
ZFHX2,-0.460822814730025,0.0730067575827786
PPP6R3,-0.2084308573425737,0.0730069754673145
NOS1,-0.756506632169895,0.073061368911418
RAB1A,-0.2364114548054345,0.0731087499730886
ZNF682,0.9791582849498246,0.0732115404497763
F13B,0.940679953107364,0.0732154007792364
CAV2,-0.6768629426676602,0.0732238264488769
GPR176,0.4412263903682296,0.073280158528621
PLCB3,0.2591846966965079,0.0734723858334284
PRDM16,-0.6264996355142669,0.073484457036229
VCPIP1,0.7696665837235335,0.073506735744984
ITSN1,-0.4939913381508702,0.073524828971325
SUN1,-1.3059310553458,0.0735933413725907
LARP1,-0.3509809886280219,0.0735955235413966
TNFSF4,1.1073622687640192,0.073595952395575
ITGBL1,-1.0217452161936291,0.0736369338665238
TUBG1,0.2551783944029058,0.0736806661710388
EIF2B4,-0.2366910548158021,0.0737489129946809
SLC27A2,1.1643849745533092,0.073768144913622
BST2,0.586041340474079,0.0737800264719588
C21ORF33,-0.2836927592211218,0.073847353821133
ENC1,-0.8852356816383118,0.0738884562462662
LOC100130741,0.7349702536352423,0.0739449469562175
KIAA0196,0.2263846484354417,0.0739946695243948
TTC39A,-0.7407109365126621,0.0740688738185909
C8B,0.4336610796208964,0.0741218178061271
ZNF211,0.4602522307199468,0.0741333342145951
UBE2G1,0.3855526556253164,0.0741864340176776
TSPAN9,-0.6973221637927107,0.0742319423636037
ADORA1,-0.4104099954339046,0.0743841529325751
PSTPIP2,0.4769063815588774,0.0744059587933768
FAM50A,0.2007152074915676,0.0744241905370438
THPO,-0.6483207630235421,0.074549349855756
OR7A5,0.3776592132096592,0.0745518058719868
CTD-3126B10.1,-0.4124318816414329,0.0746309450654702
RBP1,0.6615146435225832,0.0747268832681002
GH1,0.5752708457553819,0.0748575061455642
TUBA1A,0.3562184550017218,0.0749368204282713
MLLT3,0.7830027933379862,0.0750082597331992
CNTN2,-0.6163992114382415,0.0750175116780446
HFE,-0.649489868740452,0.0750681129843067
TMPRSS3,0.7566279218826084,0.075133089178972
FBXO7,0.1985214557305177,0.0752023354422815
DYNLT3,-0.2758152930054702,0.0752338580686175
VNN3,-1.1182096226637157,0.075336335022584
MAOA,-1.1753114668245228,0.0753510582385509
TOR4A,0.5671295055494188,0.0753823133532709
FSCN2,-0.5142802363246435,0.0753988311991934
RBMS3,-0.4317911763771871,0.0754704377758928
LYVE1,-1.147986854852352,0.0755099129516265
KLRF1,0.8181361527574085,0.0755308178403744
SCUBE3,0.9585241761060797,0.0755345830517227
SERINC1,-0.2080471889987141,0.0755782167695792
ZFR,-0.8760039425643602,0.0755821070123683
SLC38A4,-0.9709819659919234,0.0757631913921384
VPS72,0.1829137030917991,0.0758529995027666
IL17RC,-0.3786392865245558,0.0759089242031055
WDR73,-0.1968813106534135,0.075970073452811
PRB3,0.4776678831396737,0.0759768731228947
GATA3,1.2774543233789508,0.0759954117685443
MINOS1P1,-0.5330960515909862,0.076051020666867
PLA2G12A,0.3843700866367667,0.0760511970753696
CBX4,0.6274063443947577,0.076058748824882
KCNH1,-0.5906859468319472,0.0761531935803299
ZCCHC4,1.1057270700404525,0.0762361987150682
HIBCH,0.4647607439242325,0.0763338600468856
KRT8,-0.463094623334042,0.0763370797947971
TAOK1,-0.5358208674812719,0.0763438897255126
CCDC91,0.4268354361904745,0.076414341167823
COL4A3BP,-0.3380164754030321,0.0764186566729217
WDR55,-0.3181626597785421,0.0764705423751671
MORC4,-0.3678222348255762,0.0765039571328679
GFI1,0.7514780914562547,0.076511897362437
CYC1,-0.3935301579544248,0.0765392148348062
ASPN,0.8464166785562455,0.0765488020352275
PHACTR2,-0.5886371197546589,0.0765651278559493
MVB12B,0.6949697761059932,0.0766145039923761
KLRB1,0.9943323132896182,0.0766815047309881
EIF4EBP2,-1.0894191801150397,0.0767303414798265
PLEKHA2,-0.6007918010652329,0.0767326659935122
KLF12,0.9168226424298416,0.0767406289621803
ART3,0.5541223556648536,0.0767432760606629
PNMA2,-0.7761218863898733,0.0768480859629075
PIGO,0.7935742507018455,0.0770226395961223
CSHL1,0.8105511112171806,0.0770952129953441
SP4,0.3344189209570736,0.077122629823985
TMEM104,0.3439672698939686,0.0771467115368721
RTEL1,-0.2180838130308169,0.0771525855062449
ASTN1,-0.7624187407555958,0.0771711612456895
RPS23,-0.1151120094289446,0.0771923000836429
GNAI3,0.3153482033723218,0.0772147543970133
FAM160B2,-0.2882568109617232,0.077271657128821
ALPI,-0.361155650228822,0.0772878312697259
DCLRE1A,0.7195089383478672,0.0773301887442374
MPHOSPH6,0.3244838896949105,0.0773548579653329
SOAT2,0.7963848305582983,0.0773962680274321
OGDH,-0.3553705398686304,0.0773977554507396
COX6A2,-0.3239183772522933,0.0774162665866083
PIK3R2,-0.331847357757657,0.0774440833474726
DCTD,-0.2767356880185634,0.0774564283433861
SLC4A10,0.6089716608581606,0.0774944695280965
AGO3,-0.2404119230820889,0.0774946655036956
KDM3B,0.2328566672160921,0.0775473451920167
UVRAG,0.3432719548596807,0.0775672501021036
CA5BP1,0.6899143981364455,0.0776588318343447
PTGER4,-0.7923633171292686,0.07781611659964
ARHGAP44,-0.5006359839869736,0.077951873278129
SPATA2,0.6804655097171324,0.0779698991757804
RAB23,0.4634355760548478,0.0779860217061125
PABPC3,-0.29706433009102,0.0780079019225862
RPS28,-0.7026485243684952,0.0780516961372973
AANAT,0.412612343483536,0.0780831631124394
TFRC,0.8784612611288214,0.0780981839926377
SUPT4H1,0.228418187455432,0.078112509130746
SQRDL,0.3967335112331227,0.0782006996293692
EEF1A2,-0.7069931022252272,0.0782116724343899
COMMD3,0.2888121392535954,0.0782310266296761
WDR70,-0.2281469317082187,0.0782380778660462
BIN3-IT1,-0.9426879786047522,0.0782609352162495
ATP5S,0.387678682994971,0.0782788992251719
NPTX2,1.076900264299134,0.0782941992281438
ABI3BP,-0.8053260810788201,0.0784163362815004
MACF1,0.4076427473647488,0.0784335407533899
FOXC2,-0.9417330022706284,0.0784455867890782
TP73,0.5455684794344431,0.0785221214604598
MTMR1,-0.7397879013068693,0.0785562203130176
GATA2,-0.3401740925174303,0.0786040325146563
C10ORF2,-0.4985198569353297,0.078663071115199
ISL1,0.9213449404630758,0.078729338816658
TXN,-0.3335287696798312,0.0789468104624707
MVK,-0.620237726942511,0.0789875147863475
IST1,0.1220402159733069,0.0789969418532914
B3GALT4,0.6760268290240399,0.0790390477072346
GID4,-0.8099733501376782,0.079112625090957
PCK1,-2.594075372886527,0.0791527406966844
LHX5,-0.2556879069183719,0.0792044703140626
STK17B,0.5383859277009417,0.0793266228917277
FGD1,-0.3276982145870573,0.0793576515505747
RASA2,0.2975543980707735,0.07937339021324
CUL9,0.5139643932914124,0.0793996535951953
UBAP1,-0.4127089614231192,0.0794006608318288
ARHGAP28,-0.7548199213206752,0.0794271717946427
ZP2,-0.3653738673756916,0.0794706451380819
IL1RAP,1.2611763801078002,0.0795243093680874
ITPR1,0.515278042062107,0.0795333299038253
PHTF1,0.2959456024115052,0.079650090785714
DYNLL1,0.2279944105896163,0.0796593701955722
NDUFA2,1.041901573954946,0.0797209318526892
MAPKAPK5-AS1,0.6842337643750893,0.0797873047809328
IGFLR1,0.4963629305787531,0.0798064741354609
HSD17B3,-0.5509432231129443,0.0798112206315545
PSME1,0.2765834541117442,0.0798579410706995
PEX2,0.363688244739226,0.079902655178021
NPHS1,-0.3700425662902367,0.0799506516288156
C7ORF49,-0.1691271371958578,0.0800828836651589
XPO4,0.2077325608553843,0.0801369406989451
ATP8B3,-0.9145895302609204,0.0801426821880577
CDK7,0.1863061834758355,0.0801480486405495
GPR126,-0.5298004789755177,0.0801609419125261
SYNDIG1,0.7619651652053987,0.0801964826998318
OR10C1,-0.453169914641145,0.0802123537046453
ARF3,-0.6985370975802088,0.0802233885763817
HIST1H4L,0.8250355923822896,0.0803612805133803
PRKAG2,-0.8024994686707112,0.0804375367033065
VEGFB,-0.5047704800358357,0.0805256175830764
GPR65,0.4916865634279777,0.0805859138446259
CCR3,0.8904960351347668,0.0806664192548212
SLC24A2,-0.2849455540147101,0.0807480697415666
EDDM3B,-0.4651046590052652,0.0808355488161667
LRRC37BP1,0.5362722415761887,0.0809540907410639
SOX11,-0.8588764265385045,0.0810727273467191
GOLPH3L,0.6010533256660064,0.0810873577608695
DTX2P1-UPK3BP1-PMS2P11,-0.2843593102815198,0.0811035131383565
SMAP1,0.1952804462915445,0.081118592162148
GNAT1,0.5591000876843952,0.0811471898634942
BCORL1,-0.2710950403183236,0.0812340730638821
PWWP2A,0.5550844751895943,0.0812650526125184
TMED2,0.4142818595411395,0.0812977320211395
OR1E1,1.0486642585994286,0.0813075777796161
EAPP,0.2413409259386263,0.0813134790996524
SEMA3A,-0.8088425960504653,0.0813298478487418
SMA4,-0.7221013841072672,0.0813374557285368
NTRK3,0.5845094326154721,0.0813772041570684
PAX8,-0.8226566799548349,0.0814692372401846
KCNAB3,0.4053504045884191,0.0814949327291238
AIF1,0.7282443406822257,0.0814999121470211
LAPTM4A,-0.1726227882850821,0.0815095371373919
GALR1,-0.6483317934284425,0.0815176130302871
SGCG,-1.2040983356310742,0.0815305220557841
KCNK10,-0.4862852026356234,0.0815601982643536
OMD,0.7272594426651153,0.0815950071745653
ANAPC13,-1.0519084475047404,0.0816337362466894
PRSS3P2,-0.6998518476960989,0.0816631490052778
DPT,0.7993350713665279,0.0817059569759988
GATA6,0.53744650557001,0.0818071542456059
FICD,-0.2549671044142396,0.0818685543120391
PCSK7,0.4810982950806668,0.0818722194643043
GSTM5,-0.440407883022468,0.0818835419205714
GMPS,0.1521492748837101,0.0819000741168407
PTPN6,0.4884650376422677,0.0819492912540298
AFF2,-0.7584126015827732,0.0819561743476786
CAPN15,-0.5768144549402123,0.0819929536732234
ERVH-4,0.5186424441403537,0.0820641299749746
MAPK8IP3,-0.781698402756561,0.082094713797479
PTGES2,-0.3263238764086074,0.0821054366452801
PACSIN3,-1.0738278935652985,0.0821578644669749
RUSC1,0.2764774633349383,0.0822211234155593
CDC6,0.7849348916854346,0.0822319066026222
KCTD15,-0.3184211810954753,0.0823438076426604
ICMT,0.7540235508734603,0.0823722726967911
PNN,-0.4120876229446377,0.0824183157608827
PLEKHA8P1,0.5913882506543695,0.0824970173085453
SEPP1,-0.2536559232913618,0.0825463793054456
DNAJC24,0.2773430750632251,0.0827550832797856
PLEK2,0.9002649568240981,0.082819611077689
CKS2,0.462683294888679,0.0828885510168271
SIX3,-0.7665952247903203,0.0829840129105519
MRPL52,-0.3768313832045242,0.0830384515744567
INE1,-0.6836625650867605,0.0830510526621595
ADCY3,-0.3012098325825221,0.0831041956219621
LOC81691,0.9669066499229108,0.0831413086264956
CYP2A13,-0.7519930631006426,0.0832248770941542
PIR,-0.6015301073960151,0.0832832932547936
LEPREL4,-0.5132020099259078,0.0834207342027629
HTR2A,0.4444061181100673,0.0834289215451406
NARF,0.3539200593148894,0.0834523866566963
TRPC7,-0.2458487362698178,0.0834799478090381
DDX17,-1.1897425123235488,0.0835344223399115
HOXC11,-0.3132625008841305,0.0835798784013494
LZTFL1,0.2859584193472511,0.0836479747659826
C19ORF53,0.1640998088093219,0.0836928014622036
SEC31B,-0.8959303613945941,0.0836975678831297
ZNF223,0.2869517344969017,0.0838185244501819
MFAP4,-0.7298292674856715,0.0838493119529558
SNAPC3,0.3295238186900437,0.0838551877298723
SLC31A1,0.4403679639926201,0.0839441140478504
STMN2,-0.9562781822942714,0.0839463000219763
VIPAS39,0.2002226224798722,0.083949881375034
ARNTL,-1.1560996436812223,0.0840484443013157
ATIC,0.2409372180686553,0.0840861411861436
GFRA2,1.1385769180065184,0.0841146075730845
GINS3,0.7539508671272843,0.0841568994104266
ABCB1,0.3999050470162837,0.0841734338599649
GPR31,0.2799971209857816,0.0841797091635992
GPR45,0.5462747416979457,0.0841828497996002
COQ10B,-0.2189015218244794,0.0841937127744019
BATF,0.5282329875786651,0.0841987098347167
KCNIP2,-0.8059589666776494,0.084233971673602
CASD1,0.2781658449342341,0.084269843086121
LPCAT3,-0.4087827139380531,0.0842977429607704
RP1-130G2.1,-0.8029944722294649,0.0843394676282685
C6ORF15,-0.5370154885597538,0.0844452748117227
PDZK1IP1,-0.8799613441507663,0.0844725425492989
DNAJC15,0.2375864903280451,0.084486614759099
SSB,-0.4127191007222492,0.0845112862131195
FMO2,-0.7534637259783761,0.0845882074076494
GBA3,0.6810889482729552,0.0846116077126609
B9D1,0.7258511104927008,0.0846592709268411
ZFPM2,-0.4982962174619585,0.0848906663278456
TUBB,0.2689615443533171,0.0850115262030324
WDTC1,-0.2711431565748832,0.0850970113910638
SUGP2,-0.5669263753968066,0.0851436699045583
SEC14L3,-0.4386914233998413,0.0852959279952108
SERPINE1,1.189311737612261,0.0853097819128816
POLA2,0.5807096292353808,0.085334460836827
TMPRSS4,0.59240291127308,0.0853693488144159
CHRNB1,0.611848560634491,0.0854326492543404
TIMP2,-0.5221717277218225,0.0855481503310611
LMO3,-0.7026714636847915,0.0856634226478334
STAC,-0.3764110498484001,0.085672254040352
TRAV12-2,0.9806819241256948,0.0857355760217075
SCRG1,-0.8758942539741685,0.0859129404665129
SYNE1,-1.1097269286034126,0.0859270250556717
FAM110B,-0.2943445303405383,0.0859399423638487
CPA1,-0.9838304765423356,0.0860878304486322
ALDH1A1,-0.613903472961784,0.0861861449907157
GGA1,-0.8309329656719324,0.0862076693922246
MRPL28,-0.1453707899452396,0.0862129936684907
ZNF43,0.3418249914797684,0.0862191705525112
MS4A6A,0.4277164447812716,0.0862761924548314
UBA6,0.5745939177516002,0.0863501482304776
KIAA0247,0.3333784567432047,0.0863729058355768
TWSG1,0.7045900767219404,0.0864309920052124
MAP1B,-0.9600644307494752,0.0864433185585954
ENPP4,0.548635710106554,0.0864505530994915
FSTL4,0.4836871302495646,0.0865319906120402
TFAP2B,-0.7851470687208599,0.0866403381551728
GUCY2C,0.7053461987648078,0.0866534782016234
FKBP2,0.4153349883793549,0.0867058473924461
VAPA,0.1991381898221167,0.0867663415537677
ARC,-1.298876952312891,0.086769798421711
ASXL2,0.1909962406967089,0.0868354938587363
ATXN2,-0.3963284523418231,0.0868839521934249
LEPREL1,-0.7111410921845209,0.0869288342465855
LOC93432,0.6946492046137633,0.0869330249348194
PTPN22,0.9610634754425736,0.0869973390309689
OBP2A,0.5053272760665215,0.0871577376238909
CYB5R4,0.3779535104171323,0.0871798467917269
LACTB2,0.3984325564370206,0.0872526213330859
COQ7,0.6277363389865229,0.0873077512173805
GNA11,-0.5812592182016685,0.087310568602019
RASAL2,-1.0146537897635937,0.0873164050134189
SLC5A4,0.2712495714355514,0.0873202482049576
PLA2G1B,0.3025030443485317,0.0873224120885004
MYBPH,0.4838474451470431,0.0873692462246376
TANC2,0.5214721191334872,0.0873702878742889
CDH11,0.5433395248844395,0.0873913062175142
DLG2,-0.7708394622232304,0.0874050034335239
KLHL25,-0.3977051189066136,0.0874100753399976
KIF2A,0.3140123240955477,0.0874181729517034
NUS1P3,0.9737830321313874,0.087459720334566
OAS3,0.4292291397081893,0.0874924176370771
SUMO4,0.1834840508182633,0.0875163277321009
ADIPOR1,0.1753006864208064,0.0875476269771156
DAPK1,-0.8880678201867429,0.0875615721291805
PMEPA1,-0.3923086875453521,0.087637782468656
NCSTN,0.2842476790369037,0.087809656142378
ECHDC2,-0.5970470002592343,0.0878238752002027
MAP7,-0.8715026126430434,0.0879806175595207
TNRC6B,-0.3195772221687392,0.0880189557968074
SLC29A1,-0.5432061807002686,0.0880455003256191
GPALPP1,0.3941706234255813,0.0880456887477197
GYPB,0.8612767481268948,0.0880605715675107
EZH2,1.0113583105078634,0.088124829574181
CRTAP,-0.4050281304878922,0.0882608321451629
UNC119,0.889210227432895,0.0882987557503574
ELANE,-1.0097260574914984,0.0883769519019487
S1PR5,-0.2987021208479379,0.0884932124609118
TRMT61A,-0.3823147100063542,0.0886161997472749
USP34,-1.1838047596942936,0.0886602520441928
RPA4,-0.3746281719316569,0.0886983224222742
NSUN3,0.2724467924208067,0.0887290860053257
EVC,0.9410629643826418,0.0887446942363678
SLC7A7,0.4900993905587469,0.0887511594715032
ZNF552,0.290998809955961,0.0887655942906355
HEXA,-0.9620310520497428,0.0888559156404457
ENO2,1.182549908761782,0.0888664166781018
LIG3,0.74503814269322,0.08891068715279
PKD1P1,-0.9305428700859312,0.0889582100942727
IL25,0.5138581355337806,0.0889719037073229
PRSS53,-0.684229855725083,0.0890049832069274
SCGB1D1,0.7364637783585026,0.0890992846297711
APOE,-0.9237992100697454,0.0891896918389877
ZNF225,0.7268518375185078,0.0892095632316809
TMCO6,0.3290598681511145,0.0892167282430625
SHB,0.6184697555969771,0.0893001264501812
GEMIN4,-0.4027999303411649,0.0893554544057074
PPP2CA,0.189172385078626,0.089411061328643
PSMA3,0.3010669035509092,0.0894480909276046
ACVRL1,-0.4237134487064971,0.0894662379304562
PTCRA,0.5982510271083523,0.0895707689286588
PIK3R4,1.127561521395076,0.0896047060758358
HDAC1,0.3771960170161854,0.0896243695400975
TTLL7,-0.5520918747779477,0.0896247052941789
GRB7,0.7266640855215449,0.0896930518920687
TBKBP1,-0.5700332803110966,0.089710320674214
GABRA6,0.8437194053859964,0.0897216131656145
MRPL23,-0.2415651701164343,0.0897364886441966
SLC30A3,-0.1649723596217986,0.0898433577561563
HIST1H2BD,0.4418047555149913,0.0898490050923485
APOC1,-0.8099694176321748,0.0899721738990669
KCNB2,1.0424139744164642,0.0900360898818513
GALNT6,0.5350179832105457,0.0901255461499396
P4HTM,-0.220901654903594,0.0901422496830166
COPZ1,0.1716921923583871,0.0901587522971427
KRTAP9-9,0.9418538186895482,0.0901775043869547
PSCA,-0.7922638180963446,0.0901840931340903
TATDN2,0.2270277385087737,0.0902418584679998
CAPN7,0.3369008497286394,0.0902521854682657
SSTR2,-0.4326208411892827,0.0903386931816137
SLA,-0.4975041307758303,0.0903495536482473
ADAM30,-0.7044254009813855,0.0904606046812515
TSPO2,0.6702183667520849,0.0905354858462783
HNRNPA1,-0.9099004869049868,0.0905648134487181
AUNIP,0.5782271928894271,0.0906056007793304
SEZ6L2,0.7191418256794062,0.0906401332204723
PFKFB1,-0.9156192147085996,0.0906796336771595
EWSR1,-0.6858149587647926,0.0906941841303267
SLC35C1,-0.2996132498580106,0.0910899576054832
NFKB1,0.2764219772331877,0.0911556628503193
NAB1,0.4160829321381278,0.091197870501359
ZNF668,0.9543744894751098,0.0912287623330611
ACACA,-0.6453789274835895,0.0912635498673067
SEL1L,-0.5029853740050347,0.0912833127185113
INHBB,-0.5967725405228421,0.0912946236283243
DSP,0.4348371566631197,0.0913236436016325
SEPHS1,0.4167135738126628,0.0914288110124389
APLNR,1.2103090358593604,0.0914311561655815
GUCY2F,0.4288640647420352,0.0914805150673326
PUM1,-0.1856238353361199,0.0915322961352546
MAP2K2,-0.3923487433810262,0.0915803995924181
RCHY1,0.6337814926319076,0.0915859630077465
EIF5,-0.5846263108163869,0.0916626914078501
ACR,-0.527505483148432,0.0916823101061209
IL6ST,-0.5516113417717996,0.0917021874609685
UBE2C,0.3173988341807074,0.0917208425693008
SCN3B,0.5185407489182157,0.0917559061917882
EIF2S3,-0.6049531509651622,0.0918526784460244
ATF3,-0.9548842985814828,0.091954718739913
HBP1,0.4760964054272802,0.0919720220083698
NDUFA4L2,0.3926069658973201,0.0920421693169114
ABCA12,1.036318290725338,0.09204264546013
BFSP2,1.0420219771134285,0.0921585220546942
P2RX7,0.6465703412054591,0.0921752279031977
POLR2A,-0.8058591368462666,0.0921906909475421
RASA3,-0.9546164377931294,0.0922007023523001
SAV1,-0.3209362157812965,0.0922266860428445
DDIT3,-0.2414087089686649,0.092231901027909
NOX4,0.8621721264744053,0.0922796780719741
SNRPG,-0.234194233325109,0.0923782246481634
TRAF3,0.4466010456582836,0.09244380531968
DSN1,0.4732138640271319,0.0924707564673991
EHMT2,-0.5625543572125133,0.092497849626184
SLC35E1,-0.6182117611214135,0.0925305128072374
TINF2,0.2731569048830362,0.0925501583394791
FRAT1,0.3164017445076919,0.0925793170285148
MAP3K6,-0.4858271192479719,0.0926102914683179
ELMO2,-0.5171179554755128,0.0926297664155158
METTL8,0.6970482972427012,0.0927001883663739
INSR,-0.3135761799432259,0.0927037568037841
ADRA2A,-0.60176182627246,0.0927054358651906
RP11-348N5.7,0.6520937448559376,0.0927096135545419
PPA2,-0.2522829021239978,0.0928375738557135
COL13A1,-0.7186632014875363,0.0928507170185518
NDUFB7,0.8500323540548456,0.0930258654583587
PPFIA1,-0.5265322619118464,0.0930924678575357
COL9A2,0.3120369585408769,0.0931664954507122
ATAD2B,0.325452214246182,0.0931788634861845
RABEP1,-0.5276434421013381,0.093244741736333
ARR3,-0.5979624326444632,0.0932729425747179
ID2B,0.9069787278304582,0.0934121780819888
SRM,-0.4172758195130441,0.09342443244897
AQP3,-0.874987898756685,0.0934768516269542
NLGN4Y,-1.4523305651069691,0.0935045661931802
ATP9A,-0.8473228123144043,0.0936194785065843
LINC01361,0.8060203449267296,0.093647468866237
CHERP,-0.6237957025978398,0.09369515709712
TAAR2,0.5167443143626738,0.093750465659257
GP9,0.6398321639633062,0.0938948189087689
TMEM147,0.2001938337185453,0.0939404618733218
FXYD2,0.4365757957229359,0.0939774642444072
BAZ1B,0.7626423795351727,0.0939781055061945
TXLNGY,-1.3027947417782704,0.0939825353985518
PSMD13,-0.2434981468345345,0.094013132195959
LSM2,-0.1512905036743426,0.0940360422440318
SLCO5A1,0.5928672705847724,0.0940961307345856
TCF12,-0.9818082433869167,0.0941532273341226
PCIF1,-0.6185240852750216,0.0942229836945062
LINC00312,-0.5816781249515017,0.0942348637009665
KBTBD4,0.8247828412016185,0.0942757454751406
DOK5,0.463990885025284,0.0944802618401093
NDUFA9,0.2000729722592567,0.0945011227150502
RABGGTA,0.2431494092051691,0.0945226319938633
PRKCD,0.4048880838942779,0.0945332821541228
RUNDC3B,0.8198741197768138,0.0945392817304896
BZW1,-0.4564273002343171,0.0945657457386302
MAP3K7CL,0.3969261786901192,0.0946439678660435
FOXO1,-0.4340121070399512,0.094727817004226
C8ORF60,-0.3955956515317709,0.0947529478902941
SLC8B1,-0.3308789488607964,0.0948117592759083
FAM193A,0.1880374394993911,0.0948277432297919
CSPG4P1Y,-0.5194517712398108,0.0948631276235163
IRAK1,-0.2013354627446766,0.0949182074226999
AKIRIN1,-0.3020904010810863,0.0949973618435644
ATP6V0B,0.2240631764266876,0.0950278329980003
SLC35C2,0.3198045524490984,0.0951569031458501
KCND2,0.6285184673359439,0.0952088025449438
KIF26B,1.0576993114785775,0.0952108426678951
FLNB,-0.4755789878654255,0.0952727542223623
LINS,0.591437638481537,0.0953506198233437
ZNF813,0.3923484280351328,0.0953724473837864
FANCL,0.3989708043439934,0.0953817725130582
KIAA0430,0.3237670122333931,0.0954614418846074
ZNF142,0.6367389428498775,0.0955359995113809
CLIC5,-1.1636147407632649,0.0955631552629045
RAB38,0.7106800424545501,0.095599741558701
RAP2C,0.4566474730096068,0.0955998126354886
APLP2,-0.4369122164666112,0.0956675814276905
CCDC92,0.4073585957957295,0.0957560760248557
ANGPTL2,-0.7377581379087097,0.0958408545353555
DDC,-0.4774674305059507,0.0958563082184495
INTS5,-0.2640341284042122,0.0958671945316619
ZNF750,0.9014138431080634,0.0958696111491543
MGST3,0.2449210149736878,0.0959349599556922
FLOT1,-0.8785863529498306,0.0959676373415395
MUS81,0.1591772246467862,0.0960189962681172
KLK8,-0.5851335558110549,0.0961048700167312
LYL1,0.5056191838678181,0.0961550142467674
LINC01314,-0.4951098492221808,0.0961659215819002
CCDC87,-0.62921261276575,0.0962081065525315
DERA,0.3326968865144746,0.096210921137097
HS3ST2,-0.6099250009679267,0.0963032881886466
SYT5,0.6506154224492824,0.0963524691435039
ZNF74,0.492513427919687,0.0963595024270178
ZBED8,0.8837390404982726,0.0963896373846443
CEP68,-0.3963039465316598,0.0964010486030231
CXXC1,-0.2619270763718919,0.0965233018776558
C3AR1,0.5237086497384258,0.0965822935400863
LINC00115,0.3293822263316048,0.096604053783938
TMEM209,0.8187254894344544,0.096750988700199
ANXA2P2,-0.2311003192564094,0.0968080668258433
RARA,0.9380443788709512,0.0968337232882879
NIPA2,0.3229070571435031,0.0968774813201688
BIN2,0.7445801260531466,0.0970898676214577
CEP63,0.2882224812552039,0.0971266207726014
UIMC1,-0.1857919538905861,0.0971608456564305
TOB1,-0.3214792787464109,0.0972244310137256
AOAH,0.7592415369593812,0.0972267353399489
TCIRG1,0.460692760933604,0.0972614809356303
LINC00216,-0.5684976089729235,0.0974808137656552
KLHDC2,0.4470299137671887,0.0975481196775904
C6ORF211,0.3477885339849713,0.097562867165131
LRRC8B,0.8546333267636861,0.0975822998527924
RIT1,0.2367323467454944,0.0975988574917351
TACO1,0.1882023638041001,0.097639225420769
MRPL46,-0.2686137945676154,0.0977416392879797
BFAR,-0.1588320229733284,0.0977901836225973
ATF4,-0.2187456217832899,0.0978034036988294
GRM3,-0.8513905368709445,0.0979939603630363
PAMR1,0.956066165611702,0.0980360797935363
HP,-1.4328453421790366,0.0980505405154518
PLAC8,0.6615721938431118,0.0981081374853072
CFHR2,-0.4363911610923834,0.0981700873833211
LARP6,-0.4551749185221254,0.0981728799771309
KAT2B,0.2688578676978128,0.0982194472818156
ZC3H7B,-0.9111093977547932,0.0982648642065162
PGS1,-0.3648545562993419,0.0983062739955157
ARHGEF26,-0.8238346941773385,0.0983302986017054
CARS2,0.2431597065181971,0.0984419844995076
TRAV8-3,0.27482795165034,0.0984422142494961
UTP6,0.2464534525907264,0.0984827617965336
ATP6V0A4,0.6749661625255552,0.0985089259728288
C8ORF4,-0.6213318543102773,0.0985171923367995
HN1,0.7262228953618983,0.0986038157194988
C1GALT1,0.4302235356443216,0.0987025002654404
PDE6B,0.4739765079121589,0.0987718466403606
PLCL1,0.449726191345893,0.0988324642334744
CDHR5,0.4155721077470391,0.098872072986517
ALPP,-0.2641529276231726,0.0988927259542797
F9,0.5958259970815094,0.0990559678115347
SRD5A1,0.784640451966168,0.0990976855018321
PDE2A,-0.3084667623581332,0.0991335899890717
PHKG2,-0.2634287284220757,0.0994078805053092
CATSPERG,-0.5695437266392851,0.0995103109410141
EVPL,-0.3547131473192024,0.0995364175891125
GAS2,1.165716227633785,0.0996276436913041
DZANK1,0.3797208273694137,0.0996282300015424
OR10H1,0.6308968075604025,0.0997179886312481
MPZ,-0.5882998628555676,0.0997330010089507
ADAM20,0.6469711253636019,0.0997468806267118
CEP70,0.3483808924535374,0.0997761178344744
SNIP1,-0.194941462528539,0.099784814093994
TMEM176A,0.4664099703290993,0.0997932390763042
ZNF154,0.8793539889890534,0.0998549144756953
GJA8,-0.3685902219013326,0.0999098603032869
PSG3,0.5317850033847833,0.0999205618145478
MTHFD1,-0.2847504939329255,0.0999748698905682
BBS9,0.797507164763898,0.1001125042914303
ZBED5,0.2566364582348619,0.1001364200122873
GSPT1,1.1342653281290231,0.1001720553153524
CEP112,0.4307921295843995,0.1005393524938824
EXOC1,0.1803993376843831,0.1006174009258198
GPRC5A,-1.1636635114887517,0.1006323201021819
HINT1,0.19436744784179,0.1006885480046328
HHLA2,0.7852531216300327,0.1007295834683008
RPS17,-0.1024177904316392,0.1007510811268929
ERP29,0.4262932434408899,0.1008712519554593
LY6E,0.4598519628363675,0.1009518072899208
DHX58,1.0551391623668822,0.1011276779280404
WDR3,-0.4453359797150238,0.1011858524318551
ITFG1,0.4117403381715157,0.1012320785343252
ATP6V1H,0.2032297725793572,0.1013203488010086
CBR1,0.4116154179504327,0.1013455432719244
LY96,0.4023795838868,0.1013577453947354
ADAMTS6,-0.6234208690123948,0.1014996498114199
UBE4B,-1.11324488870454,0.1015062649767484
CTSO,0.3154657435921493,0.1015177900280304
RAB5A,-0.2372566327089487,0.101568898718669
SH2D2A,0.3341251434987766,0.1016085517111435
CCRN4L,-0.2206947969880781,0.1016710932437144
SEMA3C,0.5490394761898632,0.1018680966836329
JMJD6,-0.7516849461780435,0.1019364851105041
MARCH6,-0.5808933294855745,0.1021529532760869
S100A2,-0.3780412604639052,0.1021932735401514
OLFML1,0.5585896422753187,0.1022119432817904
PPARG,-0.668687254532399,0.102216369576955
WBP4,-0.2418034811478548,0.1022223057594945
CCDC170,0.8031910620710061,0.102287667557788
TUBA1B,0.1861952369758075,0.1024160240710927
WIPI1,0.3784833646468595,0.1025068242834453
PRKY,-0.5612968400018099,0.1026096882176186
DBF4B,0.5693760949959765,0.102737140047674
GRIN1,-0.5213167030518404,0.1027442128593732
NHP2,-0.2292930633752856,0.102786899372599
TOR1AIP1,0.5474136069809195,0.1028294664664525
NFX1,-0.946986689749318,0.1028965076783384
LBX1,-0.3399678116352504,0.1029792686593892
DPY19L1,0.3295606009616492,0.1030780055939997
ZC3H13,-0.5416479468854085,0.1031142334139724
LY6D,0.4052491689008088,0.1031255599579508
RIMS2,0.8519455128753872,0.1031746594693275
TTC26,-0.4735232315714519,0.1032856324618352
CCDC81,0.8506417028402788,0.1032902729974227
MMACHC,0.6292417939062336,0.1032929282496023
RSL1D1,-0.4675044865114008,0.1033551649763369
METTL10,-0.4898410830057513,0.103423014820054
RAB36,-0.188569348792333,0.1034785970131128
KANSL3,-0.356373003998546,0.1034947479498772
NYX,-0.454162450890645,0.1035102032135851
FBXO17,-1.250034972684806,0.1036594325705163
GBE1,-0.4060219275816585,0.1037334217539661
UAP1,-0.4427268145943817,0.1037402532009022
CA9,0.4353458343658021,0.1037699038339314
SNCB,-0.5512632644594513,0.1038324291879905
HOOK1,0.4124272292344386,0.1039960960654468
B4GALNT1,-0.7125148345070667,0.1039981842474359
TLE4,-1.1060434519575866,0.1040190577011001
DCTN3,0.1502292836057606,0.104049330022608
ZNF468,0.5738950368073521,0.1041293113100711
TSPYL2,-0.3630136857398405,0.1041696803931717
MCM3AP-AS1,-0.7572795361610352,0.1041882121324117
PLOD3,0.1991648688846155,0.1041908043946005
NBEAL2,0.7058041101635668,0.1042310090865798
S100G,0.499246922466745,0.1042571697694218
ARVCF,-0.8439840129193534,0.1042855218074012
SLC47A1,-0.968877071312308,0.104330902639938
HAPLN1,0.7468502801442565,0.1043765479039388
LMAN2L,0.265965233345117,0.1044405378096292
SAC3D1,0.972864766936442,0.1044773831476356
C3,0.6044062144461826,0.1044963487404284
ALOX5,0.6501965986503873,0.1045252906668838
ADRB3,-0.4930149945839046,0.1045585975557881
FOXE1,-0.9496269748537602,0.10463653852504
MFSD5,0.2196810509388704,0.1046550079229273
TFG,-0.5530515386870141,0.1046636830722431
PRKD1,1.0203620610357969,0.1047226609490214
MCOLN1,-0.3137783599682144,0.1047300187421639
ZNF10,-0.5241003872702574,0.1047344836802328
PEX5L,-0.4590635662925937,0.104797634088836
KIAA1661,-0.824527104524984,0.1048196259249248
CRYAB,-0.7316592650743523,0.1048567236126739
KEL,0.5834167279601603,0.1049103678725175
TRIM28,0.1556766719770355,0.1049366367488107
RGS1,1.328442703207081,0.1049679688651279
AKIP1,0.3624927455655058,0.1050394384965939
LGALS1,0.1792052127670196,0.1051145031769991
CEP164,-0.5781761008434341,0.1051256490615935
COLEC11,-0.7335597244198935,0.1051898318866995
AP2A2,-0.2984439644229795,0.1051970919384935
PCNA,0.2579471862652625,0.1053434581214094
PFN1,0.2557708782443431,0.1053642506794288
KCNJ16,0.8014246402330025,0.1054749307311931
TMBIM4,0.245023807582779,0.105519862142558
SEMA6A,-0.6443868879655792,0.1055236762586984
PAX2,-0.7332926225028613,0.1055385596258539
SLC16A8,-0.4387309960966732,0.1056836545569415
NBN,-0.3377000656817959,0.1057890772586612
C8A,0.5142460162679168,0.1057923774433116
SSRP1,-0.274735235181323,0.1059778690956306
HNRNPL,-0.4277990844989343,0.1060245310464022
ATG3,0.7070981106691789,0.1060955983098321
MGAT2,-0.666815870990153,0.1061510587524128
IFT20,0.2627319171622311,0.1063756431505115
RBCK1,0.1879559464537514,0.106388643070155
NEUROD1,0.5709301936086089,0.1067745116208422
CDKN1B,0.4180997918970988,0.1067818966586398
ZNHIT6,-0.3525116971964905,0.1068035407578678
CDX4,0.5012926080675086,0.1068414643867463
SV2A,0.7235221681014519,0.1069048841457281
ADAM17,-0.4720468714990407,0.1069055192128819
R3HDM1,-0.4222510443826506,0.1069351680491366
OPLAH,0.4952787446513218,0.107016269830368
RNF187,0.3560146871801173,0.1070223509836341
ZWINT,0.4020358034431979,0.1070351441503157
ARID3B,0.5826362451472873,0.1070479131090746
LPAR6,0.4422056840182886,0.1070770000519581
NEK2,1.2324556203583654,0.107224401952466
LRP2BP,-0.7032654458882859,0.1074575062983608
LUM,-0.2332711344014395,0.1075059451340881
TTC17,-0.2431755366591197,0.1075365574288458
LANCL1,-0.2929621648177267,0.1075524530390444
PTPRK,0.419678003083634,0.107577225263692
GRAMD1B,-0.426561475947782,0.1076244653225976
COQ9,0.3201950875462547,0.1076393744949529
PAEP,0.894924063798558,0.1076427567280246
PTPRE,0.4400591282228561,0.1076779585046037
TRMT5,0.2213221103144622,0.1077174566304978
SNAP29,-0.191336437604825,0.1078652449064366
ACTL7B,-0.5746437048172126,0.1078910883538549
VDAC2,0.1407414176815766,0.1079114020416597
CDC25A,-0.4968617452940842,0.1080178165641514
DHRS3,-0.5457782393649069,0.1082083752838382
GS1-164F24.1,-0.6364153355737212,0.1082341297069475
HMOX1,-1.0037848940012744,0.1082726733108554
SLC44A4,0.3048826114139684,0.1083182189445841
C11ORF95,-0.2898831779836097,0.1083230909900426
GAS6,0.5668798099428685,0.1083265859703349
SOX18,0.4435398631893594,0.1083297884148751
ZNF277,0.3848275542878827,0.1083970079913732
OLFML2B,0.7544923289993744,0.1085352875291094
DUSP4,-1.3647781738739164,0.1085848646081952
EML3,0.6172534207102238,0.1087041137787409
CAB39L,-1.0292106840196285,0.1087183708503908
ISLR,0.5545958443057746,0.1087641616599978
CALCB,0.7793576132841231,0.1088532035783611
PPM1D,0.2843715496117411,0.1089177757319668
PCDH12,0.8158352585399458,0.1090052656921096
CDON,-1.2146520025114451,0.1091046832765031
LAIR2,0.3238343465623794,0.1091061187325705
ZNF202,0.7852956652649201,0.1091128999116976
DHRS1,0.2839676224333765,0.1092496456162929
TAF5,0.3101167164044875,0.1092682925366629
BMP4,-1.2144119601309216,0.1092924487295166
FOXA2,0.6728094235748259,0.1093296099408005
MYT1,-0.5591373571427525,0.1093478531707155
SPOCK3,1.06946531338741,0.109362481413712
AVPR1A,-0.7513961401077349,0.1093671766448723
ST8SIA4,0.521190923482636,0.1094302172174319
NDUFB8,-0.4920189819451721,0.1095004899046473
GTPBP3,-0.2353842978519402,0.1095034898076965
MCF2L2,1.1571103115027817,0.1095201004430322
PPP1R10,-0.8979355282807502,0.1095442146016524
REPS1,-1.032219891844635,0.1097389669265026
ATP2B3,0.7074719964705443,0.1097445755527815
PPFIBP2,0.8742475493116233,0.1097680386187029
SLC46A3,0.5265752239386359,0.1098446856805035
CLUL1,-0.9210091592608024,0.1099167913345052
ADAM11,-0.424970089835023,0.1099683084396632
FETUB,-0.452918772109629,0.1101399252677704
CSF2RA,0.6826474486341247,0.1102101040789363
HIST1H2BK,0.4158142414656982,0.1102456534403407
AP3B1,-0.406255868032642,0.11025544400757
CLIC1,0.1223656251889764,0.1102838635041484
C2ORF83,-0.6187316365608391,0.1103153231374153
CAMK1G,0.3509438453431501,0.1103893065874726
CDK4,-0.1545840831575375,0.1104692966889984
TSPAN31,0.1901086122799355,0.1105181035672885
ADD2,0.7720489568306297,0.1105799694467535
LST1,0.511510432405963,0.1106270608569901
CD209,0.5587186198717005,0.110648330946422
CEP350,-0.3369263014358035,0.1107798294415046
SLC7A11,0.5436556399085051,0.1108037599944745
PABPN1,-0.5471921038390963,0.1109752727674347
PGK1,-0.3568437618026143,0.1110654968003121
KARS,-0.3168833221188691,0.1110670672078978
CRCP,-0.2698176846580731,0.1110828395377421
EIF4A3,-0.2658563577311827,0.1111323527117009
SFPQ,-0.7393227000721545,0.1111423882209982
SIK2,-0.5055520279449128,0.1111676566057285
PDZD8,-0.4643978261990567,0.1112673486330395
RBP4,-1.228458575130265,0.111271001999886
PRPF31,-0.4323707492139816,0.1112790219719451
RXRA,-0.285141402283724,0.1113013231070838
CDK5,1.0339613630889577,0.1113095293938741
CYP11B2,-0.532963271049141,0.1114384468442717
GMDS,-0.2641048229510208,0.111563843106447
LOC101929148,0.8980477913328127,0.1115793572474727
SAMSN1,0.4570906163601229,0.1115803779966561
ADIRF,-0.7208963631265526,0.1115906408703576
PTP4A3,-0.6456685414377255,0.1116291112941373
UBAP2L,-0.2680815754387851,0.1116890135061297
CD80,0.2743895662579882,0.111746706289745
EXTL1,-0.6411982241960454,0.1117751776019335
CHRDL1,-1.0127493723910763,0.1118493437645891
CDHR2,-0.2881001187063834,0.1118581182953842
LTA,0.3608200465526763,0.1118785190545952
CYP3A4,-0.7669737789168822,0.1119607493855898
GLUL,-0.6950868496982547,0.1119856261429076
MRPL9,-0.2729293117224358,0.1120009739675748
SNCG,0.4952412126693448,0.112033077982462
RC3H1,-0.4579638413166584,0.1120761369519241
RNF114,0.2126367328569021,0.1120909560779076
SFRP5,-0.5794046615885362,0.1121103201941123
OR1F1,-0.3157747147830569,0.1121435594229639
DHDDS,-0.1720623960601788,0.1122376849198941
ARID4A,0.2989818319832897,0.1122589254876515
GRIP1,-0.5261179691888489,0.1122700774716256
GBX2,0.7041724989197164,0.1123754531199588
CASK,0.7491061227516687,0.1123890859581103
KLRAP1,0.9103593944938329,0.1126341410624323
RALGPS1,0.9084037935715132,0.112637217342189
DOK2,0.3943522548617508,0.1126824921018567
THEG,-0.3653822715556769,0.1127277626308118
HGD,-0.7180735566818854,0.1127343691013789
NRBF2,0.4624645102001636,0.1128635099862476
NRXN2,0.803873543248824,0.1129018609679233
CLEC4A,0.8784323542916379,0.1129234396251574
TMOD3,0.5805773634937461,0.1129887032389285
SDHAF1,0.303638364448366,0.1130212129819476
MMP3,1.253634312764607,0.1131453303933506
LMNA,-0.3959681381419848,0.1131687283131209
LMO4,0.3255443432524361,0.1131691432154512
TRAF5,0.4130367916520523,0.1133313476281542
KDELC1,0.4062856455296613,0.1134940525332257
LECT1,-0.2557750393035212,0.1135770829026259
RASL10A,-0.426329137733453,0.1136004930392449
EIF3E,-0.1403202915344348,0.1136452190705829
EPS15L1,0.4748275564608395,0.1137365525236463
MPDZ,0.5111348032021521,0.1137514427247831
EGFL7,-0.2740650576923098,0.1137542759424321
CLCN1,0.5389616756281317,0.1137673034464815
MICU1,0.245768503311524,0.1138016967393887
ALG12,0.5934492927444133,0.1138373364043689
TOPORS-AS1,0.8677219287293747,0.1138648871411417
CBR3,0.6824221229073899,0.113873001973737
MT1X,-0.6256922013233908,0.1138948140431881
TACR3,1.0152943736710078,0.1139319791965018
PRRC1,-0.2785878330132663,0.1139697337057855
APIP,0.2485994623557648,0.1139887274795644
CRTC3,0.127657736077591,0.1139980981047703
SULF1,0.4821801699512829,0.1140231643100264
HIST1H2BB,0.4876289518911538,0.114042821040534
FXYD5,0.2746241931290001,0.1140438512719237
METAP2,-0.2800807631122435,0.1140675275591339
HGS,-0.2342732032432977,0.1140727053837471
ITPKC,-0.2803444130207104,0.1140899991513729
STUB1,0.1880542966244736,0.1141957131973454
LARP4B,-1.188507544528535,0.114279535308321
ICOS,1.0039397828870211,0.1143117875888595
CCDC121,0.5192755485047948,0.1143934098023065
NCAPD3,0.3495441043328018,0.1143960823669789
FLRT3,-0.4898300655176157,0.1144616210631109
RP11-217B7.2,0.6301278995894517,0.1145506369616201
C18ORF25,-0.7274021554102728,0.1145669667327255
AASS,-0.4673239216482692,0.1146739886756898
USH2A,-0.8232080972631373,0.1147573436986132
CABP5,0.4847986211714152,0.1148218620400726
SAA3P,0.5160079913354712,0.1149093628658567
RAD17,0.3564227611047652,0.1151191169972812
MYNN,0.2404128757895165,0.1152069707721373
ZBTB6,0.424359863312274,0.1152088369203253
RP1-101G11.2,-0.6886497186649594,0.1152366801260322
LIF,-1.1047452882365665,0.1152619428313938
MED23,0.2424322675020018,0.115279664636346
DGCR11,0.7362395725522397,0.1153185329940985
TTTY15,-0.5378926379598852,0.1153495778226716
AGO1,0.2022404926947274,0.1154187990608222
RFPL2,0.6297258918910238,0.1154195365904073
ANKZF1,0.9294691557642132,0.1154547192827419
TRHR,-0.87914193407252,0.1156011902895299
HAT1,0.2801945675045179,0.1156682026701185
PITX1,-1.1861851139450597,0.1156998292438607
NUPL2,0.3036403017436786,0.1160566824716101
GRHL2,0.6853059455125177,0.1160772783880889
SLC35E3,0.4238537720684032,0.1161253060837557
THOC6,-0.3188044429013619,0.1161650586186989
RPS12,-0.0670219325667726,0.1164076756871621
RBM34,0.9523825434868068,0.1164594332559843
ABCA3,-0.5052574566743804,0.1164639303571015
SERPINB6,0.2298686816236763,0.1165653642595729
CRYL1,-0.3156895996877562,0.1166402728497623
DENND4B,0.2925425402449519,0.1166995440795364
RYR3,-0.6058381319322681,0.1167477641186767
ARID3A,0.6257609019331616,0.116772688370885
PXDN,0.5162762669250682,0.1167773789325912
HIST1H2BM,-1.0584524304375749,0.1169106291370214
PDZRN3,0.5017468413789707,0.1169232423861476
DHX8,0.3924786730960123,0.1169312140381736
ITGA5,-0.3772180255363633,0.1169471593302235
REM1,-0.4569003426688507,0.1169495446230097
B3GNT1,0.3191398222616932,0.1169619408328033
SOX4,-1.3180998909639523,0.116992764041759
FASTKD5,0.2358258765797742,0.1169950741537332
AK6,-0.2933361252179036,0.1170114258156503
CHST15,0.2250947358391251,0.1170127586272832
TRAK1,0.5760024606131395,0.1171263564475046
SF3A1,0.1970043812505828,0.1171884086451995
EDNRA,1.1172689497282935,0.1172291601658622
TNFRSF1B,0.3044561277114255,0.1174067053160716
CSTF2T,-0.3868766777339925,0.1175135863244061
MAP1A,-0.6729336051552357,0.1175414663936687
PMF1,0.1856189466149285,0.1175435269784476
HIPK3,-0.9040545627645028,0.1175543841288144
ZBBX,0.8213097430943441,0.1175896583846395
AATK,-0.3833039128545303,0.1176295522953425
SEC24B,0.2797376243083498,0.117679215207399
MN1,0.5894795731259865,0.1177423978181183
WDHD1,1.0892147176704134,0.1177785976901199
HABP4,0.5708630613262633,0.1178943217304478
KLC2,0.5450420046281996,0.1179392323997874
ZNF185,0.2884992217258091,0.1179891202868715
IMP4,-0.323393105964012,0.1181383595000737
DNAJC3,-0.4472209086462104,0.1182081123678927
CLASP2,0.3461132633641108,0.1182181319034242
PCDH1,-0.380677623649829,0.118248848274387
RASGRP3,0.6937676816924494,0.1183302343611931
SATB2,0.99601535166857,0.1184312614483851
WWTR1,-0.7145703702841244,0.1185511771748982
PCDHGA1,-0.3063171150609793,0.1186895420173141
HSPD1,-0.4363475994069805,0.1187960355915521
SAMHD1,0.3591156881652964,0.1187984256625909
HHLA3,0.9659975819495914,0.1188284836053997
GMFG,0.3245319114232181,0.1188330485401722
MGA,-0.2068703243327672,0.1188799518295225
C10ORF88,0.2934612717420508,0.1190344979869266
PKMYT1,-0.2842093406767612,0.1191967932832685
NANOG,-0.7830251228131653,0.1193741779018898
GLI1,-0.7890614523439758,0.1193755844265927
CASC5,-0.6997013765108768,0.1194480924204835
OXA1L,-0.1921392819262095,0.1196043931790679
RTDR1,0.3924867348329233,0.1196519639074059
NID1,-0.5931439125168971,0.1196893096044567
HAX1,0.178797443452396,0.1196974288007182
ARHGAP11A,0.9422456348729707,0.119765376772764
GATA1,-0.4998651997384149,0.1201870713215649
MYCT1,-0.3778468124398451,0.1201996923144674
KIAA0754,-1.3553546115119417,0.120248209855533
RPL12,0.1227230210618088,0.1202654531708844
PRR3,-0.4241772669056338,0.1202957345227195
TSG101,0.2231143997366889,0.1203222859064036
IQCK,-0.7118049589892834,0.1206283628894953
EIF3F,0.8410828902474208,0.1207258897802987
FBXW7,0.3172715156390602,0.1207265256471998
MT1F,0.5502019630339703,0.1207265968018955
PSMC3IP,-0.377588012337454,0.1208584592287604
CPVL,0.3945407559854335,0.1209114140555759
GNAQ,-0.2946941216794734,0.1209351069199836
POLRMT,-0.4619934666529959,0.1209418954871233
ZNF345,0.6361610689581667,0.1210197819127788
ATF7IP2,0.4622419285121797,0.1210404601493276
TMEM11,-0.2446344404361369,0.1210449753499669
APBA1,0.5637597771217653,0.121218716048233
SRD5A2,-0.7707237270031824,0.1213273536753068
KLK12,-0.6569923699705793,0.1213363609633795
MRPS10,-0.243175450207044,0.1213406591184874
KCNMB4,0.3105492217682455,0.1213681819915871
MYL5,0.3797111254191492,0.1215000802319398
CTSK,0.4429522092142672,0.1215771583982503
SLC6A7,-0.4174642071592593,0.1215814287755539
ABCC9,0.4148907547871587,0.1215887128496065
ZNF133,-0.2209799299863668,0.1217457392911974
TTC31,0.1921010926414048,0.1218052325217846
GUCA1A,0.401999793638172,0.1218806731930729
TMEM57,0.2926724506502882,0.1218982226499892
UPF3A,-0.3715764180101337,0.1219039683701716
HCRT,-0.3119888223244249,0.1219102476012973
UBE2E1,0.235477748743639,0.121921349566361
GLTSCR1L,0.2760587309096838,0.121931381472742
HBB,-1.3505618355141582,0.1219478413680193
KRT19,0.7076772444305859,0.121970103124254
DBNDD1,0.4301802441929743,0.1219988323510507
ERVH-6,0.3689818984131299,0.1220685040244849
SERINC3,-0.4090199901170823,0.122069647364031
UBE2Q1,0.1498000714840817,0.122070961215035
CFD,-0.6773995102900106,0.1221477285983106
C19ORF66,0.2476557417603562,0.1221705604761891
ZNF112,0.3664966534823044,0.1222567493694228
MSX1,-0.4620086972173869,0.122319424077529
PITPNM3,-0.2085639284162959,0.1224145254290508
HNRNPF,-0.309372450258941,0.1224531681101893
MRPL44,0.5697284858776523,0.1225027907224479
SEC61B,-0.3658326186573735,0.1225514426497161
MAG,-0.670924398354634,0.1226022651229097
SNX24,0.2195252755249495,0.1227289342414712
C14ORF169,0.2436015866858909,0.1227352219293036
TSPYL1,-0.2705744601966362,0.1228047210308229
CEP131,0.7541208210782067,0.1228058617293067
ZNF609,-0.5284727150140665,0.1228128105940985
SAE1,0.1731696719117632,0.1228654329820202
VASH1,0.5576336718765944,0.1229582310321121
DDX58,0.3072911486680043,0.1231312629836465
ATP2A3,0.8359798454621261,0.123218469261735
VPS8,0.2892764878191904,0.1233218487112569
BACH1,0.4709630976156553,0.1234315363398072
HNRNPUL1,-0.2443764212480026,0.1234943176171226
IDUA,-1.0287638874414071,0.1235237804782259
TMEM255A,-0.7930196607656699,0.1235279018291863
THBS3,0.5426386285195939,0.123608976920015
FAM168A,0.6091300383128235,0.1236235122864813
SDF2L1,0.4672110095039521,0.1236517451048765
SMAD9,-0.54171233083001,0.1237036483409839
GNRHR,1.026735684153924,0.1238014501555546
PIAS3,0.2470680599742181,0.1239263082011905
WARS,0.7225486966736021,0.1240087052846649
DROSHA,0.2134485755061081,0.1241300871670084
ATG101,-0.1938089469091668,0.1241776420581479
TMEM121,-0.5046105257175562,0.1242180951239011
EFCC1,-0.5495316082913559,0.1243473294392195
ETF1,-0.3600230502416135,0.1244148630501949
DEFB1,-0.9103939355021248,0.1244420458845787
BCAS3,0.1701688166189239,0.124469216243128
AP1S2,0.267407175021213,0.1245870676902772
PSMD4,0.6146034684180228,0.1248066507091257
TTLL4,0.9316922748460028,0.1248081813724933
TRMT1L,0.3892128066521971,0.1248512318770933
CHI3L2,0.8388088900454918,0.1249268044579662
LIG4,0.3041576927248659,0.1249493169799303
THOP1,0.4271700745892337,0.1250883016725816
GCNT3,0.7473032785106728,0.1250968461307278
TCTN3,0.1270342354316493,0.1251007825328454
NNT,0.3274724072477788,0.1252124516574066
PRPSAP1,0.2596522319068128,0.1252992008612763
SLC48A1,-0.4210601550014994,0.1253046519489987
PIBF1,0.3263380583961899,0.125320483758296
MAGEA6,0.7100834682352186,0.1254249860918195
CYP17A1,-0.350896026690962,0.1254324563705572
HAND1,-0.4997066270612995,0.1255658529819223
RIN1,0.2276013691388883,0.125616648666501
SNRPD2,0.182450869991122,0.1257123830897356
TNFSF13,0.5193920332919522,0.1258685074435508
TLR1,0.489783593321718,0.1259556574410319
NOC2L,-0.2849911584233258,0.1259794831798442
HRASLS2,-0.5981708508784624,0.12599518949265
DYRK1A,0.4893068190579486,0.1259960440069302
ZKSCAN3,-0.2399921865276404,0.1260032533766702
ZNF529,0.5781582091282091,0.1260061568201033
PFKFB3,-0.6863347873661674,0.1260908188276367
TK1,0.914893167581334,0.126108859563673
NR0B2,0.5160270733674466,0.1261203511616118
SNCA,-0.4435176233500453,0.1261277515618541
PRDX1,0.1998255893722298,0.1261382493506754
ATP13A3,-0.9687588186921046,0.1261825286469825
BTC,-1.0645368904418424,0.1261868395205623
AP4S1,0.2963881671637765,0.1263182945967335
FGFR1OP,0.2727101281876445,0.1263228535193403
IFIT1,0.4745241990511566,0.1263360499330291
AL590762.11,-0.5505557298016841,0.1263539485956745
BCL2L13,-0.1851298457985031,0.1263735403638513
WDR44,0.2721388923030652,0.1263836213558094
RNF38,0.231344699980303,0.126417481157049
HTR1B,-0.8139898394586353,0.126465087564726
GTF3C4,-0.1953873959772103,0.1267263776352565
STON1,-0.6301719336138056,0.1267701947117468
MIR1244-3,-0.2850739104702153,0.126777756479627
RCAN3,-0.8684719071274261,0.126832192014219
SLC35F5,-1.0343276366615086,0.1270311303995331
CDRT1,-0.4361090156615015,0.1270931450589167
NXF1,-0.2784403112603755,0.1270963098083144
OR7E14P,-0.4559911903908062,0.1273250529125744
SH3BGRL3,0.3248360054882848,0.1275949385846565
ZXDC,-0.5121106646786577,0.1276338789654281
MLC1,-0.649979229892744,0.1277018411819289
HMGB3,0.29001520655759,0.1277100516741619
MAPK13,0.5777938626777246,0.127759626830023
CCNL1,-0.6255264497336022,0.1278139683771119
STAT1,-0.9048880244515898,0.1278219523528687
CHD1L,-0.8027570616533692,0.1280095279808746
LYRM4,-0.1637543972848014,0.1281786129521746
METAP1,0.2513658025537975,0.1282073746418856
LPPR2,-0.5545355871629649,0.1283410169864059
RHOG,0.2911988805568075,0.1284153962183985
LNPEP,0.637615308464663,0.1285532897582394
RFXANK,0.259588582254743,0.1286885813981781
AKTIP,0.4553438628852237,0.1287449223822585
LOC100289473,-0.2499021527880565,0.1287465525705046
SHMT1,-0.264443313226792,0.1287605502539614
BMP1,0.6358273567663346,0.1287854476187227
SPTBN4,-0.525803060633284,0.1288803533967693
PJA1,0.2841877041104723,0.1289332271963296
RPS6KA5,0.3269454532454752,0.1290386205970826
MST1L,-0.7812322124553184,0.1291077412932058
UQCR11,-0.2192992243074609,0.1291338712496813
PSMD12,-0.2783903815645292,0.1291528667670237
SLITRK5,0.8580450144425353,0.1292448002242848
TSC1,-0.2275059467822071,0.1292592475337801
H2AFX,-0.55623290325466,0.1292639690268807
SHFM1,0.162887861351983,0.1293390806363687
ZWILCH,0.9209669763857784,0.1293721020802072
RTCB,0.1291812884380743,0.129388758501318
CCDC70,0.8571251344362416,0.1294033668201838
KLK6,-0.6518968805471834,0.1294405597894755
NAA35,-0.2308657608293085,0.1295840999915814
PORCN,-0.3240525931849092,0.1296069710257169
UQCC1,-0.2274046992214931,0.1297689124542844
GPA33,-0.5382130166923007,0.1298465210323969
SEC23IP,0.4847399191928154,0.12991287855051
PHLDA2,-0.4789059569714693,0.1299273265851635
C1ORF116,-0.2894222065452907,0.1299340016267534
PSD4,-0.8605074458921065,0.1299409539037366
HPS6,0.2617008886635865,0.1299436705366406
REST,-0.7695471701378445,0.1300098745734488
RPS27L,0.2555933508807992,0.1300376095790228
RARRES2,0.8873403518869374,0.1301331778774905
SDS,-0.755475463338632,0.1302975428294588
SDHA,0.2864161728226655,0.1303166026581239
DMTN,-0.2286181727469243,0.1303178151394223
PIGF,0.1994939544511318,0.1304466665502761
VAV2,-0.9161806366633148,0.1306559379951649
SGK1,-0.4419628104027122,0.1306893830097917
AQP9,1.4575665186449305,0.1307154543872754
TEF,-0.5610488660136905,0.1307620597567546
MED17,0.2265003653138553,0.1308534633960246
KCNK13,0.8173953939355592,0.1308600600113458
NR1H3,0.4697560616898482,0.1308641347265513
PRG3,-0.3074834359211378,0.1308922592060925
IFRD2,-0.3512316211959199,0.1309033017889157
MYH7,-0.4942815815817329,0.1309155324224458
H6PD,-0.6766644120557359,0.1309214395821169
AMOTL2,-0.3827887566949091,0.1309408840412867
OR7E24,-0.2700483487404028,0.1309484503769303
GALNT2,-0.4149808621612827,0.1309511530969335
TESK2,0.2155030667280257,0.1309783890845257
ALDH5A1,0.9866418951046594,0.1310627209220975
MRPS33,0.2544910482260754,0.1310693679530762
RTF1,-0.2093572922520241,0.1310749516913769
PRSS21,0.8467553162626631,0.1310869973798441
POU2F3,-0.8967029687915553,0.1310926256560259
OR2B2,0.4498072818879892,0.1311070239948927
APPL1,0.337372921760716,0.1311262200548953
AHSP,0.2979797502526384,0.1311410358096327
TTC12,0.8949551441312238,0.1311686101862729
NPBWR2,-0.6826820443119344,0.1311955090456503
FZD6,0.4703816075104301,0.1312538890394629
RPL30,-0.0727559245266817,0.1312931699191524
DOCK9,0.6493109754178903,0.1313204176805006
NRP2,0.841175520520987,0.1314499659285971
AAR2,-0.1080958965892975,0.1314794646957431
ARL15,0.9176769808416516,0.131529166555981
CTBS,0.319399073484039,0.1316174821622702
AKAP12,-0.502804338440459,0.1316448678418528
SUV420H1,0.1207865961964209,0.1316518866920332
RNPEP,0.2072078161698911,0.1318048835565562
RHOT2,-0.4059418425680476,0.1318477755566322
NMB,-0.5237109643333948,0.1320208034355479
SNX16,0.3778208448139892,0.1320728520040793
RNASEL,-0.4286160220987725,0.1320972645312487
NELL2,0.703047984574046,0.1321245203401371
RPL6,-0.1305529212734359,0.1321326140428172
PLXNB1,-0.4804692703998618,0.1323085436360243
RBBP5,-0.4598445147914125,0.1323151015157102
DUSP3,-0.3785936930434044,0.1323869569040906
GOLPH3,0.2532985418738409,0.1323997120510305
CRYGB,0.4667203043649159,0.1324002717325182
RP11-714L20.1,-0.3800646122212514,0.1324005182740912
QSER1,-0.2636496936347825,0.1326229633361116
BCL9,0.3584552599380934,0.1326366887612751
ACTB,-0.2147838233661296,0.132737971936573
BPHL,-0.3228427293706906,0.1328548499709202
CEBPG,-0.2621502588638194,0.1329662775568925
GPR85,0.6594956750581886,0.1329715743489887
VCL,-0.7534621363031464,0.1331809212395371
SP100,0.4740473426816125,0.1332055966809231
KDSR,0.5228448071684284,0.1332498543709224
KDM5D,-1.7496898709075,0.1334141176083375
PHF10,0.1400765772381191,0.1334181847867211
NPPA,-0.2073126306507706,0.1335711805816865
HIST1H2AC,0.6605429176831041,0.1336343136205111
TMEM19,0.2653091893451975,0.1337420251254608
OVOL3,-0.2639638212628359,0.1337488096339662
LIPF,-0.6707580448255586,0.1337513924560232
APOBEC2,-0.1951195134402139,0.1338309450325649
USP33,-0.577011483642381,0.1339038579841975
CCND1,-0.4145088499190814,0.1340212601990572
COLQ,-0.6363430599723321,0.1340665113532017
BAI1,0.6855180174414075,0.1341770683487355
PAOX,0.3590969756529434,0.1341876727623859
ITPKB,0.5052314626065773,0.1343110156306456
VAV3,0.504207842197455,0.1343903404138221
FBXL7,-0.3008465981076629,0.1343951071905215
ZNF702P,0.3472025513099233,0.1344036120686782
LILRB4,0.5632482686329983,0.1344595122245001
C1ORF106,0.4029120352598214,0.1344758557935836
DPF2,0.2415475761362113,0.1344761862209968
MUC5B,0.8406211810701674,0.1344953029468834
ERBB4,-0.7208493201296644,0.134495766364759
LDLR,-0.9753702820994636,0.1347092047614488
FBXO38,-0.911128129969347,0.1347845619076581
PIGL,0.3278957365900314,0.1348330374414232
SMARCA4,-0.5747668371650185,0.1348793787761283
NRSN2,-0.2950430499746161,0.1348794207862299
NEFH,-0.7037680765908858,0.1348922139147164
BASP1,0.4113172292556708,0.1348945355984848
CCDC101,-0.2241578527702543,0.1350168446666747
SYNC,0.3827504425745927,0.1350373153570762
SLC15A3,0.4439908216356478,0.1350484007858063
CDKN2AIP,0.3024348815681605,0.1350783581305186
PBXIP1,1.183580504295734,0.1351876820854706
NFYA,-0.8460051205153727,0.1352207418725021
GCNT2,-0.7812111541050855,0.1352212253628394
OBSL1,0.6751801873200707,0.1353107661392765
PLEKHO2,0.2062962652459958,0.1355602150470238
AHSA1,-0.2061289639468704,0.1355780041857462
NOX5,0.4264567692512111,0.1356202895285185
ORM1,-0.8488464710503085,0.1356444244992797
C1ORF112,0.689657784663182,0.1356565238904978
OR2C1,-0.2436581119053551,0.1357181411074457
RWDD3,0.3585352596332285,0.1358090631473117
CD40,-0.4977794523894436,0.1358769804025161
FAM35A,0.1182446407242139,0.1359289050117297
CRYZL1,0.2659981793298769,0.1359318606767328
ARPC1B,0.2648264071765123,0.1359573735619868
GJA5,-0.7502109928365428,0.1360314475161123
TMEM254,0.3874730708387242,0.1360518628027205
KCNS3,0.4042463517432502,0.1362326360535782
SLC20A2,-0.2634079472373312,0.1363305044170026
UPP1,-0.5069749264111127,0.1365128432039971
GLCE,0.2663453608274899,0.1365228760646788
SCFD1,0.1684416337068786,0.1367223706103427
DUS2,0.5965686987840728,0.136778051847018
PSMD7,-0.1772423642028613,0.1368020557969458
NDRG3,0.7871580530340658,0.1369200873136237
FAM117A,0.399330635730557,0.1369717465049314
RPAP3,0.3075401784715881,0.1369999390767174
DDAH1,-0.328035029126843,0.1370119139329843
PPP2R2B,0.4562326224233537,0.1370891440686626
MAML3,-0.5386864568202894,0.1371641987833796
TRAP1,-0.1720131419198161,0.1371772752190583
RABGAP1,0.4910867053101251,0.137338195079935
COL1A1,1.0905862260799817,0.1373899458985364
TCP11,0.5537667691585915,0.1374750314144487
ZNF232,0.3522062970597766,0.1374813831895182
NUBP1,0.1857945282837469,0.1376461942340249
LRRFIP1,-0.8029417028484023,0.1377766180017086
TMEM106C,0.7561305027638419,0.1377907058750123
TOM1,-0.2809967073740846,0.1378847607002405
UCKL1,-0.2772379081551914,0.1379135413176901
ZNF492,0.3941797415380739,0.1379569564325906
CCR10,0.3539927057133232,0.1379830020387134
RP11-549J18.1,-1.0224293538487266,0.1380293959105564
TP53I3,0.4934209839756196,0.1380385295432406
ZNF675,0.56780373885183,0.1380396474310521
ADCY10,0.6693403045361794,0.1380474977461449
PDYN,0.6393423051136091,0.1382759950529818
RMND5B,0.2847071408032544,0.1383154913664726
AURKC,0.1605168096120355,0.1383323298664433
KPNA3,-0.3045317260959308,0.1383378128573414
RPS6KC1,0.1684876980584295,0.1383631164397646
ZGPAT,0.4710217926579627,0.1383676022947202
TTC37,0.4240394738674249,0.1384707879197598
GUCY2D,0.511116256625817,0.1384847272283086
MTOR,0.6411056094586094,0.1385008293255275
CLEC2B,0.2686745290737473,0.1385267884979058
PDCD1,-0.4036925099018207,0.1385825206321546
PPP6R2,0.232996537565346,0.1386085872051632
DCLRE1C,-0.2307723354894086,0.1386137678111696
ELK2AP,-0.3709272958000591,0.1387236241882649
TMEM131,0.2402150987420874,0.1388777325230526
ITGA3,0.6008611719414247,0.138911164661519
PCNX,-0.7185946736395001,0.1389994129648293
NDUFA5,0.8367910990068079,0.1391578144687844
CSNK1D,0.4165899495131961,0.1392876445606918
DIAPH2,-0.6469254935209987,0.1392892535823049
C2ORF42,0.1520134390356329,0.1393219879231965
RBM12B-AS1,-0.2294449225417183,0.1393522932210652
ARHGAP24,0.2852776876965164,0.1393619414760192
NFE2L1,-0.3120279791246858,0.139389541113647
PBX3,0.2279008979975643,0.1393907470627627
MYOD1,0.3245469164545644,0.1394827485911572
MMD,-0.5124288954498759,0.1396702751429833
STMN1,0.7224444300192436,0.1397600673888874
SMOX,-0.5847926355554982,0.139763557095471
BUB3,0.2405406063248687,0.1397742950833011
PKM,-0.7198311824643371,0.1397786439922162
NXPH4,-0.1981606094049004,0.1398729954248746
TRPM8,-0.6838830611355062,0.1398914948464675
TIMP1,0.2876397107545205,0.1401017467393812
DTWD1,-0.3115037612132951,0.1401735010063533
POU2F2,0.9094385025125672,0.1401982522672188
FAM215A,-0.5932913506182249,0.1402123883509861
KCNC1,0.7074058036289532,0.1403433828379594
RNF41,0.5627189952607434,0.140360432892554
HOXB9,0.4723594299627898,0.1404176124332135
OR2H1,-0.7523189325073902,0.140444531321701
SIGLEC8,-0.6203153258765797,0.1406044869627482
HSPA14,0.2618945879663954,0.1406282872259568
GPATCH4,-0.2052754754594614,0.1406804053225616
UBE2L3,-0.155885243664601,0.1407639875615617
CDK5RAP3,0.3076648894420408,0.140764448563284
STXBP1,-0.3731849802032023,0.1408130168302965
NTSR1,-0.3478332585886305,0.1408717767221415
RRBP1,-0.7883165665991241,0.1409032260539085
STX8,0.2133057837875025,0.1409334642550467
ZCCHC24,-0.3707154612149583,0.1410297125119987
ATP1B1,-0.55922191978798,0.1410784047557517
OS9,-0.187739904969133,0.1411420905166076
NTS,0.9480507018126288,0.1411936114732571
TBC1D2B,-0.4350135729047233,0.1412671868030094
TAB1,0.521161894869568,0.1413520236844677
PSPN,0.4984749431056681,0.1414653124004023
UBE2E3,0.1987217950945314,0.1414783098109642
SEMA6C,-0.533785947943052,0.141481981995512
LRFN4,0.5718761578864404,0.1415014202279327
COX10,-0.2041853975522851,0.1415823572142967
POLD3,0.1674836921304621,0.1416775283086285
LOC100507388,0.4126464489577559,0.1416988772890138
CELA2B,-0.4112625080750298,0.1419805060519912
PIGB,0.1739630397796148,0.1420621521816612
DDAH2,-0.2635837333825819,0.1421688537517192
WRB,0.3281306205560348,0.142190177587397
GAS2L1,-0.8242226556084278,0.1423492246604825
CYBRD1,-0.6735754957755908,0.1425755165753968
PRSS16,0.6031805309199223,0.1427336007405723
SLC12A5,0.5042585974663263,0.1428585416152213
MAN2B1,0.3964944502521916,0.1428969387479216
PAFAH2,0.3143333316804169,0.1430083959499083
ITIH4,-0.5532180480387363,0.1430932263073157
MEX3D,-0.5410636096331638,0.1430956699833485
CNKSR1,-0.5120119608630773,0.1431351582074555
FZD3,0.2983501832445343,0.143156413459568
CCDC19,-0.3005002493057249,0.1431952552074874
ELF4,0.6682880420964628,0.1432016385404609
DESI1,0.3255117319997733,0.1433309006530672
RNF219,0.3138441830881255,0.1433659983972857
NPAS3,-0.7419343456326408,0.1433683813679626
GSTT1,1.39336190738954,0.1434476104069003
CPN2,0.6706104237787027,0.1435882236990955
KCTD5,0.2993018973118886,0.1436191572660317
CYP4F11,-0.3968942156505846,0.1436552441991283
POLR3C,-0.2429749714289002,0.1436702127133724
PARD6A,-0.3159819298635256,0.1437564519125609
EIF1B,-0.2776700256741033,0.1438906858137675
PPP3CA,-0.1773092355983632,0.1439117867784058
TPGS2,0.627837475140514,0.1439141642156929
ZBTB11,0.3454437753180439,0.1439195111096178
PIEZO2,0.6225662626891708,0.1439694316070933
FHL3,-0.2294666504863878,0.1439798813197662
TRPM4,0.957571671999637,0.1439876379709527
PI4KB,-0.1964732089055552,0.1441494981305029
PID1,-0.465689524532296,0.1441687539062147
ATG10,0.2790040316446669,0.1442182561556997
SEPT11,-0.5803671025472381,0.1442295140918509
RPS24,-0.0695281195587629,0.1445335671696903
CPNE1,-0.3212235758955586,0.144539038714592
MLANA,0.7948709008997961,0.1445596849333003
ENDOU,-0.4937725311567327,0.1445782855993488
ZBTB22,0.3234491033715656,0.1445910181376077
HLA-DRB4,2.408337899492029,0.1446045076718458
NRXN1,-0.9480226969251442,0.1446197663953745
N4BP2L2-IT2,-0.4283456305821245,0.1446449804134833
CHSY1,-0.3969168146435091,0.1446572063063221
RALYL,0.439648865853754,0.1446698539660204
CYP3A43,-0.6648783802919236,0.1449695408842866
HS3ST3B1,0.4687284348857519,0.1450000996773493
ISCU,0.2370651363601474,0.1450546430126842
RELB,0.4012866529067622,0.1451743223870622
ITGAX,1.0006805707349873,0.1452467282208514
CSRNP3,-0.7382512945265978,0.1453256146295553
UBE2W,-0.2850050871214113,0.1453515072249906
TNFRSF1A,-0.2933243619740597,0.1454606592229058
OSGIN1,-0.5376122212139229,0.1455711747122659
PLCB1,-0.8540723574975546,0.1455916252126564
DDB1,0.1478787013509919,0.1455963492153434
SLC35G2,-0.3931483442691466,0.1456134718542287
CYBB,0.5873451221020805,0.1457193749722761
TCN2,-0.3276383376645508,0.1457501512436621
UQCRC1,0.2460216688023369,0.1457794281933137
CCT4,0.1638808776452887,0.1457815561831291
TRIM31,0.3877252952339622,0.1458004819649995
MRPL13,0.3086622720070107,0.1458139392376295
SLC28A1,0.5026018068283555,0.1458567004807987
PIK3CA,0.258259810232234,0.1459232702830551
WNK1,-0.4719172196996926,0.1460057008154449
DOLK,0.1800044851571343,0.1460394712958838
MSMB,-0.8337190714867053,0.146107352034185
S100A13,-0.340563857714363,0.1461518729313454
MT4,-0.5590267845922545,0.146363759850184
AC012065.7,0.4873429209730338,0.1463921783447645
RERGL,-1.3586187907111604,0.1463993014254384
CDKAL1,-0.8449480890765759,0.1465001427186471
COL5A1,0.8482146091861313,0.1465361380975031
KCTD13,-0.3123341584365908,0.1466509462200936
F13A1,0.8352935962252364,0.1466812000754071
NUDT1,0.934772030831911,0.1467228055503811
GOLGA6A,0.8464360174623939,0.1467770905681356
RP1-8B22.1,1.1518094575322535,0.1469749477063552
FASN,-0.7453279339990577,0.1470269627716114
CLPTM1,-0.1995717094100495,0.147028668089658
TSC2,-0.6024699678789709,0.1470945809861966
KCNQ1,0.3893730134442927,0.1470986876085306
C11ORF16,-0.4587137141245527,0.1472329895688666
SLIRP,-0.1921907217151819,0.1473897912696949
RASL11B,0.3871402873132972,0.1473971419851053
AGPAT3,-0.276771164604046,0.147398553391691
PIN1P1,-0.5454693351068443,0.147410892434087
LOC440792,-0.4520997220307423,0.1474275597269209
DCC,0.4783603485485086,0.1474311243366437
LENEP,0.5792917902499433,0.1475124681988457
GDF3,-0.4666927308212472,0.1475626204562269
NMT1,-0.2637340588657046,0.1476985508615697
GOLGA7,0.1236329504175319,0.1477447982997467
CCDC53,0.3198116120528986,0.1478175434234994
PSMD6,0.163598366781299,0.1478762430529171
TCEA2,-0.4250613003848436,0.1479167123054262
RCVRN,-0.4951506555323215,0.1479352531719425
THBS2,0.520520275135798,0.1479412490020505
TUBB7P,0.2974326519536663,0.1479823851923716
ODF1,0.3271790824858538,0.1482155907803875
EPB41L2,-0.3442182539174947,0.1482368573462703
CRYGC,-0.5143235277249598,0.1482461004195055
TLN2,-0.4703331988652719,0.1483607319722163
CACNB4,-0.454114374191799,0.1483638203634202
OSER1,0.2068151748340003,0.1484669829738835
MAP3K19,0.3829935212787632,0.1485701713448323
ATP13A1,-0.1550965627289393,0.1485769761018362
PTPRG,-0.2835630010605268,0.1486987953651906
VEZT,-0.4344968949045089,0.1487202950078724
OTOF,0.4436680024181205,0.1487470810916786
PDE4B,-0.7211356782688334,0.1487615492901234
NDUFB5,0.3074021210066764,0.1487822113229106
CCDC134,-0.4908523534159839,0.1488763870990986
FASTKD1,0.255645677666994,0.1489512879086632
TRIM45,-0.3285497235245929,0.148956940370752
DNAJC4,-0.383593632336713,0.1490114702733433
TRABD,-0.3385892577874969,0.1490944320180612
GPATCH1,0.2979201189781895,0.1492024401434607
PCTP,0.3172654513102309,0.1492697933653839
RRP9,-0.4667476703220465,0.1493402240339953
ECHDC1,-0.2059052186038386,0.1494511467852113
SHANK1,0.5550704230020074,0.1495172038653768
TRMT44,0.6685255986323515,0.1495704190703195
FGF3,-0.342471442508244,0.1496299316783748
NUDC,-0.3222807344230021,0.1496412446804061
PCDHB3,-0.9576554364029296,0.1496840629682373
CC2D1A,0.6085721259993679,0.1496925646691838
EXT2,0.1839562971767954,0.1496983491877762
AKAP5,0.7784461123014275,0.1498286478211212
WFDC1,0.7942877924712679,0.1498725147426954
PLEKHA6,-0.5921430101668244,0.1499799912569098
TMEM45A,0.356198242025453,0.150130609881199
MGST2,0.3121055897861939,0.1501707703235467
PLLP,0.3320871189924173,0.1501857519915905
HIST1H1A,0.3646659959355101,0.1503270010545078
RNF138,0.2167606174226364,0.1503819747764751
TRAF2,0.3977714353824666,0.1504225733663462
TRIO,-0.6392924367336317,0.1505684050879631
ZNF614,-0.5793617158947999,0.1505752849835886
CUTA,0.2349581345372833,0.1506502346529422
SMYD3,0.3579911887204456,0.1506698742857411
SLC39A2,0.4707554161087852,0.1507667993226979
SLC22A5,-0.1858607505073966,0.1508269120661858
ITPA,0.1508334971656122,0.1510655043341983
RGS10,-0.6753574126499764,0.1511062533082329
NOL8,0.2281537100152242,0.1511956804368733
SLC38A1,0.5085199590920944,0.1513590047541927
OXT,-0.534328493976469,0.1513751106113414
ELP6,0.5644152802903823,0.151521414644437
ENTPD1-AS1,0.155303839698921,0.15162970726023
CLCC1,0.3160549046509366,0.1517256250976031
TOP2B,0.24000558442156,0.1517366482674488
FTSJ1,0.2616509885769194,0.151766021792767
PTPRN,-0.3028269662316951,0.1518372572346506
ZNF592,-0.2509057020601402,0.1518484846100645
PRDM1,0.6085422155934799,0.1518759802086676
AOC3,-0.727391352239243,0.1519535111761887
KCTD12,-0.3160371985852084,0.152064905507195
DDX49,-0.3995987018880846,0.1521837981514067
LINC01278,-0.5689426900682797,0.1522728702203041
LETMD1,0.2399104945141772,0.15227780757713
MCM3AP,-0.492152862876134,0.1523236205189869
FAM46A,-0.2515230622966289,0.152370268142677
TTC1,0.1732449190957403,0.1524018548036391
SEC14L4,-0.4599541478215236,0.1524841432049173
TTPAL,-0.2348133785863577,0.1524935394250345
ZDHHC24,0.2487226155535484,0.1525414815036126
CENPI,0.7230025708683021,0.1526163589819909
C11ORF68,0.2901683627661668,0.1526992965724853
TMEM8A,0.2913147957219948,0.1528294967407402
NMRK2,0.8203665698794076,0.1528665001575028
MXI1,0.2936143956094064,0.1529079500332781
CYP11A1,0.4285597564170302,0.1529279573096034
PSMC3,-0.3175166102007285,0.1529575360605616
BLOC1S1,-0.2533686246980444,0.1529826707205079
ETV4,-0.6572276601237155,0.1530172354441383
LGALS14,0.212167805337315,0.1531362117225496
CYB5R2,0.3608142194379811,0.1532049943220783
LY6H,-0.3904612194148855,0.1533132578071741
ICE1,0.171729476312505,0.1533247509320015
COL3A1,0.5049435540480154,0.1534642163868533
C6ORF10,0.7256098159671422,0.1536585720154427
PTPN2,1.209212977833395,0.1536655525948271
F2,-0.3102248226147313,0.153712187501763
FBXO40,0.6023138778923989,0.1538662773089029
LAGE3,-0.1991648010248585,0.1539312282210181
MEF2C,-0.5040122542699548,0.1539553847230598
PPP1R3D,-0.6448278789435786,0.1539958480953166
TIAM2,0.3773157314577267,0.1540207613742025
INF2,-0.28845734662446,0.1540847665655895
HBS1L,-0.5927938958306331,0.1541650042208519
PARP2,0.2626379437294526,0.1542004778426261
CCR1,0.3917078031899912,0.1542807262165708
GRAMD1C,0.7577543335271582,0.1543680021516094
TSPAN8,-0.7306148706237705,0.1544523103802142
LFNG,-0.6875369081244287,0.1545916757377899
MBD5,0.2901930850116549,0.1546927904497127
RFK,0.2665211370349514,0.1547391647708758
ZNF557,0.6497685834404523,0.1547497070367069
KLHL28,-0.5972828115536126,0.1547818372909956
GPR32,0.6166400805242853,0.154843442210183
SIRT5,0.6695678158159097,0.1549156519104517
SOD1,0.1455633983560567,0.1549765411561767
ERGIC3,0.384643045213878,0.1551991640522964
CCDC109B,0.2823311673698256,0.1552393229518395
CENPN,0.6508822145367263,0.1553130874235984
ZCCHC14,-0.7141220013448923,0.1555720098698614
IRS4,0.3368492133636236,0.1555851638661899
ZBP1,0.5861936201502056,0.1556036351917732
ZNF45,0.241988334447722,0.1558354143728426
COPE,-0.6629190921232508,0.1558461365579619
SEZ6L,0.3416381279622653,0.155973738367024
TIE1,0.5864815238180832,0.1561338741733377
IDH3G,-0.2331542892678335,0.1563239979747081
SLPI,-0.7465485534615617,0.1563328300919585
SPTAN1,-0.8819985949218019,0.1563514012608653
CRMP1,-0.2245666380803284,0.1565037162998001
MNT,-0.2370691288599715,0.15654247894465
SLC4A3,-0.2557606440518825,0.1565458113526118
CGRRF1,-0.1119577428104463,0.1565593706491653
PHC2,-0.3300476852349732,0.1565778212939517
HSP90AB1,-0.3042074094746905,0.1566234202681006
ADRM1,-0.1842438249411344,0.1566839906076787
C8ORF33,-0.3201308896677091,0.1567464795891076
NSMAF,-0.1902143148919606,0.1567927000708945
PEF1,0.1974863631791752,0.1568045567381921
IPO4,-0.5718500527137911,0.1568107159203063
GPR64,-0.7809027962460569,0.1568837112906774
GNB3,-0.1355586358102991,0.1569519172043184
NUDT4,-0.7990113986530338,0.1569577934284241
FAM134B,0.6977942160500881,0.1570933103890311
NBAS,0.1800454343134507,0.1570957842435032
GLRA1,0.5133332368268295,0.1572429455294489
DCAF17,-0.3202705457046519,0.157282810215711
ANKEF1,0.7416878203922361,0.1573855801145504
LAMA2,0.9716093546588755,0.1574738902952417
WDFY3,0.1811936304074635,0.1575331786635933
ACOT7,0.632830288656951,0.1576194784790593
PRDM8,-0.2433374269037367,0.1577156277697629
PFDN4,0.6426362003560007,0.157721530784035
FASTKD3,0.3754070468199373,0.1578496898226307
SIRPA,0.211573523794847,0.157873667296254
REPIN1,-0.2035937894281296,0.1580205404983696
SIL1,0.5003225669930185,0.1580872999834296
FADD,0.3087223832544463,0.15813847641084
SPTB,-0.4422965169252002,0.1583342967658098
SLC13A4,-0.5909684561030426,0.1583535663298869
MYBPC1,0.3641471498420108,0.1585294496251682
HOXB2,0.4368849128259686,0.1585312237404556
AES,-0.2419247967869058,0.1586112906287553
GLUD1,0.164598445055061,0.1586286886760884
SERPIND1,-0.8547835977691247,0.158708466456196
CAPN9,-0.5308821327246358,0.1587271923873917
COCH,0.8601754596491693,0.1587284631610779
C12ORF5,0.3287142497713144,0.1587391292967643
PCDHGC3,0.6572916365486945,0.1588787579368136
SNX3,-0.2271133338081306,0.1589029318993179
PCMTD2,0.3449885607568106,0.1589397703006418
BAALC,0.5934412191166354,0.1590160228268064
COL5A2,0.4535485497283584,0.1591304290757265
IFT81,0.6356464196387179,0.1591698799632319
HOXC8,-0.599468048271242,0.1591752324051511
DMP1,0.6875379214007444,0.1591909385921418
ZNF197,-0.1913846253169664,0.1592582262576965
SLC2A4RG,-0.2566196473727391,0.1594116095771626
NKIRAS2,-0.1987085664327832,0.1594851426552791
CPD,0.7063603973258799,0.1595737995536774
CUX2,0.7573634270025709,0.1596326510490164
RP11-496I2.2,0.6158025215052128,0.159767786448336
LEFTY1,-0.2487551891051787,0.160021379011909
CDKN3,0.3592851007326754,0.1600521065681728
SPAG7,0.170304274724419,0.1601308118444311
SPTLC3,-0.938239942587724,0.1601395447928784
TOX3,-1.2210733716564306,0.1602359239619928
NUDT13,0.2555368819472399,0.1602639527425967
IL18BP,0.4853738092605963,0.1602753448301132
TESPA1,0.3377459377792933,0.1603387883457767
RPS6KA3,0.3256472677267776,0.160564070530878
PECAM1,0.4094674111131002,0.160568300083815
GPATCH3,-0.19091381675819,0.1607463922844204
LIPE,-1.2448621241203617,0.1607565422556809
PIP4K2C,0.2566988954795839,0.1607871918052915
RPS11,0.5021331248662957,0.1608135854786597
ZNF329,0.505535073173287,0.160905848236962
PTOV1,-0.3489255105055555,0.161028664187784
ELOVL6,0.3095897576790136,0.1611410988517637
STOM,-0.9431850666156908,0.1613416334652212
PRIM1,0.6297601343805486,0.1614307852652735
DYRK4,0.3341771432836378,0.1615426984626792
HOPX,0.5239188728594595,0.1615683551188068
SSX1,-0.493962340516914,0.161568691670241
NXT2,0.3587049542537555,0.1616912476166836
CAMKMT,-0.250383987445165,0.1617044572216612
NTAN1,0.2737355908963561,0.1618285039371844
ATOX1,0.2556242804849269,0.1619101043037333
PIGZ,-0.3096420189357722,0.1619135777643924
MKL2,-0.3813639317041453,0.1619215791474864
HTR6,-0.3082353367470638,0.1619411959241628
EIF2B2,0.1995193395271961,0.1619743605534049
TIMP4,-0.97736373951828,0.1619771242565734
WDR83OS,-0.1593377495611996,0.1621430871389935
KCNJ9,-0.6113727821747474,0.1622469040039485
HRK,-1.07004581999144,0.1623501879887415
CHEK1,0.3889757594836736,0.1623599276899256
TRIM9,0.5495007086739898,0.1623810505698777
TRPM1,0.7865016403343303,0.1624002219941535
KLF1,-0.2254491769004154,0.1626040006363645
TEC,0.1896204144199504,0.1627076413718554
NAMPT,-0.7017479223614025,0.1627479289419802
OTOR,0.4265680379300738,0.1627977530484344
ARHGDIG,-0.374059180120617,0.1629278002767699
SCAPER,0.3615466926934125,0.1629290815015295
PLIN2,-0.4589300513932297,0.1629482530321045
E2F5,0.7250508813682588,0.1629575364954219
IFNB1,-0.283089627686869,0.1629888077791907
CCNL2,-0.5113772375988876,0.1631975577933095
LOC728392,0.3428871072553452,0.1632237140901575
ROCK1,0.2667205739032035,0.1634572382815883
MMP12,0.6003284596312177,0.163519087746912
CNOT8,-0.2921553926413951,0.1635340923387235
IRF1,0.5049404141664287,0.1636897145295235
ALG13,-0.5798654153968528,0.1637317186956505
GPAA1,0.2574323000995662,0.1637935111988847
ZNF227,0.2569392624575553,0.1638173666932676
SCGB2A1,0.3893011581836532,0.1638516005026939
SERPINC1,-0.2072922723077357,0.1639925743962088
IFIT2,0.2624768141907729,0.1640100149199525
SSTR5,-0.3766227962437396,0.1640803030274252
PRPH2,-0.3364083037556655,0.1641024525495246
ZNF665,-0.1792009565994838,0.1641325296608689
IMP3,0.2271143971962033,0.1641845906054238
MRGBP,0.3320050138998915,0.1641874417732276
WDR96,-0.2756667766908436,0.1643028832061606
ELAC2,0.5772426972444213,0.1643380782804818
LHX2,0.7801452837425265,0.1643399135470083
SLC39A1,-0.2077353023306809,0.1644143803520878
TMEM212,-0.3741003032018657,0.164477904128637
CLK1,-0.3326406401480852,0.1648958107434773
PPP1R7,0.255578311467791,0.164938039261192
ACHE,0.5268201299025348,0.1650379274904893
PPP2R2D,0.8604339856009551,0.1650960028472503
CRIP1,0.6083754060974922,0.1651247133237268
AMFR,0.4756895854101604,0.1651778979496516
DKK3,0.7790057579382985,0.1652237331616312
HHIPL2,0.340411893178393,0.1655316505001436
DKK4,-0.4402772262176397,0.1655576459476622
API5,0.4829273078856051,0.1655632259234433
MOCS2,0.3221213535297629,0.1656600981468285
NDUFAB1,-0.1263305561723413,0.1659796761389358
MOB1A,0.2812571237780545,0.1660313313851218
KIF17,-0.6466802417232875,0.1663192309378096
HTR1E,0.8483147294451614,0.1663458478125169
PRO1483,0.4077277656170248,0.1664253447523793
PLXNC1,1.111450225552594,0.1664631791906927
NDST2,0.2035692487212284,0.1664752216433983
CPSF7,-0.1438492980241932,0.1666826452025431
RAD54B,0.3975465258778614,0.1667415568141622
AGR2,0.2893968225536101,0.1668688764127357
RCL1,-0.1911420050583139,0.1668897155993163
RUFY2,-0.7884537438503489,0.1668952107236916
BAZ2A,0.8698321020027846,0.1669439701091997
APOBEC3F,0.5967030149423094,0.1669712422505668
SLC43A1,0.2448510459803685,0.1670850884377076
BCAM,-0.5077812315881864,0.1670932431116854
CREB1,0.3296789528291235,0.1673378413563816
RP11-15P13.1,-0.8837035090210317,0.1674136474239484
CLCA4,0.7014952074797218,0.1674572630339109
SERPINA1,0.8417948962821828,0.1674623346031121
CCR9,0.537092762670782,0.1674648101487399
VEGFA,-0.8965114076104825,0.167598670979529
KCNA5,0.9236176512256282,0.1679862180292664
PIK3CG,0.7237568446026028,0.1682476690437578
KSR1,-0.6281570624514794,0.1682583940816359
CD69,0.7116708137021908,0.1684429106471939
PAX6,0.4568670568424249,0.1684553050830175
ATP7B,0.2996751505043171,0.1685109034698826
SOX3,0.7603063952351237,0.1685625182927312
DIEXF,0.2814018234881974,0.1685757209913067
CHD7,-0.8605601528164928,0.1686563273234611
PIK3IP1,0.5538371918070837,0.1687018947407493
FKBP1B,0.3850738400364353,0.1688409376100018
ATP1B3,-0.2269270412952835,0.1688611402989458
NMU,0.7553976896800894,0.1692326973127985
SLC41A3,-0.2064063194003313,0.1692883640778019
SPAG8,0.2983633253607918,0.1694591981494157
TMEM180,0.3416643879749585,0.1696469266982076
SSX2IP,0.678795960239647,0.169966079771703
CACNA2D2,0.4780590482502029,0.1700191199544153
ASB8,0.2831500005928982,0.1700193240883244
TP53TG5,0.2698298850010534,0.1700637328098544
OR1D5,0.7688821187560575,0.1701533828216937
SLC6A2,0.9177558288877452,0.1702009558938587
CDH22,-0.6104177961799646,0.1703618509463309
USP9Y,-1.2658996774601476,0.1705210257288687
SCPEP1,0.2983641089946811,0.170683070499989
ESPN,-0.5448784081401925,0.1707811497855698
PRMT2,-0.6776731878266418,0.1708354179463225
ZNF688,-0.704942321795456,0.1708644264352917
CD320,-0.5032538734156802,0.1709311290710691
PCGF1,0.5062528800049106,0.1709607407038721
CDC42EP2,-0.9079341801666434,0.1710302526368045
SPARCL1,-0.1810764111835716,0.171060215003542
HMBOX1,0.3659611766212887,0.1710853515732311
NUP214,0.2317947485729892,0.1711291888972701
ABO,0.6142830968055817,0.1711922726195255
IL11RA,-0.3658389726122859,0.1712280394093826
ADRBK2,0.2666128254876287,0.1712928583766189
DESI2,-0.6467810247225163,0.1714747242113652
KDELR2,-0.1847539723753666,0.1715308998266826
ALOX12B,-0.390271877010893,0.1717463861376233
PRRG2,-0.4171052539900186,0.1718715245877241
COPZ2,-0.2978642759974406,0.171899158667826
CEMIP,0.9481543838674328,0.1721700896978443
NXT1,-0.3633006928329472,0.1722472428133649
CEP152,-0.6803379776351228,0.1722570471520496
SIGLEC15,-0.4411831396972596,0.1723479392206056
PHLPP1,-0.8285404543341106,0.1725225471699731
PIN4,0.1888752282910832,0.1727116277864738
PDZRN4,-0.4252733312187651,0.1727731988857179
KRT19P2,-0.3499983841753784,0.1729462359970455
PTGDR,0.4178804012814909,0.1729678014080135
TMEM59,0.1549183923455288,0.1729831979519143
PRKACG,-0.5512845782150846,0.1729881284974797
ING4,0.7385627076328625,0.1731295332860944
BCAP29,0.2365765984783161,0.1731357953169022
RAPGEF5,0.4494602790282682,0.1731416523897178
ZAK,-0.3831403924809589,0.1733348158655653
TMEM176B,0.3477545568332942,0.1733837379631963
ST3GAL1,-0.3357470816285346,0.1734447258798309
ANKFY1,-0.2212195750260974,0.1734938106783703
FBXO5,0.4470073123990135,0.173512242823067
U2AF2,-0.4814371972720508,0.1736322490758618
ABHD3,0.3809188296760251,0.17363881481958
FARSA,-0.3803360220375555,0.1737802276980272
ATP2B4,0.2738118730002803,0.1738766187022164
TBX19,0.5423729822383621,0.1739173184369237
OR2J3,-0.6215603287002875,0.173952414212859
MCHR1,0.6437701004729508,0.1740016973447427
THYN1,0.3541753887404333,0.1741652881895007
PRMT1,-0.2227696172374784,0.1741937791436583
KCTD17,0.5512006513784664,0.1742360674565614
GIGYF2,-0.1156073369506849,0.174348742368537
G6PC2,-0.2365528943383203,0.1743955688092908
TOP3A,-0.7608308057446633,0.1744091648473188
ZNF419,-0.1416519050202609,0.1744363455553004
DAAM1,0.351402139593695,0.1745141911530809
FMO4,0.1975949143364168,0.1746112571652736
GBX1,0.2754009959322632,0.1746194713878404
CDK8,0.3058486008774776,0.1746556161858725
BZW2,-0.3058809313557376,0.1747155819887803
FRY,0.4338976963528544,0.174753229046016
DPEP2,1.2139750126678424,0.1749830323805447
TRIP11,0.466374228000828,0.1749952476772241
ZEB2,-0.3638566365716542,0.1750683106699107
CA14,0.3586470549036953,0.1751251187848796
TAS2R1,-0.370158860634854,0.1754553693764122
SLC18A1,-0.5439472973644959,0.175476077947868
IKBKE,0.2789312586713635,0.1755003248560016
CDC42EP3,0.5307867618057012,0.1755004293954616
CALML5,0.6242879433804003,0.1756480311138279
GYG1,0.143986318227693,0.1756487895312438
SLC12A4,-0.5541622028333446,0.1756745545194494
NPEPL1,-0.3853853781510832,0.1757461494635069
ZNF33B,0.4631264812673921,0.1758409227667318
AC004941.5,-0.623617178524408,0.1759993892242982
PRDM11,-0.3494759686873934,0.1761016574239504
SMG7-AS1,0.7120514197349692,0.1761081645579483
ZNF593,-0.441784371176622,0.1762802434452061
SLC3A1,0.5258928569904482,0.1764901769479996
TAS2R16,0.1722293242718535,0.1765408472046698
TTC40,0.7252474114984575,0.1765511100440717
KRT83,-0.380201550517472,0.1765794434716952
TXLNA,-0.1527312902618867,0.1765977014748406
NDUFA7,0.5499606071725571,0.1766143288408673
PSD,-0.3946181835072071,0.1767121827459877
MEF2A,-0.3179470304113918,0.1767176224917857
CIITA,-0.7659729753711515,0.1767276115503276
KLHL2,-0.2754279229573857,0.1767334858890583
IFIT5,0.227327145074339,0.176779071602016
EVI2A,0.4290367594861166,0.1768461161488732
TPT1P8,-0.2675012895761846,0.1768578960920928
ALDH3A1,-0.4461928874696967,0.1768862194555541
VAMP3,-0.3190002412221755,0.1770764572818839
RASSF7,0.5602460583511126,0.1771359343434491
LTF,0.937233344858921,0.1771612437326662
ALDH7A1,-0.5702234382078704,0.1772538685641403
R3HDM2,-0.1801167205225802,0.1774106801387376
NDUFB1,0.1949158109568998,0.1776149574395796
ZNF304,0.2247575323614592,0.1776509910415545
PIDD1,-0.3795690426109219,0.17767805103248
RUNX1T1,-1.074944094298608,0.1776929777541142
SLC25A14,0.525059350006817,0.1779207402358018
LAMA1,0.4945510454112307,0.177983527368639
INSRR,-0.3345759651235376,0.1780031838393443
MRPL24,-0.1632389778716056,0.1780424565456621
PDCD10,0.3014616056724044,0.1781382812672014
ERV3-2,-0.4026832553759369,0.1781743877089767
GSTA1,-0.4892843190338878,0.1781807499297223
USP19,-0.2283710286906686,0.1783430057270437
CAMSAP1,-0.7610818216179265,0.1783527037621941
CDCA3,0.5917603939858811,0.1784942652437783
METTL17,0.2716122661200213,0.1786267290620437
SNPH,-0.4639635986266306,0.1786902601996417
ASB4,0.7028329321995068,0.1786964161882773
EIF3H,0.1638235677379551,0.1786981666540403
ARCN1,-0.1195695523546067,0.1788222343870595
HPSE2,-0.2785244997505036,0.1788441677606646
THOC5,-0.4679505742568555,0.1789527775956926
DPY19L4,0.2775769645686736,0.1789829339479531
GPC4,0.8180603454554678,0.1790638917965704
PRKG1,-0.8055726238468193,0.1790856590938485
PAX3,0.5574381267117912,0.1791228420442578
PSTPIP1,0.3329721735220481,0.1792936727323043
SLC5A3,0.3933761016731125,0.1795167693976315
AOC2,-0.4932701393959187,0.1796089766518086
KPNA4,-0.3895874712611364,0.1796269640810599
HTN3,-0.549279767710007,0.1797017212501514
ARTN,-0.5676560425255941,0.1797236181562217
SLC35B1,0.2476321622192099,0.179771993121399
SERPINA6,0.5233930988451592,0.1798484739255157
CPT2,0.7560550073514847,0.1798579708001029
ATG12,0.4512431862457084,0.1798659293759767
REG1A,0.6350606472260973,0.1798879893919779
RFPL1,-0.6279775563274961,0.1799241567190516
ENTPD6,0.1726001691127265,0.1799414775450862
RHOQ,-0.4271338692867701,0.1799846696441958
SOX10,0.4654738585972069,0.1800784357969599
PXMP4,-0.1349280591534256,0.1801285085849513
COQ3,0.1624756286415367,0.1802686281464907
SPG20,-0.5268356116179547,0.1803249190975221
FSCN1,-0.4998559699729252,0.1804040747726571
PTDSS1,0.1547281547659658,0.1805506110003101
SNAPC4,0.4973663156981196,0.1805917939107632
GPR132,-0.488655367125947,0.1806073596266434
B4GALT5,-0.3312038863217257,0.1807018192434261
RP11-654A16.3,-0.2673607199467522,0.1807103351011998
PTGS2,-0.8448794008534319,0.1808495574382174
FTSJ3,-0.1565067929953425,0.1809200561657839
CELP,-0.3884015557621012,0.1811112055926937
ADAP1,0.8292789864129553,0.1812607519214049
DKFZP434A062,-0.4449408857397596,0.1812812310164079
ATXN7L1,0.5220967157567067,0.1814811792637478
EXOG,0.7360323773101705,0.1816119586692916
DISC1,0.3482794457149252,0.1816235567469674
CINP,0.4364996386073514,0.1816610263996301
TAZ,0.3798284937116603,0.181743799173481
TNC,-1.3628231219091482,0.181896408921504
GPBP1L1,0.1329743907641454,0.1819733900881423
NID2,0.7282449221436895,0.1820087357665809
SDC3,0.7000872755520984,0.182067724587165
IRX4,0.59748167568564,0.1821706788395413
PLAU,-0.7352430845249316,0.1822165169421903
BET1,0.2252341197932086,0.1822636705575241
TNFAIP6,0.7316181647293476,0.182387928082444
CFH,-0.3904352456151674,0.1824075385006652
LOC399491,-0.3797256951048915,0.1824221585771136
HSD17B6,0.6562164389222018,0.1824356811959757
CDH16,-0.5224800906133136,0.1825002393595526
PP13,-0.6064930042280201,0.182570108415414
CMPK1,0.2057729256957703,0.1825849911455497
FCRL2,0.6758532409106985,0.1826032375958988
ANXA4,0.2812283886792297,0.1826167700342084
PPEF2,0.4838554918902882,0.1826602038041132
SPATS2L,-0.3075907523687666,0.1826947667527685
PSMA4,0.1503752510266505,0.1827241662586087
SERINC5,-0.3441778412808727,0.1827305225966392
GPN1,0.2746335385583691,0.1827640061135255
CKAP4,-0.2250427532599506,0.1827797682705572
CPB1,0.3104351094091404,0.1829596168125486
GGNBP2,0.1843705022283135,0.183067020408876
SNW1,-0.1683149036397679,0.1832564009466545
SELL,0.8568317524102014,0.1832876392294001
PAPOLG,0.3139653941982736,0.1833789596125988
FASTK,0.4041904633047117,0.18348895242077
UBE3A,-0.3704214366697691,0.1835303254035493
RNF185-AS1,-0.4384765821375032,0.1835697821564737
RAB3B,-0.4379550011038988,0.1835946435050698
ACOT13,0.2125318436065715,0.1835982122887493
GDNF,-0.5599690702406201,0.1836459010734232
TRANK1,0.2373933364409808,0.1836629830546347
NQO2,0.4037806318710952,0.1837160523556087
IL3RA,-0.7727059274690014,0.1838700439431348
C6ORF120,0.2220354055982234,0.183961930207005
YOD1,0.2480260405650121,0.1839969366832107
SLC14A1,0.5124186241059112,0.1840029683537262
PMS1,0.2826537467019197,0.1841114871679597
HIST1H2BL,0.4576640601900514,0.1842190500299584
BCMO1,0.5294607312464894,0.184240944505087
EZH1,0.5895257285807456,0.1842999475905548
LTK,-0.4425027808380406,0.1843596793404523
UTS2,0.6105595057849804,0.1843903550764152
VAMP2,-0.4204413941713518,0.1844058685000872
MFF,0.2517232261027686,0.1845091946361102
WNT8B,-0.20878938909948,0.184530846822904
STMN3,-0.7710941132875639,0.184566165894218
MSL2,-0.2167466515090321,0.184589840487322
ANXA2P3,0.372421564578242,0.1845940947061513
RP11-79P5.2,-0.2516140349970919,0.1846942420304692
PDLIM1,0.2969785561820242,0.1847619718184482
C2CD2L,0.4510945479683337,0.1848497121587059
C1R,0.2420832734972169,0.1849155683781068
ANKMY2,0.4124598224088291,0.1849632901309856
SLN,0.4203083473069835,0.1849656793239266
GYPC,-0.350019395628232,0.1851094375471484
CD207,0.544436469093684,0.1853008873569117
CSNK1A1,0.7158444777328654,0.1854124112424247
ADSL,-0.1950102639801887,0.1854316498702188
UGCG,-0.4174087401478541,0.1855067222869914
ZC4H2,0.444682671439522,0.1855283000956957
CAPZA1,-0.2239686992274538,0.1855866758065154
RNF44,0.2007844720362932,0.1855988899444588
NUP93,0.2581813421698768,0.1858214301542587
REXO4,0.2542736389484865,0.1858354727364669
LRIG1,-0.3310725254409856,0.185863271940128
CNOT4,-0.6325578428435259,0.185925813993131
CLN6,0.5067295213137832,0.1859781251707426
GLG1,-0.3257706382374365,0.1862315626376519
BCL2A1,1.0006945106839351,0.1862766995747726
ZNF692,-0.2769771885901448,0.1863291937525685
PMS2P8,-0.220815742490962,0.1863839554772146
ZNF500,-0.4278863174573342,0.1864780451205112
RAB22A,0.1864259280832456,0.1864805165339711
BNIP1,0.5761378848030958,0.1865019141717258
PPP1CB,-0.4980775715582606,0.1866723289070277
KHDRBS2,0.627738260737134,0.1867468944134884
GAL3ST4,-0.5251304699704846,0.1867828519307772
LDHAL6B,0.444777685459929,0.1868373694618335
CHAT,-0.5625211972948208,0.1869245298940145
CNTF,0.8116355589028812,0.1869493590921385
PURG,0.7175438094968611,0.1870168118371798
FN3K,-0.5282500171345017,0.1871407456674359
FAM64A,0.3317211985982506,0.1872448845730502
MYL2,0.3765132132678239,0.1873718132873407
IFNAR1,0.1441471613502019,0.1874127864778514
FAM118A,-0.4936187180637743,0.1874302826815869
VNN1,0.8486014324467934,0.1874777235756768
KLHL20,-0.5190855439422624,0.187495244921305
PFDN5,-0.1628695313603891,0.1875561099430158
AP2S1,0.1992706937499573,0.1875874597975151
LOC389906,0.8809688261173303,0.1879262884380773
LMBR1L,-0.2206486881252853,0.188194921283575
TAS2R8,0.3463171491338568,0.1884450569778021
CYP4F8,0.5892049516786337,0.1885551523042586
PSAP,-0.1640692808455188,0.1885909026951762
C4BPB,0.6233222080600811,0.188664237957694
IER3,-0.8445743584396705,0.1886797160288536
RRP1,-0.4594067947865881,0.1886916068560656
MAPK4,-0.6098166450149423,0.1887679866835739
RPS27A,0.2197659231309412,0.1888533234066663
MED6,-0.5518577731593943,0.1888741814025382
KRT18,0.2538863157160467,0.1888840708964156
BCL2L10,-0.4975765155274576,0.1889612249378216
ADAM12,1.1733488904034584,0.1890243658660396
BMP15,0.2445731504296509,0.1890332954477476
GABRR1,0.2910276950277426,0.1890630392349799
NUDT7,-0.3168459371411991,0.1890680319434509
VRTN,-0.5176044696839064,0.1891313219245164
NPM1,-0.2411632046671741,0.1891370476083193
KIAA1654,-0.2497890696491804,0.1891610243931905
GAN,-0.46172811825818,0.189213449123663
RNF144A,0.7198988574987322,0.1893960827357701
FEM1C,0.3027297832239846,0.1893967407027595
GEMIN2,0.4609161499227561,0.1895424940248538
DGAT1,0.4050737168201435,0.1897322249392632
HMGXB4,-0.1500532394778879,0.1897614466354964
PRSS50,0.7228557398256354,0.1898524381985246
PEPD,0.3403956204096072,0.1898586682962137
EPHB6,-0.2201053335936684,0.189875563911495
CD163,-0.664143620568014,0.1898872501602182
ACADL,-0.931334512836365,0.1899039129075662
IL13RA2,0.8854455810814486,0.1899123746555531
RPL22,-0.1794794266052903,0.1900528301761604
NMRK1,0.2726165431911411,0.1901848483182918
MRTO4,-0.3759396120169,0.1902829797062918
SLC25A3,-0.0902861884707935,0.1903366911151504
RAB3IL1,-0.3860846472578885,0.1904170993228567
RABGGTB,-0.2679944887886467,0.1905570049037653
C8G,-0.3659081888624005,0.1905760467721706
CALCOCO1,-0.2654104108654245,0.1907041608246172
CHRD,-0.4673931634040995,0.1908065220984154
MYH10,-0.8094859321292356,0.1908394724931824
DLX4,-0.4174752784450444,0.1908912763596859
ELAVL4,-0.5319207046303163,0.1912817423275704
PDZD2,0.6979963192968928,0.1913105880269944
FAM32A,0.1728439405708961,0.191417353403488
KMT2B,-0.671883872216414,0.1915536955552957
BCKDHB,0.8670111252493244,0.1917221870296945
PCGF3,0.2416720345995777,0.1918302581932995
NDUFB3,0.157042961227388,0.1920593295735687
ING1,0.9923846179602576,0.1920857168720513
FKRP,-0.5657280918614713,0.1921354098905097
NMBR,-0.6550552049127187,0.1922681107831885
IGLL1,0.6304725554946193,0.1922849836525181
AKAP17A,-0.3407774852221852,0.192404240483065
RP11-548H18.2,0.6229918994308354,0.1925771686580888
RITA1,0.6077645858892389,0.1926034297081688
SERPINB5,-0.6796176311214013,0.192852795503338
ANXA10,0.4597753353871994,0.1928687890339651
AKAP8L,-0.2811729809164816,0.1928843944151074
LSM8,-0.1704086950493106,0.1929293678695245
BRPF1,-0.1406668381391975,0.1930589656081986
TSPY1,-0.3543481905985777,0.1930660694008116
NOS2,0.4845367243307779,0.1932401083494126
ABCA6,0.4926212264466265,0.1932413738508724
NPR2,-0.3855012523068994,0.1932562781787853
ERCC1,-0.155886044179514,0.193329236162857
ERMP1,0.2250600806707225,0.1933863163664795
ICAM4,-0.5486757446992634,0.1934024151910531
CCDC86,-0.4270587941134369,0.1934861978006453
ATP13A2,0.6635646731186373,0.1935029982964408
PPP2R5B,-0.3708295517012239,0.1937438734965023
SYT1,0.8482929475255565,0.193747354183567
JMJD1C,0.2700065323831158,0.1939276805056292
PLAA,0.368092200548249,0.1941015545795583
CSRP3,-0.2559733956034051,0.1941299246710808
S100A3,0.3435800505224602,0.1942633617316073
IL2RB,0.3573968817278974,0.1943307263190782
FZR1,-0.3859815218217486,0.1944339987679023
TGFB3,-0.3407557597769148,0.1944356083370668
INADL,0.8691418425180002,0.1946458339315396
TBC1D30,0.5559448596724881,0.1946652929055673
MLX,0.2595342448393145,0.1947215480740846
RFPL3S,0.3149888412096153,0.194863064201631
MRPL15,0.2091604843800638,0.1949432910681355
ZC3H7A,0.1928882227831945,0.1950095159786445
MEOX2,0.7410013787640506,0.1950658632139028
SMUG1,0.2528773140947242,0.1953277110654963
RGS7,0.5198616805487379,0.1953678892636918
SETD6,-0.4335182831345525,0.1954233852188329
OR2S2,0.3888492716956238,0.1954921538039016
MAGEB1,0.9459471755308112,0.1955056859091694
PTCD3,-0.1849625761352218,0.1955400512322213
INPP5B,-0.6470703339861767,0.1957855746974012
VPS4A,-0.1794796578956692,0.1958024299354191
MYEF2,0.8152760983916609,0.1959240220320824
OR3A1,-0.247021910743884,0.196009051311546
MZF1,-0.5275513135812355,0.1963173266517232
F2RL1,1.0938966308491644,0.196355965736166
PLXNA1,0.2821945791242299,0.1963935128489859
HEXA-AS1,0.666975216109901,0.1965195932472626
SLC45A2,-0.5634625073969541,0.1965262259528606
PPP1R14B,-0.2058786799130381,0.196572494887961
TGIF2,-0.2940922245808455,0.1966423270035693
CDK5R1,0.7442798017018681,0.1966453396501165
C19ORF26,-0.4803198951503944,0.196713038960323
TARBP1,0.2975153160761801,0.1967425248887516
RLN1,0.2406188549321335,0.1967482821165981
CSPG4,-0.4490402016884669,0.1968385907039683
SBSPON,0.8540381758154965,0.1969889762914685
NRAS,0.2152752630042975,0.197005805623329
NCKAP1,0.304076533287291,0.1970296456668917
ENPEP,0.5230707505517662,0.1970556344459687
HLCS,-0.320234004141338,0.1970634915717856
FBLN5,-0.2903410558209511,0.197441801030938
SPOCK1,-0.3936917443446877,0.1975911780869559
LRRC40,-0.3235555076980079,0.1976430873053472
MUC2,0.5803239754588194,0.197653738838642
MED13L,-0.8405645402061648,0.197668404101915
RBFA,0.1708395951987764,0.1977426952685011
CADM1,0.702804479550295,0.1977822835601912
LINC00597,-0.645117635144568,0.1978116523996469
MMP20,-0.5680263254511853,0.1978422784804266
GREB1,0.5671613118165801,0.1978454401655986
ST5,-0.4450240804173191,0.1979722576662543
CEACAM1,0.4535769393749742,0.1979825507973829
CYP2B7P,0.7057249405207413,0.198073407739054
SLC6A4,0.2933888586890498,0.1982776744101788
RBPJ,0.2004515717949662,0.1983796038638683
GOLM1,0.3959989506810508,0.1984426226088242
JRK,-0.4937636206162645,0.1984712291638349
PBX2,-0.2082440772033447,0.1985916845329675
GPR52,-0.2726157545274774,0.1986046633601738
MMP10,0.6966743678976961,0.1986769439298905
XYLT2,0.8820651469611391,0.1988598456821011
MIS18BP1,-0.7230991224010848,0.1989875090511914
PHGDH,-0.3370807081485711,0.199373728865967
PLEKHG3,0.4558352243977639,0.1994998154287582
CDK10,0.757058178461377,0.1995305881794934
POM121L2,0.1831335654293377,0.1995588962454637
ZHX3,0.3957076370362831,0.1995892855509805
BRCA1,0.2740325343814263,0.1995922098678236
NOP16,0.6346209150186715,0.199674760602013
RNMT,0.4225483185880012,0.1997715769564254
S100PBP,0.2539802862371161,0.1997874651978827
NCK2,-0.1615513015223051,0.1998277987593433
PPT1,0.1957378313686959,0.199873690704967
MYL12A,-0.2876821101130566,0.1999285168103464
ITGB5,-0.4130505352473861,0.1999460580991838
RABGAP1L,0.3853287689473479,0.200014610243206
CLIP3,0.3185863131080024,0.200129132921778
RBMXL2,0.4317855647357156,0.2002834243733104
OSBP2,0.231246898149477,0.2003922147454353
MGAM,-1.201490535303709,0.2004083166986005
TLR4,-0.2571789414837777,0.2005192082998256
USP29,0.5653778455001284,0.2005416417308095
MARK1,-0.2359508308475968,0.2005779490785313
PCYOX1,-0.4310692840905687,0.2006051607145734
PPP1R3A,0.6930927513510698,0.2009155190852797
TMEM51,0.5637288799135138,0.2011512135362323
SEPT4,-0.6286045108130445,0.2012207159974015
KLF9,-0.6072193434019333,0.2013343016669313
C16ORF59,-0.3937342028749104,0.2014115692544239
SNAPC1,-0.3596683632978203,0.2015166773762291
SS18,-0.5137638808375486,0.2015269745532903
C19ORF54,0.1314521453086783,0.2016343527838414
JAKMIP2,0.454123179602,0.2016392903836479
MOGAT2,-0.3678778019972029,0.2016547056444568
POGZ,0.5618494628638429,0.2017450866807233
IL24,0.8808459627935226,0.2022648122119371
PLXNB3,0.2955538807425446,0.2022886941354824
SEMA3B,0.4905990540201177,0.202309763597351
GALR3,-0.387318234281703,0.2023241026275272
GRIA2,-0.2514432260294372,0.2023378034341144
EPB41L4A-AS2,0.7014627695546736,0.2023741918606518
ASIC1,-0.547953529807728,0.2024661936854716
MMP2,0.2995489148688044,0.2025770916022379
CDA,0.7850116560904654,0.2026242084856935
HP1BP3,-0.6360798843614814,0.2026704305583844
VILL,0.5129567145831349,0.2027017972920986
FABP4,-1.082417301059472,0.2027575830907156
AASDHPPT,-0.2416583777690206,0.2028834057977892
LILRB1,0.6337754917593514,0.2029075127121337
LRP6,-0.5781254275494963,0.2029936622163299
C22ORF31,0.614404390581953,0.2030069676229094
LDLRAP1,0.2525397390823345,0.2030785653702704
GIT1,-0.2105637133143574,0.2031027840185445
MIA2,0.2061475548423956,0.2032764697619785
BMP5,-0.991839499967944,0.2033971315505917
LMO1,-0.4466407126276159,0.2035605846105193
LAMC2,-0.6691756736701122,0.2036662949247609
NPR1,-0.41654942086745,0.2039198312206086
TFB1M,0.186512361008341,0.2040278604025547
CAMK1D,-0.3323293371075806,0.2040999357449219
LRIG2,-0.1712462374682228,0.2041522245592247
STK3,0.9732818941224082,0.2042327317697347
GTF2H5,0.2268814443722782,0.204244927450857
DUSP11,0.186048259349258,0.204475212476231
FANCG,0.4618470610484326,0.2046474003790263
ARL4C,0.4087000034450874,0.2046562365583534
ZC3HAV1,0.2855294268134889,0.2047606555888841
WDR11,0.1740309549332988,0.2047607234544034
NHLH1,-0.3862781001755984,0.2047649346987847
ATG16L1,-0.489665091646458,0.2048590808787709
SETD2,-0.2487403671498667,0.204965372068001
TNNI2,0.5056549179248364,0.2049903008513322
ARL2,-0.2151006260925818,0.2050189587638658
EBP,-0.7515388062934987,0.2050863371693611
EDN2,-0.3799636807856097,0.2050898737958854
TRAPPC8,0.1063326297879374,0.2053203418031162
LPGAT1,0.2272274821628439,0.2053958425137516
SLC25A16,-0.3813365914831479,0.2054272615366803
VEZF1,-0.1832910427379008,0.2054309824409515
UBXN2B,-0.3519936907547212,0.2054457922491245
MINPP1,0.2311661319367566,0.2054466549718901
SRRD,-0.2232879696828575,0.2054636397965111
ZNF155,0.668017891131031,0.2056437445067678
ALDH1A2,-0.5924803078968051,0.2056463619125041
CCPG1,0.296275866648787,0.2056529150836343
RASAL1,0.4283032775164086,0.2056529601362504
TGIF1,-0.2633271601680391,0.2056877631611158
RAP1A,0.1252245450022204,0.2057685236507335
CYB561,0.2447571518352642,0.2057933718781581
RNF4,0.1650470889652595,0.2058355101223253
GOSR1,0.2688030533472911,0.2060758720406898
PDK4,-1.1092752766273977,0.2061174535744083
ILF2,0.269662772868168,0.2061346309828461
CDH4,-0.5202682613733409,0.2061544221048977
TNFRSF10D,-0.8256132084120087,0.20622514469481
SULT1E1,-0.7442174883271417,0.2063277356722444
EMILIN1,-0.3947158037544094,0.206441047270198
ESYT1,0.3728147852842358,0.2064435327329115
CNTNAP2,0.8561063720089104,0.206552007443278
ZSWIM1,-0.2586141474481485,0.2065689381205371
EDEM2,0.2265048188000324,0.2065894138048897
JAK3,-0.607683456741599,0.2066949564703289
AGBL5,0.5448291669327556,0.2070950048113626
ZBTB20,-0.5292301797989287,0.2071729608955883
NKRF,0.2124877799127214,0.2071845499726442
FABP2,-0.4273329639575287,0.2073175988059317
PLCB4,0.5016850140138995,0.2074863862713936
BRE,0.3513578202408034,0.2077731275473458
EID1,-0.4059610381959846,0.2078072362143185
BCS1L,-0.1598065385476932,0.2078559941510086
CLCA3P,0.8365351021965348,0.207981419215994
DEPDC5,0.6027842090362583,0.2080459120733915
EIF3L,-0.1496168281928707,0.208130989422234
TBC1D29,-0.5178370060617938,0.2081711828721524
RASSF2,0.2830641796967725,0.2081812716237919
CKAP5,0.1771337158967547,0.2082438521437204
NR2E3,0.3657193497064872,0.208248885054013
TAF6L,-0.4233009342851876,0.2082670036183744
ERP44,-0.3340966501408724,0.208317027229823
ABCC5,-0.2666887333651395,0.2083751220135645
TNP2,0.6581207064280727,0.2084233820017706
TFB2M,-0.3873431977716475,0.208571198855153
IFNA1,0.6546128362431478,0.2086985707590323
EFHD2,0.3398731020406966,0.2090204725366155
CRAT,-0.2907815263527533,0.2090415555784538
ISG15,0.3206963843391968,0.2090908737444377
AQP1,-0.3697280004515892,0.2092939186913504
RNH1,0.195557307301037,0.2093036731748572
RALGPS2,0.7171759976028085,0.2093057493224647
PAIP1,0.3656474133713745,0.2093447071643154
NUP88,0.3795173853136493,0.2094725836061598
KLF15,-0.5656923589333633,0.2095582873997203
TAF6,0.1932455736343499,0.2096594935059569
CEP83,0.2652526247234359,0.2097643039776638
MAGEC2,-0.6509694794848802,0.2097936379674985
CCR4,0.3593806507081245,0.2097979974817208
ANGEL2,0.5387037955756906,0.2098209472063739
BTBD7,0.5321373270316707,0.2100350382714246
ZNF821,0.4522946286458866,0.2100424296526866
WNT6,0.3710235780069943,0.2100649584551875
GTF2H1,0.1910354088895385,0.2101008614591792
RND3,-0.3749867105153104,0.210353473516896
SMU1,-0.2920403077035587,0.2103883513802792
NPTN,0.1434977242264636,0.2104384264875534
TM7SF2,0.7463243177724994,0.2104659714189121
HAAO,-0.3235290506113131,0.2106820719478761
F10,-0.4938556915637484,0.2107049677667858
PSG7,0.4773617972752761,0.2107294743637586
DSTNP2,0.2131908984796666,0.2107662395687528
CDC42BPB,-0.389128286313305,0.2108384054920561
TYROBP,-0.2810002532138895,0.210924845164377
TIMM17A,0.8205772643044122,0.211004815731011
MTA2,-0.4259499246648586,0.2110617521064166
MEP1A,0.316692856409658,0.2111185892354214
ARMCX3,-0.1942148802088361,0.2112878117807944
BEST2,-0.4963760883909467,0.2113431652653112
CD5L,0.5334349886704262,0.2114155910259598
OSGEPL1,0.5580126656305016,0.2116102358377196
PQLC3,-0.5176034108334902,0.2116613771686227
TRPC6,0.5702085365573444,0.2117717184928214
RBM17,-0.5445349301366527,0.2118767272446266
FN3KRP,0.2546100210094142,0.2119129075123793
TBC1D9B,-0.2025601094720688,0.2119705032168835
RP5-1170D6.1,-0.3283198592080847,0.2119996312022143
PDHB,0.2812957043274018,0.2122320041357977
AMACR,0.8973777227631752,0.2123999856351313
RPS15A,-0.0838095567124259,0.2124218109676282
HEPH,0.7375606279711042,0.2124416137614111
GPN2,0.2169713989262582,0.2124456898632697
UBOX5,0.1585404414378359,0.2126225231334034
RPL23A,-0.0910598142690108,0.2127911716413756
REEP1,0.358290452893736,0.2129537614252245
FBXL18,0.5323344021012844,0.2130356441051235
DNAH17,-0.3435927860239491,0.2131451044089323
MVD,-0.7881379045712436,0.2132438075586608
SNTG1,0.2985855295863473,0.2133394488227492
ITGAV,-0.1839542670448306,0.2133693352973042
FBP2,-0.3391819468836115,0.2135836509091419
GTF2H2B,-0.5769156914805418,0.2136460468512577
TERF2,-0.1210528568475499,0.2136468105988764
TTLL1,0.5356977122993172,0.2138141828158175
PDCL,0.221825386979507,0.2139695876678604
RPS18,-0.0537396969469678,0.2140994984829366
SLC1A2,-0.3850523452306236,0.2142412494927124
PAFAH1B2,0.1653648133860645,0.2142933401272377
CLDN4,0.3716579176380685,0.214350138445959
PGD,-0.2326235313508302,0.2144088384018957
YKT6,-0.3021236139308421,0.214576687041188
KCNH6,0.4608500031544149,0.2146214800033246
MAP2K7,-0.6813373936028313,0.2147218341539284
NAGPA,0.2597747462781932,0.2147518734281863
RGS6,-0.6096100537313696,0.2149267746078398
AGAP2,0.6741655407059017,0.2149439158408634
GLB1L,0.2517726375378561,0.2150349193920397
DENND5A,-0.2356893548393994,0.2151740475747179
ELSPBP1,-0.2074213125094797,0.215224855699325
ZNF174,-0.6200816768086614,0.2152522911666176
RNASE2,-0.5252882425747476,0.2152896113449709
SEC16A,0.153323077031608,0.2153560311995747
BSN,-0.2900334195830334,0.2154398308980826
CX3CR1,0.6230868470800868,0.215467111162583
CLDN14,-0.4080270593287789,0.2154906762926051
KIAA0141,0.3603192045397367,0.2157111667338882
KLHL35,0.6102973651358088,0.2158076821588905
ZMYM5,-0.5036372782308263,0.2158328444118885
PFKFB4,0.4065028462521267,0.2158428053169883
OR7E12P,0.225654026484503,0.2159926790681064
TAGLN,-0.4493239733507916,0.2160203394489843
COL1A2,0.7277384007440375,0.2160586929537891
PRSS23,0.3069269747380208,0.2161191975036302
ZNF576,0.2351342475246092,0.2162220116501236
TMEM41B,0.1807806376171203,0.2162319508839461
FCER2,0.5570371367289648,0.2163781250033798
HCG4B,0.5240864329701651,0.2164643334191222
TEX14,0.3543043149591476,0.2165093762998491
LOX,0.4803019971266504,0.2165723935588509
COX20,-0.2957635832780001,0.2166175931688246
CSGALNACT1,0.3019145013499429,0.2168170017322812
SRR,0.1818446878129558,0.2168450563296669
HIVEP1,0.2362471446294023,0.2169517183598015
CTBP2,-0.5727691463947036,0.2170162707688911
TCF15,-0.4894058091211981,0.2170814714794384
PRX,-0.5251199911576512,0.2172235504107658
ARSA,0.3635343261287183,0.217310772787312
CTSE,-0.2272858974238536,0.2174082237644796
IL20RA,0.7279630935124999,0.2174142545953784
IL26,0.6809877425075843,0.2177291593918047
MAGEA8,0.4504546162105454,0.2178357278913905
MCM9,0.2171469786571931,0.2179149979718199
EOGT,0.2622729785151474,0.2180206328330828
CCDC15,0.2502994570077392,0.2181605622388455
RNF186,-0.4512629164126602,0.2181692570520579
PSMC4,-0.31622595711322,0.2182066682891986
ATP6V0E2,0.2934243580320217,0.2183669629471884
IL3,-0.2904058078324594,0.2183830091837644
HS3ST3A1,0.7666882154744763,0.2184483664547313
TRIM5,0.3931746488238694,0.2184636049840479
RPL36,-0.2559614778066255,0.2185465704418242
POLR3B,0.1353812963796254,0.2185524439441665
BHLHB9,-0.2521295175418503,0.218873261486285
NUP205,-0.3990755447180056,0.2190624622125098
MS4A12,0.5845609002626277,0.2194098971368026
MANF,0.2552494371791365,0.2195004391198911
PTCH1,-0.4665394419239126,0.2195075916119964
CACNG4,0.4544790496300432,0.2195099671406349
TRADD,0.5734070939233349,0.2196876131879767
CHPF,-0.2325701579273058,0.2197698962992338
ACSS3,-0.2845753628302283,0.2198903597073378
CREG1,-0.1809254337725843,0.2198971456226673
AK021537,-0.2466010526379403,0.2199337660718519
EXO5,0.2927487351228039,0.2200061936285481
GANAB,0.2768700937210955,0.2201283780202571
USP18,0.2661975160069847,0.2201451900779965
MYH14,-0.3005031647387159,0.2202490823525758
TMEM177,0.2813993009403202,0.220300568901061
EPM2A,0.4167583580953771,0.220596723648796
HUS1,0.450049712855515,0.2206826726278698
GPR157,-0.2093771426859554,0.2212090992831309
HEY1,0.4265404527081351,0.2212682445934113
ANPEP,-0.3321058666612426,0.2214797035348482
LTBP3,-0.27294544251885,0.2214837538284448
LILRB3,0.4144136686262261,0.2214993468540575
GAPDH,-0.1768078413989435,0.2215074149702509
MMP14,-0.8790314261995844,0.2216848849721883
ZNF106,-0.2146506071329863,0.2217057164371174
STAM2,-0.6727343111022641,0.2217207313191079
SCAMP3,-0.1167811775303722,0.2217494220691542
TNFSF15,0.5239835067944973,0.221751523479596
PCOLCE2,-0.6484889900336643,0.2217664070355716
DDX52,-0.3054285799331824,0.2217801709224009
C1D,0.3498576651039577,0.2218087146738959
FAM53C,-0.1728962100033211,0.2218853381887642
VAMP1,0.8788826276275543,0.2219574457861068
SLC9A3R1,0.2266885277636952,0.2219628054502432
TMPRSS2,-0.3805845509230936,0.2220014111865652
EMC7,0.1492355829579263,0.2220538660340076
CEBPE,-0.4846506580672516,0.2220819575443322
SERPINF2,-0.1469357015174823,0.2222537217436954
RRAS,0.5944118248612824,0.2222731332271656
NAA11,0.4251173075060936,0.22230288235296
SAR1B,0.3534401041861894,0.2223036125940829
AP1S1,-0.6861360275178559,0.2223345485145847
KCNJ10,-0.4497529319866888,0.2223894434637451
SYNPO,0.2729727784884979,0.2225764356069011
HSD17B7,-0.1504718690711293,0.2225919724216065
ITGA10,-0.3119638888921709,0.2227520032372158
TYMP,-0.6930662464043928,0.2227944822371282
DBN1,-0.3320425515584144,0.222976014917563
ZNF443,0.5208983945139973,0.2230279387032287
ALDH1B1,0.6622256652386751,0.2230349764200344
AZIN1,0.2276912285870356,0.2231714664123075
CCT2,-0.367375791246431,0.2232719415984168
GPR87,0.6301363197956382,0.2233110050638875
BTBD18,-0.6529748022045032,0.2233445985100614
RBM8A,-0.4252871044665278,0.2233987393098226
BRIP1,-0.6967328628980733,0.2234413431209445
LOC257152,0.2726688759342011,0.223886270352833
ZNF423,0.3571089425277929,0.223921804765528
ANKRD53,-0.5016837929788616,0.2240010927381938
HCFC2,0.2686717633348712,0.2241245499488972
AQR,0.203699215454761,0.2241647565936869
CCAR2,0.5085807099409658,0.2242589178861391
RSRC1,-0.309627112552806,0.2243544287164397
WAC,-0.2703691148826053,0.2244883473394559
DERL2,0.203633084208656,0.2245376938702427
VDAC3,0.2683697828169462,0.2245857624403878
CDC40,0.2230684077591611,0.2246055824098491
TMEM110,0.2002107676089943,0.224670368840066
SLC11A2,0.2050369291365372,0.2247263865168429
ORC1,0.63255470785443,0.2249629175311553
RHBDF1,-0.3350413213662442,0.2251605033355374
PCYOX1L,0.3445098627406011,0.2251921597177149
TRNAU1AP,0.2532839202509649,0.2251998747539773
NSFL1C,-0.1830034432927725,0.2252526354725587
TRAPPC11,0.2967635162952611,0.2253054447091375
KDM6A,0.6417874731064934,0.225322570290635
FAM163A,0.2736571912600709,0.2253832084952177
FAM131A,-0.2404255253242517,0.2256037937574793
ADRA1D,-0.4010248110838113,0.2256145939398768
CKB,-0.4775766115664419,0.2257557816963143
CCL1,-0.2271321271507083,0.2258926222676249
GDI2,0.132195235647357,0.2259290379587943
CHPT1,-0.1993701149712592,0.2259356800291045
RHOA,-0.0683389743567222,0.2259527458133751
NTSR2,-0.1568896500507595,0.2259846121757761
ANKRA2,0.3706969813830607,0.2260246184544635
ZMYM3,0.2236282183168718,0.2260254534358111
TACSTD2,-0.6244523258471766,0.2261002929681189
NLGN3,-0.5125905610908958,0.2261155379891445
DLG4,-0.3401526121412779,0.2261284891986919
MRM1,-0.3676690341616702,0.2261853011398763
C9ORF3,-0.2603012579376322,0.2262364831137344
WDR45B,-0.1029676878649699,0.2262406570849451
FBXL6,-0.3210730692786638,0.2263128215222334
SCN1A,0.6473822356549164,0.2263226438553482
NEDD9,-0.368558629964002,0.2263822504372408
FRMD4A,-0.6420390084412739,0.2263925515201224
LRRC48,0.182414422904662,0.226538370344934
NUDT11,0.5432668003088104,0.2265492802945252
VPS16,0.3211588005095724,0.2265600930268641
RHBG,0.3155100481984192,0.2266852509810071
MRFAP1L1,0.117510338025248,0.2269949769220409
SPATA1,0.7284361801964967,0.2271255806739447
AMHR2,-0.3432394639883132,0.2271612162426773
UBIAD1,-0.3322901771898889,0.2275322600582217
CDH8,-0.3166728356040726,0.2276477046871243
ZBTB7B,-0.3321191007534638,0.2276766593743705
MYO1A,-0.2166248959257339,0.2278113518782849
MYO1F,0.332747341022376,0.2278516093245975
SFTPC,-0.4225339796470262,0.2279845805835854
SERPINA5,-0.7850284356022463,0.2279873162487138
PLEKHM1,0.4212952644383261,0.2280365666779026
BAI3,-0.8250198183029738,0.2281335584126174
YEATS4,0.1983048597558907,0.2281379214267958
BNC1,0.5979823437647518,0.2281570673697473
FKBPL,0.4422352106418765,0.2281903106143205
CD164,0.3272216315958811,0.2282885879346384
AKR7A3,-0.1501734591222989,0.2283965585430211
COX6B1,-0.1492345725815038,0.2284618306805387
TRMT12,0.1245745109662976,0.2284888458153838
SIRT4,0.6032357257851322,0.2286820369155082
EMID1,0.2840132453200317,0.2288153768507304
NUP210,0.7426270317858297,0.2288418386636721
SNX27,-0.2547874933030307,0.2288494597423341
OXSM,0.1476116513287593,0.2289017327255493
F2R,0.4946460370398302,0.2289608808527352
RANBP3,-0.5851080565832065,0.2290223930232897
PELO,0.69461480687196,0.2290537930539421
CLSTN2,-0.7598587008970883,0.2291030152906692
MRAS,-0.5421959993439271,0.2291770716464125
TMLHE,0.4207925436517037,0.2293010214622703
NAP1L1,-0.3620578459190611,0.2294448564040854
ADAP2,-0.3567069755844443,0.2294586015428034
WDR41,0.3467917246794378,0.2294719923611007
MCCC2,-0.2470906306651894,0.2295325536832555
DLL3,-0.4664699880784102,0.2295364581084986
HES2,-0.624901575335076,0.2297364577800666
P2RY4,-0.1749814912658704,0.2297958818561638
TBCA,-0.1587911304839551,0.2299762538098208
SLC27A3,0.30028900068897,0.2300263496451816
USP46,-0.3864111202051514,0.2300383289190159
RNASET2,0.3850012233283717,0.2300963750657443
YTHDF1,0.11944483163753,0.230397153248548
UCP3,-0.4927656750419338,0.2304384574414042
XK,0.4704590448479049,0.2304434136643449
THSD4,0.6435076176991315,0.2305154326195911
TLK2,-0.1536781772147808,0.2306564554811826
C1S,0.174751514128058,0.2306973792785734
ORC5,0.6864797876280901,0.2308095416054709
SEC24C,0.1944274653199773,0.2308907962706801
HTR2B,1.0399235451840356,0.2309826236868722
RAB21,-0.1540596334381625,0.2310484872903809
TMX1,0.2328331406185029,0.2310488387302001
DDX41,-0.1441129853723453,0.2311634075216882
ATAT1,-0.1991153272540993,0.2311776023948766
CNTD2,0.2765784412537035,0.2312455907873791
ZBTB24,0.2861153585259863,0.2315783756877528
ZNF222,0.6226882705024117,0.2317742322018091
PON2,0.2815964081414535,0.2317779670143263
TMEM33,0.2860474592992652,0.2318169507442554
SLC25A5,-0.1572304559496373,0.2321643228290853
POLR3K,0.2063397498749335,0.2323453841251433
DRD2,0.4151886902117283,0.2324875804361987
MICA,0.2555746153340292,0.2325811591116906
UGDH,-0.4638406909126811,0.2325911296395698
SLC35D1,0.615933911739388,0.2327610569862754
CD82,0.3019468507920084,0.2329009231335631
RPS6,-0.3591914615225122,0.2332194716410767
ZIC1,-0.6910433960745799,0.2332507437962833
TBXAS1,-0.3939468379003941,0.2333211788935785
CST2,-0.3457056215553464,0.233341372275948
DEGS1,-0.2666108262118847,0.2335546042943553
PDE11A,0.4750105659620169,0.2335549332447238
TH,-0.4650301881854148,0.2337575323441183
ACAD8,0.1776639693431185,0.233880160635125
SPACA1,-0.4042638361122117,0.2338973623028285
CRYBB3,-0.1547243880155946,0.2339351413816824
PCDHGA9,0.2363543249448563,0.2339495311739547
NPRL3,-0.4293674238732734,0.2339606327010304
KIFC1,0.6153148967183881,0.2343158162104494
PLS1,-0.685856146570436,0.2346369750316368
WT1-AS,0.4189497002357996,0.2350234891241434
LRP1B,-0.9461027323060264,0.2350503643599431
NOL6,-0.2391740569542602,0.2352198990926111
HTN1,0.3643119577217,0.2353070426739466
DUOX2,-0.6745563157755257,0.2353578674458081
HNRNPM,-0.6740098622071891,0.2353694127759077
THBD,-0.5508832959488554,0.2353827855542543
ARHGAP35,-0.6852931080154478,0.2353847247785408
GPR153,-0.2625834802354276,0.23541240322909
DNAJC13,0.2027960637486483,0.2355249480429592
FRMD1,-0.5054898850022269,0.2356938345635148
FYN,-0.3617043155139061,0.23572469070582
IPO13,0.1676226510326657,0.2357781205021089
ZNF175,0.2245738231899263,0.2361220349215113
G3BP2,-0.4286637744767807,0.2361444926431833
MPZL1,-0.4040229898214242,0.2362228344955042
BCL7B,0.1971293048671754,0.2362942861243752
CYHR1,-0.2162438423530366,0.2363737843134094
GIP,0.2556977407393641,0.2364198769066005
BBX,-0.3175826495041995,0.236448306981333
RNF43,-0.5135592037958601,0.2364822462557898
IFIH1,0.6428257505832242,0.2364872259527155
SHROOM2,0.2132224672137539,0.2365251674011005
ZKSCAN7,0.2498832905116357,0.2365808700889831
INHBA,-1.1149193943780735,0.2366673879834696
TGFB2,-0.3848511941758428,0.2367104363009582
DLK2,-0.3582392696243204,0.2367407822697103
PPARA,-0.3148359425931266,0.2369810315003996
DNAAF1,-0.5838465095066581,0.2371601699557727
SERPINH1,0.4565647471119298,0.2371782273670712
DDIT4,0.5022535456764103,0.2372866768380129
DHX57,0.1920678806742426,0.2373246062643784
PGC,-0.3000086701820095,0.2373344396269743
SERPINA10,-0.5245231562509969,0.2373517498705874
L1TD1,-0.6993843023461483,0.2374554111990127
ETV7,-0.2569637343757849,0.2375653705639665
PACS1,-0.5153427077456945,0.2376652856734719
CCL17,0.5808916342464463,0.2377089410240925
COBL,-0.8253100612551991,0.2378108021480777
KLRD1,0.6733878391752892,0.2380397909395334
CCKAR,-0.524899816797249,0.2381067216509075
TCP10,-0.450801097669637,0.2382148186527937
AKAP9,-0.5222908126057595,0.2382627152140978
ULBP2,-0.5658678996193975,0.2382720149694291
RPUSD2,0.3822051559641801,0.2383580310317954
TDG,0.2515803659045748,0.2384321244460389
KANSL2,0.1302325569726345,0.2384409099817906
DYM,-0.6311067197723617,0.2384417129731062
PCCA,0.6099302465587901,0.2384720429473705
TXNL1,0.0848629905359086,0.2387161303031796
CORO7,0.5461152569999399,0.2387559192275768
HOXD11,-0.4101807760091285,0.2389152700381993
MAD1L1,0.4253147283506671,0.2389503936203147
TCEA1,0.1103557194591982,0.2390107536716888
DNMBP,-0.2435111997324526,0.2391019048796493
TULP1,0.4506085817800462,0.2391914286623209
USP8,0.1803121903360285,0.2393381438431109
MAPKAPK2,-0.4067361604178048,0.2396333889172333
ARID5B,-0.2042403315411327,0.2396950459852424
TK2,-0.1366753144403851,0.2397476147075551
TLX2,0.4381406340299396,0.2398690431543926
TRAPPC2,0.2088572642571851,0.2398929908688338
ABCD1,-0.1792082004690662,0.239924888676265
PCDHGB6,0.6384348325478424,0.2399670514355448
BDNF,-0.701252553562659,0.2400590720878753
MAGOHB,-0.6041835575992707,0.2401110676508971
TCTN1,-0.3300669419810553,0.240140109104132
PIGC,-0.604821641970851,0.2401442355363219
CERS4,-0.6886709559952768,0.2401805152556145
KIF5A,0.3311826569337563,0.2402616177153541
SCAF8,0.1364943776926033,0.2404842995171324
KIAA0020,-0.2446935941332437,0.2406316785188755
CNR1,-0.4591817553917785,0.2407362948073536
CETN1,-0.261763046648789,0.240842314014022
TM9SF3,-0.1304499186953869,0.240963378469638
AC007292.3,-0.5717633525051564,0.2409775943689839
EMX1,0.2953465483665232,0.241122076387607
CCDC94,0.2786059869309705,0.2414366557495166
RP11-560G2.2,-0.4345347124922489,0.2415317271315355
KRI1,-0.2728892482566953,0.2415877892187624
SMAD6,0.5873621364373927,0.2416673256001115
TBC1D16,-0.332663370026582,0.241682182662381
C9ORF116,-0.3029715842537284,0.2417254459519478
PLTP,0.2889622836168968,0.2417385456896959
ARHGEF5,0.5374537461777464,0.2417414505473843
CHCHD7,-0.1781203796528707,0.2418357651988656
FRAS1,-0.3352811205248196,0.2418992141365111
RBPMS,-0.7163728868370973,0.2421661243043858
ETV1,0.73206601789113,0.2422074183704589
HNRNPA2B1,0.1816864923093142,0.2425126802366289
DNMT3L,-0.4418450814624335,0.2426007939818658
ACADS,-0.2633411687549429,0.2426552995756081
AVEN,0.2305624353003494,0.2427453910487185
HTR1F,-0.2705775907496095,0.2428534630451488
TM6SF1,0.3144612818584082,0.2429109793918059
DKFZP586I1420,-0.2369307726365868,0.2432764313630742
RANGRF,0.2136015407352154,0.2432976825042822
SUGP1,0.6162120706838756,0.2433561178892398
C9ORF9,-0.1500467117215516,0.2433894363063193
EMR2,0.5898192973373089,0.2435009832603311
ZNF224,-0.5499318142576941,0.2435995197145112
CPA4,-0.188840553074514,0.2436584399274381
GTPBP8,0.2011423753329442,0.2437528010366739
MYO15B,-0.2921583697842003,0.2437851548132074
TEX15,-0.3202750997696606,0.2439437138205669
RCBTB2,0.2431133140281645,0.2439510442481773
CCDC28A,0.2043423430678093,0.2439641780548588
LOC100131532,-0.6105917721424241,0.243981092527842
SYN3,-0.5407991159352665,0.2440492994110501
SLC12A3,0.3878154958958588,0.2441591778066924
ADAMTS2,0.2877116219371274,0.2441695693780913
TMEM9B,-0.1210429572785365,0.2442135806968554
NBEA,-0.2990669186182195,0.2442201014539885
SCAND2P,0.7323315910637538,0.2443664750941064
TTF2,0.2750654772219887,0.2446033625752635
POMGNT1,-0.2942774438672799,0.2447732202094546
C1ORF105,0.1841847821729638,0.2447861640548877
SLC5A5,0.3094068642515699,0.2449369911187751
KCNAB1,-0.7936847569090375,0.244986188263537
DCAF13,-0.5505794724053956,0.2449896867300648
FAM129A,0.4103319118680382,0.245070056252693
LOC101927770,0.2300423986505695,0.2451421061554044
N4BP2L1,0.5730283224717692,0.2454710159779014
PGAP1,-0.4065514182360887,0.2457412567259868
YEATS2,-0.1837149761069234,0.2457952984160637
ADSS,-0.1894163510176945,0.2458327769810582
TNNT3,0.1752904239591508,0.2458805842061741
MRPL41,0.3700654977918529,0.2459940761747853
SHQ1,-0.2595825549079151,0.2460220128807301
LIN7A,-0.5633914243186169,0.2461068052402725
PTCH2,0.4610220562512941,0.246210380991231
CSRNP2,-0.1302072737049684,0.2464523877203761
MYOZ3,0.3133813704437633,0.2464574535401883
KIR2DS1,-0.3977269459080439,0.2465603096384917
C5AR1,-0.3722111469550029,0.2466142482438627
OSBPL11,0.2404334230484011,0.2466304609386415
PHEX,-0.3884136694888562,0.2466358069915622
SUMO1,0.4694305840134873,0.2466389067904087
ATP6V0A2,-0.4350651644703438,0.2466441682492537
MUC8,-0.5039355355501272,0.2466829983812697
OSBP,-0.2440200746056344,0.2467449411355017
RAB11FIP1,0.3072048614491907,0.2467647702356043
TPMT,0.1839584922662629,0.2467688613525014
MYO16,-0.2447206952071257,0.246814348048309
NDRG2,-0.4473578628034973,0.2468248737730375
CFP,0.6802931620675707,0.246854428527132
GLRX3,-0.4047950741222959,0.2470124076919342
ALDH2,0.2931468133576942,0.2471269644508154
SYNM,-0.3801825280469337,0.2472677745445939
LCN2,-0.5129972650929577,0.2473157093475583
LPIN2,-0.2101164237619315,0.2475503758329308
APBB2,-0.7311755469080214,0.2476135581004535
PRR5,-0.2471575646918165,0.2480226073723524
FAM222B,-0.1964656535477953,0.2482211167072275
JAG1,-0.4139907683358932,0.2482220371876161
ZNF267,0.3647281703964991,0.2482675685218584
CYP27B1,0.3800308734765742,0.2484171929085822
UFL1,0.4590911890724687,0.2485215026810407
GOLGA4,-0.6999019426382844,0.2486064581501807
UTF1,-0.5133028171482632,0.2487246935883275
TBXA2R,-0.4231725238020605,0.2487541658531833
IGF2BP2,-0.2670818013025222,0.2488010169381977
EIF6,-0.2082074805994693,0.2488052163283493
GIPC1,-0.1990975037470992,0.2489965817496026
RASA1,0.1976175659324468,0.249020258818727
TPI1,0.3584951105597147,0.2491005518120679
GGCX,-0.2506847984366755,0.2491066769877
GLRA3,0.7363045705800935,0.2491920855227701
RAD1,0.1916759979828697,0.2493471704791202
ALDH3A2,-0.2752718309076698,0.2494625852699962
CYP2F1,0.459452566428979,0.2496059707898876
KCNJ8,0.4241167592028265,0.2497104732874526
WIPF2,0.1332464078719049,0.249864833372435
PCDH11X,0.4192496636806924,0.2500312786898027
ITGA2,0.3844354344782559,0.2500572910322584
MSLN,0.817796733516551,0.2500981974518574
HEBP1,0.2143142552232042,0.2501111121762325
WBP2,0.1623169565665865,0.2501442081194072
ABHD8,0.5674277605390801,0.2501670876306731
MFSD1,0.1319273235685525,0.2502976865172752
CHD1,-0.2710511836132543,0.250357064445087
DEK,0.147324389667478,0.250501933510757
TUFT1,-0.2222308181109724,0.2505933641500972
TUB,0.5029342609670957,0.2506241099195739
EPS8L3,0.3200064385548398,0.2508402543679174
SATB1,0.2736994346627455,0.2508589981730461
XYLT1,-0.3396367716275801,0.2508689203893361
SLC35A1,0.1895615108877475,0.2508970978375691
FOXA1,0.2995521604102995,0.251023600239969
SERPINA7,-0.3702156330974642,0.2511557855063887
SYT13,0.2244246658562874,0.2511779758322294
NUDT21,0.1790894002491541,0.2512297749849086
SS18L1,0.2605848427115855,0.2512576035048408
IHH,-0.526218618481868,0.251327262222561
LRTM1,0.6097555606583902,0.2515661623118574
PPP1R13B,0.1464418924535149,0.2515680839762898
MNS1,0.3164056797705106,0.2515995418040365
DMRT1,-0.4719794746918624,0.2516194828503922
GMNN,0.2816486467165635,0.2516518663811721
PPP2R4,0.2880773277202983,0.2517367947226216
RWDD2B,0.2138375257022335,0.2520314483361266
SLC22A3,1.0891999977210935,0.2522530256497009
LOC100130331,0.5597978255131686,0.252275230342101
OCLN,0.4476220614033961,0.252328793105602
TEKT2,-0.5268784774649551,0.2524316128991599
KIAA1107,0.3849208924603866,0.2526618665988207
VPS13A,0.5112658241317307,0.2527175752543558
UNC13A,0.2663458997419754,0.2527969049158521
ASCC1,0.3735157540724394,0.2529414251400065
RSBN1,0.2347047682969503,0.2529998638421188
POMT2,-0.2735334154208368,0.253061262533073
ZNF606,0.1979181225825019,0.2531290759563094
TPBG,0.1717764849189738,0.253139506345589
YPEL1,0.4787742095858238,0.2532158454030001
TAF10,0.1184891239135712,0.2532313934669314
TMEM30B,0.3487766301779782,0.25326324594692
EPHA7,-0.7602037219187858,0.2533446305721193
MYOM1,-0.4200087667108496,0.2534390742877212
C1QTNF3,0.6304003271854999,0.2534747130786076
BICD2,-0.2285863803272612,0.2535428849270633
TMEM231,-0.3456741454395944,0.2535674563169076
SLC25A12,0.2609273438252746,0.2535746801509831
MMP24,0.5711834177934119,0.2536408198149538
C1ORF27,-0.1936811521898942,0.25366374377621
RP11-278J20.2,0.5654354109034023,0.2537473244523875
KIAA0226,0.2226059710105792,0.253832130861593
RUFY1,0.0893881688852111,0.2538638984136391
TBR1,0.3530012164519878,0.253909335925344
NUPR1,-0.4807171019260465,0.2539459755699408
DENND3,-0.2323286922829472,0.2541860768426318
PAX7,-0.2341345555327438,0.2542127821786076
TSPAN12,0.5230250939655638,0.2542157389010258
HIRIP3,0.3853124764827482,0.2543228995403734
CDY1,-0.5937900713069384,0.2545072830350034
ZNF467,-0.3234994630251191,0.254718357797718
ERVK3-2,-0.5468261126920813,0.2548712053255807
FSHB,0.4548227863151952,0.2549136952849239
GSDMB,0.6215772394698602,0.2549419537009303
EFCAB11,0.6122554553143065,0.2549425266616804
RARG,-0.5518399941596708,0.2550138391575797
PDE9A,-0.7018289912090347,0.2555054160239617
PMS2L2,-0.5121358092814012,0.2555417222781521
RAP1B,0.116066487753887,0.2556290183601243
CROCC,-0.4291287717970622,0.2559903915370035
FERMT1,-0.3570112994916394,0.2561763709845715
MC2R,0.5794444391731561,0.2562405674643286
NSG1,0.4803854072767164,0.2563194267125047
MUC1,0.6768649885026887,0.2563732180282272
PTPRB,0.3348332322045726,0.2564204864750145
HSPBP1,-0.2679775614733986,0.2564916893497706
TEAD4,0.576362504887804,0.2567097820928007
ZNF165,0.6731619473263133,0.2567784294931162
PTPN1,-0.5360349541408937,0.256797604070728
MED22,0.1608476288828235,0.256835645684112
XAF1,-0.4034052960791063,0.2568790387303823
RDH11,0.2609396657967497,0.257062400859879
OCM2,0.5245031412428931,0.2571690300566241
MYCN,0.5805402951202971,0.257295329924943
SSX3,0.6110540887950959,0.2573983185614547
RAD21,-0.2921468643143718,0.2574597453071978
MRPL35,0.2579203134769194,0.2574921400052998
MSL3,-0.1646668599603025,0.2574965255975607
KIRREL,-0.4500199234218334,0.2575278966013757
XPA,0.1833808275560695,0.2575628134861636
YRDC,-0.3377775070571571,0.2576526409413336
ZBTB3,0.3646908071886923,0.2577787563411136
PAK1IP1,-0.380782275732626,0.2578481418640764
MMP9,0.9618651397081326,0.2578856041322125
PCSK2,-0.4460675266068672,0.2579697699309659
DHX30,-0.1307153288131175,0.2580383010145961
ATP4B,0.2697820851391244,0.2582382821920144
SLC12A2,-0.3044025042719571,0.2583769818078784
BRSK2,-0.3615972398142628,0.2583939756426308
CDK16,-0.1788992941132132,0.2584113779836965
EFEMP2,0.2462471578705418,0.2584496254091737
GSC2,0.6161050533290142,0.2585019267256979
GSTZ1,0.5599768537214667,0.2585648667808125
FOXJ2,0.110280426943726,0.2586412199379115
DNAH9,-0.5469356482567163,0.2586418814265834
LINC00260,-0.6477576358257808,0.2587123858903142
CXCR2,-0.9166672868867574,0.2587678298729117
ECSIT,0.5184099900881423,0.2588966206684098
PAPPA,-0.4637862453276691,0.2589375223728656
NUP62CL,0.7542945554437415,0.2590103246020037
COASY,0.1158533088176572,0.2591755063283796
SLC17A7,-0.4056498221296802,0.2592086619838679
SCARA3,-0.3231092575296124,0.259222407506091
P2RX1,0.2540619540955848,0.2592389828580301
RCOR1,0.133552578596598,0.2594470829699458
NPC2,0.1723647667035166,0.2595950286860765
AURKA,0.4980941386386677,0.2596313852968611
ZFHX3,-0.2826367616527729,0.2598981126293822
PGAP2,-0.2169679707974854,0.2599667029319511
KCNK1,-0.5575164851218508,0.2599697686135198
ATP2C2,-0.4408865676640303,0.260051460374301
RPL41,-0.0357237275740942,0.2600879140757442
SKI,-0.2156428131740115,0.2601327995296977
MAGEB3,0.4245311360697501,0.2602033872894014
BEST1,-0.3253187685175724,0.2605501893863408
LTB4R,-0.4923565321123515,0.2606226661205827
PIK3C3,-0.2003374329495368,0.2607533440812386
ITIH5,-0.442721926442168,0.2608284438189969
MME,-0.9180948678822238,0.260835358149297
B3GALT5,0.5607920497929291,0.2608559864692661
GLMN,0.1722372164647412,0.2608835371458862
TSGA10,-0.5974349810496715,0.2608999947228494
ZNF195,0.2507527838873038,0.2611197239713837
LPPR4,0.4227461379836654,0.2611247573557175
FA2H,0.4240270797416459,0.2611405187183903
ZNF480,0.3048231742638618,0.2611973287971249
PLK1,0.2505226982464474,0.261279454344811
METTL18,0.1346002956480294,0.2614844296751473
NDUFS6,-0.117281469358522,0.2614933216876566
BRDT,0.6526719513705563,0.2615034271262688
CBR4,0.1779234340652795,0.2615478656948352
MRPL34,0.1997823638868912,0.2616290768728937
ACSM5,-0.4376284284984786,0.2617875963775928
GRAP2,-0.5025086441186093,0.2619861126110537
CIB1,0.1364147876823462,0.2620163112042294
GPX7,0.174703701146047,0.2622263788620069
ESD,0.252490130741533,0.2622278366891483
AQP2,-0.2326419815020939,0.2624171043881051
NAT2,-0.3914090069479981,0.2624214824368832
FOLH1,-0.3182252267492496,0.2625954362860792
BMP7,0.4899523573373852,0.262632500081813
TMEM206,-0.2359004311915882,0.2626741662916457
GNMT,-0.5008648776459452,0.2629220909191718
FDFT1,0.2349813168889731,0.2630110521688857
SVEP1,-0.3896395578406384,0.2630986405867314
TGFB1I1,0.2866591978252817,0.2632643151024538
BLK,0.5747375116598619,0.2634055765503035
SOX13,-0.3329879238306166,0.2634384782235816
MYCNOS,-0.5110916104915253,0.2634639986768669
MTF1,-0.2234982874902691,0.2635452240725667
RIMS3,0.399372883162794,0.2635928484366574
CCNG2,0.3634252189433997,0.2638148301687407
RP1-263J7.2,0.6157396111509468,0.2638221123887772
COX6A1,0.1153691162299921,0.2638620126913005
FOXD1,1.0056271450375576,0.2642385766708865
NRF1,-0.3887248279103232,0.2643218650072262
PES1,-0.2431294477442218,0.2643854669748802
CORO2A,-0.413811654316933,0.2648180303384045
WDR1,-0.5791350805023727,0.2648553853940726
C22ORF24,-0.2205831210713036,0.2650208929694636
SERPINB7,-0.3332396502666741,0.2651032710136976
GNA12,0.1094989134552495,0.2651055289155154
NOS3,0.4370019691852898,0.2652535056341732
MYH3,0.4349934512235407,0.265290957442829
MRPS18B,-0.274399933983819,0.2652927671024913
CBS,-0.2073043764651112,0.2653970620065161
EXOSC7,-0.1560410466604906,0.2654196877763671
POLI,0.2729150502053121,0.2656541986631121
SELENBP1,-0.3246894730590774,0.2657656020270346
ALG5,0.1144603935226467,0.2657849055211755
RFX1,-0.228644037706764,0.2659022138478739
CCT5,-0.1959782993142642,0.2659170664327162
PLEKHG6,0.3513282384666176,0.2660334691875708
PLA2G16,-0.4345218330721909,0.2660690740932529
EPS8L2,0.4826317886034932,0.2661083758065162
FCN3,-0.5754633403891916,0.2661096868659792
CD3EAP,-0.3096237461860909,0.2664787501257015
ADAM23,-0.6294692854393249,0.2664876987958812
BECN1,0.1385381678223787,0.2665383895186317
CARS,-0.1719098804040886,0.2666874247340737
AHCTF1,-0.2999471643548368,0.267092057471901
FAIM,-0.1801863775540884,0.2673353180464715
ZNF280B,0.3396169179318202,0.2673599555316285
BRIX1,-0.4232427062376018,0.2676142790690504
FRMD8,-0.444613526901862,0.2676377714678673
SRSF1,0.4165172504273329,0.2676395006731332
PLCH1,0.547285378101904,0.2676443538389371
MAZ,-0.7139259740349742,0.2676611157753001
RPRD2,0.21174802021463,0.2677241492758787
PPP1R13L,0.1921757265939776,0.2677437917185299
HGH1,-0.123512348847985,0.2679027294574203
ACTL6A,-0.322169290742389,0.267931883830001
COL11A2,-0.4961358325211016,0.2679824267955838
ACTR6,0.249084004087642,0.2681863028403636
MCM3,0.1219706271120362,0.2682826820467343
ARGLU1,-0.2482476588952682,0.2683954971847321
TMEM14B,0.1855992172275655,0.2685839466085057
C17ORF70,0.1279873618197626,0.2686127242175363
LCP2,0.3843748810152032,0.2686128297846224
FBLN2,-0.5672605687903829,0.268794265604391
PTGER2,-0.3841829420251699,0.2689481589725138
RP11-54K16.2,-0.1376790172721733,0.2689659832718049
ZNF117,0.4993621158562771,0.2691438218021892
HLA-DOA,-0.5577500816896768,0.2694568610454236
RPE65,0.7967855558044001,0.269546462388231
CCND2,0.3310230352259493,0.2695487494616788
APOBEC1,0.4698867140516976,0.2695522708199568
PLCG1,-0.4143303872138837,0.2696321185836575
CHST2,-0.4062936216576283,0.2696419994092803
NOP14-AS1,-0.5397802320930332,0.2696841912246676
AGGF1,0.5911975222539363,0.2697334268854387
CRB1,0.4365036016721797,0.2698509068553437
TMEM106B,0.1901386931890964,0.2699182263894332
ATG5,0.2201009514784218,0.2700888795795563
MLYCD,-0.1571525473253689,0.2701999921701155
FAM106A,-0.2735581025247562,0.2702731388831588
PPY,0.1735304592788633,0.2702962172457371
HOXD13,-0.4202533412012226,0.2702973851270131
CRYBB1,-0.3154877146590924,0.2703121305702948
ZNF354A,0.3529106199026595,0.2703487354985239
SAP30,-0.4872653978735304,0.2704282416963481
ABCC3,-0.9572714744625106,0.2705420187694258
CASP6,0.5315888080284701,0.2705872211651987
SDK2,-0.3422647337481077,0.2706665440623992
PPFIA3,0.2014598200657076,0.2706987833397253
MC5R,0.5998621023254431,0.2707453302668196
FCF1,-0.4871408521058362,0.2707815798797433
CHRNG,-0.5754334533675625,0.2708261860772443
CRP,0.4610824473921475,0.2708415442190574
TTC33,0.2121988188142127,0.2709229773239316
HSPB7,-0.67899652732223,0.2710116285863719
TLE3,-0.2363980517597568,0.2710156939231955
MEGF8,-0.6998777451716629,0.2711056226329923
ATRX,-0.4626657057505916,0.2711145365402549
PTGDS,-0.7143054042402142,0.271310019084012
GNG3,-0.2302205979981169,0.2713438010149619
MFSD10,0.3011542247662593,0.2714319365668591
MMP19,-0.312286324719615,0.2714453921774973
ITGAE,-0.2055724365643882,0.2714738637057611
CUL4A,-0.3970362092031161,0.2714762789427834
DUOX1,-0.5249388377643678,0.2715386424355901
ADCYAP1,0.3411333590002092,0.2715428257850103
GPSM3,0.2856374795072387,0.2717157008001166
CLCN2,0.254641319245743,0.2717562207014116
NPDC1,-0.3377083082659435,0.2718241855660989
DTNA,0.8289120380114863,0.2719412581828257
PROX1,0.5119169555305865,0.2720176891667636
GAB1,0.4321442717351988,0.2720180869674615
EML4,0.2596950071584558,0.2722169120071168
BTG4,-0.5440299440766823,0.2722657736886225
SLC2A10,0.3431857095505677,0.2722956502556483
MMP25,0.3609548892553524,0.2723150175004018
BBS4,0.3667202170147892,0.2724271022347015
PMP22,-0.1471770960876934,0.2725033122415864
HAUS6,0.5364799393354258,0.2725452652777237
DSC2,0.6215282616918492,0.2725553683815374
OARD1,0.3651511164593408,0.2726296724097711
SLC6A12,0.1735567625509677,0.2726583608285053
SMAD7,-0.2227702561539661,0.27265836830368
PYGM,-0.3436253939032347,0.2726755167388746
TBRG4,0.2840009565071435,0.2727002727806581
FAM149B1,0.5547415723381466,0.2727168845994563
EDF1,0.167809582381091,0.2727264081502696
TXLNG,-0.3527062167665136,0.2727818068517849
DDX10,-0.2812567086227382,0.2728495598348919
BRD3,0.2110345267009918,0.2728605942948618
PLA2G2F,-0.372312034576014,0.2729515934143144
ZSCAN5A,-0.1600328662273558,0.2729654118740658
C21ORF62,0.4726938546087673,0.2730895369414712
TXNDC9,0.3066188220040775,0.2731038287941641
RNF126P1,-0.2387247246697645,0.2731247920379924
POM121L9P,-0.489120875777445,0.2733834772986565
DNAJC12,0.5417033046287552,0.2734578453303143
PSAT1,0.2928171743484711,0.2735495773961118
KATNBL1,0.2693432556896358,0.2738491743453385
EMG1,0.1940936031425462,0.2739992308523511
LYN,0.3186188615931868,0.274074090556923
MIS18A,0.1269867142013643,0.2741794067083865
RBBP4,0.2103856916592352,0.2742292777921177
CACNB3,0.3225986337756881,0.2742970973757531
USP20,-0.2917574519560988,0.2743324911565635
KPNA6,-0.1386034682836587,0.2744037187683779
LOC100127972,-0.2164245665835631,0.2746466113750123
WNT2B,-0.4672702790459695,0.2746563187614348
GPATCH2L,0.2604819489501162,0.2746861360542056
CEP250,-0.2996139411056759,0.2747208244162943
TYRP1,0.4472969336719279,0.2747426262602333
SLC6A16,-0.3370177535683405,0.2748407584856678
MKRN2,0.488835672043769,0.2749167189694321
LOC100996843,-0.4071060179508714,0.2749368284981414
ATP10D,0.1594050118928205,0.2749977000522845
LYPLA1,0.3980879477211978,0.2751263479591692
UNC93B1,0.4446048355491667,0.2752414737432164
C14ORF132,0.4758517571351337,0.2752499436359528
ZNF3,0.4346728743752894,0.2753308515642657
KCNJ15,-0.427240656937137,0.2753887675250565
SLC7A10,-0.7571247055523065,0.275468229566426
ZNF343,-0.48395116511205,0.2754790304581725
CBX8,-0.46527911214823,0.2756432227225666
DLX2,0.587271920441002,0.2756552958906944
SHH,-0.5803296198107302,0.2759155845656081
PASK,0.5308521529033419,0.2759685103228149
POU3F2,0.4499054395113533,0.2759790022104544
TMEM161A,0.4777090853179704,0.2760474573527917
TBL1Y,-0.4719968540483767,0.2760996975122646
TSSK1B,-0.3672339367760822,0.2761616435657387
MMADHC,0.1093931248411728,0.2762019652902975
EIF5A,-0.559456201997838,0.2762339359407774
DNAJC1,0.1732946292542276,0.2762548189861638
ZNF623,0.2038667744072224,0.2763239934167644
MYO5C,-0.2620725015589631,0.2763747592025191
PLIN1,-1.6662890612492065,0.2764933367774748
SUV39H1,0.1036110075619713,0.2765380543054914
PUS1,-0.3535791218769049,0.2765825748689837
ZNF157,0.5852067497667959,0.2766599323184399
TPPP,-0.3492592182040122,0.2767979660702199
S100A14,-0.1592633309254667,0.2770051603782691
THAP9-AS1,-0.38765586231266,0.2770836270933169
SETD1B,-0.1958880448524329,0.2771047051380296
RNPS1,-0.189650178883701,0.2771866393154257
TCEB1,-0.3911668130390877,0.2775221349223433
REC8,0.3027788505610749,0.2775592161443613
GAD1,0.5905835706869338,0.2776958933175481
C2CD2,0.2557859753799487,0.2778936009422028
OR7C1,-0.3586170245670299,0.2779071210894972
CHRNA4,-0.5493538128454349,0.2780460402320798
BBOX1,0.6341273327058228,0.2781411361810942
SCRN1,0.3441370912655994,0.2781755486521103
TNFRSF25,0.7052011088214938,0.2782278195346565
MSC,0.29919858580325,0.2782595071516281
TRPS1,-0.2315277000783897,0.2783754357657899
KCNK5,-0.2209112771592645,0.2785278557654418
TRAF4,-0.5094678842800553,0.278544794014383
COL4A6,0.5000144586116186,0.2785767665245116
LRCH3,0.1543792010165461,0.2786101018709079
UBE2V2,0.1779349575149496,0.2787821377573333
CYP46A1,-0.5466224333787348,0.2788716873202216
RAX,-0.4164838271029274,0.2789612685417518
CARM1,0.1350288280565657,0.2789713610852686
ASUN,0.2439828204806726,0.2791385795284447
HRASLS,0.6074642142334858,0.2792171458623798
NSMCE4A,0.17435154666145,0.2793599652072115
ANGEL1,-0.1399828796112512,0.2793966425118562
GAS7,-0.4045576723118618,0.2794937473469517
RUFY3,-0.3203499347303946,0.2795008284320908
DTX3,0.4815561746172747,0.2795455421957764
SEPHS2,-0.1461802075244698,0.2796899444287884
ACTL8,-0.3294565944958352,0.2797513557976666
BMP2K,0.3831886971063154,0.2797628589384159
RP1-68D18.4,0.4938831106834982,0.2797991598928419
IL10RB,0.1069890751681832,0.279927415141197
HHLA1,-0.2001523135484397,0.2800325469946128
NGLY1,-0.2852829329580437,0.2802371457556318
CHFR,0.1467813012914156,0.2802745849511823
HOXB8,0.289853848908475,0.2802879139152338
TRAM2,-0.3323769533200966,0.2803498867684018
PPP1R2P9,0.1975850905060721,0.280699457847287
VWA7,-0.4725329116172077,0.2807066782179138
EXOC6B,0.5101011940978921,0.2807958749463305
TMEM158,0.8041846999282676,0.2807968418057393
SALL1,0.7479662529257549,0.2808104637647015
DYRK1B,-0.4959461671847931,0.2810203496507197
TIAM1,-0.6627962492259343,0.2812066486620693
GRM8,0.632677928267225,0.281244030548264
CPSF1,-0.4026614742602019,0.281425556518356
ZNF473,0.2363684697393928,0.2814381526448776
EXD2,-0.1647819911445296,0.2815930842887084
CSN2,0.2828324945151959,0.2816305000290512
CALU,-0.3139470270089486,0.281683732877364
ACSL6,0.4216212116097351,0.2817448559140285
PRKAA2,-0.4996557595044439,0.2817838012005866
SLC17A2,-0.4414921947767678,0.281823761167809
CRIPT,0.2503608037374896,0.2818640526191607
TFAM,-0.3734502894699458,0.2819049970749283
IL36G,-0.3811982383793371,0.2819290258259267
CAP2,0.4829139953130488,0.2819907458438619
HMG20A,0.1263528585575422,0.2820740418948091
SUPT5H,-0.122808882131606,0.2821354021026445
SLIT1,0.3694300146712423,0.28214319534923
N4BP2L2,-0.3551606840223673,0.2821560580705863
CMC4,-0.228866747268988,0.2823014484512868
GATC,-0.3187657952067786,0.2824235052143857
LGALS8,0.2546150135630363,0.2824703029722528
MED13,-0.1152589438679445,0.2824896134283979
LAMA5,-0.2125598908744717,0.2825003313977506
TAS2R14,0.1300992306799777,0.2825277514072584
ANK2,-0.5589448562182309,0.282835350421374
ATP10A,0.4867169296411999,0.2828745514563087
MT1H,-0.3539109274798946,0.2828758472727501
MED24,0.4257038119285408,0.2828940566015713
KIAA0040,0.2955185083889891,0.2829021950326113
IMPAD1,-0.2286137567489916,0.282925240840305
CAPN5,0.2171378539922344,0.2830435243010518
CDX2,-0.2556825872290482,0.2830587867845339
CASP9,-0.2401416981196167,0.2831323032818177
TSPAN1,-0.2814672361683721,0.28331585356918
HIST1H1C,0.4491839373315667,0.2833429263870582
ARPC5L,0.2317047300599775,0.283511391902272
PDE4A,-0.4874944787872666,0.2836255663714732
HCG26,0.249580533222641,0.2836815900076736
POLR1C,-0.2753264505413977,0.2837244441963273
NDST4,0.4688897517923411,0.2840365539573115
UPK1B,-0.3986557764152554,0.2842787482964448
RNF126,-0.2648721628738002,0.2843337779600883
CCDC59,-0.272316041090912,0.2845937627179491
ALDOA,0.0934835520767123,0.2848247802722831
TFPI2,0.6583184404925255,0.2848286873368688
LALBA,0.563795395603865,0.2848463517291636
PMCH,0.3535689055327551,0.2848750665245396
KDM4A,-0.2621803557694093,0.2850021240448717
TUBB3,-0.279849449313069,0.2850672812130331
FPGS,-0.164368913002189,0.2851639932134952
HSPA1L,0.5261653370096209,0.285277043428558
RNFT1,0.589944925726706,0.285345885658466
ARHGEF10,-0.5620279566966282,0.2853615788181092
GNAT3,0.3641505191116527,0.2854591663892052
NGB,-0.4247108681547296,0.285605461647352
NDUFS7,0.1207772777794815,0.2856260256365493
TTC23,-0.1243852718065312,0.2856371936590671
CYB561D2,0.1948439694091472,0.285644458817167
ZNF140,0.3180668667547781,0.2856803599875033
AOC1,0.4735534192242872,0.2857772881477506
PDCD4-AS1,0.392233832368742,0.2858424248153995
OCEL1,-0.1686507989066505,0.2858556338046951
KLRC4,0.6609474602848864,0.2859824226155917
CCDC177,-0.323862560844983,0.2859958884123886
CNTN5,-0.6921903562946321,0.2861155550674618
SUCO,0.2278877837697308,0.2864967191572354
IGSF1,0.4003367299169671,0.2867812154787562
PDE10A,0.3833530114545871,0.2868929886022857
POPDC3,0.5100252932462421,0.2869446791511975
TWF1,-0.5684311051757702,0.2870846940413812
SOCS2,-0.4308574527437967,0.2871854893286313
C1ORF50,0.2118942917537305,0.2871929731666485
NUP107,0.0777228812679862,0.2872557880004278
EXOSC1,-0.5611407681354605,0.2875008675197946
MMP26,-0.3919326365465805,0.2876065341153274
EPB41L1,-0.5864950308642332,0.2876076570305857
PPL,0.8363675094219829,0.2876247404925251
FGF20,-0.5304447224157238,0.287841420190758
CD2BP2,0.2071526121337985,0.2878562967347558
RNF14,0.1270429331624907,0.2878972494947329
STX5,-0.1084622561020696,0.2878993595621626
VPS9D1,-0.263357620390237,0.2881294155952303
NLRP3,-0.5680412562801012,0.2881521362568332
CDK5RAP2,0.1805136583547533,0.2881610802960491
SLC25A6,0.1703903132676316,0.2881736654049494
RPL23AP32,-0.4678796258042847,0.2883305845019792
PFKL,-0.1530579705327781,0.2883543486025578
NEO1,-0.2779507720625052,0.2883985064914977
MIOS,-0.3416982527544858,0.2885688640123736
TTI1,0.1924911917265568,0.2885716178354797
IL4R,0.3074991575068999,0.2886110825196828
B3GNT3,-0.3743040045162109,0.2889293884249267
WHSC1,0.6371433012360059,0.2889613658922297
SP110,0.1712523532689243,0.289032626754087
C14ORF159,0.3380725411319201,0.2890719876853343
SYDE1,-0.7884919923038298,0.2892335268317052
GUCY1A3,0.4160445735361797,0.2892788057690122
ME3,-0.2088764861261047,0.2892856468491755
ARRB2,-0.2771274841939313,0.2893085417681522
GATM,0.3563889509713025,0.2893829744597269
RNASEH1,-0.1791346904907484,0.2893974426172702
MAPK6,-0.1611169316080438,0.289472226479876
FOXH1,-0.3376026761727324,0.2895521298101843
CENPB,-0.188852064227655,0.2895714861079582
DNM3,0.2598101366836465,0.2896348715308487
ARPP21,0.4840033539406558,0.2897129850958239
COX7C,0.1961304531805012,0.2897803222814341
NOVA1,-0.7702182434734803,0.2898924197010686
CALCR,-0.6643370583998776,0.2899269672208011
CPM,-0.349579207824604,0.2901871753374648
FDPS,0.1365472201867739,0.2902485523368515
EPOR,-0.5742383248182605,0.2902495598966871
NCAPH2,0.3155185982283379,0.2903117178183061
NMT2,-0.2307434723938737,0.2906093179982386
PUF60,-0.1057150790316967,0.2907348932002791
GS1-124K5.9,-0.5343696398299294,0.2909524826138966
CST4,0.2576796992138046,0.2909569267384045
SLC33A1,0.2452362222358219,0.2912403531951573
PKIG,-0.1240229762301758,0.2912414088214533
HOXA11,-0.6442568938583042,0.2914283833712461
RABEP2,-0.2864135421519806,0.2914493194172995
MAP3K5,0.2370133497033251,0.291535381482994
CSTB,0.2038306310575404,0.2916252338478924
USPL1,0.1566423379007666,0.2917048157594649
GRSF1,-0.2637578665956646,0.2919649188594154
TDRD12,-0.2256647191120535,0.2919795955104351
CCL11,0.464211075646082,0.2921679126411454
CASQ1,-0.157984657366633,0.2921725116883665
TKTL1,0.4747729963539004,0.2922427822751522
RBM41,0.1943774971463785,0.2923264214136646
MYL3,-0.3826370464729161,0.2923276590234211
PPOX,0.1748666442196373,0.2925725087620915
RP11-69I8.2,-0.5189752529826062,0.2926326548248821
COL15A1,0.2293281654561454,0.2926383400382738
MMRN2,0.3838164543582074,0.2926442220589058
PRAMEF12,0.4609277394108195,0.292797966438733
QTRTD1,-0.2350318042753256,0.2928650623587449
TG,0.3869529612867159,0.2928767294975793
ANXA13,-0.3678372892085217,0.2930896045953181
LBH,0.2826266733906326,0.2933026589231016
OXTR,0.2107950716504474,0.2933731318062644
TGFBR3,-0.2888125282882079,0.2934102721074971
ZNF91,0.2719992566770202,0.2935548256442047
TFAP2C,0.3512104042593615,0.2936995513177819
IL6,-1.0418998358970395,0.293712240851216
SPAG16,0.2261925912615945,0.293825180027058
PDLIM7,-0.5364020771030749,0.2938528967769103
SNAP23,0.2421513969622406,0.2938655731719713
AP3S1,0.1009546541403025,0.2939464885976975
PLEKHF1,0.4987066421322463,0.2939477211316066
SPTLC2,-0.3128753668431745,0.2939499398356787
FAM184A,0.2463441557421601,0.2940463469440954
BLZF1,0.673973105843336,0.2940769564993555
NFE2L2,0.1740102526600591,0.2941626853909665
HOXB3,0.3949511690684231,0.29417442965833
ZMYM1,0.1642179288086218,0.2942842544327598
GDE1,0.1702473085077791,0.2943038968619809
SMARCC2,-0.1703219364569843,0.2943569637896401
ZSCAN26,0.2489823373179662,0.2944382545468813
ID3,-0.3026089691871902,0.2945531460552661
H2AFY2,0.4847395186865526,0.2946478112994027
ATRN,-0.2109983258859262,0.2947320295890493
LOC102724905,0.6002450800634298,0.2947805158500838
DCXR,-0.3004571929141058,0.2948240862815214
HNF1A,-0.4257293386666703,0.2949561838930979
BTBD2,0.6141020229822933,0.2949886844062165
S1PR4,0.3184982252865582,0.2949967902046594
GNAI2,-0.2817255686657116,0.2953483649905948
SMCHD1,0.3336905297313572,0.2955166675450422
C7ORF26,0.3524190549159844,0.2955169593487274
LSM3,-0.1112218511033642,0.295534563093862
DCT,0.6076990331445815,0.2957063588724981
PIWIL1,-0.4746570549249993,0.2957541792413691
CD99,-0.2307011624291863,0.2957597449361874
FKBP10,-0.2534110492511132,0.2959626941557844
SPATA31C2,0.4430057754936014,0.2959659313748475
LOXL2,-0.4832403382761434,0.2960125372943717
NDRG1,0.1706508924723984,0.2962378505726393
KIF3B,-0.1312920275162152,0.2963458270337187
C6ORF62,0.4747150732758651,0.2963591521743302
CNN3,-0.2306562600013535,0.2963601781278763
GON4L,-0.3411541608155817,0.2966632475702377
ALDH4A1,-0.4662223423315312,0.2966846634587761
HTR7,-0.7652075845148905,0.2967814245178068
TNNI3,-0.4873777089281477,0.2970130104853683
SLC22A8,-0.2538915379451625,0.297082539583383
THAP10,0.2669341686621482,0.2971004746358368
PLXNB2,0.4875695342997854,0.2971541750420631
IKBKAP,0.4135274757975571,0.2974329574503558
ARHGEF17,-0.3573980497369788,0.2974625496351901
OR3A2,-0.3788157414801327,0.2974884141408079
PSMB2,0.2736386810598752,0.2975738284751192
LMNB2,0.3190282241637101,0.2976125047067889
ITGB1BP2,0.2763212220930318,0.2976942412764567
PLA2G5,0.45976465254728,0.2977105720930711
NCAN,-0.1858369110615143,0.2977680172616925
DYSF,0.3316152800409302,0.2977873244339352
ADH1C,-0.8684202005065611,0.2977982667035319
ZNF83,0.2506028945704353,0.2981100170264701
RUNX2,0.4298944570653873,0.2981693877045241
IBSP,-0.4311062526855398,0.2981882032289248
PSPC1,0.1627861117845235,0.2984351620414562
UBL4A,0.1865349932709907,0.2984969901396737
KIR2DS2,0.2144850436761256,0.2984988210457174
MUC7,0.5448658621184854,0.2986051174927968
CYP2W1,-0.4320747129273172,0.2988733625633538
AHCYL1,-0.2245950917012713,0.2989967792331518
CRABP2,0.4129138050316516,0.2990066852610112
FBXW2,-0.1499620855162202,0.2992284469897102
NABP2,0.2313333506676294,0.2992568543311685
AFF4,-0.3783212881902935,0.2992693033193244
B4GALT7,0.1288970931521724,0.2993601721202333
ETS2,-0.2420758762276129,0.2993902661873981
TESK1,-0.1038317780149213,0.2994979474945214
IL1RN,0.7181101052153789,0.2995516037245191
POLR2D,0.1846230373119333,0.2995641678049882
MSI1,0.3289658755315359,0.2995839822464823
ATHL1,0.3550187154213029,0.2995866931096828
INSM1,-0.5216684356935559,0.2996041050211614
GPR22,0.4317290084408807,0.2999465311487001
ARHGAP33,0.5989100815898123,0.3002042050450365
WDR13,-0.1915330461959694,0.3003732106262693
IFI44L,0.5383042776276614,0.3006587390780071
TP53BP2,0.1879058449393404,0.3007199034813996
WISP2,-0.5190969055757773,0.3009539783131655
PANK4,0.1287820081550013,0.3010342768505984
ATP6V0D1,0.1366297978904533,0.3012330797869699
REEP2,0.1274188352025671,0.3013368573903967
MAGI2,-0.4945310993176153,0.3013588927912059
HECA,0.1023762225424285,0.3015584816600705
OLFM4,0.8824837465164723,0.3016588682345439
RP11-114H24.6,0.564493225076621,0.3018319079178873
AGTR1,-0.4922051435859345,0.3018769853663544
PHKA2,0.2409885854600748,0.3019126376545221
SEMA5A,-0.4135428026869014,0.3019633733738326
ATXN2L,-0.6403639498978535,0.3021118320527614
PPM1G,-0.1712077538450067,0.3022082341033917
BRMS1,0.12656922237651,0.3022873694696262
GPR173,-0.4805601163543755,0.3023338355854722
EIF2AK3,0.215979864080932,0.3025510139698551
FEN1,0.2281009063303205,0.302745144260707
GALK2,0.4334823857828187,0.3028674753678557
TP53,0.4698307149090546,0.303019191815137
PCNXL4,0.4788551615686827,0.3034443808335048
PPFIA2,-0.3179408494835964,0.3034841824659555
HIST1H4J,0.6310528818839396,0.3035395177797895
POLE,-0.1553440186651462,0.3035815749573113
LPO,-0.373435885480684,0.3036782978324453
CP,-0.4144761210517202,0.3038323919824293
ADAT1,-0.1103556956196634,0.3039541621547446
CSAD,-0.422257545943502,0.3041183816679257
GAST,0.1116201250000727,0.3042966812857021
ALOX12,-0.5074966743128879,0.3043245272273089
SUPT7L,0.1210572642295852,0.304424363997419
LRRFIP2,-0.1912793521219722,0.3045224768241123
DNPH1,0.3713149203844539,0.3045954216360101
TIMELESS,-0.3569440423905323,0.3046302268603878
DPM1,-0.1987547436458374,0.3046531962499902
CRYGA,0.4569162312840995,0.3049489284398253
SMARCAL1,0.4993826162081003,0.3050004759796395
RCN3,-0.2809389144615988,0.305190396352641
OXR1,0.2350436291421971,0.3052879404941473
RDX,-0.3182148722681042,0.3054060537400492
UBR4,-0.5176929169330649,0.3055449693721955
HTR5A,-0.2283955630493905,0.3055657135602976
FGFR3,0.5910948468136832,0.3055668415645498
PDIA6,0.1228405610766607,0.3057348673292075
HK3,0.6570103912991367,0.3058602557751168
CRADD,-0.1528850460868671,0.3060401339035353
CWF19L1,-0.1704169698432718,0.3061818667210443
LRP12,0.4561070426962321,0.3061887967827116
CTB-176F20.3,0.3695847026423697,0.306295267799412
EXOSC4,-0.3002981209353255,0.3062962354834682
CAPZA2,0.1732305802187355,0.3063204955886071
SERPINA2,-0.4732406337358967,0.3063616877179161
SSTR1,-0.5585029820344976,0.3063847535409614
OAS1,0.3510094739307856,0.3063976693560338
PEG3,0.5030220512816852,0.3065056040151118
ALDH1A3,-0.4441005596608089,0.3065677643125584
ARHGEF7,0.1699663915823581,0.3066777520244823
RSF1,0.2444595576729531,0.3067225626560185
MAPK12,0.2530758080391528,0.3068342668594948
MLPH,-0.184040262454932,0.3069212703860445
LRP3,-0.1979800590200202,0.3069619015911509
AKR1A1,0.2030579442170381,0.3071132561685302
SRPRB,-0.1945098086092613,0.3072352318789666
MAOB,0.7362183807926055,0.3072353058528973
RGS2,-0.5032101396506068,0.30735321325156
SF3A2,0.3689001907473717,0.3074132554843067
RPL31,0.4122839357338534,0.3074457428005114
LILRA1,-0.4116645929109781,0.3074807791235356
RAPGEFL1,0.2201502460586164,0.3075358680325431
SPINK2,-0.4785651821369541,0.3075373806372143
AKT1,0.1414140692147185,0.307556118558668
SLC35F2,0.260998340623507,0.3076487992410889
TWF2,0.230052060446404,0.3077227179503498
FGFR4,0.4049712087703021,0.3078365523913182
CCNH,-0.1172948990190239,0.3078573134377674
ZNF213-AS1,-0.4475958252621743,0.3079648771110517
RGS13,0.5800906392652712,0.3080483730622009
CHAF1B,0.6311924433180494,0.3081232109885799
EPB42,-0.2484821596133422,0.3081408547245211
HMGN3,0.2228126793242406,0.3081853585452485
SLC6A9,-0.502942545648053,0.3082777530532178
TMEM230,0.1958620168950808,0.3083468940642156
ZNF780B,0.7484875636803907,0.3085880250396032
CHST12,0.406723229024859,0.3086352896112113
NEU2,-0.2367443590258666,0.3086644352386812
PLCB2,0.3561314242971871,0.3088154165337116
MDM2,0.3871377083523484,0.3090059165186501
SLC12A1,0.632104814918373,0.3091215503975317
HSD17B14,-0.1780117374223442,0.3091486161570041
CROCCP3,0.3036027066849573,0.3092184406178777
LOC101928104,-0.2124217410742588,0.3092939238697282
ERBB3,-0.3482363172139502,0.3094325468621259
IL5RA,0.5916936296236361,0.3096531020473822
DNAJC8,-0.2379227509672627,0.3097216653114663
SEMA3G,-0.3504941660803222,0.3097871221685276
SETMAR,-0.1858316817542604,0.309883388517308
CCS,0.1965396744157193,0.309895284318867
CMTR1,0.1684995228838453,0.3099325677610882
GOLGA2,-0.5394208300399992,0.3099331612083934
PLBD1,0.2770501532677354,0.3103411702944885
VCP,-0.1477424090786545,0.3104884375618984
RPL39L,0.3264579839897177,0.3105512847164849
UROD,-0.350827417728194,0.3109097484016633
GPM6B,0.7184420924591128,0.3110256447552961
CYP2A6,-0.3550836979976681,0.3111560870015658
MTL5,-0.3064473944320793,0.3111933797579409
CLN8,-0.6059665757993686,0.3113331340506267
NAA16,0.2147769605324914,0.3113621666030924
STK4,-0.4007616402217948,0.311491820292038
ACTN4,-0.2035486085986182,0.3117077943227331
ATAD5,0.3307875859014313,0.3117678509871818
C14ORF2,-0.1753645925236124,0.3118459901145962
HIF3A,-0.4893237560998384,0.3119234132918125
HAGH,0.1642350407877622,0.3120593398027692
CRBN,0.2045896108015856,0.3121331965683282
FBP1,0.3723026809386134,0.3121442012701617
TNF,0.2619337926798231,0.3122690600836506
PDGFD,-0.2084196515044176,0.3123410112341956
GTF3C1,0.2580791409510166,0.3125898022354977
DRD5,0.1625661732837606,0.3128391188533645
DCHS1,-0.2184397589556681,0.3128786236564381
MRPS7,0.1065860263224038,0.3129707172237871
SMAD5,0.2777233339657003,0.3130276193124006
CDIPT,0.2360438816881167,0.3130664163648716
CDC42EP1,-0.2022512685039892,0.3131691338392174
TEX11,-0.3497327615136116,0.3132815051264513
NEBL,-0.3370422563325741,0.3135082757468462
FYB,-0.7209661124214692,0.3136509788883845
FAM57A,-0.2142762207857806,0.3137736147212051
HRSP12,0.2765096510524198,0.3138237415698544
LRRC49,-0.1850877303905935,0.3138536204374115
CDH9,0.390167176097516,0.3139022252936361
NGDN,-0.231494102145902,0.3142302985294323
RNF146,-0.1931981835410994,0.3146072353592896
CD1E,0.7995930058805456,0.3146290867823198
IAPP,0.2847487203207919,0.3146662913543703
HDAC5,0.4384918127870207,0.3149091614457383
ACTR3B,-0.3079755747403032,0.3149157724283053
EPHB1,0.2623703321808506,0.3149175459418321
CLEC1A,0.2119990316903282,0.3150880686665005
SMPDL3B,0.5044482670726997,0.3151313591729771
SNX15,-0.2235194119542853,0.3151582553946426
TYW1,-0.0944699845321306,0.3154448847546207
PFKP,0.2954848159367937,0.3155339284271165
KAL1,0.5350304549334552,0.3156284544116323
FZD10,-0.4272052816763061,0.3157952718307663
DLGAP4,-0.2256409209338841,0.3158283004549947
SULT2A1,-0.4095760794548218,0.315885806212097
CLUHP3,0.117045177383952,0.3159985797847437
ACAD10,-0.1933301489958214,0.3160320973054874
KIAA0408,-0.5060387952700922,0.3164797147439325
LINC00588,-0.6352687573557132,0.3165269743736363
PDE1A,-0.363792609401889,0.3166389888637019
DBF4,0.332661965510038,0.3166806533737792
SOX12,0.1711562804749249,0.316828584724041
IFT88,0.1898597609247918,0.3168351863662071
PTRH2,-0.2957282474996745,0.3168767657432479
GABRA2,0.6544053332262534,0.3170384599808304
ZFYVE16,0.22598618498602,0.3172562956742747
CXORF40B,0.0790863666678891,0.3172857969434901
RBM48,0.3223234266743517,0.3173969468849738
SLC6A1,0.3926885993661688,0.317531362623948
ARHGEF40,-0.1990739460050221,0.3175341317024333
ZNF180,0.2815941514054394,0.3175756366258971
KIAA0895,0.4563234823906796,0.3175876063086116
FAM189B,-0.1868369621127978,0.3177779874644239
SARS,0.1122012530538487,0.3178166626375255
PSMF1,0.1434057877798302,0.3178853235813004
VPS37C,0.1185399397297128,0.3179589296811606
NDUFB4,-0.0659158417468983,0.3180443412038944
PARP11,0.2795969141086578,0.3180569893656909
ARMCX1,-0.2872603235167279,0.3180613858937209
TJAP1,-0.4466773360238445,0.3180902205563107
RPS4X,0.0533823853226245,0.3181517197415628
RHOBTB1,0.359931393996197,0.3183907508606773
SPATA2L,-0.1267259417477495,0.3184913607456646
DZIP3,0.5455951033276776,0.3185547043976039
FMOD,0.3666370907688652,0.3186556330124293
TSC22D2,-0.3818450424600614,0.3187239934020027
SLC22A18,0.2055610221269628,0.3188374414736177
ELL2,-0.6946943041624198,0.3188574370057838
MYLIP,0.2911605187380299,0.3188762080196997
RETSAT,-0.286398365629557,0.3189180409914566
RPS6KA6,-0.1461834405255269,0.3189335799705164
NLGN1,-0.6748060062867998,0.3189372570005446
PET112,0.4717239578106706,0.3190609845585204
HNRNPDL,-0.2481710169937567,0.3193569749337939
FCER1A,-0.6141925105678592,0.3194639733662799
SSR3,-0.2001700308458405,0.3197694923108543
ARHGEF2,0.1308429723465725,0.319786258861026
FASTKD2,-0.3529029005965309,0.319797004995908
EMP3,0.2136205425031541,0.3197990933832425
ANKRD55,0.2385763565408547,0.3197992083928335
IL36A,-0.1785863142897934,0.31980009091443
CIAPIN1,-0.1771541535928484,0.3198080557562165
SREK1,-0.1863856216304125,0.3198133918666198
FAM186A,0.4886560972430853,0.3198914195010798
RNF11,-0.2420882448676344,0.3199216187830446
SLC39A9,0.5890001228743973,0.3199381921829055
CAT,0.4606552521723914,0.3199582081376551
GHRHR,-0.442418438148521,0.3200767368125119
RP4-621B10.8,0.7865098359908447,0.3201032592053124
GABRA1,-0.1671777161781942,0.3202274990798636
TGM3,-0.4120968793782191,0.3202306930286103
RHD,-0.6113459575550579,0.3202386761358252
ATP8A2,0.4018223507106917,0.320268871300185
SACM1L,0.1866028810410842,0.3203978341361846
PFN2,-0.1543257622677458,0.3204031974525186
SNHG17,-0.3760251498986857,0.320482770886802
ZNF302,0.2007693983565346,0.3205133852689076
MED16,-0.4293814596756693,0.3205231072551019
CD59,-0.22440494748637,0.3205443856796364
PSMD11,-0.201730814866444,0.3206207446707451
CSTF1,0.1900845647414089,0.3206932763226134
RHO,0.5298353073863593,0.3207976431905681
FGL2,-0.3558873268281193,0.3211521003858896
DOHH,-0.3776527299375738,0.3213362093334754
INPP5E,-0.1138940859774617,0.3213931191955618
ROGDI,0.2252292791998646,0.3213956312546933
PRAMEF10,0.3285431623491246,0.3214067143328288
OR7A17,-0.4490788236973824,0.321467987205126
CTNNBL1,0.1138632193499855,0.3215999604647496
ZMYM2,-0.3028782854261997,0.3216247534538966
EIF3D,-0.0932407658769332,0.3218042137166937
CORT,-0.32932501620654,0.3218102972078612
CD177,-0.4082729347865941,0.3219009153991725
BNC2,0.2619029945956779,0.3219343064195736
ZNF493,0.5199613474965528,0.3220986680260541
C1QA,0.2736491418684057,0.3224638821977565
SAP30L,0.1979017465384238,0.3225943355149158
RANBP1,-0.3535634729779771,0.3226104715422325
TRPC2,-0.6018947049720711,0.3228201066810049
PAX4,0.4628677221499391,0.3228207874327543
IFT140,0.3076532196114874,0.3228404103138442
MYOC,-0.8011218994500142,0.3228468507742664
PCDH7,0.5754391327970803,0.3230012942262625
CCDC30,-0.1742653034809036,0.3231256711455272
COPS4,0.1660096694742172,0.3232621379847351
WDR25,0.4290811633225431,0.3235132567123201
ING3,0.1281531510065754,0.323526179489073
ENTPD5,0.3519022250233741,0.3235534287852588
PHC3,-0.5945493155732713,0.3235871639712424
PTPN14,-0.2100348037800143,0.3236574383945871
DPM3,-0.2439737464033218,0.3240596708304057
GPRASP1,-0.3070327941202269,0.3240782879199528
CYP20A1,-0.198828509414132,0.3241212647930137
HCN4,0.3424387294266644,0.3244810254927921
ACTR8,-0.1378863408602457,0.3248216442524043
C2,0.3622061826310645,0.3248571956839973
STK25,0.1283276813589644,0.3249177004322218
CKMT2,0.3521483054462715,0.3249732563271769
PRR14,0.2003184452920479,0.3251525838258297
HEG1,0.2065828963800573,0.32537507920944
ZNF37BP,0.6159331751893182,0.3255001091613272
CCBL2,0.1725448491193955,0.3256594278988572
CHRNA3,-0.3166085289618765,0.32575859033175
PILRA,0.4187530555937853,0.3258947969484319
PRPS1,-0.1190558948492501,0.3260990250479237
TLL1,0.2745671693225544,0.3261064830558542
CXCL2,-0.8345020110719723,0.3261410358764556
PAX1,-0.5158485231818339,0.3261988989352066
CASS4,0.3348180048918299,0.3263616935536162
TREH,0.2610498460158914,0.3263957321517512
PAPPA2,-0.3849813906801058,0.3264836535262333
ZNF135,0.6777399491529952,0.3265693215824042
EMP2,-0.1897091141955442,0.326974704183919
SIGLEC5,0.5173343532195043,0.32718152411406
APOL3,0.2617963176708944,0.3271901964857469
ALOX15,-0.421243198454059,0.327224452193563
IFNA4,0.3066864895730843,0.3272429925805627
CDC23,0.1372769151760273,0.3273634636481693
CD58,0.5385172085050645,0.3273812189543004
KHDC1L,-0.3885375015277512,0.3274497467155646
NACA2,-0.3863452474986006,0.3274860678627652
P2RY1,0.3007363329746235,0.3274879251904741
POLM,-0.541631244616541,0.3275206212600168
SIDT1,0.3089763526630911,0.3276010820690612
MYO10,-0.6404841704025919,0.3276405312370228
KCNG1,0.3050703938026142,0.3276925588559234
TROAP,-0.1532609480590414,0.3276995555508037
SLC25A20,0.1415416618693559,0.3277611870592409
C1ORF56,-0.280444000372178,0.3279781146093545
GABPB1,0.5877405811389771,0.3279895174751561
RMND5A,-0.5439145134692076,0.3279969939337281
SC5D,0.4790813241236122,0.3280487788124378
ZSCAN31,0.3990975352275283,0.3280531053155304
PMP2,0.5450966418901082,0.3280845765880914
C1ORF174,-0.1132811904352735,0.328193075439797
RASSF9,0.2836596010058718,0.32846514825494
TGM1,0.3305569343161525,0.3285408716593648
OSBPL2,-0.1588326817910257,0.3286938890285982
ASTN2,0.4243470269713825,0.32892147652817
E2F2,-0.4076744784213266,0.3291850666399959
LRRC23,-0.3514485257379682,0.3292930957324211
ABR,-0.288083962328721,0.329294267418992
ABCE1,-0.2785119314867383,0.3294899158891028
GOT1,0.1194804844256811,0.3295325924935594
RXFP3,-0.2260463376981354,0.3295501538464073
NAA40,0.1805238752753908,0.3295868669449285
CDR2L,0.3135357094911901,0.3297520077877021
PPP1R2,-0.264668422144211,0.3297865525882429
RPIA,-0.172975249910408,0.329915467989295
CHRND,-0.2892483955185891,0.3299743029622196
GRIK1,-0.4811647542883772,0.330131156356835
MXRA7,-0.1264227771847856,0.3301473675927368
LMCD1,-0.3156147551988155,0.3301787626334025
PRKAG1,0.1284640216848327,0.3304483543793394
ATF7IP,-0.2065548415197824,0.3305416396392508
CACNG2,-0.2983264954568208,0.3308092716878779
PHF21A,-0.0988143218013402,0.3309587030693241
OLFML3,-0.3301990578528357,0.3312465676471434
CACNA1I,-0.4091575133205687,0.3312661842751105
ACO1,-0.2038554511220365,0.3314603657137071
RHOC,0.164391369031005,0.3315778561210671
TXNL4A,-0.2911833201198934,0.3315991016354347
HOXC13,-0.3692905455645183,0.33160180499517
TNPO3,0.1583469108140125,0.3316282052773317
UBE2NL,0.2637672656813468,0.3318167334844558
SPRR2C,-0.4799884751203791,0.332126979468677
KRT38,0.1840362830483819,0.3322912428868168
NR1H2,-0.11951335399187,0.3325178280703739
GPR135,-0.3952149060404508,0.332720188439329
CASP4,-0.4472000481127356,0.3329393157341948
MAPKAP1,-0.1278906031513802,0.3330943569310994
WNT4,0.4014773835192344,0.3330974973067837
BAHCC1,0.2207317822018062,0.333121940023824
RAPSN,0.3837408547072414,0.333243363510998
POP1,0.4985318619530305,0.3333669150034727
ETFA,0.1238866583136015,0.3336845353272793
FCHSD2,0.1256263370957704,0.3337486157127999
GALNT8,0.3484905578017745,0.3337728337974945
PPAT,-0.2676927779775111,0.3339633608267047
HPRT1,0.2014024564475853,0.3341343204397427
TSPAN3,-0.1542359400061403,0.3341620779004489
FBXO11,0.608775074638424,0.3342316163760563
CALD1,-0.7333129481984191,0.3343443900569768
PDCD6IP,0.0910459124677309,0.3344652204723683
EGR2,-0.519318999185062,0.3345483373416941
IL5,0.4553942097595547,0.3346807259750165
MYLK3,-0.5921120560220174,0.3348284489560156
SLC6A13,-0.2390190049980036,0.3348778633027823
CAMSAP2,-0.2420800624442058,0.3349558440099097
ARHGAP26,0.3339344632363223,0.3349832186970672
CDH7,-0.3629748869900782,0.3351043418490997
LYRM9,-0.1711337330487499,0.3351778877723502
CCK,-0.5080221422058875,0.335185870944552
PEX10,0.2251490813425567,0.3353570146037274
HTR1D,0.1948575008218052,0.335396150874325
RAB25,0.2587141317032388,0.3354071204062386
KIAA1462,0.2629083910576861,0.3354778431620897
CPLX3,-0.3806441097955364,0.3355852017487691
RNPEPL1,0.1581530753325832,0.3357401504520949
INSL5,0.4136192822327631,0.3359180591423996
CAPN2,-0.1112778625791683,0.3360581105590965
SLC10A3,-0.1778225920427605,0.3360617770357051
FGF8,0.3943514595739998,0.3360942581891913
CAV1,-0.1773288473513368,0.3361963776916087
IFNW1,-0.3723842569621265,0.3362130699272646
JARID2,-0.1762608433247834,0.3362501145780564
PHYH,-0.2336948714908704,0.3362749229748339
IRS1,-0.3707674145838826,0.3362850434550182
SIK3,0.2493515840138567,0.3362909502842787
BTBD3,0.237992607456432,0.336310089060108
SENP5,0.1931370035118274,0.3367262500200984
OGFOD2,0.5737858878592794,0.3370113979992881
KRT7,-0.6609012307903406,0.3373214547363609
RPL35,0.1080506720438769,0.3374875646990914
HCRP1,-0.3006992276549232,0.3376291292328224
CACNA1F,0.1495071388814395,0.3377457299775456
EFTUD1,0.1998698189588079,0.3377888499982895
DONSON,0.1610605887440526,0.3379858929433101
LRRC17,0.5900417661786026,0.3380032401395242
IGBP1,-0.1378085135540558,0.3380106751676971
CD33,0.5823437814181007,0.338070330033677
DDX27,-0.117583305371598,0.3382962957476217
ZFYVE21,-0.2120771858413235,0.3384166610794042
NKX3-1,-0.3256230689161432,0.3384998289896616
ASMT,-0.4731126799888137,0.3385194322369979
CYTH4,0.3129263302753902,0.3387066516424251
PGLYRP4,-0.1838654724381259,0.3387267470361251
NPAT,0.5239429074542485,0.3387422724333664
RPS6KB1,-0.2098525308687824,0.3388085387712813
VSNL1,0.6129602902657201,0.3389495970964967
CD300C,0.270664366190509,0.3390134527395568
PEX1,0.3689875186996003,0.3392289463218654
SLC43A3,-0.197077694370483,0.3392654856594909
RAB2A,0.240513727583175,0.3393588411938789
BCAS2,-0.1353088264754411,0.3393976820656228
SOCS1,0.5418329423714772,0.3394095157637378
HSD17B12,0.1078561945646434,0.3395444194326384
OSBPL10,-0.3882580582189083,0.3396503971324232
HMX1,0.3715304058321145,0.3397024861225781
PLOD2,0.2643047045174196,0.3397339356074192
AMPH,-0.3821268427068451,0.3399274112289561
FOSL1,-0.7169995154676023,0.3401035803745725
ESM1,0.3680237739136558,0.3403011748435394
GPR20,-0.4399817965549255,0.3404902955622071
GAL,-0.5697784247426352,0.3405153688024931
RAN,-0.3640336431737037,0.3405397934296778
KIF3C,0.2196560650029315,0.3406346734892316
HAND2,-0.1786971182553745,0.3406544433952715
GRK5,-0.304681172096684,0.3406715245190872
PLK4,0.6681143950599271,0.3408981835818823
SPRY4,-0.1960743736250005,0.340913720863655
MAGEA12,0.4791252572840214,0.3409183911757876
ZNF749,-0.4173663271991321,0.340953711636381
ANTXR1,0.5156592697415228,0.34102004098161
SCG5,0.3400434696131613,0.3410298505785878
FZD4,-0.2954169578674577,0.3410563998110621
ANO2,-0.3833900768665321,0.3410719027483657
LOC643733,0.3534967659305987,0.3411720098970182
PPY2,-0.4473381511893439,0.3412292275112424
SLC22A14,0.1416021685659325,0.3414129819516633
PON1,0.3356259966867307,0.3417362527999967
NUP133,0.0932748219075989,0.3419195543587237
GPR182,0.2557138846233684,0.3420692529421984
TBC1D17,-0.2423885535635683,0.3421327788957495
LOC100506603,0.5034856879544414,0.3422008326854522
MTR,-0.1640186950933877,0.3422352451527481
SH3TC1,0.2063970789928539,0.3422825613067412
CIDEA,-0.907514805542032,0.3423276283476253
CA7,0.3362480939726247,0.3424931986782099
MYO1B,-0.7945402587467107,0.3425238946243302
PIK3C2A,0.2621916137084312,0.3425349574669694
PCDHB12,0.4327851806340712,0.3425354326334845
GARS,-0.1294754100921089,0.3425375772592818
CCDC22,-0.2475113614046433,0.3426459349978134
C12ORF4,0.1254267132997739,0.3427951373054859
ATP2C1,0.2014586486422134,0.3428592015913287
G0S2,-0.6206428321755784,0.342932179126596
AIMP1,-0.2796347036428859,0.342949897159124
UQCRC2,0.1433941364346616,0.3429735164691403
ST3GAL2,0.3897906616544695,0.342986265350015
FH,-0.2248390663235948,0.3430881090477623
MFGE8,0.2844741151557421,0.3431464253332683
TCF20,-0.1313527039009336,0.3432226136407423
LDHB,-0.1441232680717323,0.3432513013580046
SOAT1,0.4257451848342715,0.3434232276335314
ELL3,0.3276789429716364,0.3436356488814705
ELAC1,-0.1967375099863053,0.3436625820180939
OAZ3,0.4596764691410788,0.343669756507991
TOLLIP,-0.2164499452352641,0.34371687950582
BACE1,0.2770382423939495,0.343759935142033
KIR3DX1,0.469297884625302,0.3438295674868629
IQCE,0.1587724450525849,0.3441154654283294
BARX1,0.2578572137295243,0.3441322383095388
H2BFS,0.2518612392309594,0.3443390561367063
SRSF6,-0.3950666104455393,0.3444001435226113
FAM192A,0.0884958098827297,0.3447306605994022
STT3A,-0.2123310196959096,0.3447973916179203
PRMT3,-0.2419930421446672,0.3449041371044452
ACYP1,0.2780006294379396,0.3449481490853689
GDF11,-0.4331289361290444,0.3449656398307965
MSN,0.1058579096956116,0.3449708268428111
TP53I11,-0.5878694564777129,0.3450437587343574
POFUT1,-0.3332444358944215,0.3452219547011143
MAGEA1,0.4812250048117943,0.3452868863554562
IRF4,-0.6065606608935166,0.3453868358659584
C2ORF49,-0.1443535248612715,0.3454473974703455
MINA,-0.209087530453397,0.3455441300647136
ZNF814,0.5650123175542738,0.3456345730163376
EPB41L4B,-0.5351364922543391,0.3456490707685598
SULT4A1,0.2257184218065671,0.3457177579294501
TADA2A,-0.2829248388264411,0.3458714794345212
LINC01260,0.2232219653420291,0.346125551550639
SENP2,0.1326517883941385,0.3461292278263495
SPRR1A,0.2046402508130902,0.3463307103314435
GLRX2,-0.1203757406523227,0.3466775409290329
SOS2,-0.6064250777099485,0.3466834115150647
SSH1,-0.1347702743264065,0.34681887637742
OCRL,-0.1181824754932439,0.3468501383567463
IKBKG,-0.1911245300810442,0.3469323883842535
TAF9B,0.4402512034950687,0.3469343956889011
HSD11B1,0.4100031716146528,0.3469860439627183
GATA4,0.3681416292671091,0.346994385942879
METTL4,0.0991726117814648,0.3470044823111796
ELL,0.3495842321222673,0.3470185973518982
CHPF2,0.2404921474616337,0.3470258510062688
BLVRB,0.2155312450941444,0.3472429502983268
ABT1,0.1391814204600852,0.3473933156397216
NDUFA6,-0.1419909513003183,0.3474130233547278
KIAA0509,-0.4164449737774225,0.347573517375603
AAGAB,-0.3133144872639448,0.3476192483106136
DSTYK,0.4697677285817807,0.3478270720407398
CALB1,-0.3691795035654994,0.3478703123324676
SELPLG,0.4087976944953349,0.3478743221840373
KPNA1,-0.2341940179617241,0.34802257592441
MBOAT2,-0.1339293372256111,0.3480897745788382
TREM1,0.3851912618541053,0.3481152475366075
ANP32D,-0.4045425788603372,0.3481517537914999
MTUS2,0.7853069582082712,0.3483429061780674
CEACAM3,0.4470827931385237,0.3485164665552597
PPIF,-0.3968839713141285,0.3485234093176718
TRIM33,-0.5175914482462236,0.3485615685762332
DNAH6,0.1614517191365063,0.3485944628811705
GRPEL1,-0.2741614060699664,0.3486197744456029
APEX2,0.1889298091772833,0.3487070103050363
RAPGEF2,-0.540760961938946,0.3488041846284351
KCNA10,-0.3414262285271783,0.3488109811041208
FRRS1L,-0.3433791278538569,0.348881564975477
TMEM127,0.1271639244253837,0.3489009951451555
ZNF221,-0.3883725059315597,0.3489181541715178
ARNT2,0.4854516452761963,0.3489765511637707
ANAPC2,0.1756664861241006,0.3491233471794298
FAM65B,0.6040742787033428,0.3491319217298955
CCNJ,-0.1854994231361315,0.3491468614163577
ELN,0.7622358035417829,0.3491719333036506
RIBC2,0.3557028196343623,0.3492103501209632
FBXO21,0.2615526046876328,0.3492298999659233
MEST,-0.595821750618903,0.3492769545849792
TNMD,-0.910193432618862,0.3494069349989774
SEPT10,0.2025722963957168,0.349417581408975
ART1,-0.1699933956724812,0.3494192218878656
ISOC1,0.2348359815006162,0.3494874693813508
CNTN6,-0.5254739882090993,0.3495709113483046
SAMD14,-0.2572029883897171,0.3499418892681853
ACTR3,0.2148216840196948,0.3499611633472422
SNX13,-0.4478440630165909,0.3501250183514698
FBXO42,-0.3006481466129598,0.350166244687865
TRIM66,-0.2036687658652605,0.350225613758816
MTPAP,0.1046719501632065,0.3502977894482723
EVX1,-0.3143400857100173,0.3504537909511118
FOXN3,0.2560611555824401,0.3505194082791753
TPM1,0.3434896565502239,0.3506517724577576
NPL,0.2793954367583051,0.3507759850363733
PKN1,0.220453863509924,0.35079806235694
ZCCHC2,-0.1218896943510703,0.3509435027854531
PHKB,0.1735625336659012,0.3509627255651434
IFT122,-0.132472769595032,0.3511737262382251
USP25,0.1068246309347973,0.3512523285295554
MTRF1,0.3054141495310638,0.3513249213359171
EMD,-0.0945577497262384,0.3513798003490151
CSRP2,0.2992288870901642,0.351466752325574
SORBS1,-0.6904993930032006,0.351601406051542
PSMC2,0.0868796648939316,0.3517475088011471
CLMN,0.236743385073721,0.3519005929723266
CDH6,0.5533343203817562,0.351966909140999
IGSF9B,-0.4254888388302777,0.3522113192976112
SLC52A1,-0.1940233716469475,0.35226629270506
C5ORF22,0.1926827977039913,0.3523286201792722
TCEAL4,-0.1700688071605878,0.3524255823229104
IQSEC1,0.2351612319658809,0.3525382711378715
NKX6-1,-0.2033071246044433,0.3526505860954223
XAB2,-0.2609590321051867,0.3526745961460454
GBAP1,0.3470148325999904,0.3526846261590178
IGFBP4,-0.2210122771501179,0.352726408488984
CTAGE11P,-0.333957977664209,0.3528400014145097
GCA,0.4452152102194997,0.3528473922142769
GALR2,0.4532469350751111,0.3528590076545644
ICE2,0.1684631451346829,0.3528977628020045
UBP1,0.1246573798143941,0.3529947304234061
FOXO4,-0.2494409721309551,0.3530284368881622
TP63,0.469369504225348,0.3531977653295901
SEPT8,0.5682722176356965,0.3532735855192958
ALDOB,-0.4779518860226379,0.3533044570436334
IDI1,0.1964883491191482,0.3534235218331872
ASL,0.0962105460074465,0.3536601887102785
BST1,0.4130917272065568,0.3536798578379161
CHST10,-0.087317694136404,0.3537396111113099
PAK2,0.4454265676665092,0.3538996256339961
FAM205B,0.4664612277700808,0.3539942291648458
LIMD2,0.6322719712956273,0.3540323035073902
COG2,0.0661186696483291,0.3542290637331833
ACTR1A,-0.127273741394454,0.3543449677553188
GSTA4,-0.1799105733826778,0.3543751915862563
C2CD5,-0.228935646555227,0.3543840897560169
MBTPS2,-0.2413012920979973,0.3544168692851802
SGSH,0.7083331865206874,0.3544813038560904
PCID2,0.0942019318467046,0.3546386854390829
CTSL,-0.3175936459484294,0.3546960424832319
TMEM100,-0.4103426589555301,0.3547253355061778
ACADSB,-0.3907045020574502,0.3548359383046229
KLF10,-0.3387610327967341,0.3549510424513965
KLHDC3,-0.2232805779325772,0.3551799252374465
POLH,0.4839778731317663,0.3551971050161006
USP21,-0.1310617678255603,0.355271727608469
REG1P,0.3676764183955177,0.3556038834220324
SLC8A2,-0.3275329595780762,0.3558570911407642
PACSIN2,0.1365199640104748,0.3558709467290677
PITX2,-0.6031297940774722,0.3559413354110128
CACNA1D,-0.3440419338550073,0.3559484741609524
GAD2,0.5218013891534921,0.3563287725793541
PITPNM1,-0.162260564094864,0.356350068723088
ARPP19,0.2537599402978099,0.3564052852756834
RUVBL1,0.231109487043458,0.3564294597253584
TESC,-0.2002657737152375,0.3565263717790723
ANKMY1,0.4137701492286769,0.3565596217137017
ARHGEF10L,0.186349682779074,0.356648416691888
BCAS1,-0.3433906761510767,0.3567281518800523
PIGG,0.1364332062538054,0.3570378395187873
RBBP9,-0.4366956059521332,0.3570883862246869
CLEC5A,0.4134475069822123,0.357381683943499
TMEM143,0.4672017275915685,0.3575162192900915
RRN3,-0.3362403141182515,0.3575310640206378
ORC3,0.1727664081138193,0.3575873492759598
CELSR2,0.1903062350408513,0.3576846121391869
FRMPD1,0.3860760671601779,0.3577494036930398
OR6A2,-0.4438717412319359,0.3577952034793227
BCHE,0.3581906186696955,0.3578017136155094
METTL3,-0.3255902655222487,0.3578954583613107
FAM149A,-0.597155815665765,0.3579017345519086
ADIPOQ,-1.1002997815158402,0.3580713803964836
CHP2,-0.2153926331579057,0.3581291899846685
RPS25,-0.1549468204556543,0.3581450695214491
ITIH3,0.4757201708108676,0.3581868227444377
VPS51,0.1888751295971218,0.3581958728381232
LY6G6E,0.5462058552450602,0.3582495332392276
SLC10A2,-0.2505517989323094,0.3582655417259435
CLU,-0.34860530961957,0.3584453787083477
PPIH,0.1778045370311858,0.3584621739500006
GS1-111G14.1,0.3051888247913616,0.3585533347508316
CAST,0.1445445802515834,0.3586100527861587
PABPC1,-0.054547953767976,0.358812901439708
KLHL29,-0.5925495662108138,0.3588555662409819
TSC22D3,0.5732149864353566,0.3589364235226184
TRAF3IP2,0.2588103089269244,0.3589968795661881
AIMP2,-0.1548395756879452,0.3590138437108244
L1CAM,0.4411328263628649,0.3591274559150537
PARP6,-0.1128870475501369,0.3593248211220967
QRICH1,-0.0852410963624468,0.3593354062955377
HLA-C,0.2114646133384763,0.3594037331504196
SPANXB1,0.557773108271479,0.359427727034658
GCC2,0.1352370888016825,0.3595270042392859
MOCOS,-0.2535500744483148,0.3598211965380657
WRNIP1,-0.4097196921510857,0.3598297293089358
OSTM1,0.1827063443655916,0.3600193629133392
EIF2AK1,0.2000371466437984,0.3600264636580439
HPCAL1,-0.2406337435245564,0.3601410399636546
SETD3,-0.0811766541770779,0.3601461002525153
LOC220077,0.4261817195651107,0.3603114268185894
USP3,0.1231978114399634,0.3603497543073221
DNAJA2,-0.1722209661908529,0.3603601334394505
ATP11B,0.2011099215089018,0.3604614929638717
VPS54,0.1540524629914212,0.3604942268898202
FAHD2A,0.2098251987341317,0.3606142324874993
LIN28A,0.4500191666937168,0.3606405949859623
ITGB1,0.6451401022267951,0.3607005520703902
NLRP1,0.3670633885788152,0.3607149596889099
TPM2,-0.5256943670196108,0.3607710692968107
DOCK3,-0.2569964880780091,0.360777919226701
NDUFA3,0.1843149166678266,0.3609853187073119
PSKH1,-0.1490378939894654,0.3611044517514516
HUNK,0.1895584688533453,0.3611968320072019
GABBR1,-0.325562183799434,0.3612002568771751
CLDND1,0.1713192396110372,0.3619663645934952
SP3,0.2066738470861118,0.3620923981811312
KLF13,-0.6254448088475568,0.3621128011779906
CHM,-0.4044746615527725,0.3621230726825217
RHOBTB2,-0.3725989229905826,0.3621381821458766
ERO1LB,0.3972104511877274,0.3621445889418698
SPICE1,0.5056892177157,0.3621531632166427
SNTB1,-0.3520811351209536,0.3623350652357616
S100A9,0.5856153303322902,0.3623975967235393
WASF2,0.2049243553861135,0.3626152591024307
PAQR3,0.2387320364058514,0.362649884199783
APPBP2,-0.2900634933065364,0.3627691256437018
ICK,0.2251619918248844,0.3628526632498991
ATPAF2,-0.1969789955354706,0.3628859267579874
HYMAI,-0.4139351054933238,0.363089485241144
MPP1,-0.1511981183536423,0.3631286991320366
TADA3,-0.3538156470051867,0.3632151151957946
BARX2,0.459926118482163,0.3632317694527916
COQ4,0.2093946827962556,0.363718410166574
CDKN2C,0.3405474394697823,0.3639942409261271
KIAA0087,-0.4842260747014419,0.3640038707985221
OASL,-0.1519411362215645,0.3641242679575076
MAPRE1,0.1277207575957337,0.3642990634020916
ATP6V1G1,0.1133916618150241,0.3643175701685526
USF2,0.1844673716761704,0.3644135634029198
ACSL1,-0.4911705743252366,0.3645007467940137
LGALS3,-0.1137226629173806,0.3645007632624052
ANXA1,-0.0856026060883508,0.364553357993409
LOC101929550,0.2444025692414717,0.3646366664369512
PTBP2,-0.1945787030493981,0.3651683306943334
EFR3A,0.1442575826097307,0.3653860693947762
PHF8,-0.4068043898628968,0.3653865658129265
ZW10,0.1107450574319379,0.3655408263263409
MYCBP2,0.2050989774962168,0.3655663627361294
INTS7,0.2492292715105639,0.3655808319437499
TRMT1,0.5023169595311057,0.3656587978392928
ZNF391,-0.2686249028023768,0.3657420511435119
CCNO,-0.1831778189274109,0.3658514215097261
PRKCSH,-0.2460919712123175,0.3658632958715983
ISYNA1,-0.1669645603544962,0.3660768413967769
MLLT4-AS1,0.4743394237837854,0.3664991733772407
ANXA11,0.2002691065287294,0.3666753199771077
BMP10,0.1677696166609257,0.3667147554104387
ARSE,-0.1223414445935944,0.3667535480915638
RAB11A,0.2016771014084746,0.3668196472356274
TBL3,0.256793618165485,0.3670140074941221
SH3BP4,0.2051250328054905,0.3671993835208013
SLC30A4,0.4745216671022518,0.3674342570935911
CELA3B,-0.3907195232914793,0.3675095863084958
MSTN,0.5287990093626931,0.3675459055580136
LIMK1,0.4998845140757675,0.3675770869543587
ARHGAP17,0.1357530060493097,0.3676515692741103
WDR52,-0.163099344507974,0.3676637412731353
FNBP1L,-0.3012563728588455,0.3683878410919567
CRLF1,-0.7228899691338917,0.3684343962978559
THEM6,0.1708288298310769,0.368506794235342
HTT,0.2505033435980692,0.3685243104841507
CBLN1,0.4301633528123059,0.3685297512295422
CXCL5,0.5530933500611903,0.3685587864288319
FXN,-0.1822560626341065,0.3686072368822203
SNX1,-0.2628175020522683,0.3687255834585835
DNPEP,-0.2457503518155812,0.3691008158816792
DZIP1,-0.2814077681022118,0.3694701405569048
OLAH,0.2124419500615211,0.3694903708880188
CCKBR,-0.1506590925096071,0.3695922129024037
NOV,-0.4812034628982058,0.3696368036298287
NR2C2,-0.1822271914893303,0.3696891032000516
QRSL1,0.1702178521849395,0.3697183162774383
ERI2,0.1295589864900135,0.3699530962522335
SCNN1G,-0.2704717606206763,0.369979337786277
S100A8,-0.5996463382837778,0.3700109463723797
TOP3B,-0.475970886076162,0.3700334469776932
HRH4,0.2514246749220286,0.370050176073809
ECHS1,-0.1414484183074034,0.3703986279234716
ACOXL,0.5339554493977627,0.3704637601999316
MRPS17,-0.1673901858671929,0.3705708772741387
C1ORF61,0.4405166139472154,0.3707908449847272
TAAR5,-0.2037404487562399,0.3709090919509142
KIAA1731,-0.4670296930439495,0.3713050629251469
HCLS1,0.1804494403043826,0.3714068299087307
POU5F1P4,-0.4139206060257159,0.3714125007308416
CCDC106,-0.4663750999498637,0.3714936958083405
TMEM123,0.1380696391895899,0.3714977921475051
ADAMTSL3,-0.3868493831763473,0.3716007306873405
CIZ1,-0.2816572673614326,0.3718039162677445
CARD8,-0.150708411776165,0.3718794942121427
PIGQ,0.1734116860045862,0.3718961052099174
CERS2,-0.1484371194515308,0.3719038555078054
DNASE1L1,-0.1216687280803938,0.3719228037287325
C11ORF73,0.1969150744605192,0.372093881699951
FABP3,-0.3840313552958241,0.3721425767439198
MRPS22,-0.1000245803137218,0.372189181979311
SLCO1B1,0.5236619190130547,0.3722399221844613
GTF2H3,-0.2057766864762449,0.3722413716475608
HMGB3P1,-0.4621324033292939,0.3723032237581333
NAIP,0.2832236918446833,0.372378270978049
KANK2,-0.3873047598748318,0.3726424527411524
RAG2,0.2981975159065171,0.3727073174972835
TM4SF20,-0.378296271270135,0.3727077969910973
NPY1R,-0.5649264778773411,0.3728932609545305
IGFBP3,0.4119376916204569,0.3728947717957678
DCX,-0.3515718673097403,0.3731123147539185
KPNA5,0.4231715207243054,0.3732158433455184
DLD,0.1334096456260116,0.3733163021021771
HIGD1A,-0.1553809912436268,0.373349978874794
FAM175B,0.1235822341397696,0.373742860797029
TMPRSS6,0.2515595807408122,0.3737661996725204
TSHZ2,-0.1969009639064385,0.3739788630187136
SS18L2,-0.120911078117448,0.3742122434203184
NDOR1,-0.2383560759063714,0.3742657386354322
ATG2A,-0.1147623714884158,0.3742979947489451
LRRC16A,-0.1161810894405146,0.3744981030893219
EP300,-0.1128281182974451,0.3745293243048489
MTCH2,-0.0958783742704305,0.3745952325411543
DSG2,0.4948268150236785,0.3746859180393963
MAP7D1,0.1107329396123972,0.3747846862715884
GALNT14,-0.3330457480719158,0.3748811920530872
KBTBD11,0.460646864504012,0.3749895051885886
PLSCR2,0.3975358643282041,0.3751319531786407
METTL1,-0.1599333930771322,0.3751698542580562
EHD4,0.1058060186549525,0.3751943479044883
TMEM204,0.1967629695906936,0.3752148820049739
KCNJ14,0.1690136954969707,0.3753654869908903
TIPRL,0.1314497495039592,0.3755049898802536
MTG1,0.1118840195274266,0.3756262133888815
B3GNT4,-0.1631509032027702,0.3759496827403908
C14ORF93,0.2315476096499535,0.3762878520061697
CALCOCO2,-0.1298009350752096,0.3763697805242009
IGHV5-78,0.5212926224896877,0.3764649818835889
MFAP2,0.453362311129732,0.3765897694165246
GNG5,0.0935122925487057,0.3766049497804598
ROBO1,0.1478165682410708,0.3766427198961211
FCER1G,0.2057237318229798,0.3767306349863525
TBX4,-0.2509457367471084,0.3767491005578176
MS4A5,-0.1431712306824168,0.3770548760544457
ARHGEF15,-0.1533227629556464,0.3770924403873367
TDRD3,0.4323452078122001,0.377147247714287
MTMR11,0.1865429860918581,0.3772169682360546
SIX6,0.4063868052137254,0.3774300828175406
GPR35,0.2592112798002741,0.3774902525376374
SMURF2,-0.1632108694359733,0.3775063218219256
SOD3,0.1976439270585022,0.3776649546395255
BMS1,-0.178249344416594,0.3776797599041815
CRYGEP,-0.3368265713698664,0.3776937848624989
TBK1,0.0840148685370838,0.3778433033069712
SULT1B1,-0.2599690381464645,0.3780195729598968
CNGA1,0.3131987821931199,0.3780398943854547
EHHADH,0.4171084567109009,0.3780447968111824
PIAS1,0.2167402000728824,0.3780614363163537
HLTF,0.2007598900058678,0.3781648765625809
ZNF132,-0.1243011711078301,0.3782039836417624
EDN3,0.4135367820987667,0.3782583079346368
CD22,0.6964934742991415,0.3783047447148253
DMXL2,-0.3746018877106287,0.3783766625768627
DDN,-0.202649382645248,0.3784953127435295
MGMT,0.1932676443155809,0.3785602873801111
MLN,0.1656606888007346,0.3786321097393242
ANXA9,-0.4296722987282129,0.3787181827972434
LRRC19,0.3863897719424685,0.3787360059922128
TRIM29,-0.3903041182796745,0.3789586215525043
RRAD,-0.6183754687942704,0.3789957350127599
CDK5R2,0.4707592194662293,0.3790471894485537
TONSL,-0.39829759759037,0.3790589191930263
TYMS,0.406851077182595,0.3791861709747838
ACAT2,0.1299875814274855,0.3794682813092314
HTR2C,0.4314204091141604,0.3797516492159759
LINC00950,-0.4252935726393252,0.3799923729790152
NUDCD3,0.2162105249746098,0.3800431252977834
TAX1BP1,0.3300781754502386,0.3801585182366647
PALB2,0.1381126839897248,0.3801811247831948
BMP2,-0.5145525342968869,0.3802551107401873
CRIP2,0.1935321078505776,0.380422636642255
EFHD1,-0.2612809929181274,0.3804483668743639
GAREM,-0.2985170133659807,0.3804544616507314
HDGFRP3,0.2995361337258408,0.3805110114420799
TERF1,-0.1225329501517622,0.3805776814853607
TAF4B,0.2360770513104704,0.3805990401698696
POLR2L,-0.2948340122231538,0.3808508527925289
HOXA10,-0.292263815064155,0.3809039283575939
VDR,0.3281921921504249,0.3809959926368984
FTH1P5,0.092491743159055,0.3810375481838811
VHL,0.290576474829872,0.3810792173159965
ACKR3,-0.2836994318072197,0.381096052018204
SNRPD1,-0.2846048600811421,0.3811679942568244
FAN1,0.117370373268212,0.3811790033311757
IL17RA,0.1310944210349358,0.3813442744986235
CUEDC2,0.1098966125866987,0.3813563437289988
CTDSP1,0.1147056879949719,0.3813889863615196
ENTPD3,-0.2163026100661165,0.3814450439407986
CRHR2,0.4524611600829589,0.3816246682339488
BID,0.1794677114441327,0.3816424437218951
GFPT1,0.158655912935675,0.3817256850643462
WSB2,0.1529652370785861,0.3818964677398196
XPNPEP3,-0.2592250394826303,0.3820392107293456
C14ORF79,0.2225546270789857,0.382120512871484
FBXO22,0.3206359310466551,0.3821337063731067
CLEC7A,0.2962226480278129,0.382423631010724
DOC2B,0.3572042185627655,0.3826890347162386
TPP2,-0.1671089540265615,0.3826914319716429
WFS1,-0.1603785169327132,0.382754944172481
MNX1,-0.3444447455565464,0.382846653615967
EDIL3,-0.4782888969377419,0.3828775022851734
KLK13,-0.1586292166711089,0.3832407129497848
VWA8,0.1779593819516938,0.3834194742779848
AKR1B1,-0.213738136821787,0.3836284023322502
SYF2,0.1399820873067288,0.3836471216985227
COMT,-0.2941977656916625,0.383668006777774
HS1BP3,0.15625360640208,0.3840661288462476
C5ORF42,0.4563892537454679,0.3842436723419185
NF1,-0.4033938508449255,0.3843105867949123
DPP4,0.8451442480668172,0.3843158656363072
GLUD2,0.2469983953775489,0.3843306618248782
FAM8A1,0.17222832800568,0.38441163850043
ATXN7,-0.2062372299527268,0.3845865271793395
TBP,-0.1190946821117293,0.3846061127102513
SECISBP2,-0.140103534605533,0.3846437213549965
CLEC4E,0.4040349996616257,0.3846954996684375
MKLN1,0.1940226622608669,0.3848328009968881
ATMIN,0.1360865212336364,0.3849138813105071
PTBP1,0.1185666721633538,0.3850016452568076
PMFBP1,0.5463078227304852,0.3850322896605766
F3,0.6033740599148922,0.3850829009714765
POGLUT1,-0.0970251074095287,0.3851008288135312
M6PR,-0.2211891078348102,0.3851507660267502
KRT6A,0.4447624643695977,0.3852663091114007
SPON1,-0.6355889254260774,0.3852703531684656
SMIM2,0.4364826220600299,0.3853774071294166
ESRP1,0.446655168727359,0.3855334657317898
ARF6,-0.2140669296721125,0.3856333112569016
CASP8,-0.1974106211730077,0.3857043072506398
PMVK,0.134567767434433,0.3858206179218272
NOL3,0.513981881449002,0.3859096592210003
GUCA2A,-0.351365664518279,0.3859382288638279
N4BP3,-0.2329993190233681,0.3859707271631451
SPATA6,-0.4693259875561821,0.386428156839067
ATP6V0A1,-0.2938215339133476,0.3865034105308537
LOC101928278,-0.4501654805721244,0.3865619953414129
ZNF337,-0.1139313984273062,0.386612646954814
SV2B,-0.4887977420708544,0.3867992399002786
EIF2S1,-0.2144239036458906,0.3870422852774691
IL1R2,-0.688516327803991,0.3872590430202872
ASGR2,-0.3658005943417359,0.3872728838716008
DOCK4,0.1585977608387399,0.3873027877227085
MEAF6,0.1017398267806797,0.3875741389377448
COL4A4,0.129916309803487,0.387637530073062
KLHL26,-0.2004082870877379,0.3876803636601139
PIH1D1,0.1014958771971628,0.3877152639244132
TUG1,0.1481225705144897,0.3880012088241516
SUN2,-0.1697598151276409,0.3880189848632444
RBM39,-0.1297423622386357,0.3880200939061621
UPK2,-0.338984598505256,0.3882153981094001
SHARPIN,-0.2935058076518659,0.3886060359517866
SDCBP,-0.0901642193803979,0.3886665152494399
ZNF528,-0.2843011526916159,0.38886208685216
RFNG,0.1244441568787841,0.3888700956391784
CNOT1,0.1107296979390053,0.3890305643683108
GHR,-0.488260325479759,0.3891266744292266
BBS10,0.3329662296303555,0.3891688299906004
CYP19A1,0.1499860409488258,0.3891710549716933
GIPR,-0.3143764691806101,0.3892512564104248
LAMA4,0.5236484384865117,0.3892888888750197
RHAG,0.2694473756599196,0.3893682728450896
CYB5A,0.5293085670968467,0.3895282798581747
NSUN5P1,-0.3283716610345077,0.3896751406548733
FFAR2,0.5454306618129472,0.3896992409427089
RASGRF1,0.3882258824106461,0.3897279404912128
SP3P,0.3446091801121493,0.3898414407168994
NAA10,0.0983631148976549,0.3899020776677006
AFP,0.3141553441667337,0.3899968209290004
EXTL2,0.1386481388369844,0.3900179237615195
PHF2,0.3209846694484781,0.3900202129069204
GKN1,-0.3673883585715622,0.390175201042508
ACSM3,0.4123817892513983,0.390254494523322
SNAP25,0.5954244067628514,0.3904221351756182
FZD7,0.3237291296985525,0.390545936708031
VWA1,0.4949400722545078,0.3906418071471398
VCPKMT,0.2218009460559695,0.3911874242184117
PNPLA6,0.2185041581988738,0.3911927767820422
SIGMAR1,-0.1202888686219836,0.3913298926026118
PAGE4,0.3634986154446897,0.3913990868835157
KIR2DS4,0.176444115251849,0.3914941808052075
LMTK2,-0.4358842196190737,0.391501275419074
RP3-508D13.1,0.3776576204363162,0.3917065562461806
MYD88,0.1157159370674616,0.3917561763581619
UBA2,-0.2422559508017983,0.3918943986355361
ATP9B,0.2408160264151595,0.3919704413825581
ASCL2,0.2725010175787881,0.392065094925405
TRMT61B,0.1497128253518767,0.3922321149334861
YIPF4,0.3101228984581148,0.3922450887391672
CENPQ,0.2209442302835231,0.3922561602155288
C1QBP,0.2196796389103035,0.392362089977966
RAB28,0.2037351198314656,0.3923757746507277
LOC157562,0.3841219403249738,0.3927984886856847
RPL32,-0.0521181084450912,0.3932248475529799
TLX3,0.3805326678195047,0.3932907625214367
TCL1B,0.2942495264632176,0.3933000962371176
PIN1,0.1893869803459305,0.3935596369497906
NUCB2,0.1232775132371166,0.3936100141164006
IGF2-AS,0.155016377235142,0.3936669811824143
KANK3,-0.3301288273922376,0.3937353808509991
METTL21B,-0.0832462752472675,0.3937570154563697
CDK17,0.2187857851161716,0.3937613749296754
ISCA1,-0.1692335044512489,0.3937741777639732
DNAJA1,-0.1582623663883602,0.3938240021401353
TOR1A,0.105186508521319,0.3939015404650917
TAT,0.4592025419142151,0.3940475782736047
MASP2,-0.176517737626785,0.3940775289873334
CNGB1,0.400226447039202,0.3940930648059826
POU2F1,-0.1134411303047882,0.3941580548666357
ADAM18,0.4135934599887401,0.3941637203671427
DMC1,0.1623896506144175,0.394370933220614
CLIP1,-0.2394442214378731,0.3944016596122398
CDK19,0.17923446039056,0.3944760235404678
ACTL7A,-0.2292771025804665,0.3947712962039688
TCEB3-AS1,0.3451842957433664,0.3947877315115297
MGC2889,0.4414884417398381,0.3951029364572952
DHCR7,-0.276082932625866,0.3952306427292077
REEP5,0.121394805572665,0.3952542146845908
NUBPL,-0.2256783411553806,0.3954337922442947
STAB1,-0.2448022141340953,0.3956020342116828
CCP110,0.1404693757614907,0.3956967363717106
IGHMBP2,-0.1273977974200733,0.3958507106574104
UGGT1,0.1811906684166651,0.3959316206288147
SBNO1,-0.5283433228727805,0.3960166213801119
GNAZ,-0.1866500436678775,0.3960583516249081
LHFP,-0.1555062979059354,0.3961763625802439
EMX2,-0.5750683051127208,0.3962502438281766
NCR1,0.5040426961909183,0.3962927185240088
RSL24D1,-0.1788362160957852,0.3965114285517054
ABCB4,0.4353498190944149,0.3969114839421007
MOS,0.1540381928521661,0.3969406084651182
TMPRSS5,-0.2275154684315428,0.3969642170001446
THAP11,0.1204923627109249,0.3970953305274306
CCDC102B,0.5729608357002647,0.3970965083144518
ZNF189,0.1924966837655297,0.3971734427180324
ITGB3BP,0.1898323654448663,0.3971861964936107
MAP1LC3C,0.4949465455561244,0.3972036463757751
ST20,0.3282846956793719,0.3972270999793168
MSH3,-0.2772159305184907,0.3973778511511839
GRM1,0.4331789348260866,0.3974274240157255
CHRNA1,0.3876127629613117,0.3977107649215403
OVOL1,-0.3706530467347426,0.3978447040163271
SCN3A,0.6015257564512808,0.3979976574894679
RBM15,0.1315941936145392,0.3980387691934702
HNRNPA3P1,0.5068019483554913,0.3982239003589389
MAGED1,0.2173826095231366,0.3985265510396434
LINC00302,-0.4285305221705093,0.3985508151408645
MEPCE,0.0915311191752632,0.39867340943629
NUSAP1,0.5641625897524625,0.3987455511565713
TRPM6,-0.3548985763179795,0.3989001883796545
NOL9,-0.1124800127642053,0.3990549378700301
DYNC1LI2,-0.1972528616502202,0.3991347368062705
HTRA2,-0.1402250975939747,0.3993268186366518
MAGEA11,0.4678015849513772,0.3993387487785925
MPP5,0.1596554820017601,0.3993407322477092
TMEM168,0.1118012366021758,0.3993957387036377
LINC00094,0.1751413448592353,0.3995360373499668
GNG7,0.2936288575748094,0.3996054919802276
ACLY,-0.1586618069959477,0.3998272816933793
GJB5,0.1180875741485651,0.3998665248887488
SRGN,0.2703990061666772,0.399957958542051
PAK3,0.1468276498074754,0.4000627079777882
YIF1A,0.0660281661276567,0.4001027437065522
CLCN6,-0.1340790450885229,0.4005919065227541
TSSC1,0.1148007034338842,0.4006605426633884
DYNC1LI1,0.1430790702694544,0.400692050559178
ARFGEF2,-0.4114094790432894,0.4007308469690829
PRRG1,-0.2188549160042594,0.4007695169121061
ERBB2IP,-0.1398273217635175,0.4008352619916262
IL37,0.2847116984732629,0.4011593429354678
EVA1B,0.1560146754929707,0.4011997474716282
SEMG2,0.4875774802532331,0.4013623460579061
KLK7,-0.3655669135581192,0.4015066699399445
KAT8,0.0939796859911688,0.4015296414262087
HYAL4,-0.1704527590819853,0.4015455326832167
COMMD9,-0.1516291281768058,0.4016420614521944
ATR,0.2625502115394953,0.4016847890114708
NOL4,0.5052660802347888,0.4017754002792996
NLE1,-0.2145524802099023,0.4017895790551581
CHRNA6,-0.1756006602088682,0.4018357706121768
C1ORF123,0.1525366007740878,0.4020402554921706
GUCY1B2,-0.2833892180285255,0.4020469356338212
LSM5,0.2209167910331606,0.4021012232439598
SF3B3,-0.1166955915316041,0.4021705837839835
NAV3,-0.4558787551266983,0.402176494251359
NDP,0.5737024215577105,0.4023051539950557
PRKD3,0.1722943966208454,0.4023364821199731
TMEM5,0.2718592860304056,0.4023606109326758
RARB,0.3390224896842584,0.402365027604987
ATP6V1G2,0.1758476375071929,0.4024698896130692
LONP1,-0.1350593807073021,0.4025760828210072
DOCK10,-0.3525843282518872,0.4026157069200067
CCDC85C,0.5316894714418829,0.4030431720525122
TMEM62,0.1567497201230301,0.4030949224225038
ABCA5,-0.2314832219873785,0.4031570132808048
RBM28,-0.1776538493572914,0.4031611717463546
TENM3,-0.303625091968505,0.4031780184567484
CRTAC1,0.4596109005141002,0.4034736232453965
MAPRE3,0.5038365125071715,0.4035428211077584
PEX6,0.7228138973368239,0.403580825156412
KIAA1211L,-0.1649848015462338,0.403663417475589
BGN,0.4831156441892776,0.4037243355211239
IL13RA1,-0.1863884524410863,0.4037436894973948
TARDBP,-0.1677187216530367,0.4040312855370061
PPFIBP1,-0.4708097745802631,0.4041490745871715
HMP19,-0.3302231826557822,0.404261112819494
PATZ1,-0.2803106585559698,0.4043390583549046
GPC5,-0.5928069084802994,0.4043483388522303
FRAT2,0.2564525951213312,0.4043729773048397
PPAP2A,0.2766400583713242,0.4043744562872969
PRKCE,0.256527151104601,0.4044281484071585
ZPBP,0.42506327497673,0.4044450566254436
PNMA3,0.2131534077615997,0.4045193096111769
KANSL1L,-0.219223615391618,0.4046143433441832
MBL2,0.5440355872949214,0.4050939419308336
LRRC41,0.251317844185416,0.4051638675243326
ONECUT2,0.2347886178223621,0.4051789672990779
KLF2,-0.1983099467763907,0.4052726070423584
JADE3,0.2004411497269966,0.4054100053843315
TMSB4X,-0.0669101189925669,0.4054379392341878
REEP4,0.1244208871695118,0.4055648184552924
ADRB1,-0.453453898950293,0.4058472931128752
TSNAXIP1,0.1293699718386998,0.4059470249553384
NADSYN1,0.1916824008191477,0.4060156652436125
CTIF,-0.3615183546688438,0.406086175351584
CYP2R1,0.2667620884911219,0.4061598944889355
UGGT2,-0.1412711046712083,0.4063353979482746
CXCR1,-0.6356333671339529,0.4063673231182477
METTL7A,-0.1848943258424533,0.406413309889523
NEDD4L,0.3434666596589402,0.4065666878924267
SOCS6,-0.2477265257365681,0.4069021954342097
RBBP6,-0.2702134820070174,0.4069468598159975
TAS2R7,0.3394092369502672,0.4073470246601193
FST,-0.3312668092256725,0.4074693269654962
MRPL3,-0.1616217720493011,0.4075715563116597
FAM169A,0.512597289345539,0.4076245933583717
CNIH3,0.3579508908141084,0.407648362931821
LRP2,0.3347865046539535,0.4077079565429111
SERPINB4,0.4538032158822513,0.4077255124467707
KCMF1,0.1023119134885082,0.4079140809585208
PHF20L1,0.4393960684199056,0.407977530862196
C8ORF44,0.1563144538848302,0.4081267250144298
FBL,-0.1321919757438951,0.4081646543613584
UBR2,-0.6514195506398162,0.4081703054023184
MFHAS1,-0.1975347559361058,0.4082449152153249
RPRD1A,0.2588691616576239,0.4082848478792088
SH3BP2,-0.3989175692007132,0.4087569473801046
TFDP1,0.1904945694569386,0.4088713355592762
GGPS1,0.1526600364113468,0.4089070729754403
ERGIC2,-0.1007224855355648,0.4089896349865254
ELP3,0.1183089770933474,0.409061511773906
TASP1,-0.1668592514842561,0.4092288541778588
PYGB,0.5854862436988597,0.4092807626910011
CNKSR2,0.2981183719364288,0.4095833208180583
CSNK1E,-0.169139202933148,0.4095894506635589
CLNS1A,0.0881054221906598,0.4097024481336043
FOXD3,-0.2525523959651687,0.4097155995147131
LGALS9,0.1941554491594903,0.4097190340741947
TEAD3,-0.1595864682808088,0.4098002406625903
FBXO34,0.1014831988360835,0.4098569498006577
TPRA1,-0.0897328996098423,0.4099095461322659
GMEB1,-0.3200892488162736,0.4099126526120457
BCKDHA,-0.1448578982880626,0.4100215832816335
SIRT7,0.0986804509764311,0.4100606922502091
AC074212.6,-0.1839019852419334,0.4102916195257078
MRPL4,0.2368198700614474,0.4103936698618097
UBE2D3,-0.1379499812467131,0.4104003519499243
PTK2B,0.4706372760890911,0.410560915154996
WDR77,-0.2083913267280319,0.4105648758083434
BSPRY,-0.2905322351637469,0.4105903066619186
FOXF1,0.1495921493420491,0.4107872439028015
LDLRAD4,0.4529844642786997,0.4108370629324368
KRTAP1-3,0.5129038428003021,0.4109536232495961
SLC17A9,-0.2540874753735007,0.4109582009066883
GM2A,-0.6798540794693828,0.411037555026812
SNRPE,-0.2520232851276915,0.4110538870089667
OR7E19P,-0.3501207694315775,0.4111033728355088
CHKB,-0.1224840445290293,0.4111204646932663
RFX2,-0.3687532790493151,0.4113168777697517
MBP,0.373034249772882,0.4115481454106225
IRF6,0.1467332898694611,0.411668200244958
HLA-DQB1,-1.0145983287254845,0.4118945294299467
KIAA1644,-0.5141598446550715,0.4119350026823437
DBT,-0.3164666374042379,0.4119419553294791
MPST,-0.2356640307475075,0.4121067915305184
MICAL1,0.2424504796918327,0.4121262179801996
IL12RB1,0.3504483990976865,0.4121300446927352
LARP7,0.1497162619139933,0.412256966431128
PPP1R17,-0.2958531887291977,0.4122922345545007
TANK,0.2931864247040385,0.412352947978836
HMBS,0.100575027672578,0.4124685264849766
COL4A1,-0.2810567608679903,0.4124735535784911
LAMB3,0.2400113955188603,0.412694080077361
FXYD6,-0.1768091100008728,0.4128310354470141
STX11,-0.5461518118610735,0.4129903092118557
ZNF204P,-0.2021006182318219,0.4130150357025482
FSD1,0.1588993192732926,0.4130536327586157
SPEF1,0.1505462903879015,0.4131538909041739
SERPINB10,-0.3739470518121299,0.4133228134008784
KIF24,0.3753772008082459,0.4133245336191406
FGF22,0.4209178232011998,0.4134826492035422
PPME1,-0.0927772311376049,0.4134875648512557
DGCR6L,0.3307752607388172,0.4135072140650911
RAMP3,0.2439410969481805,0.4135243801609714
FKBP9,-0.1799540816737366,0.4135758211805329
MICALL2,0.1763973471546451,0.4136352771634303
FTH1,0.1281669974634169,0.4138077401798521
CILP,-0.4351315229747374,0.4138888957479853
PPP3CB,0.1308433412338381,0.4139085947691331
ZNF22,0.1331936625461125,0.4139115706601968
NUDT6,0.3165226270817189,0.4140054464991494
FOXF2,-0.2373237550291032,0.4142422980920501
GP1BA,0.1465228956264468,0.4143514945860873
ATP12A,0.1578543991883814,0.4143843757125005
SZT2,-0.1045472199308861,0.4144242325234613
TMEM74B,0.1754767343643832,0.4144397651098725
ARID1A,-0.385472742739875,0.4144442618085497
ATP7A,-0.2564445237569108,0.4145365514052291
VLDLR,-0.1778620613135348,0.4146059138916335
RAB7A,-0.6203899276052132,0.414695298622073
VPS41,0.5112604095533255,0.4150217191997121
IKZF2,-0.3559027619841224,0.4150781625535876
SLC16A4,0.2050806369476738,0.4151984639262156
UBE2M,-0.1175451264858615,0.4152340073315857
PRKCA,0.4510834426045891,0.4152785701252927
S1PR2,0.2139666836305016,0.4155023924024474
ILK,0.1563772101696674,0.4156644838973679
S100A6,0.106417332352855,0.4156667950543795
OTUD3,0.1359579713514023,0.4157534477898746
CDK5RAP1,-0.1124029661843764,0.415789099160598
DUT,0.1921123373704105,0.4158942580854813
ZNF862,0.4464547667561236,0.4159643365213069
BAHD1,-0.0929170728911241,0.4160701576745911
SLC15A1,-0.3670863893170977,0.4161674360420014
TEX40,-0.164871095054047,0.4162262265051094
TTLL5,-0.4195668998026098,0.4162774103010082
ECRP,0.3108878004532549,0.4162844028337748
CCL8,0.4303768385190913,0.4163277667831347
POPDC2,0.2093736847724105,0.4164183004270474
SORBS2,-0.3209782691886182,0.4164533928957077
SKA1,0.3621339551751807,0.4164637783714743
KXD1,0.2098639242933142,0.4166730485802729
PPP1R1A,-0.8052529360450773,0.4167233837226604
HIGD2A,-0.1726748776658562,0.4169291410813709
UBA3,0.1331671784243298,0.4169632807450776
DYNC2LI1,0.2649927736745709,0.4170651081451903
ATG4B,-0.164152524467644,0.4172260108247334
HDAC3,0.0999655665210639,0.4173522673753437
RAD54L,-0.2297484748382361,0.4173600744684948
ZC3H3,-0.1372679370499971,0.4174448830500483
ABCF3,-0.1137337509246272,0.4176693702532681
DYNC1H1,0.1248850593332289,0.4178343417797956
STX17,0.1351132490231954,0.4178692342886124
TTYH1,-0.1852576785439641,0.418028897435155
RNF6,-0.5410563307441962,0.4181065323422276
FUT6,-0.2912080200177369,0.4181641381713502
PTH,0.4877784597381467,0.4182200537775343
NME6,0.1283686697092001,0.4183973437810983
WDR37,0.1243396148110917,0.4184141196667372
RP4-595K12.1,-0.1961459333386912,0.4186009330998413
DLX6,-0.2455299554772718,0.4186490428636348
LILRA6,-0.2329918125597316,0.4186502107144239
PTPLAD1,0.1489624039393753,0.4186958293306275
NDST1,0.336527081902239,0.4187137796926852
RPL27,-0.0479395736414556,0.4188434383931533
IGFBP1,0.2513528987202198,0.4188975998192908
KIZ,0.5855867181387797,0.4189248163386427
FOXI1,-0.3745609086682204,0.4191161914888954
PEG10,-0.4769995124454134,0.4191997914646179
KNG1,0.3318806540903227,0.4193817614792468
AIP,0.1471819911352003,0.4193963943486226
HCG18,-0.3866426776791885,0.4194769087928091
ACVR1B,-0.3480074515326752,0.4197867611069799
CHRM5,0.2599332220075121,0.4201815679720104
TERF2IP,-0.0777323356198582,0.4203042254060616
RRAGA,0.0874959740135992,0.4203256152511019
SKAP2,-0.3013326908875289,0.4203835315426819
AIM1L,0.2767096204523742,0.420531233858135
HIST1H4G,-0.2572952637599686,0.4208210709482872
LYZL6,-0.1343623462730701,0.420884084701837
EXOSC10,0.0893729171342769,0.4209084064033581
THSD7A,0.2520599391405387,0.4209411644174555
FHL1,-0.4229546782343245,0.4210165609971726
DAPP1,0.1996131741568536,0.4211850701854709
SLC22A2,0.2878467275454204,0.4213748817242471
SPR,0.1513455948231339,0.4214244836710809
CBLB,0.4564313435102027,0.4216145260720954
NPY5R,-0.1453801784914246,0.4217155688847366
DHRS7,0.416834012493898,0.4219862354637888
DSPP,0.2096725133155841,0.4221015271423783
SLC11A1,-0.5892004706834637,0.4224348955830114
SERTAD3,-0.1531355674172161,0.4225214439423391
SDF4,0.1048527567832611,0.4226255939511451
EHD2,-0.2724778228561249,0.4229544177303393
CENPF,-0.5151795030946826,0.4230800264505246
PSORS1C1,-0.3716109502548299,0.4231952041855553
LMO2,0.1760939511971724,0.4233597665551971
NEU1,-0.138165731438578,0.4233883279039215
PQLC1,-0.1014148733883288,0.4240322791689673
EIF2D,0.1321847506331543,0.4242929903111456
RNASE4,-0.3345943849534176,0.4243525215806057
CNOT2,-0.3981308219537336,0.4244065809063203
ERV9-1,0.3491244205572874,0.4244359706364294
CYP2B6,-0.3294268123549866,0.4244550709505567
LAMB2,-0.1862612493454296,0.4245715343656724
SLC5A1,-0.1977403466803551,0.42473643509545
CXORF40A,0.0636092891604338,0.4248323519947293
COL6A3,0.0946022537752782,0.4249078507500555
RPL3,0.0504203002956185,0.4249660951649548
BRAP,0.5181646543279266,0.4250185107928043
RHOT1,0.168781208228065,0.4250315931247381
ASXL3,0.3841508425532356,0.4251673807159125
TMC5,0.4135696071655106,0.4253570191459233
KRAS,-0.2053536671400717,0.4253592975240318
OR2J2,0.32623278187683,0.4254351048877127
MAF,-0.546980342875071,0.4254412913872647
SUMO3,0.1504057400679421,0.4256509618074031
TRIM32,0.1004155493811627,0.4256653272270951
GP2,0.361344379624926,0.4257800444431899
SYNE2,0.2683582502805492,0.4258054798517932
NEK1,-0.5509488653295898,0.4259934537361832
MYO1E,-0.1638745570531465,0.4259980156079369
LYZ,-0.1828159198485064,0.4260404563915738
GNB1L,0.2540048237507077,0.4261958580953877
ABCB6,0.2332000896193404,0.4262101142002269
DVL2,-0.2924867668234183,0.4262120764476796
MIP,0.3921490517259434,0.4262528862937548
MPPE1,-0.3050951089847764,0.4263864932810698
NOC3L,-0.2114898210420044,0.4267387291453925
MIA,0.508978590749094,0.4269422316032304
DDR1-AS1,-0.3225890825064734,0.4270624972005378
G6PC3,0.2329607762616667,0.4272215250162223
NEUROD2,-0.269473675040607,0.4275026059509466
SMG6,0.3799401197129723,0.4275036980231124
GATAD2A,-0.2037240740065673,0.4275854489649762
SERP1,-0.1269337329077657,0.4276505862592839
EXOSC9,-0.1383883991649508,0.4277024499603961
GADD45GIP1,-0.3093690254969807,0.4277634837628007
S100B,0.6528999367149124,0.4278878920081936
ACAA2,-0.3239298516209183,0.4279081597526774
EIF4E,-0.3529305470781914,0.4280026234961422
RRP12,-0.3980629877144572,0.4280066729972561
TRIM23,0.3566986226583388,0.4282579684356581
OLA1,0.0902633713849265,0.4284669878301848
VSIG4,0.2596031275414354,0.428491833406859
LOC102723620,-0.1315681661705889,0.428523703109492
MBNL3,-0.3286684642947941,0.4287018474225522
PLEKHA5,0.3223609441720239,0.4287094269031848
PPCS,0.1529510269315697,0.4287586634709839
COL6A2,-0.1593186044190879,0.4290880373472184
SYCE1L,-0.47592498451524,0.4290950895717408
FZD5,0.2269817756160179,0.4291741690263106
OR2F2,0.2866404184931497,0.4292557858267417
WIF1,-0.713685271809291,0.4293627674169484
IL17A,0.3387088194911296,0.4295213008438066
CHCHD3,0.1412736544827773,0.4295908298198936
MICAL2,0.3961356935650384,0.4298934791570281
PIGP,0.1426323946411152,0.4299667977835343
PELP1,-0.1523725587136848,0.4299686197932307
RPGRIP1L,0.1813037712480225,0.4301150331981388
SYNGR3,0.4919458848749967,0.4301168981380828
SLCO1B3,-0.3982936456218255,0.4301536190402784
RCOR3,0.1781864804721538,0.4303509453330016
LOC57399,-0.327554310811923,0.4304566109790461
PARG,0.1395305873162424,0.4305013496701455
VIL1,0.3477963128447263,0.4305409979538104
IRX5,0.363707397054676,0.4308914360991541
LHX3,0.1418475124781384,0.4310230856221425
EGR3,-0.3713696249507929,0.4310241379119848
FAM172A,0.1418518761848126,0.4312951595237119
SHOC2,-0.0682023582060491,0.4314657829115834
NIN,-0.2406952930897032,0.4315345579207491
IVL,0.1418358025731771,0.4315544308535271
SQSTM1,-0.4181503121165075,0.4318062092205887
LEP,-1.0785005719607117,0.4321153485563025
LAMC3,-0.4534349023728339,0.4323578292702494
NPRL2,-0.3179703955670874,0.4325279080647399
MEA1,0.0799829127239704,0.4325852514980347
NRL,0.2942098653965512,0.4326224661499574
PBLD,0.1751179905849573,0.4326336569941846
KRT3,-0.3260243078262528,0.4326706475859324
OXCT1,-0.1594784267469506,0.4326778437811583
DLAT,0.174331947755471,0.4327080594643762
NXN,0.2684933236435114,0.4328713600222297
SLC35A2,0.1373133270197142,0.4329233830626757
CST8,0.2128142613811938,0.4331845772927622
RNASE1,-0.3240921620919281,0.4332055803806259
TXNRD2,-0.3818236698549011,0.4333517855374556
SCAMP5,0.1697267863757696,0.4333899058381544
HNRNPH1,-0.48418761860863,0.4334716156724136
VN1R1,0.3133552164002289,0.433758057438135
AKR1C3,-0.245260872289629,0.433775677910058
BCL2,0.3893930652935018,0.4337884676970356
DNAJC16,-0.2814250167583418,0.434134789451581
LILRP2,-0.2064083153793383,0.4341660462790838
VDAC1,0.1433813636148855,0.434215945676934
RBM5,-0.3446335161075753,0.4344613880728035
ANKRD26,0.4270784381448171,0.4344756698237441
ZNF646,-0.1511005277381523,0.4345551580432752
TNFRSF11A,-0.2077007111036684,0.4346235040705793
TNFRSF13B,0.1841771488249701,0.4346305565176649
DUSP26,0.2608589622980553,0.4347134055867542
SLC25A28,-0.1301474537195694,0.4350736041045644
SPIDR,-0.2164427403203594,0.4352181612967319
PVRL1,-0.2590215789090195,0.4353245712586834
TP73-AS1,-0.3694931854393406,0.4354730402976865
TBX2,-0.3828233665144376,0.4354905881483176
MECOM,-0.312364304756453,0.4356379746776512
CACNG3,0.2663988335537777,0.4356953111140835
SIX1,-0.5152225325790685,0.435708584553277
ATG13,-0.2825516190289932,0.4357325384780547
HIST1H3A,-0.2221748557335598,0.4359851727522808
GFOD1,0.1083978806417835,0.4360168508147667
LYPD1,0.3067673450565937,0.4360496300388579
ALDOAP2,-0.3250130201731633,0.4360872405221527
TEX13A,-0.2584961463123489,0.4362215809849445
ATP6V1B1,-0.2578220089974183,0.4362229581122243
HSD17B4,0.1541209276741799,0.4364950953827824
LIAS,0.4270424657573084,0.4365276208134241
LITAF,0.1683444901394022,0.4366400911225856
PLCL2,0.3095690984063752,0.4366909900473998
CUL1,-0.0703381756450731,0.4367909470376613
LRRC2,-0.212315992468028,0.4371720878648664
ATP5E,0.1081596460656406,0.4373170369878305
ABHD17A,-0.076378668545562,0.4373971248698482
ACE2,0.4555324113958341,0.437519849937858
CHMP1B,-0.2548000731366215,0.4376032817187182
AREG,0.384951154802065,0.4376375946311335
RIPK2,0.3613187794280881,0.4377132021692648
EFNA3,0.3906840832855556,0.4377397737381284
AICDA,0.3041204631401557,0.4377888600826214
UBE2D4,0.1147989122289843,0.4378398982244992
ZNF205-AS1,-0.321796365378205,0.4379863610746166
CD70,0.3101909448418816,0.4381399942769969
DHRS7B,0.1200535676098972,0.4382286059389831
ATP8A1,0.3315969799165073,0.4383510351184172
CD46,0.1516211598471297,0.4384111147254272
KIAA1467,-0.3262063729659212,0.4386154612284487
ALLC,-0.3186891622254437,0.438681489786659
MBTPS1,-0.1936196640087288,0.4387768454287444
DPYD,0.178561771962098,0.4388095334107101
CD28,0.5222885627581739,0.4388203601325567
SLC39A6,0.0990529959047794,0.4389044169148257
LIN7C,-0.3036380858067993,0.4389982260924622
C2ORF68,0.2901905260503348,0.4391341370130864
SLBP,0.0929523109045362,0.4392031389626302
ZNHIT2,-0.3403346494804022,0.4393237388985203
PIK3R3,0.2550402645570919,0.4393787842674112
PRDM10,0.236000516068402,0.4394403123266533
SORCS3,0.3396197733692594,0.4394828001207549
DRICH1,0.3444675679164826,0.4396069719100867
VSTM4,-0.2306295221398322,0.4397861288405265
CEACAM4,-0.144224698205357,0.4398937732853553
UGT8,-0.3463843618696018,0.4400539772851022
RELN,0.4152708129402978,0.4402258795141245
RAB11B,-0.2940376447186903,0.4404874187272786
CCDC69,-0.1947482227880499,0.4406198337866006
DACH1,0.2155515445334086,0.4406410869525151
ROR1,0.4132201499057268,0.4410200230008902
TPPP3,0.4025064228469333,0.4410619928196336
NEB,0.3444376649361276,0.4410688043668151
SCN2A,-0.3404203007276125,0.4410779439389896
SIGLEC9,-0.4387819877215522,0.4411546108172842
TECPR2,-0.3026756532334227,0.4411601988377181
ZNF318,0.2047171341283036,0.4412623201081891
KAZN,-0.2373702141438505,0.4412833089805062
DICER1,-0.3219705558998607,0.4413133943893176
TUBG2,-0.1726612360595396,0.4415426794825144
PAPD7,-0.0775637027735989,0.4415674094902231
FHL5,-0.3371402676873458,0.4416075465857615
SGPL1,0.235331160605023,0.4416692556480415
SHANK2,-0.4342214135840061,0.4418287753477598
PIGH,-0.1766135354556421,0.4420320909891276
DSC3,0.3965446711340004,0.4421156612266159
ALS2CL,0.0611341908760003,0.4421772066137543
RPAIN,0.4564015238612668,0.4421978868581611
DDX43,-0.3970267880523472,0.4427474965939251
LPAR3,0.0968791157949366,0.4427879363551141
IGSF6,0.2007260001615325,0.4428715132523736
TWISTNB,0.1941187019485548,0.4428760618153177
CRYGD,-0.3418610645001445,0.4429004460304857
ARFGEF1,0.0802875876075468,0.4429164356861415
CLDN17,0.3346180499258455,0.4429538035522147
ECHDC3,-0.3976970546685194,0.4429902670194599
CNNM3,-0.1004483477173057,0.4430794009646076
CSRP1,-0.1189852426904991,0.443122102315676
UROS,0.074095839752287,0.4431670814123508
PRKCI,0.2129383788798557,0.4433127257049111
KCNIP1,0.1738628338703849,0.443323384624095
HCFC1,0.2298248350104055,0.4433900856790846
PRSS12,0.2732537172120466,0.4435211459502227
SEMA6B,0.2342758144760344,0.4435271107382761
SLCO4C1,0.4922415815109198,0.4436773098919377
FBXO46,0.0950851347539813,0.4438206911942083
MCMBP,-0.122142743220694,0.4438397430285436
TRAM1,0.1974403379138696,0.4438966096948342
CELSR3-AS1,0.1085012486723528,0.444052983495425
UFM1,-0.2463300713962137,0.4441385251746398
TNN,-0.2576987688584147,0.4442354253447824
MAK,-0.4492876354288313,0.4443546357862515
CASP7,-0.0872246330843111,0.444404296634693
UNC13B,0.0887529192187734,0.4444094144008127
PODXL,0.2698093667773165,0.4444152373500965
CD44,-0.5115138468349425,0.4444273131767184
SLC12A7,0.0850085135961151,0.444767260334038
AMT,-0.2102959307552403,0.4447996724214741
COLGALT2,-0.1998775453596604,0.4450018329622275
WBP5,-0.1402867842644148,0.4451145762268919
ELAVL1,-0.1361224081022456,0.4451238094856051
CPE,-0.2953610380951108,0.4453491267326106
BTD,-0.1393380794698018,0.4455182563657314
AATF,-0.1491312162512486,0.4455655050270893
AGPS,0.1130318834177401,0.4458536832125407
HPGD,-0.3137979570747529,0.4458988308333969
ABL2,-0.1525488832239583,0.4458995396138606
KCNH2,-0.1742926772041593,0.4459220918920305
GFPT2,-0.2258343420375741,0.4459974536287782
CAPN10,0.4912628683335764,0.4462811340654045
S100A10,0.1091522397711699,0.446423539047027
SMPD1,-0.3448938640794967,0.4464246080050734
TACC1,-0.2077168536604259,0.4464906972234597
MS4A2,-0.1688138450121421,0.4465709505886001
AQP8,-0.2706301206265671,0.4467483597707977
SEC24D,-0.4297732021108125,0.446786456929778
PMS2P1,-0.0924832009367619,0.4469245916664981
MAML1,0.0535501536702813,0.4470198150871607
ALOX15B,-0.2133871760630183,0.4470505444648701
POU3F4,0.3559319047580409,0.4471171305392329
TSHB,-0.1917630832060153,0.4473199562324502
KCTD3,-0.2003215083502478,0.4473902595921896
AIPL1,-0.1669887744878631,0.447508447269257
IFT22,-0.3944859541902792,0.4477164434277077
TRIM38,0.1400108801623023,0.4477515250009298
GCAT,0.1907988015225639,0.4477604903820793
NOL7,0.1044036333678768,0.4480574714913524
GNL3L,0.2915884110034135,0.4481005467264978
MKRN1,-0.1261253059157638,0.4482807561329844
NSUN7,0.2734289493907491,0.4485429596099636
SIKE1,0.3877700669170059,0.4486527383529569
BMP8A,-0.4896423189199717,0.4486528795629561
SLC22A11,-0.141893194795132,0.4490875485552145
GHRH,0.2461483909051764,0.4491904002595678
POLR2K,-0.1690419306055499,0.4491986068415469
CSTF3,0.1630285989763429,0.449352835818111
GPER1,0.4611840992819331,0.4493587566714161
ERN2,-0.3756500743956596,0.44936064794349
DARS2,0.0851760468058042,0.4499294316712187
FKBP14,-0.172840948449684,0.4499398476487512
GMPPA,-0.070154029754347,0.4502734104487922
GCM1,-0.2978792232856166,0.4503265522846191
WRAP53,0.2990634983814626,0.4506071991054229
NIPAL2,0.2295088970636154,0.4507237199657314
HIST1H3I,-0.2315982525984825,0.4507519831866841
PRDM14,-0.2438683676108146,0.4508125316629169
UBE2O,-0.3612240419137906,0.4508602097864641
PPP1R12A,0.1226884098038159,0.4508796980482127
PLAT,-0.3225290310584796,0.4509697503988291
GPR50,0.2166480410568692,0.451028975870436
FECH,0.1560498799526737,0.4510687831540702
ADAMTSL4,-0.1652933672149155,0.4512185237316287
NKX2-1,0.3573364801486933,0.4513579095523281
SCN7A,-0.3368192127839511,0.4514538720632093
MAPK8IP1,-0.1789034649922003,0.4517505250305678
NRAP,-0.3359053294853042,0.4521420842406547
PHF1,-0.23871284481777,0.4524491291711305
TEX10,-0.1431612805053852,0.4527078407756174
AC004692.5,-0.2964493627705531,0.4527948214372506
NPHP1,0.3287724025654368,0.4528044974758832
MAP3K12,-0.4670396866733108,0.4528088994265799
PC,-0.3717319747653977,0.4528172461710754
RAP2B,-0.3744273951505343,0.4528981364747186
MAP2K4,0.1244578108689333,0.4529773034628596
CLC,-0.3932498582623811,0.4529964373292859
FOXRED2,-0.2894920219741417,0.4534182501691671
PDIA4,0.1319659714662044,0.4538314157524475
YWHAZ,-0.149693612253964,0.4539697814885654
ATF1,-0.1770250115201364,0.4543071191369703
POLDIP2,-0.0865898867678485,0.45455264511133
FAM49A,0.191076323071524,0.4546389872746851
FGF6,-0.2973194050960321,0.4546458548499772
HIST1H3F,-0.3970408041876028,0.4547065376616531
ADH1B,-1.0636456295008196,0.4547937363961138
SEPW1,-0.1372933885372838,0.454853732839016
TRO,-0.6011792380850505,0.4548564323396661
FTO,-0.1629055530121679,0.4549503626729548
PARP3,-0.1718728573648373,0.4551081640606215
TLDC1,-0.191834176125992,0.4551102845492402
TRMT13,-0.1319959550508755,0.4551294723003385
NGRN,0.1161325255793066,0.4551313418828889
WNT5B,0.543306980261808,0.4553488500425657
SOCS5,0.2092024574449098,0.4555322527784165
FRMD4B,-0.3255991565490364,0.455680145665531
IFFO1,0.1365917420669227,0.4556865897705913
KCNV1,-0.5043244686241528,0.4558687836422416
AKR7A2,-0.1610237787541546,0.456202792598636
APOL2,-0.1433824960312861,0.4564280333781823
CHST7,-0.3255926804500193,0.4566773370483961
GLP2R,-0.2237258165235891,0.4567850358921033
GNPDA1,-0.1498738205928838,0.4568741897166819
ACAN,-0.1717178694960459,0.4569564410549281
TNFSF14,0.4780755174664626,0.4569742328330954
EPM2AIP1,0.1217359981653807,0.4571193091347914
MGAT4C,-0.3135593830956544,0.4577463612924786
IKZF4,-0.1469303728601723,0.4577482772255404
EDEM3,-0.2094828882531096,0.4577540990472257
NPM3,0.1185510141050922,0.4578040602329986
ANP32C,-0.1836616620994124,0.4578606570222563
KCNJ5,-0.3968032590053258,0.4578797418540418
C3ORF52,0.5053820882243718,0.4578934372455229
MORC2,-0.1332654824752435,0.4581585923013223
C4ORF6,0.2902878284836916,0.4582411313541316
BPY2,-0.2175694497704845,0.4583038626945768
DLGAP2,-0.2517348197438416,0.4584055796264239
MKKS,0.1073547734169526,0.4584571236501885
KLHL4,0.3343319436579763,0.4585801343316465
A4GNT,-0.1332212436930122,0.4587379289738859
NR1I3,0.2456632822722859,0.4587433651666655
CRNN,0.3480052720489244,0.4588779215006385
ULK4,-0.2182091443270106,0.4591230156723367
EYA4,-0.3526088888046832,0.4592311144895274
IDH3A,0.1325436843063911,0.4592319398145004
FAM86A,-0.1561147605452131,0.4594008670730285
SEMA3F,0.4606579250264122,0.4595052726535849
LDOC1,-0.1668368229862302,0.4595834560808849
LZTR1,-0.1217404154448456,0.459650947748717
HAO1,0.30586990616532,0.4596593272295455
ASB9,0.1308454719202814,0.4597994948198612
AGAP1,-0.1845026110789778,0.4599334424620712
HSD3B1,0.4253351395121716,0.4600251518982548
SLC25A10,-0.3620559077656411,0.4601040809933997
CATSPERB,-0.159909569251111,0.4601328338953317
AUTS2,-0.1981801917377179,0.4601462136043528
FOXB1,-0.2468618458944527,0.4601508991636317
PARD6B,0.401997756074163,0.4601820804914567
ITPK1,0.1840657801322445,0.4602363806004758
CCNB1IP1,-0.127842580542719,0.4602430670451327
SCRIB,0.1214076776061379,0.4602651201976228
OR5I1,-0.3261033054627109,0.4602699313538311
LIN7B,0.1543281363761162,0.4603341429582194
CCIN,0.1420053862794263,0.4606000038013451
CHMP7,0.089639563659265,0.4608342302794704
PFAS,-0.2093599597195714,0.4609044076120419
DNASE2,0.3107763502664822,0.4611487979558605
WBP1L,-0.1205165221259445,0.4611934458771036
KRT85,-0.1675884865583272,0.461332925305719
ZNF32,0.1611613622124963,0.4613452619581035
SNX7,-0.126420317165472,0.4614327739144208
PSG4,0.2573078516320795,0.4614969701056031
ANKS1A,0.1587253599147402,0.4615224300227741
KLHDC4,0.1276280140012469,0.4616296852127389
XPOT,-0.1809628384622712,0.4617440258282507
PEAK1,0.2773362638198984,0.4618566077518106
LEPREL2,-0.2743261124902245,0.4620010676625644
TPRKB,-0.1425452803711895,0.462073154306041
EPB41L3,0.256774028044413,0.4621840213329103
ACTA1,-0.3081286082850081,0.4623174862122668
GRAP,0.2675031257533797,0.4625834848061341
RB1,-0.3097463927691581,0.462933492439586
KCNJ6,0.4104565298414311,0.4629337051435208
DNAJC9,0.1081206872708273,0.4630354479707438
GPR124,0.1823625057113922,0.4630605795720142
BCR,-0.2123326165833674,0.4632733863856077
DGKA,0.1813780325941216,0.4634289748637187
TMC7,0.2740252471337943,0.4634553426186588
LGI1,0.3716422289323886,0.4635774126758573
MED9,-0.1011523778289973,0.4636789153822945
RAB27B,0.4166406090865457,0.4640229938647918
PRKG2,-0.2463882268220496,0.4642265666419152
TLR2,0.3274466934164106,0.4642404668851637
BCL2L14,-0.2044105060092489,0.4648132744288662
USP7,0.1810567568176289,0.4649254885097219
RBM47,0.1984273520487143,0.465067936987277
DEFA6,-0.2536538295544974,0.4651147805269272
CCT6A,0.1978738550138459,0.465237096426272
A2M,0.1330393809132548,0.465332367961133
LSM7,-0.1264485756522688,0.4653629681008545
ANKRD6,-0.2077072180691033,0.465651177610247
DUSP21,-0.3106488381174159,0.465723530424329
RRH,-0.1806777983260588,0.465943400212425
GABARAP,0.0816150675875277,0.466102704071125
RGSL1,-0.3510070525560076,0.4662318665353689
GPR75,0.3080715179945104,0.4662800072029538
WSCD2,-0.2208909482808168,0.4664171780005959
ATP5SL,0.1496707428600157,0.4665500817787045
TBC1D13,0.4427204120888586,0.4665716843150134
SSUH2,-0.2647473906835857,0.4666148010502326
IGFBP6,-0.4115003035057061,0.4666528348474032
MRPS31,0.1524203054891497,0.4667691056735484
DOLPP1,-0.0718054825553693,0.4669742990070032
KIF5C,-0.1899768326120927,0.4670723701581804
MFSD9,0.1147580588151324,0.4671275898604956
PDLIM3,0.2387358119628544,0.4673764540388984
SMARCB1,0.0874396518816489,0.4675976858077904
DAP3,0.0864203539698831,0.4676888081450938
HPCAL4,-0.2498802867414786,0.4676986274973296
MEIS1,0.149092337717474,0.4678341828122233
CNN2,0.1193672388899376,0.4679313394086301
AGPAT4,0.2103365892579756,0.4680780029168871
PREX2,0.169710103540587,0.4682845042807693
FAM134C,0.1266169932359204,0.4682954403735005
ATP6V0C,0.0821405580050775,0.468552592686472
PLCE1,0.3669684475272294,0.4686529036427126
PTK7,0.4400150504279718,0.4687424820265637
CAND1,0.1582600103247013,0.4688061105865734
PI15,0.1459763059481922,0.4688828052275753
ZNF217,0.2173587104698917,0.468888565042948
PIP,0.2524495566808733,0.4689471174308375
GNGT1,0.3733769317087949,0.4690590346367907
SLIT3,0.2965000958491242,0.4692155026312133
SNX29P2,-0.3342351578815479,0.4693852960336939
OGFRL1,0.1660653244964862,0.4694216922174249
C6ORF47,-0.1057851369829716,0.4694581554224952
MEX3C,0.1787760704044885,0.4697630585326714
SPATA6L,-0.2676169223120865,0.4699541519520661
LOC100506504,-0.1505128686074499,0.4703793214684078
NFYC,-0.1526697471729017,0.4704799348722968
CUTC,0.1432688356179543,0.4704847917676689
DCTN6,-0.079840458221712,0.4705889317197178
ERLIN2,0.0871967704250771,0.4706678476906499
GPR3,0.3016367498116361,0.4707117195639243
CEACAM6,-0.3095218600415528,0.4708056665484574
RTN2,-0.1685256044672893,0.4708424172758488
SCML2,-0.1346840376862337,0.470858377283912
FBLN1,0.4106026320194669,0.4709688829120758
RCE1,0.1939794038554083,0.4711403154613306
NDC1,0.1615555094060674,0.4712204860586518
XPNPEP2,-0.2789736199911719,0.4713390265215049
RORC,0.2237454317024383,0.4713821393218428
LHCGR,0.3562426382999835,0.471477998223861
CHST8,-0.2663380971701823,0.4714936997106202
NKX2-8,-0.2455732415485734,0.4716943211135952
IFNGR2,0.0840512922920257,0.471750903830367
GLI3,0.1576773098611852,0.4717629755585318
GPX5,0.2665842170196137,0.4721823313186859
BHMT,0.2615119944236541,0.4724614719445259
SMIM14,-0.2904050112234833,0.4725683818156356
CCDC28B,-0.4135641363316766,0.4727327993963643
ARSD,-0.4933459903595754,0.4730544004907825
MC1R,-0.1552512578451201,0.4730930782470097
CAMKV,0.118101874971682,0.4732461425496565
GRIK2,0.4077490763603366,0.4733888796424551
DNAJB2,0.1895854263874934,0.4735939807009292
ZNF254,0.3742192638845063,0.4737334050094608
MED12,-0.1705211053315913,0.4737956530518886
UBE2B,-0.1723791231241058,0.4739050257861895
KRT35,0.2869216255779161,0.4739577467111889
HIST2H2BE,-0.1827748462231078,0.4744727078621418
ACSL4,-0.395986743185313,0.474699064961981
TAS2R10,-0.2709988328869368,0.4748111546143322
DGCR5,-0.2960579150450009,0.4748268028656008
PPP2R1B,0.3437635279779503,0.475099278264288
CXCL3,-0.7557324812671382,0.4752294167214642
C10ORF10,-0.4206657565270575,0.4754052008953583
KIF16B,0.1405048634147565,0.4754317339656385
TSPAN2,0.330953025979297,0.4754592661179721
DR1,0.3908730363746042,0.4756049255522848
VAMP5,0.2678840347824969,0.4756393414456493
DDRGK1,-0.0658452924995121,0.4757016645878738
SCN4A,-0.3343179864209462,0.4757133746091826
HIST1H2AJ,-0.4616449275830501,0.47596634864699
INPP4B,0.2581295035147208,0.4760826724134987
SURF1,-0.2955770602812162,0.4761900597579011
RAD51D,0.1059164039487772,0.4762451842989614
JMJD4,0.1609735956102502,0.4762677009672767
NPLOC4,-0.0699476459368586,0.4766152058121235
AVIL,0.1931076705552223,0.4766468698862707
OR2F1,0.31195909986935,0.4766883499307708
XRCC4,-0.2845716985995965,0.4766967191753279
RNASE6,0.1515301511682736,0.4767684059781585
CPLX2,0.3296396992183266,0.4770456717990187
EPX,-0.2016722702926818,0.4772078247001168
MID2,0.1861651762907552,0.477252977793626
FXYD7,-0.1492199916037044,0.47766525373292
MYH1,0.372523398595789,0.4777461949471074
CD180,0.2169802201784261,0.4777581775070298
TFF1,0.2523980561409473,0.4778924224322344
PPIB,-0.0790500482725828,0.4779374666188997
CCDC144A,0.3343324531364207,0.4780432055712669
BEAN1,-0.1580422631265019,0.4781278089762135
UCP1,0.3000538131841788,0.478174019442919
MYO7B,0.1707179785076054,0.4781921800160066
UPF3B,0.1118214354255489,0.4782108797486388
SMURF1,0.2400857444617501,0.4786459494729683
SLC4A1,0.1494090225807607,0.4787445439679543
KRT15,-0.235854330482236,0.4787599006678343
CAMLG,-0.1520453453485153,0.4788986787816081
SLC6A3,-0.3048363842422033,0.4792342661487915
MIER2,-0.263336622652548,0.4793005961106749
CCDC82,0.1836183554726771,0.4795893003104703
PCBP4,0.1328326833421265,0.4796370215840957
SLC16A10,0.2810971119800456,0.4796976227431259
P2RX4,-0.2162143397640541,0.4797134597172699
ADK,0.1491266185912216,0.4797384091388388
PVR,-0.3356648642271498,0.4797407801833712
C1ORF115,0.2195529812465402,0.4798318191992289
HS3ST1,-0.337635063601839,0.4798575854092361
ZNF271,-0.0952344801443665,0.4799227620576996
LAMTOR3,-0.0661188636000087,0.4799734491158334
HSPB8,-0.1849546569108859,0.4799963516950128
ANKRD27,0.1064423752091823,0.4800179267889579
CPQ,0.1681540098445371,0.4800598284045426
LINC00652,0.2816208946944831,0.4800968333358063
TMEM184C,0.0823238524682263,0.4802234198401526
PCDHA2,0.1367074201946851,0.4802566565826716
GALNT12,-0.1984264345912834,0.4803621925965818
TGS1,0.2182583015142576,0.4803999118847909
FBXO2,-0.2147681814936808,0.4804143521533985
COL19A1,0.2541593912916844,0.4804207157715359
UBE2D1,-0.3623278303292245,0.4806262709481397
LATS1,-0.1800986312528003,0.4806562981053759
SNX5,-0.0660675261678882,0.4806691568941316
DNTT,-0.1559104969483358,0.4808654320446333
ITPKA,-0.1949375228754464,0.4810815056018374
RPS3,-0.0609524333271007,0.481094474015172
GPR98,0.1510169460384123,0.4812192266705593
IFNA10,0.3742172631737581,0.4812635752980581
TCRBV12S3,0.3064234842122104,0.4813335202536277
PSEN1,-0.1214069074603703,0.4815047750116496
ACP1,0.3220204678325071,0.4815448486811481
MEGF6,-0.3018513440040928,0.4817396740150512
ABCA7,0.1292932238517723,0.4819036252787833
OVOL2,0.3372239867067916,0.4819445388289354
DIDO1,0.1499017086581489,0.4821493827355275
ENOPH1,0.1338583609109633,0.4823816499353384
CALML3,-0.2879208336431267,0.4824073551746012
SLC34A2,0.2448874498739428,0.4825069780873246
NUP62,0.1649859846689771,0.4825770992882289
MAP3K14,0.1392308379969513,0.4830071947835097
UTP18,-0.1937523907722793,0.4831000729803008
PSORS1C2,0.1641641805308706,0.4831808624456173
SULT1C2,-0.4717870947194091,0.4832100820551485
NT5C2,0.1718307258145124,0.4832192172083629
FAT4,0.2919946913518547,0.4832231674404039
EMC6,0.1231702751056236,0.4834088484620822
SLC52A2,-0.1565539921097123,0.4835323304565243
DEAF1,0.143646346796876,0.4835636741232398
GEMIN7,-0.2639434125153412,0.4837495089926428
COL21A1,0.3255158900727162,0.4838375630101908
IL12B,0.2107797199730292,0.483966419570815
TMEM38B,0.2444385800345188,0.4841413269098667
MRPS14,0.1231349825838128,0.4841734582349118
LOC100506699,-0.1844367471314267,0.4841965838089517
LAMC1,-0.1202840728766823,0.4842847147201629
PRND,0.3488046017817829,0.484299180465008
CDH12,0.347102948242957,0.4843333653140758
MTCL1,0.1995765230412178,0.4845532427981479
RAD51C,-0.1354633141204129,0.4846384753373856
SCN11A,0.3905874882261599,0.4847147998799225
FBXO3,0.1267356663722836,0.4848324262117682
ZYX,-0.1308193722309383,0.4849393663382964
ZNF136,-0.1073133254715745,0.4850011408916376
RER1,-0.0868463700722586,0.4850875773094996
VGLL1,0.369338019966537,0.4851630576717985
TTC28,0.1249232634584629,0.4853795939815616
THG1L,0.1182978480431407,0.4855145412663356
COQ2,-0.111648259626893,0.4855667665029716
CEACAM8,0.3692100730869394,0.4855854361751027
CASQ2,-0.4583459947414461,0.4856798451405568
SLC22A7,-0.346001164967137,0.4856885869886091
MAGEA10,0.1561733764458144,0.4856985133711609
STRA6,0.2815838025307267,0.4857248731560014
HLA-DQA1,-1.1374329132320895,0.4859926687979065
ZMYND8,0.3797699672367649,0.4861026691960042
ARAP3,0.1364575782407158,0.4861430397469115
LONRF1,-0.1471803325814775,0.4862054626864644
MECR,-0.112395861926049,0.48626635400211
DCP1A,0.0636168423943033,0.486318542143407
GSG1,0.1687703143272294,0.4864603563206059
PDCD2,0.1939979898387225,0.4865481303369547
FRZB,0.3638767523578501,0.4865812702782188
THBS1,-0.4202475212561607,0.4866378554120172
CDK2,0.3398240928308729,0.4866613043403801
HERC5,0.1189616389278178,0.4866638786552635
UBFD1,-0.1108525786264689,0.4866666402411631
PRSS2,-0.2882586040496155,0.4867759850193033
IL1RL1,-0.280625568986971,0.4868128680442035
NEUROD6,-0.1634870842538074,0.4870385875758224
ZNF654,0.1827185281383778,0.4870653305272727
NABP1,0.4759062476589539,0.487591101213126
COPS7B,-0.1029572838280818,0.4877291957983826
HIST1H3C,-0.1666111432197632,0.4878258169662378
LINC00574,0.2251588102706154,0.4878971637311558
LIM2,-0.2886847041298956,0.4879628659878747
LZTS3,0.146115759073222,0.4881486340126899
SPARC,0.1538831965728313,0.488200373391488
MED28,-0.1450496216712693,0.4882530077221728
STX10,-0.1590233919325392,0.4882928717024302
RAB33B,0.1754511137832324,0.4884108634585565
TSPO,0.1318771390163569,0.4884211309927131
PPEF1,0.3191159749276977,0.4885388507460413
TFPT,0.1661904775389615,0.4886309960377024
FAM49B,-0.3853993858415716,0.4886965661554152
EIF2AK2,0.1389621537128071,0.4888778463407121
MTNR1A,-0.3748977752272804,0.4890508152904814
HERC2,0.0992645693538083,0.4891989582905754
CYB5B,0.1921678057769771,0.4896494986224878
BPIFA1,-0.1400298869164213,0.4896973682997151
MPZL2,0.4707609808492101,0.4897723871343773
NUCKS1,-0.157897156205486,0.4899366340608591
RNF220,0.1019355788424949,0.4901091464114228
CD63,-0.05353208628601,0.4901464263044586
SNAPC5,-0.3262402249411722,0.4902141937273275
CREM,0.4272196005486091,0.4902516617549327
RAMP1,-0.254502425964179,0.4902872418372982
SCD,-0.4340015996063844,0.4903487341905107
EYA2,0.3099696872593487,0.4904489647456413
SVIL,-0.2004748818579136,0.4905134421400084
MED7,0.2563143317295626,0.4905439071432206
MED27,-0.3422709511977215,0.4906451624914252
LTC4S,-0.3426110474117623,0.4907610511485455
REPS2,-0.2844712730655621,0.4908960558675201
GNB5,0.361695697683281,0.4909178188509339
RPP14,0.0899057302595096,0.4910987887097892
ST13,0.1523644984652676,0.4912431477818744
RBFOX1,-0.1548877152623742,0.4912617122737486
NT5M,0.2904240092694041,0.4913051530521294
NEDD4,0.1463170960405726,0.4913318476048292
AC084219.3,-0.3944369561565897,0.4916738665728822
C16ORF80,0.1156338887943881,0.4916748489942986
WNT11,-0.5459668918198526,0.4916899357899728
EED,0.2878732806775765,0.4917156494595546
FAM127A,0.1315792375578901,0.4917411336285913
PRR5L,0.1979420128768545,0.4918311640984903
MYL9,-0.2414512648620004,0.4918425439234123
MRPL22,0.120718916390432,0.491857001172124
CYP2A7,-0.1744759321857936,0.4920692135137571
LGI2,-0.4140096166364815,0.4920712245440537
PDE8B,-0.323035828238865,0.4921006194306458
NYNRIN,0.4455077932556888,0.4921557905972085
RRP15,-0.3041121207086679,0.4924512465010089
PLAGL1,-0.234181811812288,0.4925015798530422
DNALI1,0.2366678459018523,0.4925298863013355
SLC50A1,-0.1464436854227653,0.4925752035213551
PTPRJ,-0.3770861537278036,0.4926042305215943
ZNF696,-0.2706506596150415,0.4927014460324833
NOX3,-0.2129843616871949,0.4930131883345865
MPI,0.1142538648890942,0.4930133574962629
FAM107A,-0.4658160602922221,0.4930924275245464
FOXN3-AS2,0.3099137821637594,0.4932607700242803
ADPRM,-0.1334426891973246,0.4932789930078617
RAB9BP1,-0.5130650196391229,0.4933220706116655
PYGO1,0.3375529812244755,0.493750806862708
PGM3,0.1608957742710028,0.4937704686393196
AQP4,0.3222625575780311,0.4938486401101556
ZNF350,0.1459993841819811,0.4939407242661495
PKP2,0.3546558139580069,0.4939804692023297
CYP1A1,-0.3149591218509915,0.4941786975380551
NIPSNAP1,0.0997110911991532,0.4941986617315824
MTRR,-0.1427740556792907,0.4943922377170199
GPD1,-0.8954368160035644,0.4944960141174217
CTNNAL1,-0.168166977130113,0.4945053573040728
OR12D2,0.1730564359902864,0.4945956315151523
TIMM10,-0.0889109745808713,0.4946282510478132
ST3GAL6,-0.3052016577000827,0.4946702854800722
NIPBL,0.111736713566712,0.4947281848971671
PCNXL2,0.2373687324477851,0.4947454247900429
PNLIPRP2,0.2542322131957935,0.4950655704454499
APOC3,-0.188574522166582,0.4953651863510963
SARAF,0.0932026549838802,0.4953884920722222
MORF4L1,0.1154808883669993,0.495408888915233
INTS12,0.0788376333706448,0.4955176350832328
DIABLO,0.0775512618251461,0.4955402932685023
FLJ11292,0.3131690949650352,0.4956232414943813
UNG,0.1676502707829952,0.4956519031265123
MRPL20,-0.3368600742253775,0.4957012734036702
KIAA0907,0.1312828957288356,0.4958518149539773
FEZ1,-0.2052528136626774,0.4958685135000296
ZNF235,-0.2413214627071975,0.4959080050288163
ZNF273,0.1279208548141905,0.4961565197189472
DSCR4,0.1917686240828606,0.4969002395673717
ZNF335,-0.2830110632141096,0.4969945116199967
TBC1D10B,-0.0696277650627283,0.4969961012176564
MAGEF1,0.1140752265036351,0.497125703716401
SLC28A3,-0.1389738395293767,0.4971859345871633
HAP1,-0.2618742754102179,0.4973313634694463
EYA3,0.1899203135777751,0.4975212346016417
PDE7B,0.1366887811699992,0.497593312559435
HPS4,0.1186640969846823,0.4978862234309156
TRAPPC10,-0.2853554661261164,0.4979494243977316
RNF25,-0.2395233626543254,0.4981152693590893
LRRTM2,0.2897267492468032,0.4984019036456987
CACNA1G,0.3559843190034018,0.4985581358859837
RUNX1-IT1,-0.4773330390700074,0.4988175994241755
DCTN4,0.098297994375379,0.4988878942312995
MTHFD2,-0.2465193048170118,0.4990700783095365
LOC101927181,-0.3036001108289712,0.4991901281210599
LOC100287387,0.3689370738189907,0.4991934727807041
LOC100505498,-0.1560216205192794,0.4993271878226838
WBP11,-0.1504305400709658,0.4998348082379434
ANKH,-0.2217164336064954,0.500129524971507
HOXD10,-0.2362779716841054,0.5004839780427232
SCARF1,0.3150630780286167,0.500514453278753
RNF139,-0.0924673079828881,0.5005785252302211
SLC35D2,0.1458715892694266,0.5005949072335579
NAA60,0.0976649969947374,0.5006289900618419
AVPR1B,-0.2176198756439156,0.5007099872151869
XRCC6,0.2747367794593405,0.5009215045617805
JADE2,0.3395569331990598,0.5010206405390651
KIF13B,0.0843883675476018,0.5010781983903482
MOBP,0.2295218205283387,0.5010816629244177
DRAP1,0.0744551410116489,0.5014534634932353
MSH4,0.2560628700394902,0.5015147473957138
NPY2R,-0.4171299192649582,0.5017202141369924
FBXL5,0.1185834729748211,0.5019474203601816
PDAP1,0.2818131809531747,0.5020090104393835
WNT7A,-0.336185950770286,0.5020136897374421
OR1A2,0.3465340669222518,0.5020477039262755
SPAG6,-0.2326091875643348,0.5022508001661314
U2SURP,0.1483379472565582,0.50246482912226
GID8,-0.0628781231641752,0.5024930565583959
SUOX,0.1228770505418399,0.5025127986697009
CISH,0.1690250084808422,0.5025811874506676
TSKS,0.1276004521430023,0.5026449368971504
TMEM109,0.1292644632533619,0.5026749838417107
RP5-1119A7.11,-0.2783873090904381,0.5028715158159177
MEF2BNB,-0.1849141180263807,0.5031347112624615
NUP98,0.2421136096768794,0.5031776391444809
GTPBP4,-0.3269271933246704,0.5032042238801097
TNNT2,0.2566070371149749,0.503208414118147
ABHD17B,0.1070022153131597,0.5035358913691147
MYL10,0.372281618008456,0.5036984695482175
FBXO9,-0.112786016434069,0.5037896787428107
KDM5C,0.0737881322938651,0.5038310176079033
NPFFR1,-0.1746319798422186,0.5038797235430112
ETV6,-0.1453300384906173,0.5039408078488432
PDE4D,0.2967514201099299,0.5040893086990177
CETN3,0.1685374409142817,0.5042308772260111
EYA1,-0.4006262901662198,0.5042393644028019
F8,0.1543064816907726,0.5043981127665333
H2AFY,0.1175881230536735,0.5045383709449286
MPRIP,0.0820982987055458,0.504783900119002
ZNF672,0.0640998432368338,0.5049311085915552
HSPA12A,0.1921655321301041,0.5050942884786898
KLF8,-0.2050886568427481,0.5051881920085235
CPEB1,-0.4252552622785446,0.5054016051797184
ECM1,-0.1812967849411215,0.5054080535942111
FBXO24,0.1735292216957011,0.5054143866478353
SNTB2,-0.3720573083406568,0.505444189862826
KRT33B,-0.1310668979860216,0.5054567393872463
CDYL,0.4258696154009493,0.5055037518389001
GRM4,0.1303401312918479,0.5055638268357042
DNAAF2,0.1873479993736664,0.5059970431546821
RRP7A,-0.1317440053141503,0.5061032197317492
TAF2,-0.2121280139564003,0.506157040804349
CRYAA,0.1527397734099089,0.5062697119728204
HNRNPAB,-0.140747804327086,0.5063179280256246
SRP9,-0.0750093890379375,0.5067926884672637
MTDH,-0.1016817014422581,0.5068666090336714
CDKN2A,0.2832613941997772,0.5069109928362773
CEP104,-0.1400003715173277,0.507021626428996
SLC30A10,0.403442383542,0.5072764049080318
HAVCR1,0.2337990772205858,0.5073323136561119
CARKD,0.0633278048928733,0.5077070583001003
FAM188A,-0.1618235892256443,0.5077498253749663
TET3,-0.2108489815895762,0.5079708565838074
HTR7P1,-0.2424007371243908,0.5080143646683128
SPN,0.2656908660147881,0.5081591011411484
KLHL3,0.3116557600177954,0.5082779032981503
DNM1,-0.1905006852736903,0.5084613398802438
SMARCD1,0.0849608278584437,0.5086266437459838
SPP2,0.3107836069484611,0.508721473946073
LRP5,-0.1716767695465622,0.5087389165338632
MTHFD2L,-0.2972558202608768,0.5088040344314443
ZBTB10,0.1109951358860614,0.5088645145438306
SFTPB,0.2603153268288052,0.5090329364464677
SRP72,0.1919538160449843,0.5092841081341613
CUL4B,0.1119964795106565,0.5093092318039993
ADAMTS7,-0.2016994413892492,0.5094710283956443
HGFAC,-0.1301740855047537,0.5097786209806512
ASPH,-0.3548485769375884,0.5098047837037374
XDH,-0.1635413043527185,0.5098546426113373
HIST3H3,0.2988124483358372,0.5099984590653576
THUMPD1,0.1328045412014376,0.510226084850704
ALAS2,-0.1736001112467748,0.5102484013630166
SUPT16H,-0.0650267719236499,0.5102583994186891
KRT13,-0.2810420354525478,0.5103739668370803
SLC17A3,-0.1309574266295472,0.5106291663910313
ADAMTS13,-0.201369455579754,0.5106327223714267
STAB2,0.2470322481468709,0.5107683135055522
NTHL1,0.2520565687379514,0.5108560491483242
SOX1,-0.1589059041764886,0.5111760565001268
HSPBAP1,0.1516385401302162,0.5111976141579446
MAP4K3,0.1910705403707044,0.5112411709051071
KLHL41,-0.3871021326163317,0.5113167977765803
MAGEB4,0.4302994848641557,0.5113566941160369
AMD1,-0.2122923641208949,0.5114346049637138
PTPN18,0.1484784012105233,0.5115230284890668
RPL37A,-0.3035035395752725,0.5115234621770229
C22ORF46,0.2415585222581455,0.5115420616963982
PPP4R1,0.0835841575668077,0.5117371110661734
BACE2,-0.1446187228973965,0.5120842623502602
POLD4,0.1354537805307849,0.5121228157139642
PHF14,0.1766458178739176,0.5121882432488688
FANCA,-0.250290271752644,0.5122144930724906
ZBTB1,0.1795105969485826,0.5123191210234181
ERC2-IT1,-0.2131391976746259,0.5123261991832889
TLN1,-0.0935959331472506,0.5123293712946889
ALDH3B2,0.2361565414073769,0.5123559493533156
RIT2,0.4102294547271543,0.5123940573319012
LRRC75B,0.1888112940447861,0.5124082149623863
NT5DC2,0.2297645596416089,0.5126049359466395
POLL,-0.1952815952086064,0.5127331493216242
CDKL1,0.3466000765180679,0.5128171871336831
MARCH2,0.118790633857138,0.512818488396687
SLCO1A2,-0.3376173046893216,0.5130140349782315
SEC61A2,0.1610246500324139,0.51310525087019
PCF11,0.1076691270205376,0.5131388278500055
B4GALT6,-0.3389833125151344,0.5133959246954746
BAZ1A,0.222067759660435,0.513436040055812
RPL36AL,0.0992261411664845,0.5134483441013679
DUSP6,-0.1886897259896454,0.513466026443208
LMX1B,-0.2790656947283527,0.5134757763089508
KCNH4,-0.1202648010429268,0.5135826463693154
ARMC9,-0.4149810056493437,0.51374951113977
TRMT2A,-0.1158369171936639,0.5138025851047734
SLC26A2,-0.1218219221069425,0.5138595931877308
HIC1,-0.4799530590672285,0.5142253624740378
LRRC37A3,0.3995700287652513,0.5144437148813082
FEZ2,-0.133963987604579,0.5144496075222661
GRK4,0.4077216908176639,0.5147104189062396
IFI44,0.2508515152733874,0.514871270902396
ART4,-0.15373503304414,0.5149443884982637
POLR1D,0.0984156881717925,0.5149952701794676
GJC2,-0.3140244149768385,0.5151762536607473
MBNL1,0.4464654096305782,0.515310969720469
KIAA1024,0.3174409208748878,0.5153414917498496
HRG,0.1585083665546767,0.5156869035000611
ZBED4,0.4488399270451513,0.5159073387690081
ACSL3,0.1139068385860451,0.5159108077920481
DHX40,0.0974333976126633,0.5161656462216903
TLR6,-0.1258363416369619,0.5161756743358319
SYNGR4,0.2629179343632586,0.5163203365281488
MMP16,0.3267019011451504,0.516519526175979
TAF4,0.2087706024386761,0.5165650462086029
ENTPD7,0.3102112501021272,0.516670904614169
EPHA2,0.2890403618835613,0.5166898981357664
VASP,-0.1300753759523321,0.5167458009901259
ACKR4,-0.4211754108640679,0.5167588211469862
RBM15B,0.0959167821549815,0.5168355430002527
EPCAM,-0.3593344890266845,0.5168512008714947
CLDN10,0.1419577649334131,0.5170228672301466
EN2,-0.3204166179637173,0.5170869846172123
MCF2L,-0.381744809072627,0.517105887734701
C16ORF62,0.1145064783559561,0.5171650048157135
FIBP,0.0647768151647056,0.5172153687065084
ODAM,0.3043551564678344,0.5174100317570626
ZNF432,-0.1358537469378742,0.5174171929298972
APMAP,-0.0896404434455035,0.5174541929301968
TFIP11,0.2337304644014528,0.5174664494930283
FES,0.1607716843827695,0.5175486964956345
RERE,-0.3478004619346002,0.5176762190743546
SIAH1,0.1189847583957552,0.5178699332874818
TBC1D1,0.2210830840240341,0.5179987058854731
COA3,0.0743769329312584,0.5181220386374373
OXCT2,0.2215447474871039,0.5184167278839293
SNF8,0.0735566954445268,0.5184213728003486
KRT5,-0.34203369442079,0.5185809431808416
USP22,-0.1878422119448135,0.5189021282102115
NMD3,0.1146026600744569,0.5190123725658311
NXPE4,0.1690664684653375,0.5190345153009437
BZRAP1,-0.1529152871824646,0.5192051192582613
KIAA0232,0.0514182201845034,0.5192162727017096
FBXL8,0.3930925458776064,0.5192974684298712
LRRC20,0.2631244871214067,0.5198548418399106
ZCCHC11,-0.3810121435348303,0.5198914572160401
RAD9A,0.1015726891066108,0.5200911688826109
ITIH1,0.2960168870013469,0.5202632817619792
TMEM194A,-0.1490764520784475,0.5204092220928177
AHR,0.253453180360319,0.520595979429666
THOC1,-0.1015427536857362,0.5207542779255669
COPS7A,0.0675936191328148,0.5207568039525883
MOB3B,0.0874502035337432,0.5208298094807567
KLHL24,0.3531457128210018,0.5211098116227005
RPARP-AS1,0.259018116612286,0.5214143374738079
SLC12A6,-0.109595092903489,0.5216878044859915
MYLK,0.2853505586124285,0.521717664675401
NUDT2,0.3650935581673424,0.5219159370458497
PCOLCE,-0.2176519757877635,0.5219725811653908
STRADA,0.0690951726120037,0.5219971360939327
NLRX1,-0.0873531257842259,0.5221065171438317
PRIM2,-0.1663201687290145,0.522112228204658
RP11-414H17.5,0.1067852719225888,0.5222288561800251
RP6-149D17.1,-0.3828843972844478,0.5223569108178817
PLIN3,-0.1328671395895782,0.522435168722793
SIM2,-0.2698778186997344,0.5224962351460539
IL22,-0.1091360139593593,0.5225024714662209
CCDC57,0.1531295074950591,0.522504114738109
HIF1A,-0.1637955851437826,0.5225590650180427
WDR26,0.0721610779728259,0.5226074597203577
PECR,0.3412567421513799,0.5228029236756211
THOC7,0.1337973051193657,0.5231118909873245
MUC4,-0.4243937805727644,0.5232469904463856
TMPRSS15,0.2674348752964599,0.5232747269451868
LSM4,0.2302959173760665,0.5234670414389632
WFDC2,-0.1036673613301246,0.5235026855743748
DKK1,0.1706928129202225,0.5237096117737781
PPM1H,-0.1889017163988606,0.5237476021493223
FCHO1,-0.1860007992283634,0.5237512283288921
STK17A,0.398503343775733,0.5237557730580465
TMEM251,0.0754763937467224,0.5238038101088647
C11ORF49,0.0734210708878766,0.5240686120085069
CHN2,0.3084220702749469,0.524084459464261
TAAR3,-0.2558121118901537,0.5241241198247061
C3ORF36,-0.2163873653138015,0.5242550285109089
ENOX2,0.173479874121325,0.524572434447583
YWHAB,0.1223040306477347,0.5247335537254924
PLA2G15,-0.2096733472723109,0.5248095570171009
CNNM2,-0.1220038442115711,0.5248277760060144
PPP1R26,0.1093973935954588,0.5250051606747438
CBX2,-0.1684033111407568,0.5255490644495389
PAIP2B,0.2808656986590518,0.5256379512603679
GNA15,0.1493825551783985,0.5258188044024131
STX18,0.0619197224408409,0.5258676181866498
MIR3916,0.2371587362726819,0.5259759378804502
ESR2,-0.3228817186375803,0.5259796434953269
TNNC1,-0.2917258760948633,0.5261150206840044
ERCC6L,0.3015748610840232,0.526121554915527
ZNF518A,-0.2504719469098138,0.5261369138137002
CD81,-0.0583593262146013,0.5261658478055176
NME5,-0.0921679959570216,0.5262031279613857
AIFM1,0.0858716751486152,0.5263829654125539
SNRPD3,0.0536795225705368,0.5264383914552606
DBH,0.1084329464075213,0.52657069494784
PDC,-0.2727838584930078,0.5265738551359007
RALB,0.1384701231629801,0.5265859395636449
TAF12,-0.1277553605045458,0.5266717925922123
CYP24A1,0.3780853366501429,0.5266915305692677
CDH15,-0.314499931640225,0.5267582700746588
ATP6V1A,0.1425186444913695,0.5268009249519671
RINT1,0.1490215603470996,0.5268118341894323
LAMA3,-0.361579726870902,0.5269506225318692
ACTA2,-0.1904784005371507,0.5269740993059973
CHIT1,0.4598230954390443,0.5270198189880791
RBMS2,-0.2307850402043652,0.5272309654739443
HEATR3,-0.1287011509635833,0.5275490319639271
ADARB2,0.1729783750977898,0.5280613641441204
NDUFAF3,0.0698015483792726,0.5281794728348896
VAX2,-0.1314255171366243,0.5282375244601567
KCNQ1DN,-0.2279764928964818,0.528244448022326
LRPAP1,0.1409010685341982,0.5284116451428086
BRF2,0.3318720274404025,0.5284243771550604
POSTN,-0.5441766933107974,0.5284247765603185
TMEM87A,-0.0694055824458015,0.5284314638138451
FAM171A1,0.1195360704765278,0.5285034509483328
PCDHGA8,-0.299699027229241,0.5285348289388688
ATP5C1,0.2418619905254475,0.5286534606659669
HNRNPA3,-0.1550546872420817,0.5286725582122022
HUWE1,-0.3104125452818778,0.528878217091607
GFOD2,0.1039166688009274,0.5288901752326362
HIST1H2BJ,-0.2715015528782922,0.5288973068880577
SMC1A,-0.1813254768384249,0.5289630034440466
MAS1,0.2626357016688034,0.5289653357726729
ATP5I,-0.1244340320348964,0.5291024677202072
AZGP1,-0.5333936271397599,0.5291272696102998
KYNU,-0.4894554047207045,0.5295150124342963
TIPIN,0.0848982209759201,0.5297962952050308
MXD3,0.1962526444219898,0.5299246718013795
LPAL2,0.2710457460539062,0.5299397299714218
TAF1D,0.2208912626372807,0.5302473448379015
ACTR1B,-0.0806975223736365,0.5302964708133239
ZNF710,0.2087266688933002,0.5303226533392161
TDRD1,-0.2752321861173046,0.5304168565220373
THAP4,-0.0578478568117297,0.5304335505193838
ING2,-0.1508538932284819,0.5304890831218485
TAF7L,0.4131009738534335,0.5305666305920118
RRAS2,-0.2230084923847872,0.5307580772455022
AGMAT,0.1630020098119695,0.5307701754321178
ARF4,0.1105374295874792,0.5309016453803269
S100A4,0.110665078058064,0.531076393558074
ZNF276,0.1672581071089975,0.5310956459766968
IFT74,0.2358169167212573,0.5313537845526283
PSMB3,0.0665604783017972,0.5313736532113759
ZNF587B,0.2164073429629986,0.5315054763421644
EIF5B,-0.2051419763691457,0.5316280637076942
HSD17B11,0.1014809831965788,0.5316456284037441
AMELX,-0.1205410169221092,0.531777363793007
CTH,-0.2110636254227458,0.5317861677916472
NEUROD4,0.1919361874639014,0.5318306219543716
ASPHD1,0.099704728827191,0.5319972400777607
CHTOP,0.0838492815514477,0.5321385632415089
AMPD2,-0.123925825165605,0.5324262204415305
IQCC,-0.2518270270889253,0.5326477865790861
RALGAPB,-0.1026265584285566,0.532910319870088
SUCLG2,0.1552796070815514,0.5330601194370709
MUL1,0.0863001617347904,0.5331271504163231
SLC10A1,0.1620891233869077,0.533143684607245
ATOH1,0.2018802414661249,0.5334803192642649
DNAJB12,0.2522051149246191,0.533484336639714
PZP,0.0954609808169912,0.5338666451999784
ZNF266,0.1104504997198017,0.5339228786586796
DCHS2,0.1669886059942049,0.5341466983898888
DDX39A,0.1107549925971032,0.5344933421398769
SFXN3,0.1356394362644124,0.5345203212380382
DCUN1D2,0.105404425413444,0.5346341305625465
ELOVL4,0.3035680671435328,0.5346641238388207
MYL6B,-0.1316060497347155,0.534801186876876
TTPA,-0.3849494038305758,0.5348814783144733
SGCB,0.3450359327996786,0.5349235760719393
CSPG5,0.3137627134899734,0.534995842736311
SCO2,0.2108884441709477,0.5352356891555426
USO1,-0.1752850716851863,0.5353876489119429
ZMYM6,0.2983586817115942,0.5355428088026983
HMGB2,0.1236949511643477,0.5357165038220938
PCDHA10,0.2835622638315849,0.5358288979274124
HIST1H4A,0.2878275524994755,0.5358296526024579
ARL2BP,0.082256450431748,0.5359041054295912
TMUB2,-0.078863394085447,0.5359364869688346
PPARGC1A,-0.3812800498959836,0.5361721591253785
ROCK2,0.1576864145629928,0.5365772543301847
ANXA2P1,0.1855786935801733,0.5368093927394555
GJD2,0.12601501085798,0.5368127549962866
GADD45G,-0.2185102534194962,0.5369442266029795
GAA,0.1367375065115208,0.5370384383803846
ARFGAP1,-0.1084043087912185,0.5371347495715794
DSE,0.1011415494434864,0.5372159480794917
STAP2,-0.0822730429912734,0.5372802105869524
HSPB11,0.1445504116450084,0.537469995210253
HEYL,0.1878744256196851,0.5375063251451581
ITSN2,-0.1938660351029373,0.5375272149910586
EMCN,0.2317013973857165,0.5375547917934186
CTSV,-0.1795606955396183,0.5376224074115392
RNF216,-0.1437104096470989,0.5376795064749659
AF070581,-0.3399993690007328,0.5376921132879289
TMED5,0.1216821390011446,0.5378404779656196
CXORF57,0.3529721784106163,0.5379678764415876
DLK1,-0.2601761671088232,0.537970318712861
CDKN1C,-0.3412036334918333,0.5379979070279683
KIR2DS5,0.0993733117904112,0.5381317006049658
DAD1,0.0500043764178599,0.5381601940051332
SFTPD,0.310863588089771,0.5381651859164804
PPP4R4,-0.3562111984758611,0.5382511453434179
ERCC5,-0.1244024553843115,0.5382994358437826
SCAMP4,-0.2045619208698497,0.5386249669528111
CYP4A11,0.3220416191379982,0.5386380909006695
PRKCG,-0.1948768863851118,0.5387599387936254
CCDC40,-0.4126282514014425,0.5388763958921315
SLCO4A1,-0.19528872951477,0.5389191800929035
PIGK,-0.0938587414999592,0.5389615470148721
HIST1H4H,0.1209577278316267,0.5389869990533485
FAF2,0.1953614331632813,0.5394810804288754
GPR39,-0.2826717255023316,0.5395375073467479
KIR2DL5A,0.1373381497094676,0.5395876882540549
TAF13,-0.4388926075034427,0.5397047791962231
TRIM58,-0.5661533801371661,0.5402029695226064
ERBB2,0.3260754397696992,0.5402169047628175
UBL5,-0.0710463889440813,0.5402904319997773
GSTCD,-0.1636431064008512,0.5403961359846005
GEMIN6,-0.0899945794397165,0.540690007932066
BAG6,-0.0705031824259503,0.5409392846662544
ARMC6,-0.1196362789425462,0.5409656839422026
KCNA1,-0.2810066636801842,0.5410995792073717
ABCB7,0.0859751698476216,0.5411434104619024
PAGE1,0.2600344175278133,0.5411544801388601
SAFB2,-0.1164067385074103,0.541365995570227
DRD3,0.2368911946616427,0.541385664694766
RGN,0.1538876143645762,0.5415196944438204
LMF2,0.16041714351093,0.541661926830071
CNPY3,0.1890299577693479,0.5417007340654503
NAALADL1,0.3869748479456198,0.5417592252875576
ANKRD7,0.3820507560477262,0.5418589446055232
NCR2,-0.1903271258010019,0.5419642171987489
DIRAS3,-0.2300507432298149,0.542058581010831
SPHK2,0.2715338055180254,0.5421191726514426
CAPN11,0.2222680745411756,0.5421954908071215
GRTP1,0.1500429855442768,0.5422045847801082
MST1,-0.2890829376179065,0.5422747226913726
SMAD5-AS1,0.1125966382125964,0.5423461939844205
COA1,0.3417280600700794,0.5426484114316013
C15ORF39,-0.116581872767413,0.5426485656145945
WDR4,-0.1036987989002602,0.5427817304816814
DSCC1,-0.1634297907540389,0.542840212768538
SPAG1,0.1422269130515898,0.5431470785132312
CLASP1,0.100162245372946,0.5431928552062395
TAF1A,0.1891723243713858,0.543278869587941
ZIC4,-0.2339023989512725,0.5433956251806377
MARCO,0.3260963372879502,0.5435341743403479
C11ORF24,0.1067202852447728,0.5435479317960958
BC069756,0.1807805934390591,0.5435799434261664
KLK3,0.1324064183218993,0.5435966501571353
RAB30,0.0972177975831645,0.5436033613531536
SEH1L,-0.2178922532502287,0.5436782571989649
NFE2,-0.4051230442294269,0.5437897914901486
TRAPPC3,-0.0911426147821963,0.5438053960199692
CYP2C8,-0.1525579049893335,0.5439745968638641
QKI,0.2917057368516857,0.5439970090261699
STRN,0.1239185082813287,0.5440544220794101
SIK1,-0.2831646571149822,0.544062427577113
NUAK1,-0.2346435462608518,0.5441709272836511
CUEDC1,-0.4339285454490076,0.5445829789256216
TBC1D15,0.0710485904972024,0.5447233787349204
KLHL1,-0.2679010028183235,0.544747082284316
SCNN1A,-0.2871601636494656,0.5447954344851385
PMS2P4,0.244837341576424,0.5448458864021486
SST,-0.3078464020962084,0.5452094997027132
RAB8B,0.114823066385826,0.5453205787028577
HOXB7,-0.2124876538462921,0.545402541123159
FAIM2,0.4229603662239611,0.5454326775473758
ARG1,-0.2238636517807775,0.5454555704748821
YWHAQ,0.1174539871755371,0.5454780035053106
FLNA,0.1244398475319901,0.5455305524789728
MITF,0.1297782635982791,0.5455464118325246
APLP1,0.1048849516642347,0.5455598817614183
AZI2,0.2000779387098852,0.5456772896788654
PUS7,-0.2190388064171475,0.545785204039027
MPHOSPH10,0.1105659812320976,0.5458939363003302
GPR1,-0.3333890125071086,0.546217151200583
LOC101927086,-0.1381014548157093,0.5462547845402813
MTERF1,0.2448661458096444,0.5462562228390778
ALG3,-0.0856473089941793,0.5462652673297315
CD9,0.1721745731718122,0.5464250058777229
TGFA,-0.1539497141011923,0.5466363114297108
CCT6B,-0.1183529473072679,0.5467867148559059
CTNNAP1,0.1415015416877816,0.5468729503841305
CAPRIN2,0.1420287461838096,0.5468768681853423
DNAJB14,0.1339685686220324,0.5469597538668615
LPAR4,0.3180530161093662,0.5469841946627053
CD97,0.1743116083422435,0.547001964613775
FLNC,-0.190179351741385,0.5471146509684828
C8ORF17,0.1499398852674227,0.5473221527611344
PCGF2,0.1986109062627381,0.5474328221430048
HRAS,-0.1499731968113806,0.5474923970842936
GABRG2,-0.2885099358501062,0.5475881021513193
WDR45,0.0760826472950473,0.5476202882170939
GRB2,-0.1564794427759945,0.5476368026854047
COX7A2L,-0.053423702397584,0.5476489309701424
GLRA2,0.3195508441414656,0.5477870942719958
ATP6V1C1,0.1356622496786528,0.547809705509555
SLC13A3,-0.2675590451533836,0.5478612928658988
NUPL1,0.1934642967421309,0.5479045456895398
P2RY2,-0.2930134654335092,0.5480915485154711
TMEM257,-0.1218295999622269,0.5481885656155749
SERPINI1,0.1265818278705754,0.5482262747184125
CCNT2,-0.1279619483320404,0.5483136024626991
CDC73,0.1890095324769412,0.5483372053605615
COPS3,0.095310679823541,0.5483466496055921
BRD7P3,-0.1498875465430331,0.5483929097734035
SERPINI2,0.268456632708248,0.5484080814500589
AGXT,0.2847807700971172,0.5485140588875931
COL18A1,0.2539162588113637,0.5486357819289301
DEPTOR,0.1659081642729116,0.5486701606189985
CAMP,-0.2487613434879971,0.5487074550049861
SART1,-0.0897344130482835,0.5487680231670784
B3GNTL1,0.2797629908255414,0.5488526357898362
GRIN2B,-0.1158026282906026,0.5489179558349223
LOR,-0.2579307935726049,0.5490321849107671
ETNPPL,0.3102547630835923,0.5490579928210144
UPF2,-0.0744032769172484,0.5490935832062166
ZC3H15,0.3802801061035445,0.5494134031776079
PREB,0.0982470794389502,0.5494699940125567
EXOSC8,-0.079176743540934,0.5499202518525793
JADE1,-0.1628189124414003,0.5499382752404612
VENTXP1,-0.229681704886107,0.5499707879979318
EFR3B,-0.2516829710359074,0.5500651316953302
AP1M2,0.2336835667850669,0.550093942405404
MTAP,0.2852479512601649,0.5500978712161817
ADAM22,-0.2723949788225424,0.5501305230387823
RASL12,-0.2229720065071365,0.5501495919268443
ERC1,-0.146020647008406,0.5502804460069869
DDHD2,0.0819458287836578,0.5503453271499713
SH3TC2,0.1638593627236231,0.5503972531055636
PRAME,0.1838204158914731,0.5504060295753734
JAM2,0.1329951129940187,0.5504258013942483
MGLL,-0.1435686503120123,0.5505359996690922
LGR5,0.3561622491008847,0.5507038101706015
FGB,0.2431457749638541,0.5508008666888141
SMEK1,-0.2091116071713488,0.5509521544646432
CXCL1,0.5383157235079494,0.5510628914003182
CDX1,-0.0981772071090727,0.5511614582139561
CACNA1E,-0.1595753442283261,0.5511675852930451
CHD8,0.0625633612598601,0.5516684309673897
FLJ13224,-0.2173199899223186,0.5517868153328799
PGLS,-0.1032659158369231,0.5518913639292844
ZNF506,0.1344649011177034,0.5519167274159955
KRBOX4,0.1221935304643118,0.5519704518300573
ADH6,-0.2899728921709954,0.5520034916260873
RNF7,0.0923221595216485,0.5520501678465011
CAPRIN1,-0.1219762956101178,0.5521545014547063
PCDHB17,0.2534001345023373,0.5523540566934476
MAPK9,0.1250926504676606,0.5524957386706203
MORC3,0.1567890925264663,0.5524969011762004
MMP24-AS1,-0.1258620826159173,0.5525628499669556
CRHBP,0.2329796898103167,0.5527503528685616
METTL9,-0.0912347630507106,0.5527665215548861
SLC13A2,-0.2467698595647949,0.5529145296857056
IK,0.0624590913231646,0.5529320795401946
DYNC2H1,0.1439465468932628,0.55314854698766
ZNF444,0.2569818584393744,0.5532760952967803
NFATC3,-0.208974788730349,0.5537431289337527
IMMT,0.0427735473108299,0.5537963753943947
THAP7,-0.1007471223269398,0.5538725806474362
PRO1596,0.2507707184275052,0.5539043884395898
FBXO31,0.1268300068105556,0.5539618053050042
C1ORF54,0.1618911423430304,0.5541296845110386
AKT3,0.093469852385148,0.5541822552956597
HCCS,-0.0643643267474587,0.5541831626535179
CDH18,-0.1015475774208498,0.5542368298811036
ASB7,-0.1054791917711401,0.5542390978273632
TINAGL1,-0.2150566645663296,0.5542526065067843
TFDP2,0.1135719288165608,0.5544625912327961
FBXL2,0.1876701812806009,0.5545043339735335
ADTRP,-0.1154053169376281,0.5545083175082881
MMRN1,0.2525122465467113,0.5545256607068189
CYFIP1,-0.1098649126331725,0.5546447115942471
FLJ11710,-0.1768781627717386,0.554767802538545
IL9,0.2781684211880284,0.5547870836195076
AP5S1,-0.077382271578493,0.5551287613945819
C2ORF27A,-0.1224825031469833,0.5553247429691923
RNF2,0.0997389879393004,0.5556515966388875
SMYD2,0.2365955655553655,0.555790338540709
NOS1AP,-0.1102864289422544,0.5559176681925775
ACSBG2,0.1798819801212099,0.5559901597463747
CNPY2,-0.0871221721018074,0.5561086599783746
SEMA4F,-0.0913248775736557,0.5561429280386389
NFKBIL1,-0.2493211617718387,0.5564832245840161
TGFBR1,-0.1394667960140081,0.5567839334585726
RPL29,-0.0854707038930211,0.5568250678860712
BAG4,0.0920898201948023,0.5568459653676798
CUBN,0.2021805005704813,0.5569462444961069
PEX3,-0.3328724978522484,0.556992321059193
TSPAN5,0.2677543918431828,0.5570019989247131
SUSD5,-0.2731716017590022,0.5570094874351418
TSFM,0.1725254670843554,0.5570714138866893
CXORF56,-0.0731665628410658,0.5576356852563937
COTL1,0.139363688498852,0.557706712327063
TCFL5,0.0987790662340195,0.5578952488408737
MT1E,-0.1544729556321407,0.557989589951061
HSPA6,0.1784097181639783,0.5580843448045407
PPM1F,0.1043204142615348,0.5581085769144907
PCSK1,-0.5174237958071357,0.5581489592915515
SMR3B,-0.2391345650918599,0.5582012120829783
INPP5J,0.1890008686120801,0.5583137163190315
ICAM5,0.1977278339194335,0.5583503790022897
ETFDH,-0.1297613298896633,0.5583743459143966
STX6,-0.1092848917960278,0.5585153075800774
TRMT112,-0.050831796236439,0.5586995068981316
MC4R,0.1891005993791132,0.5588497669750888
WAS,0.1354734910175645,0.5588781290563738
SLC8A1,-0.2759403250882197,0.5590918768437052
TMEM134,-0.1099224515703163,0.5591431861841604
NEURL1,-0.1633940339225494,0.5592146143171957
HDLBP,-0.2199846759617125,0.5593368716931326
C9ORF114,0.1409228719943911,0.5594547123360019
ELTD1,-0.1585142048583705,0.5596794307996825
CDH5,0.1827699004458693,0.5597815399235897
CHCHD2,-0.0508500859329767,0.5600445492224454
ATP5O,0.1144620038610177,0.5600684807232678
NDST3,0.1222591947714324,0.5603574397366796
SEC61G,0.0838068204883182,0.5604065576255575
STX1A,-0.2032949651111799,0.5605161804108705
VBP1,0.1166826467751871,0.5605173955069542
FUBP3,0.1808201442647146,0.5608085162620996
CNOT7,0.0728088464499983,0.5608337285237813
ZNF287,-0.3856740300117565,0.561037826460243
ZNF212,-0.1003057787895294,0.561297495548532
GNG4,0.0928204129883543,0.5614722350013623
HINFP,0.1651105646954809,0.5616877072557003
MRPL12,-0.1269601953795991,0.5617897901444557
CELSR1,-0.3459579797170073,0.561864464007443
ETV3,0.1430978423917168,0.5619139301979824
PITPNC1,-0.1181343026220353,0.5619775233238525
HSDL2,0.2028230187802799,0.5620537722180386
L2HGDH,-0.227509277990082,0.5622923259964084
ETS1,0.1703805664822679,0.5623444352299432
CA1,0.1161925808328687,0.5624237434165403
ZNF264,0.0705824713932123,0.5625555761719427
IQCA1,-0.0955886470527609,0.5625999450704479
SLC7A2,-0.320393148872987,0.5626227631570047
TLK1,0.3081138376105308,0.5627619374837795
PRR34,-0.1928190611557001,0.5628703518677354
MDN1,-0.1268766165576096,0.5629112970502292
HOXA7,-0.2733830124560725,0.5629365383602757
C9,-0.3298058168427147,0.5631997020218564
KIR3DL3,-0.1493702803577914,0.5632427200822819
GOSR2,0.1967206380706203,0.5632899204637867
RP11-649A18.7,0.1080766924099272,0.563541656105716
HRC,-0.295007366676109,0.5635601420011169
LOC100506571,-0.1484319104179166,0.5636151045090813
NUP160,-0.3054196635544226,0.5638521035203781
C4BPA,-0.1913043966533534,0.5639873367133101
TRPM3,0.2254565349931967,0.5640485654632645
KRT36,0.1544939861325787,0.5641225809020481
TRIM27,-0.0802687106548152,0.5644072230828118
OSBPL7,-0.242317176114283,0.5645471019013557
PRL,-0.155797766470453,0.5646301248176168
SIPA1L1,0.2621854251984228,0.564654524913608
C5ORF66,-0.126418840344904,0.5648501403635166
SSBP2,-0.1936094653171363,0.5650380381884734
SPATA7,0.234490377873084,0.5650713632497669
XPC,0.0639822468688819,0.5650822169000718
GCLM,-0.2826255864577991,0.5652085555822072
CLDN1,0.3036171428922936,0.5652557241840719
PART1,0.3758981285787248,0.565331821745856
FAT1,-0.145850128397539,0.5657492125471307
GNAS,-0.2962634834762507,0.5657500012380967
EIF2S2,0.2468203230258652,0.565771615482456
LOC100129361,0.087672480103274,0.5660374281703382
ENDOD1,0.1141762411106945,0.5660804623784572
ABCC2,0.4124812875660817,0.5661540334999922
CYP2J2,0.1764361768525839,0.5662738981172184
UBE4A,-0.0532657598571617,0.566277455134007
RBMX2,0.0862322445517786,0.5665237461642361
EIF3I,-0.0578013753979593,0.5665486770715271
HIST1H2AL,0.2731098090898411,0.566685077688916
TECTA,-0.1252839333284683,0.566780622623626
RPS14,-0.1916115902797024,0.5668904515228945
GTSE1,-0.3165202029483511,0.5670592144808331
CACNA1S,0.2228279136380564,0.5670676563122488
TMEM2,-0.2068014975636423,0.567135832048888
SLC4A2,-0.1743774301249807,0.5672538584427439
KCNE2,0.1456526709165007,0.5672568868749928
ST14,0.3006271451918438,0.5672708155722228
MT1G,0.1712449831586404,0.5673815425104154
MAN1B1,0.1801943188272172,0.567617033565668
EPHX2,0.3274167183842849,0.5679389646256556
SKP2,0.2113723509910805,0.5679831726400463
TRAPPC6A,0.1073286831707509,0.5680235080837271
SELP,0.1353117769006946,0.568242521259029
LSAMP,-0.143925396955908,0.5682573906628665
DIAPH3,-0.3385418808264138,0.5683961206419702
HIST1H3G,-0.1991639821613282,0.5686773161453016
MUC3B,-0.2438669783477838,0.5687223101086754
GABRG3,-0.2054508740578917,0.5688742098863617
PAQR6,0.1147954777427378,0.5689736809907023
MAGEC1,0.2610969535384022,0.5690750819015126
SYBU,-0.1875265598481803,0.569143471788905
FAM3A,0.1814404382524017,0.5692867558328013
RP3-334F4.2,-0.1477030023510988,0.5694969883544041
SLIT2,-0.1689984079630058,0.5695340410067012
DMBT1,0.0770585439014102,0.570117610826594
RIPPLY3,-0.2302452375997719,0.5702233962788759
SERPING1,0.0864477441920268,0.5703538495031761
PCDHGA10,-0.1027515590532166,0.5704898091295026
ZCCHC8,-0.1243778869403549,0.570716437974272
ARHGEF9,0.2634186624956482,0.5709077974519104
TNFRSF12A,-0.2719160283653874,0.5709908695013616
CCDC68,-0.2383505700836661,0.5710273126057289
TTR,-0.3022241715057934,0.5711392400796447
AZU1,0.2715228410649519,0.5711411396336062
SIRT2,-0.084103680351566,0.5711656254051125
ZNF257,-0.3281100975379818,0.5712786017138314
PMCHL1,0.223776581663023,0.5713526557540486
TAF5L,-0.0794269669589073,0.5716925164956931
FGF17,0.2214171493720345,0.5717520464616243
SH3D21,-0.1033985094980893,0.5717899038201608
RPL37,-0.0641526912244945,0.5718708519820166
GCNT4,0.1740220393161973,0.5719956949662715
PDE6C,0.2870665130552072,0.5720243204757616
PRO2214,0.3357010069006136,0.5723239099649989
PIM1,-0.1771296354906404,0.5725246011247055
GLS2,-0.21094082853533,0.572753542104483
BAIAP2,-0.3245036108762118,0.5729153465056824
PRO2949,-0.1957786470328422,0.573065557633104
PKP3,0.1934973642469355,0.5733231643766624
COL7A1,-0.2250547929421733,0.5733973713218458
COBLL1,0.3799836802539589,0.573608025227898
CPT1A,0.311068471659861,0.5736244238842956
SMPX,-0.2094405008644528,0.5737968937428903
CDK12,0.13919548105497,0.573830914768695
RYK,0.1091615396467169,0.5739212220717022
TNFSF18,0.1563170504238673,0.5742303588235644
DCAF15,-0.1326567178108093,0.5743853370039731
ISG20L2,-0.1075562627784219,0.5744306097502874
PHB2,-0.0433435424440507,0.5745017826236875
TUT1,-0.2222987635909667,0.5745788326345869
TSPYL4,0.0824084058743519,0.5746430177575644
MED25,-0.2600739502445384,0.5747817553352558
MUSK,-0.2475875281524278,0.5749074606783958
LIPG,0.3026069177511461,0.5750205637665637
MTMR7,0.4000603695691715,0.5750329443770349
TEFM,0.1022621478308254,0.5751253653047418
LCMT1,0.0892108272023666,0.57535550400941
RP11-10N23.4,0.165947510909401,0.5754958809296854
ITIH2,0.107805144599788,0.5758363004790937
GPR88,-0.2831622466224877,0.5762430712795098
TRIB1,-0.2190886411029726,0.576434394273238
CFL1,0.049694781251576,0.5765081782037919
TERT,0.2128669350047838,0.5767701398538668
SAP30BP,-0.0787873839037835,0.5768041483313773
NOP14,-0.1088718545026932,0.5769049395382987
SLC25A21,0.1646696536442471,0.5769200815031651
SLC22A4,-0.1526404201699396,0.5769306171062566
HOXC10,-0.2324165174639461,0.5770998078383289
EN1,0.2129280019421955,0.5771776293380283
NOL11,0.0711790787441621,0.5773068719530753
PRNP,-0.141616551331472,0.5773189078576182
FNDC3A,-0.1824003808819148,0.5773309604903916
SMNDC1,-0.1024972787894231,0.577351598037544
TSPAN4,-0.1226308011997456,0.5775669862779532
BBIP1,0.1227894355034173,0.5776046789350037
RANBP10,-0.2763726395305692,0.5776481931149572
MAGED2,0.1111076757069859,0.5778022444069946
ERMAP,0.3918725979156097,0.5778371464150375
ZNF484,0.2855617536710788,0.57799073008019
PAN2,-0.1871151429418844,0.578212160363867
RAC3,-0.1612815163419587,0.5786589013693156
DGKQ,-0.1257143273943159,0.5789005917000439
TOMM34,0.0784017714385996,0.5789422550489924
RBM10,0.0822522453669432,0.5789427377474996
TMX4,-0.357305416758384,0.5789651106857256
PLEKHS1,-0.3886166874077688,0.5792705595817088
NFKBIA,-0.1006347708100037,0.5792920218080437
STK38,0.1693470469650169,0.5792970608866956
PCM1,0.117921912023704,0.5793004894166687
INHA,0.1420564366199821,0.5793187311702932
CALY,-0.2322497437189521,0.5793524465106527
RPH3A,-0.1532292433486102,0.5793546401735885
GPR37L1,-0.1333724322306388,0.5796735333575583
DPF3,0.0962878277531693,0.5797930646213167
ACD,0.1521723240632031,0.579856743724403
PCDHA9,-0.1758518867861971,0.5801502914564478
C16ORF3,-0.2189639505047402,0.5801532660960778
FMNL1,-0.1794249018170557,0.5801555581957643
DENND2A,-0.305957436476822,0.5802449037798171
EIF4H,-0.0583950223020934,0.5806532215344785
GBAS,0.1107209509537394,0.580666468519586
IKZF5,-0.175190572164265,0.5810831341481704
CACNA2D3,0.3254678766164858,0.5810885780489473
POLDIP3,0.2181794464282678,0.5811412149651726
MLXIPL,-0.1888741076778384,0.5811782583807277
PYCR1,0.1008487899199295,0.5813087871135458
C9ORF38,-0.245392564915523,0.5814980359568352
HEATR1,0.1201608605361084,0.5816890322439603
C9ORF53,-0.2224196285232298,0.5817182648931526
NFAT5,-0.3426883373895393,0.5822234311763927
KIAA1549L,0.1079729210202131,0.582248995650565
VWA5A,0.1693587059429155,0.5823195488016001
CD47,0.4143099531711591,0.5825198077758279
NDUFV2,0.0461855738672518,0.5826224980955083
CARD14,-0.1684567355086867,0.5827276492904667
SNRNP35,0.1644762673304871,0.5827524626733681
CSF3R,-0.2553857066880827,0.5829045946849742
GNL2,-0.1442734829363789,0.5830641313374896
JUP,0.2705994129907392,0.5832001501874093
CYP4F2,0.1133692145986309,0.5834359786093047
LRP4,0.1744687255181043,0.5836167923021517
CLPB,0.2253149650131867,0.5837459007403044
LY86,0.1846695773658346,0.58392312138338
MRE11A,-0.2365360016982212,0.5839996733794842
IL1A,-0.2565216667858747,0.5841953084875664
FTCD,-0.1852817863782636,0.5842289164684082
SEPT7,0.0966743061979436,0.5842368210944764
DNAJB9,0.2490285093441002,0.5843662391975797
HHAT,-0.1465996027340672,0.5843896746029903
TMEM160,0.1086334187564652,0.584466659409697
CCDC181,0.3185985287694892,0.5845938681650723
ZBTB40,0.1258686963290252,0.584648613981014
ASIC2,-0.1504538681730309,0.5846556616935583
GRIA1,0.2747007215272758,0.5847126152097748
KCNE4,-0.147937423108365,0.5848106348458657
KRT37,-0.190319942540234,0.5848329265478617
TSC22D1,0.2083869934900359,0.5848536724197982
WDR6,0.0968497969449071,0.5848939273279725
FLJ21369,0.3097548064167101,0.5850264789922783
CPEB3,-0.252153656371533,0.5850657423317137
SLC27A6,-0.2965246416626845,0.5851602385116964
BMPR1B,0.2278395017829639,0.5853770750120344
PANX1,0.1539575446498844,0.5854558893780063
SEP15,0.0986126070075013,0.5854608413517137
VCAM1,0.2108486889177498,0.5855229594926676
GRHPR,0.0845877644708359,0.585662481881576
NREP,0.1997895629808157,0.5856663074087887
B3GAT1,0.1096952121447696,0.5856766358723214
SLC7A1,-0.2647164800012671,0.585805438093682
NSL1,-0.2541896465032085,0.585815538459845
POMT1,-0.1170671245947474,0.5859526665300978
TTC27,0.0936212205632447,0.5860880253514378
MATN1,-0.2217672278045821,0.5860936621664952
KAT5,-0.0718261788074325,0.5861106841084306
GRIA4,0.3229988419319527,0.5862159852909851
RUVBL2,-0.0790424266941443,0.5864702641586874
SCD5,-0.1652051466787156,0.5867733414548574
TMED1,-0.0854500940390092,0.5868180239438563
KRT75,0.2625786282761666,0.5868840768218774
GRM2,-0.2550564934898682,0.5869496981978785
LINC00939,0.1717395583412462,0.5869832875960863
ATP5B,0.0374947823059095,0.587040285115985
HEY2,0.2397913480533624,0.5870605149605006
RPS7,0.0559566955369259,0.5870751161684769
CEP135,0.3467360795018099,0.5872953383526524
BCAN,0.225422554649378,0.5873539970705178
GSR,0.1225598800441849,0.5874346365441473
CDC42,-0.1986968733400758,0.5874743397287212
SPTA1,0.1081006102217498,0.587588475758469
PDIA3,-0.092636906046664,0.5877315980721867
URM1,-0.0588325424609852,0.5877735337229414
UMPS,-0.2924837334183019,0.5879824720135285
HEATR2,-0.0458430536402243,0.588007722579437
POFUT2,-0.2405274404800668,0.5880209726300133
PRELP,0.3169963173109682,0.5880457014016804
EGF,0.2103495534590518,0.5883534753063658
CLEC4M,0.1297780717114474,0.5886311614959648
PPIL6,-0.117574922067797,0.5886555276062618
LOC100288570,-0.1615265944693664,0.588784104679724
VPS37B,-0.1110169190790877,0.5888787050703412
LIPC,-0.2849692532558663,0.5889550506876816
MATN3,0.3766564436728625,0.5892055505933366
ALDH6A1,-0.2972999396568392,0.5892595997745004
KMT2A,0.2120227762755178,0.5893438447849904
NRBP1,-0.0593549288518691,0.5896267684591755
GLRX,-0.1679331008624007,0.5897612417531252
EDA,0.2984939861495652,0.5900222463600698
AGBL3,0.3238910535459403,0.5900464015332842
GNA14,-0.1073158276204333,0.5901950390996705
PSMD1,-0.0824945225916664,0.5902972496471983
LPCAT4,-0.2256206237113875,0.5903711906231431
GSTM4,0.3327530642353951,0.5903792841902916
IMPDH1,-0.0976691014359083,0.590385414511454
ASMTL,0.098732156016922,0.5904180293647743
PHYHIP,0.1888274144670854,0.5906017565637629
LTB4R2,0.2319076922142251,0.5906531064938126
IMPG2,-0.3092246066938102,0.5906705007793371
LY6G6C,0.1579780208948049,0.5906895598398124
COQ6,-0.0502567928795691,0.5908092106343372
KCNN1,0.1499121897380089,0.590952709121285
CSN1S1,-0.6640303452200929,0.5912355042276621
PCDHB13,-0.347736078301903,0.5912801502308624
TEAD1,-0.123854836674246,0.5912836228623058
MBTD1,-0.2857185284340611,0.5914382459516374
RP2,0.14148886379005,0.5916294036339693
COL10A1,0.39115700697534,0.5917167198987946
DSTN,0.0799266876925095,0.5919223808990061
MMP27,0.1049938173251217,0.5921424467341727
CBFB,-0.128957226526996,0.5922110467084325
PTAFR,0.1473449575175678,0.5924228205026904
GDF2,-0.1714800158100971,0.5924240735095111
SND1-IT1,-0.2887651436173533,0.5924314641172237
RPL15,-0.1216948048739468,0.592432161301406
CLDN16,-0.239479573304671,0.592465055911235
CLTA,0.1942249008674261,0.5925533573875905
CDC42SE1,-0.0935293795707821,0.5926134370286614
CRH,-0.2326550570748056,0.593020022655023
LAMTOR5,0.0485410676873137,0.5931566230559195
ARAP1,0.1095085777420212,0.59321688287107
PTH2R,0.31147133191884,0.5933127443977783
SRPX,-0.2106166070891824,0.5933222667798544
FGD2,0.2533598492638003,0.5933693034238737
IMPACT,0.1414552838182077,0.5935157042879218
EGR4,-0.3437995375163249,0.5936077031052521
ACOT9,0.0762464670699092,0.5936561257116438
METTL13,-0.1145079479923305,0.593720693690887
ATXN10,0.0753051980248464,0.593907576779616
DGKZ,0.0746449259720236,0.5939758368831174
SLC9A7,0.2849114753630886,0.5939769617449625
PQBP1,-0.1463007939939231,0.5941352989003728
BTBD1,-0.0629373636922707,0.5941745389064602
STAG2,0.1233979493037562,0.5942080004618963
TM4SF4,0.1093525695449422,0.5943086727205227
FGF1,-0.2155114513980596,0.5943372707496288
SPATA20,0.1586927269577565,0.5944684771468434
NUP54,-0.309052778673756,0.5944895952878863
EFNB1,-0.0947236316175637,0.594639906998654
VPRBP,0.1797528790028195,0.5948021394953985
CD101,-0.281232889657149,0.5949883973947073
MCCC1,-0.1406321881334289,0.5950017504388805
AXIN1,-0.0870431957133046,0.5950734510125004
HIST1H4D,0.0756387419352986,0.5951459408196712
PSMC5,0.0648599059567711,0.5951944563939027
GSK3B,-0.1186705431435637,0.5952497083385246
MTMR12,-0.0800954277023286,0.5952654763735782
KAT6B,-0.0853838453158264,0.5952814746025095
FZD9,-0.152232104116301,0.5956548035254733
MTMR6,0.0837742783972217,0.5959184009474331
ACN9,0.1205598030028909,0.5959675077738762
BRD9,-0.0897504824339723,0.5960503699622298
PRSS8,0.2164497249971351,0.5960835153084243
FAM189A1,0.1667130186945158,0.596159339412863
SOSTDC1,-0.201353980987196,0.5964319069527159
POU4F2,-0.1103082080333175,0.596600585690955
NDUFA1,0.0817281196706076,0.5971442405537156
RBL2,-0.2167414243239056,0.5973257128466168
NDUFB6,-0.037091652879786,0.5973527321763272
SLC35F6,-0.0605940734989678,0.5974763229422012
MARK3,0.1154657036733244,0.5976604903512232
SCAI,0.3523060419490589,0.5979068169122089
SEC23B,0.1694338621147331,0.5980009626754889
MMP28,-0.2912323148564928,0.5980257379472095
GUCY1A2,-0.2278740746358574,0.5981610604470569
TMEM223,0.152644756676592,0.5982985011863493
AKAP1,-0.2353916383893679,0.5982998730220568
RP3-336K20__B.2,0.2175621058484846,0.5983830054583585
FAM189A2,-0.0800937206214333,0.5985947336307197
MARCH3,0.1673071954996441,0.598657726226214
SRSF3,-0.087195575461676,0.5988561608007698
RRP8,-0.1901250055449734,0.598879464527142
BTF3P11,-0.3743292948424734,0.5989195121262588
EFEMP1,-0.1081130155018357,0.5989195747649082
XCR1,0.1602935250109611,0.5990652522089839
MECP2,-0.134957986459872,0.5992472831092052
STK39,0.1689494104728552,0.5992711703161422
RLN2,0.1715477669313037,0.5996480425672581
CCDC51,0.066962446863501,0.5996989474293477
NPTX1,-0.1272854983570814,0.5999506354713953
MRPL11,-0.068462191733694,0.6002182182069996
DUSP10,-0.1603626833227274,0.600336762386261
TGFBI,0.1251034314937715,0.6003551734258239
PRSS22,0.1018690812625191,0.6003639915417317
ACAA1,0.0861147260357668,0.60059168773961
HCFC1R1,0.3788600523792818,0.600709279159293
ARSJ,0.2311136959485793,0.6007876086865102
HOXA2,-0.2728480086883662,0.6009344883300736
SLC25A11,-0.0845519339990055,0.6009512581867057
RAPGEF4,-0.1297213041098324,0.6010262673488568
ITGA2B,-0.2955288637734052,0.601146211112915
COL8A2,0.1960401508557296,0.6013955160307066
TGOLN2,0.0853014691858113,0.6014457108818636
FAM65A,-0.1135968109437559,0.6016520101383189
SIGLEC7,-0.1311174643029451,0.6017581288416337
ADORA2B,0.1112261394707712,0.6017821945082333
PROCR,-0.2192798161455975,0.6026902429722364
RNF5,0.27619266813167,0.6028159506182215
TJP3,0.2375076654741112,0.6029390470827363
ARG2,-0.0944701799065148,0.6032881503811601
RP1-190J20.2,-0.1819586048502097,0.6034445122346294
FIS1,-0.0834618390246895,0.6034743407194532
PMEL,-0.2312955777442509,0.6037981740364146
SRP19,0.0791965438779946,0.60391861631039
PNLIP,-0.2577068288269473,0.6039292147682045
GALT,0.1048432328611621,0.6039545824052915
UTY,-0.3621393398322161,0.6041087960733788
CLDN15,0.1297937352853768,0.6045867507967431
CBX1,0.1046646615265221,0.6047230984631843
MTMR2,-0.0966073528761892,0.6048765956686446
TSPAN14,-0.052537586012562,0.6051657555709353
STC2,0.2490481681368539,0.605188175704623
NIF3L1,0.0470098746006311,0.6052499093489404
PTHLH,0.293733321886565,0.6059977469886942
C1ORF95,0.1268267864366965,0.6060690886842215
TTC4,0.0937582214758734,0.6060923910541912
NES,-0.1446057367289803,0.6064151237625035
HNMT,0.183842745177273,0.6065175732668278
RTN3,-0.0793669529689946,0.6065683500209559
CRCT1,-0.2354582477716675,0.6068374295852864
WNT10B,-0.1932047389787632,0.6069446771183639
EPHB4,-0.1398788954432106,0.6070908319422992
RNF8,0.114227969325531,0.6071099430021564
NOTCH3,-0.2950991338106199,0.6071457973889218
NME3,0.1426028478811041,0.6072869524908334
LIN37,0.0592502278904882,0.6072998306675806
HLF,-0.1725207441036493,0.6073022936765391
NPPB,0.2482107627016585,0.6075832827418786
F11,-0.1079584787254619,0.6076505906853313
SCT,0.1981073052692119,0.6077323158303705
DDX28,-0.2040524260288192,0.6077347877853272
INPP4A,-0.2263385065404088,0.6078355240478582
ADAMTS5,-0.1774593617389488,0.6079952764152946
PLXDC1,0.2658164242919039,0.6081333629237127
ADH7,-0.1016150047246515,0.608150236305901
CDKL5,-0.142131694707658,0.608188741376497
COX7B,0.0753959031796558,0.6081928258116466
CCR8,0.2097941141610242,0.6083035131939823
KLHL11,-0.198742611826816,0.6083465742312544
ULK1,-0.1123412529404506,0.6083738457620159
FBN2,-0.1563745944890424,0.6084795985561843
BCAS4,-0.278741397939882,0.6085730287623954
VGF,-0.1272263077896891,0.6088714087189251
FAM86C1,-0.1629333888084891,0.6089376937283499
NELFB,0.0865114329402505,0.6090841976823491
RHOD,-0.2707443260084572,0.6090919543467572
TM4SF5,-0.1339071874380151,0.6091216215548125
FAM83E,-0.1189182900954839,0.6091827223604813
ANGPTL3,-0.2704958252126532,0.6092554832960472
BCAR3,-0.1018562336624793,0.6092663628141972
MRPS30,0.1090451168545989,0.6096494185221141
NSUN6,0.1376077934861044,0.6099295889732063
MAN1C1,-0.1301055930640249,0.6100929273422374
XRCC5,0.0573090402936475,0.6103209405015834
GPR110,-0.2687421039625186,0.6103350427165614
COL4A5,0.1740557134348588,0.6104941719435387
PDZK1,0.2344547942931258,0.6106544546549653
ITGB1BP1,0.2058058443835246,0.6108016486216334
DMD,0.1672949795311842,0.610870727643994
RUSC2,-0.1671142815743636,0.6108975692759143
CBL,-0.1646119537015495,0.6109259772996773
CNTNAP1,-0.1059649032398297,0.6111089868008611
CYP39A1,0.3456221161218389,0.6111498195326626
PRG4,-0.2883451858604609,0.6112719988298619
SIM1,-0.2764148352604101,0.6116025186513898
ARL4D,0.1902088454570103,0.6117861911805988
ZNF134,-0.1455012894741987,0.6118270738417106
BC113958,-0.3679425170712118,0.612095450143619
TRIM24,0.09902135849092,0.6121016098226676
S100P,-0.4927829499584781,0.612128708771677
POGK,0.0728679239872285,0.6122353728769433
KIAA0368,0.1312077521978585,0.6122379813947129
ABLIM3,-0.1596848002194111,0.6123817091327649
CEP41,0.2545819888589546,0.6127434620525806
MARK4,-0.194457869614367,0.6127782012899252
NSUN5,-0.0786634672680595,0.6128208392135847
DDX21,-0.173930182775182,0.6129125585761817
MIS12,0.1549769700010657,0.6130336800186945
GCDH,-0.1085784550941717,0.6133764611865276
RASSF1,-0.093218711636835,0.613430909672066
PERP,0.1817727801055904,0.6135659063372854
HSPG2,0.14376786554201,0.6136722941259913
GAB2,-0.061773886284314,0.6138512907044723
GTF3C3,0.0688303298788053,0.6142597481697946
ZNF259P1,0.2312819458869319,0.6148525142313148
ATRAID,0.0820792870353752,0.6151063701197146
ZNF148,-0.1035052340649667,0.6153322632478538
GPR15,-0.1073155243233197,0.6156574701173981
ATRNL1,0.2330819435488047,0.6158105458550381
USP1,-0.1063929438289488,0.616064981925832
ELAVL2,-0.1850931575742729,0.6160960529487539
SMARCA1,0.1877062809355498,0.6162674321534237
RPRM,-0.258569525030544,0.6163358185200729
PRCP,0.1021315273533041,0.6165798839522173
AP1AR,0.092194012010486,0.6166294748524238
MDC1,-0.2762349509125146,0.6168395245218258
KIAA1279,0.0662061621898519,0.6168576759683735
PIPOX,0.0998440482538969,0.6169665659891698
SETBP1,0.1462603252051337,0.6173158694229878
SCN5A,0.1762833883735624,0.6174391388752193
ACAP2,0.1423279313290777,0.6175383189132478
NT5E,-0.1370868587489973,0.617683722886266
FNDC8,-0.1664129863549241,0.617740277106723
MYH11,-0.3523763787928029,0.6178827135932624
ZNF330,-0.1461498365063525,0.6179005588540691
NELL1,-0.2443292344481022,0.6180701828303964
RQCD1,0.1478410076918344,0.6180829269405907
CCNI,0.0619242896958045,0.6180963076283195
SH2B2,-0.1005785696527858,0.618129879163765
PLD3,-0.1253656936509397,0.6182580029320802
FRS2,0.2275136405164328,0.6182793068076186
PTGIS,0.2663700649168827,0.6185262421306474
ZDHHC3,-0.06211629059543,0.6187240430841484
RAP2A,-0.1416360331765016,0.6188224695561795
YBX2,0.179028449510282,0.6191266136648281
SKIV2L2,0.0600149023232958,0.6195786009388075
FGF7,-0.1804773363243708,0.6196419649295053
TMEM184B,-0.0646151083206518,0.6200945432707614
CENPT,-0.1035028525958638,0.6203411932865502
SLC6A14,0.1699011361909637,0.6205797116946586
ABHD6,-0.1947413042239936,0.6206081543410312
NDUFB2,0.074376159626329,0.6206118959286113
TIGD6,0.2420394139873316,0.6207986346276126
IL19,-0.1671446584377802,0.6208867186996556
ACSF2,-0.1115387734443826,0.6210111275137329
CAPNS1,-0.0555472167864845,0.6210416938828736
GLYAT,0.2316104759154593,0.6211238370782423
PDLIM2,0.1373920968602817,0.6211643962926107
UBQLN2,-0.0484525167917482,0.6212347386836569
RPS6KA4,-0.092281975492698,0.6212662198418468
IPO7,-0.1702252818892269,0.6213117209100235
ONECUT1,0.208573121623683,0.6214771729467667
LMAN2,0.2910405303480363,0.621482972459223
FANCE,0.2109025576769525,0.6215396514185839
HMHB1,0.1264292375054463,0.6215869854891262
MYH7B,-0.2166769867021569,0.6216627335727357
OPRK1,-0.1854541218830032,0.62193236276817
SREBF1,-0.1071786172092181,0.6220147613662148
SDAD1,0.0650667290509225,0.6220478557749035
LPAR1,-0.1388856173148678,0.6220787434909744
GLT8D2,-0.1355971645888054,0.6221041511386802
MRPS35,-0.0616706628513217,0.6221846099258052
IFRD1,-0.1788129085836765,0.6223903409394438
CCT7,-0.0795513580922246,0.6226950235775135
HEXIM1,-0.1065180071840377,0.6227427914395115
CNOT6,-0.0701469074670164,0.6228485178609038
FOXD2,-0.1173040947375545,0.6229489439780355
RBM26,0.2843081365893534,0.6230535899372224
DUS4L,0.2504612645744304,0.623099187808051
SLC7A9,-0.0915335002466992,0.6235213703682595
MSH6,0.2715275227269655,0.6240057202468474
ARL14,0.2785164090826604,0.6240762721037996
PADI4,-0.2992269637005007,0.6240835738076266
WNT16,-0.2447994100908292,0.6245982330044897
UBQLN3,-0.0995641377232408,0.6246027565227142
GRAMD3,0.1870250491399137,0.6248261953690013
UXT,0.0502053631730134,0.6251284323876158
TGM4,-0.2424406349186645,0.6251335345466871
MCC,-0.0824009323182561,0.625349807419829
MPC2,-0.0572831548513708,0.6253687752267746
SFRP4,0.2942952315791967,0.6254366989557233
VENTX,0.1140594397368603,0.6256873998019763
CCDC186,0.1815138483743839,0.6257048094080999
LOC100507630,0.1539244138726849,0.6257209721720003
PLCH2,0.1365339343014451,0.6258043593761097
FUT3,-0.2602583150883966,0.6259594980400657
C4ORF29,-0.0955306758729035,0.6259791493838162
CLSTN1,-0.1148717206411014,0.6262033839272996
RAB3GAP2,-0.2660723051144456,0.6264362805160211
PDHX,0.088547269648469,0.6266588631527493
DNMT3B,0.1562645424477438,0.6268385193662536
TNFSF9,-0.086905793483746,0.6268668689416849
SLC24A1,0.2448815367258312,0.6271698145531482
SNCAIP,0.2375923047158723,0.6273161143744668
CRISP1,-0.2211382581848173,0.6274678320844188
VPS52,0.0756250537102314,0.6275170252868395
FUT1,0.1097642693913192,0.6276054190290651
SLK,-0.1088103677941116,0.627678995181246
HBBP1,0.1502401398689423,0.6278283914061649
AQP5,-0.1557708567562397,0.6279000850240524
ICAM1,-0.1501353013828925,0.6279107052942985
FAM135A,-0.2637264792269653,0.6280389494619755
GS1-600G8.3,0.1429619238801112,0.628126574934321
PICK1,-0.0751708728396947,0.6284497284315677
SLC2A2,0.1432737373811707,0.6284926341229881
RLBP1,0.1801435053459128,0.6287016238928849
SCML1,-0.1334254706548758,0.6287186128323305
MICAL3,0.1524762993599857,0.6288310180348604
XPO6,0.116998578917526,0.629044849067791
METTL5,0.1103803210480744,0.6291887621334649
NGFRAP1,0.1193161722480091,0.6293833553069116
CFHR4,-0.2296554655079354,0.6294278851163739
MRPS18A,-0.0605200608698748,0.6294377081391304
CLPS,0.1729842554713254,0.6295307691637688
MCAM,0.1272990758410781,0.629550794202247
CLEC11A,0.2883647627297474,0.6296836985290941
DNM1L,0.0723784264811513,0.6298235508786867
HIST1H1T,-0.2108498708285928,0.6298677610498158
MOAP1,0.1017856135148029,0.6300318399514361
EMC10,0.1674827410952444,0.6302280960517334
FCN1,0.2837292135745377,0.6302910827889263
C7ORF43,0.1773262915042579,0.6305702217440928
PLVAP,0.1270635636202435,0.630681650142793
ANKS1B,-0.234781618858892,0.6307004654871223
SPHK1,-0.1256220818849627,0.6308723259390753
NOTCH1,0.0683768165801623,0.6310966727839742
CEP97,0.1395995492746227,0.6311221606309281
CSTF2,0.0687877093366928,0.6311400535578142
CADPS2,0.080015330171669,0.6311759471700834
DEFA5,-0.0897439475152062,0.6312492555881521
BMP8B,0.1068962601279688,0.6313094331483086
SLC25A32,-0.1208265505294914,0.6313162091492964
CFTR,0.3574031707615184,0.6320152221476512
NRIP2,0.2433930813062668,0.6322135244824749
CORO1B,0.3055563969804034,0.6325937795616355
ZNF771,-0.2281066666798477,0.6327083609600033
ABCB8,-0.2367561565745566,0.6327302576025444
ATP10B,0.2432279797402263,0.6329367161972708
LGR4,-0.2099462424993836,0.6329949968840769
C5AR2,-0.2198724010244142,0.6330989632696155
FLT3,0.1328018071816119,0.6332340455375066
MXRA8,0.1257502541862702,0.6333261741050628
SFXN1,0.0984977524364376,0.6334360227053188
LOC103344931,0.103438667620983,0.6335160302280494
TDRKH,0.0885197931145933,0.6335953907304712
HAPLN2,-0.1478606524370773,0.6338311917502111
INS,-0.1158754498526111,0.6339415060740281
NTN1,0.1536313788148993,0.6339926942788721
PGR,-0.1997456262924846,0.6340203788566389
NQO1,-0.2861053006588285,0.6340766732783177
PBRM1,0.230697577677617,0.634114215985909
TSTA3,-0.0563489505523442,0.634238094348209
GLI2,0.2303913027645281,0.6342569429795584
RGS4,0.2032120194523727,0.6343911982808034
TAGLN2,0.0828958920389979,0.6345384815804588
RP3-359N14.1,-0.1866161500881955,0.6345915553219169
CALHM2,-0.1135585215955714,0.6348302264229094
HTR1A,-0.1871970902771931,0.634939693388133
VRK3,0.1262075719909372,0.6349424766395229
IFNGR1,-0.0922096112030956,0.6349570260450297
LOC51145,-0.1871531346259454,0.6351924355207478
CRX,-0.1751677646251481,0.6353793811241828
MAP3K2,0.1232860931504671,0.6354683607453843
STRN3,-0.149949584611809,0.6356510450873207
RFC2,0.0999100332027094,0.6359719927829398
MYOZ2,0.2508604597664425,0.6359922756031524
IL33,-0.2529867132899754,0.6360132029242803
NAT6,0.2233084604784219,0.6360719995289041
NDE1,0.0699001253937776,0.6361585678306109
TIMM8B,0.0443298070131135,0.6361665698641117
KRT24,-0.0999297057744383,0.6363639450986814
OPN1SW,-0.1066053278582184,0.6363922450068297
LOC100996325,0.1916260012374022,0.6364702852008066
KIF1C,0.1391940815695838,0.6365726061783293
ZBTB44,-0.2160162895508453,0.6368141217293639
DHRS2,-0.2101922421026651,0.6368506289437115
BAD,0.2055814471778898,0.6369336853404101
CAD,-0.0672091309526674,0.6369447653676774
PIGA,0.1204174825960811,0.637014944840862
CLINT1,-0.0834831567447036,0.6370888335324548
FBXL14,0.0628554668863365,0.6372251196599417
PFKFB2,-0.2400601926382677,0.6372704727709486
MEF2D,-0.2171876384580908,0.6373286392578643
SNRNP27,0.0736453813764477,0.6376956230317536
JAG2,0.1029548667536026,0.6378910948570462
TRMT11,0.1041333511577988,0.6380577320565415
KCNQ3,-0.1564535971814686,0.6382159943222242
ZNF84,0.1070117285972571,0.6382356383233622
FAM120C,-0.2135073140245103,0.638267662389123
APOOL,-0.1675883499191055,0.6386471264776141
SLC2A9,-0.048506399496965,0.6386984311460596
CHUK,-0.1341648263196866,0.6387576816293921
SLC18A3,-0.1982036031391185,0.6387832638705395
SERPINB9,0.1547555029214589,0.6389570583306241
NBR1,0.0905514372592826,0.6390274052559034
ERAL1,0.0389846719507858,0.6390392121775325
CNNM4,-0.1122557931002683,0.6391383138725144
RFWD3,-0.0589059383856023,0.6391473835660895
MYO7A,-0.1886656431483651,0.639267138757089
LMNB1,-0.2008975428805222,0.6393145796117192
ERN1,0.1675519076357536,0.6393239226405205
GRM5,0.2411084378348507,0.6393376299224838
ATP2A1,-0.1172655419067023,0.6394690783408357
KLHL12,0.1164823671186328,0.6395036817166447
POMP,-0.0638017886455504,0.6395629591001902
ICOSLG,-0.1720061289126402,0.6397474526422741
HMGN1,-0.1083193577927232,0.639875144723882
NASP,0.0646320862984151,0.6399047076558919
DSCAM,-0.1507005159350756,0.6399820750019117
CACNB2,-0.2897691351676483,0.6401907234229727
CIDEC,-0.359874309375316,0.6401914130124436
SEC14L5,-0.0601519360028159,0.6403186299334584
ID1,-0.1372124140195367,0.6403883058920409
STAG3,0.1500455904501665,0.6404284325890536
PPIP5K1,0.0992556141550009,0.6408926082336087
GJA4,-0.1647685930219573,0.6409476183528027
TRAPPC9,-0.1947199497596736,0.6410316480635129
MILR1,0.1715644345186042,0.6410343935764373
DEC1,-0.1802678108107818,0.6411232837869281
RBM12B,0.1097159483118916,0.6412619822244876
SLURP1,0.1773970699608389,0.6413700127495529
MDM4,-0.2391359994640369,0.6416723995881277
PTPLA,0.2469787823221896,0.6417057064515126
IGF1,-0.2455632803486569,0.6417351173028373
KIAA0355,-0.0850185495805426,0.641750766271684
PRORY,-0.1314860915335938,0.6418181595629631
HIST1H1B,0.2151498164039047,0.641850098475645
ZPR1,-0.1208253954141405,0.6419662582830602
FIP1L1,-0.0737740827305151,0.6421328237512443
FPR3,0.1499073849372543,0.642431665422397
LINC01140,-0.1753414754450819,0.6424565890182804
LRRC8E,-0.1291119954777837,0.6424791764859353
OMP,-0.1134185510661378,0.6424851161878499
TRIP6,-0.0956211010242604,0.6426050438281334
FGF18,-0.2873494698290768,0.6426647799601629
ZFAND1,0.1139897759204462,0.6429100404704443
FABP1,0.1518778099606099,0.6430572026571929
DUSP2,0.322341354248036,0.6432178062576065
BANF1,0.0807312299494675,0.6433883908634566
CEACAM7,-0.3124711186417244,0.6434696516097786
IMPA1,0.0705407451294046,0.6435837793994379
SRY,0.2543897394663306,0.6437098689049366
VTI1B,0.0395165527147458,0.64379043254939
ADCK2,0.2330654430933147,0.6439347314779427
SREBF2,0.0933092605837853,0.6439959640392015
AK2,-0.1883464105323558,0.6440102447268605
CHRNA2,0.151431106879186,0.6445791316536285
DHRS12,0.1621782220294338,0.6446238999649199
PDE6G,-0.0692871289780683,0.644697453503308
RAB31,0.1043045288546142,0.6447755857532257
SIRT6,-0.0655443460398128,0.6450670824967348
GABRP,-0.1224788497432198,0.6451873624533254
LILRA4,0.2199759594160637,0.6452542796157813
MARC1,-0.3630151301160165,0.6452908482008525
COPB1,0.0395172792990923,0.6452953380451079
NAP1L2,-0.1653180412946806,0.6454674754001539
NRG1,-0.261391591111471,0.6455114546754708
OGG1,-0.1463141911076233,0.6458396606322602
RBM12,-0.0953707477442362,0.6458527603484339
PHLDA3,0.0942244318248537,0.6461174757517807
PHLDB1,-0.0908314014896651,0.6461347868797263
LIPA,0.1227472486455596,0.6461427080103775
PMAIP1,-0.239385079969348,0.6461614546575329
PI3,-0.2536024872732358,0.6462441497228921
VPS13B,0.2621392988896485,0.6465246859600987
MIR622,0.1589042006594296,0.6465482684971908
EDAR,0.0762826433340615,0.6466252017137271
AAK1,0.2296620526254607,0.6472083844672498
FAM66D,0.158683808687146,0.6472252368917774
HTR3B,-0.1535867738978655,0.6472743432376853
TMC6,-0.0915600765057558,0.6473563934993756
ACE,-0.1905447279504475,0.647393453066978
OGT,0.1133730232878384,0.6474326200998536
RB1CC1,-0.0708693364168571,0.6476910199621074
TRPM2,-0.0660523718152426,0.6478037607680965
AADAC,0.1388020463559605,0.6478259615082779
MBD4,-0.1593657104431338,0.6480267748594505
FCGR2A,0.1472612417567038,0.648157035114804
CABIN1,-0.0696245542872482,0.6481648764211375
ARHGAP6,-0.09880243468691,0.6482070882846825
RBM22,-0.0921636427361249,0.6486123444656365
SLC2A1,0.1108848840467864,0.648670955611331
GNAT2,0.1232623335011187,0.6491531736331522
CDH17,0.2065626361723636,0.6492733669781083
TRIL,0.2147855349266416,0.6494863468411647
KCNE1,-0.1429654925027774,0.6497034461962506
RCAN1,0.1814654159191153,0.6498881763974468
ZNF7,0.0642853996622738,0.6500080740457905
GPR21,-0.0947016670010043,0.6500455765624293
KRTAP1-1,-0.1726877393680039,0.6501958991941166
CRYBA1,-0.2600500505222896,0.6505402927661008
EPS8,0.1026974508611751,0.6507520752244603
MPPED2,-0.2720052286680348,0.6508273942003427
UMOD,-0.1884181937298388,0.6508896136109724
ANKRD36,0.1121294908826753,0.6510452533380068
CENPJ,-0.0911991944675927,0.6510504015148743
AGRN,-0.1408467995855966,0.6510964629352696
CH25H,0.2342156621563909,0.651162160318073
GNG10,0.1018620383199326,0.6512069914230206
OGFOD3,0.1912169027313686,0.6514487318150058
RAD21L1,-0.2798715123588775,0.6514613198682886
ORC2,0.0861522194533117,0.6516116832410183
EFS,-0.1413987017093454,0.6516580198388536
AGBL2,-0.1569948172074999,0.6517726731731361
ATG7,0.0649646296955239,0.651889336045911
DNAJB5,-0.1951216504051696,0.651990835921379
MTRF1L,0.3244679510945176,0.652029248813093
PICALM,-0.1436535499899758,0.6520321580970443
GML,-0.0663590332337866,0.6521210406336989
HAND2-AS1,-0.1795990088313606,0.652360769725611
PTGES3,-0.0448317841788412,0.6524691490676119
RP11-499E18.1,0.0687559994487552,0.6525804471260657
TRAIP,-0.234612836269858,0.6526505542998564
RIC3,-0.144917120916566,0.6526923905094073
HNRNPD,-0.2312396222885269,0.6526989629947931
LPA,0.2028475723670064,0.6527123818301752
FAM174B,-0.0720668406708151,0.6528682522109382
IL18RAP,0.3187451306620312,0.6531872943714809
MAPKAPK5,-0.0644206153821027,0.6532967556496077
NBPF1,-0.0673088053669186,0.6535150061705951
PYHIN1,0.073670146178367,0.653536728748359
SLC16A2,-0.058134102687867,0.6536357936408024
BTN2A3P,-0.1413201106267303,0.6537399784818432
FARP2,-0.0757739854168102,0.6537833578035098
CYB5R3,-0.0543191004094207,0.654220613126083
WWP1,-0.1549919850615948,0.65436022126205
SORD,-0.0807753687444137,0.654454636730169
ABI2,-0.2549063170302705,0.6551000527627074
LRRC6,0.0737947921193988,0.6552061003138541
PTPRT,0.1936341385934827,0.65520948566433
SLC25A24,0.0923304070672212,0.6552582566322458
ACTN1,0.1247327670020617,0.655409398248209
BEX4,-0.0981147651943068,0.6554697582886029
TNFSF8,-0.1182880450222683,0.6554713663510441
KANK1,-0.1681425431208207,0.6555473039915194
LAPTM4B,-0.1245234309113385,0.6556951559864804
ZNF556,-0.0882162103402617,0.655876549915872
HDAC9,0.1420117888499179,0.6559490420243692
MPG,0.0626702791702786,0.6559833472378885
FSTL1,0.0441471416352605,0.656028354401634
KLK10,0.1866642112817818,0.6560548310981257
GPSM2,0.2588364843726261,0.6563120473418326
DAAM2,-0.1262664406578277,0.6564083494673806
GSTA3,-0.1875203885030023,0.6565359409923378
SGSM3,-0.1111059708228365,0.6567102706931357
SCGB1D2,0.0904606153691283,0.65695341857127
HILPDA,0.1552180006266166,0.6570329562620869
HOXD9,-0.1624876901230285,0.6570492730078478
TNP1,-0.1055046628811062,0.6571399272657402
RN7SKP150,0.166259845116329,0.6572749819892286
CMAHP,0.1234773035738108,0.6575629219882723
POP7,-0.0676996211825997,0.6576633150742724
E2F6,-0.0561676283012797,0.6577415048863018
ENTPD4,0.075406624218834,0.6577652205463834
CCL16,-0.1721780216063813,0.6577848671914526
COL11A1,0.379137399895658,0.6579945308822367
SERBP1,-0.1455018983818359,0.6582920264618431
ABCG5,-0.198155606800864,0.6587581166907064
CA8,0.2192921930865425,0.6588383040228203
PDX1,-0.140963316509918,0.6588553530918697
MAB21L2,-0.253948349200022,0.658860983872738
PELI1,-0.1110273459665656,0.658919761151241
CRYZ,0.093442598042662,0.6589483084862378
MAPRE2,-0.2251410163135365,0.6590036453712287
CLPX,0.1016971482168429,0.6591158490111285
CRABP1,-0.137671932294487,0.6592786656139362
UFSP2,0.0595525210653757,0.659280326224992
ECI1,0.1417787528544902,0.6593682205552723
FABP5,-0.1208413224292641,0.6593877049030474
CLSTN3,-0.105283965218704,0.6594075766380382
AVPI1,-0.0789867743240506,0.6597814929478827
PLEKHB2,0.1576666929755656,0.6598731912415845
SLC4A5,-0.2079372129760583,0.6599394479872406
NTNG1,-0.0642945623524919,0.660067002068249
LOC101927550,-0.2009217071303526,0.6601257223617653
KCND1,0.1674393698798608,0.6604639725892513
PDGFRA,0.2027196318049235,0.660929550182576
CHST3,-0.1823793599120735,0.6612701509287872
PMM2,-0.1000753817568629,0.6613396375439403
ZNF835,-0.0645013130239799,0.6613401196987162
ATP5G2,-0.1799518892747622,0.6614739076434731
RPA1,0.0887410433304101,0.6616422014136165
DEDD,0.0777612130804321,0.6616477769816014
UBA52,0.0319268854037311,0.6616624917932908
CDC27,0.1037894174231581,0.6617419144537476
TECR,-0.0576229677467008,0.6618530926329785
PRDM4,-0.0652649603955346,0.6620806406603292
RBM23,-0.0358994095971887,0.6621040325632784
UBE2K,0.1198328557319037,0.6625175713428233
CDC34,0.056646718296788,0.6625529539301016
MINK1,0.2444205001212163,0.6626710589582759
MAP2K6,0.2586129776827492,0.6626907522821498
DDOST,0.0731236919489894,0.6630719298335781
IKZF3,-0.248386210942475,0.6631305131226026
HCAR3,-0.3056090305085028,0.6631338800335695
MRPS34,-0.0806346119195371,0.663208926436606
NDUFAF5,0.2433492441291154,0.6632112655736685
PGPEP1,0.0686481551653948,0.6632771094078384
ALKBH1,0.0536719569892927,0.6636068945663599
UGT2B28,-0.1011168764230308,0.6637118654813281
THY1,0.236158468079207,0.663781297843326
FAM198B,0.1478566353519879,0.6641366812396192
GDAP1,-0.1350892693191987,0.6643547866428592
ALX1,0.1111891580123636,0.6643809773990005
DNAJA4,-0.0989358309899728,0.6645715132886685
HMGN2,-0.0478387923666741,0.6647826119250491
LANCL2,-0.0799836556392312,0.6648027932619711
POLR2B,0.0459229159465142,0.6648595039391486
VNN2,0.4327127702778153,0.6649849904869621
OR1D2,0.108344228927149,0.6650961740702984
DCLK1,-0.1094008685777945,0.6651071473833006
PUS7L,0.1205703547563041,0.6651171569543793
ARMCX2,0.098850892099124,0.6651208009510045
GADD45A,-0.1211515385437511,0.6653144976307783
UGP2,-0.1205265422976982,0.6654821140092991
CA3,-0.3413191857295792,0.6655307200028339
LINC01136,0.0928374388689237,0.6655690523135182
GK2,0.1894074020632699,0.6656584892476495
NME1,-0.0943688940282783,0.6657301046896283
PSMD9,0.0830802799240055,0.665748120901091
ZDHHC18,0.0956814571470081,0.6658133271564957
ATP6V1D,-0.0772584479806601,0.6658235100430526
PINK1,0.0939989764593267,0.665938496053416
SV2C,0.0748305269561715,0.6660107931543577
MAP6D1,-0.099958839085561,0.6661020653585784
EP400,0.0913691719905056,0.6661650615452164
ACBD4,0.1520064159819467,0.666265662631983
IDE,0.0511835547714749,0.6667813403972738
ZNF551,0.1669232581128286,0.6668565384612914
DARS,-0.100852964615143,0.6672871450009028
GPNMB,0.0777377790077853,0.6675373386874687
LIMCH1,-0.113593629401949,0.6676042725070456
KRT23,-0.2234637456382566,0.6676877117818659
EPS15,0.0669190912926485,0.667735702068247
ID4,-0.1605687312044486,0.667869673411497
SSBP3,-0.0792520916306998,0.6679562033831693
USE1,0.0683052695475998,0.6679672561088351
YES1,-0.1980587786768319,0.6679800954933036
PTS,0.0827605222656622,0.6682382161884943
TEX13B,0.0864524058949207,0.6682575800501575
FXR2,0.1925983090007488,0.6687386468921801
PBX1,-0.3048523928016964,0.6688523687754129
FBXL12,-0.0310165877472208,0.6691971051367096
SYT12,0.1805459977110395,0.6692465086473751
NCOA1,-0.0663502620585543,0.6693311024518117
FLT1,-0.1764965918348569,0.6695050077600829
CLDN9,0.053220879517478,0.6695331926635383
MYO1D,0.1579451078979339,0.6696077262273172
SSTR4,0.1598257934060116,0.6697848095459235
KIR2DL3,-0.1506538789569447,0.6698747616621022
CHML,-0.1683034395538225,0.6698995469411252
CD55,0.1639374076309465,0.6699965757853305
MYL7,0.0905748209737891,0.6701014236050368
CCNF,-0.1566015782775043,0.6702694989998764
TRIM44,-0.0547693927124672,0.6703467110860648
TWIST1,-0.1419249269338269,0.6705656010664549
SMAD4,0.1055028648746354,0.6705663762327596
CELA3A,-0.2301794862271569,0.6706595174375735
STAR,0.1164564740893072,0.6708024416291638
AGK,0.0849817416525446,0.6710867964662232
HLA-J,0.0838709592767514,0.6711211191887532
GCGR,0.1893622299828647,0.6711465749943218
YWHAE,-0.1171285903817409,0.6714554791951669
OR2W1,-0.1352188179185196,0.6723067435905723
ACOT8,0.0647410579060459,0.6723140905662524
PRKAB1,0.0662684630690542,0.6723188711660508
GABRR2,-0.0873099783535193,0.6724174172545536
PDSS1,0.0992034268445269,0.6724444366613322
PHTF2,0.1261091848258919,0.6724570268913438
DPP6,-0.1289784200501129,0.6725013529682564
BRWD1,0.1528757907450018,0.6725188483008466
TBC1D5,0.0907373089028897,0.6725482354250844
C12ORF29,-0.1275817100618734,0.6727097217355226
TCEAL1,-0.0823588009056504,0.6728535063617294
SNRNP25,0.0648843011785835,0.6728913132184401
PRR15L,-0.1244365912488758,0.6730084225897741
PRPF18,-0.2040597687776522,0.6730216087023555
TBC1D8B,0.0865721928060345,0.6730279181811167
EIF3K,0.0399081168889789,0.6733144380122553
SCNN1B,0.2210350560130756,0.6733541498438105
PRKCDBP,0.0869958855455657,0.6737675480867202
TMEM80,0.0913717189784861,0.673896952417795
PCK2,0.0722370151271452,0.6740127694466899
CLCA2,0.2468552844707345,0.6742643276025136
PLAGL2,-0.0882892317123058,0.6743089473705485
MYOT,-0.2696844942839185,0.6743144077718438
LGALS4,0.0995106350720327,0.6743650985705203
NCAM1,0.2286721858465004,0.6744175987105363
TSR3,-0.1239703672410748,0.6747910343929938
PDPN,0.2055075821387877,0.6748157714684796
MEN1,0.0516364089694025,0.6748664242028066
GPM6A,-0.3057966111306358,0.6751469766904102
ARHGEF28,0.2059692416906289,0.6751489976680246
APOBR,0.1728533417313951,0.6752236082720974
LRFN3,0.0611882885061474,0.6753461177201924
COX7A2,0.0855458975459235,0.6756135286668653
PCDHB1,0.1779630649854429,0.6759058558234603
CHAD,0.1760488680567422,0.6759311169560939
AGPAT1,0.0691069848967771,0.6759723190992615
NSDHL,-0.0768203984131092,0.6761047247037779
ALB,0.2230568090196181,0.6761599024562945
ANKRD10,-0.0716044390838064,0.6763142846103751
CDK18,0.1718330545501158,0.6763577721203726
KLF5,0.1374443354476584,0.6763631572080541
TF,0.2728854657590656,0.6763866829115921
HECTD4,0.0638002403569082,0.6764538705012949
MYBPC3,0.1162738177921394,0.6766998681925012
STK32B,-0.1562896886222082,0.676717075156789
DFNA5,-0.0964814965528333,0.6772050982938832
LRRC36,0.2010013352082245,0.6772896293703726
RIN2,0.0733793908137538,0.677313910746288
C1QTNF9B-AS1,-0.1897298460881753,0.6773487331356698
POU5F1P3,0.1617304481390062,0.6773716434798289
POLR2J,0.0427134320238025,0.6774524351373782
KCTD9,0.0999296761939962,0.6774676353671615
GNB2,-0.0308045119524056,0.677697553630572
MAP3K8,-0.162335610304372,0.6777000692744537
KDM5B,-0.170084274168869,0.6777744204746264
LOC100996756,-0.3326882903978578,0.677897106046484
CLCA1,0.0951874371844549,0.6779116326532406
GPS2,0.0328093519635164,0.6779758665278655
SIX5,-0.1544698913456361,0.6781063318799779
RP11-286E11.2,0.2555417706664129,0.678117425883745
RAG1,-0.2354081505737175,0.678251539235603
WDR74,0.0797438486695023,0.678256102896525
SENP6,0.0743335855895725,0.6783395772803753
SMR3A,-0.2160446612647817,0.6784069026729739
DDX4,-0.1129157145371895,0.6787797103486941
SLC22A17,0.122573730884242,0.6789301684089205
NUDT15,-0.0684406616476458,0.6790154118685875
PALMD,-0.1488808648234876,0.6790165262570372
ATF7,-0.079163574646639,0.6791145510974842
SAGE1,0.1725683584015973,0.6792172943972231
RAB40A,-0.190862164681028,0.6793930109564905
BRS3,-0.0923033339461083,0.6794182505573448
SCAND1,0.0482796964785681,0.6795075443460912
CCL4,0.2222079917131001,0.6795490853534984
LIPT1,0.1110713717288973,0.6796528753941594
NCDN,-0.081583609427537,0.6797898041567477
TCF3,0.2017043522635013,0.6799295382510933
AARS,-0.0482955154288742,0.6802065295891395
FUBP1,0.1517491594936935,0.6802560629313213
CPTP,-0.129475031152209,0.6802659560121572
KIAA0753,-0.0677395038221657,0.6803065333746254
HECTD3,0.0779170136076441,0.6803296290230756
AHDC1,-0.2129527234449719,0.6806850865650964
PKI55,0.1044902424491605,0.6806987183360138
PF4,0.1931334908625031,0.6810291040632943
OAT,-0.0451337091254018,0.6810581359752927
CTF1,-0.1134293007721165,0.6811948722573264
NFKB2,0.2197065380666449,0.6812430369445666
KRT10,-0.072232443260555,0.6814898041959132
NOC4L,-0.1157602825908945,0.68182803622027
SGCE,-0.1530515475908274,0.6819586746867345
P2RY13,0.2633874612449922,0.6820120343990058
BC069739,0.162965389076505,0.6822413398411584
REG1B,-0.1581751705364897,0.6823050699508326
PAM,-0.0845987785267805,0.6828900666122939
DPY19L1P1,-0.2134044733285272,0.6829850706872583
LOC101929726,-0.1161076159485858,0.6831554077259517
PNPLA3,0.090029383818639,0.6834243587795403
DTYMK,-0.0661036216086765,0.6835804679455448
RABL6,-0.0952173511591789,0.6836203862831016
KDELR1,-0.0648046466800345,0.6837101956051922
UBTD1,-0.0994086315688527,0.684011352505887
GSTO1,0.0588766316724846,0.6841268147391203
SLC9A2,0.1598466401677813,0.6841779806134657
NPR3,0.2064949411447587,0.6842896351031699
PPM1A,-0.0593567299545991,0.6844631602326449
HIST1H3E,0.1264084302980901,0.6845030186230828
ZBTB25,-0.1251594643690916,0.6845388294512293
USH1C,-0.178081948416529,0.6846059641940647
WDR5B,0.0793252993298967,0.6846341142474185
CRYBG3,0.0673132105475797,0.684659516788373
TJP1,-0.0548696217770148,0.6847498138953265
SRSF10,0.1282270599933115,0.6847981369541459
CYLC1,0.2735551815396855,0.6849355467857541
MFSD11,-0.0643126353726879,0.6850452464706251
PLCXD1,0.097608754966135,0.6851159740360648
LOC101926913,0.2238590430519473,0.6854833129479669
IZUMO4,-0.1491345700577682,0.6856018709472433
ZC2HC1A,0.104383890109613,0.6856923024292546
FAM208A,0.1011115270041074,0.6857098101964534
ZZZ3,-0.0880246499543897,0.6860241396347156
ANXA2,-0.0272754308325513,0.6863046056147318
KCNN2,-0.1444491892808024,0.6865572967461128
IFI35,0.0701361139885232,0.6866481179129555
EXPH5,-0.1233184690787121,0.6868146579625168
DNAJB4,0.1549125577840788,0.6870027866702205
SLC16A1,0.1649153055802639,0.6875182380996216
ABCB9,0.1789026599819321,0.6880319363528575
WDR12,-0.0916090358585961,0.6881236538975887
RPAP2,0.1090321835703846,0.6881927437495685
HOXA4,-0.1071996525854963,0.6885477418259166
PPP1CC,0.054185863381658,0.6886406609627553
MTERF3,0.1147045720154142,0.6886823707092876
TFF2,0.1236420017766617,0.6891466048976043
CD1A,0.0658406518359981,0.6893257189610924
ZFY,-0.1649862387484555,0.6893430396820328
EGLN1,0.103243619780585,0.6893499789260301
RRAGB,0.0679056943527323,0.6893663055383371
SNTG2,-0.2129903368392285,0.6894354929032025
TBC1D2,-0.1356314581857445,0.6894586764378395
NECAP1,-0.0443520506847434,0.689575139162569
MRPS11,-0.09641398608911,0.6898273489807499
PDIA2,0.1958502734799436,0.6900779926977683
SLC5A7,-0.1060870471801367,0.6904751564654296
COMMD4,0.0876190035726427,0.6905443239504012
BCL2L11,-0.1697575433418667,0.6907414342215401
CTSD,-0.1240015126630229,0.6914264249523439
CDHR1,0.1370971288206055,0.691499110064847
ST7L,-0.111928500300614,0.6916559045931291
FAM13C,0.2568748976407078,0.6918278225969826
MRC1,-0.1046582366533481,0.6918758037878744
PRM1,-0.1067465861061851,0.6919111768360414
TRAPPC13,0.1147156945335634,0.6919425853829343
GAMT,-0.1801745501013609,0.6921475721293301
EEF1E1,-0.0891632657060892,0.6922878596506242
NR2F1,-0.2579929418234954,0.6923321439359545
ECM2,0.1219084767259079,0.6927280965754415
LA16C-358B7.3,-0.1592758852780793,0.6933659754059466
PRTN3,-0.201280806307901,0.693558986542968
PRDM12,0.1405132892951219,0.6935976255064472
TNFRSF11B,-0.1466687299361595,0.693678581746239
ALG8,0.0425418480826369,0.6937992460633392
GPR161,-0.1951992967864066,0.6939173536684975
ZDHHC14,0.2211166001541213,0.6939181323061736
RPN1,0.0447212647465935,0.6941854791767091
RRN3P1,-0.1470369237863282,0.6943389256812252
TP53AIP1,0.2285989826288941,0.6943692725616587
P2RX2,0.1763394424939273,0.6944252400957925
GGT5,0.2377316666356659,0.694650682035939
MED4,0.0957949060681304,0.6946561208609913
PCBD1,-0.0787779960372141,0.6948340621188633
RARRES1,0.1778376116149793,0.6948583753443465
SLC5A12,-0.2428440599872394,0.6949758023076509
PRUNE2,0.0927430276342198,0.6953373097098293
CSDC2,-0.1366718555459476,0.6953931212254144
HPS1,-0.1637800108980833,0.6954643786797268
FLCN,-0.1849390051112296,0.6955148526231687
SURF2,0.1612505497410943,0.6955294537128837
MCRS1,-0.0360774270322714,0.695662696160291
CD34,0.1206386637924552,0.6957517032318634
CWC25,0.0441088279959114,0.6961073118917088
PRLH,0.098819625402176,0.6963050337894735
POU5F1B,-0.1343179846548468,0.6963767273440439
SLCO1C1,0.0990544658338095,0.6964450189565887
TRIAP1,-0.0481866039337681,0.6965707750086804
KCNJ1,0.1678611585574194,0.6965895515962137
TUBAL3,0.0852576317513964,0.6967370677248567
FAM3C,-0.078498634594581,0.696815856234768
SPRYD7,-0.1237887012191993,0.6968853640280432
A4GALT,0.1350092734173236,0.6971682520876771
FUT5,-0.1475411583091599,0.6974125652755542
PLSCR1,0.0933235070855875,0.6976638454910586
PDHA2,0.1782665738240823,0.6978572423860828
TMEM40,-0.0753625942176583,0.6979362990200239
C1ORF68,0.1558354471994913,0.698033745364682
KCNK12,0.2283469839226177,0.6982060495729104
FMO3,-0.1539234088935721,0.6983746321571362
GALNT1,-0.0816410959306086,0.6984139650070808
B3GALT1,-0.1568386155149177,0.6985375429551711
ZBTB33,-0.1968273736008967,0.6987489854635103
ZNF248,-0.074430113386172,0.6988014894922654
MAGEL2,-0.1839230278500228,0.6988148292281215
NOVA2,-0.2171631984068791,0.6989554985239357
GFRA1,-0.1013662588648225,0.6989703515329714
LOC145678,-0.1341063818826908,0.6990879237165638
BCL7C,-0.0908873190691945,0.6991062184182666
HIST1H2BO,0.1769705128957985,0.6991306557625555
INPP5D,0.1946835211520996,0.699267345679267
IL27RA,0.1525510913896344,0.699332811328919
FAM63A,-0.0519508071994323,0.6993790169088425
CLSPN,-0.1124267008836445,0.6993948093070538
PAPOLA,-0.1112466277868247,0.6994240701334458
CNN1,-0.2567520409405084,0.6995029340901807
DCN,-0.0628787971042079,0.6995497347011932
SETD4,0.1022578139817698,0.6995591112870629
CAV3,0.1713943400056612,0.6996148758650954
CNIH1,0.0873505140971868,0.6996652725949408
ABCF1,0.0523462388755735,0.6998068403684794
TPM3,-0.0619069495271693,0.69990123700675
PCP4,-0.116313120794155,0.6999552568773105
INPP1,-0.0549892197770116,0.7005295378027819
MUTYH,-0.0411280469932169,0.7006629166534345
SMYD5,0.2215926643173498,0.7006951513115088
ARMC8,0.0851363761715386,0.7008242081653928
PTPN3,0.0898650672601926,0.7009616538314781
SGMS1,0.0886096969986951,0.7009975841003203
DPH2,-0.1128844892514218,0.7010177528052658
LRRTM4,0.1882807971005275,0.7011918207828245
MGEA5,0.0727361223535396,0.7014062371741591
CUL5,-0.1939485502054507,0.7014230644646413
LRRC1,-0.1720613514199787,0.7014588139385953
RPS15,-0.0177825051656252,0.7016601799814951
LOC647070,-0.0746081551158344,0.7019322600242982
PGRMC1,0.093689616446051,0.7019594169472915
ANKLE2,-0.1622337401315334,0.70198132995958
ARHGEF4,-0.1819744632353259,0.7022703371809464
CEP57,-0.1557423983357981,0.702278665244862
TAS2R9,0.1058387921432846,0.7023257026888222
ACAT1,0.0723734176291195,0.702419139418708
SPTBN5,-0.0595327962246807,0.7024497106240727
RFPL1S,0.1747558116014662,0.7024962998590639
LA16C-381G6.1,-0.0983113889545022,0.7027010515293062
PSMB1,0.2105120037348102,0.7029040413766469
LRRC32,0.1221389945741435,0.7030150826391348
MYH2,-0.1161212421843229,0.7031015306541593
ARHGAP5,0.0822045919768807,0.7031018745547688
FAM90A1,0.0978905295987897,0.7031641162304658
PARK2,-0.0943288646568865,0.7033662673916173
AC007389.3,0.1745205802642866,0.7034097644644474
LINC00342,-0.1892133282595507,0.70342995099777
RANBP17,0.1430489883940922,0.7034451077375801
RFPL3,0.0635627837072876,0.703465180378986
CCNC,0.0788406025253749,0.7038711020407199
NOL10,0.162971593373074,0.7039495958147779
ASAH1,-0.2196838411777326,0.704002935212066
ADAMTS20,-0.1687061240846432,0.7041911868345082
LDB2,0.2113901495605237,0.7042134519818122
ASAP3,-0.1174363037779571,0.7042691316482678
HIST1H2AK,0.1348106834918345,0.7042740453709886
NPAS1,-0.1466975990663579,0.7042818994631748
LUZP1,-0.062609234947951,0.7043913442387603
ACTR5,0.055964152305389,0.7044739366255536
ANKRD28,0.0922019947789269,0.7047035061105719
SEC13,0.0377986901013791,0.7048270556356553
IPPK,0.0688193926146523,0.7048903096214434
SMCP,0.0593590401641206,0.7050038498866108
KRT9,-0.1224182063551513,0.7053001965206199
MKNK1,0.0564010294576444,0.7053731348737896
EMC8,0.0461055241999552,0.7056470926635914
TAP2,0.2271789251479159,0.7056603700995291
CTNND2,-0.1581097883492539,0.7056957406005367
SRF,-0.1432285838132774,0.7057088357741549
TSSC4,-0.0799589989783085,0.7057476146200625
RORB,-0.0995928703351314,0.706106141052878
PDE12,-0.2319244350078193,0.7061421540330022
PSG6,-0.1013365518403164,0.7065684261328311
MRPL19,0.1152836959302794,0.7066678455823698
MB,-0.0786934579750076,0.7067758423222118
SPTBN2,0.1474088712697465,0.7069469622285739
CRISPLD2,0.1236112832235285,0.7072199064888975
GPD2,-0.1539595407732479,0.7073241007868358
TFDP3,-0.1486012981207896,0.7074483244861105
PCMT1,0.0638833340702227,0.7074852136378939
UBE2I,-0.0927751277444137,0.7075460467080811
TEX30,-0.0603666718545836,0.7075930905131037
MANSC1,-0.1042674247118338,0.7077250084637569
SSH3,-0.2295669183727229,0.7078330458242841
CLIP2,0.0921797024407364,0.7078826509542017
MAL,-0.1606995405016729,0.7078931972269094
FOXK2,-0.0597464331189208,0.7079965777696166
RCN2,-0.1052678890096583,0.7081472076923522
CSK,0.0772518079388735,0.7082802034280403
SMC3,-0.1092409687775166,0.7085560620322887
ARIH2,-0.1850036782504318,0.7086052909555488
TPSG1,-0.1123435749159051,0.7088313877858791
ZNF408,-0.083469850302416,0.7089435324994692
TGM5,0.1057177785642489,0.7091071510342665
TEK,-0.1435603650124823,0.7091326232490576
KIAA0226L,0.1588437285047028,0.7091638332985188
CPNE7,0.0752773612472452,0.7092298656309248
SCAMP1,0.1369718022842994,0.7093996601096287
AKAP4,-0.1589419271569614,0.7096477011631948
CMKLR1,-0.0901594634205373,0.7096666491672134
TMA16,-0.1298696642565628,0.7096708367849411
INSL4,0.1237199448942787,0.7097192847230809
PMM1,-0.0826895414205211,0.7097264288926454
PDPK1,0.1514924188046134,0.7097267412153119
AAMDC,-0.1669746321329834,0.7097536717391173
TMEM120B,-0.0608147462573329,0.7098953333437087
SYNPO2L,0.2132272024317369,0.7099952224609214
RBM38,0.068000747672217,0.7100229706494218
AL109706,0.1873664053980794,0.7103066968054912
CD248,-0.1383691401214744,0.7103223236419457
ARL8B,0.0304403192636186,0.7104315478150842
NFATC2IP,0.0760055635363432,0.7104713608368943
CDR1,0.2577204181674952,0.7106823805854159
NIPAL3,0.1490585119181444,0.7106903268198175
FLJ20712,0.0825486983771321,0.710750901400987
MS4A3,0.2374290401553946,0.7108395021650463
GTF3C5,-0.1739725108013603,0.710997531189971
AFM,0.1783202823798522,0.7110271473073332
STAG1,0.0716122894027009,0.7112990944379072
ATP6V1B2,0.055096265137708,0.7117130095800592
NRN1,0.0940729940044668,0.7117397615740336
LRRC14,0.1844962420989624,0.7117639450347502
TUBGCP4,-0.0701211282715625,0.7118240105885221
ATP1B4,0.1666095083425762,0.7120718713632594
IFNA5,0.0774757175761422,0.7121484001100409
CDH3,0.110086308157093,0.7121505794588819
SRPK1,-0.0733262416112161,0.7122455813743026
EIF2B3,-0.055104275665549,0.7124222650496617
SIVA1,-0.0871579675493645,0.7125868008450021
EPHA3,0.2857400229691507,0.7131282781142732
MOK,0.0459817929472103,0.7131806637202114
ICT1,0.0330254429312564,0.7131842184793198
MADCAM1,-0.0973097145119927,0.7132015180018134
GK,-0.2050474910557973,0.7134389410542241
SYN2,-0.1938132976831657,0.7135053979467316
C7ORF63,-0.1359709233406034,0.7136244243204879
C2ORF54,0.0757229580888756,0.7136254980237394
PRG2,-0.197044241237668,0.7136696829141871
MAP9,0.259798770583421,0.7136874696291435
NDUFAF7,-0.1528054843036939,0.71376666390408
RP1-217P22.2,0.171736470456326,0.713864479247619
RNF10,-0.0613705833810911,0.7138840468028265
CYB5R1,0.0493690392630199,0.7140607615340054
TTC18,0.2085046403665771,0.7141591738297798
HGSNAT,0.0699954834235008,0.7144433716181637
CCL20,0.4746270109120107,0.7144616471165541
TUBB2B,-0.2070565415379457,0.7148497781862783
KLK11,-0.190010400296722,0.7148917621899825
SEMA7A,-0.0513631581339604,0.7149339931225583
RPLP0,-0.0567381739995482,0.7151554057743016
CAPN6,0.1902209005372261,0.7153441876307854
HGC6.3,-0.1206045765227261,0.7154696000574534
TCP10L,-0.0474213546514956,0.715567833237356
ZNF415,-0.0727761954572443,0.715895413587971
RARS2,-0.2012966270141376,0.7164186235544937
CRELD1,-0.0898822514851476,0.7168034213583279
IL11,0.1929726345851996,0.7168960573497517
CNNM1,-0.0858870168503544,0.7169357276121828
TRAF3IP1,0.1005153537901586,0.7171631749597873
NUDT9,-0.0555101755001299,0.7172992641508779
ABCC1,0.055259552510078,0.7174646185412044
LUC7L,0.0593631919045236,0.7175243089881714
CHMP6,0.0552620312498799,0.7175274945652863
JRKL,-0.0747355706072987,0.7175290071059863
AEBP1,-0.1436694038129911,0.7177137173722663
OR7E2P,-0.1621074460211282,0.7178088647679126
SUPT3H,0.0930852714588805,0.7179991360859501
C16ORF71,-0.1996293934643169,0.7181877240981396
ROS1,0.0500137687326684,0.7182070128415703
DIS3,0.0583061447764032,0.7182840910915742
ZNF783,0.0555318576009549,0.7183700154985942
CENPA,0.0664730074306971,0.7185113708663612
S100A5,-0.1601609526196208,0.7186789421621945
ZXDB,0.1578983813238341,0.7187804026142188
CANX,0.0363887105983771,0.7188333380596293
ARHGAP19,0.1877101469363138,0.7190708493660724
ZKSCAN1,-0.0816013166702482,0.7191911662103465
SLC17A6,-0.1676668405637977,0.7192198810612342
PKNOX1,0.1759632811692846,0.7197935017596023
SLC1A3,-0.1425637813451779,0.7198527756284218
TBX5,-0.1977035404408749,0.7198775403182621
PRO2958,-0.1629114016148909,0.7199320201479439
NEUROG1,-0.2048364623897471,0.7199822449434002
CEP72,0.1827501456880114,0.7200988717422722
GSTM3,-0.0889396579056391,0.7203014295965056
MAN2C1,-0.0483870919132645,0.720303191638872
SLC25A13,0.0659333545859395,0.7205951763769257
HSPA9,0.1016741967410057,0.7208036361528827
TPCN1,-0.0958468415472602,0.7209471821620492
C19ORF73,0.1119931669358251,0.7209707696424247
ARHGAP12,0.1002445624365098,0.7209887124471799
GTF2F2,-0.1072634819901816,0.7211711506597855
MST1R,0.1196382307940808,0.7215202281829517
TIMM9,-0.0551044257426323,0.7217652598042699
PTGFR,-0.116131128004552,0.7219366132563502
E4F1,0.054571882707787,0.721959407657409
CD93,0.1073728314136062,0.7220756835120038
SNAP91,-0.1701503379291669,0.7220993886041688
CTNNBIP1,0.1602723401662711,0.7222093714812502
PEX13,0.0631006789258155,0.7223442744653042
FNTA,-0.0302195001072203,0.7224275372044668
ECH1,0.130710487969301,0.7228313587446569
BRF1,0.1444131231602279,0.722970671720464
CSF3,0.1316927283771791,0.7230154976489622
NEK7,0.0577311777332525,0.7230179838213943
CHRNB4,0.1931369155913449,0.7230531004364892
RAB17,0.113960711312937,0.7234502247842256
HOMER2,-0.1585882021488762,0.7236913044530352
AURKAIP1,0.0497433021059539,0.7237589405569631
UPB1,-0.1432327913712225,0.7241550548483039
PRPS1L1,0.1819389191856188,0.7241710323658297
POF1B,-0.165660702589073,0.7242558501779384
ZNF365,-0.0907050948744316,0.7242660969952863
PDE5A,-0.2176955629339918,0.724273593642829
CLK3,0.0436916536770937,0.7244544957527103
RNF128,-0.2415399741130688,0.724744368392366
DGKB,0.1784083585743237,0.7248155244754831
IL12A,-0.1142580697303374,0.725443264904032
PDHA1,0.0881010745400701,0.7255475270025391
MEIS2,-0.1078568392970611,0.7255999765591945
ERC2,0.2248007362563666,0.725738865455655
CRISP2,-0.1630770071867369,0.7258553222616255
KIAA1033,-0.0820455614417596,0.7259005695370495
MAFB,0.0509196813042542,0.7267055880313535
PSMB6,-0.0429158370303497,0.7267359255491612
MPP3,0.0833334230010187,0.7268672917874902
ZNF839,0.1784572616184316,0.7269840647641861
PLOD1,0.0745352888421049,0.726994448678797
EXOSC2,0.1693519558055305,0.7270118867815429
CKS1B,-0.0717115102920562,0.7271050578749452
MAGEC3,0.149679336838707,0.7274207656962164
FAM214B,0.0555745597628511,0.7275053346672388
PIGT,-0.048895791407773,0.7277147697845193
PPP2R5E,-0.0504529009529814,0.7278008706325068
DDX1,0.0284585214839836,0.727858427553689
ZNF334,-0.2164196448321016,0.7279437025903815
NTN3,-0.1552774518059787,0.7279655491359892
WDR48,0.0814872959442496,0.727980980142122
BAK1,0.0683802624958609,0.727996362041799
MCF2L-AS1,-0.1958556544985432,0.7280679806957905
TM9SF1,-0.0475475936848859,0.7281616803309937
CHORDC1,-0.1143378120632796,0.7281814501857569
HOXC5,0.1397019712173879,0.7283491119706881
MNDA,0.1273777812470413,0.7283511053981168
CROT,-0.0946018121738347,0.7283597462733475
FAM96B,-0.0262293824981227,0.7283690789932812
OPA1,-0.0664338449041626,0.7284002062551217
NCBP1,-0.1049531536349608,0.728517610670078
MARCH5,-0.0427337175026441,0.7286124337675364
TMEM159,0.0676722872226713,0.7287138997702595
NACA,-0.1408662215360854,0.7287790739539043
MAP1S,-0.058072213693487,0.7288139748716753
SUPT20H,-0.1090958823666317,0.7288856845060265
DACT1,-0.0953171807319916,0.7292042809327909
URB2,-0.1280105857372628,0.7296553071874848
RP3-406P24.1,0.084356928634822,0.7297283751688478
GRIK5,0.1772338273931573,0.7298920464786565
RNF123,-0.0309674887055457,0.7299187967288999
ZMYND11,-0.0896754140031852,0.7299926126694709
RPS6KA2,0.0888835388496787,0.7301098092553233
TNXB,-0.1309872911877994,0.7302050942715688
GABRB1,-0.1482408001230748,0.7302079603193043
IMPG1,0.1121633820758838,0.7302810184689934
TRMU,0.0941053787162955,0.7303349345040162
EXT1,-0.1747872925176592,0.7303469339686659
HLX,-0.059497981641277,0.7307525231319909
CDK6,-0.1672650261800568,0.7309508094376299
CCNA1,0.1748998814290416,0.7312460127558313
PANK3,0.0708096924618999,0.7312615552130235
IFT57,-0.0869332060336773,0.7312716562094982
GNG13,-0.1534140805831736,0.731326641057913
LAMB1,-0.0975336099709931,0.7313672305545649
COX5B,-0.1182062263285654,0.7314129756236994
CKLF,0.0641254635787635,0.7314409068903869
NIP7,-0.1534918523461748,0.7316171994630609
PHOX2A,0.1031995211505485,0.7319737157008928
LGALS13,0.1520551800898637,0.7321747865578495
MACROD1,-0.0903026326457245,0.732201274725445
AHSA2,0.1294244973694551,0.7324179452448784
GCN1L1,-0.0431270648081856,0.7325698418176474
CNTNAP3P2,0.1394381761922272,0.7326515747098965
INHBE,0.1880445015049412,0.732653920676903
ZCWPW1,-0.183387762831293,0.732747638074919
RRAGD,0.1108649978355345,0.7328273512686826
CAPN1,-0.0654795031027095,0.7328669889257992
CELSR3,-0.1427591041025921,0.7330846297595277
KEAP1,-0.0380135364986458,0.733200671052579
ZNF674,-0.1123915105524584,0.733487350501398
SLC2A8,0.1085794851907264,0.7335168113633395
APOO,0.0444994601794022,0.733537734143033
ORAI3,-0.0843521545290624,0.7335450896858332
FUZ,0.097603432829147,0.7336514123842663
TAOK3,0.0486344297668592,0.7336736246610704
ANKRD46,0.0517207544842861,0.7337812189157615
CYP2E1,-0.1472969306717599,0.733788519860526
CHEK2,-0.0570972040922246,0.7338454800309129
STXBP5L,-0.1417447577346466,0.7338918190272203
KRTAP5-9,-0.0796881832607145,0.7338992979941361
QPRT,0.2004220306892641,0.7342272189530406
RGS20,0.1891856347437515,0.734252322298118
DAGLA,0.1026625977195578,0.7343633273836216
TACR2,0.1191233898489017,0.7343853126311423
GUF1,0.0700040700957886,0.7348677927551646
GPR63,-0.1124317420802416,0.7350335171519327
ARL6IP4,0.0445588916542991,0.7351574735711591
KDM2A,0.0640319017498427,0.7352923417541322
NR2E1,0.1092026857184018,0.7355717857186251
PSME3,-0.0691364809319949,0.7356397037320876
PTPN20B,-0.2139606171456853,0.7358044526051374
TACR1,0.1705967331808562,0.7358443327834947
PDPR,-0.1021925108858532,0.7359389874295836
PRR7,-0.1616215724202243,0.7359658489836824
ABCG2,-0.0995699579601856,0.7361085052454046
TBC1D8,-0.1711504866591475,0.7362687237614333
KIF3A,-0.0436693367599954,0.7364213950179119
ANXA6,0.0820004802208913,0.7364857119672107
RHBDF2,-0.065999133241517,0.7366224717130005
ARMCX4,-0.1066285847055397,0.7368012325933654
CNPPD1,0.1567452113055107,0.7368119330282924
CDH2,-0.1916282370518143,0.7370370349934416
LCN1,0.1300102059755525,0.7370829310441088
YLPM1,-0.0884606463431332,0.737118517007671
PPP3CC,-0.0987883303429573,0.7371711734152331
PRKAR1B,0.1133644266481832,0.7375690338760177
CLDN6,0.0993766676527689,0.7376229138507681
RFX3,0.0777841590579777,0.7376276973063632
CLGN,0.2263633676064995,0.7381510203966367
ZC2HC1C,-0.1209550362927132,0.7382028886136467
GPR6,-0.1791713943032249,0.7383607699914047
LOC202181,0.182454524408743,0.738608098781443
SHMT2,-0.1104645293346386,0.738631768916952
CD4,0.1222406080782168,0.7387308918907267
GPR137B,0.0642963054365424,0.7388273856617582
HDC,-0.1413017900544053,0.7389262987232585
SKIV2L,0.0362611615397021,0.7390621472954146
ATP4A,0.1182945461161226,0.7390789751007181
DLG3,-0.1281372708243227,0.7392008314843933
BABAM1,-0.0548670354300497,0.739397553791825
GPKOW,0.0674640024887143,0.7397235700415543
HIC2,0.1268995046431626,0.739737181868224
UAP1L1,-0.0666754095210517,0.7398262460925155
TP53BP1,0.0446039930460386,0.7399767608562774
MAGOH2,-0.1062032307593572,0.7400322561860958
ARMC4,-0.1126422817601504,0.7402088484988855
ZNF428,0.1769297295199372,0.740364063895793
DCAKD,0.163962823138569,0.7404266432764479
MTSS1,-0.1888613612133705,0.740555807261338
SSFA2,-0.0583050884648876,0.7406775938435254
RPGRIP1,0.0431388992702741,0.740780289340789
URB1,0.1714505681601776,0.7408258852108943
ATXN3,-0.2186339237310477,0.7409746804840238
DECR1,0.0525464867360412,0.7411240505259309
GLE1,-0.1404044617771322,0.7413148486728713
TYRO3,-0.1504305269329044,0.7413466190962299
COX5A,-0.0391498865401889,0.7415249983546878
CPPED1,0.0839670086635724,0.7415885392230891
FPR1,-0.2081720352838969,0.7415886261856778
PKNOX2,-0.2059516545994446,0.7418362637230967
GRAMD4,0.0518931459780329,0.7419189697814561
C19ORF60,0.0977791125364007,0.7419505795443855
OSR2,-0.1357327645972166,0.7419838371988392
MT2A,-0.0529511439217191,0.7420563597180669
NDUFS4,0.0626348896758042,0.7421192340589228
ZFPL1,-0.13027222952529,0.742446922310408
EMC2,-0.0550509981638853,0.7428321288288093
NAAA,-0.0703426496739929,0.7430258707948539
HOXA6,0.0700223846504295,0.7431891576229943
TMBIM6,-0.0378811855332568,0.7432523518626794
ZNF586,0.0639895522917157,0.7433513307957261
ZMYM4,0.0390371224135268,0.7433539414149457
PHIP,-0.0649566214504879,0.7433788518958673
PDGFB,0.1479110950373297,0.7433906265990777
STS,-0.1921120361355126,0.743541785104567
MYT1L,-0.16023911674126,0.743667565693563
TRIP4,0.0302861350608889,0.7437884835603693
WDR18,0.0929712269224918,0.7440057053506604
RRAGC,-0.0409577657674464,0.7440243505776458
ARSF,-0.1207837741102295,0.7441498396149364
VASH2,0.1618574913328041,0.7443658098388352
SCGB2A2,0.2181917305796519,0.744565419926554
TNR,0.0943289836776095,0.74465166660178
B4GALT4,0.0587758747218201,0.7446984972771729
PCNT,-0.0455111279896822,0.7448424746213577
HDAC2,-0.1062116671004531,0.7449093624849051
RPS8,-0.1020357566091405,0.7449870604398501
TICAM1,0.0678374982063338,0.7452857398042564
BLMH,-0.0411882743686309,0.7454476878555228
TMEM242,0.0553618633097503,0.7455199404194269
CPSF6,0.1254442991233721,0.7455741691091246
PSMB7,0.0289503023126496,0.7456268125895791
ANKRD34C,0.1088550609118446,0.7463246471545646
DCTN2,-0.1162730100211826,0.7466439319716197
MOSPD2,0.061915271108659,0.7467493666927755
TPO,-0.1949741607818618,0.7468826003910944
OLIG2,-0.121146298348413,0.7468851212265245
SPINK1,0.1520168884492827,0.7469938557354815
GALNT3,0.1911195737942854,0.7471463023696414
CAMK2G,-0.1010384155830514,0.74720274525024
SLC39A14,0.1128685361959238,0.747257823575374
FYCO1,0.0595395872040374,0.74735216470043
GAK,0.0617708202331765,0.747364705887508
SLC5A6,-0.1352459966737438,0.7474297756580288
KRT16,-0.1495440000698957,0.7474309900652537
BAG2,-0.067645089547101,0.7477237108583055
KAT2A,-0.0506805058440722,0.7477996129053823
MRPL39,0.0352986083766317,0.7479427481792045
MT3,0.0544293687090498,0.7479471314044267
ULBP1,0.0569828873855398,0.7479577389541244
PHC1,0.0601559785636052,0.7483958815518563
CCDC176,-0.0514272316152819,0.7484273200825102
NUP85,0.0360057324893983,0.7484381534840131
LRP5L,0.1748375208147159,0.7484463128868619
RBM7,0.0630586521631055,0.7485370743342965
MBIP,0.0866467002777655,0.748689757063104
TUSC3,0.107035226117448,0.7488522951699791
BTNL2,-0.0830898857164816,0.7490662372851744
DCAF6,0.0463949525461089,0.7491265362559234
COPG2IT1,-0.1133413585793166,0.7493283021905409
MYOM2,0.2049522462738995,0.7493436695359091
SULT2B1,-0.0608296073854601,0.7495677784457045
VEGFC,0.131110454254463,0.7499182736488865
DNAJC2,-0.0872059831490617,0.750338124500881
HERC4,-0.1497681386900202,0.7505542005361537
PPA1,-0.0667506559522923,0.750695444432807
RP11-429B14.4,-0.1333996000703123,0.7508013932536907
EPO,0.1595138958027262,0.7508403270565159
PRDX3,0.0569197987065779,0.7508797074354545
ATP2B1,-0.0847632347621196,0.7509780387889284
MYH15,-0.0687915712644793,0.7511256823166361
CXCL8,-0.3701187712269558,0.7511445583484223
VAPB,-0.1312281798176897,0.7514643386156252
PYGL,0.0546581783021231,0.7516631999015927
PRR14L,-0.063558692443614,0.7516649572954462
CYP3A7-CYP3AP1,0.0817315319166382,0.7516952146329396
ZNHIT1,0.0492349839984083,0.7518605791020427
SELE,0.1909690800155061,0.7518746322380533
ZNF767P,0.0534929106022747,0.7519167063380253
DIXDC1,0.077057369354792,0.7526664334352547
LDHC,-0.1415118555895338,0.7527396991762783
PFDN2,-0.0559622502720671,0.7527795143133218
MAP3K1,0.1330134987437183,0.7528146294266939
RAP1GAP2,-0.0950564282640167,0.7529555256023018
HNF1B,0.1348313503555633,0.7531226158871629
CCL2,0.2076880080083345,0.75314425858669
CDK20,-0.0597998236087313,0.7533912359172116
RET,-0.1161490626525454,0.7535648113076299
PADI3,0.0536891868407858,0.7536554245681942
KRT6B,-0.1477354999875633,0.7541698931349202
TULP4,0.0396570777211131,0.7543083114002439
LAMB4,0.1432374212681857,0.7549131972552785
OR52A1,0.1437837367174408,0.7551648454479132
CASZ1,0.0489364000621179,0.7552116116756659
NINJ2,-0.0710021069839186,0.7552725404192365
TOM1L1,-0.0701679628144145,0.7555191390342367
GMFB,-0.0773515747244424,0.7555848911040476
FCGR3B,-0.1418209271649715,0.755919200840291
CAND2,-0.0797874841236758,0.7560966954047774
RPS9,-0.0865540899415506,0.7561435325033342
TMEM185B,0.0688371212358465,0.7561619789254452
AP1B1,-0.1133152119310505,0.7562646904437826
AUP1,-0.0338283118879036,0.7563329326133231
DTX4,-0.0977186564525034,0.7564427613642959
ZNF324B,-0.0773009983777308,0.7566926573974516
MAST3,-0.0557405738247567,0.7567102210322141
GOLGA8A,-0.1251197765007461,0.7568176509517337
GP5,-0.173637001907069,0.7570148857631173
FAM208B,-0.0856104255005067,0.7570179503087905
EPS8L1,0.1281512890319405,0.7570428379584931
PIP4K2A,0.0545605763304344,0.7571585581619228
KIAA0513,0.1468031846661599,0.7573786084532831
RAB11FIP2,-0.0508438794102144,0.7574747203926164
ADCY1,-0.1250087360722922,0.7575230715072954
RECK,0.1019411307452689,0.7575674837827177
HSF2,-0.0707582603474188,0.7577231455786203
HOXA5,-0.1082650926458352,0.757786133104976
CTDNEP1,0.0475656055350732,0.7580139997405604
SRPK2,0.1208155482771866,0.758040106961295
MAMLD1,0.0595005855402863,0.7580944197835744
LUZP2,0.1307879094540229,0.7585383310150664
FPR2,0.2420391753968367,0.7586752506932578
TCF7,0.1495757795321681,0.7587876908198186
DUSP14,0.0779776619274166,0.7588246808559542
SHC2,0.1282588806170839,0.7588533077147688
CBX3,0.0972564742351647,0.7588579358801708
PRDM13,-0.1493827771554805,0.7589134076559133
CXCL14,0.1782157764326424,0.7589306215008498
C11ORF30,0.115207331062817,0.75906495893911
SLC22A1,-0.1653998442383679,0.7590651610845114
ATF2,-0.0578824157112896,0.7591458610347858
VPS45,-0.1318571163253228,0.7592048444246248
UBR5,0.0445990111816136,0.759478584180636
USP27X,-0.1684469206295222,0.7595128792717845
NDUFS2,-0.0226152354524913,0.7599766355772798
NCOR1,0.0387971469655266,0.7601755141378568
MROH7,-0.1132075945544963,0.7603651114156493
ZNF701,-0.0645302567981094,0.7605973514354721
FLRT1,-0.1406085024903101,0.7609975816250664
PSMC6,0.0510040660722861,0.7612998462893411
TCF4,0.0996974645925252,0.7613004908841337
FNBP1,-0.0663932241130478,0.7613569050954169
EML1,-0.0903261911130988,0.76137953806262
GOLGA8N,0.0696745999597521,0.7614490876203696
TLE1,-0.1014618055934271,0.7615033788072898
ARL6IP1,0.0389681526312344,0.7616318202361055
PRKRA,-0.035492973562258,0.7618367974001901
HOXB1,0.0940451099454477,0.7620271131248411
KRT20,0.0950995654284643,0.7621095307425647
CYP11B1,0.0451008153036474,0.7622656055978999
FARP1,0.0519739747363079,0.762378518855398
VGLL3,0.1029294831950888,0.7625801351445345
KLHDC10,0.0453529826806775,0.7626353899425728
ZC3H14,0.0550929531160324,0.7628566913965409
EHBP1L1,0.0891420141660379,0.7629087102811751
SLC38A2,0.0451182378580039,0.7631074149387068
ZNF573,-0.0538692862187408,0.763392803649533
CHRNA10,0.0436624216393104,0.7635291306435046
PLA2G3,0.06646568103455,0.7637088836191911
COX15,-0.0606660393670406,0.763727426224457
ZDHHC13,0.0469868731896001,0.7637634800746664
ACRV1,0.0774945231005057,0.76382811029997
TRDN,-0.195012568920001,0.7640835458087786
ELK4,-0.1573591970678602,0.7640918394712306
ZHX2,0.0592150749580859,0.7641655808461097
RNF11B,0.1697030581288325,0.7642152373558239
CA10,-0.1804218520358644,0.76424667448952
PDLIM5,0.2087275095073875,0.7643179478290716
ENGASE,-0.0699450980875919,0.7644241217252687
ARF5,0.0500776730072374,0.7645680472595899
MTNR1B,0.0980968092133416,0.7645887768889404
SKIL,0.1597414986489864,0.7646442547625156
CLEC1B,0.1286297941370566,0.7648338149243935
FKTN,0.0598346989130442,0.7650591462976432
FGF12,-0.1406544992605027,0.7650790792790078
G6PD,-0.0535493133395945,0.7651176750758406
SH3GL2,0.2034046550248796,0.765220416961428
KDM4C,-0.1379249354149063,0.7653301683414927
UNC5B,-0.1382179743940543,0.7655019829354225
C14ORF166,0.0176847971295011,0.7655200059396164
ANKRD17,0.0310057877500291,0.7656593892497106
USP53,-0.1823629460584346,0.7656833928232533
CFDP1,0.1734012523372001,0.7659614184037622
CASC1,0.1126140603251277,0.7660489705405584
APAF1,-0.1105504867984965,0.7665245347822986
DNTTIP2,-0.0594509612689471,0.7665814148294139
MRPS28,-0.0522859026850888,0.7666000488056081
SMARCD2,-0.0819708802566037,0.7666128117776082
ASS1,-0.1050965961817773,0.766838926920059
AMBRA1,-0.1224172492450055,0.7669123382886596
PROM1,0.1565546588518733,0.7673717038503258
ANXA3,-0.1630698708673845,0.7674446969309424
XYLB,0.1952979807404893,0.7675895124448516
DPYSL4,-0.147974126491821,0.7676411741226168
TRIB3,-0.0434115764623346,0.7677746961443864
IFNA14,0.0874348770788397,0.7681081281607297
FHL2,-0.0875627480170226,0.7684536205227539
CMC2,0.0564671946541341,0.7684876621555885
ABCA11P,0.1115608113480375,0.7686101802151583
GLS,-0.0912274216307729,0.7686169785704763
EHF,0.1738903959126747,0.7687131948591971
ZMIZ2,-0.14789911181074,0.7690786846038666
CDKN2D,0.0820050877255749,0.7690822343252667
OPA3,-0.1282764948990786,0.7691952022616755
PLD2,-0.0552417311160748,0.7692902341596819
DHCR24,-0.0479815627787783,0.7692978577352204
TCF21,0.1588276044728647,0.769369237605733
BRINP2,-0.0484741692179722,0.7694112855662373
GRWD1,-0.0544927779655761,0.7696346116143121
COL16A1,-0.1071018895700746,0.7698090892843237
TMEM151B,-0.083837911113286,0.7698694863669253
RRM1,0.0488719193512032,0.7702380088862787
PPP4R2,-0.1379381839953954,0.7703715846598299
SLMO2,-0.1028608352335007,0.7705582540817986
HOXA3,0.1116612036009065,0.7705613348268598
MERTK,0.1359344422863788,0.7709732275884571
PPIC,0.1022606893681317,0.7710111585588395
RALGDS,0.0721518246608674,0.7713598686458796
UPK3B,-0.1553325698502243,0.7714649525957894
BMPR1A,0.1222394974147516,0.771547680577189
TXNRD1,-0.0391816577583057,0.771607436428518
HSBP1,0.0287993132907402,0.771642744130382
CHRM3,0.1421382534983841,0.7716634026450223
ADRA1A,-0.1410817591124522,0.7719280897534996
NDFIP1,-0.0417342846723745,0.7719660580769562
HGF,0.1984059433811715,0.7719874133412644
GLRX5,0.0579268625455231,0.772159926806746
FBXO28,0.0435252244193886,0.7721621394535
ZNF589,-0.0625676611299193,0.7722564556712117
MT1HL1,0.078401281584103,0.7724390752696585
GTF2H4,-0.0281636894238195,0.7725605514626677
SYMPK,-0.1049075178080984,0.7727466696976941
PDGFRB,-0.1138459853711815,0.7728469908030383
WASF1,-0.0746217124528776,0.7728800398480833
DGCR9,-0.0792223953353374,0.7729134955401482
G6PC,-0.1260229266031169,0.7733127856238533
GYS1,0.0386914108066491,0.7736640690156084
C9ORF16,0.1269330623218953,0.7738168626362506
PLAC4,-0.0652958375679393,0.7738252854355882
RCAN2,-0.0915322983069888,0.7743439881572302
ZC3H4,-0.0347043658089649,0.7744225481996334
ZBTB32,-0.1199928873130442,0.774461781768438
LSP1,-0.1055054874643257,0.7750514899021875
FJX1,-0.1059578225011899,0.7750958152139723
MED31,-0.0574305490825803,0.7751947040396778
ZBTB18,-0.126595422700591,0.7752492780266079
CRK,0.0529218028611353,0.7753857965125849
RNF19A,-0.1578247078842842,0.7754251545784079
C9ORF156,-0.1392470350745842,0.7754571944284641
TMEM144,-0.1449695654859568,0.7759182202695152
CCDC85B,-0.1045289843801184,0.7759337137998515
SH3YL1,0.0507072760137123,0.7759772501715871
ASNS,-0.0758283190463551,0.7759872484048456
TBCD,-0.0778641372440693,0.7764781842454168
TALDO1,0.0439047050714904,0.7767408346491239
PSMA1,0.0268148421664822,0.7771736567806579
PAXIP1,-0.0357623863206271,0.7772801989061463
GRID2,-0.1295086705979695,0.7773523401172939
SLC20A1,0.0926870349381889,0.7774142216401191
SLC25A4,0.0972779704659982,0.7775862171323246
BNIP3L,0.0630249380351646,0.7776752141892556
CFI,-0.0710387385889372,0.7776805776499935
STAT3,-0.0484988604722342,0.7778534650646208
DENND5B,0.1350233665360996,0.7779199016494341
KCNC3,-0.1314918567090481,0.7780080555001886
NDUFA13,0.0266313123443158,0.7780305359924748
MCOLN3,-0.1354639867195564,0.7780998973157306
TEX12,-0.1582195922236065,0.7781074159631447
EGOT,-0.1166501749524782,0.7783110745081583
FAM127B,-0.0533842395745409,0.7785141764826222
KCNV2,0.2056989186224327,0.778720375916798
FBXO4,0.1564430675290147,0.7787787596154728
SLC18A2,-0.1511935251037579,0.7788265949852687
MAPT,0.1442921048918197,0.7791982756630125
AGPAT2,0.1478746041950573,0.7792952478859494
ZNF510,-0.0401940249627061,0.7794661854152443
FTSJ2,-0.0574017513188476,0.7795961251082362
BDKRB1,0.0716863293353915,0.7796000268243051
PPP4C,0.0441557668826906,0.7796381677592057
ZIC3,0.1544696660822682,0.779686382507956
STRAP,-0.0428533858546629,0.779831564451222
LRP10,0.0308461774444381,0.7798984756949543
RP11-665C16.8,0.118451319567475,0.780038558918133
STXBP2,-0.1239490306840753,0.7802683699628483
R3HDM4,-0.0729647300768796,0.780408625521724
NELFCD,0.0335195289252236,0.7804324244050328
TTI2,-0.0197581420234396,0.7805787064922568
EPB41L5,-0.0638107575879578,0.7806549119628003
AGTPBP1,0.1310565632340417,0.7807192450661481
NFYB,-0.1119865760533365,0.78085373490023
ATF6B,0.1100434312222287,0.7810410859938574
LMF1,0.118044687567707,0.7812363015839302
CYP2A7P1,-0.1442552952908564,0.7812434216442714
BMP3,-0.0802612715837138,0.7814511275249535
FLJ10038,-0.0684274015794335,0.7814842049287762
ATP6AP2,-0.0787056561042742,0.781711739111047
RHCG,-0.0909038862184852,0.7817169614288871
MAK16,-0.0625443959136138,0.781945525943989
KCNMA1,0.1570418068843917,0.7821284791920082
DHX34,-0.1359745286334801,0.7821754464439649
PAGR1,-0.0968056587791998,0.7822229510617281
NINJ1,0.046288587641678,0.7824094598755335
TSPAN6,-0.0771577305529707,0.7825521000761627
GPR37,0.1352271392648392,0.782626941690353
AHSG,0.1084958766094055,0.7827961950931929
RAI1,0.1541940516632824,0.7829632108824216
KLHL9,-0.0608425716170915,0.7829696290767655
TBL2,0.0511867195098671,0.7830881299988216
PACRG,-0.1261190953237143,0.7831014460242253
OXSR1,-0.0334533079925627,0.7831020916098718
CTPS2,0.049662461289178,0.7835743257314917
PPIL2,-0.067631426907547,0.783596974912438
CD36,-0.1880251264821311,0.7836216103954277
LBP,0.2992447377802865,0.7837157448532768
DAO,-0.0271241526574206,0.783727884022019
CCDC88A,-0.1542314950817225,0.7841766976369519
EIF4ENIF1,0.0326261170265471,0.7842004952703209
HDHD3,-0.1087698077765315,0.7844056094591002
PDS5A,0.1418445034003808,0.7846683600729728
ATP1A1,-0.0371116779386007,0.7848072272865118
IQCB1,0.0382499440391281,0.7853243215463194
USP24,0.0704528218450697,0.7853897840869482
PSENEN,0.0251169024512734,0.7854933271849238
CLCN3,0.1432905536428359,0.7855330411681524
PRO2012,-0.0739529844245421,0.7855881842634672
PPFIA4,-0.0683093322661738,0.785619074973336
ELF5,0.124954524139901,0.7857305779969063
DOCK1,-0.0535234358748599,0.7858681201935609
UBE2N,0.0606607808719079,0.7860008806409811
PPWD1,0.0293289438911887,0.7861366731247964
MYOZ1,0.0837690632049223,0.7861791403906289
DENND4C,0.056533218476531,0.786211493010407
NT5C,-0.0492716145279006,0.7862311736685625
LINC00963,0.0656664420954769,0.7862393958494833
COX6C,0.0198149357721622,0.7863050302906498
CUL7,0.1692561636175185,0.7864064172276216
ALDH3B1,-0.1115132675870835,0.7866354376417858
TAF7,-0.039094933873562,0.7867065589749501
SFMBT1,0.0410747003693154,0.7870217895461642
HDGF,-0.0293978094906179,0.7872215651725057
ZNF516,0.0508222429095814,0.787279796445761
ENY2,-0.0339103101306612,0.78729957195559
C1ORF109,-0.0948311258221696,0.7874085317848663
MLH3,-0.0553590662670595,0.7875458241652058
PAK6,-0.1056057395523861,0.7875569136314808
ZNF711,0.1664617360032432,0.7875682560973983
P2RY14,0.1045401149560572,0.7875848818681531
ATP5L,-0.0434074260827319,0.7876060115185639
ADRA2B,-0.1115954834010644,0.7876476216222108
MBD3,-0.0840275351740365,0.7877513692429813
THADA,0.0386212585418785,0.7878049766274108
C12ORF49,0.0361412660117039,0.7879418950191922
CYP7A1,-0.1950185398924522,0.7879451256836338
LHFPL2,-0.0621000513626679,0.7879627612745271
POLR2I,0.0485777356393732,0.7881307106478572
RGS5,-0.074671477275471,0.7883128385815532
EDA2R,-0.0976175193454977,0.7883515154724771
ATG9A,-0.0279497889782547,0.7883971996811617
EDN1,-0.0958693930129719,0.7885018721239764
PPP1R14D,-0.0531391130395277,0.788502816025883
NBL1,-0.0820103132333898,0.7887152390573587
HNRNPC,-0.0496175561580898,0.7887179779026308
ZNF81,0.1670455482884412,0.7889606760811014
GPN3,0.045654358803242,0.7889814158478965
NBR2,-0.1150639478719073,0.7893634698945932
TVP23B,-0.091672374512937,0.7893797616609832
PTPRR,-0.1432178759128684,0.7898320176734018
RPS29,0.0224586368478565,0.7901227553016811
ZFAND5,-0.1322867838724111,0.7902314088415144
GH2,0.1563740218158615,0.7902320138992929
CFLAR,-0.0577248457079271,0.7902613807619241
WWOX,0.0369685647713113,0.7902845939935951
SERTAD2,-0.0476820595997349,0.7903062121141144
NUP153,-0.068513627973866,0.7904356959452002
FGA,0.1311842215080187,0.7906886380027669
CTNNA1,-0.0317327997871732,0.7909380137738461
AFF3,-0.0573357051336542,0.7910272161499141
PCYT2,-0.0517744471350933,0.7911036366825249
SLC37A4,0.0991370923622536,0.7911566323638447
SOX21,0.1242545547187115,0.7912958294496419
MTFR1,0.0664027024261031,0.7913065367443062
RABL3,-0.0459521114254606,0.7913136572374074
FGGY,0.084414301110713,0.791318246642527
PPP1R12B,0.0728218048454358,0.7913510175001408
RAB1B,-0.0370306798285255,0.7913799148421753
LOC100294145,0.1327234720919525,0.7914006687008722
UHRF1BP1L,-0.0494866285856865,0.791412459572947
INPP5F,-0.0606324843837455,0.7915720716038029
SPRR1B,0.1275690074631139,0.7915769358182422
SEC14L1P1,-0.1533869181244469,0.7917027648758682
SH2D4A,-0.0484518211343711,0.7918572760583282
ADRA2C,0.102786286138258,0.7920535235074889
LEPRE1,0.0409424192026985,0.7923709111538709
SLC9A3R2,0.1761336806512057,0.7924672857340843
HSPH1,0.0731926074220048,0.7926355548366416
CSH1,0.0389413646817407,0.7927871073101342
EDDM3A,0.1693536487760294,0.7929315299092474
PIK3C2G,-0.1250327265385271,0.7929400547908847
RGS9,-0.0937833640837633,0.7932437639308608
GABARAPL2,0.019499941002067,0.793333336239321
DNA2,0.0736948794945551,0.7936043695238238
GNAI1,-0.0847267928854869,0.7937439844675008
CT62,-0.0887406847570546,0.7942483717564138
INHBC,0.0548946553349569,0.7943072480303783
HYAL3,0.1220848451866221,0.7943723506657692
HELZ,0.0415527924177592,0.7943871574673054
ANP32A-IT1,-0.1569249300625355,0.7945089139375785
EPHA4,-0.176168174245352,0.7946046365469998
SSSCA1,-0.1061753905026803,0.7946581985639185
IL18R1,-0.1448397561373289,0.7948576466782109
IFT27,-0.044290029087775,0.7950943942385772
GUCA2B,0.0672969317686473,0.7952822629557845
OBSCN,0.0338566810818075,0.7953610790523927
CBLC,-0.0679584681782339,0.7953992516730088
OR1A1,-0.0721722618452922,0.795605730787864
SLC25A23,-0.0806446758467975,0.7957826035204838
HOXD12,-0.0612001106310264,0.7958502151606163
C3ORF18,0.1116792124806771,0.7960504546479897
UTP14A,0.1305216938604605,0.7960605599575752
APTX,0.0309212249853985,0.7961080698462958
DFFB,0.0444878595323094,0.7961933177967897
SQLE,0.1025914512786947,0.7963217889995508
CSTA,0.0551599757168759,0.7966997406669717
YARS2,0.0624503364550381,0.7968765677498415
ZSCAN2,-0.1165784687824356,0.796880204516465
HSPA2,0.0562767307777267,0.7969311658835307
CBX5,-0.0590858388936688,0.7969639934291917
WDYHV1,-0.0498182197927903,0.7972605285103399
RASIP1,0.0458286069031199,0.7976583565045601
KIF1B,0.0650424209467743,0.7977064127533421
HSD3B2,-0.1542921168202897,0.7980177323233332
SERPINB1,0.049072465915902,0.7982491225042512
TTC38,0.1054296986006972,0.7983248953648463
NOD1,-0.0538833687783135,0.7985063811613872
IVNS1ABP,0.0649139491177166,0.7985066478885179
PAFAH1B3,0.1203227526905763,0.7987167388004337
SIRT3,-0.0991065616571464,0.7987194281692557
KIAA1324,0.0719618534698423,0.7990712346965614
NECAB2,-0.072082570698738,0.7993621873530626
RPE,0.0389402612477827,0.7993875884554046
MFAP5,-0.2391299226519514,0.7995601255416841
PRB4,-0.0505032114648091,0.7996152780629416
PSMG1,-0.0826276680702378,0.79968185041696
SIGLEC6,-0.1149443927026454,0.7996898661608486
RP11-473I1.9,0.0722800409723385,0.7997309811453365
C17ORF85,0.0456994488472446,0.7997635722647072
CNP,0.0338868883784861,0.8000606246442343
SRD5A3,0.0798688935403841,0.8000852549937386
DENR,0.0410079693429725,0.800319864502587
GPX2,0.0728486669912298,0.8005998947322979
GUSB,0.0487139246479468,0.8006025526470611
CCHCR1,0.0964746344020337,0.8009036157858745
FUT9,-0.1061513384704784,0.8010189447147287
CYTL1,0.1835700798441486,0.8011086796479877
GPR17,0.1187019944294696,0.8013869994337002
SERPINB8,0.0523187539408729,0.8014839797874386
S100A12,-0.1723711579202254,0.8016023357447604
NIPSNAP3B,-0.0755654679225115,0.8016724773138716
A1CF,0.0464752810802435,0.8017810047303855
OCLM,-0.0464027976415541,0.8018176452110781
ZNF205,-0.1481016308350309,0.8018780511960617
SNX2,0.0510816871082067,0.8019731566962742
TM7SF3,0.0599564093275555,0.8020076489385286
RAD52,0.157686605156873,0.8020208965321469
NPC1L1,-0.084921963147063,0.8021851520049088
ETV2,-0.0921160074864939,0.8022594943654093
ZFP2,-0.1460091042271942,0.8023007203953253
BAAT,-0.0450963112951785,0.8023267376777716
PITX3,-0.0437766627783622,0.8023591069893681
CHRNA9,-0.0658244244482562,0.8024121586548745
PIWIL2,-0.0628148692012371,0.8024554527419786
CACNA1H,0.0514362353776389,0.8024664378216735
GPR56,-0.0673208724884553,0.8026595560701933
COLGALT1,0.041991026978744,0.8027907629113389
HECW1,-0.0574568410222724,0.8032183007749999
TRAPPC2L,0.0452824269690665,0.803243057674346
METTL2B,-0.0568103847198324,0.8033474918436693
ANO10,0.0554609199917539,0.8035990933846481
HEBP2,-0.095306734117738,0.8037354736274641
DHX15,-0.0443477915218704,0.804051256577305
SEC61A1,0.0438875208070559,0.8042002945944305
ZNF239,-0.0785441176103782,0.8045096996584321
MPHOSPH8,0.0372701815683598,0.804556330129887
PSPH,0.2355581984626331,0.8047853538025592
COPS5,-0.0422514132680493,0.8048106705187998
GOLGB1,0.0357858523633503,0.8048598935855423
ELF3,-0.0648618854302771,0.8048959766937818
NAA50,0.0924411467311969,0.8049530465378509
DNAI2,-0.0839142988726262,0.8052778541614517
SDHB,0.0644035278358723,0.805572605772219
LCE2B,-0.1235351701251876,0.8056452863506147
EPHX1,-0.0821079911837561,0.8056589637033603
ZNF234,-0.0599296243030087,0.8058489797460123
SH3BGR,0.0782354703118155,0.806220246357744
NR1H4,-0.1106991248429656,0.806374084372358
DOK3,-0.0769250209398881,0.8064223406927299
MRPS27,0.0380472220460408,0.8065858942692746
PXMP2,-0.1148995576859794,0.8066213357534708
RGL2,0.034635285523608,0.8067818939538418
DUSP5,0.0980636224940312,0.806895493156211
GAPDHS,0.1060422035245034,0.8069798680421246
LARGE,0.1138615070312196,0.8074897076674492
PHOX2B,0.1107860030371625,0.8075889060680865
MROH9,0.1168997344268691,0.8076649903378577
MPO,0.0901189501747152,0.8077511861580446
CMA1,0.1054994884031339,0.8077699717299646
RPL10A,0.027085588340256,0.8078837956839289
GEMIN8,-0.0667529098939949,0.8079573936198028
LOC100129973,0.1054995015424089,0.8080115475914242
KLHL18,0.0781351969469978,0.8080260926788988
ADH5,-0.0694841070880478,0.808075574100713
TUBB4A,0.0711933694890314,0.8080877352963413
CTSA,0.0629265156505507,0.808119602628835
ERCC2,-0.1071290504402089,0.8082022625891583
ZFP30,-0.0547361732143469,0.8084098843687185
LAPTM5,0.0647865934360645,0.8089550483094686
MGAT1,0.031319449568457,0.8090499128101741
APH1B,-0.044283627145381,0.8091255034515683
VIPR2,-0.1516323544090703,0.8091565083065717
KDR,-0.0756462481091091,0.8093018278097145
CUL3,0.1054519272583895,0.809382668376042
SFI1,-0.1294296287005583,0.8093882992911197
CSNK2B,-0.0191898656330113,0.8094658108567302
CPN1,-0.0432207559162032,0.809862649472781
GPRC5C,0.0866939682962186,0.8100067372219338
ITGAM,0.059632673516063,0.8100865367924839
MSRB1,0.081189947207191,0.8101396032452357
RP11-209A2.1,0.0695533899889202,0.8103577670620659
MAP3K4,-0.0413557902130996,0.810409188701678
IFNA2,-0.1323869155045174,0.8105276652233127
PTPRZ1,0.1172501215110628,0.8105526428510299
LPHN3,-0.1399316028218002,0.8107540569372281
GEM,-0.0759129196813113,0.8109518298072278
ALPL,0.1074623561973977,0.810971223810333
PRKAR2B,-0.1404087530045998,0.8110213609954324
AGPAT5,-0.0644107356079484,0.8112415169697358
KIAA1598,0.0546551787631237,0.8113129162725706
CRHR1,-0.1045677631080446,0.8114612218509853
SLC2A11,0.0921672267695736,0.8115109630588028
RPL26L1,-0.043145107708133,0.8116192778752542
MOB4,0.0292307636184148,0.8116209620430683
BTG1,0.0456784379782231,0.8117620013687417
HIST1H2AB,-0.089083074148462,0.8117845965933524
CA11,0.0851748832945187,0.811817927892357
FAM50B,0.032014922198579,0.8118441727985376
QDPR,0.0430641721649411,0.8120199694719237
TENM1,-0.1253686533670581,0.812029513813629
DDX19A,-0.042525032187985,0.8121590676224277
C5,0.0576029483119517,0.8122641394732196
NAP1L3,0.0850817456455477,0.8123325744113701
RAD54L2,-0.0932232579807452,0.8125380872366803
MAN1A1,0.0798665153102806,0.8126732522666203
DOT1L,-0.0807726250965661,0.8130539043007058
NPY6R,0.0869193385111213,0.8131334276915692
CEP290,0.1387650755023592,0.8133737730213598
AHNAK,-0.0829294516410961,0.813476932912556
RAB20,-0.0505553957653184,0.8134811001667124
RAB5B,-0.024494002070579,0.8135060446512405
LINC00675,0.083471057271268,0.81366278260896
SNAPC2,-0.0387744650172541,0.8137189676884151
PTPLB,0.0700529150855278,0.8137469143975529
POP4,0.0205136226742315,0.8137710042544909
PLS3,0.0465321925289874,0.8138878133790293
SRPX2,0.1104219160542276,0.8138932233068755
BTNL8,0.1302587075446131,0.8139665257660537
CPA2,0.0337016599919257,0.8140396226886718
CBX7,0.0765611853246248,0.8140976602356927
MAPK7,-0.1321765268353667,0.8141204625389432
CYP4F3,-0.1194726509171886,0.8141840116681921
CLTCL1,0.0806679867168407,0.8144187684377769
CARTPT,0.1049059976158499,0.814469595144124
TMEM53,0.0244443115938501,0.8144965761325622
COPS8,-0.1028862877051137,0.8145164698256036
PDS5B,0.0611261654946817,0.8146003679853902
GNAL,0.1153204707483963,0.8147918541910847
MRPL2,-0.0448249948096926,0.8149183739243225
CTAGE5,0.1337658919032707,0.81493417060766
NDUFC1,-0.0374992260508673,0.8150974669135622
CRY2,-0.1653434021192295,0.8153796749794708
COX8A,0.0188778681133801,0.8154860961907188
IFI6,-0.0502474916007962,0.8155524961746027
C4ORF19,0.0586369684746141,0.8157063324086786
MUC16,0.0566155741819716,0.8157488092652342
PI4KA,0.0285810040294336,0.8158331202881791
DFNB31,-0.1455595632996464,0.8160398955222213
CD226,0.0502934778143435,0.8160578215305152
DOK1,0.0879972887709739,0.8160942234454913
PVRL3,0.0506181616226593,0.8160984391644165
PIGR,-0.0550225455850856,0.8161701043201518
SNRK,0.1307083783712048,0.8165310848796588
RFXAP,0.1227109141681417,0.816532033652057
LYRM1,0.0542501332591456,0.816542135634726
TYR,-0.0408410256601534,0.8165422827533656
FAXDC2,-0.1444204435236233,0.8166478102159298
KPNB1,0.0742774657756051,0.8168127906693079
LIMD1,0.1495487707837437,0.8169030380573861
MRPS18C,0.1146340079650771,0.8169281779282617
GRN,-0.0687546168494606,0.8172102389009698
SGK2,0.0447709609887523,0.8173126273149847
PCDHB11,-0.0900123059677193,0.8173128532549292
HN1L,-0.0439651325989878,0.8173252653244463
PHLPP2,-0.0967630495508036,0.8173573653102614
LOC101927792,0.1158346902240157,0.8175812276711641
C15ORF49,-0.1107117401995685,0.8176289015061661
FOLR1,0.0511053051900818,0.8181638479019009
ABHD11,-0.0334417577442707,0.8183506314637969
MARCH7,0.0514668612308746,0.8183810290712654
IL36RN,0.0965205760181957,0.8184677603612592
GTDC1,0.0386351882191329,0.8184818384174695
REG3A,-0.0560234588059005,0.8188659773455735
NDUFV1,-0.0260103626658327,0.8189260649774341
NR2C1,-0.115864051057823,0.819064435537701
OLFML2A,0.0886956323338576,0.8191898473654995
CGA,-0.0851015839736692,0.8194538957146548
WBSCR22,0.0254220215687244,0.8194868235085704
STOML1,-0.0531506140636759,0.8196005964712917
WNT7B,-0.0990067221880304,0.8196019938999043
GIF,0.1177519068455135,0.8199564472587447
ZNHIT3,0.0242632104549791,0.8201058391920579
SLC16A6,0.113288454149627,0.8205681585190868
SRI,-0.0434415948845128,0.8206020174697417
ARFGAP3,-0.0415551951008996,0.8206131834747753
CHAC1,-0.0961622775226098,0.8207436378971911
VPS11,0.0267317378791034,0.8208133120322834
ANAPC10,-0.0609450467497643,0.8208420413467516
FKBP15,-0.0833384246269943,0.8212034722866989
OR11A1,-0.0786263608098938,0.8212192419219532
KRT81,0.09584654218982,0.8212933507366607
PTK2,0.0385503307735586,0.8214549533249436
COL9A3,0.0947370349176583,0.8215822769244691
HLA-G,0.0523943269162145,0.8216534566232415
ASNSD1,-0.0401916276273546,0.8216683456644669
DNM2,-0.0540759235174772,0.8217087883302548
TJP2,0.1062465249551092,0.8217160054377565
DNASE1L2,-0.0829007335907325,0.8218631626229036
FGFR2,0.1031337125796953,0.8219119545870035
MMP15,-0.0969872742145252,0.8219821410551603
COL17A1,0.0620595864048918,0.8219828095615928
ALOXE3,-0.0612761364651914,0.8220030325297224
BTRC,-0.073742202821216,0.8220043701942819
SWAP70,0.1153755631161805,0.8220095935673573
MYO5A,-0.1183130900615645,0.8220235323897171
MAP2,0.0696686011935066,0.8220518053539201
FER1L4,0.1105996573427434,0.8221060518782363
DNASE2B,-0.0961416424096492,0.8222117364124428
RPL11,-0.0150255945471791,0.8222553336443946
FMO6P,0.1081525182280565,0.8224867368901959
LMOD1,-0.1736257812782176,0.8224881979632017
LCMT2,-0.1028164738286534,0.8227223587001001
FCN2,-0.1078284891485443,0.8229043265937948
TAGLN3,-0.0432740403374385,0.82292648968731
HLA-A,0.0164408004119476,0.8231158152137663
CNGA3,-0.0432062822919157,0.8231822401790789
PCDH8,0.1253000640415709,0.823212788845874
USP13,-0.0360780616370188,0.8232317933623868
PPP1R9A,-0.0640613319055729,0.8232549825940435
FAM120A,-0.0715150764177101,0.8239205387483294
BNIP2,0.0423729563080375,0.8241381119315262
PMPCA,-0.0266758366806563,0.824270453865984
MCPH1,-0.0644311928254284,0.8242719808096879
NPHS2,-0.1056437574292195,0.8244175081216469
LDB1,-0.0376850901904441,0.8244893652651205
CIC,0.0466956829809177,0.8244977266436944
USP4,0.0192033126838833,0.8247270066270515
LINC00563,0.0454800578314982,0.8247598650151096
SPINT1,0.0850905471267173,0.8249598717213472
AZGP1P1,-0.0948481433746613,0.8251451655768197
TSPYL5,-0.0313242210090987,0.8252520807640811
CALCA,-0.1104730838902554,0.825262989832043
SMAGP,-0.0517099505077771,0.8253151581346715
DGKE,0.1014329872479899,0.8261347018526065
GPR162,0.0854266419263751,0.8261832896319697
YAP1,-0.0552886628160882,0.8262376184094701
ABAT,-0.0487551503825987,0.8262601106130462
CCDC25,0.0425616293233055,0.8262786542135974
FGFBP1,0.1121268101663917,0.8264169983981509
GPRC5D,-0.0376033935301052,0.8264914583593784
RSAD1,0.0301963363174646,0.8265029406129007
NDUFA4,0.0248826635230372,0.8265165835055682
TRAF6,-0.0291721643654856,0.8265608618152771
C17ORF53,-0.0805600180883931,0.8266435203431706
NRXN3,0.0958049576203001,0.8266731625321135
RIC8B,-0.0224013829331184,0.8270971252718603
ZNF12,-0.0473418728062711,0.8274136810840663
FGF4,0.0421945374506815,0.8274199129921272
SLC44A1,-0.1022691212514761,0.8276178254811897
JPH2,-0.0296683702602815,0.8276234905120902
PLXND1,0.1217798256569384,0.8276288791830391
MSRB2,-0.0792188181230981,0.8277608847533273
TMED3,0.0396879259074172,0.8278022629097977
GABRA4,-0.1079764318319416,0.8278464071644916
STX4,-0.0412717373949931,0.8278524436533146
ZMAT5,-0.1204575140087094,0.8279504520409856
PRSS3,-0.0587479715429042,0.8279632511321476
RNGTT,0.1004407387630008,0.8283174671613732
EDRF1,0.1212795187583855,0.8284554643594447
DNAI1,0.091412832333841,0.8285225794338308
RFX7,0.083103654284141,0.8285521027592143
DFFA,-0.0249047959908335,0.8286407716108075
GP6,-0.0853446735473975,0.8286540168705753
DDX18,0.0488041812573172,0.8286906932532341
POU6F1,-0.0540746126609112,0.8288778296577177
HSPB3,0.0751226482820133,0.8289000473355819
PGM1,-0.0518046992683665,0.8290718261157776
RAD51B,0.0906219662084062,0.8291030007753203
C21ORF2,0.1491517190390405,0.8291230403495421
SEC31A,0.0286285039830609,0.8293614963090111
BYSL,-0.0778803639931178,0.8294800128797183
SLC25A42,0.116025640669712,0.8295311558924473
PRRX1,0.0523113287930279,0.8295595936225573
GPLD1,0.1674506803357451,0.8296092090791599
ALDH9A1,0.0435934956908372,0.8301776123863576
ZBTB48,-0.0450120081956235,0.8302283169617221
ZNF143,-0.0406269179807363,0.8302396908996923
GCKR,-0.0654521698343328,0.8303132780829536
NACAD,0.1127442414041981,0.8305402150094144
STX12,-0.0231138773691856,0.8306486189311705
EFCAB1,0.0839137454888518,0.8308577800454774
FOXL1,-0.0497983293517361,0.8309547664853484
STARD3,0.0597605503716742,0.8309595465403039
PYY,0.0986818376780478,0.830961381806637
DOCK5,0.0816803890622717,0.8310432860356035
GIPC2,-0.0794987431214373,0.8311122497830034
FEM1B,-0.089927338715892,0.8312324656390718
FGL1,-0.0434345216796323,0.8313492571049065
ANXA5,0.01941727528542,0.8313824529287628
NHLRC2,-0.0557861375070585,0.8314660544577289
VCAN,0.066101208484314,0.8314756926551994
ENPP1,0.1089727194933463,0.8315409301997472
NAG18,0.1219270668811058,0.8316350924948366
FAM155A,0.0776276214702473,0.8316542537609879
TBPL1,0.0477707639679749,0.8316717860228222
TAF1,-0.0921750528992992,0.8317815510910388
JOSD1,0.0282563577313545,0.8318865059297119
IRF3,0.044032811212844,0.832008971545508
CHL1,-0.1310663193907215,0.8320285785555458
RAI2,-0.0966459362858502,0.8320699289039858
CETN2,0.0180378921064097,0.832430759580134
HOXB6,-0.0496662818838826,0.8327471250242069
HLA-F-AS1,-0.0544860257604682,0.8327533204362105
PKDREJ,-0.0672328098531225,0.8328138084024458
PPP1R3C,-0.089712136106371,0.8331910428776359
ZNF282,-0.0334483909471501,0.8332142236634557
CEPT1,-0.0351524197055184,0.8332286751139031
RP5-882O7.1,-0.0086366582360799,0.8333836433077864
SLC25A22,0.0515976972102354,0.8334029037922143
SIRT1,0.0373595502940773,0.833466944721326
PALM,-0.0442893200642728,0.8335120972318715
RP11-457I16.2,-0.0655672715951674,0.8335493985732166
ADAM7,-0.0906552613136559,0.833685615643534
GJB3,0.088170027807422,0.8337912546667096
VAT1,0.0736586361215767,0.8339026948680055
ARSB,-0.0360292095624199,0.8340067006613273
SLC17A5,-0.0483776560444919,0.8340451236676862
CDC37,-0.036184432064509,0.834179510960017
PSD3,0.1500569923756582,0.8342858196914636
GCK,0.0488550138330836,0.8343183123320687
TOR3A,0.0261610305193453,0.8343650437547094
ZNF230,0.0887496306433144,0.8343760536329791
CLN3,0.0521701819457334,0.834527225899231
PEX14,0.0369723711919984,0.8346883440627871
YPEL5,0.0241943553048873,0.8346994905703256
RGS19,0.033659814549269,0.8347216337768254
MYO19,-0.0410399044298426,0.8349077477065042
FAM124B,0.1260976867819767,0.8349839825050308
AMBP,0.0336043261595637,0.8351500693474708
EFCAB2,0.0499487589417286,0.8351579792101583
KIR2DL2,0.0756163246573908,0.8355254420691732
DNAJC7,-0.0264036032500669,0.8356763274581723
FAM98A,0.0262618414062227,0.8356815496117153
CACYBP,0.0623166909180037,0.8357595296009291
PLN,-0.0952332080961229,0.835817588184019
AK1,-0.0503944599351342,0.8359004837355271
KLF3,-0.0269989427104064,0.8362176830424488
ST8SIA2,0.0444552173485504,0.8362504164211298
THBS4,-0.099012646939256,0.8362518352870724
HMGA2,-0.0735574665313221,0.8363170102557841
CEBPA,0.0876906314581535,0.836401459086585
CTB-102L5.7,-0.0546052898841464,0.8364705598989622
DEFA4,-0.0651105783274488,0.8366860308128383
MMP17,-0.0761478453601123,0.8367217331458777
FAM206A,0.0291715269205088,0.8370718092326696
GRIK3,0.0463546459798061,0.8370722249008696
ADAM2,-0.1174254414522564,0.8371335522529927
GYS2,0.1340565857610265,0.8371411641896501
TUBB1,0.1193716413686427,0.8374276176059835
F11R,-0.0847909623499347,0.8377876759037649
CLDN8,0.089511697594113,0.8378166896531797
LRRK1,-0.0439578390590869,0.8380998379003258
DSC1,0.1074167551169988,0.8382541025119711
NPAP1,0.0961537525865869,0.8384401820668504
LGSN,-0.126140923317235,0.8385222137503566
IFNA7,-0.0357759087716571,0.838524376464197
RP3-507I15.1,0.0455014097034052,0.8386202041601123
VIPR1,-0.0744020741779918,0.8386379115475198
LRRN2,-0.1048625537753418,0.8390948869086561
ELF2,-0.0348348912184528,0.8391194543131242
HOMER3,0.1286711132838149,0.8392728125734013
SLC4A8,-0.1266240488974981,0.8393872427342912
COL4A3,0.1399537366896641,0.8394582334303788
NRP1,-0.1222185650529699,0.839517481260854
MFAP3,-0.10314530139929,0.8395313197296304
TMEM135,0.0725361656757694,0.839896967160535
LIMS2,0.0382015546220504,0.8399521052921448
SSR2,-0.0190079970498135,0.8399698068701311
EXD3,0.0325211331036339,0.8400124861101345
CALB2,-0.0880038436992274,0.840016645803503
CTSZ,-0.0815722479704383,0.8401959500731683
ZNF281,-0.0303939794878687,0.8403396391082002
TST,0.0712631697286916,0.8404080269251998
DHODH,-0.1355944768296471,0.840415643179784
DCUN1D4,0.0615546841070822,0.8404197485554704
NDUFAF4,0.0503371563355532,0.8404604293409037
TBX1,0.1279224526680957,0.8407096403593113
APC2,0.0886965045933596,0.8409732865106794
RAF1,0.0167517976368412,0.8410834137890696
WDR61,-0.0871667194157392,0.8412563527767143
DEF8,-0.0379059572490199,0.8412681810736818
ABCF2,0.0726209373240216,0.8414495224428158
C1RL,0.0456231013048853,0.8415046695479622
DEFB126,0.0690921356997646,0.841597156179123
FCGR1A,0.0737905292708651,0.8417917390593874
KIR3DL1,-0.1259267827880066,0.8419812973868368
POU1F1,0.1271563330492986,0.8419896914069501
RGS14,0.0698911509199193,0.8420852438441377
STK38L,-0.045309718119757,0.8421090145700372
PAWR,0.1020421561756808,0.8421611761949442
AMELY,-0.0388341415352595,0.8421912939535914
ACVR2B,0.0327415434837581,0.8423028247799483
DNAL4,0.043603673874756,0.842823385867038
DBP,-0.0865518970184746,0.8429925228889544
ZNF446,-0.0621179329977117,0.8430972155910541
CHMP5,-0.0415835861314697,0.8431397916256937
HAUS7,0.0227856663751335,0.8433441959943626
HOXC6,0.0666266127534704,0.8434595824797841
POU4F1,0.0586337217863146,0.8434971358720933
ADAMTS3,-0.0544916957904204,0.8435493716076224
RHBDD3,-0.1176439876434871,0.84371324378683
EFNA1,0.0826919262997964,0.843987522349075
TREM2,0.1408342356186498,0.8440997922923504
ASPSCR1,0.0352164106361723,0.8444407060194032
ACTG2,0.0694027136057755,0.844535212784608
TUBGCP5,-0.0595010290554283,0.8445586046280873
RBM6,-0.04308167259091,0.8450536982231851
IDS,-0.1050784126039534,0.8451124035596397
RNASE3,-0.0944251191092986,0.8451510202266495
ASIC4,-0.0424687417929279,0.8451564146553293
ATP2B2,0.0751052393744258,0.8451944352265902
CAMK2B,0.0806202653876253,0.8452031405091768
TNNI1,0.0355383029598339,0.8453780956423529
PLXNA3,0.0458181063850524,0.8455954737431166
MFN1,0.0442141397836071,0.8457246395330862
HADH,-0.0716736293682132,0.8458221894837854
EPHX3,0.0862948654987922,0.8458336917541271
C19ORF24,-0.0460862304785427,0.8459087110617702
RGS17,-0.0307721503618161,0.8459304383367465
AK5,0.1011338625268498,0.8461413439928595
TAC1,0.1304218033586179,0.8462000435981472
FAM53B,0.0237226035435575,0.8462123317297316
CLDN7,0.0651496791380648,0.8462192159429578
PGAP3,-0.0284138208234372,0.8462779398082564
C19ORF57,-0.087554947315362,0.8463425707107995
PTGES,-0.058962602964879,0.846356817871854
SLC2A3,0.1100507759479594,0.8463796526403519
GALK1,0.0936833457536918,0.8469031228617099
TULP2,-0.0979401734598335,0.8469679011822322
TMEM97,-0.0428290749452484,0.8471468829677778
TIMM22,0.0450132448253555,0.847388783275554
HSPB2,-0.0980457548139437,0.8474631860364015
TRPC4,0.1109982705027219,0.8475805881723094
LOC1720,0.1229790533180352,0.8475830091797318
SLC26A4,0.0923189769966725,0.8478385822442018
GRINA,-0.0283680811725393,0.8478408301764672
XKR8,0.0260528855343142,0.8478517904042585
SLC26A3,-0.129288770387268,0.8478891230867851
FADS2,-0.0536627663531321,0.8480842896696196
RARS,0.0193112268062023,0.8481391268664065
CXORF21,0.0478944503461198,0.8481483414936152
ALX3,0.0606232761881244,0.8483044809108407
WRN,0.0359358863583194,0.848743188212948
OXLD1,0.1182076849781781,0.8489118674782157
HK1,-0.0364404070510921,0.8490220968510785
EMILIN2,-0.0523164138764515,0.8490313378847701
COPS2,0.0562811401298697,0.8491183129644072
PKD2,0.0399061705185364,0.8491245871987866
FGF2,0.108655571037783,0.8493034771034859
HYOU1,0.0413004225061204,0.8495195237429617
CDO1,-0.0887255045309061,0.8495366033501095
TIMM10B,0.0314700788638298,0.8495945678375642
NEDD8,-0.0272675457720623,0.849700085713555
CAMTA2,0.0349355182688668,0.8497347356727571
PF4V1,0.0880520403458953,0.8497645667427233
GRM6,-0.0415717975532654,0.8499647984802924
KCNA2,0.110210392614424,0.8500266383890592
TUBB6,0.0398731820989457,0.8500578857402705
FOLR3,-0.1130336868564212,0.8501594027419073
CISD1,-0.0417532656078307,0.8505627024438006
ME1,-0.0799970418859574,0.8506322621800033
SNRPB,-0.0337001935435257,0.8508386404596948
ARMC7,0.0420846113210906,0.850899900263965
C1QB,0.0568139913723158,0.8509039740493927
QSOX1,-0.0300858406981738,0.8509811560723441
ODC1,0.0558074197401694,0.8511455515603218
CHRNB3,0.0802718806368005,0.8512523002401364
MRC2,-0.0555695180983253,0.8513466375982709
RAD23B,0.1215217846027338,0.8514126563915256
CCT8,-0.051129938772445,0.8515440033864691
UBE2A,0.0222400682080881,0.851575093125003
WWP2,-0.0431176776144912,0.8518971564571941
BCL10,0.0523274407178977,0.8519154477400499
UCHL3,-0.0360380148311652,0.8522274495604342
C1ORF21,0.0980570508640852,0.852463171875351
RALA,-0.0363688939283743,0.8526488634367428
MGC4294,-0.076430242447623,0.8530385669998137
HSF2BP,-0.037437748332227,0.8532731284993483
CLCN5,-0.0435327510273557,0.8538393208131334
KIAA1751,0.0813466062249093,0.854026949888064
PRDM9,0.0571596312307187,0.8540433525927771
WDR62,-0.0556395203039361,0.854140985749636
GCLC,0.0416482845435428,0.8542008386048188
ST8SIA5,-0.0650741688444531,0.8542956113540255
TMEM35,0.0414351546172424,0.8544543472702283
TRPC3,-0.0967448639482526,0.8545096597421347
SLC6A15,0.0390418158208731,0.8546252707873063
BRD8,-0.0869814774572299,0.8546626301696678
ANKRD2,0.0903128298268614,0.8546826535730665
MPP2,0.0471493858324771,0.8547640777872211
PGP,0.0623530943687518,0.8550501398532243
ZDHHC17,-0.0652585310660915,0.8551932877375464
POU6F2,-0.0550192108868361,0.8552818944081975
ZNF385D,0.0875877997815237,0.8554734499945695
NFATC1,0.0472276318724382,0.8555599784288608
CREB3,0.023796318654865,0.8556085289585968
ZNF280A,-0.0411097002488958,0.8557184758155232
TEX28,-0.0312828795264166,0.8557709193657674
BEND5,0.062728991834021,0.8558194447987693
PLA2G2A,-0.0335176352599528,0.8558783414985546
INVS,-0.1119536642550809,0.8558848669603882
ADD3-AS1,0.0969297885031026,0.8561897284122176
PTPN13,0.0514415550843221,0.8562560865005191
KIN,0.0346609844422634,0.8562973912859166
CPED1,0.0298816562539672,0.856333342619036
DLGAP1,0.1004875213039344,0.8563724173181426
BC069004,-0.0405847521864553,0.8564980055330474
ZNF207,-0.0240912459451863,0.8566766290273014
TPH1,0.0942354800994471,0.8566803569382772
PDE6H,-0.0884394264728682,0.8566857737617192
UFD1L,0.0260258042477268,0.856985246355609
RPAP1,-0.031835451049254,0.8570571521544074
ABCD4,0.080670628272796,0.8570681267456579
GALNT7,0.0266172708422836,0.8576786477752693
ATF5,-0.0566819260822253,0.8577438288664287
TCL6,-0.067944343809428,0.8578601163795981
PAK7,-0.129735625456441,0.8581418916607504
ARAF,-0.0285767196621886,0.8581650339166856
MAP4K4,-0.0519144667004169,0.8581656012774663
FLT4,0.0514738765056996,0.8581708965566166
CTC-428G20.3,-0.0251335645836761,0.8582613222466374
LMO7,0.0724005808264509,0.8582647418983431
NUFIP1,-0.0744803850770674,0.8583538556649786
URI1,0.0651462724959905,0.8584082674851187
TTBK2,0.0410342382489172,0.8584666423886913
ANGPT1,-0.075385498903965,0.8586060716576779
FOXN1,-0.0371538785260803,0.8591289761557319
TMEM43,0.0317452635833319,0.8592056024418048
SUV39H2,-0.1012550498121847,0.8594810254913653
MUM1,-0.0564191269333154,0.8595815527507152
HAUS5,-0.0561998656780522,0.8596433095658734
TPD52L2,-0.0228166176555468,0.8596580728561048
ANK3,0.0806903257166009,0.8597704536407409
ATG14,-0.027871964088364,0.859940554068175
CELF2,-0.0431011556985261,0.8600657041063196
EXO1,-0.0814662237094765,0.8601359650352826
SLC6A5,-0.0509053322226495,0.860316980552773
SDF2,-0.0140390860794923,0.8603571702686617
SIRPB1,0.0866673603968735,0.860400975454265
SRBD1,-0.0216063575553295,0.8604625566035758
SRGAP3,-0.06916670605177,0.8607808070111648
ACVR2A,-0.0257953726897248,0.8609176140151783
UQCRQ,-0.0199749046735409,0.8609230543648816
EIF1AX,-0.0824152077151794,0.8609989789831833
CAPZB,0.0642782428235184,0.8610277489786144
TLR5,-0.0403523329188555,0.8611649832634396
NAPA,-0.0257431582634755,0.8620135342027865
HOMER1,0.0733981174241824,0.8620868115842847
CHST4,-0.0274195699971553,0.8623859290464589
TAPBP,0.0684703610254375,0.8624755565576795
ACTN3,0.0407853573761247,0.8628386975554072
ZSCAN16,-0.0333793468866758,0.8631665467155629
PVALB,0.0831003830213914,0.8634375702677773
ECI2,-0.0371813594371879,0.8634513658757026
SLC36A1,0.0345271126994113,0.863572293683194
ARHGAP29,-0.0504675860631405,0.8636799714129265
PCDHB8,0.088756726111598,0.8636986187937208
IQSEC3,-0.0842862982089096,0.8637438718412543
PDLIM4,0.0685510111298848,0.8638505478059139
DCTPP1,-0.0294653599008896,0.8638887938844942
EXOC3,0.0415174621539709,0.8641010312883405
HCN2,-0.0856716692989945,0.8641839930773547
TDP2,-0.0202426987662462,0.8643699369023591
MLLT11,0.0570244139114741,0.8644457148352027
EIF4E2,0.0358013524170646,0.8644654380911535
LOC101929078,0.0865032555856739,0.8645400750010315
POU3F3,-0.0864699979400889,0.8646675782570367
RRNAD1,0.032902822058821,0.8646840538612746
MTHFSD,-0.0202027679856264,0.8647133367458554
SFN,-0.0246781349247235,0.8648587903201024
SUGCT,0.0775445650480897,0.8652118201993604
PRCC,0.0310311559612754,0.8652442346288359
MYH4,-0.0977592852099666,0.8652613374475769
MBOAT7,0.0832315865777513,0.8653011990004114
HCG4,-0.1078911546519325,0.8656621938358671
LAD1,0.0724545967151648,0.8657280470392922
RPL24,0.0134062802358982,0.8662569841479197
GREM2,-0.0840326897607255,0.8662571531472736
SCARB2,-0.0436799867670698,0.8663147751280932
FBN1,-0.0455752693613202,0.8664282941387024
DIAPH2-AS1,-0.0806092848498174,0.8667468759262097
EMR3,-0.1224735872262776,0.8668763307304126
SNRPB2,-0.0330501632230788,0.8669655987717286
DNAH3,-0.1191448694062708,0.8670917254637863
CYP4B1,-0.2185218514652236,0.8673013005915906
ANGPT4,-0.0657455169868357,0.8675255267296379
ARHGEF16,0.022550950733498,0.8677089137263533
SP2,-0.1290216611225814,0.8678427124593724
KIAA0319,0.057745111422288,0.867851007407437
RP4-781L3.1,-0.0269482774417504,0.8682488895984148
POMZP3,-0.0502328337625499,0.8684637660272372
CYP2C18,-0.0766004175425871,0.8685573144778778
MOCS3,0.0225969550064553,0.868597834252522
ERG,-0.0397834559119871,0.8688302528775911
RPL8,0.0180370765864452,0.8690686895310907
MR1,0.108445761068693,0.8690777949930292
YARS,-0.035253760249212,0.8690931647847739
TULP3,-0.0626612100576462,0.8691767745220955
GPD1L,0.0651685701269819,0.8695972153429298
APOA4,-0.0776125635353084,0.869604113773136
CX3CL1,-0.0765877653939517,0.8696349760186409
UTP11L,-0.0371698290211295,0.8700517034580746
ATP11A,-0.072931404552885,0.8701793597766919
MEFV,0.0739552347284639,0.8701823956840168
TBC1D22A,-0.0845050635588657,0.8702434228503908
DLEC1,0.057792497549836,0.8707176853161697
PPAP2C,0.0544622001635177,0.8708378155868903
RP4-710M16.1,-0.0272054084622634,0.8708600244817348
CHD2,-0.0535957022693329,0.8709924636925065
SNRPC,0.022975210425816,0.8710638677377016
RENBP,0.1134227500016562,0.8711118670685263
HIF1AN,-0.0397426731464074,0.8712666102423
RBKS,0.0305508140146866,0.8713600652396231
SLC37A1,0.1039873440866321,0.8714216746243054
RECQL5,0.0770500319932807,0.8714950519644623
DCBLD2,0.0385796103206352,0.8715967892053199
ILVBL,-0.0296451729244466,0.8719693385438486
ARPC2,0.0157489536181909,0.8719959330320282
FKBP8,-0.0704536210418371,0.8721104084592333
STATH,-0.1065636210147999,0.8721480368620185
GTPBP2,-0.015210962563529,0.8722590486507726
LRPPRC,0.0309255502910161,0.872454265725847
SMIM7,0.040181145423686,0.8724933256514554
CST5,0.0941045916651441,0.8726134233069276
HK2,-0.0631263657278946,0.8726389763830668
ADI1,0.0244597203647867,0.8726649849236536
ZNF629,0.0185601685725753,0.8727239166039854
OLR1,0.0881105304551725,0.8729206655217674
CSGALNACT2,0.0525795400928998,0.8731247979727429
PPP6R1,-0.0191514188577794,0.8731415106851668
LPIN1,-0.039423955388659,0.873342084851196
OSTF1,0.0273385061547646,0.8735199719913814
IL1RAPL2,-0.0358371404306483,0.8735202585380131
C14ORF1,0.0785354715851953,0.8735715229401072
TXNL4B,-0.0200079676062241,0.8737341322613453
MSANTD2,-0.0374373917744605,0.8742603769724384
NXPH3,-0.036707119089467,0.8742848958506817
MUT,-0.0272700864425505,0.8742887904711284
CEP85,-0.0209155007777752,0.8743651383848199
CRYBB2P1,0.0534098759652037,0.874649846656102
TIMM50,-0.0578483101809759,0.8747183553601112
MAP3K7,0.0340642477874322,0.8749882090726706
MYBPC2,0.0686984585839045,0.8750239667493473
GLIPR1,0.0372720988951478,0.8751037860608066
SLCO2A1,-0.043879784507812,0.8754907597300834
DHFR,-0.0914447280917114,0.8756223779862778
PLCD1,0.0452439647303641,0.8757622508250698
KLKB1,0.0656298390389498,0.8758888955163491
LINC00667,0.0332735625084001,0.8759823384721146
RP1-149A16.17,-0.0181682129133555,0.876011123840205
PVRL2,-0.0183053035418616,0.876117570116849
BTNL3,0.0362086024000047,0.8761627690340144
ADARB1,-0.0405169028528913,0.8762280827000147
ANO3,0.0847699558528631,0.8763505170438568
CHRM2,-0.0646845241884737,0.8763719398261903
C5ORF45,-0.0692671007602641,0.8764578782587455
NRDE2,0.057180084969167,0.8764633744293141
GNRH1,-0.0889413305590789,0.8766249619720066
NME7,0.0198817399362809,0.8766935081232105
AOX1,-0.1064662061376591,0.8768831899159255
PLAUR,-0.043198271861617,0.877448464749546
ZFAND3,-0.0143474035535771,0.8777722808895586
ZFP37,-0.0317204336237253,0.8779180158768378
GLO1,0.0170960094507943,0.8779550787777465
SLC9A1,-0.1000767240748823,0.8779639449019411
C11ORF1,-0.0711510123729368,0.8781343628743709
NCOA2,0.0988282254415304,0.878215900611802
HSD17B2,-0.0622598929949376,0.8782735917648612
TM2D1,-0.0333216413971424,0.8783308525907303
TMEM50B,-0.0259045568484861,0.8784990890541379
TSN,0.0275553816527338,0.8785448700677932
GALNT11,-0.0248672815425567,0.8786935748842422
BUB1,0.0794172161948822,0.87876521726598
BATF3,-0.0448614278785957,0.8787842923934118
GPRIN2,0.0449299824905597,0.8790491291159227
SORL1,-0.0596217813193007,0.8790916356290361
EPB41L4A,0.0815119375341626,0.8791775257947197
VPS13C,-0.0428717951588266,0.8792365251828137
TMEM214,-0.0205559554322825,0.879418823105604
CFHR5,-0.0377762782830881,0.8795539103388907
PPP2CB,-0.0747492066306625,0.8798540303856811
DST,0.0840953409363622,0.879924680392778
ZNF137P,0.0209609705067332,0.8799368132898672
IGF2BP3,0.0798173420807808,0.8800663417144438
LAIR1,0.0685604540506581,0.8802712293841667
TSHR,0.1007383680189062,0.8803462152434903
LAMP2,0.0309697826017991,0.8803570452764717
GYG2,-0.1605838057555146,0.8806558759017222
EPHB2,0.1160482601026799,0.8808054939097574
MYH8,0.0727781469054056,0.8808134255046077
TRIM2,-0.0545230020817255,0.8808314444422224
LINC00472,0.0833681880361689,0.8809173749651685
AF007147,-0.078575422246959,0.8812200109478963
PDGFRL,0.0624751477711544,0.8812583625239995
RCN1,-0.0226086535266887,0.8816812970550012
SSBP1,0.0417061850109101,0.8817002413702307
CTDP1,0.037632322066341,0.8817109014998299
SUCLA2,-0.0283394690035692,0.8817821429178414
PPM1B,0.059145679520749,0.881813657763426
TEX2,0.0228215806592047,0.88189072010337
NET1,-0.0475868230918816,0.8821614982860854
GPT,0.0758242457908258,0.8822933813009254
TMEM248,-0.019881971778739,0.882414945951673
DEF6,-0.0702923709531599,0.8825482455334677
C19ORF80,0.1208050766353312,0.8826525128761865
CREB3L1,0.0731920306765747,0.8826790158895067
PTX3,0.1298956936555004,0.882721239840891
SHCBP1L,0.070084248743929,0.8828112113425974
HYAL2,-0.0266452616778689,0.8829293469174834
SDPR,0.0513993308124902,0.88322876751091
INSL3,0.0685544191416687,0.8834578624715302
PEX19,-0.0365269612898355,0.8835445585603346
ASIP,0.0671374677345406,0.8839255504517565
LEPROT,-0.0256795238144,0.8841894180835257
H2AFJ,0.0445061987568857,0.8841970840716976
ABCC8,-0.0347630199455002,0.8842964965742752
POTEKP,-0.0246328280601595,0.884442070962794
CATR1,-0.059037501458196,0.8847195464560862
MCF2,0.0750966348773793,0.8849781652953832
IP6K2,0.018552314633597,0.8850377316307704
CNR2,-0.0287010177371396,0.8850386839359923
MYH6,-0.0648671597231156,0.8850842492337219
SCAMP2,0.0296253357177196,0.8851303288913038
GLA,-0.0192952951408091,0.8851695210109758
DAZAP2,0.0191307805262859,0.885289131419412
CRTC1,-0.0581352870591009,0.8853611914755347
NACC2,0.0183923829788366,0.8853630180525981
FOXJ1,0.0519334231140833,0.8855386559454087
PRPF8,-0.0149480287234169,0.8859124610993689
ITGA6,0.0465559594778675,0.8862406758894875
ABHD4,-0.0262149342584798,0.8865378041269173
SCARB1,0.0632838378403066,0.8865946793756148
RAI14,0.0381652089689836,0.88689277070107
HSPA5,-0.0325140922855737,0.8869214647334019
MEGF9,-0.0765597227225951,0.887011686020072
COL5A3,0.0627841552554464,0.8872148429120816
POLR3F,-0.0290138110523114,0.8872706497192674
LRRN3,-0.0699161641111345,0.8873850397970955
COX4I1,-0.0749986441935597,0.8875614003135881
PNPLA4,0.0427704564276432,0.8875724767251197
CDSN,-0.0386737965233372,0.887678668897712
RPS10L,0.0268880139763449,0.8877347650906887
C6ORF48,-0.0248613737566607,0.8878174540925332
APRT,0.0264636181295205,0.8878601911393521
PRO2964,0.0643282897821135,0.8878619434539696
CDC123,0.0164407040286338,0.8878713810082313
ILKAP,0.0148911858680591,0.8879085315054208
NME4,-0.0366983946328698,0.8881422814767419
EIF3M,0.0538614805149313,0.8881708381279577
ACADM,0.0426195094936083,0.8881799377802663
TMCO1,-0.0258023503954518,0.8881997653707502
AGTR2,0.0876798890602086,0.8882557404094571
LPCAT1,-0.0280205089196901,0.8882951186352999
ANKRD1,0.0841683636518233,0.8883582321426097
ESRRB,-0.0262788067566455,0.8883593455526018
SPX,-0.0290750254985336,0.8887922050571206
ZNF613,-0.0598996220866037,0.8888174741214119
GYPE,-0.0860281513311003,0.8888623102150339
RAB6B,-0.0599475846150898,0.8889860445754364
FHOD1,0.0246237175835499,0.8889984208614267
AP4M1,0.046261084717174,0.8891877508117983
ZNF574,0.067984307786145,0.8892334073869054
HIST1H1E,0.062219997344818,0.8893253428368082
ABCG4,0.0296190909184224,0.8895991043822181
GCC1,0.020619779697796,0.889793845704982
BAIAP3,-0.0479318624605493,0.8898982719748306
ESPL1,0.0380499445879927,0.889971501812182
SI,0.0889392151289314,0.8901918193094122
OR51E2,-0.0603965455428774,0.8901962034605696
HCK,0.0463532168389395,0.8904645851522466
TMED9,0.0357777291758214,0.8905470303666326
BFSP1,0.0727433803313619,0.8905655473221447
SUCLG1,-0.0221907433573296,0.8905859543045292
SPRR2B,-0.0368606820452512,0.8906621804597198
MON2,0.0688997394875325,0.8908252575221636
MAPK1,-0.0262785436460326,0.8908405657456332
NRTN,0.0633384225022646,0.8909114277371555
FLAD1,0.0251821157804474,0.8909592695886978
CEMP1,0.0373941567724576,0.8909748552685631
CITED2,0.0654472776504153,0.8910907235742318
HCRTR2,0.0509340869756167,0.8913606472261693
MKRN7P,-0.0296998507181101,0.8913735418200938
NANS,0.0265481962970977,0.8914082396214249
BNIP3,0.045664394691343,0.891640098149487
STAM,-0.0221501972407125,0.8916838109472193
DSERG1,-0.0532541176289127,0.8925082424173879
SCUBE2,-0.0281127212150806,0.8925642293339306
APOA2,0.0860773962279264,0.892770289852788
DHX35,0.0236714500397834,0.8928265882217735
OR10H3,0.0417314634766494,0.8928289713359725
PRDM5,-0.0204652004965089,0.8928398061093695
SLC25A15,0.0285329979860504,0.8928978680566495
DDX42,-0.0188111598161313,0.8930221173136649
CCNJL,0.0344594322850655,0.893043254547804
YIPF5,0.0213369248223269,0.8931471250028651
HIGD1B,0.0733438940331083,0.8931931103673871
CHRM4,-0.068785897967861,0.8933245789097426
PIP5K1C,-0.0190456995988288,0.893331498767083
CCL24,-0.0542936902864754,0.8940210100014971
SPTSSA,0.0343883482009861,0.8942608978727852
BCAP31,-0.0206219411600478,0.8943144490082383
ADCK3,0.0411008843937228,0.8943662361632625
PCYT1B,0.0879259147414286,0.8944272917463171
RHEB,0.0513197779428553,0.8944664257222861
HPR,0.0843614562123131,0.894579011043885
SEMG1,0.0659271290113472,0.8945891743637643
MCTP2,0.0485018518769235,0.8946213241460744
GRP,-0.0578150059549349,0.8947211766508264
UNC119B,0.0278006310067091,0.8947281172159129
PCSK5,-0.0330755315061779,0.8951613132104357
AEN,-0.0336482652402692,0.8952184719529099
TRPV4,0.0578387788938883,0.8952845520432743
PRKAA1,-0.0840417985333985,0.8954388386286769
ASAP2,-0.0326930413724753,0.8955524142811839
WSB1,0.052650827921715,0.8955667938044423
AP2B1,0.0189809210724494,0.8956357127507057
FMR1,0.0361394063439277,0.8958016220574704
ASCL1,-0.067741410826791,0.8960575022396328
ABCB11,-0.048064784805291,0.8960906608204033
TNS4,-0.0396201970221241,0.8961854817441605
B9D2,-0.0551996232343432,0.8961993493311018
ZSCAN12,-0.0323307817631959,0.8964258647063204
OPCML,-0.0854014890810574,0.8965080953130603
TRPA1,0.0631958301029369,0.8965772453410747
ZKSCAN8,0.0221829737842087,0.8968103253257024
GPX1,0.0220793166611752,0.8968495812084042
CABP2,0.048013066001038,0.8970051375037714
SHC3,0.0161652281309168,0.8970199894823995
NPC1,-0.0672396767308178,0.8970749527215306
MDH2,0.0154235982691162,0.8970754427800754
CALCRL,0.052558611400757,0.8971521654342065
GJA1,-0.0306867991635684,0.8972444042015718
RYBP,0.0429107550918885,0.8973292392795225
MNAT1,-0.0251783894110628,0.8976729849572074
TUBB4B,0.0287392671523871,0.897780836803178
POU3F1,-0.041861600486758,0.8977851417704089
NT5DC3,-0.0402740043369194,0.8978146118672302
PADI2,-0.0379365083056404,0.8980331431037344
AAAS,0.0420048458658666,0.8980941281439438
MALL,0.0281547350095898,0.8981334690409168
SNRPA1,-0.0440917706592252,0.8981427224866462
CDKL3,0.0299384017668291,0.8982181253223761
CD1C,0.1313054130053998,0.8982465219497172
POLE3,-0.0249565168733756,0.8982594365443408
UQCR10,0.0159510186488933,0.8984442994711428
MGAT4B,0.0309285788659625,0.8984531775555338
IRGC,-0.0673127509788669,0.898490148931433
RBBP7,-0.0090712129973464,0.8987702655014778
RP3-497J21.1,-0.0772012520974652,0.8988010668663166
MYH9,0.0212540545504769,0.8988130584929869
H1F0,-0.0398802439972669,0.8988637576258216
GABRA5,-0.0694180283829761,0.8989764430827272
CAPN3,-0.1149316109941445,0.8990545262939527
MYL1,0.0621435970223069,0.8992244347637083
C7ORF69,-0.0368749448029155,0.8992695839931127
HAL,0.0495661489819907,0.8993097785044004
SLC30A5,0.0543331821468093,0.899391117725529
DLX5,0.0510990341437196,0.8995209339729502
ZG16,0.0309253059912193,0.8996373588037954
CLEC16A,0.0194843042557035,0.8997986371834503
EIF2B5,-0.016223139541891,0.8998965079587249
ZBTB39,0.0203268433262708,0.9000728544825729
PIAS2,-0.0633321686361565,0.9001517498272108
GPR27,-0.0199639979997048,0.9002364859176175
STC1,-0.0719195007976729,0.9003461822340165
PSG1,-0.0600134805676595,0.9006769714022608
ESR1,-0.058562380654525,0.9007155320423934
ARFIP1,-0.0298833090534973,0.9007318304708516
DLEU2,0.0350181373005629,0.900992377722694
NR3C2,0.0655499660852454,0.9012032518806472
HSPB1,-0.0280114807951257,0.9013737567094716
ERCC6,0.0195792569801946,0.9016549886118363
IL1B,-0.0822808780252888,0.9017450247314964
PNP,-0.0416670912472039,0.9017842248217444
DPPA4,-0.070066198917027,0.9018852623932696
RNF130,0.0373972852498836,0.9019600540569904
IGFBP7,-0.0521776320418787,0.9020493521281496
ST6GALNAC5,-0.037912287140525,0.9021718160517976
ARHGAP22,0.0447009282498864,0.9022084893003736
WAPAL,-0.0571651529726997,0.9023082265822536
SPC24,0.029893925195175,0.9024764418908928
SEC14L1,0.0313511934258219,0.902587685261486
RPS27,-0.0091799462932318,0.9026118358330734
ENAH,0.0264176767993173,0.90288423482864
GRIK4,-0.0553988884938938,0.9029418431880056
HOXB5,-0.0193411863551915,0.9031464795959117
MPL,0.0672281080442642,0.903235051644279
PAXBP1,0.0242321989788933,0.9033683533019756
FMO5,-0.0594459009398589,0.903581034334306
SALL2,0.0261039980284962,0.9036308090548132
IL22RA1,-0.0163039171441639,0.9038811257838778
CREBZF,-0.0322525477114385,0.904131529800049
OR1F2P,-0.0196589596810743,0.904198736528926
CT55,0.0484823249204038,0.9043988813848446
STXBP3,-0.0249457630170759,0.9045572637749704
VPS26A,-0.0102192326097334,0.9049483930249652
DPYSL3,-0.0378103217405438,0.9052517925276105
GABRB2,-0.045443343162308,0.9053107268188454
PRPF38B,0.0313748538840821,0.9053152914527052
AC005838.2,0.0572693620657256,0.9053343966754772
LARS2,0.0179563836461982,0.905405197435558
NOTCH4,0.0280261972335349,0.9054840404022036
SH3BP1,-0.0499370254244615,0.905499294598994
LMAN1,-0.0723659428828238,0.9055631457207646
TMEM47,-0.048133491752651,0.9058844562540194
ASPA,-0.0492806962991752,0.905986207751189
FGF16,-0.0451644805479629,0.9060057726521932
CDH10,0.0220310112600614,0.9062571422347728
SCN8A,0.0166744780063767,0.9064578632612568
CETP,0.0511105821166375,0.9065033669480398
MYF5,-0.0647510490945122,0.9069510466320992
TOR1AIP2,0.035882962433245,0.9069606099412298
ARHGEF6,0.0237042057650818,0.9071366422292224
SOS1,0.0173716402412935,0.9071767283784764
MKRN3,-0.0479846422726106,0.9072020191559432
FHIT,-0.017014902675303,0.907256900116821
CLTC,-0.0641571912245568,0.9072606338660756
LPPR1,-0.0178693669005145,0.907272553234206
C5ORF28,-0.0258661886765372,0.9072753456869072
CRYBA4,-0.0347943256249259,0.9074379862394965
CTR9,-0.0193832414775023,0.9074871385923556
DUSP13,-0.0145375925840323,0.9077484258053076
ADCY9,0.0340221271471214,0.9078342390100662
LINC00894,0.0246934343302225,0.9079848958425486
ARPC1A,0.0165833453173185,0.9081499380625148
RSRC2,-0.0105086204041651,0.9084069119716166
SLC12A9,-0.0181279278462156,0.9084768343542732
GNG11,-0.032901058950248,0.9086689181452434
C19ORF40,-0.0142548170645264,0.9087818052071108
C5ORF30,0.0311516031070935,0.9088822968272404
BTN1A1,0.048529449999207,0.908991188594324
DOC2A,-0.0429032901153556,0.9092225669536792
VKORC1,0.0243276277227,0.9093546028675732
IKZF1,0.0551963093489771,0.9093966632642978
CDH19,-0.0931796442486154,0.9094653068167292
OR1G1,0.043775231588059,0.9095272984910224
SH2D3C,0.0283971897308887,0.9099267602306552
IER3IP1,-0.0116337956225933,0.9099831040830044
ATP5G1,-0.0156576261322562,0.9101359743413108
ARHGEF11,0.0229457030414055,0.9102522889667302
PAQR5,-0.0457094421589556,0.9103687686310088
ACP5,0.0429722404336327,0.9105717764604372
CYSLTR2,0.0480638393692265,0.9108000635499406
UTP3,0.0221739859724845,0.9108604886902852
ACPP,0.035248686219786,0.9109116826937308
MGRN1,0.0175772214254852,0.9110557868996176
ZFAND6,-0.0221517084342401,0.911192555893336
NEK11,0.0147342637237981,0.9113255308546993
DUX1,-0.0335524571452472,0.9113339559015284
FGG,0.0373150688801606,0.9115113618495992
CLK4,-0.0221648503817633,0.9116377453428144
BCAT2,-0.0431732419086303,0.9116666209297368
ARMCX6,-0.0228111388578025,0.9117639281955932
SAMM50,0.0162760587513695,0.9117690783093672
SIPA1L3,-0.0239868575079018,0.9120744109560662
SACS,0.0260525869569399,0.9123733564749176
MRPS15,-0.0286070131259474,0.9125508479905088
VPS33A,0.0285883600649006,0.9127434957141984
PAPOLB,-0.0271412501956755,0.9128330067642838
IBTK,-0.0685224094815839,0.9130367792349524
SPI1,0.0487945093201265,0.913119237576492
GLP1R,-0.0447731239878992,0.913247535785826
TSNAX,-0.0138474710419753,0.913403053619799
RPS16,0.0143540803131614,0.9135040645860136
ELK3,0.0177091514492158,0.913878686559946
NINL,-0.0259191081017799,0.9139006325563596
FEV,-0.0140067353265465,0.9140658615391392
TCERG1,-0.0349623437709265,0.9140676790206784
CER1,0.0216001542370944,0.9141523086964944
EFNB3,0.031023593535469,0.91437045919005
GRIN2D,0.0565011886228479,0.9145816573578998
CLDN5,0.0574689863543067,0.9146951072007374
CHGB,0.0395323468501729,0.9147327885736284
KLF11,-0.019488993970917,0.9147882248173864
ACTC1,-0.0422614368441252,0.915059705430005
WBSCR16,-0.0120968283744069,0.9150677682850754
PROZ,0.0500262397416495,0.9151353324498578
SOX14,-0.0532583276489777,0.9151906454373684
TRPV5,0.0215977512687839,0.9152182246986142
THTPA,-0.0170514983640366,0.9153426853066012
PNMA1,-0.0107229810342825,0.91540128811793
MAGEB2,-0.0327111292243831,0.9154376683440916
ACOX2,-0.0300755997991846,0.9155766326162648
GFM1,0.0440245022179919,0.91581804942044
CTAG2,-0.0505845736937971,0.9159623888443662
SLITRK3,-0.0348717808361396,0.9161525700154662
KPNA2,0.0286947897889948,0.916267017500974
PSMA7,-0.0182451925235227,0.91632390911034
BCAT1,-0.0540504098533833,0.9164265872792472
PTGS1,0.0375233993192178,0.9164409951179322
RORA,-0.0209495373901456,0.91652217514817
T,-0.0369362512858852,0.9165223155787467
SLC5A2,-0.0449357656920659,0.9165734849832284
TCN1,0.0476819859417645,0.9168049122795414
HMGCL,0.0163316162037006,0.9171220581410052
LIFR,-0.0381060658668337,0.9171705237639156
SAMD4A,0.0547006580380702,0.917271685663537
TMCC1,-0.0132676384868197,0.9176225783647546
GPR97,0.0473596575182204,0.9181385468932654
RP11-219B4.3,0.031283472164028,0.9181547513986325
CPS1-IT1,0.0367637902021651,0.918173722234408
PAICS,0.0343896275381361,0.918373472640307
ATXN1,0.059541238889075,0.9185388066220714
KIR2DL1,0.0178342886448823,0.918659824835828
ZNF80,0.0488122182925772,0.918676180408191
GCFC2,-0.0534613712117577,0.918692489758652
UBA5,-0.0190406679881949,0.9191307084604824
NTF3,0.0516432773261668,0.9191510399093644
RPLP2,0.0481262403520537,0.9192267235883348
FUCA1,-0.0351706951228205,0.9193609727358514
CNGB3,-0.0391793904704451,0.919465070254576
MARC2,-0.0227274113092432,0.919506311657318
VPREB1,-0.0517337344083395,0.9197460127536036
JPH3,0.0540837997662726,0.9201496109387024
NAT9,-0.0130332446844825,0.920272068032178
OGN,-0.0715141540184589,0.9205446453656831
RDH8,-0.0376927551629826,0.9206963279229332
SAR1A,-0.0353523584283115,0.9207519910884132
CA6,-0.0360428477254775,0.921147622450942
SESN1,0.0291595496333254,0.9212932407907144
OR7C2,0.0185933133626847,0.9214136923428692
PALLD,-0.0445222628111343,0.9215206284531874
F2RL2,0.0625344819516398,0.9216409757939632
ESRRG,0.059626649455025,0.921827984595276
PTN,0.0497096577596369,0.9218424465753724
LSM12,0.0350820790764982,0.9220078070622948
PPBP,-0.0489047936068871,0.92201328283743
RAPGEF3,-0.0668629771284585,0.922132816900923
ZNF407,-0.0525751282406199,0.9222732238745364
CAMK2N1,-0.0298608032293739,0.9223778684330214
SNX19,-0.0219804063378523,0.9224943758196876
FCAR,-0.0565692740448859,0.9225479703923092
LINC00474,-0.0384393678062267,0.9225848704602136
SYTL2,0.0257323863043392,0.9225877544133358
MGAT5,0.0504744162214398,0.9228354551831164
KCNJ13,-0.0415778635146635,0.9229746366985236
ORC6,-0.0170884828844339,0.9234824995273416
PROC,-0.0302797520780027,0.9235143900518789
CDC14B,0.0486130411474183,0.9236022119877662
CRYBB2,0.017537457833928,0.9238373657365316
SPO11,0.0428704674952618,0.9238433225043838
HABP2,0.0102086862933141,0.9239836336836794
ITGA8,-0.0268638077251148,0.9242625192567254
TMF1,-0.038680221356631,0.9243697870503068
INTS6,-0.0213847821985702,0.924495789222058
RP1-181J22.1,0.0556779665346809,0.924540799936678
TMEM14A,0.0186897738721647,0.924636764258519
CADPS,0.0214594823603988,0.92488007293749
ZCCHC10,0.0150394428008597,0.924896642348626
PGRMC2,-0.0228096735484939,0.925173399117736
KRT12,0.0298096332130799,0.9251803133305718
PLSCR4,-0.0249805233918305,0.9252707720406822
HDAC4,-0.0161490290103625,0.925397758254742
OR7E47P,0.0401603777577914,0.9255731913767602
HIST1H4E,-0.0358547533927779,0.9256867717663988
UQCRB,0.0197062386591841,0.9258735164014404
RPP38,0.0171345403273903,0.9261583810346684
AUH,0.0213226040058813,0.9263557100754746
CRISP3,-0.0494550384054157,0.9264252432661813
YTHDF3,0.0181225362109209,0.926504785984778
CGREF1,0.0428007479069991,0.9265475021464
CPNE6,0.0192266807800716,0.9266704071003192
GC,0.0506089503267102,0.9266741889561704
CDC5L,-0.0432452058916608,0.9272399343574438
MRPS2,-0.0146801994836494,0.927250999453459
UPK1A,0.0438335213948111,0.9274491977219984
SLC38A10,-0.0170263042785023,0.9274528849873424
CHODL,-0.0400977236911117,0.9277005666233408
HIST1H2AM,0.046846294699856,0.927796384124534
DDX25,-0.0358312052271507,0.9278396465164848
OSBPL8,-0.0173181221098666,0.927933225966992
KATNA1,-0.0076669717645572,0.927988568621881
GULP1,0.0331457916318367,0.9284058923360874
AHNAK2,0.0464752946001265,0.9284075586351406
COL8A1,-0.0543955749580211,0.9284847740756726
CHAF1A,-0.0395419708231825,0.9285594302743804
NDN,0.0201236927513654,0.9285652997410172
NRIP3,-0.0248311505025737,0.9287938167980476
GDF9,-0.0157935837804492,0.9287966937860288
CROCCP2,0.0203353304993196,0.928856845934496
STK24,0.0553017993330495,0.9290566057198512
TAL1,0.0287203391869779,0.9294063004861274
BRINP3,-0.0457043527761538,0.9295191188863025
PAK4,-0.055468972307036,0.9295400210195498
ALDH18A1,-0.0121561038971158,0.9297717168584474
AP4E1,0.0526040193850345,0.9299519208803688
KRT76,-0.0147029491337917,0.9300684945658828
UBE3C,-0.0160116100111764,0.9302660910800834
LOC102723559,0.043523111999125,0.9302799708403064
RPP40,-0.0227972776297917,0.9302836219039072
CD84,-0.0511912388987605,0.9304514738446414
PRMT7,-0.0426450216143798,0.9305198088769252
NDUFAF1,0.013396075672329,0.930839796076872
TFF3,0.0416900735378016,0.9309678859303092
PPP2R3C,-0.0089574040106281,0.9310527561172774
KRT14,0.04411552513886,0.9312826171426508
LGALS3BP,-0.0206682347016275,0.9313379055632376
TIMM44,0.0305243314916277,0.9314311429956736
SLTM,-0.0141890338564305,0.9317823768796584
RNF39,-0.0360139418959688,0.931867443270792
ZNF451,0.0301766057087666,0.9319899502746036
ATXN3L,0.0334276948034695,0.9322383923411048
NR0B1,0.0490461373044901,0.9326809375386927
ADAMTS12,0.0181185335310249,0.9328030935644828
CHMP2B,0.021568133259862,0.932873633168298
NOP10,0.0095502075686866,0.932994215640457
TMEM260,0.0151162666727184,0.9330114193494128
TFR2,0.0450908757813799,0.9333966236168918
RNF17,0.0389162289180893,0.9334364143858782
GSTT2,-0.0478252801977259,0.9336405535797724
MYRIP,0.0500347144818515,0.9337128203447242
IFITM2,-0.0108481362446983,0.9337437696174778
ZMIZ1,0.0098776500201598,0.9339035966311972
ZNF571,0.0211268396863779,0.9340196654722992
TMPRSS11E,-0.0445982291748743,0.9342273835667778
ADAM21,0.015665605924017,0.9342592986823248
DAPK2,-0.0402127321101888,0.934823148824343
RPS6KB2,-0.0152845223466826,0.934934124800692
FOXE3,-0.031697958750112,0.9351145826648628
NTRK1,-0.0226190076102739,0.9352841918309908
IREB2,0.0426212527293916,0.9353151128380992
NDRG4,-0.0279434715586681,0.935564875199778
RBM14,0.014180775573827,0.9356838517603608
ZNF358,0.035647710447721,0.9357135883607398
DPEP3,-0.0350231512160856,0.9357769049479824
GRPR,-0.0236950396986364,0.936060492626556
SRCAP,-0.0389175094582476,0.9361311857516228
ZNF638,-0.0104715957819401,0.9361850270303982
CLK2,-0.0085495677213938,0.93651579587157
KCNA4,0.0242669772528385,0.9365768082172508
PON3,-0.0343330733263993,0.9367917902292252
SLCO3A1,0.015003856858506,0.9368303810844604
TUBA8,0.0376706094474954,0.9369325036035004
NGF,0.0220397602483934,0.937460461190638
RNF103,-0.0097580487858959,0.9375653807516624
UBE2S,-0.0174997558857867,0.9375763042663652
SPIN2A,0.0165464869118068,0.9377607180863814
SMG5,-0.0196203936721923,0.9379036314069408
GPR116,0.0216702527681675,0.937967638670774
SECTM1,-0.0149865162632387,0.9382059597365344
ZDHHC7,0.0106407600253461,0.938236087272563
SF3B4,0.0095362199514745,0.9386021015968878
NR6A1,0.0336051925857567,0.9386705554634828
KLK15,0.0341433451120991,0.9388004793488084
AMBN,-0.0222361352135518,0.938975091822219
TCEB3,0.0177440745806922,0.9390329843528592
ZNF26,-0.0109545780678637,0.9395000356982488
OR10J1,-0.0317971380007886,0.9395154133798282
NRG2,0.0286499873804695,0.9395167414984724
KIDINS220,0.0326411945345324,0.939553077903134
ANG,0.0280382380743446,0.9396660372085716
RNF32,0.0467771007001545,0.9396784710546968
YY1AP1,0.0135433045981994,0.9401000484627824
PTGER3,0.0541775200268839,0.9402348864834872
SHOX2,0.0326396036771967,0.9403433719853316
ACTL6B,-0.0298112166800343,0.9404376717846544
CCNG1,-0.0205355396804822,0.9404456542099447
BAI2,-0.0227124180040192,0.9408386682337284
GABRB3,-0.0441845182262685,0.940981171227968
MOCS1,-0.0385332463530616,0.940988293785482
CTSS,-0.0262324485310827,0.940989922761332
DKFZP434L187,-0.0282741005037143,0.9410154600590585
NAPG,-0.0098921873500357,0.9414448414374792
OTUD7B,0.0192790898227381,0.9415671857362932
NKX3-2,0.0278459668282904,0.9415860794278974
GAGE1,-0.0271680068309443,0.941726299279992
SLC34A1,-0.0361708518184586,0.9417987152666184
ZNF549,-0.0399167362838692,0.9418164789733304
ITCH,-0.0145015904722889,0.9421184023215436
GPR143,-0.021511769306405,0.9421985855776226
MFSD12,-0.0369276686521953,0.94223623776808
PHF20,-0.0193476974069666,0.9422728341996152
VWF,-0.0248612279629298,0.9424481165911848
SF3B5,0.0085999564247547,0.9424684990062584
NME8,0.0257089207011933,0.9425023294758196
ACP6,-0.0149789718374986,0.9427362423212772
DALRD3,0.0264431270312313,0.9428502828418426
GPC3,-0.0240294597333683,0.9428826833800088
NFU1,0.0153229498119706,0.9429390421853704
UBA1,0.0081951705485341,0.9431621728724838
EIF4EBP1,0.0170995490635643,0.9434565859295694
ZNF268,0.0156823200860776,0.9436415569229262
STRN4,-0.0109347931087278,0.9436971751927796
FOXL2,0.0172981704760681,0.9438471714686186
GPR137,0.0346317871591184,0.94411943576047
IFITM3,-0.0051140067793156,0.9441601584993532
IFNA17,0.0132433387151031,0.9449977896990612
ME2,-0.0220095939770956,0.9450140508372424
OSGEP,-0.0139207261487399,0.9450399462126536
SMARCE1,0.0089321496667462,0.9450516162815794
TELO2,0.026262032387188,0.945169480959974
CLPP,0.0125012953809537,0.9451894633307492
AKR1D1,0.0313550815635137,0.9451914753249184
ZNF16,-0.0106578743975749,0.9452312379054748
VTCN1,-0.0257754105188974,0.945664575117306
FNBP4,-0.0154225770532505,0.945763022795766
PIKFYVE,-0.0109606259922312,0.9458545592133202
FAM179B,-0.0106623137919203,0.9462732823984896
SCTR,0.0341095014956263,0.9463464390296225
REV1,0.0101413921731463,0.946538792575235
PSMD2,0.0049194033031412,0.9465736281957332
ARPC4,0.0449405484608043,0.9468217773882036
OSGIN2,-0.0342241401297083,0.9468289812314294
TYK2,0.0114835034565423,0.9469033371723088
SNRPF,-0.0178834217724332,0.9470174123022002
STEAP1B,0.0159151811189861,0.9470671451677092
MYF6,-0.0342586393417763,0.947071828980916
COA4,-0.0143630694760013,0.9471685324365356
CORO1C,0.0142570928962371,0.9472471071828276
PCDH17,0.0228044790119543,0.9473304412571476
LINC00339,-0.0301036092025279,0.947455438239808
FOLR2,0.0186501924854454,0.9476343871787972
REN,0.0272896524008876,0.9476830427711834
KRT84,-0.0264350988136015,0.947748174724305
RAB3A,0.0339043855688592,0.9479130618356796
SLC9A3,0.015473184948227,0.9479769266860822
ZNF124,-0.0222255555067114,0.9485077590010006
MAP3K3,0.0094226121646343,0.9485502448062484
RAB13,0.01219214787554,0.9485641122060712
C11ORF57,-0.014330733990107,0.948590492992492
NR1D2,0.0183323193033642,0.9486901189479798
TBX6,-0.0268082957882405,0.948818465068646
SCLY,0.0252572885744202,0.9489241434406512
VPS28,0.011966225728365,0.9489443211575868
SYP,0.0246382834763352,0.9490600642251508
HIST1H2BE,0.0187024745670054,0.9491348512587088
RP4-560B9.4,0.0369841610835033,0.9491756740354936
RP1-272E8.1,-0.0142494658246716,0.9492998551255124
ZNF34,0.0098580103993271,0.9497428739785102
SPECC1L,-0.0090520496427863,0.949994573565062
SND1,-0.0110357100131395,0.9501046762115376
FABP7,-0.0244304814268394,0.950233588323475
PRAF2,0.0123540535574715,0.9502374390215016
PCLO,-0.0331729014231294,0.9504805323375012
LDHA,0.0076561713130764,0.950547870183043
SLC13A1,0.0475679413536318,0.9505689287827228
PRMT8,0.0223592405891324,0.9507416554463012
NAE1,-0.0042123354615952,0.9507581326554017
SPINK5,0.0254934097523999,0.95087449287716
NR5A2,0.0235067023388122,0.9509479746350864
MAGT1,0.015436870452703,0.9510223705563704
DMTF1,0.0155717025227808,0.9511356227018136
PRPF4B,-0.0211305452036683,0.9512299209576276
RAMP2,0.0453579352236239,0.951257647098034
MMP8,-0.0313354526436482,0.951295967997601
PTPRC,0.0292275510070183,0.9514323168277936
CAP1,-0.0075177229058898,0.9514323270261664
GDPD5,-0.021255851486801,0.9515691032955882
SEPT5-GP1BB,-0.0276600083068743,0.9516637688724672
PNLIPRP1,-0.0222560733492618,0.9516731815443212
HNF4A,0.0235403501735458,0.9516950162692344
BMPR2,0.0150037420250024,0.9517718614288092
CD151,-0.0122193479360852,0.9522537496380976
NCF2,0.0167202984235004,0.9522589076882744
NKX2-2,0.0279249765046727,0.9522595760766668
ERH,0.0081226968513075,0.952361533905969
CDIP1,-0.0154737047148056,0.9525410311211938
ETNK2,-0.0087110390116285,0.952727268093532
FZD1,-0.0201762052771838,0.9533839198361485
TNFRSF8,-0.0169519348074151,0.9536920300716538
SPAG11A,-0.0264281013877916,0.9538688417582518
USP49,-0.0263761418130883,0.9538735364352404
GDAP2,-0.0093633662691967,0.9539398624207226
COL9A1,-0.0111046185656435,0.9539481817092884
PPP2R2A,0.0068432565766212,0.9540537898953796
WDR76,0.0134708869517279,0.9543025267203392
GPR183,-0.022654520133841,0.954483126450705
IL2,-0.0330459282142312,0.954759532951862
MRPL33,0.0108099336186366,0.954812065049554
NAT8B,0.0275053575484927,0.9548731632568388
SNUPN,0.0107581761863055,0.95492846989107
ACOT11,-0.0248789900483235,0.955040947882008
EPHA5,-0.0375910962470009,0.955245019244304
YAF2,-0.0109801399559072,0.9554012058814368
ZNF580,-0.0132618814615668,0.9554248389823632
DAK,-0.023176607044264,0.9554938912134828
PRB1,0.0156734686910748,0.9558055648865266
KIF22,-0.0251483181774139,0.9558194644648924
HIVEP2,0.0091679435029767,0.9558876892198076
MED14,-0.0179896403066175,0.9560316107969808
NFASC,0.0231271863188897,0.9561735669948244
TIMM8A,-0.0312958943719197,0.9561844960904292
ZMYND10,-0.0334304887462,0.9564459667883286
ANKRD40,0.0102842731957633,0.9564842083884718
SMEK2,-0.0275829017275572,0.9565500772798996
SCGN,-0.0198103945342777,0.9568088612373354
TBC1D12,-0.0087270140761237,0.9569267022685872
GPR107,0.0294999786691922,0.9571729063714848
PPP2R3A,-0.0170432911302018,0.957189089226008
DYNLRB1,0.0079088531743582,0.9572749082074332
DHRS11,0.0130556788627123,0.9574734460204068
WDR19,-0.0095076093243307,0.9575735520592288
C12ORF10,0.0046265751666503,0.9577593777501504
FGF14,-0.0288480851685362,0.9580611160214776
DAXX,-0.011246508452376,0.9584805669005552
ERCC3,0.0055293548689636,0.9586251341826412
SDC2,0.0122755595162065,0.9589432892020752
GYPA,0.0313640697980399,0.9589596919904954
ZKSCAN5,-0.0099960785820272,0.9590436232632952
TMPRSS11D,0.0102560014683197,0.9590645401475024
PELI2,0.010725462198053,0.9591421854488263
DVL3,-0.0237307854953341,0.9591642498375196
AGFG2,0.0221957387776816,0.959272752813475
LOC100505534,0.0158483622734753,0.9595873106191692
SOX15,0.0124181007513159,0.9596094284365716
MRPL42,0.0071012815252924,0.959707178749042
GORASP1,0.0072163293315199,0.9597652124104136
CCSER2,-0.0089700246905106,0.9598275272967236
GJA3,0.0175292319456388,0.959889628547348
ATPIF1,-0.0079642501183485,0.9599446150344628
ENDOG,-0.0162505912037893,0.9601133373164036
STOML2,-0.0061677191343481,0.9603494542996992
TMEM132A,0.0177593379617295,0.9604035579920835
BAMBI,0.0165310981669053,0.9607898723680632
FRMPD4,-0.0261217679308982,0.9609623441429456
CCDC130,0.0055722619655806,0.9614545340383112
MYBBP1A,0.0089783479371359,0.9619095730453244
NCOA4,0.0069810923495197,0.961914683161587
TSEN34,-0.0076321823254801,0.962091768112592
IL1RAPL1,0.01222111070087,0.9621515003041692
CCL23,-0.0222759508584386,0.9627680442284968
LRRC61,0.0227305720322599,0.9628152291015152
PSG9,-0.0100832322327448,0.962887007129508
EIF3J,0.016038947285339,0.9630103547998072
MYO1C,-0.0076136432999955,0.9630923284055576
IARS,-0.0111391364161441,0.9634474309773022
SCG2,0.0254059365796903,0.96366873137477
DVL1,0.0065399319425782,0.9636755952963706
DIMT1,-0.0181942766744818,0.9642141355898196
SOX17,-0.0117840444914811,0.964567328778156
ABCA1,-0.0184835977960347,0.9646807722825008
PRICKLE3,0.014247155842634,0.9647730317340752
HYAL1,-0.01207536630743,0.9649600116766366
EXOSC5,0.005786049487634,0.9649855414760043
MANBA,0.0087862416996316,0.96519743103588
SLC2A5,0.0145529863298214,0.9652899696891372
CBFA2T2,0.0162300238761465,0.9653564414882396
IFNA16,0.009023456294086,0.9653728506748296
C1ORF35,0.0096626083193926,0.9655346457800612
LLPH,0.0104457685577665,0.9657298217768642
ITM2A,0.015980223507082,0.966197735502372
ALKBH4,-0.0130282568605837,0.9662308758695544
TAF11,-0.008495780852785,0.966269950370078
ARRB1,-0.0245515760987204,0.9663419869839266
BCKDK,-0.0075766373802927,0.9664847305628024
NOTCH2,-0.0123470384251902,0.9665077265280516
TRIM13,-0.0046650587021588,0.9671019598282986
CEACAM5,0.0130844600310107,0.9671872690458414
SBF1,-0.0164123348622169,0.9674813541588836
ARPIN,-0.0117819598736987,0.9675175472232967
RYR2,-0.0186785329273444,0.96761471233351
PLA2R1,0.0225364258528677,0.9679029032291112
SLC9A8,0.0072936784953521,0.9680036083261894
CECR5,0.0047672526007325,0.9680520592780032
PDE4DIP,0.0232470827655224,0.968150804135432
SMC5,0.010174636013664,0.9685784424268324
LOC101928457,-0.0147337263006401,0.9686313894771924
PDE3B,0.0251947689990421,0.9689063403082124
SZRD1,0.016277522664704,0.969049255981596
CTGF,0.0110635396938896,0.9690582068829214
FDX1,0.0129256344365629,0.9690620621079388
WFDC8,-0.0091062822665923,0.969074664778242
MAP2K5,0.0276697319123315,0.9693865833667537
ZFR2,-0.0173316852168552,0.9694981544215844
SERPINF1,0.0079899073178708,0.9700062231814396
WLS,0.0076282136326071,0.9702670127791538
LRRC31,0.0205851819300013,0.9703228038441852
FAAH,-0.0146878440806874,0.9704691468451788
CBY1,-0.0104038213439761,0.9704734407088011
ADAM5,-0.0097141671994096,0.9707931652724636
RBP3,0.0157975561444407,0.9708724697172928
TCEB3B,-0.0130596540746505,0.9709311844339444
PHKG1,0.0102148330205498,0.970993311527483
MFSD7,0.0129249594920679,0.9712276127532526
ABCD3,0.0053067287982404,0.9712427472785148
GPR12,0.0063728990155009,0.9712687539503964
LHX1,0.0155758313136771,0.97147457611929
MRPL17,0.00516464067503,0.9716423542835392
SLC16A5,0.0149948235105767,0.9717125122068268
ABHD5,-0.0197446432026211,0.971993969291538
GALNS,-0.0061759162577903,0.9720202677152656
GBF1,-0.0042075663456309,0.972058228111111
LUZP4,-0.0189872340526457,0.9720719737639504
SLC39A8,0.0159675655541127,0.9721170324914904
VIP,-0.0216830722671126,0.9721575107794996
BPESC1,0.0130008334614384,0.9723276771907226
GSK3A,-0.0097578581997064,0.9725693204442252
CXADR,-0.0215485619807553,0.972774137741717
SLC22A18AS,0.0059748741491825,0.972941339856208
ZNF250,0.005525443548886,0.9730821245811456
PTP4A2,0.0069363809609086,0.9730861133037916
BSDC1,-0.0057237393164779,0.9733514849362996
CTSB,-0.00936683506918,0.9735157706344924
RP4-581F12.1,0.0080891447931152,0.973529715118302
DIRAS2,0.0206333450608617,0.9736725150128842
EDC4,0.0051735561327017,0.973871008024916
NGFR,-0.014466561955202,0.97394465682047
SLC17A4,-0.0126491144030032,0.9739678658541324
KIF1A,0.0198345937614048,0.9741991496678152
SCN10A,-0.0063522180031609,0.9742919143155424
MMS19,0.0034334663802297,0.9744343369058158
PTCD2,0.0105739833205271,0.9747159716677588
FOXN2,-0.008123609949088,0.9747402249238916
RAB40B,0.0134349383817342,0.974848835454092
DDO,-0.0152084147824176,0.9750594010181962
CSDE1,0.0026608644886785,0.9751932345904084
CHI3L1,0.0150909382195045,0.975584744370734
SLC38A6,0.0053853634319782,0.975588479288178
KCNMB2,0.0072794291927626,0.9759934404106808
TMEM262,-0.0061813510852233,0.9760394781543024
HIST1H2BH,-0.0128404390654157,0.976225030571314
TAPT1,-0.0175031396356057,0.9762298784909786
CORIN,0.0173315692499174,0.976664122823149
ITPR3,-0.0078582001896059,0.976719744692816
TRMT2B,0.002522395757829,0.9768104710124385
CIR1,-0.0035485541131334,0.9770435106464248
PTEN,0.0089600370851421,0.9771010838088522
RP3-452M16.1,0.0087397293515407,0.9771303477155192
HOOK2,0.0107163862309551,0.9772345295699612
AP1G1,-0.0050245597769364,0.9773018723189986
ZFHX4,0.0051537963025829,0.9773334287643684
CTPS1,-0.0104044123373228,0.97735257537668
PSG5,-0.0140365954206851,0.9773821073852224
FLG,-0.0120183612923105,0.977568373615011
MADD,0.0045512359421877,0.9778564630975196
MS4A4A,-0.006602364335432,0.9780279115020164
PRPF39,-0.0089537785345745,0.9780602159360552
RIOK2,-0.0022749935482568,0.9783167516018618
S1PR1,-0.0082142843384573,0.9784441590411456
NKX2-5,-0.0061000214068762,0.9784601197300646
PARM1,0.004121534061765,0.978472978313404
AP3M2,0.0035793650310438,0.9785077380829544
CALR,0.0089102659886624,0.9785187054205352
RC3H2,0.0054149212826235,0.9785326505350268
SNAI2,-0.0076383079042408,0.9785624629615308
KCNB1,-0.0039097079117631,0.9786958574609428
CRY1,-0.0116769635093518,0.9787655424544254
PCSK1N,0.0078861212004461,0.9788540265405126
TAS2R4,-0.0081002702885797,0.9790160893558036
NPFF,-0.0111714002506646,0.979115075129362
APOA1,0.0123153418907833,0.979149939553012
RXRG,-0.005071396574503,0.9796855751142046
SLC7A4,-0.0057929015812701,0.9797467470687226
NPPC,-0.0094340768091201,0.9797665754242432
BMX,0.015023470440556,0.979771182673514
PNMAL1,-0.0124670063230114,0.9798223420341498
MBD2,-0.020337599879741,0.9798385328019816
NPY,-0.0050400535889867,0.9800661953592996
TCP11L1,0.0062373804709725,0.9800757663305228
OSBPL1A,-0.0097267197677588,0.9802770923490518
ACVR1,0.0037874421048478,0.9803283318599832
FXYD3,-0.0078073004734209,0.9805355320628076
NR2F2,0.0084107088605431,0.9805989881532188
ZZEF1,0.0077700214603098,0.9806469958653392
USB1,0.0041205643409334,0.9807897473786076
SRSF8,0.003936742401434,0.9808937005960976
RPGR,-0.006779717138297,0.9809862359240288
CKM,-0.0061684921249098,0.9811160795824658
CYP26A1,-0.0080881174178939,0.981354975498199
CLIP4,0.0069216615118632,0.9813666598446426
SYT17,0.0097427637408262,0.9815503063383608
GRB14,0.0177332518729951,0.981618244764316
CACFD1,-0.0026243768230678,0.9818195246527198
GJC1,-0.0092873232364585,0.982274464790526
EFNA2,0.0078386326466892,0.9826803127466794
CCBL1,-0.0030265918897063,0.9827677214548686
FLJ42627,-0.011765720302864,0.982773005669406
ZNF395,0.006010983320932,0.9827843577708172
SLC1A6,0.0036529146442632,0.9828235631418268
METRN,0.0051959572518196,0.9828370970279454
CDKL2,-0.0064507060541831,0.9828447041758795
PLP1,0.0107370851155348,0.982867399309748
CYCS,-0.0057128248946511,0.9831624173613792
ZNF442,-0.0110764671047203,0.9831706430413796
NISCH,0.0044116529821529,0.9835039666777542
PMPCB,-0.0024336230278088,0.9835798137821464
BDKRB2,0.0053818925644097,0.9841114274818752
DPM2,-0.0021335581128045,0.9842569435875382
APOF,0.0122170759860233,0.9846069499705457
CTNNA3,0.0036969216306119,0.9847928404626936
LARP4,0.0063939777250707,0.9851475127594016
S100A7,-0.0040924011238452,0.985671916525122
MPPED1,-0.0067320944917721,0.9857336062767162
DPYSL2,0.0027195653532654,0.985785818176286
SH3GL3,-0.0080167731516249,0.9859120933100176
LOC441204,-0.0077325677957738,0.9859773241479916
ASB13,0.0030375047476365,0.9859891167702004
GABPA,-0.0073685976156241,0.9860828882616194
C12ORF43,0.0039268820861897,0.9861457833919856
CYP2C19,-0.0067021920036038,0.9861549977149816
TPM4,0.0052796667577297,0.9861702934209706
NETO2,0.0055872019044214,0.9864799277699764
IDI2-AS1,0.0038056702812339,0.9867370586963488
SOWAHC,0.0032795144927906,0.986794076291294
SLC7A5,-0.0095683553170786,0.986837591065604
KLHDC8A,-0.0046698175362838,0.9868922947647522
MORC1,-0.008572586605219,0.9869058204453744
NFATC4,-0.0063755288177542,0.9869604954898648
DAG1,0.0029606224238101,0.987206397280508
SIDT2,0.0021464190725204,0.9873143149950324
USP32P2,-0.0055876175629911,0.9875820225841944
CACNG1,-0.0065665479288719,0.9876963264534592
SCCPDH,-0.0030095451400935,0.9878082877374872
ZNF639,-0.0077688846542338,0.9879150913988072
R3HCC1,0.0025530908910873,0.9879208759450504
OCA2,0.0054119877477578,0.9880165517719705
REL,0.0039853994844243,0.9880396455424612
CHST1,-0.0028202166372732,0.9881471581200388
IGSF3,0.0027653940920284,0.9882578391514804
AKAP3,0.0021858591518988,0.988271029753592
CACNA2D1,-0.005458828670946,0.9886725870124352
ZNF717,-0.0040010410953783,0.988846316769715
CYSLTR1,-0.0033046763008401,0.9888771771216858
TSEN2,-0.0033347631866078,0.9892365783795256
KRT4,-0.0044397091176531,0.9894949572519738
LSM6,0.0023250191451271,0.9898000879344508
CWH43,0.0076374486989241,0.9898477678571947
PSMD5,0.0062148227084302,0.9898640211137244
DNAJC6,-0.0047432162038045,0.9901968319881376
SERPINB2,-0.0063231806253245,0.9904053887793391
ZNF507,0.002521859392135,0.9905103569553886
THUMPD2,0.0022339885274416,0.9905717626140504
EPB41,-0.0077573087539275,0.9906779191172324
BOLA1,0.002304781614832,0.990925770132106
AKR1C4,0.0053515680919629,0.99111241959212
AP2M1,-0.0017410318415986,0.9911440980515054
SDR39U1,0.0014446562987071,0.9912359981778744
MAGIX,-0.0064479201440641,0.9913287344324656
PPBPP2,-0.0040907525069444,0.9913678890867778
PLA2G2E,-0.0052406739684398,0.9913866559250208
RAB5C,0.0016363798534371,0.991484269038066
DDX50,0.0013837194582393,0.9915366125239844
TTC19,-0.000677513134411,0.99162722044719
WRAP73,0.0013506457527903,0.991876568310385
PCYT1A,0.005779905818688,0.9921082479274836
POMC,0.0023223781930541,0.992156284899646
MEP1B,-0.0036087337680124,0.9922189985114542
LAMTOR2,-0.0020358453455209,0.992342278741268
MKL1,-0.0038450378847914,0.992519079262504
LRRC59,-0.0019737699130786,0.9925852082030442
LTN1,0.001861154584283,0.9927802119729788
TIAL1,0.0032351211346011,0.9928509464102372
RP11-680C21.1,0.0017763914588853,0.9930758158531392
IDH1,-0.0023276347980676,0.9931754847195328
PKLR,0.0036703993720301,0.9932070925029978
MLST8,0.0018600007192937,0.9936272852525316
GREB1L,0.0027822939514985,0.9939368815457448
CPB2,-0.0034304486910992,0.994034841240961
TMX2,-0.0011627302084242,0.99416745781281
GFI1B,-0.0040458065689361,0.994577949719168
NFRKB,-0.0012472055471963,0.9945963960917192
TEX264,0.0017526471264766,0.9946696957247558
MDK,0.0033037778693332,0.9948360746085784
RNMTL1,-0.0007971518266316,0.9950274286159096
BTG3,0.0016263061180401,0.9951318323277768
RP1-192P9.1,-0.000705008540188,0.9957075846385928
TBX3,-0.0029931122989124,0.9957356721898448
PJA2,0.0006579853545929,0.9957772150215114
SEC14L2,-0.0016043273925046,0.9957872083838692
ZNF146,-0.0009292364139135,0.9960089811911548
YTHDC1,-0.0015561360083227,0.9962234974497408
SMAD1,-0.001118773695742,0.996395702503171
AFG3L2,0.0007289455535453,0.9967875016202618
FOXP3,-0.000957935618655,0.996994437192098
WARS2,0.0006076900500531,0.9971836562802746
CTRL,-0.0003455878436087,0.997279350298137
ETFB,-0.0010478741628148,0.9974543845884823
RDH16,-0.0007256643039958,0.9975034668887826
PTTG2,0.0018472471151569,0.997682831208208
SOCS7,-0.0010374716417471,0.9978402061620872
PPIA,0.0001968949497541,0.9978884750091864
PAF1,-0.000311080227803,0.9979993629770642
TIMM17B,0.0002782335264885,0.9982197309420544
NOL12,0.001339691055751,0.9982332532227892
BDH1,-0.0008519222650509,0.998252208267006
COMP,-0.0014358857111158,0.9984397416677254
AVL9,-0.0006258058685721,0.9985262849162244
MAPK3,-0.0006272239596292,0.9985452237107127
MMP7,-0.0004812764401975,0.9987568746007006
CBLL1,-0.0003723145661336,0.9987971906391614
CD83,0.0008230187641427,0.9989048915823644
CPS1,-0.0003007176523563,0.9989547986410138
CHIC2,0.0001516654400131,0.9989968692636688
AFF1,0.0004310401207101,0.9990706766275792
CASP10,-0.0003153264092041,0.9991641846346482
SEMA3D,-0.0004392598516136,0.9993519280729152
DGKG,-0.0002723092720184,0.9994012912404102
GSTP1,-3.834745466768652e-05,0.9996438383685924
KRT2,-5.2275678138258286e-05,0.999753949219222
COLEC10,5.678072109116528e-05,0.9998858577559752
RSPH6A,3.4385321264984725e-05,0.999907841260416
ACVR2B-AS1,-2.840380680790844e-05,0.9999576747316188
FSCN3,-1.0780253627551415e-05,0.9999622160486714
