gene,logFC,pvalue
PER2,-2.20769095792366,3.0051466719420054e-08
DENND1B,1.184238725274767,6.593297789595997e-08
GSN,-5.851221706410514,7.049115327285277e-08
SLC7A8,-3.984471088651464,1.1867681449786857e-07
RNF34,0.5185814528501513,2.784891362626839e-07
UNC45A,-1.915503754278001,3.1130918798578813e-07
IRF9,0.5005298265473268,4.3984779774492923e-07
KRTAP5-8,-1.4412420369208467,4.504844849489188e-07
HMGN4,0.5435820240666125,5.202329138327772e-07
NAB2,-1.9736648709553508,5.854409085019453e-07
TGFBR2,-3.8335020008994136,6.104026165907983e-07
FRYL,0.725209276504815,7.932317617309106e-07
NUMA1,-4.341325079313346,9.004547654321085e-07
SH2D1A,3.911751905912,9.3583996612202e-07
APP,-1.98155210506128,1.0747718453113364e-06
PI4K2A,-1.9378969183562849,1.3450072173769848e-06
ADAM15,-1.638415695279546,1.7087773587159231e-06
PSMB9,1.3535602762327326,2.404522984639476e-06
AIM1,0.9933729630619724,2.537294579018185e-06
HADHA,-1.6645865489268274,3.667534551281599e-06
HCP5,1.7148462034259495,4.038097428416905e-06
PGAM1,0.4287153828093597,4.74999726609622e-06
GABARAPL1,-1.7337978089955044,4.845755168649804e-06
CSNK2A1,-1.146203715815055,4.984967114347329e-06
PLCG2,1.0529654957655552,5.079655662239463e-06
CXCL9,3.368727362633656,5.824324890225475e-06
MRPL57,-0.8680396422780365,6.059004634744688e-06
TMEM259,-2.566854572558502,6.374311828066163e-06
ADAMDEC1,3.795316146951073,6.4706259718556056e-06
TOP1,-1.4902199696610827,6.638542156668153e-06
ID2,-0.8009005067776034,7.245710405741754e-06
CXCL10,2.910445216861307,7.564651097454716e-06
ENG,-2.878246428696147,8.677982101145944e-06
POLR2F,-0.4436892872775662,8.770058674921727e-06
KCNQ2,2.10657905247414,8.7834697943358e-06
CXCL13,5.670721988473327,9.17567867632234e-06
AGA,1.002137496237391,1.0366669783918856e-05
E2F3,-0.8894410908890089,1.0569723966513354e-05
SRPR,-3.4491958637492006,1.104720776288098e-05
FOXJ3,-0.7731193519413067,1.141942560250592e-05
ALG6,0.6210221285264925,1.1680013838902504e-05
MREG,1.4135908154619274,1.1755249378191422e-05
FERMT2,-1.3451031589806908,1.2142837058616148e-05
SPTBN1,-3.6722747539701768,1.2435498181877965e-05
XPO7,-1.0724606027894774,1.7493544183370085e-05
ANAPC5,-1.57233507479099,1.8974006030111565e-05
ARHGAP1,-1.3603907830308666,1.984523741768888e-05
FUT4,0.9156382903311188,2.0164838389967e-05
PRPF6,-2.045439539196738,2.0619079689945384e-05
RAB35,-2.766452797039016,2.118485541083917e-05
ZBTB7C,-2.851668745081512,2.1332216557774973e-05
ECT2,0.9545442594309614,2.2008601177841764e-05
PDK1,2.2884666988446165,2.2050411382280228e-05
OGFR,-2.627577995224051,2.360479100432551e-05
JUN,-3.4163281362531324,2.392926909997419e-05
FOSL2,-1.9314430772964224,2.415046004903204e-05
HNRNPUL2,-0.8128863846813621,2.55356789811816e-05
BRD7,0.4016152365666681,2.5711788864263675e-05
PCDHGA3,-3.715102112448288,2.591075700095308e-05
TAP1,1.7300756812039673,2.644173140700648e-05
PRODH2,-1.1588073312882656,2.790855065031732e-05
DUSP1,-4.415397491791031,2.836655265241628e-05
SNRNP70,-2.7419292043620174,3.003712609422104e-05
CSF1,-2.5523723977874937,3.203039417180156e-05
BIRC3,1.6132507895673225,3.428760856244753e-05
TMPO,0.9395358946443793,3.431737335199727e-05
IGLV1-44,3.9530573087274297,3.4537805158840226e-05
CYP1B1,-3.680865755825183,3.595574754823574e-05
ZNF24,-0.7636982436253952,3.866800935938549e-05
C16ORF58,-1.0238352025520312,3.899282932394968e-05
RFC1,0.499970247581512,3.919202981972249e-05
EZR,-2.5181247791413943,4.25290677452141e-05
IGKC,3.656329333910049,4.4195952632708414e-05
CSPP1,-1.2035750460859562,4.636464093644212e-05
AP5M1,0.5233520421649267,4.664537945896909e-05
PNRC1,-0.9687377532395748,4.720400852233447e-05
PTPRA,-2.520088685672873,4.9714738491036944e-05
RPL18,-0.6324405390125092,5.047913274239455e-05
THOC2,-0.6786261383931205,5.091951128087183e-05
ADPGK,0.5195533777570702,5.0999343081062526e-05
VOPP1,1.091771783250948,5.110785026157851e-05
IDH3B,-0.6720277267932406,5.237527988501305e-05
HES1,-1.7166259189605029,5.317859085893409e-05
PTMA,-0.4781425716620742,5.444620548013731e-05
MCL1,-3.3666339278790343,5.61673055065825e-05
GRK1,-1.2901166754607507,5.669921287381961e-05
IL21R,3.2894468489149435,5.714715666326307e-05
EIF4G2,-2.0391305003405606,5.780786022748685e-05
TNKS2,-1.7266757944173785,5.821167374740665e-05
TTF1,-0.5504268417740104,5.914754648582358e-05
MFN2,-1.2385606182028148,5.940819323508967e-05
MEG3,-1.740327821597199,5.944477120146459e-05
SEL1L3,1.8414154126101376,5.978601491923966e-05
RANBP9,0.5472917041838787,6.107382583659979e-05
FBXW4P1,-2.179732301020847,6.267557218571352e-05
CAMTA1,1.757716347753984,6.295269384765392e-05
PRKACB,1.025651826687204,6.429224538856406e-05
NPHP4,-1.0306286600556716,6.499500762806227e-05
P2RX6,-1.7389164992565944,6.79394262200056e-05
HTATSF1,-2.6867672621423933,6.895280698848454e-05
PANK2,0.5917233329944089,7.015341646843963e-05
WISP3,1.828617813132074,7.082179952647346e-05
GVINP1,1.1470360979998215,7.119613507096468e-05
C6ORF106,-1.279357340442039,7.173748948299054e-05
CCDC88C,2.379602083615485,7.274166114412899e-05
SLC4A1AP,0.4112726629898127,7.324776947044156e-05
POLR2E,-0.8075270028615034,7.47418311631424e-05
GTF2F1,-1.6123096988293837,7.517323575364388e-05
SYT11,0.8210165360106298,7.648504277890792e-05
EIF4G1,-1.2923072291760525,7.703933783623885e-05
SFSWAP,-2.446639887855535,7.869743402273473e-05
TGFBRAP1,-2.110134265692813,8.09480650478436e-05
COL6A1,-3.1576097389756974,8.20318626578928e-05
B4GALT2,-0.518723031882697,8.499527046903714e-05
TRIM22,0.8011324374083042,8.574433317946894e-05
CXCL11,3.372923855796611,8.65675666270319e-05
IGF1R,-1.3219949400169098,9.003004771845196e-05
GIMAP4,1.3610491256678454,9.01925088597466e-05
GHSR,-1.027581690116286,9.11945947052276e-05
ADD1,-1.1660991158506082,9.275053048417887e-05
ADAM28,3.9623618315003855,9.277205795945436e-05
GLYR1,-2.2635410392917903,9.29841072990608e-05
UBC,-0.3541639884937204,9.725448004617696e-05
APBA2,2.055043845027508,9.728042248153718e-05
FAS,1.3288201214822708,9.861103919082927e-05
CNTRL,0.5604225987507947,0.0001027996616335
JTB,0.4491496348021151,0.0001061814555929
SLAMF8,2.6008211550148017,0.0001122006784523
EPN1,-1.2374100738439475,0.0001145179483349
PRKX,1.0443474428816302,0.0001147079554174
DDR2,-1.0460434279635678,0.0001153199607558
TNFRSF14,0.7638490054630553,0.0001180902423484
TCHH,-1.4125878627167283,0.000118560786452
CD27,2.1878938129817,0.0001186989622877
BMP6,-0.8185005246329111,0.0001195143897139
PIK3CB,0.9060040250987722,0.0001200495328285
MALT1,1.0227357943462607,0.0001210231417961
CDH1,2.655631121082371,0.0001211080537183
AKT2,-2.0251319763097486,0.0001219893145357
EEF1D,-0.6526255285744966,0.0001261833263521
ELOVL2,2.149588667056469,0.0001277459274691
SRRT,-2.19573534128068,0.0001283328621468
TXNIP,-2.015840625331382,0.0001290289105663
NFE2L3,1.114511091136282,0.0001294131059948
POLB,0.6811523831213808,0.0001305061881834
LRP1,-0.7974041417942797,0.0001360133307876
GLOD4,0.4412014496901992,0.0001362223384695
ACAP1,2.989656607363428,0.0001386996086331
SF3B1,-1.0360469988487413,0.0001405922695179
EPRS,-2.4478757060406577,0.0001439260362432
LRCH1,-1.806307046565884,0.0001440533253246
SLC12A8,1.3757469260881503,0.0001455069291814
THAP3,-1.543535008253822,0.000146822955241
TUBGCP2,-1.2167083852777774,0.0001507648750612
ZDHHC6,0.5564792579598183,0.0001543986353476
TBC1D9,1.081369843091032,0.0001549344911456
PDK3,2.394804238810112,0.0001619949247203
LSM14A,-0.6161464506077312,0.0001659714734602
FBXW11,-0.8198612019211202,0.0001712702812013
UBE2L6,0.8168876002988412,0.0001718332042707
BTN2A2,1.4788054297321611,0.0001735348352128
CAMKK2,-2.135901012684512,0.0001737013956422
RTN1,0.9825394713750556,0.0001772507324952
DNAJB6,0.4709380091882771,0.0001784470171022
CYTH1,-1.4015509772056118,0.0001803861207409
PTTG1,0.9254154718656072,0.0001843741781162
ICAM2,0.7172536380298205,0.0001856132861098
SRRM2,-1.4554291197770084,0.0001865321436847
TRIM21,0.6575429053056894,0.0001866955889692
CYFIP2,1.5204646870819207,0.0001877797038652
RAB3GAP1,-0.6645615136000584,0.0001920623478914
RPL38,-0.719631811376404,0.0001952123662967
OBFC1,0.7115060915350355,0.0001970115179615
STX16,-1.747424311672285,0.0002007153020935
LUC7L3,-1.0545587237630354,0.0002010790055116
RALBP1,0.7253744554988,0.000202621859733
IL1R1,-2.592576442316094,0.0002061658423238
GNPTAB,0.9670093445906698,0.0002076381396603
BTG2,-1.858534304867276,0.0002078024949795
KMO,1.2572377875033185,0.0002119935727545
IKBKB,-2.2098915587280388,0.0002166549274046
TRRAP,0.8142739827073111,0.0002180631324336
FKBP5,-3.911496988973688,0.0002181527784636
EPAS1,-1.941107332179043,0.0002184709563204
MAFK,-1.642948860862694,0.0002187948271776
KCNJ3,1.662832948745676,0.0002194366085833
ATP6V0E1,-1.1103152965508123,0.0002259462325681
ATXN7L3B,-1.614035961380024,0.0002297315318001
CADM3,1.8782532563228795,0.0002304766842925
RMI1,0.9550639599281024,0.0002355851129347
UBL3,0.7885339452497213,0.0002379955297512
GGH,1.040575315438354,0.0002402777445133
HSF1,-0.699809992493404,0.0002455409713548
EGFR,-1.3548258625682728,0.0002463083173091
IGLL3P,2.821029690563577,0.0002466681665617
FNDC4,-2.037483682914986,0.0002468832337124
PPAP2B,-1.6022559155102556,0.0002473987604518
CELF1,-1.6470035717624096,0.0002511897056404
ADRBK1,-1.337364678143154,0.0002528306138514
CACTIN,-0.6306036445826413,0.0002609448901194
FXR1,-0.6106085816182407,0.00026115045302
TRAT1,3.0170496428748885,0.0002628552101122
CD79B,1.366258482903384,0.000263374330321
LTBP4,-2.8837834856412403,0.0002653573625901
KITLG,-2.1807908545255588,0.0002660708615248
ILF3,-1.905808385895596,0.0002671267998843
IL2RG,1.839383307649692,0.0002688409023025
ZFP64,0.6889455674244305,0.0002755699860758
IGLL5,2.9094398600727303,0.0002774200505575
HLA-DOB,2.74072557921523,0.0002808207575929
CD79A,2.4625208337060105,0.0002819028537014
LRRC42,0.5000310265735095,0.0002846419440224
SAT1,-0.745604342587729,0.0002905590249594
ARNTL2,0.9419030955057296,0.0002923922023305
ZNF253,0.3076513424315834,0.0002926534504165
LY75,1.1681053583971632,0.0002995437924931
EDNRB,-1.4587391231105942,0.000300189058687
FUS,-1.0982540882737446,0.0003003456959632
BHLHE41,1.4169798546450334,0.0003012319914154
AFTPH,0.3775218446941455,0.0003013179083131
TXNDC15,0.6709966187241712,0.0003028873249218
ZFP36L2,-1.6750777035488025,0.0003037452339205
CES1P1,-1.807798592573672,0.0003056479136302
Y16709,-0.479563166886825,0.0003057954969921
SERINC2,1.4443806261916938,0.0003087771304139
MAPK14,-1.6550858528434738,0.0003125771418258
KLK2,-1.6137598347621047,0.00031283440765
CCNB1,0.9448153610638848,0.0003148183504113
DNAJC10,0.6576714153899639,0.0003149740986944
ITGA4,2.6230987083333828,0.0003170540351748
ITGB4,-1.1955825691583444,0.0003222734989932
CBFA2T3,0.7572661609075206,0.000323537908821
SLC9A5,-1.5146278656628942,0.0003269654715463
TNS3,0.7122975957272786,0.0003274573028498
RPL14,-1.9157435782655776,0.0003334104058108
IFI16,-1.205855654000521,0.0003340096921226
IL15RA,0.8122556443617448,0.0003364887842302
ADCY2,-2.436231597533948,0.0003385692125361
LRRC3,-1.7309592483606695,0.0003416237282832
SECISBP2L,-0.8355125930038216,0.000343848522457
WIZ,-1.5794954099373362,0.0003460171807916
OAS2,0.8952470719739392,0.0003519493314948
CCDC9,-0.3899818395507086,0.0003521384174222
IL1RL2,-1.969320171858344,0.000352996850373
RFTN1,0.8470543479177106,0.0003532707197752
ENTPD1,0.9623640972217,0.0003534745415148
TNFRSF17,4.511281827265044,0.0003547044988811
TNFAIP8,1.1644506309653693,0.000357425346423
FAH,-0.9841557903645696,0.0003599970756476
PTTG1IP,0.426221222194906,0.000363689430915
UPF1,-1.1228852906311513,0.000365042201356
EXOC2,0.7398035668185372,0.0003650434345127
TMEM156,2.142025224531803,0.0003652623221206
CSF2,-1.254916081614022,0.0003683100173548
TSR1,-0.8304819432902981,0.0003737732429523
BTN3A1,0.9121693343507716,0.0003748671735329
CTC-425F1.4,-0.8093032239313303,0.0003766875413993
TKT,-0.8781442508984139,0.0003803509797591
RBM25,-1.0064239315590369,0.000384020256123
PLEC,-1.978188218315656,0.000386041492418
PXN,-2.795063344237416,0.0003934010889551
MYO9B,-0.9973923929725564,0.000394112419739
MAST2,-2.323806918885877,0.0003973702043787
RGS12,-1.9430151776216265,0.0003987893611234
ASXL1,-0.4496888947936259,0.0003996578798903
HRH1,-1.0433157033743925,0.0004002658262317
JUNB,-1.7562288603842706,0.0004079139026994
SEPT9,-2.8319782531273066,0.0004131267257739
DRAM1,0.9513006491976714,0.0004166269692992
FAM69A,0.6876596626554026,0.0004175584636539
TEX261,-1.7011562693573357,0.0004179076744512
SYNGR2,0.7831366514860196,0.0004188392150767
PTPN7,1.7771158186036438,0.0004251536196388
MAU2,-1.8172469227939791,0.000427756483908
ADCY6,-0.6074354597975642,0.0004278467718866
LAMP1,-1.4029608920042556,0.0004296504298735
SLC24A3,1.31994045398089,0.0004314165611359
ZNRF4,-1.4341701619445066,0.0004329565381057
CLUH,-0.6075279663661277,0.0004334542777453
CMAS,0.6417804980306672,0.0004338382033693
SEMA4A,0.9918273520446412,0.0004350145488368
TNFRSF4,2.045784026649093,0.0004353088845648
EGR1,-2.272895385804292,0.0004356412272012
TRBC1,2.1970674779518937,0.0004395238569146
IGLC1,3.5047962550667524,0.0004435666422128
IL4,1.7780131432932365,0.0004449028622067
MRPL18,0.3217059343490209,0.0004481711014336
PHF11,0.4892256697260944,0.000452948964025
AAMP,-0.4682547305040447,0.0004551716220122
GCH1,1.2046123091267074,0.000455931681299
NLRP2,1.5351335090060312,0.0004563799028628
LGALS2,2.329739391576683,0.0004651964650541
IGLJ3,2.8953206578328103,0.0004690157300218
CASP1,0.7711155184282497,0.0004705475216834
GAS8,-0.9864545031744152,0.0004716813101148
ITGA7,-1.3226393432725487,0.0004720884457104
TCF7L2,-1.2978940758284123,0.0004744065838642
FBXW12,-1.4682223320461605,0.0004771956287465
TBL1X,-1.3125543140957472,0.0004815756931206
AIM2,2.468327892757735,0.0004826248081252
ANKRD11,-1.5445356832468295,0.0004898218276717
CARD10,0.9590849305153936,0.0004920522916473
NFKBIE,0.9056678905092514,0.0004946589760425
UBAC1,0.564399896827263,0.0004959951478926
IGK,2.994519228693388,0.0004966405544314
TRA2B,-1.5140546312533143,0.0004976182786332
PRDM2,-1.540795650377042,0.0004979873574392
SPA17,0.5958135208331887,0.0005018176154263
NADK,-1.488426377245215,0.000505478980005
HSPA4,-1.3172607328368908,0.0005056118419151
PAPSS2,0.6744323837180275,0.0005056616552014
CD72,2.2237626908380816,0.0005059821961297
NR3C1,0.677977788493509,0.0005080941507901
LRRC15,2.449407923753583,0.0005090402165475
KIF14,0.8586976834053983,0.000510399906227
LAX1,1.5895363481406086,0.0005137892821039
TMSB10,0.4144447569966605,0.0005179978626986
FAM63B,0.9925322940981828,0.0005266129405941
TOX,1.6062262834357537,0.0005286707565552
SH3BP5,-0.7305293877649728,0.0005324402140661
DNMT1,0.5546164057357181,0.0005343162740295
LOC102723479,1.7539471977142664,0.0005370516895706
GZMK,2.5381131531014463,0.0005447883784592
GZMH,2.254781208176447,0.0005473364579838
PRR13,0.4925566090244366,0.0005537625245147
DIP2C,-0.5334223996702168,0.0005545921918581
STAT6,-0.6603946218260566,0.0005548072030556
PRKACA,-1.619650410990146,0.000556325036354
MYBL1,1.674285915046422,0.0005596619331526
SMAD3,-1.0396910849789789,0.0005639089407673
MS4A1,2.665402740852599,0.0005639731388359
LARS,-0.6631430541113854,0.0005699087008605
STK11,-0.595600433285,0.0005748312326233
TPK1,0.6228339053242937,0.0005796103005056
RFX5,0.887199501452498,0.0005841286028443
IL23A,1.864752293416502,0.0005843953306253
GJB1,-1.2397640797632414,0.0005853582591601
DCP2,0.7157519047608609,0.0005875821723505
SMCO4,0.7944644475653906,0.0005882575433099
HPGDS,-1.183446845853933,0.0005886797488144
UBXN4,-1.1309332765440914,0.0005904333016584
UBE2G2,-0.9259546519113852,0.0006005746716123
EEF1A1,-0.2321484261619151,0.0006017435151168
MCFD2,-0.7333310931575294,0.0006096305680695
PSG2,1.2848764126700871,0.0006130313945847
PXDC1,-0.5726887149186748,0.0006147667835711
GATAD1,-0.9997958112167584,0.0006201589724146
GBP1,1.4330273880775852,0.0006227359757875
SEMA4G,-0.9802511704908734,0.0006325968677138
KCNF1,-1.6104733229498405,0.0006356936491928
PSMB10,1.0361002318332844,0.0006433067066128
MAT2B,0.3359386393838264,0.0006439593600588
GSS,0.4907858404210063,0.0006531008133911
CCNA2,2.089233565012072,0.0006535071115239
WNT5A,1.3985986206331074,0.0006730579506259
IGHG1,2.735869766980551,0.0006790964735115
GTF3C2,-0.8668258682306718,0.0006811739824096
CDCA4,-0.3840794708075155,0.0006814443841966
SFT2D2,0.6558832923466555,0.0006859098531181
GOT2,0.3818350972387314,0.0006887868856815
TPP1,-1.384967705982179,0.0006899840307048
GTF2IRD1,-0.8443984323047751,0.0006914053520371
NKG7,3.330868684711118,0.0006943410788953
SLAMF1,1.3879068916209034,0.0007068420203072
CALM1,0.9905032147954236,0.0007160500796819
CASP8AP2,0.5101192703318702,0.0007242517188066
RAB29,0.523052249257848,0.0007257616643494
AC068039.4,-0.6511735081927243,0.0007285328119058
RPS10,-0.5014055139053992,0.0007333627695571
COPA,-1.260129096155581,0.0007346695413784
MTIF2,0.5013352122011785,0.0007377375612341
SRRM1,-0.7537424234265826,0.0007628647541177
TOB2,-0.6080016457087041,0.0007659019422476
SRSF5,-2.1995487976716355,0.0007677582043663
SARM1,1.2364317454193952,0.0007702969986483
KRT33A,-0.3403828391043697,0.0007759377582193
CD19,1.8993849669706453,0.0007785148262201
PROS1,-0.4926981917605317,0.0007866491980108
SH3PXD2A,-0.8616292883940924,0.000787015753358
TNIP1,0.5053630390711064,0.0007878724499304
USP14,0.4509962648564549,0.0007915612153025
SLC1A4,-1.1601047229465653,0.0007931576231051
RAD51,1.4857315274682277,0.000798827568478
PAM16,-0.4314726286254533,0.0008011126142774
DLST,-0.4732942284221106,0.0008166893530538
ACBD3,-0.8110979612619209,0.0008203540632101
RUNDC3A,-1.586519878343858,0.00082155966546
RNF170,0.7316917784152501,0.0008286838747672
IRF2,0.4623464202137644,0.0008367320229304
AP3D1,-2.831751473394826,0.0008367669057838
STAMBP,0.3144443164179513,0.0008390382304017
SLC1A5,-0.7044380634287073,0.0008503977780892
RBFADN,-1.7419275008919994,0.0008522453785234
ABCC4,0.9799030715288222,0.0008573068468617
MAD2L1,1.0945740143709823,0.0008594176297139
GZMA,1.4999108505404593,0.0008666662870949
ABCG1,0.860873398876361,0.000872692199872
SHC1,-0.8518954694578778,0.0008741346696551
LAP3,1.0922281953220594,0.0008838944554453
RASGRP1,1.851545718810476,0.0008853847457511
HDHD1,0.5671355351386058,0.0008891235763596
SSTR3,-0.9328995443191914,0.0008901410916671
TIMP3,-1.3528058635222635,0.0009065638735133
LILRA2,-1.153999114671687,0.0009251095116603
CRLF3,0.488621660516328,0.0009387750608312
PDCD1LG2,2.0913140996187867,0.0009443175344239
CCR5,1.4347889448067708,0.0009469482743188
HDAC7,-1.046987140558188,0.0009499292755308
FCGR2B,1.0443765504209548,0.0009579390792415
STAU2,0.5551519828331015,0.000961909350604
LOC730101,0.9891223547003324,0.0009630224119919
LCK,2.5946480925204,0.0009677070069008
TOX4,-0.8374287486743102,0.0009704906544617
BPTF,-0.7559774720753936,0.0009726131809274
ANKRD10-IT1,-0.8831247956021482,0.0009802421870516
TOM1L2,-1.523719585269954,0.000985152839411
MSH2,0.6010108875425253,0.0009974529862533
FLVCR2,0.6651677323581424,0.001007373082145
FUT8,0.991984212462154,0.0010123927772488
H3F3A,0.622752385719294,0.0010250722174559
SKAP1,0.8471723678722141,0.0010339066069852
PSMB8,0.8730204519208531,0.0010355988419808
CCL18,1.9547178331060648,0.0010412966281438
NSD1,0.6253807446132624,0.0010433116933504
STAT5B,-0.7070144862456544,0.0010438880643394
PLEKHA1,-1.1713470679127198,0.0010467274322785
ASH1L,-0.467226276030634,0.0010516181585942
SIT1,1.9894026935574785,0.0010619007834533
RTN4,-0.3012645681142398,0.0010714869191887
IL32,2.717211133367248,0.001076194623464
IFI27,0.7325693893606768,0.0010776737936331
RAD50,-0.6710218176229148,0.0010844770268445
AR,-1.428441076920083,0.0010892175287927
SLC26A10,-0.8614748162406913,0.0010897092478706
NCR3,1.4779307398382704,0.0010959953268256
MOXD1,1.0670023923539338,0.0011001537461791
MTMR3,-1.588253909798337,0.0011018076309572
NOLC1,-0.7756318090632446,0.0011165964458627
SEPT6,1.389130336769032,0.0011196230110327
STK10,0.6459476615100357,0.0011291106262546
TXN2,-0.5427363180162956,0.0011302770109277
PSMD10,0.4422638530462297,0.0011360880943234
THAP1,0.7907035176761932,0.0011543055140163
TNFSF10,1.0238013463884066,0.0011665709293271
IGFBP5,-1.2092062689073408,0.0011739187007614
HAUS3,0.6715878716076267,0.0011751774775423
POT1,0.6771199122878269,0.0011786348070501
NUDT3,-1.2132265536529123,0.0011789237442528
CCNB2,0.8774025493575914,0.0011916539997569
EDC3,-0.5438542695184552,0.0011920494919956
CRTAM,1.9311781462231967,0.0011944993590972
ADM2,-1.5208144843616376,0.0012033331151202
RAD51AP1,1.2396861384840443,0.0012088475945791
MTCH1,0.1381362657610214,0.0012217938765019
SORBS3,-1.2340862617418713,0.0012349051802868
LLGL2,0.7074876052678851,0.001235262967506
HNRNPU,-2.4334753063840657,0.0012360832130536
PPP5C,-0.5962653649419085,0.0012385587926678
BCL2L1,-1.039755231347823,0.0012420618120309
KCNK3,-1.5573236504509491,0.0012459751007851
IFNA8,1.7127006679411851,0.0012502021956092
TRIM3,-1.855085993668613,0.0012513235755947
RAB8A,0.4909186073552227,0.0012581236973664
FOXC1,-0.8555236127520214,0.0012796618450786
ZBTB5,0.2877357521101817,0.001284816154482
PIM2,1.4214579663057618,0.0012882629165079
PLEKHO1,1.045778231166869,0.0013039508461681
TRDMT1,0.6867543344896747,0.001304073091161
NR4A1,-2.476393345737578,0.0013082385433103
ATP2A2,-1.3844046426342853,0.0013083316209546
CD2,1.7232385305759017,0.0013175831108827
CSNK1G2,-1.15145842154583,0.0013290136345475
EBAG9,0.4668879898440874,0.0013310924337647
ASH2L,0.4085712135278037,0.0013326761642794
NDUFB2-AS1,-1.1287091926794286,0.0013392581826236
TRIM46,-1.580369104098795,0.0013444791987705
BRINP1,-0.7453328099839247,0.0013477206514222
BLNK,1.2547160103075967,0.0013523497114377
UBE2J1,0.798714627556171,0.0013531769209298
PARP1,0.3031690123826998,0.0013553152468307
CEP170B,-0.6137809936944212,0.0013554173555441
VPS53,-1.8511147573130748,0.0013571444705023
CRELD2,0.8670077725771783,0.0013644630956998
DPP8,0.3468112819137019,0.0013846050997102
FKSG49,-0.6880990095286883,0.0013884358155289
FPGT,0.670004095770186,0.0014068710298871
RNF111,0.3598617314685572,0.0014102627765137
APEX1,-0.3648305495519555,0.0014175113424792
GBP2,0.528904410540731,0.0014254998691398
MZB1,3.5612876567969085,0.0014283064613424
CCDC47,-0.7252243273405394,0.0014298133961692
ATG4A,0.5135066048087698,0.0014322011396628
ZBTB17,-0.9343141220440964,0.0014384757933559
TREML2,1.6760249569177337,0.0014403018213243
RNF125,1.0614420452506774,0.0014426920879408
MYBL2,1.3215098073208278,0.0014499513983285
EXTL3,-0.7420662494658048,0.00145783851838
PARVB,-1.783494685931211,0.0014671610683911
TCTN2,-0.4504074922269003,0.0014711924306145
CTNNB1,-0.901438980112145,0.001484292989365
CRYM,-0.8683592578206261,0.0014959693308719
UBXN1,-1.129759774378548,0.0014971796128359
GNRH2,-0.9313133998058004,0.0014988387235292
DCK,0.7200587125500464,0.0014998569854247
C17ORF75,2.5283236736960464,0.0015053822554104
CYTIP,1.1165541532781678,0.0015067806879125
MAN2A1,0.7052981952433424,0.0015102607468072
RYR1,1.3719069079709092,0.0015188441666741
SIN3B,-0.4898046250529821,0.0015259398227799
SRSF4,-0.3397739367394052,0.0015328777763304
TAF15,-0.5913065925246865,0.0015433345051772
PLA2G2D,3.622572308721545,0.0015583970755379
RP1-6P5.2,-0.7062773409467971,0.0015589011165047
SMARCC1,-0.6974239436139946,0.0015591324361668
AKAP8,-0.4659008700423293,0.0015652369983173
OPTN,0.9458136483401364,0.0015652788186581
PARL,0.5303092335368174,0.0015686243594401
SEMA4D,1.7023115351972289,0.0015723087487665
BTN2A1,0.5250292598956925,0.001578926632
RPS21,-1.2341093005031665,0.0015803359900429
KCNAB2,-1.4408001388892373,0.0016001092159332
HSP90AA1,-0.5846331457587208,0.0016013371377392
BEGAIN,-1.016511569740694,0.0016220118957772
INSIG2,1.0179096500010534,0.0016225110110937
CEBPZ,-0.6951755579764267,0.0016229499865202
SPCS2,0.4448181863087761,0.0016255240534059
CHP1,-0.8775467799507988,0.0016273511488547
ZNF652,0.5513142516361658,0.0016370980193762
B4GALT1,-1.7598759704900973,0.0016530742151565
DCAF16,-0.5621876607343301,0.0016558661821951
ZFYVE9,-0.5062574637725632,0.0016724659018084
INSL6,-1.044858947806678,0.001679620698352
ALAS1,0.6282611984206738,0.0016831338901317
APOBEC3G,0.9733342465401932,0.0017034272167649
SPG11,0.4809467312241668,0.0017081530772069
SAMD9,1.119853601331684,0.0017122403348557
RABIF,0.7556665396102424,0.0017394989450517
DDX60,1.2371382834904008,0.0017447088879206
SPAST,0.5728872524216158,0.001749648087568
SMARCD3,-0.4887788842065612,0.0017727706539029
ZNF107,0.8624582385715405,0.0017731042116166
ARHGEF3,0.7377868241280794,0.0017738230717621
TRIM68,0.5316075540305878,0.0017788178858423
NDUFS3,0.2951410904967204,0.0017913352343823
TCF25,-0.7635336685120144,0.0018012201391024
DIO1,0.8212196435530679,0.0018026345687974
TRAC,2.0500640132130528,0.0018037008841261
CLASRP,-0.4704539393474327,0.0018095830062459
SLC26A1,-0.7116562987454538,0.0018164316522687
HRH3,-0.7821396078779408,0.0018409251157059
RABAC1,0.4884312936008577,0.0018504114779385
TPSAB1,-1.8286345851146475,0.001854685571841
SLC25A36,-0.8498745113094461,0.0018601465553017
NEFM,-1.5306012191042964,0.0018601538534052
RRP1B,-1.1843927985981937,0.0018698908370454
CCL5,2.7938606987692136,0.0018839427761111
IL13,-1.181311203713948,0.0018923862625639
TTC30A,1.0100461731290968,0.0018962865374761
BLVRA,0.7339436330808304,0.0019037676290846
ST8SIA1,1.8172887514260152,0.001917831034099
SNX10,1.071029100089559,0.0019212032279265
CD6,1.1482154908485231,0.001931242158697
TDRD7,0.4318397513481748,0.0019401032185149
THNSL2,-0.5350521878185486,0.0019619909708525
SPOP,0.4431333203682079,0.0019665405883516
EIF3B,-0.5880943550829478,0.0019697842266707
PCBP2,-1.2211903607042238,0.0019717520399087
DYNC1I2,0.3619986279414782,0.0019725740540078
IGJ,3.344153992339831,0.0019765720789739
SPG21,-1.0515382681690202,0.0019840236743956
PNOC,2.0579883025019443,0.0019893677853434
LGALSL,-1.6099910146093157,0.001990134942785
LYST,-1.5406178536924315,0.0020137080404108
ENO1,-1.2005630849294509,0.0020197957695697
GTF2IRD2B,-0.7031777319773012,0.0020208726991956
POLG,-1.4072175704690515,0.002037447554988
CTCF,0.3188446342979087,0.0020400986482373
HERC6,0.8225233321627456,0.0020414640133157
CTDSP2,-0.5355839329792325,0.002053603050576
PRKCB,1.3046937599409976,0.0020713927788126
SEMA4C,-1.1717959272984515,0.0020731382166289
UBXN7,0.4230180038380471,0.0020914219608767
MED20,-1.0188536073964043,0.0021048136344429
TNPO1,-0.7275424281413194,0.0021147304888419
ISG20,2.940060093772032,0.002117710798778
TTC13,0.4863477880664124,0.0021179950677084
CCDC93,-0.557663559163406,0.002126150452354
RACGAP1,0.6293469051061598,0.0021424713684344
SLC6A11,-1.2175631534876268,0.0021468443591566
IP6K1,-0.5005440103866228,0.002147257602693
ITK,1.7300852667586657,0.0021629193149548
PTPN12,-1.816324758017141,0.0021648293220429
CDK1,1.6347431682032791,0.0021857513668512
SLC25A31,1.3357282819271503,0.002191298123997
TMED10,0.3959544811520139,0.0021919262051554
CCR2,1.3381371543083374,0.0021919348543374
LY6G5C,0.2528673183134176,0.0021947139189276
NEK9,-1.6007706266158683,0.0021973975116015
MAPK8,-1.151024025954812,0.0022006746831256
HPCA,-0.7188518599683102,0.0022062903325033
HERC1,0.6420768961636565,0.0022072752518091
GALNT10,-1.049844944236514,0.0022132038167388
KNOP1,-0.9828764823334648,0.0022159780060884
SLC28A2,-1.4594387382354728,0.0022223053235652
MAP7D3,-0.6450180904132887,0.0022469656474569
MKS1,-0.4762153823333621,0.0022651356071009
PCDHB6,1.2379820556971604,0.0022782107832569
NAT1,0.4914994488722595,0.0022804926251785
VARS,-1.6858155498338503,0.0022830750334041
BRD2,-0.760722407900916,0.0023164649475582
HOXC4,-0.6435478729646338,0.0023245432044469
TRIM62,0.5135355858281496,0.002340838945054
CLIC2,0.866983936743674,0.0023515738215556
KIF25,-1.488721625350808,0.0023725893904893
TFEC,0.8982887120211949,0.0023870097160512
KCNMB1,0.7538203149134564,0.0023918807095108
PMS2P3,-0.4144762508352819,0.0024129843537942
APEH,0.5643701687646505,0.0024153147060811
ARMCX5,0.5468735033292997,0.0024248985702104
MAFG,-0.6440141264875905,0.0024259384582087
MRPS12,-1.6826603949531616,0.0024498290238752
PRRC2A,-0.7249898130479551,0.0024504417871633
HAUS2,-0.9955498714720488,0.0024526929419788
SCYL3,0.4413411112186134,0.0024650501571742
RPL27A,-0.7692842845468659,0.0024668265757152
BIN1,-0.8180577480501618,0.0024677092561759
PNPO,-0.4177166082042589,0.0024769417026245
RTCA,0.4448562051602671,0.0024781591858838
CYR61,-1.674086663583756,0.0024793873828312
SLC4A7,1.701090553792816,0.0024811821787816
HARS2,0.4384033060827157,0.0024922224650009
CLIC3,1.6244867508366374,0.0024982871174576
H2AFV,0.4210545652669673,0.0024998224283645
FLOT2,-1.2327939755165316,0.0025088608786897
SCRT1,1.2603139131137353,0.0025395021274897
IL7,1.0538478427768778,0.002540900748104
FSTL3,-0.545929370659402,0.0025415559697551
HMGCS1,-0.4099114102611407,0.00254386781748
CNDP2,0.5417979943774665,0.0025494045209354
RANBP2,-0.6110441837575085,0.0025611309553007
FASLG,0.987076575530078,0.0025862843480669
ZNF93,0.7066130228421326,0.0025864086510889
TRAF3IP3,2.2228409533875446,0.0025916251824762
FADS3,-0.8338896909168305,0.0026043767502825
FURIN,-0.5618535150898918,0.0026210864364874
ADAM10,0.7452892817006873,0.0026300533979416
PRKAB2,-0.4944869221726833,0.0026328477182426
DDX23,0.5531042796627812,0.0026393615281986
RASGRP2,-1.169983444502071,0.0026417222977192
KDM8,0.5898127118112653,0.0026462655230489
MTUS1,-1.0256965786685983,0.0026503483898484
C14ORF105,2.021019036422504,0.0026575625923554
MICU2,0.5475700545330966,0.0026661442237551
BIRC5,1.7543812558354892,0.0026713669136583
BIN3,-0.4625896465784667,0.0026778261297873
NCAPH,1.605574301315518,0.0026832598998824
HMGXB3,-0.5355437942547336,0.0026838755352182
PRPF4,-0.5685714907821868,0.0026847054602811
TOMM20,-0.3908878387591894,0.0026890584417685
RFC4,0.5203172126209772,0.0026986066525453
AURKB,1.2106803995067557,0.0027095698415764
HDDC2,-0.3594140588706089,0.0027200015562185
NFIL3,-1.52588886315859,0.0027274641584017
GUSBP11,1.8232642490423263,0.0027477518506075
LOC100506282,-1.14324468017145,0.0027502183943935
ALCAM,0.9172822576737208,0.0027518125574016
ANKRD12,0.861344608537296,0.0027550142233801
TRIM36,0.9507512275442388,0.002758858986113
CTBP1,-0.3753118128514838,0.0027712122831437
TRIB2,1.0109123250572534,0.0027900581584951
RHOH,1.8513747133004337,0.0027938574737561
CD247,1.6911461517574953,0.0028097332692189
DCAF10,0.5409753708676934,0.002840278537641
EIF5A2,1.0328594325880536,0.0028434882188378
STAG3L3,-0.9609314157770816,0.0028548382819635
SMARCA5,0.4149201359041576,0.0028560634727685
PDE3A,-1.7340315542531002,0.0028607738771519
PURA,-0.7068778452718831,0.0028664885598397
TMOD2,1.8033906918669145,0.0028793908947178
BCOR,0.843807907341735,0.0029062903475687
CXXC4,-0.9350537289568236,0.0029139970501822
NMUR1,-0.7471520453468998,0.0029195144438837
AMPD1,1.014200030972637,0.0029204750743261
ENO3,-1.6016378742322308,0.0029498495505141
ANO1,1.0590489581434,0.0029541830618373
MRPL49,0.3737137333283531,0.0029542092029265
SLC29A3,1.090540680588532,0.0029705009662787
TNS1,-1.7885762257562905,0.0029729348479108
MANEA,1.4037299072140366,0.0029753337813263
LCP1,0.9568712258436508,0.0029825153812417
LINC00837,1.709767352083576,0.0029894112557344
RP11-403P17.4,-1.0275743760775846,0.0029896275493847
NPEPPS,-0.5445586973333221,0.0030141070934628
CUZD1,0.3830959461045671,0.0030177307295311
DENND1A,0.5449713937862901,0.0030213059051201
HIPK1,-1.659630268870642,0.0030225180513179
GIT2,2.057067429352662,0.00302944560887
RAPGEF1,-1.518050596065363,0.0030359519511546
LRMP,1.6749412852557324,0.0030453936317903
RTP4,1.5869027552639103,0.0030454794094153
TOMM40,-0.6498827259109063,0.003052888274019
ZNF562,-0.737023116343063,0.0030578477096592
OLFM1,-0.8851072199991901,0.0030627847096075
CLN5,0.7229878702444292,0.0030640818876813
COL14A1,-1.5338160816988742,0.0030652237374974
TSR2,-0.3992078735977244,0.0030695637943441
SPSB1,-0.703151454588248,0.0030758040237262
DLGAP5,1.6946559644983958,0.0030811688999251
KMT2D,1.2268149229983027,0.0030824203054005
RNF122,-0.5348766532120521,0.0030903323431418
RPS5,-0.4840887720914804,0.0031061728017717
SMC6,0.6495119673644663,0.0031141187025604
SEC63,-0.6700630010827222,0.0031149344624501
INPPL1,-0.519576652239607,0.0031304198971659
TBX21,0.5278016524096447,0.0031316622346292
SMPDL3A,0.9864605396378856,0.0031349137979517
TMEM70,-0.5663499112515726,0.0031414675367177
CTSC,0.931201473836028,0.0031418030455402
TOPBP1,0.4852622164770288,0.0031537966797384
TUBBP5,0.9111728829623988,0.0031786674664656
FLII,-0.531455596391444,0.0031815348466773
CDC20,2.0940552414135043,0.0031906036738098
PAX9,-0.5580682089585389,0.0031994370571565
C10ORF95,0.9578741689209864,0.0032220247301968
ZFP36,-1.2439644912621244,0.0032445465199348
HIPK2,-1.6606546692747388,0.0032795745493832
TMCO3,0.5610307091506002,0.0032825102503882
NAV2,-0.8417802923075577,0.0032902388652108
SSR1,0.5424246182320527,0.0033053952001974
CAB39,0.2709996447305052,0.0033060089810431
RS1,1.2959406089404686,0.0033061133510471
GSDMD,0.717045781308526,0.0033093669181653
RBX1,0.4720587287570659,0.0033142913907272
GPS1,-0.5677232300876778,0.0033232733987399
ZMPSTE24,0.2897770729774596,0.003327480729964
SFRP1,-1.2304261559053007,0.0033277871195391
IRF2BP1,-1.3641078249870209,0.0033336785314938
ALAD,-1.5869796975243782,0.0033470113083336
CD3D,1.965282889091892,0.0033502377392726
GZMM,1.9803239140396,0.0033503857976615
KIF11,1.7775672228956785,0.0033531496537707
CSF2RB,1.0004630538667063,0.0033695357470269
CHD4,-0.6156407172515816,0.0033697150713713
CFB,1.3595054433197706,0.0033904298149896
MED1,-1.901524273182475,0.0033947834091667
CEACAM21,1.418298971878413,0.0034010116681226
RAD23A,-0.5236431571830327,0.0034026645520952
EHBP1,-1.355664426327829,0.0034241579984176
GAP43,2.207733247705248,0.0034259994123383
URGCP,-0.4156798683920417,0.0034340075856709
SLC3A2,-0.4993917365683558,0.003451878533026
GADD45B,-1.2928367005567978,0.0034600620094455
CD8A,1.729633174238443,0.003462548129492
CTRC,-1.0297197278988568,0.0034672145290895
PTRF,-1.09223259391519,0.0034739515100814
G3BP1,-0.7032400461039678,0.0034762887366617
SDCCAG3,-0.455297856034746,0.0034916719389436
DRG2,-0.523103132508008,0.0035053600897771
BUB1B,0.9369853022412862,0.0035124147725472
AP1G2,0.8354871106763682,0.0035183960558636
CLCN7,1.220845734015799,0.0035232796682706
SPAG9,-0.893537337321451,0.003538952101184
C10ORF76,1.0001963140580423,0.0035474738699937
FUT2,-1.3044881758022937,0.0035483672834879
PKP1,-0.9313411705797928,0.0035827077033413
ITGB2,0.934816726297928,0.0035908040023216
PGLYRP1,-1.2381741184580797,0.0035971490549465
FAIM3,2.4002819572264604,0.0036062485848869
CYP2D6,-1.1901002967587448,0.0036169869152396
DDX31,-1.5496617326365856,0.0036249476175492
STK16,0.4383641060116545,0.0036437731060324
UGT2B17,1.7049165102453765,0.00365479381166
UCN,-1.2203915182879288,0.0036631406215712
EVI2B,0.8209238903042237,0.0036757934360376
SLC16A7,-1.2724203864131542,0.0036801906115471
SMC4,0.7109420847385337,0.0036818239223358
TNIP3,1.773686340202015,0.0036866908932393
PLXDC2,-0.894870165792355,0.0036984491518922
KDM3A,0.367702458159739,0.0037204129254097
SULT1A2,-0.3618865960214794,0.0037282220362165
CA12,1.0978704199284692,0.003737488852867
MCM2,0.9202708182914812,0.0037688702044788
NCK1,0.4848790851846587,0.0037703350412696
BTN3A2,1.2791808107107876,0.0037974766763071
ZSCAN9,0.4394417659544709,0.0038073398571774
HIP1,-0.8201615109446152,0.0038113695321197
LAMP3,2.4987583084583864,0.0038118644312104
SDHD,-1.829342792311933,0.0038226645802122
SNX4,0.4054651317239752,0.0038273436641257
BORA,0.638504551053483,0.0038290371346517
ORMDL2,0.3961356146139092,0.0038352678773874
SPINT2,0.7702394074759251,0.0038495452147286
PTPRU,-0.5131592931035263,0.0038622748959059
KCNK7,-0.7269352372577047,0.0038630846294036
CERK,0.3500024368605885,0.0038780222571604
NDEL1,-0.4688216988180755,0.0038816483940592
ASF1A,0.6171911990163714,0.0038824413760387
PARVA,-0.963087644796361,0.0038969731204567
AKAP7,0.7807924164271096,0.0039030092088407
INCENP,1.6899550461300064,0.0039084193988935
PRKD2,0.5213132788264456,0.003918525859674
TAF1B,0.4697015707329495,0.0039267081290693
DCUN1D1,0.3561955862476953,0.0039327150375184
P4HB,0.5497227641614408,0.0039656204534061
MAPKBP1,-0.9159559624712434,0.0039706117113928
IPO9,-0.3856492395222872,0.0039798155828538
ETV5,-0.7174959603467519,0.0039838086177774
PSMD3,-0.4690814290596368,0.0039846257567587
U2AF1,-0.3970848539726752,0.00398800535644
CELF3,-1.3165753903254274,0.0039928750400179
PIEZO1,-0.4106086743814128,0.0040048053527033
PBK,0.9149883761501174,0.0040057516889361
DAP,0.4260503467258516,0.004013005462074
DKK2,1.780770781125336,0.0040177240085673
PGGT1B,1.147285274139202,0.0040295024187116
LOC729164,-1.0742015897478074,0.0040463354891171
NXPE3,0.7498578515005558,0.0040479863546009
MEOX1,0.9119260031103736,0.0040513566582704
RNF40,-1.0491867329561746,0.0040516971913246
GGA3,-0.3490431895875137,0.0040577629971523
FKBP6,-0.8358237099703896,0.0040652212751048
CIDEB,0.3944859898270838,0.0040889048311127
MGC12488,-1.6743977715397005,0.004116194402077
FEZF2,1.7496629969201791,0.0041277404031231
CASP5,1.0818165273717115,0.0041326861456085
ADNP2,-0.3657635499004854,0.0041376088939465
TUBB2A,-0.9184839482847788,0.0041664701693443
STIP1,-1.554026621718144,0.0041706792724932
KCNE1L,1.2277441341109083,0.0041906560338727
FIG4,0.4834202306614958,0.0041975513363018
BCL11B,1.3091591387888712,0.0042069917464459
CDC42EP4,-0.7648379184749037,0.004220895763936
PPARD,1.2111064190456378,0.0042223653208271
POLD1,0.6571888709750056,0.0042404652036883
SMAD2,0.3747683290795134,0.0042537966604959
ASGR1,1.3194367286940931,0.0042636339763567
AREL1,0.4788890390311628,0.0042659242780391
SERPINB3,1.2991703880289427,0.0042667411493407
SDC1,2.501661919838884,0.0042807389027443
INTS8,0.5869312697296145,0.0042876964751035
HSPB6,-1.08193649839259,0.0043027027426399
DUS1L,-0.447318097338961,0.0043069091475525
POLR1B,-0.823192273489262,0.0043302325389685
CACNB1,-0.8405799687070008,0.0043348071350148
CD38,1.988104218785576,0.0043726583367107
MYOG,-0.958033888850018,0.0043918893549204
MRPL48,0.3545773281011222,0.004401074699071
IGHM,3.4265366455014608,0.0044225496301329
CRLF2,0.7124415087855569,0.0044339541374213
DCAF7,-0.8136115332534102,0.0044374135007744
CABP1,-1.4485582527224898,0.0044391803856493
GSTTP1,-0.7132749056591323,0.0044429637435516
TLR7,1.3611594967728218,0.0044504844985351
CCNT1,-1.3321802846269586,0.0044536656405276
JAK1,0.2547402524819127,0.0044560626818572
RPLP1,-0.1222052592733398,0.0044577488567822
PEMT,-0.5153383375701912,0.0044579133186546
ERF,-0.562389430436931,0.0044796283413034
ZNF471,-1.67355632176541,0.0044893454767663
KCTD20,-0.85194818827663,0.0045218353439891
GPR18,2.1426651903593656,0.0045379474037235
EFNA5,-1.3788956802494123,0.0045697357551894
ROBO4,-0.4919336773603122,0.0045723750392235
PKD2L2,-1.417198709933159,0.0045753290308561
DDA1,0.561922184056324,0.0045848379250096
TMEM258,0.2598289143727879,0.0045880500401157
SYNCRIP,-0.7423528043652698,0.004596505319693
PPIE,0.353050596621892,0.0045997421796222
BRD4,-0.9714135451081508,0.0046097744304579
PDE6A,-1.611830709319769,0.0046230025558067
ASTE1,0.6330685033163777,0.0046282786406632
UCP2,0.8372640348885323,0.0046325833293285
SORT1,-1.9193144479517508,0.0046353510678051
FAM204A,1.40502218624124,0.004645013794993
PTPRCAP,2.100596880463625,0.0046450976810567
COMMD8,0.7063656886860912,0.0046551193724487
CPSF4,-0.6119503814760581,0.0046558220777246
MYCL,1.0535670144594933,0.0046613628831278
CPOX,0.702685184181707,0.0046810920991748
PRRG3,-0.7830852911855448,0.0047030729182129
GGTLC1,0.4651329884389872,0.0047206117134752
RIN3,-0.999984706915222,0.0047233619510557
IDO1,1.187461522167796,0.0047361572618482
SETD8,-0.5555960549873742,0.0047367122295835
EBF2,-1.2221515788396928,0.0047424062108092
MIIP,-0.5031599831909697,0.0047726120175229
AGL,0.7501392384407168,0.0048009200989415
SNX6,0.5839463953739354,0.0048096301123443
USP10,-0.7816769070293219,0.0048100142387301
ASAP1-IT1,-1.19595510455666,0.0048336201673554
EFCAB14,0.3882294600681604,0.0048600703021498
LRRC8D,0.6427446366042613,0.0048695197131636
TENC1,-1.013428387934269,0.0048869709470668
CGGBP1,-0.4300714642377787,0.0049097856087804
PRKCQ,1.0014253641819444,0.0049117203205306
KAT7,0.3332730437389379,0.0049176900010941
PLEKHM2,-0.4555646287556136,0.0049242094427957
TRPC1,1.766737520577455,0.0049314817758244
NFKBIB,-1.6261031721571868,0.0049539883436742
NOP2,-0.5679534523054617,0.0049755512825415
AF090939,-1.5862215089824616,0.0049796043213691
WDR82,-0.2547432322545511,0.0050122576775167
APOBEC3C,0.7729476969294513,0.0050509674015654
GOLGA5,0.3455547699993087,0.0050612939852143
BHLHE40,-1.672431182073475,0.0050676366739304
PRKAR2A,-0.4405466562075446,0.0050986254664443
LMBRD1,0.4663981467887428,0.0050989891881196
RWDD1,-0.3675819843014327,0.0051137691293453
WIPF1,0.5941023309881874,0.0051140831112566
DDX24,-0.8969166471910537,0.005117289656181
PLK3,-1.1853077251545503,0.0051177356739343
ERAP1,1.1033078981924105,0.005148245933516
STX7,0.5504904598482536,0.0051494456069716
DIO3,-1.3438903058595937,0.00515296334566
RPL35A,-1.5264139870283993,0.0051610677585519
STEAP1,0.8223726341145277,0.0051770889015146
CCL13,1.6593390462129776,0.0051843041535288
MAP2K1,-0.4738246241204464,0.0051932704750226
PDGFC,0.5071625156312418,0.0051988729104852
CDS2,0.3680255400278156,0.0052012300137768
NFIC,-1.0362295461083475,0.0052182170133016
MTTP,-1.1950155307626478,0.0052371059160144
GHITM,0.5697972777783207,0.0052579949186539
NR4A3,-2.533750750348334,0.0052654923804683
MYO6,-2.0972921302280927,0.0052740318280608
DAZL,1.5239708202914075,0.0052829921718629
PIP5K1B,0.6469454755549204,0.0052968006280272
MX1,0.905841209434776,0.0052984990153958
KRT32,-1.197510384033026,0.0052988618849153
RAP1GAP,-0.8041469903437317,0.0053019912989631
TRAF1,0.7903921772983349,0.0053070276020819
PPP2R1A,-0.3736623338266192,0.0053106128301997
RECQL,0.7761034716974402,0.005334328211625
SNX11,0.6266780347094834,0.0053766767577469
STX3,-0.8289849471296682,0.0053864674668885
ALK,-1.329106150759932,0.0053944777105613
LOC155060,-0.8366608866578815,0.0054096080168068
CYP4F12,-1.253968326293914,0.0054270315526424
IGF2R,-0.5722764332885824,0.0054295835877855
DIAPH1,-0.8385609930919546,0.0054424091734537
CLEC10A,0.8812373606264003,0.0054442103845262
CEL,-0.881152356215142,0.0054674721312012
DNASE1,-0.2971366945066962,0.0054720473429398
ECE2,-0.8636320483087285,0.005473415970648
ARFRP1,-0.677596248258479,0.0054879865895922
ZDHHC4,0.5675655704204949,0.0055046918416546
B2M,-0.244821472310722,0.0055083390903504
ARHGDIA,-1.2328958625484043,0.0055227212665541
EXOC5,0.8677965592515964,0.0055335400164961
GPATCH2,0.3450038027180095,0.0055452151368027
INPP5K,-0.4057392474499774,0.0055477635612216
RPP30,0.2230751020803403,0.0055524556537964
NAGLU,-0.8426509891103326,0.005553025842444
NOSIP,0.4053730249752529,0.0055531918919595
MSRA,0.2624723293528284,0.005575198503319
GSN-AS1,-0.7646912984166803,0.0055790845287602
APBB1IP,-0.6283074947342611,0.0055870386840196
MTX2,0.2100551894074218,0.0056009221966427
MICB,0.7100235593509794,0.0056120855375753
C2ORF72,-0.8186336014569902,0.005615135590991
KTN1,-0.8261223887641531,0.0056225142623041
XPO1,0.407475831305609,0.0056449306407615
TMEM126B,0.264426805910583,0.0056514722917298
PARP12,0.6603356791664297,0.0056587379725825
GABBR2,1.844472152903324,0.0056648311306791
GJB4,-0.5776317574524468,0.0056711788351594
TMEM59L,-0.434611807677367,0.0056760510298854
KIF23,1.8051504971406729,0.0056862116167094
AHCY,-0.3057690849126153,0.0056889541910402
JAK2,0.989318432338079,0.0057101550240224
GFRA3,-0.531828288411865,0.0057214231691885
TBC1D31,0.5983779849711359,0.0057425261054906
DOCK6,-0.8242178497002506,0.0057690174161332
ST6GAL1,-1.4240490148879117,0.005783798322192
LEF1,1.4186744483144027,0.005783829798198
IRF5,-0.8041362057960222,0.0058010807762483
CCL25,-1.2792404500363128,0.0058026150498604
IL7R,1.594957875902379,0.0058132365893478
RHPN1-AS1,-1.1862864434916114,0.0058379065979187
AIDA,0.5470683929055635,0.0058557723313376
EMR1,0.7022397221310728,0.005861895256879
IER2,-1.160483858013469,0.0058835412620897
HLA-DMB,1.128694885857611,0.0058853773782848
GPATCH8,-0.7701632565053176,0.0058897703465352
RPL19,-0.1470889100730126,0.0058996392048547
ATM,0.69293740808798,0.0059032322666783
PHF7,-0.9378518009465404,0.0059097204514667
HLA-E,0.5535616447474805,0.0059109119937782
SLAMF7,1.848534235900228,0.0059143929612908
CDC16,0.379701179200552,0.0059150163590081
TBC1D4,0.5786365951258929,0.0059424441381599
C7,-2.2689860155322865,0.0059701625355112
CLEC2D,0.8494684392432177,0.0060024851525482
OPRM1,1.9948390807903549,0.0060048997981848
ARHGEF18,0.5205662873011399,0.006007079722264
RANGAP1,-0.4046656213208042,0.0060129462890426
PTPN11,-1.6499195534705478,0.0060415526198808
RETN,-1.0145955782748262,0.0060570871501436
KLF6,-1.0018360763333058,0.0060753352211773
LEPROTL1,0.4752772923332191,0.0060802238233956
ESF1,-0.6750323483448728,0.0061068073774581
ELOVL5,-1.3202601024264125,0.0061108849284266
HS6ST1,-1.03568619813467,0.0061180526505512
FAM155B,-0.7206777942914284,0.0061495249159916
SNAI1,-1.168623387838994,0.006169260603053
LOC101929272,2.303779388756574,0.0061758965855171
TBX10,1.1787674615445276,0.0061880484276525
PRKCZ,2.131394057176043,0.006199908747929
GTF2I,-0.8224191940600267,0.0062043999692074
ATP5H,0.3539755478584308,0.0062149204646097
ASCC2,-0.338540764061074,0.0062211525009434
TLL2,-0.9899161618718376,0.0062341991454455
CYTH3,-1.5600289720069989,0.0062480748592299
COIL,-0.6841919512057046,0.0062654673040585
CCZ1B,-1.3538189102663472,0.0062659153438313
MZT2B,-0.9439037035501592,0.0062875306430219
FANCF,1.536184846214634,0.0063288824917836
NTRK2,-1.7253106642675435,0.006354498661445
CD48,1.3093251817763356,0.0063556976888153
COPB2,0.3383817924528767,0.0063598644146687
ERAP2,1.6974262367796469,0.0063664337059832
SYNJ1,-0.724741071529353,0.0064184791327352
F12,-1.1955794889336628,0.0064238164575008
TBL1XR1,0.506376892728964,0.0064382155334989
SOCS3,-1.3897321209511908,0.0064500470510684
POP5,0.2655818568495842,0.0064618242603495
TLR8,2.3169992599885623,0.0064942866732117
ARNT,-1.2605198389433818,0.0065207400907666
TLE6,0.7720806237683897,0.006537716640696
MTX1,0.3225550360657241,0.0065500208366252
PLEKHH3,-0.7369022830765588,0.0065535225450315
VRK2,0.376585860669687,0.0065742649456591
WWC3,0.4865179694976511,0.0066062388569415
MPC1,-0.3917195064266856,0.0066264292780674
TNKS,-1.3853215854600442,0.0066283878620366
TMEM39B,0.4384819177276959,0.006661927601247
UBE2D2,0.4571268071280245,0.0066663874889715
TRH,0.7994788714840073,0.0066784373733483
TRHDE,-2.0208486683242226,0.0066812925633295
RBMS1,-0.9041278829504158,0.0066916771869938
MLF2,-0.3082734110255494,0.0066957274633841
CD52,1.7603432332426516,0.0066996722336257
EFNB2,-1.807008259289316,0.0067056644990317
CNOT3,-1.5188178390713158,0.006725951024079
PSMD8,-0.5347228299000069,0.0067301230701038
TRIM26,0.3126135729564119,0.0067502373477973
CSNK1G3,0.3172978203655052,0.0067653221797132
ZFYVE26,0.3844255919770738,0.0067922470249229
USP36,-0.6645752932056608,0.0067954845940947
SPAG5,0.5005214065615826,0.0068128083328121
ALPPL2,-1.0596810932875318,0.0068144440362271
PUM2,0.2770627557121763,0.0068145604840915
ASCC3,0.6905520609654783,0.0068161826307098
MLXIP,-2.216914783173937,0.0068633758841059
DND1,-0.4705568057922242,0.0068685203574681
SON,-1.002907517743358,0.006873812858744
MARCH1,0.8127483954763663,0.0068831212481145
TBCEL,0.6260357974352599,0.0069030988093712
ACSBG1,1.2752443790672268,0.0069152056335845
ARPC5,0.3363681564531724,0.0069389719697327
AK055981,0.5220781116816857,0.0069727336039594
AGRP,-1.189263036745321,0.0069997449079388
PCDH9,-1.4076555577732224,0.007062340563426
TFAP2A,1.2595060120580035,0.0070670311118265
KLK14,-0.4362862723711638,0.0070795184940526
RP3-522P13.2,-0.6423747199423735,0.0070799164499535
DLG5,-1.1544360488540155,0.0070850875029175
AGO4,0.4947067781513858,0.0070891502880419
FOLH1B,1.5134087092296822,0.0071089199463028
IGFALS,-0.605481532667544,0.0071137653504681
C2ORF47,-0.3481623881047202,0.0071179604606017
OSBPL3,0.7273201902938613,0.0071305382670029
BET1L,-0.7877213744456322,0.0071477150110254
UXS1,0.3485266863221081,0.0071547321614642
ELP5,-0.6538720817234296,0.007174624699214
DOCK2,0.9458712087803268,0.0071895558819965
SLC2A6,1.7333096715983345,0.0072120898092868
BCL7A,-0.7727264359879866,0.0072436843853813
PIP4K2B,-0.6445479155908798,0.0072485461440071
GINS2,1.7614552267084287,0.007268527723573
NEK4,0.7399752836650553,0.0072738818980547
EHD3,0.8486626181954815,0.0072755610507212
PRR11,-0.9546584014120488,0.0072818125430056
SHBG,-0.4526535352526064,0.0072911909896488
TACC2,-0.5717595036702239,0.0072950712560408
HOXB13,-0.4575851496806131,0.0073010589607307
FAM13A,-0.592450552971588,0.0073262921836396
C20ORF27,-1.1258782979256052,0.0073560225036059
SIAH2,0.301220149643763,0.0073645244839134
CRKL,0.3103737272018367,0.0074053580263584
IRAK3,-1.1380649747796785,0.0074131973719088
MYL4,-0.4189159411315364,0.0074313750317543
PIAS4,-0.5937537696430626,0.0074364443014478
ACTR10,0.2560809083377453,0.0074452037782858
MGP,-0.6124981125632374,0.0074473246297685
COLEC12,-0.4952588740108847,0.0074618139040898
TDP1,0.509838455652547,0.0074703479355718
AKR1B10,-1.7539174075420076,0.0074750921514951
KIFAP3,0.4636310601207629,0.0075080547317796
YTHDF2,-0.3726492631851386,0.0075296471300155
TARS,-0.4376575218960674,0.0075323202438065
PARD3,-0.6747905744578953,0.0075390940160774
TPSB2,-1.3902084273643212,0.0075445832840471
SLC7A6,-0.85010439980252,0.0075542407470741
B3GALNT1,0.6910404047593701,0.0075555510281557
PTPRS,-1.220600169702296,0.007588826607168
TOPORS,0.3733576059765591,0.0076036443709999
ATP5G3,-0.2952982646609747,0.0076093024538049
UBE3B,-0.5250306776432039,0.0076244299952061
MTMR14,0.2376691292770196,0.0076318883249275
TARP,1.3908451579985308,0.0076610295114803
UGT2B4,1.824918832844032,0.0077144741590866
SHCBP1,0.9887020312588932,0.0077149097775734
RBFOX2,-0.8695074148238522,0.0077213653286499
NR5A1,-1.397487170941582,0.00773639563316
GCNT1,0.5290785443800914,0.0077591249341883
ELMO1,0.4123417832508824,0.0077597351569172
ADNP,0.3556070435380665,0.0077673803128028
KIF2C,0.4719395789590876,0.0077849457071028
TRIM10,0.967654962713942,0.0078018253501553
KIAA0101,1.2069358651119302,0.0078142632088194
SNED1,-0.90877334189258,0.0078578244318556
ETNK1,0.6122613141701923,0.0078603423870255
ELP4,0.3375374368772341,0.0078698754711274
GNL1,-0.4055747404257959,0.0078782321461594
CXCR6,1.4804120946751391,0.0078849301129016
NAGK,0.5807873932160508,0.0078897307541461
LAMP5,1.670510040197872,0.0079070344116674
EAF2,1.0374959911989468,0.0079090173447492
SENP7,0.8991422795655941,0.0079185736112078
FAM178A,0.4910281711214566,0.0079276199049128
GLTSCR1,-0.5701824173292618,0.0079381236270891
HBD,-1.3147525252031045,0.0079599484524334
FAM173A,0.3680540804942334,0.0079734887081762
RARRES3,1.1409855370405424,0.00797856863315
TRPC4AP,-0.3691721852950689,0.0079927376936496
S100A1,-0.7743555252197538,0.0079985449152606
LOC440434,-0.8312131475797475,0.0080069190827087
PRKCH,0.6869852956742228,0.0080183397753901
NPAS2,-1.3411071827592678,0.0080445223491544
HYI,-0.327572178367193,0.0080675839712478
SPAG4,2.1472210371212537,0.008069570989583
NOX1,0.952302398566354,0.0080766183095352
LEMD3,0.4340734409982651,0.0081084194557769
ZNF219,-0.4929445554240237,0.0081172435397061
MATN4,-0.7533643883302563,0.0081320195721161
FAM168B,-0.472569243053913,0.0081465377650076
RFX4,0.9845552132935232,0.0081547430021765
CDADC1,-0.6321761697323689,0.0081590853156285
DET1,0.4252303903338141,0.0081749390301708
KIR2DL4,1.2355477339100362,0.0081813046509173
GRIP2,0.48219541654435,0.0081866849561582
TXK,0.8188230855031655,0.0081976975346939
GFRA4,-0.4149286370717999,0.0082470899865762
STEAP4,-1.1038188649756,0.0082719513326909
WISP1,1.0758587682355136,0.0082767755375213
PSMB4,0.2426479271730617,0.0082787245521365
SEC22B,-0.6225355128922132,0.0082791382578022
FCGRT,-0.447026053406077,0.0082972682047313
FAM134A,0.3155875800808623,0.0083178663662628
NCF1,1.318031878767279,0.0083407212337179
CAAP1,0.4686903121638703,0.0083507837389957
GZMB,1.712569045847931,0.0083716319947985
PGF,-0.8157161963689461,0.0083838743014685
NLGN4X,1.975906307086098,0.0083953606870892
EMC3,-0.8888529857430472,0.0084235671873712
RRM2,1.895388353223126,0.0084568652032139
GRB10,-1.854168175058364,0.008458010927429
BCL6,-0.7103537444065395,0.0084669707206019
CREBL2,0.7328207835024863,0.0084811045921561
ZNF536,0.4960985764292598,0.0085010235081401
PODNL1,-1.4549801744384672,0.0085057588262574
VAMP8,0.7162988757279098,0.0085240947906166
CDH13,2.0272436420258924,0.008528604012304
BIRC2,0.2796073239857612,0.0085317643884837
RELA,-0.4951030458955658,0.0085362520298274
RP11-769O8.3,-1.354265654456534,0.0085455581411822
TGFB1,-1.2890299747185114,0.008566448924326
BICD1,-1.1254800778391472,0.0085747650965675
RPS19,0.3205143083518269,0.0085768946612257
RXRB,-1.3891125114570388,0.0086000001863042
PWP2,-0.6246003609439912,0.008615240225549
ARMC1,0.3685423968532308,0.0086281419414265
MTM1,0.5863681505909746,0.0086337173018338
MCM7,-0.4728699983353017,0.0086357673351797
RBM4B,0.4634623185942921,0.0086411869330201
SERPINE2,1.1682208413548525,0.0086444478760629
NPVF,1.360615552075577,0.008667111578084
MDM1,0.6540538759436556,0.0087167897611149
RPL39,-0.1742747943256741,0.0087265201769456
RPL9,-0.1737762571732783,0.0087344347029831
ECE1,-1.1119552559909351,0.0087611165171221
TRAK2,-0.5444229802760727,0.0087656030746373
CAMK4,0.853458567520172,0.008770538498696
WWC1,-0.6826314495240813,0.0088317538358751
MAT2A,-0.9946508852870348,0.0088333247993127
OPRD1,0.9001092190473994,0.0088495139814788
SPOCK2,1.0261351926294449,0.008900596023758
AMIGO2,0.6471303257628485,0.0089271631648217
PEX26,-0.3105453703722594,0.0089406614189805
AGT,-0.8873375666976377,0.0089779444319211
NCAPD2,0.5259331806083001,0.0089839801683779
CIRBP,-0.5513306220969465,0.0089985906968162
ZNF362,-0.5370702241134229,0.0089990532931954
C10ORF12,-0.8552888354708452,0.0090049605135305
PINLYP,0.8852253508267376,0.0090824916351787
SLC25A44,-0.4939762137967758,0.0090887120132237
KCNMB3,1.2714913741643112,0.0091591451022093
ITFG2,-1.2473703925608364,0.0091627322556983
SF1,-0.7598880064259257,0.00917028129856
KIAA0125,1.5103532764177965,0.0091837719905817
PROP1,-0.8240781638935841,0.0092195880948123
UEVLD,0.3892597686642656,0.0092234501877582
FARS2,1.1433192228068378,0.0092316637468339
FDXR,1.2331712380774569,0.0092639489677079
KHSRP,-0.5869383553778063,0.0092646127753443
APOL6,0.7330591310836834,0.0092694686851568
GNS,-1.015616620606126,0.0092886717967013
SPDL1,0.7461019280925836,0.0093197048622555
UCHL1,-0.5253333577536718,0.0093212704887393
BARD1,2.1066274249441674,0.0093304933425919
SEC23A,0.9872728695241576,0.0093353498882212
HAS1,-1.6078579585141597,0.0093618912255642
CD3E,0.9803854157044009,0.0093803368170068
IQGAP2,0.6782377555297288,0.0094193270511672
GPR171,2.086932113222881,0.0094685331800866
SUPT6H,-0.4075231144599396,0.0094811604282047
FUT7,1.0945163939418563,0.0094883416596131
ANP32B,-0.3110990808281944,0.0095305680436195
RNF167,0.4772139604308858,0.0095681510475323
SYCP2,0.7247863959224805,0.0095975715818912
TIPARP,-1.029903803323526,0.0096132315312665
MED8,0.5690026627536593,0.0096171008146721
PACS2,0.2978756467647248,0.0096311799272782
BANK1,1.0195612841494492,0.0096399219438302
NRGN,1.5041563584097517,0.0096695799919192
UNKL,-0.5227258338219132,0.0096746347487527
ATF6,-0.6053111042087025,0.0096892033771908
TCOF1,-0.4689580054015687,0.0096908731942099
PAPSS1,0.5741273795079476,0.0097090302121298
DAB1,-0.980348379000532,0.0097097213241769
SLC25A1,-0.4952810725369776,0.0097112894218274
MFAP1,0.2198899995144057,0.0097242626501654
GSTM1,-0.7325156250186513,0.009725773107125
SEPT2,0.344207864837843,0.0097443040695635
C16ORF45,-0.7574932841700281,0.0097792432706953
FLI1,0.8528349707761151,0.0098034557916982
PLP2,0.5235785886223727,0.0098042567898405
PARK7,0.2872666866393132,0.0098306389618924
PEBP1,-0.5359860079428387,0.0098461183481649
CCDC132,1.137964990026714,0.0098763302101352
HPS5,0.4668451355194989,0.0098765955921665
BRCC3,0.6078413662570057,0.0098964451850556
IER5,0.7333930688588328,0.009911359842698
USP5,-0.5137484438634949,0.0099157591498719
CARF,0.6354207314331548,0.009943228515305
DCLRE1B,0.7934829567909123,0.0099465737735216
PGAM2,0.898951593118972,0.0099469765490329
CHGA,-1.3598017028086913,0.0099568135113492
SGPP1,0.7207391325337404,0.0099753370018137
CEP76,0.7594671431203572,0.009983258440908
PSMA2,0.4806733584272056,0.010000322973073
ACACB,-1.718077785444133,0.0100105367538119
PPID,0.4500940527834238,0.010010757360908
MAST4,-1.678715169097358,0.0100187455349953
CDKN1A,-1.094760442911717,0.0100317429350656
FGF9,1.5965230267547297,0.0100338662097326
ESRRA,-0.8795463798906917,0.010038178875171
PLA2G6,-0.8446823382021513,0.010039260217432
HERPUD1,0.5003845269488956,0.0100435729957029
TMEM186,0.3882116970188818,0.010046799305305
CDCA8,1.141408369164708,0.0100502602107041
NDNF,-1.171056224828,0.0100505850890838
IFNG,0.5989873415470575,0.0100705817190382
PDK2,-1.157012497477238,0.0101142209388108
UNC93A,0.7686182189552189,0.0101160935743032
ZMAT3,0.648935978836283,0.0101490786290248
USP32,0.5192558939017271,0.0101615298891534
RCC1,-0.5510232180295525,0.010176334378602
MYO9A,-0.4855902357942216,0.0101898338442287
UBTF,-0.6043045451737701,0.0102070084865842
HTR4,-1.2323241094245576,0.0102221827743708
LILRB5,-0.7415184734046552,0.0102585223728304
PTPRO,0.7883497947291058,0.0102821434792162
C21ORF91,0.4374620653574386,0.0103131501155533
ZNF215,1.4073118667278903,0.0103281529178108
DCTN5,-0.5317240303198849,0.0103352067415843
FOCAD,0.4701004979102379,0.0103403396794008
TM2D3,0.293614719474963,0.0103631713781733
CTAGE1,0.6822315397244081,0.0104039561873879
GLRB,1.4288294348216777,0.0104239941692591
AJAP1,-0.7941252703228789,0.0104620723476556
ZNF804A,0.8349038889147034,0.0104639942710111
KCND3,1.0015309912383703,0.0104922030709073
CXCR4,0.7325769872807868,0.0104938730338882
GTF3A,0.3730820053853758,0.0105199534442073
ATG2B,0.6496511345938254,0.0105216203244357
PSMB5,-0.1994801375120189,0.010526131066649
IQSEC2,-0.686020275894835,0.0105379989526794
HLA-DPA1,1.2204591847590294,0.0105948506617762
MMP13,2.49528932086462,0.0105948659236873
NEUROG3,1.1142198601539106,0.0106065434181631
MYC,-1.0613335918883262,0.0106152781519352
TMEM8B,-0.4790539052672145,0.010618582893876
BTF3,-0.6388120253769909,0.0106551111143993
KCNC2,-1.1668896446268628,0.0106718445578403
ABCA8,-1.5322714081534397,0.0106853429052924
GDPD3,-0.6132526565310963,0.0106898357845538
CITED1,-0.9473220395642749,0.0106906967494741
GTF2A2,-0.2428005057039701,0.0107081707492472
TM4SF1,-1.517249563569675,0.0107131183407565
FAM60A,0.5571989211041188,0.0107280760023859
MFSD6,0.8203201649467733,0.010750085369389
PEX11B,0.2649154022076718,0.0107667739513347
KCNA3,1.146229843164433,0.0107685210059568
NOD2,1.1220466827878584,0.0108089273255354
NMI,0.590437628647491,0.010816256043683
FAM105A,0.5873338155371188,0.0108190547921724
TOE1,-0.5767151363915568,0.0108246308996203
IQGAP1,-0.9628919911140974,0.0108394495025758
HAS2,-1.0082232911355815,0.0108806491241798
ZNF184,0.8076963581806238,0.010899771504607
KIF18B,0.5885902614600527,0.0109146211654895
DENND2D,0.7213673682622179,0.010928439392874
CST3,0.376220786599033,0.010930772282726
DHRS9,1.09280856216769,0.0109414902017233
ARHGAP10,-0.43887929028892,0.0109648542642583
TES,0.4010917472742807,0.010975863988393
MRS2,0.5445109534765811,0.0110026839306912
ABCD2,1.2465524847669602,0.0110036558396411
MYH13,1.5427335377760265,0.0110058638023535
GSE1,-0.6913954037190724,0.0110202500217948
TRAFD1,0.6908432725690341,0.0110273761935145
DDB2,0.9402162422533404,0.0110313423679702
DHX29,0.4276886044475372,0.011048033361925
FOSB,-3.8952306793479385,0.0110542308738924
ZNF721,-0.7587208849010825,0.0110619012881457
MYB,1.6594031581110755,0.0110885974528753
ARFGAP2,0.2144935450323188,0.0110959782927603
DEPDC1,1.009731327325876,0.0110990223434889
NCL,-0.5230797080927285,0.0111253364596798
RBBP8,0.4544938266679903,0.0111399045242242
SHOX,0.6140685353847548,0.0111575977153888
SLC25A40,0.7353513597594592,0.0111684731228616
ERI3,-0.311255304748002,0.0111833045805878
CIAO1,-0.7250709160134008,0.0111966403742622
INO80B,-0.841402505964763,0.0112093644511405
TGDS,0.3847534191287263,0.0112422628348031
MLLT10,-0.8267740041729814,0.0113014848023761
HDAC6,-1.5626652629743885,0.0113220877159943
RBM19,-1.4449117736267532,0.0113270046547721
PRC1,0.8856155919795334,0.0113375182784256
ENSA,-0.5801488458169555,0.0113375799755559
SLC31A2,0.5682754166950019,0.0113496946672703
C5ORF15,0.357097095147294,0.0114151992947432
TPTE,0.6686664607712487,0.0114387160479059
IL6R,-1.25750179415316,0.011462560601042
UNC50,0.3189496669748592,0.0114655233760026
PRPSAP2,0.3050652895946371,0.0114915132477165
ZNF764,0.5826609470344959,0.0114918733226906
FZD2,1.580187244786992,0.0115190162133048
TTK,0.9561369151406636,0.0115323616277807
ZNF14,0.5432173218033123,0.0115457677727085
TMEM140,0.5591971023248608,0.0115514681345769
MATK,1.3970029365120125,0.0115524220986106
NRD1,0.2294724974059487,0.0115599224325894
IL15,1.2012566934309763,0.0115616078605723
IRGQ,-0.6492848827900382,0.0115886692704908
IGH,1.3001123263952723,0.0116129467386585
E2F8,1.9249204735481849,0.0116536156499126
C9ORF91,0.4046900185091422,0.0116588243139684
PPP2R5A,-0.7456541511718833,0.0116686516586342
RP11-255C15.3,0.5320634296279554,0.0116726771664255
LOC101928378,-0.8466268949439684,0.0116908781990135
AOC4P,-0.5575443628974854,0.0117155068563887
CANT1,0.5273808782330764,0.0117192160301157
ZNF587,-0.6294655473425319,0.011755827284405
MDFIC,0.5573509790140383,0.0118073313301173
NPTXR,1.3934692300735247,0.0118252548200489
TNNC2,-0.6076942409818953,0.0118354573250302
MOG,-1.306862367883341,0.0118417050693975
GINS1,0.6385398299671037,0.011864637200311
ATP8B4,0.7316180620745847,0.0118920903898126
REXO2,-0.2749721811377306,0.0118961228892995
GRIA3,-1.7436849459704793,0.0119144008658718
RNASEH2B,0.4818000015318802,0.0119343857858964
GAGE3,-0.9500384021659612,0.0119836343609712
FAM110D,-0.6662773319947606,0.0120099019380569
LOC100131510,0.3437631887473271,0.0120182096726211
ANKRD49,0.5740740183153878,0.012033786086188
SLC35A5,0.5063208564172577,0.0120592447398146
CSN3,0.8276181701004539,0.0120768259912189
GGTLC2,-0.997581438995308,0.0120825950189548
ASPM,2.180447930600465,0.0121087614614353
GMPR,0.61598083088621,0.012123586492443
GIMAP6,1.0222650862285416,0.0121541312553202
PDXK,0.9463453233140076,0.0122048046041801
UTRN,-0.5959612625418931,0.012234703626995
QPCT,1.3163376150137245,0.0123378960075142
YME1L1,1.2255203029469597,0.0123438801216649
CD2AP,0.4682313515687015,0.0123525696570777
SPEN,-0.7661648882353758,0.0123696055910958
MXD1,-1.6897247995866669,0.0123741523402585
CSF1R,0.7022769268457321,0.0124207638842851
SBNO2,-1.062455659336507,0.0124441944223039
TNK1,1.0621599073204822,0.0124815638583636
HSPA4L,0.476634127780386,0.0124891906731352
CES2,-0.2945563224774048,0.0124921880871742
LOC100505915,-1.279206814904545,0.0125097929173614
CD160,1.3426349526945245,0.0125348932888358
KHNYN,0.4895957031615161,0.0125411656557923
BACH2,0.8535165976942629,0.0125551994367398
ZNF671,1.1619749946193654,0.0125568769305697
DUSP7,-1.2519395622720455,0.0126017493104273
KLF4,-0.9201083052219304,0.0126187989701646
NCF4,0.8365805976202054,0.0126252148095683
SGTA,-0.5946787396441247,0.0127034698320562
MGAT4A,0.6169382433635926,0.012714482364032
NF2,-1.4988032674070286,0.0127257210646896
CRNKL1,0.3553573107865251,0.0127358944261272
SELT,0.4750993179877856,0.0127420365271732
P2RY10,1.085086902589591,0.0127700374335171
RHOB,-0.8043910555290914,0.0127964697106311
PRKDC,-1.676322449429767,0.0128011374883418
SPINK4,-0.6821958163978357,0.0128086247826164
RAP1GDS1,0.2885600713211875,0.0128284004420472
C4ORF27,0.3555112878932576,0.0128634673660602
MAP4K1,2.4845189819978337,0.0128641901154385
FHOD3,-1.301818135772213,0.0129058658647022
PRR16,0.8539665974588724,0.0129166426959098
ERO1L,0.9011090314281196,0.0129344344351169
RND1,-1.3604913510983554,0.0129345905489308
DTL,1.4758010864155455,0.0129376878708245
CA5A,-0.694341168423648,0.0129562600391503
CENPM,1.525087658386446,0.0129609861376499
TNK2,-1.2148885069291513,0.0129817920408375
KDM4B,-1.1353534134438243,0.0129904314100648
DOK4,0.752273253147516,0.0130054254956266
MCUR1,0.4516696950641687,0.0130204692072457
CASKIN2,-0.537286186885777,0.0131011271136786
GUCA1B,-0.980160347793853,0.0131051827535448
RING1,-0.3468069546288088,0.0131146178241645
EVL,0.6124837863609685,0.0131220034708059
PKD2L1,-1.130784236255538,0.0131224291055343
GMEB2,-0.2387453325795121,0.0131454529574513
IL10RA,0.6665443842933971,0.0131477789963579
CTNNA2,-1.1916955979431103,0.0131757941521248
TAB2,0.3508398367972134,0.0131908965581198
HMCES,0.2939522648637904,0.0131942892321419
LRIT1,1.319485469928416,0.0131957516869609
FAM193B,-0.3067181492382147,0.01322180651972
FAR2,1.1058413831894702,0.0132273340174886
PTTG3P,1.443905516267229,0.0132353641433182
PRRX2,-0.7695120306203975,0.0132729480702905
UBB,0.1718616486751543,0.0132826520897985
RGL1,0.5266050363558943,0.0132847261989801
HDAC11,-1.0651181823654694,0.0133038238481785
UBAP2,-0.2926984737357312,0.0133366157479533
CA4,-1.54414058731553,0.0133695407387752
NR4A2,-2.4117857152635427,0.0133797594330434
DDX54,-0.2990529523399203,0.0134198360480043
GTPBP1,-0.724729242901839,0.0134260199331532
SAYSD1,0.9800795236997706,0.0134360144181937
MSX2,1.524198085201359,0.0134539601392811
ERCC4,0.7036842961459655,0.0134630829185294
IBA57,-0.9671396646993946,0.0134840867390987
POM121,-0.575786939861783,0.0134846390370238
SSPN,0.6827796408602484,0.0135466021258937
TPX2,1.188027408227688,0.0135488772447477
PRRC2B,-0.2977731177966536,0.0135619665557384
SULT1A1,-0.4654516357932987,0.0135696270673613
SIPA1,0.6183192329275968,0.0135729279210075
ARIH1,0.2899974992617782,0.0135941189636936
DPF1,-0.5569328976450345,0.0136490402453521
RTFDC1,0.2299574666072086,0.0136639726402399
ARID4B,0.392590148757499,0.0136708955679426
TRDV3,1.636994187725155,0.0136824677557525
RANBP6,0.3360186774633913,0.0137344832544558
EEF2,-0.255500744106758,0.0138070578013464
VPS35,0.3858337484520167,0.0138288526861517
SYCP1,1.3828883878752394,0.0138469658210894
SPIN1,-0.6285875387105078,0.0139219048948918
PLGRKT,0.5626513847603629,0.013929891470388
FLT3LG,1.2012855006542873,0.0139478378625389
MAPK11,-0.7400424727836925,0.0139904523805604
C1GALT1C1,0.5178454235851699,0.0140531164746697
SP1,-1.261423506091676,0.0140705933343449
CD3G,1.3734875417497523,0.0141002562850422
CYLC2,0.3106830473949129,0.0141099004597404
PREP,0.3731100264856177,0.0141222813366689
CHKA,-0.4866631125566831,0.0141345447730509
SLC22A13,-0.3649548633378039,0.0141726666665081
SLFN12,0.545033053561589,0.0141847177257164
POLR2H,-0.3377940852034538,0.014202011119795
TCEB2,-0.9146273563813568,0.0142204229231649
INTS3,-0.5983660141030764,0.0142217482205998
PFDN1,0.4081232654669584,0.0142301662377714
RNF113A,0.4766228837590098,0.0142316913396542
UFC1,0.3011903392589055,0.0142377179817816
PDE8A,-0.7175162900897991,0.0142589516455137
LYPD3,-0.7486364152187956,0.0142876707139512
KCNN4,0.942972342052336,0.0143482251889926
CYAT1,1.0984141072793907,0.0143847475329161
MGAT3,-1.0863465825704983,0.0144113855019823
SIRPG,1.4155325309442963,0.0144152425431987
BLM,0.3966952151960914,0.0144335856721844
SH3BGRL,0.4073157175058561,0.0144552671472281
MIPEP,0.5186320175196544,0.0144684041706581
SUZ12,0.3147377650646117,0.014469157863527
E2F1,-0.8731455914519479,0.0145096071354234
CXCR5,1.518243784636181,0.0145474839522564
MCM4,1.3273741514387831,0.0145782298846677
TLR3,1.028667179726395,0.0145922881519486
CEBPA-AS1,-0.4595933486983341,0.0146061386572229
GUCY1B3,1.1367475006740513,0.0146076099168542
DENND1C,0.5447164385027232,0.0146286172052388
KCNJ2,0.9565019297024256,0.0146386595639179
VGLL4,-0.8376634069642144,0.0146661831036556
CCR7,1.2309162754893146,0.014678741618821
ENOSF1,-0.8150608753107953,0.014729525198384
APBB1,-0.4103110236229996,0.0147923854457488
APBA3,1.4228531497119885,0.0148091926469177
HSD17B10,-0.3312428067045978,0.0148337194696641
MKNK2,-0.5469178770415812,0.0148516508591785
ARL1,0.537523407786419,0.0148816338124874
PNPLA2,-0.9726164015733936,0.0149362283672558
AKAP13,-1.03379577324381,0.0149368067007681
ZAP70,1.236321586025694,0.0149653490021244
MSMO1,0.341469541499908,0.0149792399141643
LILRB2,0.7989004898016558,0.0149871673620638
NCAPG,1.7541140913677813,0.0150013916520684
PNMT,-1.3176229873002343,0.0150214047125253
P2RX3,-1.0990920575308785,0.0150497934941832
MSL1,0.3210804820948905,0.0150566390871376
WDR78,0.5607351763120629,0.0150674837555543
PRDX2,-0.8228113785207745,0.015069065422042
ADD3,0.7075388202296278,0.0150916886603912
PBOV1,-1.0177416638344274,0.015092655282833
GSPT2,0.4523452984872165,0.015101752742194
SGSM2,-1.4482922077646867,0.0151196633687428
PHACTR1,-1.0759404138747426,0.015122386206021
WIPI2,-0.3942103262634173,0.0151279259543996
KLHL7,0.6695411178765429,0.0151344795154135
PCDHGB5,-0.316658581105953,0.01513475297389
PPIEL,-1.1553862268127952,0.0151426480420462
HTATIP2,0.5844600152147219,0.0151452584861955
N6AMT1,1.347831846071248,0.0151772506366605
SIGIRR,0.527347893344313,0.0151968129572282
SLC29A2,0.6473231945594868,0.0152128964070683
VAV1,0.5144708722799471,0.0152429839599991
MLH1,0.2309091522122468,0.0152442558682024
CD53,0.525259049847639,0.0152749464949234
GDI1,-0.2497994117303221,0.0152831784263038
IFIT3,0.7405143962849561,0.0153395511639689
EHMT1,-0.7539287042960554,0.0154094294578758
GTPBP6,-0.2105882871869315,0.0154229981865092
DPP3,0.7925157127601379,0.0154328591712255
SLC39A7,-0.3388030184242812,0.0154627602230425
RHOBTB3,-0.9345513101566424,0.0154685180194603
NHLH1,-0.5891788303490184,0.0154949447859317
ITM2C,1.5465525968333402,0.0155602357568291
KLRC3,1.2894008503320222,0.015570203941275
GART,-1.2267668698760543,0.0155781164556913
CCNE1,0.8457290972991522,0.0155902921696297
MIEF1,0.370876286351848,0.0156108593603658
ZNF747,0.5213036097965942,0.0156272032224609
LRIF1,0.8472755637917224,0.0156506625014962
PIP5K1A,-1.2853773519243834,0.0156861517080217
PHACTR4,0.3119573488303206,0.0157013116109194
LETM1,-0.5904950503013975,0.0157073990374556
HLA-DRB6,1.172971059141492,0.0157496965517299
RP5-1184F4.5,-0.831605058295426,0.015769424185282
MAP4,-1.5451528136615522,0.0157812700235407
IFT52,0.3468617699685925,0.0157931946146592
YIPF1,0.3993241054369836,0.0158128963222862
ACOX3,0.7339397488696777,0.0158800950415615
CD14,0.6729400302682187,0.0159448242804718
MDFI,-0.7966132496456764,0.0159461784914212
TNFSF11,1.666348106937746,0.015962111469732
MTA1,-0.4323339599141915,0.0159745324303538
FOXM1,1.3424110315965343,0.0159811092247776
REV3L,-0.5296379223182672,0.0159829156949262
LPHN1,0.6380208314647442,0.0159843690569972
TPD52L1,-1.0667222944936636,0.0159856831795614
GDPD2,-0.469061777250868,0.0160364379056951
TPST2,0.269640289729713,0.0160528340062904
KISS1,-1.0253016978072655,0.0160594258537576
VCX2,-0.8521365170926538,0.0160748165632999
STEAP3,0.4661236156740838,0.0160755761248491
FAM114A2,0.5038820527648884,0.0160865053896191
FOS,-1.86574051626668,0.0160935741260622
TOMM22,-0.4437903856157152,0.0161100577293533
MBD1,-0.7318937821553213,0.0161116049288597
ADAMTSL2,-0.8653500725511227,0.0161437843945885
C1ORF159,-0.5652479712815728,0.0161833892008694
PIK3R5,-0.4787053720222758,0.0161889089631455
TBC1D19,1.3971491603252266,0.0162478168053906
CTSG,-0.6602770748543643,0.0162920956697237
ABTB2,-0.7456487120319943,0.0163198661802007
SLC19A2,-1.3106865723920782,0.0163222094181319
ATP1B2,-0.6770660947360909,0.0163294018995031
CTLA4,1.1023996019853266,0.0163377311832656
RHOF,0.5595947795436098,0.0163563815046655
ACIN1,-0.4969372957416134,0.0163771410040521
RAB11FIP5,-0.3009119209994537,0.0163862287925308
MTF2,0.4228691649267064,0.0163908817987927
SLC2A4,-0.947890637527574,0.0164588448722618
SETD5,-0.3043847277246438,0.0164671874368123
RNF121,-0.4055831259623774,0.0164926352022764
ST8SIA3,-1.1226584466791034,0.0164969929286369
PCSK6,-0.7215065869451278,0.0165024707355933
SNRPA,0.3663448142696008,0.0165364370595335
OVGP1,-0.5970377975432424,0.0166038423572239
YY1,-1.1728298054069066,0.0166038580931987
KIAA0586,-0.3478044148585555,0.0166740804528802
PIGO,1.0100839625736515,0.0166905055210171
NUDT18,0.5004847952475933,0.0166951994712359
JUND,-0.820560842427148,0.0167090172159426
SLC9A6,0.4496933201097874,0.0167298863244392
RND2,1.24088644298147,0.0167711055834229
C11ORF21,0.3874934063458974,0.0167726877462349
ELF1,-0.762221429587866,0.0168028504827168
TCTA,0.4370214434133768,0.0169072224471132
TM6SF2,-0.754873283757723,0.0169101955711109
MXRA5,1.4855145460831525,0.0169246057820033
TMCC2,1.1541236698118098,0.0169380945106312
RMDN3,-0.4501445546977205,0.0169485952549209
KIF18A,1.6732951342384692,0.016994859479465
C17ORF80,1.2902089652290991,0.0169950958976068
BIK,1.1654255979993042,0.0169952480398954
ROM1,-0.5842816490472931,0.0170058488599196
TTC22,-0.978904415498655,0.0170227452817478
ZBED2,1.3144317498824654,0.0170276214354734
NAGA,0.6917512478513519,0.0170318982609668
HTR3A,0.8837914976422927,0.0170736205558794
SARDH,-1.1255556889954432,0.0170751954984487
CYP3A5,-1.2365017637819,0.0170855118990713
SOX30,1.08017245705383,0.017092629167319
PITPNA,-0.4852472937381282,0.0171007542077788
PEX12,0.4629146059180051,0.0171053545957855
NENF,-0.7549920864490582,0.0171181035901022
COG5,0.4004453277061355,0.0171280801857432
DNAJC28,1.3025087057959217,0.0171297626280435
GMCL1,0.4976745465511865,0.0171540437427162
CMTM6,0.3229354064851186,0.0171881863458376
CEP55,1.5816411727149733,0.017243687033003
BIRC7,-0.5351517207184768,0.0173063214995466
KCNQ4,-1.3155675877400368,0.0173304326679229
MAST1,1.3975309588737046,0.0173378938523777
SETD1A,-0.6905133687120033,0.0174092418868581
HAB1,-0.6090845708779273,0.0175092178596213
MAP1LC3B,-0.2282217633544672,0.0175253015804964
SETDB1,0.5262041092721148,0.0175361861198822
PVRIG,0.9508602902183024,0.0175484355267545
STAT4,0.6128172272880796,0.0175689333541949
MAD2L1BP,0.3410184711267519,0.0175714635261193
CDK2AP2,0.4466185126089108,0.0175902772981721
DYNLT1,0.245435878398279,0.0175947235909789
RPP25,-0.3827615966369073,0.0175961347860953
PML,1.1386748179167538,0.0175963556028959
TUFM,0.249161865743865,0.0176242437040461
TNFAIP1,-0.8185038148122814,0.0176352108516039
TRPV2,0.481004960154765,0.0176557877203801
E2F4,-0.6093144346894608,0.0176892261405519
APC,0.921245195151834,0.0177120429017984
FAM20B,-0.2987496394049884,0.0177151132418134
TRIM25,-1.0330747346745666,0.0177420337757801
PPP1R11,0.2257669962170609,0.0177485461473314
ZNF324,-1.058589850682913,0.0177591050793287
HLA-DMA,0.6956525612183704,0.0177843830630354
EIF2B1,-0.3190456036912774,0.0178672364522982
DCAF8,0.3424191031671455,0.0178978541125578
DES,-0.9502861819211884,0.0179030756978113
KPTN,-0.3871678402892078,0.0179093243990357
FAM102A,0.4939541575004877,0.0179165995782899
B3GAT3,1.2181080883011015,0.0179219989912445
GNLY,1.5382307367232937,0.0179427956271614
TRIM17,-1.2351387372750595,0.0179459596419245
GFAP,-1.2409960384861916,0.0179636046947054
CKAP2,0.7405179733351925,0.017975131064407
CNBP,-0.309804135635531,0.0179955236556441
UBE2Z,0.2921830212969105,0.018072951248611
TPD52,1.6071709593957908,0.0181083180763117
SAMD4B,-0.9890880379571754,0.0181873738550968
LYRM2,0.3429215499795397,0.0181947215365914
EMC9,0.7404812663800628,0.0182211612409678
JAM3,-0.3696564974162477,0.0182355064883674
TMEM30A,0.2849441885784767,0.0182442136690436
SSR4,0.5437976033155554,0.0182887422053805
SETX,-0.4111577082067565,0.0183354476868345
TPSD1,-1.4393441991886151,0.0183540028305297
LTBP2,0.7715932409428934,0.0183623323893672
MAN2A2,-0.4575948977543058,0.0184575978589662
ZNF669,-0.6122496400149862,0.0184828617148582
CD40LG,1.5088739026214304,0.0185041656661739
CHST5,-0.384815689947362,0.0185045583585504
PPP1R16B,1.8651448612214503,0.0185064460092129
PRPF3,-0.4369850331952865,0.0185445425151875
KHK,0.609652086715732,0.0185689046731417
SPAM1,0.9499129128358944,0.0185832060302316
RUNX3,1.044338972844181,0.018605013203092
DHX32,-0.2227768873350921,0.0186933723267636
SDHC,-0.4095824819608662,0.0187045422056886
LY9,1.3682179498940652,0.018766496766057
KL,0.6425980992070279,0.0187699147055451
TNFAIP2,-0.972780830804969,0.0187948339889626
ANGPTL4,-1.4939146810025896,0.0188056281325505
LSR,1.3538799423845926,0.0188464841946557
VIM,-0.148362003831254,0.0188471261499129
TRPV6,-0.9880779526367558,0.018870634914396
LSM14B,-1.067138115431966,0.0188798168542792
SLC25A37,-1.2829917499735115,0.0189636040882429
MRPL16,0.2480349334479505,0.0189754614487886
DMXL1,0.7083075752140626,0.0189859143773645
TOR1B,0.2411605306279067,0.0190385332020369
KDELR3,0.9260066087781924,0.01906070494761
APH1A,-0.2332959147057227,0.0190621411122967
HSPA13,0.8113304522855032,0.0190816030467001
RLF,-0.3237783410611676,0.0190888042257827
SCN1B,-0.3058961748805338,0.0191178640995407
ACKR2,-0.7918589250160126,0.0191276447015493
LOC100293211,1.590532355938456,0.0191385854237871
GPR19,1.0981544290633596,0.0191464670923012
SHB,0.8017283917978668,0.019176305263011
IDH2,0.890128196908389,0.0191801300369982
TPST1,-0.4459160097273802,0.0192227983774918
NKTR,-0.8810777312970632,0.0192418803267843
PRDX6,-0.4237685690992681,0.0192596644789639
CTC1,0.3388656316070797,0.0192738946403476
SRP54,-0.3903105643606768,0.0192768581973524
FGF5,-1.3326859111159255,0.0192908337055026
DAZAP1,-0.4625488860668554,0.0193010215643487
EI24,-0.5837392536300108,0.0193033338374669
PLAG1,1.167956428038054,0.0193620619764302
SCN9A,1.4946761175473928,0.0193767857154754
SMTN,-0.5825853697261056,0.0193824092207226
GINS4,0.8785830611545817,0.0194112035761403
OTUD4,-0.8228816915745849,0.0194158551397535
PIK3C2B,0.6942820728650574,0.0194222638867073
ANP32A,-0.7471509136890795,0.0194255874111772
PTPRN2,1.5163201840133436,0.0194311034172522
GSTM2,-0.5782031257177938,0.0194837545500464
DYRK3,-0.4993051240090951,0.0196126840770447
ICA1,-1.4308882376988912,0.0196331667474722
ABL1,-0.3671364565010346,0.019649908276133
CENPE,1.2352051899611682,0.0197261244574859
DPY19L2P2,0.7093662437073975,0.0197768345715962
ARHGEF38,-0.7169669259191265,0.0197923174672302
LOXL1,1.242429243799689,0.019800276041258
GOLGA2P5,1.1162370943523872,0.0198548610868376
TLE2,-0.5558488803740422,0.0198614620256441
ADCY7,0.6160942348956979,0.0199604599804209
AMPD3,0.8213376808933592,0.0199610411761128
ZBTB43,-0.6069183524601716,0.0200520266138235
RALY,0.2375262528531934,0.0200641801617227
POLA1,0.2966157678858856,0.0200653230572992
CTSW,1.637099833134469,0.0200818896417264
CASP2,-0.6980557741737616,0.0200866538403462
ACKR1,-0.6068322341270562,0.0201743531784167
NCALD,0.5616812152647706,0.020187152939722
BAG3,-0.5023168923431864,0.0201902498908511
CNTFR,-0.5336303023804039,0.0202157878517115
XCL1,1.5671051599514163,0.0202549113370453
IL9R,1.0564824763703031,0.0203346948265505
RPL23AP53,-1.0683772128966291,0.0203442333651397
POLQ,1.2519914946541384,0.0204612024172578
CDCP1,1.1709312242885392,0.0204629939584684
SLC30A1,0.6561650938800145,0.0204785436718434
SRSF7,-0.8782303531951303,0.0205022870125676
USP9X,0.2031957196215739,0.0205109116250891
EIF1,-2.402857964060325,0.0205331701328122
CYBA,0.5917926390733594,0.0205377960507791
MCM6,0.3618458073787227,0.0205406715279863
NECAP2,0.5505266082746054,0.0205429662210548
BEX1,-0.6250955506309577,0.0205715112344891
RIMS1,-0.8869680977392935,0.020579716546282
ARHGAP25,1.339294459177994,0.0205927331827405
SNRNP40,-0.4389982203525786,0.0206148691550402
NARS,0.2384839208772522,0.0206452751031519
IFNAR2,-0.6408751379086599,0.0206737151581458
STMN4,-0.5006947984726411,0.0207143369097853
GFER,0.471080438838503,0.0207408516827042
CECR1,0.8685372565941858,0.0207971285182369
R3HCC1L,-1.1581450932078017,0.0208248745959548
KCNN3,1.646121608129826,0.0208390957103642
VANGL1,0.3953038681635759,0.0208509974354744
PIK3CD,0.8912895049704606,0.0209307062996097
APOD,-1.8342859310008404,0.0209476451120996
YBX3,-1.0426659968538798,0.0209671809388825
ADGB,-1.2578666877275229,0.0210115362170638
MORF4L2,-0.2349063185358257,0.0210398271182177
RBPJL,-0.8060572330537781,0.021063107474956
MCM5,1.353437914402244,0.0210948613962301
NIT2,-0.2891074752018312,0.0211423654199029
HMGB1,-0.30174286834872,0.0211563533775246
MELK,1.2049915993429394,0.0211723988017097
KIAA0556,-0.3093050797918124,0.0211740252082801
NONO,-0.250262036089321,0.0212602757647531
APOBEC3B,0.8911184925904712,0.0212815294097616
SCAF4,-0.8394595631887523,0.0212981442595778
GUK1,-0.6270840758245386,0.0213083211054018
FAF1,0.3928181185691581,0.021359747053549
CASP3,0.3650525257551251,0.0213851250262181
TMEM222,-0.2946941848802922,0.0213912321206511
NUP37,0.2460507968108238,0.0215410529033272
CHIA,-0.7995404431052444,0.0215442238740995
LPP,-0.7759714026743136,0.0215671485791925
DGKD,-0.7828683051648113,0.0216014944425421
OR3A3,-0.3796131064608969,0.0216336626368034
PTGDR2,-0.9665904278131086,0.0216357855002953
ZBTB14,0.879607034817468,0.0216818722932636
MLF1,-0.4843738798933721,0.0216832129308023
SERHL2,1.181217054861432,0.0216913253097269
NCOA6,0.2604681813726479,0.0216917019833438
OPN3,0.5667191132790528,0.021730487440881
DLEU2L,-1.325627131855728,0.0217584050309354
LRRC37BP1,0.6737959160070535,0.0217628299074905
UBE2H,-0.4217119846946549,0.0217629379917203
IFT46,-0.1868881584553836,0.0217784542266934
SMG7,-0.9294970031722308,0.0218264711690546
GALE,-0.3136270108015484,0.021838929143197
MTO1,0.4396173540238166,0.0218642296625655
SOGA1,-1.0564990792687894,0.0218670696266036
HYPM,0.7164702472250579,0.0219128377671314
SAFB,-0.6099480558960417,0.0219336881548824
OR10H2,-1.0559989812310842,0.0219732189696319
RP11-82L18.2,-0.5685433424922,0.0219890953955363
PRMT5,-0.5337627981930915,0.0220848985528068
GABARAPL3,-1.0738384675172004,0.0221166311407657
DNAJC11,-0.3446793275437159,0.0221807313760057
USP12,-0.9281718693049132,0.0222066439196502
CARHSP1,0.447101676817363,0.022311960323512
CDK9,-0.3076428095204591,0.02234317088083
HLA-DQB2,1.2072870805313158,0.0223635740619595
ZNF787,-0.4847844733803921,0.0223867497050937
CACNA1B,-0.8258937374595527,0.022509361529305
RAB40AL,-1.206867680463403,0.0225694846845553
GABRD,-0.6681503111015843,0.0225919416773394
BAP1,-0.2609756872948345,0.0226273733772938
DNAJA3,-0.3069545714862176,0.0226458980069386
AMZ2,0.3344508025845645,0.0226462368677172
RMDN1,0.5348489628980015,0.0227002102645442
ZNF79,1.381195538537506,0.0227073576318397
RPS6KA1,0.6179637000648572,0.0227281955819931
FKBP11,1.0252883839114642,0.0227357975407472
PDE6D,1.0118803882053786,0.0227784713949364
VSX1,-0.7467169466378785,0.0227805081027108
TBCE,0.4596194430646152,0.0227927438495682
TRIM52,0.4056087029258304,0.0228009710850021
AIRE,-0.6964379324190797,0.0228888041082143
PRAMEF11,-0.6459897207755594,0.022889115975365
CACNG5,-0.8234522165006855,0.0228916548795631
SCAF11,-0.6395770286925089,0.0229125309777587
HOXA1,1.1735475768272186,0.0229148538227755
ANXA7,-0.2930886222105737,0.0229362479773299
LSS,-0.6712729606779684,0.0229429722934254
P2RX5,1.9161106633484464,0.0229626008476661
KCNQ1,0.5400837901631199,0.0229805648144348
ADAMTS1,-1.0946136113268423,0.0229930071206489
ST6GALNAC4,-0.5831920585044781,0.0229966264841035
RNF13,0.2726864897904679,0.0229976458774405
HPD,-0.5896758625673231,0.0230078327559217
TFEB,0.511332551867369,0.0230238038505883
RNASEH2A,0.3428691892031752,0.0230617822644901
CD86,0.6544758800480306,0.0230650911735472
FAM114A1,0.4033744767940739,0.0230682310057589
ELK1,-1.0808977475947827,0.023073170557485
MYL6,-0.5824757681495925,0.0230775531902892
TMEM50A,0.3445707891647274,0.0231073047520244
LBR,0.5724484375463028,0.0231230615130639
ASF1B,0.4204084468455882,0.0231285808208052
TFCP2,0.270926431263657,0.0231415421618959
KLK1,0.2588565761748604,0.0231486187844721
DSCR3,-1.0511102850500895,0.023176291770826
RAB15,1.2196788435842656,0.023185038339601
KCNG2,0.7855323986984866,0.0232153737378115
SCMH1,-0.2130691863432705,0.0232311232242788
LIME1,0.9212973338802176,0.0232541025693574
PYY2,-0.4072538306953963,0.0232582798544448
LAS1L,-0.4310610969826811,0.0232585655841547
PAK1,0.5036273123281232,0.0232993373464502
HLA-DRA,0.504868050534105,0.0233030258070114
AMMECR1,0.4646778471170476,0.023312546107123
ADCYAP1R1,-0.9339857390023942,0.0233180484888993
BICC1,0.4897664862390734,0.0233213374234575
TNFRSF10B,-1.1540732981819462,0.0233344187332049
CPA3,-1.067521439378151,0.0234008586585751
CYP1A2,0.7886686228424189,0.0234079707983347
ATN1,-0.8177543237304494,0.0234273194630933
ABCA4,-0.8454335147745509,0.0234294551863632
ADAM19,0.8772216989391515,0.0234701725051685
VPS4B,0.5368004781789395,0.0234728917205717
KIAA1551,0.5807073150395787,0.0234736959789156
NCLN,-0.9971797376028712,0.0234894808277177
VPREB3,1.286419568226365,0.0235315411174815
LINC00328,1.3969539528111856,0.0235571144572414
DENND4A,0.9102847359452548,0.0235694108372354
ZFP36L1,-1.1635228709512964,0.0236224519708085
STAT2,-1.1237614767338977,0.0236640721507971
TUBA4B,-0.5285617796233772,0.0237609655742163
MARCH8,0.6333945044886189,0.0237614156534089
RAC1,0.3106133012286864,0.0238374753691548
VPS33B,0.3156973212312959,0.0238740555652231
KIFC3,-0.5779772797013232,0.023879378362819
SPRY1,-0.7192911682434531,0.0239135729190982
NCAPG2,0.4250247589149207,0.0239541861404288
ULK2,0.6661918608348385,0.023987681169204
SLC22A6,-0.9263805896163856,0.0240133262243732
SSNA1,0.2453351325569936,0.0240374682975241
ITGA9,0.4549568801169279,0.0240588884590924
TAPBPL,0.7077097732903042,0.0240797791929342
GNAI3,0.3881311309352728,0.0241128770862646
HKDC1,-0.8767201105840177,0.0241153108192707
CEND1,-0.6375455140080737,0.0241382748810344
CD37,1.041083034000135,0.024141632319592
TTC9,1.4978541632834643,0.0241913315484558
B3GALT2,1.2230451093239934,0.0242153374936556
ETHE1,0.2657246288742829,0.0243124437089975
C17ORF62,0.4855482562946278,0.0243130195132658
PHLDA1,-1.8199631844282,0.0243348104175155
PPDPF,-0.5881040072659456,0.0243490031236035
HPX,0.8880925354124125,0.0243544547767322
NUP43,0.3933511115511887,0.0243970868408392
GTF2A1,0.8247109548648215,0.0244152226432094
CENPBD1P1,-0.4291569889600275,0.0244227153589024
NPIPB15,-0.8676341333613538,0.024446703226223
PNISR,-0.5935545677732312,0.0244588834295915
SRSF11,-0.658773755635158,0.0244878541068172
CHRNA5,0.4588340871565437,0.0244937787869693
CD300A,1.858906556760695,0.0245042256578547
GNPAT,0.3860298268358928,0.024521350648044
WNT1,-0.9642834226526328,0.0245327663362465
KNTC1,1.2340902803941125,0.0245372740450778
CNPY4,-1.012025212202067,0.0245373454111521
CLCNKB,-0.5954340004216618,0.024575960664926
HSPE1,-0.7043287707064287,0.0245772944340121
SYNJ2,-0.9556264347208714,0.0245776216859814
NRIP1,-0.8381112666575721,0.0246133453695572
RAPGEF6,0.4306671998786182,0.0246139549420007
OGFOD1,0.4214841409155205,0.0246154322744342
MLEC,-0.5742470037233662,0.0246658338572787
ATAD2,0.7133164653936284,0.0246955750095219
FAM216A,-0.4977803432093024,0.0247571030790218
NAA15,-0.6693759301359918,0.0248164063744327
IRAK4,0.3657006334038373,0.0249318581073263
GPI,0.3358436033476426,0.0249461529121097
KIF13A,-0.7404168450807358,0.024953393380885
TRIOBP,-0.3497162316978723,0.024971918472057
HS2ST1,0.5198270617426566,0.0249978869579994
CABYR,0.2955493865745664,0.0250235502697118
SOX9,-0.546266018703049,0.0250505078803362
SLC15A2,0.7427705861831457,0.0250927052402465
PPP2R5C,1.1653416322807786,0.0251306437842062
KIT,-0.7449525630795577,0.0251706715216653
CTSH,0.5737791652570845,0.0251968061118419
UBN1,-0.5756686692436066,0.0252002176054749
PRKRIR,0.429629450492671,0.025203748053407
RNF19B,0.535113493786044,0.0252107212915765
NEU3,-0.8543559528333846,0.0252383866153032
PDCD5,-0.4192723059236094,0.0252718762655169
RPS4Y1,-3.1314450660018904,0.0253150647280705
HNF4G,0.8992729818797667,0.0253519135864194
ORAI2,-0.9612070433822256,0.0253627187132366
USP16,0.2163758887835953,0.0253962676827535
RAB11FIP3,-0.8123222147855582,0.0254230047292053
LDB3,-1.0552593572379267,0.0254519459303442
DMPK,-1.3043419867945758,0.0255073823132438
DPAGT1,0.2321400411566134,0.0255347999542678
ALPK1,-0.6884087213515171,0.0255473574181021
GFRA2,1.4249019306628972,0.0255625051437494
NDC80,1.8086170612559176,0.0255739622148067
RALGAPA1,-0.8003809564814528,0.0255751687854469
MDH1,0.3075149859740858,0.0256032002386378
ERLIN1,-0.5072437371321934,0.0256281909601147
NECAB3,-0.2664517420021655,0.025640985342195
RGS11,1.0835899459533032,0.0256792035165862
CERS6,0.5823060818874852,0.0256807454633553
KCNK2,1.4096201730966715,0.0257856899958682
RPA3,0.4039288079372447,0.0258255366125591
GALC,0.4964443208214462,0.025829811556795
LMAN1L,-0.5113665579850752,0.0258330491498461
GOLGA1,0.3524755066899576,0.0258418250526944
PCCB,0.3879993129824637,0.0258669741573012
ATP8B2,-0.5565980942054072,0.0258868769284144
CEP192,0.3670877716677312,0.0258979875416657
ZNF160,-0.9109399814156108,0.0259187056306346
FAT2,-1.0294909312815643,0.0259303250350915
HIST1H2BN,0.8378584116085559,0.0259420899473985
TIMM13,-0.3275448196618757,0.0259568582060336
LPPR3,0.943440015317024,0.0259772363276259
CPNE3,-0.4708179261766485,0.0260227813857723
GBA3,0.8506195097147566,0.0260364415620239
PPCDC,0.4846641026174039,0.0261067286620291
GNA13,-0.9868942089614308,0.0261893739492336
CDC14A,-0.9502817622530708,0.026220822253252
SLC27A5,-0.851535565592882,0.0262372830680209
ANGPT2,0.6378147681668986,0.0262890760172521
SAP18,-0.5161184737117175,0.026292824019784
FBXW4,-0.3341132672560665,0.0263057107257732
NCOA3,-1.275193713432574,0.0263256481285159
FBRS,-0.2829516986564675,0.0263669985692182
POU4F3,1.1485078358419083,0.0263804652044461
SPPL2B,-0.8006034547545187,0.0263848004692815
SKP1,-0.4572096008061823,0.0264011098471418
TSPAN32,0.6239343829856248,0.0265370665926709
ADORA3,-0.8732457207837001,0.0265398584858657
SERPINA3,-1.0804618997011932,0.0265756247713522
CALML4,0.5593969645366634,0.0265792632439842
ZNF426,0.6481762100068966,0.0265854521047499
ZNF141,1.014527981619973,0.0266394302417715
MAT1A,-0.4500477412071797,0.0267273283010988
IL2RA,1.3868490429122868,0.02677632677654
AQP6,-0.6057554156077054,0.02678514907753
GOLT1B,0.5987010149457692,0.0268156124826141
PAQR4,0.9750786025168257,0.0268486366617686
LOC100272216,-0.9334459390728708,0.0268597885949539
RAB9A,0.2760397528806848,0.0268618882860253
THRAP3,-1.0776810103120686,0.0268803573969423
MIA3,0.4577240522335914,0.0268907924901885
RP11-116O18.1,1.3285875604003403,0.0269144982503068
TMEM39A,-0.2433874494418155,0.0269194851731431
KIAA0930,0.3298862623302661,0.0269296688858029
VWA9,0.225176644368819,0.026952865140194
SIGLEC1,0.7679475669545681,0.0270141540546043
SUPV3L1,-0.4116684431164712,0.0270273670282182
POLD2,-0.3851944793151514,0.0270359581990557
PDCD6,-0.8024716911321841,0.0270414571884834
RPF1,0.3235014279713351,0.0270519034347661
CYP2C9,-0.646385986271488,0.0270521156710261
UNC5C,-0.9715431060403016,0.0270547435474207
NCKAP1L,0.7368761589160933,0.0270694159701486
SUSD4,-1.0680287912084916,0.0271324788873112
KLHL22,-1.0795773896542775,0.0271618883465208
PEA15,0.3219908166395768,0.0271855226872209
NSA2,-0.2548593732078981,0.0271949972641406
COG4,0.4550492912622257,0.0271970769933029
C1QL1,-0.4843502649919025,0.0272313671018336
STYXL1,0.331457066531744,0.0272533499243764
GTF2E1,0.3034635690770528,0.0272791398658471
DPH5,0.6753354701599257,0.0272848662659298
ZNF41,1.036478863102564,0.0272853796557664
PPP1R15A,-0.7153519527968957,0.0273111692516381
B3GALT4,0.8271540441180774,0.0273456849638456
INPP5A,-0.4624096910087267,0.0273556798912886
NCKIPSD,-0.9083113661335088,0.0274105637725413
CENPC,0.4259171948304212,0.0274231081145706
RP3-522P13.1,-0.655516852982756,0.0274321783854563
MAPK1IP1L,-1.2307068812657151,0.0274418027248859
ACOX1,-1.269490087282628,0.0274445633234094
MAP3K10,-0.2219678311163226,0.0274521244677177
SYPL1,0.4282006007042298,0.0275038737406425
C20ORF195,1.401032003277896,0.0275115318072399
PTDSS2,-0.3170297054770223,0.0276002539768755
LOC100506469,-0.2788888120025046,0.0276108640514804
IPCEF1,1.261581999889966,0.0276117000712542
SPATS2,0.5400186147877797,0.0276184406798397
IRS2,-0.8218692300331298,0.0276848632967256
TNIK,1.1243791788941095,0.0276952858689174
C19ORF10,0.2552698210551956,0.0277603717756098
NUP155,0.2340980103063357,0.0278211668862924
CYP2U1,0.7967243315932913,0.0278363238841855
EXOC7,-1.4769524915005876,0.0278398800800976
BPGM,0.360205783993452,0.0278697906553315
STARD5,0.7758147964549815,0.0278718063009026
SMPD2,0.7818422861932222,0.027876902016076
DOPEY1,1.3410414408861435,0.0278913043766542
BBS7,0.5002540696637716,0.0279238102299833
MMP1,2.8769150213439367,0.0279507044185819
ST18,1.381718588680204,0.0279989269365477
CLCF1,-0.589544046424713,0.0280334461980819
AXL,-0.7082467545226887,0.0280713841898006
ADRA1B,1.1316632102109594,0.0281442764899611
IGLV6-57,1.532785750362489,0.0282285221689841
YBX1,-0.7193515319162378,0.0282350391104119
HMGCS2,0.7464430635317911,0.0283570666967459
ARHGDIB,0.4211734952981558,0.0283605863407328
CTD-2269F5.1,-0.6387479220721559,0.0283927418698229
EDEM1,0.4457387478744934,0.0284001941858164
PWP1,-0.3096409709079264,0.0284068993837489
ROBO3,0.8468326664523698,0.0284515980121882
AP3B2,-0.7204965072824736,0.0284645063246555
EIF1AY,-2.903370512710645,0.0284686516422666
DNAJC24,0.3413678945380205,0.0284970508130004
LIG1,0.6096560862343772,0.0285156232688208
KIF5B,0.4752285435726797,0.0285551793228732
MTSS1L,-0.6622693229288124,0.0285647504301527
UST,-0.6829572787009841,0.0286051827855871
PA2G4,-0.668143071376317,0.028613717305441
PLAC1,-0.9573685845609248,0.0286213240860402
DYNC1I1,-0.3946423697927548,0.0286631320743356
IL12RB2,0.9555540574120708,0.0286671972617084
IVD,-0.3793809778288235,0.028674901131342
IMPDH2,-0.3343120560546637,0.0287129085036985
P2RY6,0.6072005741788402,0.0287137296415613
SPTLC1,0.4607252465748939,0.0287204914644234
CTDSPL,-1.267597107613021,0.0287996290484262
GNE,-0.3448398028184343,0.0288315588283327
ANKRD36BP2,1.0402082418021887,0.0288379058475578
USP2,-1.245508263721954,0.0289135174529439
KIAA0922,0.3837630358510058,0.0289390729906191
ATP8B1,-1.0837840742331206,0.0289446606968611
IPP,0.4768134523142953,0.0289470678351864
CHD5,-0.8525500844177172,0.02900221168477
KCNS1,-0.4454233994177281,0.0290025749666663
RPL7,-0.2541872076809,0.0290304316659953
ARFIP2,-0.297098857111596,0.0290735733647976
ZCCHC6,0.3401194861265697,0.0290846337719996
MTMR10,-1.0655588263344544,0.0290902545631018
FABP6,-0.3139223775785178,0.0290938644367119
PP14571,1.1979749969008822,0.0290969180141781
TIA1,0.7419076641224356,0.0291175613119665
CYP27A1,1.457669932818364,0.029147660178868
TMEM243,0.3304501762777398,0.0291766564086213
PENK,-1.2291645912392155,0.0291933932717308
RNF208,0.8567465083637149,0.0292495102890614
CDC42BPA,-1.1989347658580505,0.0292871181247471
ZNF460,1.038568417478671,0.0292876641533594
SLC1A1,-0.4939615306027338,0.0293396698672345
CDV3,-1.086514494054465,0.0293483701586956
EEF1A1P42,-0.9541635647594262,0.029358328489839
CR2,1.440795370092358,0.029365858382098
PTPRH,-0.353778546085417,0.0293675152180641
TOP2A,1.9840201345534187,0.0294072984105173
WDR43,-0.6981219407920642,0.0294391541371306
FGD6,0.6701083514080279,0.0294512787937855
CD1B,1.0611507863996876,0.0295052016745572
GPX4,-0.4131450813294783,0.0295425200240256
ATP5F1,0.2319525593147595,0.0295955081772584
ZNF200,0.5442401455383781,0.0296103482289263
NFIB,-1.791027087850685,0.029628091939174
XIST,2.380363180297671,0.029655949813369
MTHFR,-0.8287936180754074,0.0297297706049913
MX2,0.5109129180932594,0.0297370879116672
AC003989.4,-0.8820580825939608,0.0298017645924997
DSG1,-1.1444152130229577,0.0298130935482029
ARPC3,0.2549314319978553,0.0299234067484588
RP11-348B17.1,1.266053045023995,0.0299390442496652
MIF,0.3257949620637852,0.0299825624561315
TAS2R13,0.8132624931210999,0.0299981132385456
HBEGF,-1.3520276175330892,0.0300172591163806
NCAM2,0.737285564668464,0.0300225216062677
GCHFR,-1.1175941807344545,0.0302022839437172
AHCYL2,0.6513741943948563,0.0302220405828951
DBR1,0.3624175532393794,0.0302261143807076
PDE1B,-0.9573147404479324,0.0302385065955433
HSD17B1,-0.671207591116397,0.0302528834173317
MAP3K9,1.2165150882550648,0.0302570724818329
NDUFS1,0.1877206239021198,0.030289816742274
PPP3R1,-0.4287649936452915,0.0303401135323438
TFE3,-0.2688229959755901,0.0303722861025795
RPL3L,-1.0986517676504697,0.030405030643235
ASAP1,0.4187218205978418,0.0304070651384135
DNAJB1,-0.5869882853535504,0.0304355911964349
KIAA0100,-0.3003689185413547,0.0304477586320168
RP11-930P14.2,-0.3714138643625468,0.0304544072911813
CD200,0.591154607479834,0.0305941242711546
PDCD11,-0.4755490229359722,0.0306363243958847
ACO2,1.2209773841492595,0.0306425556408717
ZSWIM8,-0.715082054434895,0.0307100757227996
LAG3,1.3989023652055943,0.0307763969097927
CATSPERG,-0.7203915029440822,0.0307865212303755
ALMS1,-0.5977268638762538,0.0308176999792245
SGCA,-1.8443588640416315,0.0308497808138136
MUC6,-0.7873465015725243,0.0308805856990573
CD5,0.8941962703469697,0.0308912596702556
TNIP2,0.3152372521723379,0.0309372839872808
TENM4,1.1039183926569391,0.0309375667621111
ADAM3A,1.3293676553400315,0.0309611602424863
SEMA6D,-0.994692103342456,0.0310089149666469
PLEKHF2,0.5413662480189032,0.0310421065351456
PLG,-0.5629264481268828,0.0310469864257851
TBCCD1,-0.3548990435601622,0.0311338306146402
KIF20B,0.5861530647118975,0.0311708795195095
PRF1,0.9168623556420864,0.031178504462475
PYROXD1,0.578637172410593,0.0311897372157209
NPIPA1,-0.5491717373712053,0.0311990678150471
DGUOK,0.2207411862648367,0.0312016522424817
APOH,0.9459091275442276,0.0312675792932005
GDF15,-1.1455625779772296,0.0312841501053821
PPRC1,-0.6137960450022941,0.0313650541735525
GIN1,0.3960344295552387,0.0313791425187392
TTLL12,-0.222395538005987,0.0313846246476744
EPHA1,0.7149777623912792,0.0314106111380494
SCGB1A1,0.9509307140582176,0.0314649671466395
CHST11,0.7080850845018487,0.0314692623202188
CORO2B,-0.7621805217703885,0.0315404230247332
ANKRD36B,-1.1597061864821887,0.031573075444868
ZNF85,0.4425257983820412,0.0316509772377759
PSG11,1.1882604631894536,0.0317351499734882
LGMN,-0.7424847317864423,0.0317437869270991
WASF3,-0.7205760580027452,0.0317526581408196
ATXN8OS,1.1077169279804764,0.0319382249722859
DNASE1L3,-1.2717490788212888,0.0319527500334448
TBCB,0.4046595797761654,0.0319702654509813
PHKA1,-1.232917875614782,0.0320235884838688
VRK1,0.3981123148247585,0.0321800798428071
DUSP22,0.25431081185938,0.0322279167812442
PRLR,1.296851678220563,0.0322647894858086
PSEN2,-0.7284378329837056,0.0322754226087187
VAMP4,0.4261188177636423,0.032382934999752
ICAM3,0.973032598371022,0.0324262665698116
FRS3,0.5491054685110761,0.0324565842392283
HLA-DPB1,0.6408497356070342,0.0324641964305122
CORO1A,1.0296336064688223,0.0324993671426582
PARP8,0.4320490897065756,0.0325005477998892
SHPK,0.4473639840307797,0.0325511494845644
PDP1,0.5880781272564803,0.0325808178028904
DDX11,-1.3800145381247324,0.0325887345301835
KIR3DS1,-0.944170635139403,0.0326118994166429
TAC3,-0.4275975419933955,0.0326222884649854
SMC2,0.9153498775290744,0.032634277087322
RPL10L,-1.0002656089947228,0.0326510055803506
THRB,-0.7259374068895825,0.0326558557208583
ARL4A,0.4219246937989425,0.0326562336913923
ZNF292,0.508154586597688,0.0326728724823507
POLG2,0.480921256876627,0.0327053364052636
PAFAH1B1,-0.5662910610656926,0.0327288057261039
DLC1,-0.7065075370103218,0.0327563957830826
GTF2E2,0.2677787283846715,0.0327752756356127
FGF13,-0.7779483408275887,0.0328918943907293
PTER,0.4433800551177151,0.0329488778938359
SMO,-0.5208055907431515,0.03297691408737
KLF7,-0.4461714239815801,0.0329916587062408
ZNF331,-0.7336238520554268,0.0331238824968472
SLC30A9,0.2645778491625901,0.0331660504384712
MON1B,0.3811733865426641,0.0333164989452376
TNFRSF9,-0.6893189462879006,0.0333189175127552
CYLD,-0.8549089863909982,0.0333452086467536
ADA,0.4132719829144395,0.033373028356686
COX7A1,-0.4602426072970242,0.0335116141506405
DEXI,-0.2761906543034929,0.0336999833830562
GRK6,0.8496209955229315,0.0337547438846366
GRIN2C,-1.186411361374624,0.0337742560039117
CLOCK,0.5068510026849182,0.0337857653513196
FOXO3,-0.4352625134804757,0.0337968764956984
MOSPD3,0.2093899162684422,0.033802262800185
OAZ2,-0.3707513089865095,0.0338703080657749
TCAP,-0.9785152254974028,0.033872486177414
ZRSR2,0.2380825425218624,0.0338789296303871
MARCKS,-1.1678563296225235,0.0338870078645826
ENOX1,0.5205900769311649,0.033924935616041
DGKH,-0.8542963030572848,0.0339323187424184
FAM46C,0.950798961030996,0.0339610286917004
EBLN2,-0.9133177804985904,0.0339724196713627
NDUFB11,-0.2280880963599774,0.0339993854721494
MVB12B,0.8349356587576962,0.0340253526178174
PLK2,0.7037442096132658,0.0340285561834631
ATP6V1E1,0.4154580864053105,0.034038038146119
PDSS2,0.3227394036103108,0.0340992757446686
MAFF,-1.1692076219799148,0.0341028467706504
TAF1C,-0.9096546928415324,0.0341255627944072
ZNF668,1.166097676786669,0.0341637781847736
RHBDL1,-0.2774980903511053,0.034274073204833
DCAF4,-0.6754372503554036,0.0342940153175511
HHEX,0.3764579117778872,0.0343116156024862
PPP6C,0.1899970684628709,0.03432637342416
APOLD1,-1.0377984453048263,0.0343322063483564
WDR59,-0.9612557164458716,0.0343804514564508
TMEM208,0.3388811707879959,0.0344608082197098
PLA2G4A,0.4967747880926154,0.0344662703859173
ACADVL,-0.3976486492996951,0.034479469544264
MRPL40,0.3847668053915551,0.0345351413247464
PKP4,-0.9850511817110004,0.0345364037795073
STX2,-1.1573976034581497,0.0345367994003144
C2ORF44,0.3441791392338738,0.0345842816923387
NLK,0.4691598844235445,0.0346961400243202
BSG,-0.5350724633927388,0.0347831453669144
SLC1A7,-0.6043237353744706,0.0348622425127599
BANP,-0.2725600352509296,0.0349153853766932
PKIA,0.6255679259161315,0.0349266930768436
SH3GL1,-0.3593390004145096,0.0350111545552655
TNFRSF21,-0.4522908944345838,0.0350123933037834
XBP1,0.8945681483630228,0.0350454082175298
ITGB8,-0.8308501478983645,0.0351678953942922
AKAP10,0.545238077209687,0.0352284298637774
GLTP,-0.2363483406144535,0.0352634460555448
ABLIM1,-1.0047739187115718,0.0353126673389409
NFS1,0.2172151971596108,0.0353235262216073
SPCS1,0.1940351763180707,0.0353239682697095
B4GALT3,-0.3638733443396962,0.035379013284004
LTBP1,-0.9110544739018884,0.0353860805762874
STARD8,0.2787494594767352,0.0353925280898968
MPP6,-1.4197080394392048,0.0353982074330101
RGR,-0.8577076789851112,0.0354011770047648
RP11-395B7.7,-0.4772654278978132,0.0354381890679815
KIAA0485,-1.004417816998564,0.0354535423931136
RIPK1,-0.2995523988598787,0.035470386425784
NHLH2,0.7114971155103516,0.0354834948723465
VPS13D,-0.6045723555884672,0.0354988131992029
NR1I2,0.897512391792211,0.0355787063467689
ZNF35,0.3614564071996122,0.0356067057881263
TMEM246,-0.4729070112175328,0.0356528783296956
CACNA1C,1.0225638724331825,0.0357002599512636
SEC31B,-1.0772882407110282,0.0357137225924696
APOL1,1.0744919488913638,0.0357896653573509
PODXL2,-1.1642612638686334,0.0358346806772689
CDC7,0.4097057983976686,0.0358532770878285
MEPE,-0.552140092750288,0.0358780130815423
ZKSCAN4,0.871737750458836,0.0359055951142495
UBXN8,-0.3154404619881958,0.035908305738676
OPHN1,-0.2655779948249428,0.0359404446430314
HMGN5,0.4880076039523464,0.0359749964299887
CDC25C,-0.7111069811641135,0.0360095102602844
CD96,1.2223002494007629,0.0360923705329642
DCLRE1A,0.8493152837291698,0.0361356474939294
POLR2J4,-0.9073073217465312,0.0361677628009728
CCDC71,-0.4687927954877224,0.0362164816114625
PPP1R37,-0.9934731631757798,0.0362223786243693
ZNF322,0.4558391568951432,0.0362248515648948
SRC,-1.29765941930254,0.0362837265668504
MYLPF,-0.7391424175612427,0.0362845303245171
PTPRF,-1.2628124805648966,0.0362898687271257
GORASP2,0.2822191180236029,0.0363570738982769
KRT1,-0.5746354507133784,0.0364555651005044
MGC4859,1.1467188164307518,0.0364990745066965
AK021933,1.0794647277897211,0.036507638467165
TUBD1,0.4357215965552257,0.0365665303769424
TRIM8,0.390544784775539,0.0365748537159452
CAMK2A,0.9065263065244648,0.0365787530530337
MAGI1,-1.6624709314121215,0.0365882264560743
SLC6A6,-1.7171203491064109,0.0366990574102405
PRRG4,0.7081723739342198,0.0367537190278938
ZNF384,0.7030236795416211,0.0367594954509185
TSC22D4,-0.3731782208516616,0.0368422708870161
KCTD2,-0.2955564958513612,0.0369134570920185
ERCC8,-0.6560220872069529,0.0369214495318926
C18ORF8,0.1843372825172853,0.0369663589656795
OR2H2,0.7654575213080621,0.0369952100791118
POLR1E,-0.3929624932033722,0.0369970345834748
INSIG1,-0.8782532533547345,0.0370215000985313
GPX3,-0.7715572004466615,0.0370231188062948
OMD,0.8777841341065686,0.0370435239854071
KDM4D,1.011918734148765,0.0370784683230142
PPP1R8,0.3329177519662902,0.037101779688987
HSF4,-0.5917132500099989,0.0371085317937979
PSMC1,-0.2074268359564932,0.0371725352454078
FBXL15,0.5803724127709851,0.0372608048759026
RNLS,0.8254747821177641,0.0374003354398037
APCS,-0.4218637939311067,0.0374403714160069
C11ORF58,-0.2695369120975996,0.0374754525145317
RP11-680F8.4,-0.8188179172460162,0.0374936192690435
UGT2A3,1.4055226479745089,0.0375051281720219
PSMG2,0.1584442567651756,0.0375558273057538
CDT1,0.9883724530492692,0.0375687209714541
PTBP3,0.5573553367172845,0.037622014528274
ADPRH,-0.8830471606040149,0.0377203443506359
DLG1,-1.1102632510799406,0.0377377783512513
GMPR2,0.4042335482324208,0.0377678842154931
IPO5,-0.4068755811967524,0.0377913532645806
FXYD1,-0.6975206856725169,0.0378247176073683
LCT,-0.5852401124215998,0.0378264533978966
PIGV,0.7979867863235715,0.0378266295732453
SH2D3A,1.204212839414737,0.0378507022600689
PSIP1,-0.6254302850050797,0.0378897087972663
IL21,0.7015349279270042,0.0379864225616424
PTGER4P2-CDK2AP2P2,-0.9858485238082216,0.0380386133151247
THAP9,1.3617684823143357,0.0380634989646055
MAPKAPK3,-0.4610747602369409,0.0380726168663196
SGCD,0.9330953565413216,0.0381423669027846
DCAF11,-0.2728709311089901,0.0381971193620832
SLC25A30,0.9217466383643068,0.038208454602534
ACP2,0.458014336995479,0.038233158941368
DMWD,-0.7714408675962137,0.0382930941815898
SAP130,0.2003969811701349,0.0383333488524792
DDX51,-1.0433433543558477,0.038381080328118
RECQL4,-0.4664353319773839,0.0384637244488445
RBM42,-0.2834889326636727,0.0385007010111487
TUSC2,0.3584768114272636,0.0385096596758567
NEIL3,0.5308332022064786,0.0385186909028484
PITRM1,-0.4210286761429902,0.0385486234634056
HELLS,0.7111456498301472,0.0386001144086294
SLC19A1,-0.5870173783872246,0.0386256600159235
KRT8P12,1.1290811913072556,0.0386303740892952
IRF8,0.6517979209752589,0.0386330791287361
BUD31,-0.5747795926551613,0.0386748663538133
PLXNA2,1.0262393440739874,0.038705505788123
STIM1,-0.3570428631508902,0.0387396042715886
FGFR1,-0.7310242548658055,0.0387556432134225
PGM5,-0.9791961505228226,0.0387616556323925
SASH1,-0.6036819600155301,0.0387766153558832
PCBP3,1.0910979602041913,0.038779773748307
PHB,-0.3674586206139416,0.0388106326220755
PTMS,-1.081114387535144,0.0388910103554225
DDX3X,-1.110350409806161,0.0389330652499175
ATP5J,-0.3110545270502367,0.0390061934383634
C1ORF216,0.3035694466420171,0.0390372619067267
HBQ1,-0.2799769867748898,0.0390444523887803
MYRF,1.098259856844555,0.0390575435149474
ITGA1,1.508972603529922,0.0391022034384272
UIMC1,-0.2263691910319689,0.0391290234855659
PRPS2,0.4175123151840978,0.0391306479732289
TMOD1,-1.2941648288908132,0.0391310511536915
DHTKD1,0.5927615641482937,0.0391466561190617
LASP1,0.4859235783148765,0.0391953762167373
SPRY2,-0.7492171782143622,0.0392110121389411
CADM4,-0.8395412738930979,0.039236782570473
ENPP2,0.5105089616379406,0.0392574790038524
TRIP13,0.5242733318335651,0.0392607149988296
BTK,0.4836455114750357,0.0392943955757801
ABHD10,0.4010226456575747,0.0393123820410387
ATP5A1,0.1353050220286586,0.0393128173902533
WEE1,1.0320455837071334,0.0394087889743975
KLC1,-0.265637393249424,0.0395317568202033
DECR2,-0.3369108291132043,0.0395912766502716
SNORA21,-1.242631627085311,0.0396463540833469
ANP32E,0.4696739127736364,0.0396553830738506
ZNF75D,0.5558991012515051,0.0396652751563709
CTTN,-1.610665395971691,0.0396864912849941
SENP3,-0.4922001781819585,0.0397230932097901
CCT8L2,-1.013619893791427,0.0397589026646187
ZNF544,0.3604843558808071,0.039775176952926
PLEKHB1,0.6873871536183076,0.0397936382880246
SLC23A2,-0.5785400013370694,0.0397950727029244
TSPAN15,-0.5456723156159011,0.0398430894157858
PRPF19,-0.2861664104315959,0.0398976643633958
SYK,0.7775527743034996,0.0399045616809964
RNF24,-0.385101353620584,0.0399102739064278
ERICH1,-0.6339539645490797,0.0399583444703141
SH2B3,0.3986153567794108,0.0400124205757958
FKBP4,-0.4431614526061223,0.0400225323202183
GMIP,1.0241179436770302,0.0400594286069263
KRCC1,0.2579429568429408,0.040090183016688
TRAP1,-0.2245431195050411,0.040119922492226
COX11,0.6224267162853088,0.0401973745368722
HEXB,0.3940313726113924,0.0401974747046189
ASNA1,-0.2372566900693051,0.0401975215146439
RAB3D,-0.5195763178842752,0.0402826255363515
LECT2,0.5293094594974579,0.0403086014062676
KIF21B,1.190633860916451,0.0403265120477278
KDM7A,-0.5142821082561664,0.04039640489205
CEBPD,-0.8888576852114944,0.0404792571891713
ZBED1,0.3836182359013396,0.0405048832443467
ASB6,0.393299928542584,0.0405065307157809
PREPL,0.3489260963158376,0.0405345451297227
MPHOSPH9,1.213700590522837,0.040624439274979
HMHA1,0.6029200106070629,0.0407050970811683
RASSF8,-1.1992019983575046,0.0407406458121612
GPR68,-0.675001138410912,0.0407555239353807
DBI,0.3145003341595025,0.0407601206294234
KIF20A,1.6373692128659467,0.0407683613562842
CST1,1.4888499309604435,0.0408733760420471
PARPBP,1.0351276454151117,0.0409987455997275
XIAP,0.3858935375809214,0.0410832787678071
COPG1,-0.2314607511997444,0.0410891266812695
SLC25A46,0.3220730998218748,0.041162251908221
NCS1,0.7501360551535221,0.0411626308004164
NUCB1,-0.5395228870873421,0.0411726444824276
MST4,0.5814330414263225,0.0412159009728955
DTNB,0.9504963985614552,0.0412199080196569
RASSF4,1.097060136297217,0.0412489184779387
ADAMTS9,-1.1399318303330253,0.0412629447468326
ADAR,0.182096510182756,0.0412674517502658
RWDD2A,0.3227134037142605,0.0412849724116548
IST1,0.1429297203319919,0.041333950881568
KCNK15,1.2585894582734714,0.0414274395266861
RNF115,-0.1817836216423618,0.0414439951353453
PLA2G4C,0.96739155337937,0.0414485336215426
NDUFA10,0.239490116310078,0.0414487063723255
PLA1A,1.2927995810273163,0.0414522406178627
KHDRBS1,-0.3464680879884962,0.0415169367610169
MLNR,-0.8487094441486174,0.0415232330570858
LILRA5,-0.3216076979735804,0.041636254655999
HNRNPH3,-0.4277623788987732,0.0416568318612517
FANCI,1.4223854668671247,0.0416865659125968
GSTK1,0.3376268607083048,0.0416905233050288
CAPG,1.096420174859272,0.0417310800580311
SCRN3,0.6520132879668026,0.0417853564466895
F7,0.3404910939613117,0.0417930138172934
SCP2,0.3247807146046018,0.0417955173192603
HIST1H2AE,0.8705306696999644,0.0419052081224068
KIAA1045,-0.7272941620396667,0.0419208667320463
METTL22,-0.2139532923627483,0.0420308443294006
PTPN21,-1.223574049728584,0.0420444487197158
NVL,1.1523719395636558,0.0420493779769602
GDF5,-0.977509831045186,0.0420548023992391
EPHB3,0.7808417059867674,0.0421428948311735
LYPLA2,-0.2995102285730482,0.0422073788786289
ELF4,0.8786556219671482,0.0422124673995319
C6ORF123,0.8459286588436701,0.0422347828422596
EGLN3,1.2295507218553403,0.0422927936817296
FGR,0.6329537701089691,0.0423249594895115
ASB1,0.6747773826992916,0.0423933021963633
TRIP10,-0.376330136517069,0.0424373959103933
NUP188,-1.031307519806143,0.0425102949528004
MEIS3P1,-0.279610572716555,0.0425500794574916
HESX1,0.8048083461957383,0.0425588510892333
ST3GAL4,-0.9478485606711438,0.0425661220259682
C9ORF40,0.4719272828638399,0.0425738130784199
LIMK2,-1.038207732276944,0.0425741017156683
ADH1A,-1.0068496800218243,0.0425868977634687
ZBTB16,-1.380192713041982,0.0425889193965275
MCTS1,0.2265110900620435,0.0427420228576651
MTMR4,0.2422286958580723,0.0427509736282711
MFNG,-0.6473701025821681,0.0427673515170184
TAS2R3,-0.1626870757720131,0.0427784838474023
LOC101930405,1.3265758149248992,0.0429054243285804
FBXL4,0.4491509697577163,0.0429488597885747
EBI3,1.2663290210344318,0.0429680708569835
CR1,1.3804842479147243,0.0429897298458546
SLC38A3,-0.7122717576020721,0.043018646229842
MYL12B,-0.4081951722996084,0.0430404656038359
KREMEN2,-0.7788644640408133,0.0430911081821233
FAM153A,-0.608570269327541,0.0431065523872242
HIP1R,1.4190804550179816,0.0431364094735197
MED15,-0.3613779936993762,0.0431445785941664
CLUAP1,-0.3847720744953529,0.0431787262926303
GATA2,-0.3954845738247377,0.0432403310946257
GRIN2A,0.8446800516083064,0.0432444317864838
PRRC2C,-1.4386035789653162,0.0433065494068823
OTC,0.8035400463329352,0.043330108155187
SNTA1,-0.4568201967613241,0.0433537899815089
EIF3G,-0.2393340814115134,0.0433617606739055
WDR46,-0.5631697143380254,0.0434413805659785
ISOC2,-0.2815010194475125,0.0434484645088965
CXCL12,0.6633760206571591,0.043452337442265
SAG,-0.8276794572764983,0.0435372355462073
ZNF550,-0.9485924550625882,0.0435846044596647
H1FX,0.991615180218087,0.0435876151809867
WDR7,0.4284014428171616,0.0435923626005423
FCGR2C,0.7060765422129389,0.0436607753457764
TRIP12,0.198446478686245,0.0436880127066178
CA2,1.3207815468633075,0.0437080455033686
CCRL2,0.4553517375662093,0.0439444517171366
BTAF1,0.4004789518571847,0.0439856681757041
HAO2,-0.5730980794675435,0.043991545073492
WTAP,0.4663487982282461,0.0440022800366935
PNO1,-0.9205904563746624,0.0440511707787531
GPC1,-1.168196929098737,0.0441170687189634
SERGEF,1.1907686013777423,0.0441446458263059
TSSK2,1.2124849319159647,0.0441634694273496
FAM111A,0.4593922322359027,0.0442101026085944
HMGCR,0.3866921302482149,0.0442143885448951
LSM1,0.2601514855552338,0.0442797788401195
MPDU1,-0.2894737767396425,0.0442800368429139
RAE1,-0.8503021442522494,0.0443324580330379
MBNL2,1.2094927119465195,0.0443362924298052
CDS1,0.9467998656849206,0.0443476339430342
MFI2,-1.0534048178216224,0.0443944012927892
PCDHA5,0.9459006124463444,0.0444323656946815
KATNB1,0.6427548545092199,0.0444425327408768
HIST1H4I,-0.8991589595317713,0.0445111578328133
MTERF4,0.4493483819989121,0.044555247038651
NUP50,-1.1374881649499455,0.0446046462939715
C16ORF70,-0.4582311594737365,0.0446665770437853
ADRB2,0.5372557429273126,0.0447680171799468
DRP2,1.058501832620915,0.0448082804682553
FN1,-1.018920839883334,0.0448138034573007
GPR4,-0.546508950124057,0.0448272892759064
PARP4,0.2966679406993364,0.0448429095850942
SPATA2,0.7802329363275744,0.044867717309689
SLC4A4,-1.1799384509983502,0.0448817908801037
HIST1H3B,-0.8503909801414486,0.0449032542481972
USP39,0.3783884431401345,0.0449192822238794
EHD1,-0.4502370769911872,0.0449288243297087
MCM10,0.8851158908256647,0.0449720340866946
KCNB2,1.2251277271786871,0.0449829440843322
EREG,-1.6157783516658712,0.0450752748286979
RIPK4,-0.7728859698496926,0.0452043391652323
RREB1,-0.844911068940541,0.0453130460425178
NNAT,-1.0470410710334883,0.0453757515033704
DHPS,0.7279732089223128,0.0454026977264203
FAM110B,-0.3430786286160803,0.0454187585997321
WHSC1L1,0.9096699165262478,0.0454191046205869
TRIM37,0.2713682240642523,0.0454373545277334
ERVMER34-1,-0.7641014309599665,0.045454135971241
TAOK2,-0.6760051563466369,0.0455110835319769
HBZ,-0.37363458433803,0.0456716060640161
SEMA6A,-0.7854778407950382,0.0456868921784167
PROL1,1.0474981266600478,0.045852243382961
SSX2B,0.842893303239912,0.0458597151167476
CLDN11,-0.6221945924553571,0.0458864276970087
USP47,-0.1933434601641348,0.0458967647798983
RAC2,1.0274101335067378,0.0459129849947418
MID1IP1,0.2644193282199616,0.0459238795568009
SYN1,0.9111253681264024,0.0460387497901205
LPL,-1.9168019731697568,0.046105053951759
GSAP,0.4953037448910287,0.046167224994114
GLCE,0.3414230296920122,0.0462619198493113
CYP7B1,0.530330230366097,0.0462638642296134
HIST3H2A,-0.4821770618223473,0.0463012591318538
PCK1,-2.968678412239681,0.0463056206098844
IPO8,-0.4366668003835281,0.0464139766671579
APOM,-0.4081796749239217,0.0464435393789702
LPXN,0.5830627216817739,0.0464592134046317
PER3,0.6105531562974065,0.0464660350354637
BBS9,0.954500832063614,0.0465671352042042
COMMD10,0.3417320574719475,0.0465674214248113
BDH2,-0.4085379806293439,0.0466868971458966
XRCC3,0.941719086075429,0.0467410530000086
ALPK3,-0.8015605594315067,0.0467836693671396
PSMD14,0.3638604965383987,0.0468070970321511
RGS16,-1.4954162574716552,0.0468161268979326
OR2B6,0.9894495244777,0.0468299445846335
FCGBP,-1.3267517758465788,0.0469564228166002
HMOX2,0.5360617215676795,0.0469799113473032
CAMK1,-0.3300396328832748,0.0470808782992939
KERA,1.1247093384532727,0.0470924842555337
SLC6A8,-0.6788026746038982,0.0471751891618922
C11ORF80,1.6449509240576052,0.0472047679774118
ZNF8,-0.3017596112064433,0.0472846068296436
TGM2,-1.331828075270402,0.0472902969991095
POLE2,0.2892947872911025,0.0472921631378191
SART3,-0.5389506939938098,0.0473227928440216
OSM,-1.090808466461973,0.047341984451136
KIR2DS3,-0.506080574090233,0.047350374638572
MICALL1,0.8286486882770916,0.0473572655318614
GPR45,0.6361422979670368,0.0473715648418449
PRKAR1A,-0.5380079743538264,0.0473773698507494
UBR7,0.234352763570925,0.0474616667822455
HIST1H1D,-0.5111563776145198,0.0475198968506147
NARS2,0.3298490106638372,0.0476059184976769
AMN,-0.461892298148979,0.0476084601520275
MID1,0.9649639318297414,0.0476360727064215
KCNJ4,-0.5944762327547162,0.0476533456113138
SREK1IP1,-0.2604889014986247,0.0476963009441388
MC3R,0.9688621093995424,0.0477257883548121
HOXC11,-0.3599729015833075,0.0477335300579777
C11ORF71,0.3003533852722544,0.0478867130148591
C11ORF63,0.3946346648465733,0.0479141534933898
NRCAM,0.6469819486101676,0.0479328477794668
CDC37L1,-0.4014712889189198,0.0479618653557714
SEC62,0.2138025535365315,0.0480378704068669
DNAH2,-0.4023433834035832,0.0480847015217374
ABI1,0.3144670253894102,0.048166985736242
CRYBA2,-0.4426685496217728,0.0482222557192429
AGO1,0.2483379097465725,0.0482458581749259
KIAA0391,0.7508819352695832,0.0482995815705401
WDR91,-0.3911986576488742,0.0483374755640628
TSG101,0.2763961738022704,0.048347993368608
KDM5A,0.2814934907057846,0.0483720941365835
SCNN1D,-0.669458248847282,0.0484148284889042
APOE,-1.0776448873570867,0.0484672502023126
LLGL1,-0.8977950189720483,0.0484719691910148
STAG3L4,0.3508683881561305,0.0485209250955433
SMG9,-0.2759755524513432,0.0485691630422083
TUBA1A,0.3988353170487002,0.0485890393948651
TRIM14,0.6084652193172371,0.0486328181379744
SOBP,-0.514515132520474,0.0486463819439279
TRA2A,-0.8421310498760164,0.048726524628519
PRPF40A,-0.4907585887692356,0.048763288165879
TROVE2,-0.5003285251167666,0.0488158162908966
HRH2,-0.9018631147803298,0.0488177657016968
SOX5,-1.7428002894064747,0.048817857818688
RIOK3,-0.6590493870665366,0.048846366059144
HAMP,0.4152914079426946,0.0488820136932935
PSME4,-0.4809487754987582,0.0489388381475348
PEX16,0.7956910132482413,0.0490058428422917
PSMA5,0.3159595402487127,0.0490435729147227
DHX16,-0.2113542875366238,0.0490516404772432
BTN3A3,1.1837002301307784,0.0491018332594478
NOTCH2NL,-0.7330002305255832,0.04911087236703
PTPN4,0.249790807402336,0.049128975977376
CASR,0.7847571512280136,0.0491722357801324
ARL3,0.7320574284507018,0.0492166321089962
CCL19,1.4123017233850383,0.0492300865332425
RGCC,-0.5680946909663884,0.0492710067057634
SV2A,0.8711034404076807,0.0492763226598205
ZNF552,0.3369716333512595,0.0493246677749277
STAP1,1.4135815826420242,0.0493351422508645
KDM6B,-0.6987213050916168,0.0493717078968402
AKAP6,-0.5544897335314856,0.0493788839838672
ATP1A2,-1.3812344393662732,0.0495406205175052
C6ORF211,0.4097911658307644,0.0495591728209802
ORC4,1.0854777564767382,0.0495705455522851
GPR25,1.2126328797769648,0.0496030019008315
TNFRSF10C,-1.3845968334033558,0.0496502916374757
GLT8D1,0.4260322075873883,0.0496833268029302
NEUROG2,-0.3830181839971853,0.0497313569627189
AGFG1,-0.949107966941237,0.0497492083397608
CD74,0.4673536035908796,0.0498400205833593
EPYC,0.7293129293706029,0.0498746084801751
KLHL36,0.8085174450170163,0.0498953130310411
C21ORF59,-0.3737627642179877,0.0498954047857791
ADAM8,-1.197468571057501,0.049926641052798
CCZ1,-0.4759039050983551,0.0499621468141138
HADHB,0.3294208025947238,0.0500075946953853
PITPNB,-0.2446515679192504,0.0500085887539894
TUBGCP3,0.3815424473824151,0.0500235266069367
CCDC64,0.6783090140716341,0.0500605766056348
PGK2,0.5855960481065079,0.0501174699396094
PRM2,-0.3205085463852457,0.0501498187929602
TM9SF2,0.1864826782593187,0.0501785326941306
ANGPTL7,-2.055011379065597,0.0501825906786454
RPL34,-0.1221372203637685,0.0501842368277853
CHD9,-0.6347710459480096,0.0502204405399469
PHKG2,-0.3187042097824282,0.0502642652818346
SLC6A20,-0.5137543239337412,0.0502683244411292
HLA-F,0.4138243225707949,0.0502927209171512
PEX7,0.8490369610193671,0.0502966901897489
XPNPEP1,0.2737707424040483,0.0503238157717277
LRP8,0.4222585039496165,0.050368980600546
KLF12,1.0302582841642591,0.0504162643032671
SPIB,0.791279842418656,0.050430555076355
FRK,1.3056827329293794,0.0504523310552288
YWHAH,0.31975394529365,0.0504796016566156
WDR73,-0.2192864274779253,0.0505031693213667
ETAA1,0.7317011649648455,0.0505274027867373
MAPK8IP2,-0.5621617359322428,0.0505431653282129
NCOR2,-1.1482715255616194,0.05056582059861
BHMT2,-0.8230883423965585,0.0505700963919585
RAB33A,0.560220543343708,0.0505893784213723
C6,-1.5009991553518809,0.0506651303459471
COL4A2,-0.676921756030513,0.0507074479177767
WDR47,0.4295312611477779,0.0507230986330395
EIF5,-0.6767016763174736,0.0507366377169205
LCAT,-1.4051859735595764,0.0508080326072842
TAOK1,-0.6005034977203536,0.0508391806832199
KIAA0319L,0.480666981526693,0.0508635689777543
SUN1,-1.4593818780217562,0.0508701339260676
STYK1,1.1972479596497934,0.0508754164515482
ZNF23,0.5063998225568636,0.0509060972238037
MAPK10,-0.7212372442261668,0.0509765917058684
XRCC1,0.5640301874836968,0.0510063898042358
GNAT1,0.6366955456947161,0.0510250723045924
PTPN22,1.1013815370950013,0.05104871041147
KDM3B,0.2606068344258485,0.0511086172761698
CA5B,0.879128407509401,0.0511359147817091
B3GNT2,0.4509049030671317,0.0511744812824325
ADO,0.5088094771345908,0.0512127959535541
PRUNE,0.3877915410812385,0.0513227842957259
ELMO3,1.032421697969058,0.0514277771580074
MISP,-0.8163695797929957,0.0514308679914863
GNB1,-0.317419026820863,0.0514998682963036
SYNRG,0.3234237196107106,0.0515534756026527
TFAP4,-0.6953728882284187,0.0515615210597766
TSPAN13,0.8358688958266125,0.0515940031365839
IARS2,0.3386598818012132,0.0516182329648872
PARN,0.4623253822441349,0.0516575889110659
CLCN4,-0.9060599544104422,0.0516877398797994
RP5-1118D24.2,-0.3418320984069769,0.0517202148828745
ARID5A,-0.7010160467890127,0.051741627130195
KHDRBS3,-0.4940143903046969,0.0517876682705296
PDE1C,-1.0713426801413517,0.0518337722724195
RBL1,1.0806915902672485,0.0518888572897396
CCDC33,-0.4001521363945715,0.0519358593562892
BPNT1,1.070851808748586,0.0519695857181491
SEC11A,-0.1869333129437969,0.0519893405016345
MAN1A2,-0.9375080928819042,0.0519983040892387
ZNF214,0.6799458428610201,0.052028609588583
DCC,0.6145534446084673,0.0520816560006975
ARL6IP5,0.5091053875832774,0.0521804915608798
ANK1,1.0267172722836315,0.0522056405461153
OR10C1,-0.5213524579140332,0.0522137449303755
CYTH2,0.2930870966697405,0.0522519726830871
NCSTN,0.3241095216825389,0.0522620321842571
KRIT1,0.6514820580327401,0.0522976301173696
PADI1,-0.4459410390065601,0.0523058916738825
WT1,0.9685924453146332,0.0524202382673693
RSAD2,0.6926113523044934,0.052438197275252
S100A11,0.3546693996847274,0.0524414895204215
TEP1,1.2311410122238948,0.0524819635169041
SMPD3,0.6431654266203104,0.0524943145644465
DHX9,-1.205334993226968,0.0525420984394701
UBQLN4,0.2196752555964742,0.0525519811178868
LZTS1,-0.7260143763644313,0.0525871203473095
APPL2,0.3136296825743638,0.0526594002846465
ROR2,1.0699105085174674,0.0526828142518277
TNPO2,-0.8766617079014041,0.0526847401760218
DDX46,0.2963501149557128,0.0527106179868653
C1QTNF1,-0.3695893372474153,0.0527404033424363
ASCL3,0.7684912569854809,0.0527461001775228
CASD1,0.315646900671501,0.0528155990765235
DIP2A,-0.9219387880067672,0.052847408459531
SLC35A3,0.5756172873660095,0.0529494693736393
APOBEC3F,0.7901631120626318,0.0529732310760152
ZNF611,-0.4588529140771111,0.0529850476485514
BAGE,1.2265252017747672,0.0529919248798756
PYCARD,0.4627452880648661,0.0530230688548539
CDH20,0.3550561764390783,0.0530558009774462
KIAA1614,-0.7721203448884721,0.0530719234699998
PROSC,0.318232341040547,0.0531607233926614
CXCR3,0.856678097031284,0.0531996146122984
UTP20,-0.3688668910884907,0.0532013657775125
STXBP6,1.508753705013583,0.0532155953757104
UGT2B15,-1.0648625878728843,0.0532213066663457
SLC38A4,-1.0884986367063472,0.0532289421817513
NHP2L1,-0.3079893228656498,0.0533764593821424
FILIP1L,0.6429358775896219,0.0533855018877487
HNRNPA0,-0.3215349144272057,0.0533914586857775
PEX11A,-1.279949331982253,0.0533998504465468
NUBP2,-0.4325163709468436,0.0535202385231226
SLC31A1,0.499270976818237,0.0536074093181728
RGS3,0.5505613180018987,0.0536090018925173
HTRA1,-0.324073816576707,0.0536344856515791
AKR1C1,-1.2968244140871068,0.0536443816938426
SLC38A7,-0.9335474089918998,0.0536938004576037
SASH3,0.5647513840201253,0.0537445143884704
IL10,-0.560609700077574,0.0537480515087323
OR7E37P,0.23557967133131,0.0538152736281338
C17ORF59,0.7456913646559569,0.0538990989517694
FSHR,0.3979685247734159,0.0539023550225583
ZNF185,0.3509412494307273,0.0539291634288775
MINOS1P1,-0.6069697982579481,0.0540768451574665
TCF7L1,-0.4894994064733549,0.0541236037851346
PLA2G7,1.0159274440554429,0.0541296187884671
DMTN,-0.2879284566922715,0.054137137109906
ZNF142,0.7428986954927819,0.0541437209325729
TMEM63A,-0.8407568063615534,0.0542188482680491
SOX2,-1.0379291848788084,0.0542744943048184
RRS1,-0.6129613184855938,0.054351525900261
C3ORF14,0.3869432978680436,0.0543697081019778
DGCR2,-0.8760484822036192,0.0543726420166107
SPINT3,0.4796938841067293,0.0545321964853952
GATA6,0.607965274738377,0.0545501179148403
SCEL,0.992626169686628,0.054562434364809
SMAP1,0.2181513947546065,0.0547853369214733
CPA1,-1.1095165878302118,0.0547932523620745
CTC-338M12.4,0.712962928760196,0.0548085517752859
MLLT3,0.8519858163539293,0.0549541135607761
SLC19A3,-1.0747678727673575,0.0549593625946977
PIK3R4,1.2838954797787263,0.0549676669978398
ATP6AP1,0.4479460351591164,0.0549846527838304
KIAA0196,0.2484631575002485,0.0551906578835123
MAGEH1,0.3880692070180327,0.0552013376640794
PIK3R1,-0.6119441184519747,0.0552152810734289
SH3GLB2,-0.4454543400684505,0.0552230993480981
ARHGEF12,1.0110002269430765,0.0552930662410491
ITGAL,0.8615684012291096,0.055338477468259
SMG8,0.1926260336301073,0.0553511575639831
TRIM15,-0.7867066533990172,0.0554970780336261
ZFP69B,1.0519895981955805,0.055512562024234
ATP5S,0.4316789350477075,0.0555791870279392
LXN,0.5659534938996451,0.0555980409658283
ODF2,1.0554122580821828,0.0556153442363474
N4BP1,0.4265184190755233,0.0556209014715518
CTSF,-0.506773960851687,0.0556836448484418
AVPR2,-0.8709689589131404,0.0557031427969947
FLJ22184,-0.3920610606216805,0.0557874719047797
LIMA1,0.4513319520064609,0.0558383684173445
GOLGA3,0.2455127187024235,0.055855722930143
ENPP4,0.6160981479874224,0.0558607887982071
CNIH4,-0.2917027069236972,0.05586642692282
PDZD7,0.6365530469220158,0.0558676952364461
FGF23,1.203999827813054,0.0558975598851484
KIF26B,1.2159202309992896,0.0558979194080364
ITM2B,-0.3588789844507758,0.0558996692931934
ACTN2,0.9676880905956636,0.0559154229070601
LAT2,0.7197612627130248,0.0559683562507316
SPDYE2,-0.5960273541791299,0.0560504752320159
CADM3-AS1,-0.5403162250502285,0.0560800241263084
SUB1,0.4413083572464273,0.0561964533849023
ABCA2,-0.8102013355663189,0.0562101668777053
HSD17B8,0.5150059004389451,0.0562278551620664
YIPF2,-0.5580782016235384,0.0562355147204997
CCR6,0.8686356637441932,0.0563397962240767
ZFX,1.1505109018295614,0.0563647363325408
MARCKSL1,0.6490865594779649,0.0563994603178911
IQCG,0.3449698770833791,0.0564786853143976
CREB3L2,-0.2823489959729404,0.0565776932042006
NAALAD2,-1.0994438700170486,0.0566569924827216
AAR2,-0.1348493711292047,0.0566729386412629
ZNF512B,-0.4094463785073232,0.0566917591746363
LINC00312,-0.6639447086102237,0.0567600818121065
PRB3,0.5232493227162216,0.0567828283208577
C2ORF43,0.2513199478726555,0.0567864647196036
DDX6,0.6778406500308831,0.0568004680231143
HNRNPR,-0.4447071341641937,0.056811637789364
UNC119,0.9992194857723468,0.0568578631080946
MUC5AC,-0.5730973323755304,0.0568594919949731
MT1M,-0.9058888613649304,0.0568629289378565
ITGB3,-0.6055587579771196,0.0569001960335591
KRR1,-0.5349414194385274,0.056965746407984
CLP1,0.2807155567493531,0.0570037052697082
ZNF202,0.9302165661221506,0.0571908916541853
COPS6,0.2667813634968645,0.0572052931769006
TDO2,1.012741664754876,0.0572308211264663
RABEPK,-0.2588046487095869,0.0572378221093156
MRPS16,0.2586725892677535,0.0572438023709491
NPHS1,-0.4069250353020419,0.057297856893158
PRSS3P3,-0.8296213116214664,0.0573265310460403
KCNC4,-0.5960505094582604,0.0573510607254028
HCRTR1,0.5522550856812156,0.0573563784350903
GLB1L2,-0.5207839705103794,0.0573698086143795
PRSS16,0.7585490005634989,0.057486783890543
GPRC5B,0.5993227037705857,0.0575808766369131
SEC22A,0.2826203344970093,0.0575827737854549
LOC100287590,1.0246974370755932,0.0576047694701533
FAU,0.1876296083487751,0.0576376604021263
HNRNPK,-0.241060435119051,0.0576466354283384
CEP162,0.6913194945349206,0.0576883021427644
FKBP3,0.3932249811991433,0.0577186815165288
ZDHHC8P1,0.8679213454477717,0.0578306445731627
P2RX7,0.7348652672655405,0.0578593047177992
SNN,-0.3713741943886912,0.0578623499295704
TMEM115,0.2550436355678123,0.0578849775346356
CREBBP,-0.57917437697406,0.0579345676217887
RAVER2,0.9478995463403308,0.0581023113238807
BAZ2B,0.4479986626162482,0.0581340135776025
LHPP,0.5950589733768785,0.0581679516116194
GTF2B,0.204761165858871,0.0582277376726486
ZNF430,0.2176990058643717,0.0582816639753589
CCND3,0.3857368842688728,0.0583038799809347
CHRNE,-0.9583263340097484,0.0583206232987344
PTGER1,-0.6959287876992946,0.0584011634540339
LOC81691,1.088326041643923,0.0584114546337944
CUL2,1.2024943349840769,0.0584152535633435
KCTD15,-0.3517756417795628,0.0584462956422108
GAS1,-1.7762442195950587,0.0585306015959964
EIF2B4,-0.2543383504718601,0.0585710711410512
PTPRD,0.5840998672081854,0.0585889430234514
FOXG1,0.6006338733455969,0.0586435487326547
PDZD3,-0.3520667480556785,0.058652473475589
ADIPOR2,-0.2634328853359644,0.0587110734253645
GGA2,-1.0422736865600628,0.0587484634586601
GLDC,0.5773325392297304,0.0587519490019381
ARHGAP32,-0.8983521315969591,0.0587994924543152
TMEM104,0.373261972944614,0.0588037600575235
GNG12,-0.2522733763206677,0.0588038615470484
IQCH,1.244602723964266,0.058848746911903
PTPRM,-0.4601139768008089,0.0588986503814673
FGF21,-0.7107711858051049,0.0589527930413584
ASMTL-AS1,-0.4739184768699007,0.058964154712395
RNF141,-0.2559470819587286,0.0590062722153412
NAP1L4,0.1497000662035397,0.059040450147919
TSKU,-0.7580761407577512,0.0590606295616547
BAIAP2L2,0.7841765588984599,0.0592293101583668
ZNF286A,0.5859306782806666,0.0592322845042225
PAAF1,0.3260564493214364,0.0592441792996965
RSU1,-0.8594702551200024,0.0592517032902834
ITGB7,1.2736642593283474,0.0592540308918832
MYOF,-0.7412496523930212,0.0593611011142229
TFPI,-0.7298381997949468,0.0593953087436599
HIRA,-0.4031172225637229,0.0594262671872581
SYNGR1,0.8332183472701384,0.0594275271590486
SEMA3E,-1.3386356835400086,0.0594947358021082
ASPN,0.9218253350776084,0.0595485561735797
RP11-119F7.5,0.956651754493616,0.0596025528104865
TLX1,-0.4481975172660504,0.0596381883509697
CTD-3126B10.1,-0.4454347671434275,0.0597086721543186
NXF3,-1.170560781483327,0.0597664699423073
S1PR5,-0.3424212255291738,0.0598152139307496
ABCC10,0.4177048814844983,0.0598370757007836
DRG1,-0.2004215633131245,0.0600093852708262
MYO3A,0.5272518537589885,0.0600176643127215
KIF4A,0.4305749089982189,0.0601328904364488
UQCRFS1,-0.1662797093153596,0.0601847656874358
ADM,-0.7532261663731106,0.0601899149881264
ZNF394,0.2465652046413762,0.0602031139645408
TMEM165,-0.4904590653366956,0.0602061234362697
SYT2,-0.5562576279910383,0.0602513692486571
LRRC47,-0.2314024123035611,0.0602872103862495
YTHDC2,0.5738451270022367,0.060314150322648
CHMP2A,-0.1609260128093215,0.0603415598176569
SCAP,-0.1483079835076957,0.0604274975426051
SPRR3,-0.7775137990409373,0.0604381187037874
GCM2,0.9049023154848994,0.0604762734525602
MTMR9,0.2645044239064038,0.0605064861866566
EMC1,-0.9895999799750576,0.0606824228005353
TPR,-1.3851243318147146,0.0607080526522749
HLA-B,0.3263632356639405,0.0607127116161186
CCNK,-0.6928679762326633,0.0608038261594289
ZBTB7A,0.8990997507041483,0.060811711777202
TOMM70A,-0.3520491959702774,0.0608961162827248
AKAP11,-0.6655471362326111,0.0609060906787284
TMSB4Y,-0.9766492280206888,0.0609121807101507
C3ORF27,-0.456628007243947,0.0609201909667802
ATP5D,-0.3010812063274741,0.0609698563119876
AMOT,0.6960621515866441,0.0610195717286385
OR12D3,-0.8078911421575539,0.0610894352853002
LRBA,0.2927780056965012,0.0611142619552675
KCNH1,-0.6287815189757238,0.0611281621385723
CHN1,0.8306531675135602,0.0611782358080084
GDAP1L1,-0.9870916342950844,0.061234314179124
SCYL2,-0.4886985197687297,0.0613332393265123
CDK13,-0.7935674645007529,0.0613646665261577
LIG4,0.366770486533837,0.0613709426810992
NFIX,-0.7551530789406842,0.0614328405129709
P4HA1,0.2923490169064084,0.061435289547572
NKAIN1,-0.5004667937715155,0.0614921804886703
YIF1B,-0.3011113782209014,0.0614926708738588
INO80D,-0.2267387020197766,0.0615819468929667
DUSP12,0.3981703811108197,0.0615882793764497
MPV17,0.4605452733657351,0.0615986983267695
NACAP1,-0.5000682318782257,0.0616183771500542
AHI1,-0.3238522651316184,0.0616195352006326
SET,-0.3878306435573861,0.0616702035135302
IL16,0.4791534205222882,0.0617480947489633
DCSTAMP,0.6604016211780683,0.0617508584265069
GNAO1,-0.8868321220339492,0.0617783154005702
CD24,1.2721237710422226,0.0617844967262371
STARD13,-0.404170180450393,0.061785249326531
RFC5,-0.5875190023343047,0.0618882320706019
STARD7,0.1907672085720424,0.0618954158501542
DRD4,0.598940678774428,0.0619172353478664
TWSG1,0.7740313152982274,0.0619947794965947
DOPEY2,0.8347777772442648,0.0620453733343647
NR0B2,0.6256378349579377,0.0620584756025463
TM9SF4,-0.3314065330541602,0.0620858673679963
CLDN3,-0.6562164514789037,0.062098521892951
DPYS,0.7951821930340621,0.0621525874582335
GPR144,-1.0511825061845776,0.0621930185523081
MASP1,-0.9917485547349304,0.062256188135058
LACTB2,0.4380512318609906,0.0623474497426764
MLLT4,1.0347075838100643,0.0624362571295273
KBTBD2,0.173916577467315,0.0625391597894581
TP53TG1,0.72427682086128,0.0626178849891303
DERL1,0.4487787906614269,0.0626331047506934
SUMO4,0.202399931189289,0.0626848905562112
EIF3A,-0.3738686191674638,0.0626919994799882
TNNT1,0.8974452973561604,0.0627357834344518
GPHN,-0.2676007579901327,0.0627542247667867
CLPB,0.5338889662997426,0.0627946004808207
PITPNM3,-0.2528380672518262,0.0628476723042883
PKN2,-0.7517191552002593,0.0629560850765115
DENND6B,-0.3486421225773801,0.0629617187260677
CCRN4L,-0.2518335755241194,0.0629657269438291
C7ORF49,-0.1830230382080255,0.0629950347940512
MAP2K2,-0.4432404856908389,0.0630331105628669
DDX56,-0.2785804394427149,0.0630811819634155
DHX38,-0.3407466235140095,0.0630900612066278
NPPA,-0.2555946780357914,0.0631560661773788
NEFL,0.8963539775630185,0.0632648091694216
GREM1,1.3402638059446366,0.063302517114295
PRKD1,1.1875433011527976,0.0633219247698887
CES3,-0.3108602802387539,0.0633382140417248
XRCC2,-0.45469958615113,0.0633804882209162
BBS1,-0.2697561426073225,0.0633967104047019
FER,-0.6092019418385064,0.0634200825450531
HEATR6,-0.5778221603529703,0.0634975921084919
PNN,-0.458253666517562,0.0635010399689673
GOLIM4,-0.6200591279287595,0.0635035958355628
HABP4,0.6740898392810166,0.0635081403796864
GGA1,-0.9255938611616648,0.0636271625210417
APOC1,-0.9134337435188692,0.0636849044766199
FBXO7,0.2097800452471485,0.0636978903118325
BRD1,-0.3157946674421339,0.0637370307415832
HP,-1.618196995492565,0.0638367166088993
NSUN3,0.2987608004790072,0.0639014020966786
LHX6,0.3627266638102338,0.0639229840755173
AKTIP,0.5493957399052647,0.0639273238868226
PLCB3,0.2718248588415726,0.0640041228971095
BIN3-IT1,-1.0119009289496637,0.0640100217551646
ASRGL1,-0.7244646877644048,0.0640573837656726
AACS,-0.3393425994523387,0.0640970251808568
EFNA4,0.9587142804172856,0.0641204242094973
HIST1H4L,0.9063721767132168,0.064164725932392
PEX5,-0.8408527002122614,0.0642501933891825
TSPYL2,-0.4152758052945664,0.0642938012751002
ABHD2,-1.0780506238850442,0.0643676600610414
EPPK1,0.4067313981717495,0.064381267357971
VAMP7,-0.1223054255774123,0.064420595508582
OSBPL9,0.3412429191024007,0.0644776441377681
BACH1,0.5616011129617249,0.0644820355668976
FRAT1,0.3522705751422137,0.0644944060589253
MYNN,0.2823762334385193,0.0645806894410695
CENPO,-0.4652308692012576,0.0645819132584406
FOXC2,-1.0182946064150125,0.0646298122309064
DDC,-0.538665585544519,0.0646321051775916
SNAPC3,0.3589138234262989,0.0646526272621168
NARFL,0.6632118154953242,0.0646922899300481
CCDC7,-0.5810038374124629,0.0647108092047961
LOC100130741,0.7945705811602659,0.0647891460944738
SPRED2,-1.0586485662785998,0.0648124778238217
PTGIR,0.5007846104528122,0.0649278827059068
LINC00965,0.7153087282850743,0.0649565613746822
BCLAF1,-0.8645130475896954,0.0649662170304169
ELAVL3,-0.8408748129915793,0.0649942036138945
PTP4A1,-0.5386058512745517,0.0650236093057999
PTH1R,-0.3825112741188556,0.0650476699137827
FAP,0.738765772962461,0.0650731577823802
RP3-334F4.1,0.5036946406561311,0.0651226606755652
PPP1CA,0.2958700575763373,0.0651475206802944
RP3-406C18.2,-0.6328891404682224,0.0651993552509161
PUS3,-0.3126215030547215,0.0652016597082013
PIGN,0.6522969089566963,0.0652222618492541
ACSM1,-0.6670661778304825,0.0652342305052455
IFNA21,0.8227080200060461,0.0652659071140151
STRA13,0.4337093413714381,0.065300207690814
TCF12,-1.0941604283097384,0.0654682431144236
RAB32,0.290938355854502,0.0655041182922758
CDC45,-1.1838658683411176,0.0655892015637099
MAP3K13,0.8926787765230175,0.0656408799213551
DYRK2,0.6718971578508794,0.0658621785956645
F5,-0.9083579801481064,0.0658906426498071
TMEM57,0.3530980450663747,0.0659234343794687
OPRL1,-0.7452942998385401,0.0659245673497199
SH3GLB1,0.2272615286485209,0.0659401871691286
PCNP,-0.3142348145035196,0.0659544502138281
PAX8,-0.9083143543458574,0.0661009325576827
APOL5,0.5415002282412194,0.0661358831358402
CST6,1.0594491742797456,0.0661366543115341
CYC1,-0.4153422284699086,0.0661750219800163
TUBA1C,-0.2299419377125158,0.0661832412590264
CCDC90B,0.1718456786616577,0.0662306591974042
TSPAN7,-0.5345756653547475,0.0663147055199448
IGFBP2,-0.7782051531107808,0.0663235183857174
CCL27,0.8512143446813933,0.0663423076649433
IMPA2,-0.5543602626877684,0.0663515881488062
P4HTM,-0.2411114986733107,0.066456509033503
KRT8,-0.4917082500269174,0.0665251309472918
HGD,-0.8461993358025848,0.0665533195888251
ATP6V1H,0.2287874765499111,0.0666223111402007
DDX3Y,-2.8251432582481266,0.0667501390361339
SLC25A38,-0.3485658373128011,0.0667542867389003
PFN1,0.2979562201170544,0.0667775637018321
ABI3BP,-0.8637299462992649,0.0668078830349231
INA,0.6631841286312117,0.0668304497598979
SERPINA4,-0.2863864803988578,0.0668772783310075
PTK6,0.9655876035784852,0.066887238256434
MET,-0.5817902815458469,0.0669049743422716
ADORA1,-0.426066775517314,0.0669897130578545
PLEK,0.5951234951664421,0.0670009556870144
FAM89B,0.3468362815039736,0.0670126038098961
RNFT2,0.901072149873264,0.0670198283667756
IL17RC,-0.4030580090808628,0.0670756301940419
CRMP1,-0.2831483799578649,0.0671951737185816
DNAJC17,-0.6106369830297771,0.0672705415757979
KDM1A,-0.2845970481557884,0.0673006296572079
NEMF,-0.4069729365727692,0.0673110806592828
SRM,-0.4586548827129402,0.0673241960674968
LMO4,0.3762885416017782,0.067545548568002
SSTR2,-0.4729434546652138,0.0676148801969842
KLRF1,0.8582674079573769,0.0677112515672818
GATA1,-0.585890028779497,0.0677402442571677
OR7E156P,0.3426643756150884,0.0677878580579759
PNRC2,-0.21788152126115,0.067821991498671
TBCC,0.3911349172293583,0.0678931148492884
PHF3,1.1872096382123651,0.0679353700179286
FTL,-0.1396721486334993,0.0679641028786514
ALPI,-0.3858692488481001,0.0679680829326603
CNTLN,0.4571760363802015,0.0681161399826402
KLF3-AS1,-0.7858083744418982,0.0682108175117056
MAG,-0.7984841398013804,0.0682341010018765
RPN2,0.3015281714447884,0.0683069329598252
VPS39,0.3564873916505888,0.0683483509932499
POLA2,0.6238622534543365,0.0683521073751124
NEK3,0.3927103617046699,0.0683605250203603
NOS1,-0.8078609119676043,0.0683892096065192
UVRAG,0.3602634793519037,0.0685049957761318
CNTN2,-0.6403903538417035,0.0685110942726805
TCEAL2,-0.9947491386108158,0.0686435475668715
EDDM3B,-0.4909708104600849,0.0686490194970965
HOOK1,0.4823767078686005,0.0686538521307798
TOR1AIP1,0.6223753201017521,0.0687551211853096
OFD1,0.2795424706140519,0.0688260217283542
EMP1,-0.6068046902135098,0.0688369284397219
TRIM16,0.2562186814733067,0.0689404494021457
TUBA4A,0.6231681715387616,0.0690095657509742
KAZALD1,-0.4659665239876567,0.0691408988339139
MYBPH,0.5329607538531724,0.0691529464156383
BCS1L,-0.2167713557054469,0.0691683717006674
RP6-91H8.1,0.424846250103875,0.0691778095657812
CST7,0.8437772062252122,0.0693605708389103
DRD1,0.7780344612243115,0.0693785411978342
ATF3,-1.0396149752546506,0.0694005276483546
MKI67,0.8854340020547227,0.0694065119859989
LAT,0.9759792582060536,0.0694432347450927
MARK2,-1.0479546935958144,0.0694590637364607
IL17RB,0.6210138214710712,0.0694634375618454
PPIG,-0.4134301744059243,0.0695630460359999
DNAJC22,-0.5844297656718638,0.0696812275274185
RPA2,0.2253357403111788,0.0698321506939435
PLEKHA4,-0.9423652653888182,0.0698555662793603
AF198444,-0.9702319903480472,0.0698698676700083
CCDC91,0.4416814992810742,0.0699282653650019
ECEL1,0.5188925748242745,0.0700520007228939
INTS9,0.2193056337812962,0.0700897540877356
GGCT,-0.4451119990575076,0.0700911664714236
GDF10,0.6176792185531168,0.0700991190810979
B9D1,0.7992833267949244,0.0701000422318436
ARHGAP4,0.6640606897490278,0.070113771441267
SMS,-0.3530783457213342,0.0702360929621996
KLK5,-0.75390608133889,0.0703281815178595
ACTR2,-0.4642369271776552,0.0703328402952884
NOX4,0.9419387218087608,0.070425802450153
ZBED8,0.9683063462267034,0.0704384229586764
VIPAS39,0.2143556925970369,0.0704892522016726
ZNF236,0.6909567663228042,0.0704937646357514
TMOD3,0.6663610397209245,0.0705222975367062
CA5BP1,0.7420808533167103,0.0705312821432757
ELOVL6,0.3892199986274836,0.0705615527784672
SARS2,0.2384597400476709,0.0706200384552617
MUC13,-0.7925764966443412,0.0706200844431975
ALG9,0.2154663716493896,0.070656132831694
RIMBP2,0.8856634166901793,0.0707562699113301
TOR4A,0.5880865879793937,0.0707608982645109
TRABD,-0.4166828385740677,0.0708768369726384
ALOX12P2,0.6418446469423857,0.0708956548346322
TCL1A,0.8536449459897373,0.0709449343562993
NDUFA8,0.2263503146569228,0.070978890239227
CTNS,-0.5183203287202565,0.071004112732584
APIP,0.2846503561669493,0.0710184338709827
COG7,0.8107393258760212,0.0712007964462744
BAG5,-0.5680846260624985,0.0712237074265287
THOC6,-0.3669120878443141,0.0712611321227333
SERPINB13,1.059831962605657,0.0713424287864075
HMMR,1.1997816994253778,0.0713522862510168
C16ORF95,-0.6899096925702617,0.0713877505139912
PDGFA,-0.7039269944437585,0.071402389102438
TRMT1L,0.456011873415405,0.0714193632839995
TOPORS-AS1,0.9982881663525438,0.0714709786725502
HJURP,1.0515778908790594,0.071551153809118
RFC3,0.4071207191620507,0.0715708061410535
YIPF3,0.2769799765288248,0.0715801591052662
WIPI1,0.4229334168513592,0.0716044148477892
ITPR2,0.3520052827804862,0.0716267738806214
PFKM,-0.2605868545023071,0.0717090112517124
ADD2,0.8869386525674257,0.0718259760408862
CLTC-IT1,-0.8768051989600787,0.0718465241530146
F13B,0.9511892284909188,0.0718878420879937
PABPN1,-0.629439431060316,0.0719572782716868
DPEP1,0.4190929399396852,0.0719692898743252
HPN,-0.356715911514784,0.0719782233314533
THEMIS2,0.5246240687378467,0.071987437724377
RCBTB1,0.3647009532864187,0.072104255958354
CIB2,-0.922190616089642,0.072199565117165
BLCAP,0.2500325265839542,0.0722209992448516
SQRDL,0.4113199999768362,0.0723224244869429
DLG2,-0.8352326818797846,0.0723257639629648
CAPN15,-0.5994190930372794,0.0723983283555294
LINC01361,0.8971669861193354,0.0724071378792061
MCAT,-0.3184153028968994,0.0724141753780016
SDC4,-0.5599210694013248,0.0724998005982474
COX6A2,-0.3499264033416738,0.0725364849285585
CEBPB,-0.2879794479925106,0.0726406807932896
MAX,-0.4448324938448014,0.0727075966993584
VAPA,0.2110330288497763,0.0727779149611928
MAP4K5,-1.2225050444142824,0.0727952030847133
AIF1,0.7661764741254116,0.0728375029088345
C8B,0.4467815117218574,0.0728625402968619
USP11,-0.315503560677314,0.0728727529262166
DCTN1,0.2363387534557546,0.0729167351309929
SOX18,0.5012983835614921,0.0729510604667783
CCNE2,0.6609739887520005,0.0729621271076408
ZP2,-0.3837912686868927,0.0729628495264026
EEF1A2,-0.7642581672778315,0.0730767107303174
OSMR,-0.6518348123228073,0.0731072575488478
BAX,-0.5121804161013825,0.0731199559160445
ECHDC2,-0.6326250291308817,0.0731440402020577
LTBR,-0.3032540572120599,0.0731520539169871
ITSN1,-0.503394761276331,0.0731768983494809
FAM35A,0.1411511967327285,0.0732560798874779
PCBP1,0.2529497456205405,0.0732997684373228
RAB23,0.4880605720566082,0.0733109572476733
TRPC7,-0.2565207610764188,0.0733614189774259
MRPL9,-0.3104033951865066,0.0734231545552292
SPC25,0.6230961835059832,0.0735360249252278
NAT10,-0.4322030176696874,0.073560337881002
RMND1,-0.3120577722880897,0.073576460083475
PSRC1,0.2361992001437221,0.0736030166545453
MAOA,-1.218634582398794,0.0736381344430937
NXPH4,-0.2391047605594973,0.0736755185382709
AVP,-0.8399312763770208,0.0737346843479262
TXN,-0.3446650948666505,0.073818478921933
UBE2G1,0.3894013486518819,0.0738243030914937
CSE1L,0.4555830101564675,0.0738539667446672
OR2H1,-0.9053637815605756,0.073863190424971
KIF25-AS1,0.8896975149395665,0.0740133148598008
DSG3,0.653955316919415,0.0740214526646663
PSCA,-0.8629907845132596,0.0740349177134954
EGFL6,1.0595228283276263,0.0740359306262209
ZFHX2,-0.4917660904926375,0.0740804204768177
FLRT3,-0.5758601625288442,0.0741676408625596
QTRT1,-1.0974696622670177,0.074178783575554
NDUFA4L2,0.4230870420617432,0.0741978434743921
TTC12,1.0598033057898393,0.0742458102656118
HEMK1,0.7093783817429102,0.0743505709502951
ACSL5,0.385662586460116,0.0743908410616486
NR2F6,-0.8176492553449664,0.07447904042289
ADCY8,-0.9419542591154172,0.0744944392122931
AFAP1,-0.6814444435303049,0.0745141121904141
OAZ1,0.1349066170357051,0.0745551694893235
ARR3,-0.6545029807507232,0.0745888243434157
DCPS,0.2550285725454664,0.0746670132230191
RAB40C,-0.1527090145534737,0.074704028099782
SLC39A4,0.4661381051616802,0.0747103367160379
MSR1,-0.9910588049742364,0.0747237513532416
ALDH1L1,-0.9130458271921658,0.0749395008165832
CCNL1,-0.7303821619981239,0.0750118667116419
CLCN1,0.6226424282813925,0.075041413789076
TP73,0.5610780558055999,0.0752461347205563
ARHGAP44,-0.5182745892294021,0.0754271730054342
IFITM1,0.2064051041786729,0.075440198408317
ALOX5AP,-0.5801411548216837,0.0754767771193693
ITFG1,0.4505888846045671,0.0755611555896251
SRP14,-0.1740376374036039,0.0755840467039146
NEFH,-0.8339208366568478,0.075651390866093
MMP11,-0.6841211086066377,0.0757098305398576
TINF2,0.2950018311972684,0.0757475363821767
MRPL52,-0.3990817664641701,0.0757965714262906
TMBIM4,0.2716920739059159,0.0758347903847103
PLEKHA2,-0.6285990990915407,0.0758578273741454
DSN1,0.5053124199839178,0.0759891528947278
LOC441601,0.864100665057494,0.0759907276304446
DLEU1,0.2870264098060495,0.0760297110788125
THNSL1,0.4430323490885044,0.076059332943893
ZSCAN18,-0.7569754066265091,0.0760676436823698
GPATCH4,-0.2489573057240104,0.0760936488581719
COQ7,0.6559223313529747,0.0761046326135403
CAPN7,0.359695112715185,0.0761402112150255
RP1-28C20.1,1.1590409750627215,0.0761483260109375
NXF1,-0.3283551307412207,0.0762295998717952
EFCAB6,-0.4134371103575036,0.0762866244890921
HSD11B2,1.0181804052757857,0.0762956635392781
GAPVD1,0.1918265168383506,0.0763546630129321
STAT5A,0.2166775772467684,0.0763937864418454
TBC1D22B,-0.9379859300076414,0.0764038926134228
MCTP1,0.6686622639183213,0.0764285591178636
LSM2,-0.1667226761472644,0.0764319068713198
GAR1,-0.4171118992686917,0.0764986920683593
MAVS,-0.3180685565848558,0.0765076595606971
USP48,0.384441539537681,0.0765658197383405
LARP1,-0.3511048538264738,0.0766665212312464
ZNF76,-1.1477587109583869,0.076694801242455
RASA2,0.3106147020215362,0.0767600842627073
SIX3,-0.7941626401348891,0.0768280124303231
AP2A2,-0.3293600228014366,0.0768571056432705
WASL,-0.9645233552082324,0.0769370063209634
FICD,-0.2652011143014157,0.07696590078957
TMPRSS3,0.7589887337017114,0.0770111871567667
SEL1L,-0.5491278022335049,0.0770357339058115
CHMP1A,-0.3046725372209735,0.0770474980631462
KRT31,-0.4273800649333328,0.0771032480391532
STAC,-0.3986409796448162,0.0771196729061555
PNKP,0.2198671675047112,0.0772001161192325
ANXA2P2,-0.2592654667670491,0.0774260081650446
AP1S2,0.308678539513342,0.07743257488632
GID4,-0.8540385317920149,0.0774536625861367
ST3GAL5,0.4536465920680701,0.0774762748394798
PWAR5,0.8659281121373317,0.0776428547458261
CXXC1,-0.2836214969007535,0.077644309954089
CBX6,0.3123827834581973,0.0776493816935909
CDHR5,0.4619557603067379,0.0777744040159213
PPIP5K2,0.4234127515853814,0.0778225435857458
SLMO1,-0.8142619656049481,0.0778437695994396
SCIN,-0.5113874597007131,0.0778528791321818
GK3P,0.9213187910529764,0.077855365376203
PTGES2,-0.3423699161207905,0.0779823238185871
TTC26,-0.5330520789126423,0.0780067190475751
KRTAP9-9,1.03432321648273,0.0780311357998765
ZNF274,0.2422579942112577,0.0780486540111977
FADD,0.3792445554207724,0.0781370561023809
LYVE1,-1.1622183072361132,0.0781532070769306
EIF4G3,-0.5667949310902571,0.0782018846048311
SEC24A,0.4460672234987806,0.0782069755834637
COL2A1,0.9175235964935378,0.0782181472538558
MAPKAPK5-AS1,0.7127891695169479,0.0782340586420656
KIF15,0.582931854132033,0.0782377860623154
BCL2L2,-0.27237890515703,0.0782821092975702
SYNDIG1,0.7737946116539067,0.0785658933676171
POM121C,-0.3863776992441963,0.0785843329888371
CDH11,0.5747970602738519,0.0785882923944201
SCN2B,-0.908003249499906,0.0786324961012839
RAB27A,0.5229118762969858,0.0787550925927386
MAP3K11,0.1997485201320987,0.0787860911513395
GRM3,-0.9257955580323598,0.0788540970949979
CBR1,0.4470530780319404,0.0789380438381397
SCRG1,-0.9185184418035952,0.0789479771002259
SLC25A17,-0.457078295960132,0.0789828113124604
PPP2CA,0.1979844296386748,0.0789999534323548
EIF4B,-0.3506177685054616,0.0790279878652398
DIO2,-0.8642256065915639,0.0790430927309105
TRIT1,-0.3014750485241713,0.0790514564964485
BRCA2,1.1583375873092523,0.0790539960800667
BAG1,-0.2562886106529713,0.0790826424409678
IL18,0.5375076747158767,0.0791289898775746
CCDC6,-0.2867232948192297,0.0791297137178078
IL17B,-0.2779573662971812,0.0791414535426292
ERBB4,-0.8544878382921226,0.0791593501476515
AANAT,0.4233981357355731,0.0792522844844727
CXORF36,0.3885285705935688,0.0792908382934459
CTSO,0.343210992535921,0.0792997184582338
F9,0.6401828923431987,0.0793104231936479
RAB14,-0.4199102556039307,0.0793268538093207
YIPF6,0.3106233711922002,0.0793496805020336
HCG9,0.743900195408818,0.0794014180156196
NPTX2,1.08921056421185,0.0794414842373385
HBE1,-0.8684890358267596,0.0794492843209624
FCGR1B,0.900831635638644,0.0795581110092007
TMEM187,0.4537052427653174,0.0795682375019258
TARBP2,0.1949104508219949,0.0795704687877861
MVP,0.259101978139153,0.0795980165081798
NUS1P3,1.0053032291506918,0.0796068231382413
KRTAP4-7,0.7070086624395824,0.0796223935355004
VPS72,0.1889307494784908,0.0796846178488705
PRPH,0.9767886068066004,0.0797325307840065
REPS1,-1.1733613856244718,0.0797767259131841
SIGLEC15,-0.5663222554503893,0.0798057251847537
SUGP2,-0.6116083919948938,0.07980949988265
EFHC1,0.554261538843213,0.0800306882236201
GFI1,0.7897974564688566,0.0801764804596119
PEX2,0.3731594521483856,0.0802734356650114
EIF4EBP2,-1.080690243242774,0.080428031908316
TNFSF4,1.095220838305134,0.0805237213564084
NRBF2,0.5133243795797178,0.0805721813868459
TMEM11,-0.2807223921102011,0.0805819816178856
PHTF1,0.300780512924728,0.0806190349320999
HLA-DRB4,2.887785384805964,0.0806800515961631
MAP1B,-1.0098059273377062,0.080704194667438
CLTB,0.8259476429146746,0.0808355264029891
FGD1,-0.3400779757864729,0.0808384368065198
RBP4,-1.3697365715192102,0.0808592087193965
KLK12,-0.753492852293487,0.0808740463397144
LRRC8B,0.9114290758492284,0.0809228708483861
METTL8,0.7278777468638822,0.0810273247859919
CDC25B,0.4192771133040143,0.0810371515419312
KLHL25,-0.4200297356826308,0.0810755284616899
SMARCA2,-0.7017690627355231,0.0811753596898041
SYT5,0.7137082234713081,0.0812653153380537
ATG3,0.7744601289782045,0.0813514856690991
RGP1,-0.3086680413807299,0.0814473251060335
ZER1,-0.7559739638004386,0.0814819052072514
ZNF133,-0.2575147575779475,0.0814966694148969
KBTBD4,0.8988501927551162,0.0816711027429594
ALDOC,0.3424082556601107,0.0816901267470906
ANAPC13,-1.0617212137724503,0.0818420601216376
PGBD5,1.0350839350578962,0.0818554759442937
HOXD1,0.9576845267173456,0.0818896247605089
CLIC4,-0.4459130914186229,0.0819294142263313
PTPN9,0.2409970513561674,0.0820334666261426
CNTN1,-0.4346137653688027,0.0821476759291539
HIVEP3,0.7460436952905765,0.0821502329305025
PACSIN3,-1.0995132982035378,0.0821605787138933
APOB,-0.993048778188772,0.0821631949350131
GINS3,0.7638168110387529,0.0821916822825747
SP100,0.5525388622410405,0.0822186833850305
PSPN,0.5948487829822602,0.0822289119852751
GPR125,-0.5190922375509324,0.0822534624361759
UBAP1,-0.4105564875286838,0.0822741707573814
SNX24,0.2535829703197905,0.0823461264555895
UBASH3A,1.281508561663964,0.0823599829833143
PIK3R2,-0.3334255010196525,0.0823741787625884
MYO15A,-0.3408572102091947,0.0824210014896696
IFRD2,-0.4048534580801064,0.0824442248261473
POLR2C,-0.2933772894186139,0.0824619918994282
NDUFB8,-0.5529954364310523,0.0824810277460146
C6ORF15,-0.5594995951108626,0.0825321836903848
SLC30A3,-0.1700410719312417,0.0825743021350394
COPZ1,0.1805070920577876,0.0825888441672779
ZNF43,0.3494596445572897,0.0826013778189447
SFPQ,-0.8302876471607927,0.0826176383133438
GRIN1,-0.5762764308698989,0.082675726760288
EPN3,-0.3570686511476513,0.0827312849550517
LYL1,0.5359110853455551,0.0828181510844788
DNAJC15,0.2463273707608202,0.0828333537460302
ECD,0.2328285903041056,0.0828897789833935
POLR3G,-0.4367460015638569,0.0829110635911999
COQ10B,-0.2218902046503572,0.0829333172954864
ZMAT4,0.3337780628380584,0.0829344105776236
WDR44,0.3121803829577771,0.0830176401449345
RAB26,0.8842830204705914,0.0831229916028003
TLE4,-1.214094708318314,0.0831593740376712
SPCS3,0.4187423160597117,0.0834039949033014
MAP4K2,0.6928832785758683,0.0834194383217081
CLPTM1,-0.2402221706440155,0.083426295375944
SPDEF,-0.7739512128183668,0.0834601249668322
ZNF211,0.4551828286341823,0.0834772671631638
CCL7,0.939811061480909,0.0835232580040244
MST1L,-0.9158697785556108,0.0835302729727914
FAM131B,0.7276542642301962,0.0835488837433843
CUX1,-0.2282588667155565,0.0835498316497404
LMO3,-0.7271492362683061,0.0835842621135321
DKKL1,-0.3447145140590351,0.0835983289048446
CSNK2A2,-0.304448517180738,0.0836731924935962
MAGEA4,0.8479983638372004,0.0837812283905423
STK19,-0.51078680489859,0.0838418274298055
ROPN1B,0.9872548078808254,0.0838876003967226
DBNDD1,0.4947313394842272,0.0839266626268824
SLC35E1,-0.6506656684912091,0.0839476865399671
PSTPIP2,0.4804037316019389,0.0839517870463661
MOSPD1,0.2552683344209292,0.0841601102091091
MLLT1,-0.5503818245968795,0.0842147038931835
TMA7,-0.3718940798128098,0.0842346707727365
CD7,1.1128507432282504,0.0843192865336535
ALG12,0.652349005028884,0.0843198392408831
SLA,-0.5247440907551333,0.0843255597086108
OR7A10,-0.6861952103378846,0.0843273418872548
HNRNPA1,-0.9643229522093932,0.0843510149491134
ATAT1,-0.2713056635349895,0.0843605863880031
TACO1,0.2018195413430081,0.0843936516853051
RAB38,0.7581646779780451,0.084446847641777
CBR3,0.7505085777085299,0.084477626622993
GABRQ,0.347396389452383,0.0845566833561036
PROSER1,0.2720986516862265,0.0845737831597491
KIAA0754,-1.547449908172152,0.0846441180313615
HR,0.4492904236934798,0.0846535648426022
CENPU,0.5888824243286699,0.0846608666921398
STMN2,-0.9652850852562668,0.0847354249419408
ZC3H7B,-0.9769887214570838,0.0847447749692892
SIX2,-0.5559018705332797,0.0847953030220973
SSB,-0.4189747103078183,0.0848423664871696
HSP90B1,-0.5148758967762159,0.0848491682359868
POR,-0.2550943314302287,0.0849764044272313
GH1,0.5914398251084076,0.0850816473701316
NMNAT2,0.7034158272054967,0.085089513074826
RPS28,-0.71814138221802,0.085099545706043
PLCL1,0.475713423454505,0.0851317520584961
DGKI,0.8028676587848329,0.085263788988886
ADCK4,-0.9228246198338504,0.0852762842753995
TXLNGY,-1.366106927572683,0.0853742460733143
TMEM8A,0.3493467869746833,0.0853829590132924
TRAPPC12,0.3860178864312438,0.085391110925359
FAM162A,0.4055742737613874,0.0853993288977161
ALDH8A1,0.5702005336985234,0.0854020594169029
ZNF440,0.8816991807122303,0.085421204137859
RPH3AL,-0.3091262419337157,0.0855969209793831
TUBG1,0.2468223163369405,0.0855977027437618
C10ORF2,-0.4898434536944158,0.0856693524655138
IL1RAP,1.246909140292444,0.0857134379473281
RC3H1,-0.5005192532343292,0.0857283922843901
SEPHS1,0.4293914780087515,0.0857628779731454
C21ORF33,-0.2797318572832985,0.0857697239649827
FMO1,0.7087680429112408,0.085903066007751
PQLC2,-0.4931367632942338,0.0859152100981369
SF3A3,-0.2098045978092759,0.0859725878822813
IRF7,0.4265965610626896,0.0859783212775174
ZFC3H1,0.2613534689253676,0.0860500746420504
CEP70,0.3691460047639188,0.0861105281195529
POLR2G,0.1958973397084094,0.0861246721356707
PLEKHA8P1,0.5882329781904909,0.0861249738460053
FLNB,-0.5030737891804691,0.086230105136765
CLEC2B,0.3157673656568516,0.0862646241850228
PPFIBP2,0.9440543969233284,0.0862834297530521
DDIT3,-0.2531049373848457,0.0863216742155068
DCTD,-0.2893210662802801,0.0863731240501259
RBM3,-0.4847094603290536,0.0863883614510792
GTPBP3,-0.2559510283368187,0.0864088056736616
IMP4,-0.357446997767699,0.0864692118770255
SLC27A2,1.1417182274313653,0.086705644345403
FAM215A,-0.6976341897143215,0.0867697259806614
PPP6R3,-0.2024483165312425,0.0867790924718842
MAN2B2,-0.3077760569744558,0.0868181493135551
TSPAN9,-0.6892518506715621,0.0868285796511164
UPK3A,0.4435632960126754,0.0868665656543201
GCNT2,-0.9097215671717276,0.0869137539752797
DNMT3A,1.00825503552836,0.087005982527943
CTRB2,-0.2606315513494603,0.0870142396552248
SPATA5L1,-0.6165513492327088,0.0870527247020691
ZBTB38,-0.4813361752604148,0.0871065640414819
ZNF532,0.308714151953362,0.0873593033305019
CYB5R4,0.3860400615225536,0.0873952992883516
HPSE,0.4837716891635679,0.0873980703077689
TTC17,-0.2650262716715517,0.0875453095483836
SLC17A1,0.3076244986260628,0.0875599267293288
SERPINE1,1.1940561583579594,0.0876260804812929
LILRA3,1.0806533320860758,0.0876790116247496
EVC,0.9588500982578312,0.0876821517238747
CCDC92,0.4214977033270504,0.0876908797587655
SGK1,-0.503188872916823,0.0877625664312179
LONRF3,-0.3799599143412742,0.0878614499671326
ADAM11,-0.4628136699884644,0.0879662421914364
SPSB3,0.2613705070181105,0.0880135218554753
MYCT1,-0.4236264436175787,0.0880565830280368
SRPK3,0.5218133460152625,0.0881042408926531
TBKBP1,-0.5860506862467227,0.0882241243061697
EFHC2,0.5623634178299612,0.0882256078159502
HSPD1,-0.4812784906039944,0.0882745743267636
BC069776,0.3375021547132242,0.088324843590879
PKD1P1,-0.9779920520556606,0.0883360643687617
SF3B2,-0.3183805869578204,0.0883994805421487
RP1-130G2.1,-0.7939276812749219,0.0884251924843538
SEMA3A,-0.8079712677770621,0.088425961347636
LPAR2,0.5061302753955372,0.0884851903053364
NDUFA2,1.0267744747177403,0.0885118933743325
GOLPH3L,0.5878764400910992,0.0885234439285909
IGHD,1.7666045839004196,0.0887577665638966
OGDH,-0.3483347119766833,0.0887764142389511
ZNF226,-0.2717334347011979,0.0888007031040899
PRSS21,0.9618187830636176,0.0888504803409407
CLCC1,0.373617833032819,0.0888940574551324
HBB,-1.5217881679632654,0.0888970405882915
MFSD5,0.2342228555105414,0.0889113842039002
GPR176,0.4416569772293632,0.0889481989509517
ENO2,1.187741655065187,0.088983573394996
SULF1,0.5396848783290249,0.0890627541615708
FSTL4,0.4857157856201137,0.0891270156165718
FLOT1,-0.9166879933962164,0.0891360278678681
ALPP,-0.2751708251053393,0.0892330789577608
ADRA2A,-0.6290993616961984,0.0892825815614604
ZNF225,0.7306120491677905,0.0893400693646219
ZNF667,-1.1051143380491428,0.0893646339954646
TRPC5,1.205751215282563,0.0894465377910322
GPR126,-0.5221036071126166,0.089471925127103
VAC14,1.1200199032569529,0.0894970785468468
STAU1,-0.268641162302913,0.0895252806408909
ENC1,-0.8715135873629647,0.0895640067356052
GPR65,0.501893217559644,0.0895903310469038
OBSL1,0.7712299942417706,0.0896418715590234
ANAPC15,0.2126298316075274,0.0896540264274495
BCCIP,-0.4465752339769926,0.0896693166381057
STIL,0.3506626993290682,0.0897210757275271
KIAA0430,0.3325648280374818,0.0898791633248342
PAMR1,1.0098951124245623,0.0899095531242674
TACC3,0.9453736226783588,0.0899767699482965
CD244,0.7436105362730476,0.0899958339869828
PEX5L,-0.5051245388606351,0.0900449946169409
HTR1B,-0.9179524362686752,0.0900517841377704
MED23,0.269367754027316,0.0902294240253216
G6PC2,-0.2943300917796385,0.090250239342275
UBE3A,-0.4646144268868113,0.0903942391012506
DUSP4,-1.4637473374324417,0.0904430526166354
WDTC1,-0.2695905307924828,0.0904654970024119
PCIF1,-0.6664170717682447,0.0905770304706561
C6ORF25,-0.5844780892837838,0.0906329654294509
CLASP2,0.3855888885475194,0.0907196997806735
NPAS3,-0.8811497959047379,0.0908720704348604
DOK2,0.4304857807118321,0.0909394615556178
SLCO2B1,-0.866726704125691,0.0911224448708181
NAB1,0.4346937420259591,0.0911331241282474
TTLL7,-0.5909792794676809,0.0911678830479648
ZNF419,-0.1755102394832768,0.0911798736539729
PPM1E,0.6393910984182924,0.0913037513826385
PRDM16,-0.6317999076841856,0.0913263015901388
COL4A3BP,-0.3329298196696815,0.0914002876479686
KLK8,-0.6221349582762956,0.0914240186698291
C8ORF60,-0.4208941731037523,0.0914649470563963
CEP68,-0.4226216176564996,0.0914866949843271
EXTL1,-0.6978308464760103,0.0915342736080433
TMEM209,0.8632003111131672,0.0916495250828933
FAM160B2,-0.2832858116816492,0.0916525285780635
ASTN1,-0.7473347133466377,0.0916670166095635
DZANK1,0.396046922221438,0.0917864326884927
RSG1,0.2804434556215671,0.0918447691241873
CEP63,0.3045206683845123,0.09191148350884
LOC79999,-0.5834555980266778,0.0919936624410403
COL13A1,-0.7507977772614529,0.0920173172049908
UBAP2L,-0.2939339450688347,0.0920661267838104
SEMA3C,0.5762597547136057,0.0922238949571909
KCND2,0.6469943569840995,0.092243539552322
RTEL1,-0.2161632718159172,0.0922660919964489
OXA1L,-0.2162581125562841,0.0923015834232458
CRCP,-0.2971459451814366,0.0923672392896065
RNF185-AS1,-0.5455776263659793,0.0923918619032909
TMPRSS4,0.6082117722793754,0.0925431598518891
NIT1,0.2646193837972372,0.0926206391849258
LOC440792,-0.5349267370135431,0.0926630261229037
RCHY1,0.6540640548308048,0.0926865400942891
CSF2RA,0.7317225905000582,0.0927446007394366
ZNF112,0.414546105651409,0.0927785512521906
PDE4B,-0.8690606181688185,0.0928461859039722
HMGA1,0.50139587048435,0.0928476652670042
PLD1,0.4768439002487312,0.0928839442086705
KALRN,-0.7534980851402837,0.0929767665403435
NBN,-0.3618774543289991,0.0930273522977056
OTUB2,-0.6722628489438911,0.0930363121468783
RASL11B,0.4517316528215529,0.0931807158186512
ST6GALNAC2,-0.7635357204694522,0.0932022858475191
CS,-0.2243607258569167,0.0932571622288681
CCL21,1.042261771859275,0.0932586142532519
ZNF468,0.60159587619418,0.0933063067568361
RWDD3,0.4069906010063286,0.0935545363369786
NCBP2,-0.435151019157117,0.0936264211309805
STK17B,0.5192249292045492,0.0936365767882596
SPP1,1.1390261787504663,0.0936885295966852
FSHB,0.6319122913054818,0.0938843944120138
DTX2P1-UPK3BP1-PMS2P11,-0.2855128104552467,0.0939046634607888
HDAC1,0.3757341331531396,0.0939868522581243
SH2B1,-0.4138311803107291,0.094113462058289
CDC6,0.7534570778629162,0.0941984116947185
WDR60,-0.7430034771047636,0.0942822468754871
CUL9,0.4898219389315557,0.094289005634174
FAM224A,-0.6058731895914438,0.0942995798625207
TROAP,-0.2368270814572861,0.0943134191847847
C3AR1,0.5424596278895581,0.0943330480168784
WNT2,0.684517858635318,0.0943821852754825
PCCA,0.8254858776375942,0.0944494711524419
TNFSF13,0.5775604000196033,0.0944951345288179
ATP13A1,-0.1810378132400387,0.0945983856834342
MRPL46,-0.2736297010110764,0.0946755134679741
MAP3K6,-0.4923551903152763,0.0946774483614181
GALNT6,0.5401495975900623,0.0946996735462403
RAP2C,0.463596873481757,0.094702929001223
GAL3ST1,-0.4716007481913435,0.0948073977767159
PLA2G12A,0.3750052420605536,0.0948226033010931
TTN,0.4440941539261471,0.0948240519361837
ACVRL1,-0.4194795625474565,0.094932295618309
ALOX5,0.6894396298809511,0.0949705696515322
SSRP1,-0.2993029319177438,0.0950956985813415
OR2C1,-0.2753745926718585,0.0951177788770711
ATF4,-0.2249584685254664,0.095199840485742
CDKN2AIP,0.3412474388827231,0.095218697628424
OVOL3,-0.3016747528168437,0.0952977274689199
DUSP9,-0.4981748120056393,0.0953090392125164
PHACTR2,-0.5624128132783701,0.0954210135090044
LOC93432,0.6769176562204899,0.0954970605743329
DNAH7,-0.3985111964813965,0.0955230158739737
PRSS3P2,-0.6969681685108338,0.0955432891624324
CXCL6,1.005029992855787,0.095611134964868
PPP2R5D,-0.3377010506578548,0.0956172276923907
DAAM1,0.4370409575265022,0.0956731729896462
DPT,0.7697924051767213,0.0956873998922364
SLC35C1,-0.3024443689763698,0.0957332449169258
PLEK2,0.8706809774789619,0.0957378064312302
CYP26B1,-0.5407376819993122,0.0957558111361516
COMMD3,0.2800524168242599,0.0958924917098869
CD1D,0.7179212989932768,0.095935752436742
L3MBTL1,0.8352518752108082,0.0961894617670161
CBX4,0.5811853407005687,0.0962056065649087
VEGFB,-0.4873457653249193,0.0962348274853069
RPS6KC1,0.1903757048154339,0.0962617693780697
PABPC3,-0.2864624220637779,0.0962756854223815
RUNDC3B,0.8276465048605095,0.09630080466041
TAF5,0.3304222999172852,0.0963135806523511
ART3,0.5157085858400015,0.0963407977693978
EIF2S3,-0.6145109470353134,0.0964034648660712
AQP3,-0.8976399483121851,0.0964125813497389
OBP2A,0.5324524188252293,0.0964794272420824
MMACHC,0.646841327251428,0.0965385512496683
LRRFIP1,-0.9097455039847188,0.0965877956667044
PRSS53,-0.7052148865269254,0.0966354295172546
DPY19L1,0.3377032488023346,0.0966506139746685
PRDX4,0.2631279209468857,0.0966585881624192
CSNK1G1,-0.820359509943259,0.0966655718846671
ATP9A,-0.8552161390733595,0.096688371603894
UCHL5,0.3171279744901181,0.0966922284758216
RNF187,0.3708360163616806,0.0967484311390524
ITGBL1,-0.9593287447026276,0.096801303720023
CHRNB1,0.5910314776017929,0.0968082726936439
AFF2,-0.7469565231843251,0.0969183219545859
TTC39A,-0.6929157541247584,0.0969239095298084
LSG1,-0.4506852436737762,0.0969287266029849
ETF1,-0.3916462096549473,0.0969406262821736
CRYZL1,0.3006823438346551,0.0969407224838381
ITPR1,0.5088214507377433,0.097053206845438
EWSR1,-0.7084756379939843,0.0971428337741738
BCORL1,-0.2676987476010559,0.0971513705745788
OR7E14P,-0.5221718322480493,0.0971802690641161
TMED2,0.4233174141251279,0.097295008609671
HGS,-0.2485143219069616,0.0973297299802091
TBC1D2B,-0.4965731586447264,0.097409851412635
RHOT2,-0.4708529416743952,0.0974535419276783
NLGN4Y,-1.486936660108201,0.097488443549635
BAI1,0.7767346662151713,0.0975128884470196
C1GALT1,0.4519737045940708,0.0975276699917766
HTR1E,1.0133227130133804,0.097543154732282
MAML3,-0.6203242667437694,0.0975452109820771
SDHAF1,0.3277549607995329,0.0975759521490818
MYCN,0.8017954359443662,0.0975919366362682
LINS,0.5892952250848191,0.0976099135113824
RPL6,-0.1460799365911267,0.0976463106876895
SNX17,0.3087223549599898,0.0977048422984471
F2RL3,1.0157824570331542,0.0977106327452303
KAT2B,0.2792365699079706,0.0977216122253172
MTHFD1,-0.2888549149344719,0.097756269836316
RTDR1,0.4381032696909765,0.0977611886923875
EVI5,0.8058695175587252,0.0977886775841269
GPALPP1,0.3892973594123852,0.0977935718873641
LRCH4,0.5772600249669813,0.097805099034336
FBXO38,-1.026039586375184,0.097861072057043
VCPIP1,0.7109798341422771,0.0978740315693929
CEP350,-0.3609742069489021,0.0978888041016505
CCDC81,0.8938616728489794,0.0980013030975642
BCL11A,1.0413428629433383,0.0981561612522458
SLC25A14,0.6411813999763742,0.0981700574624754
GUCY2C,0.7006925393744208,0.0981874579813378
NRSN2,-0.3307196784405448,0.0982839248107923
CDK7,0.1793737350416737,0.0983070273081042
LOC100127886,1.278501731385003,0.0983178281834138
ZNF223,0.2822530614124821,0.0983936779480675
SCG3,0.7625816261602179,0.098431496643398
ENTPD2,-0.6822976399223037,0.0984982324742995
SMA4,-0.705976776983924,0.0985293097939134
EXT2,0.2144649073367404,0.0985544498154581
LOC399491,-0.4747173326778302,0.0986047810695659
LAPTM4A,-0.1689307226174836,0.0986163109186156
BMP2K,0.546835442809992,0.0987025868161039
PAX5,1.0321490707670415,0.0987158929461198
EGFL7,-0.2941158564767203,0.0987266065721371
PTPN6,0.4785467499789213,0.0987315801720306
LIF,-1.1699362799814663,0.0987336314757145
GABRA3,0.6515190498563181,0.0987379747730323
RNF41,0.6329483345363238,0.0987705156109192
KIF2A,0.306666645261866,0.098905117536526
DIEXF,0.3371012194818314,0.0989205201311422
SLC46A3,0.5473162499242683,0.0990091752930391
RPS27L,0.2804312344535837,0.0991231140155734
IQCK,-0.7948696455770814,0.0991260022345455
PTPRK,0.4371475615900628,0.0992634853988411
MTMR1,-0.7288824535374374,0.0993011646496681
CDK14,-0.2774110799194886,0.0993106250213918
PSMD4,0.7025388746632948,0.0993617287654402
HINT1,0.2047370613558854,0.0996316177254607
ALX4,-0.6948274039462365,0.0996460835302527
ARHGAP24,0.3236538911567468,0.0996602701526766
NOC2L,-0.3104624492876482,0.0996613913801659
COLEC11,-0.7901935069823063,0.0996659114885786
ZNF277,0.4036615137310715,0.0997393010553339
FXYD5,0.2886129002490811,0.0997452878940469
APLNR,1.1835952053737024,0.0999163068828682
KIAA1109,-0.7108530841419105,0.1000455972558911
ATP8B3,-0.8794203143638009,0.1001082017247117
GSTM5,-0.4324904964840907,0.1001538280354651
MYL5,0.4064611795543857,0.100172046972608
ISL1,0.8752441442902477,0.1002030529469495
CSNK1D,0.4739952184031795,0.1002243912394928
AATK,-0.4086942837505161,0.1002516369008103
C10ORF88,0.3134205785580795,0.1002591377374006
CLEC4A,0.9201488702666972,0.1003965771648409
PKMYT1,-0.3159201402121256,0.1004697928413442
FMO2,-0.7345713234795923,0.1004812556249436
RBP1,0.6092790318019032,0.1005196335319512
MS4A6A,0.4192903529071916,0.1005430888060306
ERP29,0.4294833931920543,0.1007788763843441
PGK1,-0.378143508346457,0.1008332993730353
TNFRSF1B,0.3288548583585537,0.100837719967646
CCL22,0.7905470477195555,0.1010060111735214
AGER,0.5871423195624792,0.1010122847752271
PCNA,0.2676901190211094,0.1012257166730869
KLHDC2,0.4446026659562054,0.101248076426583
OR1E1,0.999822490951038,0.1012676292284983
RBMS3,-0.4077231143041562,0.1013027285697937
MORN1,-0.4512315656084347,0.1013319576222663
ZNF304,0.2728170323776187,0.1013707255694805
HIBCH,0.429773563269487,0.1014124585507627
ZBED5,0.2620132102010633,0.1014782955354108
EVPL,-0.3666521661332771,0.1014911068968468
TFCP2L1,-0.5371047590713411,0.1015082019753199
KANSL3,-0.3661945941055609,0.1017082756305134
NOP16,0.798587127392814,0.1017488937519559
SGCG,-1.1531404086695107,0.1018029109964316
SLC29A1,-0.5350644781900851,0.1018869231333918
PSMA3,0.289705636965003,0.1018917740611007
SLC45A2,-0.7068620365838543,0.1019092825984448
ADAMTS8,-0.688911386806053,0.1019405979031986
SRD5A2,-0.8348557320432546,0.1020470067390441
KLRG1,0.3336854585582998,0.1021545028265429
SRD5A1,0.7875959095841027,0.1022477928697169
PSME1,0.26803115245289,0.1022645835935633
QSER1,-0.2961206723355207,0.1022833598412514
NUDT4,-0.9331550519626162,0.1026094690105068
H2AFZ,0.3315960199758088,0.1026177742317301
SYNC,0.4271090163379609,0.1026299703752185
OLFML1,0.5635511964171318,0.1026891681705923
LTB,1.0500722239949702,0.1026907887674332
BFAR,-0.1637956968687355,0.1027631807380311
PPARG,-0.6837976816659372,0.1028703479735266
FANCL,0.4071342783304876,0.1028823192879397
TUBB,0.260822612354497,0.10291076873
RASAL2,-0.987467101036859,0.1029956236636217
OGDHL,-0.3503877206695605,0.1030249854388249
CHRDL1,-1.0742207501629384,0.1030325408697156
PTGER4,-0.7341331606701664,0.1030328764568167
PARP16,0.2543900484204098,0.1030866217333668
SCUBE3,0.8749179476275604,0.1031266453243723
RARA,0.9343787382557824,0.1031483571250686
DDX58,0.330274702755859,0.1033283932598215
VAV3,0.5560855816523222,0.1033464957821433
CRYGB,0.518057873110914,0.1033930477509704
RABGGTA,0.2433475525693298,0.1034026674444746
PRG3,-0.3437498037756326,0.1036432231640049
CDRT1,-0.4882662512399616,0.1036505484788674
CCDC70,0.9297435978453716,0.1036726110182511
GPATCH1,0.3384180683250433,0.1037095443951003
ACR,-0.5268738128712611,0.103724140602754
SPTBN4,-0.5850966711469718,0.1038763682042549
OR1F1,-0.3328904157489294,0.1038902410286569
GGNBP2,0.2239283826005706,0.1039347482718091
ZCCHC4,1.030158530904651,0.1040134219602502
MLX,0.3211049161494124,0.1040319135948485
LEPREL1,-0.7262533110968006,0.1040585441785861
TOB1,-0.3222738149273052,0.104145123788186
RUSC1,0.2650896125508062,0.1041686055798362
APPL1,0.3682784090650095,0.1045425185619105
TRAK1,0.6013989972395777,0.1045426698165754
KIAA0247,0.3222845970889931,0.1045609867503444
WWTR1,-0.7794234660512362,0.1045665160978475
ARF3,-0.6432661353428539,0.1047721019336155
EAPP,0.230738947784431,0.1047970051497056
DHRS1,0.2913898958914043,0.1048253715642266
KCNS3,0.4581903030133221,0.1048860204291805
LZTFL1,0.2774449499026179,0.1049505065090476
ZNF10,-0.5625280155748573,0.1049646592766064
TEF,-0.6193527646767505,0.104975995244662
ITPKC,-0.2910800037987275,0.1049786782057753
DAPK1,-0.8548620395839475,0.1051948777305836
ZNF682,0.8917653371351886,0.1052238858036017
LEPREL4,-0.4902075569810078,0.105259009603192
KEL,0.5923378312227969,0.1053588222780456
THEG,-0.3949154246813222,0.1053937792909252
BCL9,0.389866861694248,0.1054325504507349
CEACAM1,0.567498924046073,0.1055257847617459
ICMT,0.7372614273713078,0.1055588997477633
CD80,0.2903719721609947,0.1055705108599638
SNRPG,-0.2297152240820654,0.1056139383201474
TRAF3,0.4369942847967127,0.1056750003499425
FAM76A,-0.7337350504898099,0.1057191424755753
ZNF813,0.3911611610083456,0.1057193168080946
LPAR6,0.4534280295856572,0.1057360174331977
SOAT2,0.7368602060493341,0.105751214355715
PDZK1IP1,-0.8649709872863189,0.1057618037348148
TFRC,0.8172841884808033,0.105792213578828
CEP131,0.795622829009198,0.1058456450450375
SAC3D1,0.968981211442201,0.1058769764699129
ADIRF,-0.7600841692725151,0.1059552531743839
C6ORF120,0.2704050811910612,0.1060301382888181
QPCTL,-0.3932936628892438,0.1062116260369306
FAM168A,0.6449864096863402,0.1063184511467535
NUBP1,0.207895223764666,0.1063278474779365
CDK2AP1,-0.1764676263417133,0.1063729424550558
XPO4,0.1903491099135834,0.1064046320245337
TMEM106B,0.2633756551609263,0.1064063063875984
ADAMTS6,-0.6351174506701964,0.1064100982059373
CNKSR1,-0.5948475257382615,0.1065085866030727
RPA4,-0.3712915566026717,0.1066428079181837
GAS2,1.14263382230244,0.1066593282583094
NHP2,-0.2329730153913054,0.1067566214579729
GTF2H2B,-0.7456199143462507,0.1068532197870794
LHX5,-0.2421742020405277,0.106869980737856
DERA,0.3227430184784783,0.1069540525962907
CHRNB2,-0.6934454902427714,0.1069684880706986
PCNX,-0.7917334215745937,0.1069691101072149
RTF1,-0.228891802717337,0.1069969255344278
TNFAIP3,0.4934159591764278,0.1070048963459944
HBP1,0.4692111593138879,0.1070708860241963
ELMO2,-0.5321089128340803,0.1071098445600436
EEA1,-0.8819798794227047,0.1071244665879782
USP34,-1.165534643921541,0.1071347039832227
PPFIA1,-0.5210853986588235,0.1073326479310364
CFHR2,-0.4404300288294882,0.1073877422144287
RBM12B-AS1,-0.2517491718199982,0.1074125711878064
KLRB1,0.9405415330735368,0.1075093090376506
CLDN18,-0.6504120659773376,0.1075122956231295
ISLR,0.5618118109323262,0.1075345638267933
SLIRP,-0.2163618811374608,0.107645794745375
EXOC1,0.1841286019809977,0.1076801012523077
PRRG2,-0.5036877393156489,0.1077332719494313
KCNJ16,0.8005323578821075,0.1077863089274297
FAM50A,0.1754364742111267,0.10781961392809
CEP112,0.4280331586261345,0.1078296473364959
COA7,-0.5238322770618398,0.1079414917378323
AKIRIN1,-0.3017589117897739,0.1079422571866966
CLIC5,-1.121437702527002,0.1080034454222092
HTR2A,0.4171749598935941,0.1081979531518214
DXO,0.3126236874427022,0.1081999487035972
ARC,-1.2184977351989357,0.1082343756216294
PCTP,0.3559461164310846,0.1082733307067948
LRP2BP,-0.7149729708926493,0.1083089171049552
AKIP1,0.3592756868593714,0.1083661395078926
SAA3P,0.5520752703682792,0.1084277614279514
SP140L,0.3753731602000325,0.1084424502636977
AHSA1,-0.2237416528762654,0.1085839128959166
IGFLR1,0.4836146524584332,0.1086058159557282
ZBTB6,0.4430294236587579,0.1086476225970172
AOAH,0.7476057905205771,0.1086524464017992
ADAM20,0.6567772655831652,0.1086582080424445
EIF4A3,-0.2700779174202239,0.1087117606589949
DCLK2,0.6633047368889038,0.1087873732637887
GP9,0.618599991685004,0.1088733067240209
UAP1,-0.4436781882114271,0.1089392768651209
SEPP1,-0.2417107412692658,0.1089548737789298
CYP17A1,-0.3822077726524355,0.1090983844910397
ADAM30,-0.6912519930060377,0.1092085814109759
ARNTL,-1.0842529875452929,0.1092194239424211
OR7E24,-0.2988528004242017,0.1093107383207422
SLC16A8,-0.4476298457090655,0.1093791344267671
ATAD2B,0.3316329923873553,0.1093826623868845
UBE2E1,0.2472230158447868,0.109422762307975
IL6ST,-0.5323541338325741,0.1095126818363285
ZNF74,0.4739798677239557,0.1095263427894921
CAV2,-0.6384169480552258,0.1096127512002511
STUB1,0.1969163293369096,0.1096509552877127
CD40,-0.5654844716152567,0.1096745771468931
KLRAP1,0.9207075880002558,0.1097954033910978
CDHR2,-0.2961543806624069,0.1098121413046417
RAB1A,-0.2191259648159604,0.109827398932094
TMEM121,-0.5348909911782096,0.1099400125742479
ZNF706,0.2046413177887185,0.1099417642259443
DYNLL1,0.2118152580783263,0.1099902845810742
NTRK3,0.562889858199553,0.1102437069351489
EML2,-0.6750631200639559,0.1102770849006703
TATDN2,0.2178089298405527,0.1102923139046101
FANCC,0.1279159009818613,0.1103045390148832
INTS1,-0.8109346210635611,0.1104143976659293
HMG20B,-0.7249145736598113,0.110435676522534
KCTD13,-0.3484946297074103,0.110511964233414
EPB41L4A-AS2,0.8665653772130542,0.1105149933103178
PFKFB1,-0.8711784137516876,0.1105215748970578
OPLAH,0.4928167210425922,0.1105838966999873
PTCRA,0.5614693409793485,0.110601599344248
BCAP29,0.2779328005636454,0.1107009378338867
WDR3,-0.4321719399180015,0.1107913222036448
MACF1,0.3628575774982163,0.1107923974634744
DNAAF1,-0.7632317177554868,0.110994685627449
MPHOSPH6,0.2915208776464908,0.1111564621649046
DKK4,-0.5078676181116508,0.1112698368502176
HAT1,0.286046199953434,0.1113008886148862
GMPS,0.1446327880427311,0.1113117510703808
C2CD3,0.2366261405089362,0.11132276828443
KDSR,0.5851945753298511,0.1113441554567404
MRPL23,-0.2297463482512611,0.1115538843911204
HNRNPF,-0.3257356591012961,0.1116192460648969
MT1F,0.5745100770031311,0.1117434452058837
PPM1D,0.2900786280247285,0.1117568996314631
SLC4A10,0.5393356429279663,0.1118277121815432
TSPO2,0.6456155759536886,0.1119307100202578
CASC5,-0.752022815265029,0.1119470053332665
UBE2E3,0.2191226280445981,0.1119857822421075
MT4,-0.6301535373137828,0.1120076815103533
KCNK10,-0.4427361646911549,0.1120692904480139
RPAP3,0.339493208037517,0.1121642564917127
NDUFB7,0.8020895004759572,0.1122590347188612
UCKL1,-0.302242194028949,0.1123192428998615
ELANE,-0.9723924594673976,0.1124584345697952
FKBP2,0.3858428885108491,0.1125098033076982
GEMIN4,-0.3903678586769628,0.1125147087371082
SKA1,0.6141763738951092,0.1125593149227621
FSCN2,-0.4625307411866732,0.1126153973793807
CYP4F8,0.7160040186227765,0.1126366830040472
RPL30,-0.0783296871571064,0.1126809792104847
INHBB,-0.568569079769258,0.1127088421106838
TRIM45,-0.3672861876321915,0.1127635867894706
SMIM8,0.2391089543184499,0.1127950382342218
GS1-164F24.1,-0.6466721238179334,0.1128473732225839
PIAS3,0.2602747284506304,0.112886514130391
FXYD2,0.4255355288416655,0.1128929321313917
RFXANK,0.2749125042172426,0.1130531252543547
CCR3,0.8063198157475204,0.1131289533059116
BATF,0.5063065897619623,0.1132451031436257
PCSK7,0.4344635875337719,0.1132515074279394
TFG,-0.5795587082715912,0.1132636381423957
TFAP2B,-0.7444169185544891,0.1132800055299845
CCDC87,-0.6234748307127971,0.1132981596941845
HSPA1L,0.7371157675746636,0.1134222664508367
SLC7A7,0.4582705374802671,0.1135144362483401
ZNF227,0.3003522055514143,0.1136943952052414
SEC14L3,-0.4191943705723517,0.1137455431537907
NRXN2,0.807592767688206,0.1138140487489871
CAPN9,-0.6134508108678944,0.113818289801636
ZFPM2,-0.4761950232927203,0.1138407870721438
DHX8,0.4013167981038199,0.1138923358927454
RASGRP3,0.7066625875109755,0.1140323005772944
BST2,0.528117777453307,0.1140400844946004
ZWINT,0.3984663342179413,0.114048035020068
SEC14L4,-0.5299014492158731,0.1140812475424066
RNASEL,-0.4740054363754726,0.1141478420251657
PCDHGA1,-0.3278967411179403,0.114167429193857
TMEM254,0.4183249252641987,0.1141725965366452
AUNIP,0.5384009332759083,0.1141840141126215
B3GNT1,0.3263038832557914,0.1142239101614861
IKBKAP,0.5884740449718189,0.1142468089268287
RPS23,-0.1050091074410541,0.1143076832420384
PYCRL,0.6558977632444911,0.1144100072710016
KCNK13,0.8840133618068471,0.1144291656016177
IFNB1,-0.3267882314937673,0.1145144241291818
VNN3,-0.9782515421444736,0.114652095651644
SNAP29,-0.1964131963130437,0.1146645953505573
SH2D2A,0.3362733316413564,0.114690318226199
C16ORF59,-0.4888252797334975,0.1147513323373464
FEM1C,0.3628201727867992,0.1147708114790622
PLOD3,0.195774773565466,0.1149292528120071
PBX3,0.2480959682171875,0.1149303976823749
THBS2,0.5763750129027425,0.1149471275421721
SPTAN1,-1.007524451524163,0.1150199505357307
MCM3AP-AS1,-0.7905924453356059,0.1150214267852936
NANOG,-0.8022368672439479,0.115035654919438
ZNF614,-0.6632782271879973,0.1150425648404146
KAT6A,-1.036589938781574,0.1150871967953243
TRAV8-3,0.2698355337071669,0.1150875638860856
GBX2,0.7290421427927782,0.1150940898537071
ABCA12,0.9679611344501464,0.1151664408431826
ADCY3,-0.2783011237985207,0.1152026450334756
EZH2,0.9458526816179162,0.1152298137583517
R3HDM1,-0.4299968573952739,0.1153476142053677
CCR10,0.382207343108079,0.1153800751746995
TEC,0.2193926385829248,0.1154330807151416
TRIO,-0.7208817989241076,0.1154839106269782
GAS6,0.5562333303378413,0.1154914096077822
WDR70,-0.1994875588196922,0.1155449227282473
KLHL21,-0.4337506830575197,0.11559567809984
SEPT4,-0.7761566637270363,0.1156189115876976
MTOR,0.6929031190435113,0.1156297493081748
GPRC5A,-1.1300227425466396,0.1157385396871609
TIMP2,-0.4689368278400891,0.1157741847087454
MGA,-0.2191652791859368,0.1158253829081779
AK6,-0.2964378444090982,0.1158678674760819
OIP5,0.5250700297461703,0.1159712754267549
CA9,0.4376124156181245,0.1159993712064818
FOXO1,-0.4138515003647267,0.1160600438960345
THRA,-0.5318714828158972,0.1161278777694511
ITGA5,-0.3838479009396618,0.1161884082108521
MYOD1,0.3545442521392061,0.1161907695633767
SIRPA,0.24027609065865,0.1162314584330493
HS3ST2,-0.5734075177485458,0.1162887031821626
PWWP2A,0.4958444349018478,0.116294476569246
HSP90AB1,-0.3414951824017489,0.1163046160938057
CDKN2B,-0.7339142899274265,0.1163111755649567
FZD6,0.5022176991885638,0.1163532720675975
TCEA1,0.1439897818981368,0.1163848269843207
PRMT1,-0.2585746580590857,0.1164130983703067
CDK5,1.0180899666975831,0.1164680880658287
FAM193A,0.1781511329191882,0.1164762252264682
MAPK13,0.6073996673635405,0.1164914744749885
RNF114,0.2130949397656785,0.1165076064342598
THBS3,0.563793433520301,0.1165197407864029
HBS1L,-0.6764329674055931,0.1165685594058807
CALCB,0.7665789498671662,0.116573513463489
SNX16,0.4030668177109895,0.1165946886449414
GRAMD1B,-0.4195459003924711,0.1167017271077468
LYRM4,-0.1758303899381506,0.1167287647278728
GSPT1,1.0741272676734843,0.1168166153899856
GNA11,-0.5569747962396585,0.1168437362773815
ASB8,0.3315968155188162,0.1169091188956827
SAMHD1,0.3696874738666107,0.116924151627633
ADIPOR1,0.1644212727850575,0.1169541889424212
KCTD5,0.323586754026067,0.1170201782088558
KCNAB3,0.3647983285682183,0.1171073019786327
INTS5,-0.2499173525888256,0.1171195620320225
SH3BGRL3,0.3380422186669207,0.117262940738047
LECT1,-0.2576842194342603,0.1172836720671452
SLC13A4,-0.6716637684457538,0.1173089267710901
HRASLS2,-0.6373577638723651,0.1173320295916435
GJA8,-0.3597683505351026,0.1173793563991229
AGO3,-0.217916849147171,0.1175266155179492
JMJD6,-0.7260413191087336,0.1175540834652688
ZNF232,0.3788950898447734,0.1175816279935035
SLC5A4,0.2499626669798438,0.1176487879981261
PGS1,-0.347368839871379,0.1176643343905362
AASS,-0.4709350392646589,0.1176802441713562
SEC23IP,0.5158919840866965,0.1178435714347533
DNAJC4,-0.4277939764988803,0.1178522649006243
ZNF692,-0.329372491765918,0.1178599110631754
FOXA2,0.6710466778712858,0.1181709130652592
COL9A2,0.2948134604110306,0.1182887460954682
PDE2A,-0.3060425589415239,0.1183847378533836
RASL10A,-0.4313867682426373,0.1185154970094965
HHLA3,0.9708442036233782,0.1187090322424217
ZNF267,0.4780606505360252,0.1188010939527377
MICU1,0.2448556102222223,0.118825762153698
PSMD13,-0.2299797077635226,0.1188940244570455
PDZRN3,0.5029331501964167,0.1189111249996507
IFT20,0.2559465645186733,0.1190653756917231
WNK1,-0.520578252679174,0.1190815726681311
SP4,0.2883804640636453,0.1192098243931993
WDHD1,1.1039964483569285,0.1193729559088085
RAD1,0.2567988000496317,0.1194425622732475
PNMA2,-0.6872678863850377,0.1195217721263286
UBA6,0.5225320240817384,0.1195289106680959
GYPB,0.7832815619444515,0.1196600202527886
CRYAB,-0.725117148759514,0.1197668752538188
LOC101927051,-0.3013158875827799,0.1197799194642089
MORC4,-0.3288475131359281,0.1198360008282137
TACR3,1.0032906491576563,0.1198375468490493
SERINC1,-0.1811313006283619,0.1199322527146068
RYR3,-0.6110542909275622,0.1199546115103706
LINC00483,0.4069867255749282,0.1199909319857814
CKS2,0.4259518451860522,0.1200026886853607
UTP6,0.2393148765104715,0.1200105056148654
MED6,-0.6710883142254414,0.1200251696360071
ERVH-4,0.4671940075711935,0.1200485894721496
BZW1,-0.4220656932295465,0.120071795394105
KCNJ9,-0.7021063300196158,0.1200815198852528
CPNE1,-0.3503301148084272,0.1200948703449356
NUDT1,1.0087255803761668,0.1200989184110108
GABRA6,0.7975097836735316,0.1201193038621537
WBP4,-0.2441462006757229,0.1202128365290945
NQO2,0.4714743289764556,0.1202892798608483
RUFY2,-0.913142996610067,0.1203495063741498
NTAN1,0.3082193458613105,0.120456509340043
DKK3,0.8930908542157496,0.1205397977397543
PXDN,0.5201388560385283,0.1206106667609408
ZWILCH,0.9462517366011598,0.120622149735497
POLR2A,-0.7730011929764462,0.1208171488105171
APLP2,-0.4027291206763088,0.1208245921558341
IRAK1,-0.1872351232277864,0.1208972666890355
CCDC170,0.7729409659355193,0.1209753648418115
MZF1,-0.6480853233260575,0.1209777728885347
ZBTB11,0.3714549310792279,0.1210361522723398
CLIP3,0.3842586291403291,0.1210661232640273
CHD3,-0.389398120872567,0.1210776899511231
GRB7,0.6819549379631669,0.1210926981596468
NEUROD1,0.5567729216158068,0.1211015455579528
ZKSCAN3,-0.2466300304856821,0.1211393760756517
ACACA,-0.6092659060731034,0.12121162976946
PRDX1,0.2060644150937527,0.1212341740693735
SUPT4H1,0.2059660501071345,0.1212405628546746
PRRC1,-0.2835941280780476,0.1212501317769875
OSBP2,0.2855551721735665,0.1213004617393619
BMP4,-1.205323928370638,0.1213082287054879
KSR1,-0.7199112370994749,0.1213712939058474
VDAC2,0.1367628216487073,0.1214015773434088
SMAD9,-0.550450294277884,0.1214086221398119
PTPRE,0.4251215039631724,0.1214181063273024
ID2B,0.892853834018482,0.1215076567443387
MN1,0.5971994166503531,0.1215104624203463
MOGS,0.1558212901808744,0.1216542289175281
ADAM9,-0.1854309574528354,0.1216714680545304
MGST3,0.2287043123791701,0.1218165702800645
SCGB1D1,0.6605011564291283,0.1218250571297108
CDKN1B,0.4095737131783536,0.1219531945686222
ADRM1,-0.2052394349340911,0.1219644471755265
NDRG3,0.8230457815873642,0.1221045800701452
HN1,0.6723632456182962,0.1221620338692535
SEC61B,-0.3708690767865263,0.1222451247350696
NUP93,0.3045971527678155,0.1223201392213234
LBX1,-0.3369273253047633,0.1223305433888508
LINC00216,-0.564997990533068,0.1223411866383933
MBD5,0.3207485385772193,0.1223620742797603
ANXA2P1,0.3765578018820168,0.122558282168782
AVPR1A,-0.7531648537368261,0.1226066334212687
CDH4,-0.6462567714308185,0.1226069308537319
SULT1E1,-0.9076788739689672,0.1226989604847818
PORCN,-0.3330312178230308,0.1227374521053417
FAM13B,-0.1744427873836596,0.1227467560124716
ZNF702P,0.365018232106034,0.1228400250063187
PLXNC1,1.2623391713196543,0.1228494751236961
CASK,0.7399592757878173,0.1229596921483154
PIK3CA,0.2770996405923167,0.1230300907722589
CLIC1,0.1222181896055829,0.1230827467940989
HEXA,-0.8999025396510385,0.123110047794404
LARP6,-0.4385307173387645,0.1231148251827124
ELAVL4,-0.6406773280035312,0.1231300994052738
TAB1,0.551144001190119,0.1231965342594957
HSPA14,0.2802665744230967,0.1232639922586932
DSP,0.405718101162817,0.123268368290198
SERPINB6,0.2261033615870431,0.1233283024282749
SNCB,-0.5355822247079969,0.1233547683645048
SLC7A11,0.5327781086097456,0.1234531743204578
CACNB4,-0.489454326701376,0.1235205324948461
PRKCD,0.3722044996130886,0.1236263752557124
RHOG,0.3028019240002635,0.1236618211137893
RPS12,-0.0667465309358839,0.1237271071032619
RPS17,-0.099557908632569,0.1238022396267633
ZNF345,0.6484907816392464,0.1239312500708142
LGALS1,0.1744015971100996,0.1240000807037568
SERPINC1,-0.2350768407336549,0.1240840861164297
MPZ,-0.5689322601150604,0.124160964706633
MAP7,-0.8038427791875096,0.1242180538653305
TRAV12-2,0.8801790726984056,0.1242539457484863
OLFML2B,0.7256630213092592,0.1243460132935443
CDK4,-0.1531434329230876,0.1244537511240587
DDX17,-1.1103116033242442,0.124477244643174
TUBA1B,0.1756952961441094,0.1246605778106961
DHX58,1.0018563077730835,0.1246972709580602
TMCO6,0.2900081129684935,0.1246992492448758
THPO,-0.5507988888057049,0.1247090811705646
HFE,-0.5553071505995275,0.1247289585844643
GEMIN2,0.5397589082744885,0.1247960088667878
ARID4A,0.293308315391207,0.1248204851078019
SAMSN1,0.4587123790587757,0.1248282375239919
PIGB,0.1885738005057735,0.1248510841374446
TRHR,-0.8712422212426691,0.1249151483388225
GUCY2F,0.4078926240036389,0.1249551899669454
GCG,0.6928613686828675,0.1251152896230781
PQLC3,-0.6362255772984975,0.1251283265986687
KLK6,-0.7039884432887948,0.1252313067052491
WDR83OS,-0.1779762500090314,0.1253157827965944
CDX4,0.5020773201658302,0.1253766171535894
KIAA1661,-0.8128157604378181,0.1253962969911539
SLC24A2,-0.2540323183926585,0.1254133557211022
CCDC121,0.5218632161656869,0.1254245672664631
C9ORF78,-0.1678698952717869,0.1254595719754648
C14ORF169,0.2515040302829625,0.1254605245678161
PCDH12,0.7761862986590922,0.1255205313568933
C19ORF53,0.1458943154788237,0.1255301780412249
AMHR2,-0.4313875970282814,0.125545654958284
LUM,-0.232249021180138,0.1256064844027835
COX10,-0.2199017398828573,0.1256860641940395
PITX1,-1.1808082709356498,0.1257302261699961
ZNF140,0.4367555388379278,0.1257491836369494
RP11-348N5.7,0.586413686619939,0.125791705243532
RSL1D1,-0.4381350457699033,0.1258359579233677
LPPR2,-0.5701448823564004,0.1258432512088936
MAP3K7CL,0.3695402256148439,0.1258743908930982
HAPLN1,0.747130456960166,0.1259056332411202
PDE6B,0.4695663515746844,0.1259098701248047
DHRS3,-0.5212342791736155,0.1260175066280582
ATIC,0.2176150610156479,0.1260673019741353
CARS2,0.2279485009484982,0.1262123706912531
STON1,-0.6444265213840277,0.1264005299081503
CYP2A13,-0.6587357742001716,0.1264494851961815
COQ9,0.3023940596010028,0.126487246052952
PIK3C3,-0.2663812586643814,0.1264890659156191
HPS6,0.2707675452302336,0.126497974996643
MCOLN1,-0.2970891521368521,0.1265502604919146
IMP3,0.2591681505064596,0.1266965500502035
TIAM2,0.4074877851299527,0.1267050726593399
MFAP4,-0.6653141041405792,0.1267286755183352
GALR1,-0.5666826530495213,0.1267575141291687
MPP5,0.2587287948716561,0.1267590856524062
WDR55,-0.2696898481813359,0.1268025363044132
LINC00115,0.3055028000984245,0.1268271975910422
DOK5,0.433044105038606,0.126952402567928
LMAN2L,0.2527109432298804,0.1269839618731865
SNCG,0.4965782810222774,0.1270832210757965
POLR3D,-0.246641675114418,0.1270883060002977
RNF138,0.234512777962891,0.127131095199235
TRMT61A,-0.3364109578022809,0.1273047124802036
GPN1,0.3159972145422216,0.127700369898682
HSD17B3,-0.5049675315887825,0.1277305503761737
TSPYL1,-0.2724577103504657,0.1277490794364383
TANC2,0.4918823474546316,0.1278201801904826
MRPL28,-0.1263461360664663,0.1278854017471128
FBXW7,0.3239256275542024,0.1278959448026009
RNF219,0.3327082868761852,0.1279292074711351
N4BP2L2-IT2,-0.4752634812002929,0.1279723390425927
CPSF7,-0.16085435134117,0.1280004353544831
NABP2,0.3235627370331322,0.1280555801798928
ABCA6,0.576563529943126,0.1282468128508563
NBEAL2,0.6656861147595867,0.1282505447137239
TMEM180,0.3818249863773815,0.1283434383898368
IL18BP,0.543584002083592,0.1284307969970072
EDNRA,1.0881972825583208,0.1284875581328714
RPS24,-0.0740414582442063,0.1285176985316482
NARF,0.3095236366058724,0.128676028736228
UBOX5,0.1957626358942752,0.1287312367882846
FETUB,-0.4461647232256238,0.1288229084350729
IFT81,0.6904121941662256,0.1288487486366487
HHLA2,0.7581790614889568,0.1289051450746409
CYP46A1,-0.741365943568514,0.1289351040925813
ATP6V0A4,0.6225694781771587,0.1289805645342676
IDH3G,-0.2530462215987512,0.1289872428479025
TAAR2,0.4751184666653847,0.1290149879454855
RASA3,-0.8726224630289305,0.1290783323986337
KCTD17,0.6210050760091663,0.1292837366576857
OR7A5,0.3259580457600552,0.1294458147441252
STMN3,-0.8977519958910847,0.1295679465539172
TTPAL,-0.2510477925316285,0.1296972367419032
TTC37,0.4432068686863593,0.1297088333020412
LIG3,0.6602055940161753,0.1297255590738302
ATG5,0.2954642503806486,0.1297710147373482
NPBWR2,-0.7113335979405364,0.1298139118255582
BASP1,0.4195468107438902,0.1298409521574898
ZFR,-0.7481862392530738,0.1299545462668752
LY96,0.3792828213504577,0.1299862090688796
GATA3,1.1051830435392105,0.1300829706573358
CREB1,0.3670546385469553,0.1302278518443281
NFKB1,0.2503023343728205,0.1302671392131589
MED13L,-1.014145978641035,0.1304452427310861
SOX11,-0.7577921831457481,0.1306214459763044
MT1X,-0.6051937626488026,0.1307482498824247
RALGPS1,0.8808941194307041,0.1308250737587323
RIT1,0.2247208557048647,0.130835280849658
CDK8,0.3434053655692404,0.1309031948017806
TMEM147,0.1774417893708957,0.1309404075203101
PDCD1,-0.4339474484489614,0.1311159249583409
ZNHIT6,-0.3316718316012981,0.1311934625354733
BCAS3,0.1709022541931446,0.1313259556417264
SYNE1,-1.00550870862771,0.1314767951761543
TCIRG1,0.4192193596852185,0.1314785227227758
MUC8,-0.6450290085350172,0.1314854823751952
DENND4B,0.2885422763271545,0.1315040156193339
LAGE3,-0.2151348483004138,0.131619537291537
LNPEP,0.6333047297337409,0.1316563479628933
BFSP2,0.9472841263903824,0.1316654550415326
ORM1,-0.8739194800101311,0.1317392360103926
PRO1483,0.4625199761802494,0.1317401468641925
PSG3,0.4806409818218498,0.1317506857335945
COLQ,-0.669214984135091,0.1317601579298241
CCDC53,0.3348014929847576,0.1318182828310185
UQCR11,-0.2207525122118578,0.1318498979772544
HTN3,-0.622280684659793,0.1320261859703537
SEZ6L2,0.6265967845746694,0.1320799643470963
PIDD1,-0.4406088061195374,0.1321206871609759
CCDC28A,0.2592857358001872,0.1321799948520326
PLA2G1B,0.2756351816143034,0.1321891473896715
ZSCAN32,-0.6041064341950744,0.1323165660353125
C1ORF112,0.6983007903689389,0.1323235541953732
BCMO1,0.6028814787787775,0.132388369456268
SLC22A5,-0.1981135969334122,0.1324463201856162
HS3ST3B1,0.4905475771102034,0.1324540444620248
DPY19L4,0.3168475719691894,0.1324555619311613
CDC25A,-0.4865940208003945,0.1324936548451697
LY6D,0.3928825613313722,0.1325571846660762
LAIR2,0.3198344148739851,0.1325821586042338
TNC,-1.5520483305590416,0.1326086332523468
SLC15A3,0.4547103058779598,0.1329982677920561
FASTKD3,0.4101530697506348,0.1330738123206552
MYH3,0.5801732976697691,0.1331675422112045
SLC6A7,-0.4183281111300285,0.1332745182290999
TMEM176A,0.4465129478837877,0.1333025013723946
MXI1,0.3166144018557926,0.1333043774170607
ZGPAT,0.4810855152397071,0.1333405278066379
CTBS,0.321750009590545,0.1333462144664568
IFNAR1,0.168744795276182,0.1333575880851021
FABP4,-1.2948576505884937,0.1334457553299615
POLR3C,-0.2550766749399535,0.1334919919650226
MKL2,-0.4162962843618416,0.1335321944405441
TLR1,0.4961702658399218,0.1335799875828922
CCNL2,-0.5764545936959458,0.1336491597818761
TBL1Y,-0.6329064502895898,0.1336518423356181
NID1,-0.5796551949264774,0.1337054972111605
MYO15B,-0.3763086939207323,0.1337597465659398
DDX41,-0.1794832624767401,0.1337887864229704
RNF38,0.2319352274653408,0.1338270081424027
IL11RA,-0.4052365926229591,0.133915587271104
OS9,-0.1935278389068102,0.1340071412579797
ST8SIA4,0.5108060989159835,0.1340091418720136
AOC3,-0.7764883833431089,0.1340224369482491
CRYL1,-0.3011958264570964,0.1340379432155094
MAPK8IP3,-0.6895528558475608,0.1340491011311003
KDM5D,-1.7990882177489371,0.134175480435905
ATG101,-0.1915680784430851,0.1341777315367903
SLC44A4,0.2933743501352186,0.1342008315147172
BIN2,0.672564718923014,0.1342433160008078
NRAS,0.2519429230610033,0.1343349495392508
ZHX3,0.4716029684724043,0.1343638418641075
ARHGAP11A,0.9165554927669372,0.1343854996692609
CTSK,0.4277405781327577,0.1345129528115263
CRTC3,0.1232345371124843,0.1345985027184698
TNRC6B,-0.2780107730451302,0.1346075816024382
HEXA-AS1,0.787480397991438,0.1346132841208619
RALYL,0.4790214436900375,0.1346553724253402
TSPY1,-0.4083368293324723,0.1347377069113318
DBF4B,0.5189334207057117,0.1348295912031625
CDY1,-0.7756585656878876,0.1350037158143311
PTOV1,-0.3761984248976429,0.1351611435719059
ARHGAP28,-0.6307545518030722,0.1351889805545322
GLTSCR1L,0.2777432047388881,0.1353246499265517
SPG20,-0.5987211819197009,0.1353699305466974
CSRNP2,-0.1681004911900032,0.1354154240734708
WARS,0.7163328222614105,0.1354495025890207
ZC3H13,-0.5099867985791775,0.1354845903750738
PJA1,0.2824629506193901,0.1356432636028749
PXMP4,-0.1559364161579974,0.1356603144231815
ANXA4,0.3198738864873363,0.1356799534835685
HRK,-1.1873498684697323,0.13587752790995
WDR11,0.2059979905686173,0.1359607016131365
MGAT2,-0.6064423630520004,0.1359675545746572
SLCO5A1,0.5272892700124263,0.1359761325036121
SIK2,-0.4740929421700794,0.1360979951038531
KIAA0141,0.4363378260523713,0.1360998643276807
OR10H1,0.5675109846921247,0.1361226816928271
CPD,0.75461233992365,0.1361324619086596
IL24,1.0331483143218452,0.136165612457538
PRDM11,-0.3963564291348458,0.1361771738418024
ENDOU,-0.5216341511421358,0.1361791286080466
ANGPTL2,-0.6858640277178445,0.1363539195907447
CINP,0.4914898286556344,0.1363686496392547
PIK3CG,0.81453100925276,0.1363899742168756
APBA1,0.5599667616094735,0.1364441156502153
PHLDA2,-0.4979140951939342,0.1364557853973998
TOX3,-1.3305411460191698,0.1364653585922474
RARRES2,0.8787196382922442,0.1364950620350156
SOX3,0.8268962188632178,0.1366950885196565
KDELC1,0.3901644046261276,0.1367051405924721
MMP3,1.1981370993938434,0.1367387259047866
ZNF154,0.79580304086479,0.1367442273952619
TPGS2,0.64207871929134,0.1368463578748771
DCTN3,0.1358618997947331,0.1369633487605582
XPA,0.2357809732236528,0.1370601634337217
MMD,-0.5234172595394426,0.1370729333600759
SDS,-0.7447166387805,0.1371970512558089
C8ORF4,-0.570933406926839,0.1372649490237845
GPN2,0.2583576017238727,0.137285866706507
SATB2,0.978514224728292,0.137415162470337
SNRPD2,0.1845392251013482,0.1374306644620606
LPCAT3,-0.3395059562155138,0.1374888550178437
THOP1,0.4160092002177515,0.1375010450866763
LRFN4,0.5813753013037184,0.1375038884368239
B4GALNT1,-0.6846523647101863,0.1375432468079439
DCLRE1C,-0.2490196028246742,0.1375820429107709
RCL1,-0.2126415113095188,0.1376067807221578
SCFD1,0.1716069841034748,0.1377311882437547
KCNH6,0.5569527776348939,0.1377346482999779
HIST1H2BB,0.4798444251463358,0.1377614461199365
PHGDH,-0.3936086053544736,0.1378285193040021
SHMT1,-0.2738083363543406,0.1378946397602081
SAV1,-0.2759063169604339,0.1379032174747076
REM1,-0.4366733284005981,0.1379242149246353
CRIP1,0.6596367861047181,0.1380485205284083
RP1-8B22.1,1.215873173108348,0.1381111264993442
ARPC1B,0.2671274529337051,0.1381785344730268
SYNPO,0.3306411669126063,0.1382385980779572
AP4S1,0.3009582380027371,0.1382415518601458
SSX1,-0.5436144558781981,0.138291023354636
POLD3,0.1738167234617194,0.1383027285983538
UPP1,-0.511310634864456,0.1383178388663101
PAX3,0.6308210528586282,0.1383366815993451
BAZ1B,0.6815169394483789,0.1383662899182153
RP11-54K16.2,-0.181653153054965,0.1384513590230047
NMB,-0.5314299003402692,0.1385190166818758
ZNF557,0.700067861495655,0.1387029889420296
KCNIP2,-0.6637470243864145,0.1388620164679805
GSTT1,1.4193802256211665,0.1390309888275168
GMFG,0.3180664193548796,0.1390515267339375
AHSP,0.3019799392511322,0.1391201828373518
PPP2R2B,0.4587372917487196,0.1391571388928702
SLC35G2,-0.4134516260468253,0.1392111702357496
PUM1,-0.1635462837134973,0.1394545873188785
LARP4B,-1.1571588273195372,0.1394556412650484
MRPL44,0.5492400371599935,0.1396039963951902
ARID3A,0.586221690323474,0.139680670824326
RBPJ,0.2326297051938777,0.1397017816945384
FBXL7,-0.3126848953328132,0.1397172556160049
ARVCF,-0.7714667847901371,0.139726894583331
TCP11,0.5527929136871563,0.1397583922827631
ISCU,0.2424842517318346,0.1398395988167471
EHMT2,-0.5069334212840273,0.1398794803502627
SHFM1,0.1657241653840095,0.1399168295357922
LIPE,-1.35098690568255,0.1399244362399412
TCP10,-0.5720160038840296,0.1400001081348959
MED17,0.2301089840582229,0.1400773676378494
AL590762.11,-0.5507116196464592,0.1400839200833872
GPR31,0.2314081321512615,0.1401859483696723
BUB3,0.2428962178753373,0.1402364559756125
ABCB1,0.3390669699786723,0.1402476772920046
TMEM255A,-0.7734997716665628,0.1402747110005405
KLHL20,-0.6087757412667072,0.1402824488718902
CDH16,-0.5926879424496114,0.1402888229724128
CENPN,0.7028823719086867,0.1403803149002846
PBXIP1,1.1701152651475315,0.1403871438158428
DNAJC3,-0.444346884462095,0.1405105257249521
PELO,0.8568787314465074,0.140532628629622
SLC35C2,0.2730769671047914,0.1405539922252049
PMEPA1,-0.3300694350648374,0.140688471879148
RAB36,-0.1727302982876635,0.1407514636911608
TRAPPC8,0.1279534202538155,0.1407973567835241
PFKFB3,-0.661675392374466,0.1410291496994366
PKM,-0.7399495337564836,0.1410755832346806
GOLPH3,0.2517524425707904,0.1410839931791393
MAP1A,-0.6716445239817697,0.1411627311130465
ITPKB,0.5013657578729109,0.1412136205982956
PRPF31,-0.4147848379915491,0.1413462457044169
MUC5B,0.8483252272456445,0.1413500722199918
ZBTB22,0.3291717449416236,0.1413990324007711
GRHL2,0.6534073136824841,0.141434807056245
CRYGC,-0.5430412756133176,0.1414575617880421
F10,-0.5876279944707612,0.1415034555738935
LTA,0.3557513015299451,0.1416483564254534
CSHL1,0.6690570690550572,0.1416627276853035
GCNT3,0.724016122793425,0.1417259206251506
OR1D5,0.8441138989000101,0.1417817609234461
F2,-0.3313449337860583,0.1417832865290796
DLG4,-0.4223123569442606,0.1419186323766132
PLLP,0.3552402382749093,0.1419422443112779
NYX,-0.4053609798989974,0.1420519873552121
ATP6V0B,0.2013551019207593,0.1421190925647053
FOXE1,-0.8745709466746927,0.142255731570662
NCAPD3,0.3355350704741484,0.1422588581727424
PID1,-0.4781723050977682,0.1422771351791713
CSRNP3,-0.7498152991306162,0.142303728920455
AKAP5,0.8128475791170722,0.1423194904746644
KCNMB4,0.2981464545670187,0.1423250694369541
RP11-217B7.2,0.6181839609602475,0.1424424921722483
IDUA,-0.9838511895302792,0.1424665695160431
SHANK1,0.5817684128958103,0.1426367777240949
RAD54B,0.4334505393539389,0.142639283243776
PI4KB,-0.2053066340755727,0.1426889958894071
ACTB,-0.2181344808330223,0.1427119176299459
PPP1R10,-0.8306663265466314,0.1427854886477666
RAB5A,-0.2227949944041451,0.1431784574211331
DLL3,-0.568830855042953,0.1432676039588066
NMBR,-0.7642239351199027,0.1433479951224919
SLC39A2,0.4836559470087875,0.1434642393148688
RBBP5,-0.4590019541136998,0.1434946383003257
CABP5,0.4595188942631729,0.1435694756899267
ATXN2,-0.3443476810074699,0.1436662480176488
ALDH1A1,-0.5123726125123991,0.1437218735187762
MRPL13,0.3121591189460755,0.1438254420889073
HMOX1,-0.9127912705358394,0.1438849963330408
MRPL24,-0.1823686253701435,0.1438908356426814
ANKZF1,0.8658942647966592,0.143915082557964
DSTNP2,0.2497891499545126,0.1439297347822139
NFYA,-0.8741704837676707,0.1439746787139427
PIR,-0.4845610120686112,0.1439795807966155
POLRMT,-0.4486961859210314,0.1440050479818303
DEFB1,-0.8914753915900135,0.1442428225070005
TIMM17A,0.9647593476697351,0.1443840061641367
DKFZP434A062,-0.497706207010423,0.1444309011008587
MEPCE,0.144818451227108,0.1444974509739759
NEK2,1.1563479069491924,0.1445038803261972
PTP4A3,-0.6221836221575563,0.1447249149607122
RGS1,1.1862343900663053,0.144850435005313
MAGEB1,1.0797463955502145,0.1448653450933154
NRP2,0.8348553842001731,0.1449116112765352
BMP1,0.6313256760471839,0.1450485058531056
DYNLT3,-0.2203923542076928,0.1452894649553703
CD164,0.3988988713324346,0.1453199530979277
VASH1,0.533079879060157,0.1454079557353828
ADRB3,-0.4594313876739457,0.1454437926363047
GMDS,-0.2398978681978061,0.145453305647044
AKAP12,-0.5008709628155188,0.1454610390899846
ADCY10,0.6665767994007048,0.145517892321332
GJA5,-0.7503237673240788,0.1457758750832807
ATP2A3,0.800412314791064,0.1458837940013044
BRDT,0.8409208536312338,0.1459192085590454
UQCC1,-0.2188361285334217,0.1459638503251571
PLEKHO2,0.2040314535228411,0.1460800760286725
SEMA6C,-0.5368343824866564,0.1460940143529017
MAN2B1,0.4066486264806421,0.1461199322921358
ZC4H2,0.4996947839687617,0.1461851780238783
CHSY1,-0.3988829801112086,0.1462123060277508
ZCCHC24,-0.3720716601193636,0.1462692259199639
MYH7,-0.5091209398117194,0.1463967352402331
ARL15,0.89988087917743,0.1464102283377653
GLI1,-0.7565763959430685,0.1465425182144424
INE1,-0.5395502436697504,0.1465459879476513
RIN1,0.221609531180011,0.1465920866171473
USP33,-0.5951839772959966,0.1466057689469667
GOSR1,0.3116485708512506,0.1466178052547822
STX8,0.2145839664885791,0.1466582117616366
LST1,0.4804154800720024,0.1467121169672723
ABO,0.6623447972016514,0.1468405356272702
BCL2L13,-0.1795163598574323,0.1468486946653549
MVK,-0.4941906964600138,0.1469083997122445
RFK,0.2804957197199691,0.1469189538838848
PMF1,0.1787390424182735,0.1469934668107971
METAP2,-0.2556940261072409,0.1470263569148565
ZNF197,-0.201088943635268,0.1470538541861848
CEMIP,1.0182846088014212,0.1470822640001752
PLAU,-0.8070016259587511,0.1470944471265883
LPGAT1,0.2624722323762363,0.1471999745220081
ETV7,-0.3194599000627471,0.1472362100021827
CELP,-0.4294346044682631,0.147239872340374
PSMC3,-0.3285295581761627,0.1473268931183706
SMYD3,0.3626686620666373,0.1474139395455895
RNPEP,0.203518391658255,0.1474532550617222
EIF1B,-0.277554273986567,0.147474519446923
ERVH-6,0.3706974784353414,0.1476235330985276
PTPN2,1.236378189579446,0.1476585964093482
KLC2,0.4978714773717341,0.1476653104115222
CAB39L,-0.9536172631201572,0.1477615864922271
RBM34,0.8671992243102631,0.1478169269613188
HMGB3,0.280608111717461,0.1478823802751946
SDHA,0.2761919354656594,0.1480037169754567
ICAM4,-0.6376685998276139,0.1480706645910369
PIBF1,0.3124876927116409,0.1480958221540322
RPS6KA3,0.3399773058274515,0.1482274615099432
ZNF329,0.5252782619547256,0.1482416580136117
RP11-79P5.2,-0.2797977797862421,0.1484604638650028
SERINC3,-0.3865461423008085,0.1485479618823947
OR2B2,0.4330241849030276,0.1486141319494774
GNAQ,-0.2806409292790466,0.1486214572417991
TAS2R8,0.3944160679448272,0.1486972699396344
ALDH5A1,0.9495874902629772,0.1487043263471043
TTI1,0.2555241132277004,0.1487163200091772
PRKY,-0.4922958634559071,0.1487432566524623
SLC14A1,0.5615513380152874,0.1487491600682303
DROSHA,0.2055665267529036,0.1488254379770996
PDYN,0.6496584268205887,0.1490003483173789
ZNF33B,0.497399866049264,0.1490256371692953
C3,0.55144217373131,0.1490363313246019
RRP1,-0.5147302395921161,0.1490992378474934
NSMAF,-0.1981861870136381,0.1491787983210706
LEFTY1,-0.263791586651295,0.1494147247652725
LMNA,-0.3656528405776917,0.1495700942929885
STXBP1,-0.378004429971595,0.14971602663514
IPO4,-0.5848067259180212,0.149719793149658
MMP19,-0.4038760585358032,0.1498284078120797
CEP152,-0.7390616568365393,0.149922886461454
CRTAP,-0.3317426702928721,0.1499674877640138
METAP1,0.238816373018551,0.1500660697137108
TNFRSF1A,-0.3022834955675471,0.1500975906256433
CYBB,0.596108996182549,0.1501605667673584
NR1H3,0.4532151855137183,0.1501844506791144
C18ORF25,-0.6901358438139367,0.1502381821279574
PPT1,0.2219344246532895,0.1502838425701474
MSMB,-0.8528070656042117,0.1504037550179103
DEPDC5,0.6915790118677849,0.1504109396580648
MMP2,0.3421287808422555,0.1504154652750974
CD209,0.5059936794813078,0.1504330108054249
CLUL1,-0.8386253284775833,0.1504435180205152
PDZD8,-0.4143593730738288,0.1504539824291604
NDUFB5,0.308824611223665,0.1504808766228178
SOX4,-1.2264821423902026,0.1505047417059607
ZNF609,-0.5004946579655805,0.1505333663555228
KRT19,0.7053084269410412,0.1506137815789586
NDUFA9,0.1652645673132848,0.1507406936274442
F13A1,0.8323275944816864,0.1511023811346037
BTC,-1.0167261534417662,0.1512285231770211
C8A,0.4568080292343479,0.1513527721817794
FBXO17,-1.0847386159881085,0.1514099259199501
GDF3,-0.4796080624495733,0.1514927593430126
SUV420H1,0.1198616835208152,0.1515118927288372
SPOCK3,0.9934412032967952,0.1515212018500416
IFIT2,0.2807326749096646,0.1515600703526154
PRR3,-0.391355358994975,0.1515897624412608
CHAT,-0.6390940706260873,0.1516093580398892
CNIH3,0.5682956558801902,0.1516161911483426
PSTPIP1,0.3677008123890033,0.1517162492455892
TMEM45A,0.3591765864076759,0.1517934519278631
EFCC1,-0.5151374798742681,0.1517958750834009
AGR2,0.3133671883175442,0.1518025899690319
EPHB6,-0.2470763676543281,0.1519540654378247
PGAP1,-0.5042227378286359,0.1520633617591742
NFX1,-0.8247259792990764,0.1521516640952101
WRB,0.3245216068851047,0.152217353727962
CKB,-0.5726377184443807,0.152268803054178
CYB561,0.2787382355278165,0.1525583438652178
C11ORF16,-0.4561134100151109,0.1526030183364202
IRS4,0.3474660525481612,0.1526132290848394
EIF3E,-0.1270237084249181,0.1526839908975322
SNCA,-0.4125922177379486,0.1527385318508872
YOD1,0.2774799764035505,0.152756679622864
SLITRK5,0.8360408547712912,0.1528510719714346
RBCK1,0.1753731066067896,0.1529640563115056
SLC8B1,-0.2689334442260502,0.1531121475733429
ACOT7,0.6447228694307805,0.153251808843941
MYT1,-0.5334759562491813,0.1532952815357376
OAS3,0.3443403517774666,0.1534233213127987
LRIG2,-0.1963126534479498,0.1534594636825551
ATP6V0E2,0.3423217116492569,0.1535082788109627
ITGAX,0.9865727694360098,0.153531758811389
NXT1,-0.3851374236372908,0.153543964043652
TTC1,0.1744819825895014,0.1535915368034084
CHI3L2,0.807791114067026,0.1536034031548632
LOC257152,0.3250444031536474,0.1536278090796161
RIMS2,0.7588641438490438,0.1536640751622494
SSTR5,-0.3966356967241808,0.1536742720793862
CTBP2,-0.6728660354014551,0.1537703744564438
RASSF7,0.6067102277464409,0.1537747787696771
INSR,-0.2596087078160103,0.1538139097267011
FKBP1B,0.4044920588600114,0.1538340472797174
PTGS2,-0.908016652007074,0.1538699558704768
RFPL2,0.5658934686099455,0.1538738818816541
MSL2,-0.2406844698727859,0.1543116623652601
TOP2B,0.2452584131125856,0.1543603309449039
CPT2,0.8071514985396391,0.1544156901725114
COL4A6,0.6502606985710129,0.1545360631678686
ARHGEF26,-0.7163054058420562,0.1548780041695103
S100A2,-0.3262528508544244,0.1549610634518967
SLC4A3,-0.2595735461790935,0.1551199775990557
EPB41L2,-0.3475779122792488,0.1551597078355173
GPC4,0.8750126996289209,0.1552013681171484
AQP9,1.3705376746424074,0.1552888560073183
TMEM131,0.2307270953670759,0.1553221324962687
DGCR11,0.678501060558828,0.1554221551176244
MAGEC2,-0.7577188823130019,0.1555130915408702
MIR1244-3,-0.2688779391363667,0.1555758870174411
BRPF1,-0.1548003602805874,0.1556925654901026
SCAPER,0.3733412223512733,0.155698459531649
AZIN1,0.2655819895244349,0.1557361138574813
CCR1,0.4055974458480396,0.155822457215054
SLC2A4RG,-0.2620087895644474,0.155864575457892
CAMSAP1,-0.8355475047441923,0.1559256770683887
ZNF675,0.5542400793363695,0.1559926411664309
PLEKHA6,-0.5876175102181684,0.1560080239055593
DHDDS,-0.1563861663918899,0.1561303382336826
CFD,-0.6235258283273204,0.1561971622602701
PRKAG2,-0.5524502547104504,0.1562708309817575
MINPP1,0.2612596190967622,0.1563377023680703
GPR64,-0.8012187050453274,0.1563547988379847
RAD17,0.3210617253799022,0.1563598927601847
C1ORF116,-0.2798591960940308,0.156414986789521
RP11-714L20.1,-0.3829206942976011,0.1564958339581542
DKFZP586I1420,-0.2878388933766729,0.1565948050902627
PIK3IP1,0.5781581031437018,0.1566346129810364
KIAA1654,-0.2762496160949519,0.1566861665159796
FAM129A,0.5012760217076799,0.156694316410442
MSX1,-0.4234371944461514,0.1568210363220761
ING3,0.1780184134946356,0.1569723288679736
DDIT4,0.6023547482163014,0.1570327118183654
CSPG4P1Y,-0.4392118477747191,0.1571275563066682
BLOC1S1,-0.2548064218097732,0.1571711965815731
EML3,0.5546122014544279,0.1571850342979265
CD320,-0.5354368001005048,0.1571933683156572
LOC101929148,0.8222584258241539,0.1572217041477121
TOM1,-0.2738102524267223,0.15739670293339
MUS81,0.1344892890259341,0.1574257255648326
CYP11B2,-0.4841679063194242,0.1574324992728906
METTL10,-0.4412776175419441,0.1576083127304645
ACTL7B,-0.5075710406703466,0.157615251592736
GRIP1,-0.4832582847366828,0.1576518549847567
LY6E,0.3945315928509902,0.1576587112173163
NBAS,0.1826312386976152,0.1578450757377193
TRMT5,0.1967351745293797,0.1580717757200522
HHIPL2,0.3582934955879269,0.1582616557224172
GPA33,-0.5311932741626801,0.1583231968038941
FBXL6,-0.3882525552938896,0.1583708573192981
HIST1H2BD,0.3402974655942197,0.1583712796746808
ADAP1,0.882563271045024,0.1583836311663526
AGPAT3,-0.2894120243080644,0.158416870309558
SERPIND1,-0.886465361512053,0.1584318538725155
TRPM1,0.8169875611226955,0.1584872702407682
PHF10,0.1375490061546695,0.1585169256540568
S100G,0.4538421786777298,0.1586209606587299
TBC1D29,-0.6004709875200271,0.158623359825779
COL1A1,1.0479038322658791,0.1586577816292656
NPM1,-0.2647507160789626,0.158712509747313
TNN,-0.4297348674601986,0.158737711545557
SERPINF2,-0.1728524606952248,0.1587881276361369
GOLGA6A,0.8348472481367759,0.1588081437022239
AQR,0.2418472457714164,0.1589160943188969
VILL,0.5718643716072176,0.1589234807408699
LILRB4,0.542780242145664,0.1589366490528614
COCH,0.8692861597727193,0.1590936439755699
SLC47A1,-0.8247950704637361,0.1591495430046203
MRPS33,0.2429588117473375,0.1592915830925094
ADSL,-0.2130783218667638,0.1593129264699963
ABCC9,0.3822076310105071,0.1593160179092626
HS3ST3A1,0.8863886061757831,0.1593420577882608
CHERP,-0.526678509599706,0.1594762158220124
RPS15A,-0.0956179851196328,0.1595429738566629
TOP3A,-0.8005781921728161,0.1595861435511448
SCGB2A1,0.4091006889408382,0.1596364091680932
GSTZ1,0.6907378800534536,0.1596674698920065
GNA12,0.1377158428282694,0.1596699333794992
ATP2B3,0.6371991673432311,0.1597258588834785
TRIM28,0.1377104360205212,0.159846367689073
LRRC40,-0.3612946994155113,0.1598528962558582
PRSS23,0.3501822091575217,0.1599263746036252
NPTN,0.1650899546410986,0.1600369040863546
PTPRN,-0.3156788498640468,0.1601096141697481
ZNF500,-0.4690395788575614,0.1601568558878384
REPIN1,-0.2099406390514051,0.1602066268325269
VCL,-0.7145089085801399,0.1602208709221716
GPR32,0.6197472406817139,0.1603078706907761
TSC2,-0.6005929628870899,0.1603593124959024
TRIM9,0.5562832560720778,0.1604646720297284
LDLR,-0.9203817741292496,0.1605551693438072
CCDC109B,0.2811334848050997,0.1606042785206507
RABEP1,-0.4486030316557121,0.1606239565284653
PMS2P8,-0.2413503645980297,0.1606416256004119
APOBEC2,-0.1860831739263497,0.1606647524429793
FGFR1OP,0.2618455323934672,0.1606840960785216
PRPH2,-0.3658687967664864,0.1608037947178473
MPDZ,0.465002906114238,0.160850890109273
NXT2,0.3722093818981262,0.1608956213858662
ASXL2,0.1501243428179695,0.1609128733831749
TMEM106C,0.7102637129777083,0.1613243591904007
BAALC,0.6051832874632463,0.1613437978450988
RITA1,0.6616726879373482,0.1614781105634823
ELP6,0.5559387054533609,0.1614856027781401
DDB1,0.1458875823845851,0.1614923049990373
ERGIC3,0.3854357468672664,0.1614993536037512
CHST15,0.2030836057437977,0.1615546152803628
LOX,0.5655356688859126,0.1615916261168867
IER3,-0.908427786681976,0.1616075075428726
AKAP17A,-0.383917246610749,0.1616543480334971
SLN,0.4666937978872028,0.1616799212414283
PSMD6,0.1602405009584337,0.1616956516166
STMN1,0.6871728962922363,0.1617431130478288
MCF2L2,1.0278432634220698,0.1617646602554431
MRGBP,0.3352509490597448,0.1618515326015953
CDC42EP3,0.5522404681296553,0.1619126491899912
RPL12,0.1127914463746844,0.1620084520814096
PHC2,-0.3271951902783652,0.1620635190052979
MAPK4,-0.6684183448965619,0.1620820993376628
DUS2,0.5865078314942167,0.1621645917234863
NAMPT,-0.7154924134029113,0.1622540357410017
PCGF1,0.519559104985496,0.1622780922048151
SCPEP1,0.3072613244603435,0.162331093363932
C2ORF83,-0.5289658791346739,0.1625994851935593
PPA2,-0.1932697872446223,0.1626122194432437
SMOX,-0.5573037631992128,0.162682205234828
PLEKHM1,0.4950143103969182,0.1626848049055524
ZXDC,-0.4996096440675295,0.1629204200828164
SLC25A16,-0.4314761590545029,0.1629266947156057
SLC35F5,-0.9681285845650556,0.1629321831195137
USH2A,-0.7586560465046173,0.1629335003445136
HCRT,-0.2882706196079914,0.1630818048452539
ICE1,0.1740792951941721,0.1632288528978742
PSD,-0.4220438135248452,0.163389420723939
OSER1,0.2020942295920846,0.1634036587487461
GLUL,-0.6225521287889944,0.1634498553359937
ZC3H7A,0.2118216029386328,0.1635961553184171
FASTKD5,0.211733680936069,0.1636365866923375
RP5-1170D6.1,-0.374145235546417,0.1636544448641362
CALML5,0.6646978564308181,0.1641296014106735
NLGN3,-0.6031548253322532,0.1642271305066172
RAB22A,0.200485967866042,0.1642488901440122
TRAF2,0.4008546219626661,0.1643860243228924
PAIP1,0.4103154164049192,0.1645062233379996
ACADL,-1.023224022423273,0.1645156621623548
SAE1,0.1603432985126236,0.1645383616476709
RP11-549J18.1,-0.987687727156768,0.1646054540290969
BRIP1,-0.8250456693893669,0.1646534537382568
GLRX3,-0.4862936458718625,0.1646545642032344
NUPL2,0.265592289102269,0.1647027092616717
SOD1,0.1470275352185197,0.1648839984317507
UBE2L3,-0.1526980497734662,0.1648854742355434
RCAN3,-0.8241376561623168,0.1649411741489995
UBE2Q1,0.13516788603315,0.1649691503804881
PSD4,-0.8107042060419642,0.1649987408662885
LINC00597,-0.7427066610393736,0.1650642218517777
TTLL4,0.8476171775239161,0.1650872307598755
HIPK3,-0.8317706104795368,0.1651098437132717
IL3RA,-0.8444021007294014,0.1651785935291289
C11ORF95,-0.2590357042736162,0.1652864392395731
TSPAN31,0.1675844746913011,0.1653420058630717
CSTF2T,-0.3550787945246876,0.1653776118152564
ZNF529,0.5542557155449401,0.1653837947621483
IL2RB,0.4021809783126002,0.1654561190903446
LINC01314,-0.4151544822753106,0.1655185538064993
GPAA1,0.2592118327307968,0.1655288380403042
RELB,0.3950370487386738,0.1656485542218407
ERP44,-0.3755427642165818,0.1657533775632453
CHD7,-0.886045130784114,0.1657795428400218
SEZ6L,0.3467964362250537,0.1658067916447657
NMT1,-0.2662077088107049,0.1658496112399244
NPR1,-0.4709723791586819,0.1659193996439285
UBE2C,0.2504927938679664,0.1659836097097683
TP53I3,0.4600495143946688,0.1660817320219664
HNRNPL,-0.3675298417190848,0.1661024987621478
TSC1,-0.2098396685726413,0.1661669582025894
LAMC2,-0.7581068667234478,0.1662395679452862
ATP2B4,0.2875028900349452,0.1664919512086417
GLUD1,0.1733247302925065,0.1665372153391026
NIPA2,0.2625647948019942,0.1665522294021535
CMPK1,0.2173383153320482,0.1667310230909805
UNC13A,0.322355511091521,0.1667942644039116
TIMP1,0.2679326058942362,0.1670700535433768
NUDC,-0.3148109275660948,0.1672941986424818
GPBP1L1,0.1453299009157334,0.1673284245781554
FABP2,-0.4756014254766816,0.1673542235810777
BMP5,-1.113186694560004,0.1673631560696699
TMEM251,0.1420777041712462,0.1676663963732735
ABCC5,-0.2977043432611772,0.1677340386763313
COL5A1,0.820747888918234,0.1677529790632871
HOXB9,0.4445718637190525,0.1678489636835216
SF3A1,0.1768771616619151,0.1678498048349087
DDAH1,-0.3180613220178507,0.1679329258981891
TRAF5,0.3502364511577269,0.1679604889427758
CDON,-1.0287802466808411,0.1680177736769028
HTR6,-0.3227926462409867,0.1680557179863216
ZNF592,-0.2500940335422932,0.1681217951295109
HIST1H2BK,0.3548788741935382,0.1681786660904212
TMEM177,0.3231946106080423,0.1682807372318513
PAPPA,-0.5677046739209493,0.1683437631376852
GTF3C4,-0.1818357878483159,0.1683467774699933
C19ORF26,-0.5308247935445616,0.1684073611592214
CLN6,0.5321245248565916,0.1685169823350448
PIEZO2,0.590171965415923,0.1685751279734398
SLC12A5,0.4817118796142106,0.1686851406644276
DYM,-0.7528558005657864,0.1687573779535469
SETD6,-0.4744821446457949,0.1688915464855998
VPS8,0.2540415494018848,0.1689267268189799
KIFC1,0.7186237186713562,0.1689322186544175
RP1-101G11.2,-0.5869386426093826,0.1690114007363897
ERV3-2,-0.4165945126015229,0.1692053210812665
PCMTD2,0.3426796149463715,0.1692406771716775
CHST10,-0.1258168979260912,0.1692698218441568
TTTY15,-0.4720248597968588,0.1695489508706735
CUTA,0.227585828603626,0.1695654835543714
GOLM1,0.4308612271727607,0.1696280253274693
FBXO40,0.6089565191364978,0.1697049751888639
STAT1,-0.8601086623627712,0.1697720767294702
BRE,0.3846012979181434,0.1697731571369699
PPP2R5B,-0.415973228378192,0.1699167230243995
TESK2,0.2025252384300575,0.1699964506663938
SLC48A1,-0.3780240964270911,0.1701080159272047
SEC24B,0.2519846377777472,0.1701171149758349
ICOS,0.9211176945035322,0.1701921480566631
C4BPB,0.6878281037296672,0.1702524550635462
PIP4K2C,0.252662608672173,0.1703012380516194
CALCOCO1,-0.2827674764061409,0.1703657862643323
VRTN,-0.5663298110941577,0.1704396571251987
TMPRSS2,-0.4428395308388211,0.1705100227303795
GOLGA7,0.1172911317520597,0.1705225324573999
SPTLC3,-0.9310994250980328,0.1705575218536289
RXFP3,-0.3104612806306912,0.1705976167719131
COL3A1,0.487607676627686,0.1706164863350621
DPEP2,1.240681601552982,0.1706383354089635
ECHDC1,-0.197029419714557,0.1707611537604546
FTSJ1,0.2521928940657911,0.1708337049803833
ATF7IP2,0.4177452827144954,0.1708392868989125
NELL2,0.6427121803540743,0.1709027089860479
IFIT5,0.2341612390523142,0.1709072157200014
AGBL5,0.5952593657484124,0.1709507238114125
RAP1B,0.1394163415761138,0.1710464852179606
NUDT7,-0.3415971919733804,0.1711228491097896
AMOTL2,-0.3535875818505243,0.1711514821100215
THYN1,0.3588258341184218,0.1711743613835749
KDELR2,-0.1899180023226581,0.1712049058722803
GNRHR,0.9139238987339288,0.1712878395534382
MRAS,-0.6289538505463064,0.1712903967156674
VEGFA,-0.9091816063343288,0.1713974087037707
BPHL,-0.2937181660891079,0.1714507248845606
LOC100289473,-0.2349887807768995,0.1714570815738666
UTS2,0.6502122906970191,0.1715465508134321
ARID3B,0.4999236488388519,0.1715584196547711
UBE4B,-0.9306265884994448,0.171559344734208
DESI1,0.3033468514355064,0.1715862581046819
SIGLEC8,-0.5874431728468261,0.171659720362067
SIRT5,0.6614181569919619,0.1718273524591406
MNT,-0.2346591629921359,0.1719401681839249
UQCRC1,0.2342280382617243,0.1721345781903819
GBE1,-0.3284542353534814,0.1721347375824553
CSRP3,-0.2734965669694882,0.1722494869009446
IFIT1,0.4248682031507851,0.172342886401336
GNMT,-0.6244448184429894,0.1725524514935591
FAM32A,0.1839416021597362,0.1725603121142875
LMBR1L,-0.234194155255988,0.172672099350774
SCN3B,0.3839112442528432,0.1726982212806561
CYP3A4,-0.6605930508764066,0.172748261183329
PIN1P1,-0.5448185911235992,0.172750094309533
NMRK2,0.7774021805748257,0.172909420459714
CCL1,-0.2616071277891461,0.1729692695897528
CYP4F11,-0.3723177294537203,0.1731421942832961
CCT4,0.1560491463990416,0.1733271070342452
PEPD,0.359024560024535,0.1733873935427118
KARS,-0.2842053892571528,0.1735016337475693
PLAC8,0.5413577045063818,0.1735260591373014
ZNF750,0.726043859751728,0.1736475119196833
ENPEP,0.5657127709837209,0.1738403017161904
RTCB,0.1220260415179144,0.1738999347946434
RABGAP1,0.4546053091340667,0.173902809766766
MCM3AP,-0.4709626019754553,0.1739939529814263
VAV2,-0.8341165153306087,0.1741651469976666
HIST1H2AC,0.5922878335913158,0.1744231014698717
ASB4,0.7349702190540084,0.1745269011939448
GAPDH,-0.2031342937068068,0.1745306625573617
NFE2L1,-0.2845923069871627,0.1746472372859057
BTBD18,-0.7554402079534643,0.1746504035970103
SIL1,0.4887201303299324,0.1747137630883543
HIST1H1A,0.3505196891202704,0.1748209693452825
ATP13A2,0.6968693953114933,0.1748387711734894
RP11-548H18.2,0.6530707476351729,0.1749009134692445
OXR1,0.3056072990303455,0.1749154486418311
C1R,0.2508552289137657,0.1750463384941935
MRTO4,-0.3938841685609322,0.175056291823263
INSRR,-0.3516033755204377,0.1750635931459545
API5,0.4748152544209505,0.1751803005394965
RAP1A,0.1405297892612118,0.1752232302482912
BZW2,-0.3073520448342375,0.1752474377163146
PSMD7,-0.1617348130946059,0.1752798006453501
NTSR1,-0.3321955755377552,0.1753139877061562
CDK10,0.8111364855232646,0.1753427178629051
OSBPL11,0.2822866582880969,0.1753624727761981
PCDHB3,-0.9164762098237578,0.1754506557486423
SOX10,0.4888800924112919,0.1755289693617256
SNW1,-0.1767928130225318,0.1756039198406612
FARSA,-0.3813835971410846,0.175680650734653
MYBPC1,0.3635831435870349,0.175707228872044
SNX3,-0.2235986454640102,0.1757525345593966
PAPOLG,0.3237566139858945,0.1759510609818208
TSPAN8,-0.7294793357346148,0.1760213151098436
CEBPG,-0.2350854649771943,0.1760820102539803
TM6SF1,0.3683451584822972,0.1761215084251479
HIVEP1,0.2659186159912714,0.1761843128890051
FTSJ3,-0.1618430517534026,0.1763163064821436
CADM1,0.7528931514968775,0.1763358576534782
OSGEPL1,0.6079465231129282,0.1763748858499381
RNF4,0.1794126741781561,0.1764709980263193
CYBRD1,-0.6166917781389181,0.1764840182787699
SDF2L1,0.4084593537504251,0.1765254325223145
WNT8B,-0.2219122045892612,0.1765404956921142
CCDC19,-0.2883553915915406,0.17667610857067
ALOX12B,-0.3896774662565407,0.1766843713912512
CLK1,-0.3396137791168829,0.1767178190336687
CEP83,0.2936318973780123,0.1768031581112277
EIF3F,0.7433580178273282,0.1768317434564618
DCAF13,-0.6521576383280783,0.1769407979535793
PAFAH2,0.2895553258557486,0.1769485059817276
IL25,0.3643915407879898,0.1770360530083822
BAZ2A,0.8539583614974715,0.1770742146475436
C8ORF33,-0.3064440970773265,0.1770964149373112
PRX,-0.5822999067055532,0.1771155610888819
NAGPA,0.284223215454249,0.1771953485480633
H2AFX,-0.4977019408096064,0.1772078470411497
ATG12,0.459138758498046,0.1772129883703923
DNMT3L,-0.5165924169806364,0.1772635118559503
WDR41,0.4027460333599428,0.1772667864584167
NDUFB1,0.1984357460300785,0.1772742761508631
NDUFAB1,-0.1261236888366621,0.1773447628472214
MLANA,0.7399951724178644,0.1774046769651033
RRAS,0.6603186185510435,0.1776418562040962
TRIM5,0.4337612859780675,0.1777278412683944
SLC3A1,0.5270896199680095,0.1778038901601198
FRY,0.44357079151224,0.1778647239485701
NOX5,0.3896698842731805,0.1779551875004434
CCT2,-0.4109378236032359,0.1780253371666986
CETN1,-0.3056009871634018,0.1780754017225829
TK1,0.8175910079863851,0.1780848477276856
ALDH3A1,-0.4606745105422227,0.1783343525195219
C19ORF54,0.141535689660003,0.1783919327439133
MARK1,-0.258183000276456,0.1784690284457954
BDNF,-0.825512986654295,0.178716706049411
FZD3,0.2925509638821921,0.1787296966897872
RRP9,-0.4347633522299476,0.178824437227761
FBLN5,-0.3216576473359804,0.1791480778772712
TCN2,-0.3078382493615894,0.1794068022288105
PTDSS1,0.1572089120693043,0.1795509039718376
TBX19,0.5417490940704983,0.1795845608273991
LINC01278,-0.557610596142732,0.1796504453144245
ITGAV,-0.209727363157345,0.179673667294857
RCVRN,-0.4706850154487156,0.1802447169089579
GNB3,-0.1329262928981691,0.180332433994722
HAND1,-0.4569697645477362,0.1803654293712862
C11ORF68,0.2754707150876996,0.1804603526987552
RXRA,-0.2409742883784975,0.1805614213528786
TRIM31,0.3656807960602455,0.1805795516701865
GALNT2,-0.3656932339730145,0.1807569791029568
ANKEF1,0.7097661755458353,0.1807606645669511
MARCH6,-0.4798175141887322,0.1807709034606752
DUSP3,-0.3420135947241345,0.1809049831449746
POU2F2,0.855765770081419,0.1809425198730869
BCKDHB,0.92037500314538,0.1809886333524433
GYPC,-0.3578944405456745,0.1810096008559359
C12ORF5,0.317042329632196,0.181126544781853
SSX2IP,0.6622738078122063,0.1811290434701477
HIST1H2BM,-0.907234368128353,0.1812502340032302
DOCK9,0.5980740366711732,0.1812804636683658
PSMD12,-0.243370762185016,0.1813466253157129
MGAM,-1.260579855433873,0.1813886925711171
NNT,0.279667598914644,0.1814237641338768
DRD2,0.4754733730875484,0.1815634222622154
EVI2A,0.435536550983171,0.1815818739827502
MPZL1,-0.4657397846899043,0.1816034687439914
SDC3,0.7126672100569262,0.1816379196368024
TNNI2,0.5612315730928099,0.1816409404305895
SPAG8,0.3044146051487697,0.1818319661353698
DPF2,0.2153786490565981,0.1820982655312777
FAM131A,-0.2703965166790514,0.1821241963846831
ATP2C2,-0.5345333323390764,0.1821313111236738
FAM117A,0.3607617738974689,0.1823617665500414
EPS8L3,0.373142647666179,0.1824364704253747
RRBP1,-0.7302928581890518,0.1825662125118962
BEST2,-0.5586598792696416,0.1827241335239702
ALG13,-0.5926124143089169,0.182849169536691
ANXA2P3,0.3791805691066328,0.182934020857689
CCDC134,-0.4629997391295157,0.1830755084247519
SLC7A10,-0.9259702908574096,0.1831001591825676
GPR85,0.5961685161000121,0.1832407158380212
GAN,-0.4987129774851802,0.1833762599561586
ITGA3,0.5436853004173505,0.1833995756518086
CKAP4,-0.2331094830729032,0.1834435585848333
TARBP1,0.3131677910856796,0.1834635224822472
NRXN1,-0.878389024554898,0.1834728966300284
HUS1,0.496895305887099,0.1835527558846132
KCNC1,0.6395641177279332,0.1836323412910097
REST,-0.6785424791807646,0.1837173801334215
DLX4,-0.4353849389072461,0.1837269184592349
AP3B1,-0.3354187450144081,0.1837565105947075
ING4,0.7196750536745036,0.1839364184621858
CDA,0.8252874215882873,0.1839714010031713
NSFL1C,-0.203620629083014,0.1840459185851585
PIGL,0.2916106621765815,0.1840709923733901
PSMF1,0.1900182024767005,0.1841527097504327
FASN,-0.6892591387809612,0.1841555663024593
HNRNPM,-0.7654839195784051,0.1841842838663302
ITIH4,-0.5094107422319545,0.1842099167398424
ZNF593,-0.4375603572443207,0.1844752368669341
NTS,0.8820177187535228,0.1844756738993083
KRT33B,-0.2339520274180975,0.1846280779424073
PPP1R7,0.2486016882965698,0.1847320189230219
INADL,0.9259968563296952,0.1847338974936362
RPS11,0.4773348289941364,0.1848127875839711
CPVL,0.3459218227734784,0.1849480557721253
C7ORF26,0.4533022325391616,0.1850983206292716
TMEM51,0.5904026788340726,0.1851150047944555
RAB11FIP1,0.3575354014970928,0.1851268200216374
CEP164,-0.4501204170602086,0.1852133570998166
SATB1,0.3166355964452076,0.1852149894932566
CCDC86,-0.4363736973092411,0.1852812439334152
EBP,-0.8184030889647333,0.1854195874753113
MOCS2,0.3102904406088402,0.1854222607999259
ZNF606,0.2325983065689136,0.185597521741668
CHD1L,-0.7195943310198674,0.1857706630967788
SFRP5,-0.49642867356838,0.1858899042414594
ITPA,0.1427946891475251,0.1861129547111063
RP11-496I2.2,0.5764978106195198,0.1861286817846348
CHPF,-0.2532327251112676,0.1861404186928599
DESI2,-0.6720936879699022,0.1861596102923568
HSD17B7,-0.1671409097964531,0.186181482427106
FRMD4A,-0.7322796779757841,0.1862231709320187
PHLPP1,-0.8386357863289,0.1864839703908825
SLC22A18,0.2687875979798413,0.1865499355042472
RFPL1,-0.6292891654898674,0.1867849286258829
VNN1,0.8533120200519084,0.1868269847143417
DLX2,0.7219610811351878,0.186897987069989
CEP250,-0.3633684270138211,0.1869055209226382
RSBN1,0.2741260494767488,0.1869684323789894
IRF1,0.4884045596589015,0.1869904102124775
RDH11,0.3082898889413776,0.1870489331946108
PDCD10,0.2979836619409166,0.1871277406035373
NDUFA5,0.782651650538746,0.1871584129861306
DCAF17,-0.310290074082598,0.1871918405314417
PEF1,0.183396821541784,0.1871939114737161
ATP13A3,-0.8165111287795082,0.187209841500812
NGLY1,-0.3514963523741867,0.1872876423988732
ELSPBP1,-0.2284601621397124,0.1873357343458782
DOLK,0.1652206915034018,0.1873920553709288
KIF17,-0.6338579433699492,0.1874480649195171
ZBTB20,-0.5737902856930015,0.1874558292233617
GIT1,-0.2228482322025939,0.1874601809151446
ODF1,0.2972022684469486,0.1875101697644873
MGST2,0.2848229709053083,0.1875702419553026
SNIP1,-0.14385166485207,0.187774651886732
MEF2A,-0.3252915733066421,0.1877873449506159
CNTNAP2,0.9185216461551748,0.1879824238517161
UGCG,-0.4392229154576981,0.1881929158267413
HTR2B,1.1497957228430176,0.1882394626060338
OXT,-0.5092693685742864,0.1882688636241639
SNAPC4,0.5011298068470831,0.1883354172685469
MUC1,0.8115533944822415,0.1883949462591678
RBPMS,-0.8284768478968636,0.188445893982676
POLR3K,0.2317412889967194,0.1885994988523155
INF2,-0.2665539242028352,0.1886090114838683
AKAP9,-0.5985458754855175,0.1887142731615908
BCL7B,0.2207540728976837,0.1887516765194444
LRP6,-0.6107998488305517,0.1888467448603421
GOLGA4,-0.80481553182533,0.1889266120268816
TPMT,0.2166213655991073,0.1890416243454506
TRAPPC11,0.3286549545660735,0.18916705380521
S100A13,-0.3132994798448738,0.1892403937822723
TMEM127,0.1733818768886443,0.1895452182155169
H6PD,-0.607089215195864,0.1895575142202345
PAX2,-0.5982750907973537,0.1896206511504588
CCR9,0.5149137451927199,0.1898089959815417
ZNF492,0.3536522685232075,0.1900396047676553
MAGEA6,0.6142089872625736,0.1901106297813019
ADAMTS2,0.3361579011507842,0.1901333984218689
CDH8,-0.3554029326758554,0.1901550546902969
AVEN,0.2609177326191521,0.1901890750028482
ZNF443,0.5745559986184476,0.1902170441890867
GPR157,-0.2309587742534047,0.1903553475790269
SLC11A2,0.2285261656616697,0.1904797507469205
SMPX,-0.4241762674882823,0.1905114533130647
PDLIM1,0.2956531751935092,0.1907602620379813
EIF6,-0.2370274554716847,0.190768580530438
YEATS4,0.2204009092662993,0.1908084762442637
LOC100507388,0.3885977457384832,0.1908404833236058
ATP1B1,-0.4947410887772445,0.1908897908827756
FHL3,-0.2109694410466005,0.1909250953017024
TESPA1,0.3274126167712996,0.1909983170213004
C19ORF66,0.2062745272214741,0.1910274372083648
UPF3A,-0.3163408600052535,0.1910295919469955
GSTA1,-0.4903155590209884,0.1914726359864074
ZBTB24,0.3159276401249773,0.1914746871709308
EXOG,0.7389870556839924,0.1915690277275099
WDR96,-0.2684717216009376,0.1916614694437759
TIMP4,-0.9194767135117594,0.1916952622273594
TTC31,0.1587082502752537,0.1917068155424573
AC012065.7,0.4552619440848557,0.1918738260612561
YPEL1,0.5628530937040805,0.1920249453937815
CYP11A1,0.4005445677965245,0.1920670035982286
TRPM4,0.8653020587216895,0.1921407852407986
SRRD,-0.2328791217951433,0.1922114314703568
NOP14-AS1,-0.6526912367642086,0.192275993337048
USP8,0.2022354007686413,0.1924505081982384
CCKAR,-0.593764854042381,0.1924508797726396
FBXO5,0.4353515211621195,0.1925183174759758
NUDT21,0.2084484763897141,0.1925761622967191
CDK5RAP2,0.2210837928885247,0.1926881423265726
C1ORF106,0.3521376609194897,0.1927213825312026
JMJD1C,0.2827507162665963,0.1928072975022214
PLIN1,-2.021983168575476,0.1928487186055259
PLCB1,-0.7900798092487173,0.1928931184244124
NUP107,0.0955861783631881,0.1929069112849908
CCL17,0.6706535737671664,0.192933428275333
ATG10,0.2464586489009601,0.1929731939679564
CC2D1A,0.5443733259075945,0.1930434501374809
DYRK4,0.3179073663777423,0.1931291958240494
NOL8,0.2105279219580538,0.1931595965577245
PFDN4,0.5957737661828535,0.1932781682240829
MEX3D,-0.5000211043724807,0.1933372685886306
HNRNPUL1,-0.2089067287907635,0.1933863087296474
N4BP2L1,0.667693533934834,0.1934919034503526
CACNA2D2,0.4551484551245153,0.1935693282085725
WIPF2,0.152150882912279,0.193607105463656
JRK,-0.517037722927836,0.1936440519418584
TXLNA,-0.1484309945235598,0.1938082386862934
TFB2M,-0.4048420022863901,0.1938882400979115
ITGB1,0.8943930126355646,0.1939275066143222
PLAA,0.379932445979974,0.1940682128284178
HAX1,0.1440417129575237,0.1940788807221986
BNIP1,0.5715357663489566,0.1940843739877387
SPARCL1,-0.182018965017539,0.1941549242475063
HMBOX1,0.3513519325956817,0.1943330399338703
PPEF2,0.4883366082218665,0.1944742697888335
GTF2H5,0.234480912800965,0.1946188623942877
NUP205,-0.4452318790956662,0.1947166287925173
TGIF1,-0.2736207802510524,0.1948617922612261
TCTN3,0.1069836234334928,0.1948793669563605
PEX10,0.2970223603028454,0.1949051802771176
LY6H,-0.3674069395397099,0.1949156830730677
SNX1,-0.3675620240162329,0.1950125838510944
PTGDS,-0.8533249362829025,0.1951111253647955
WFDC1,0.7265468861671804,0.1952253977039721
FN3KRP,0.2679707256335444,0.1952644859627104
VAMP2,-0.4121196165443148,0.1954160747365713
LIPF,-0.5933211406613141,0.1954596250700275
SERPINB5,-0.684848538310709,0.1955505396674951
SIRT4,0.6623240188187163,0.1957714723622832
PRIM1,0.5753249203406163,0.195888642125267
EIF3H,0.1610865484575594,0.1959014899029668
C1D,0.3739387931887279,0.1959159966849473
TRMT12,0.1369872567788057,0.1960023138784251
ESD,0.2957541772110055,0.1960372503770196
PAOX,0.317935620850057,0.1960914102559974
CDKAL1,-0.777935022248081,0.1961485781664876
ATOX1,0.2377532936240651,0.1962330571703075
CTSE,-0.2469511728331452,0.1963287302791118
RPL22,-0.1840891208671653,0.1963818540511085
PDHB,0.2938454940269466,0.1965211692587855
ADAM12,1.164187734964905,0.1966657685326889
PCDH1,-0.3062563792020389,0.1966667350517394
HOXC8,-0.5552742286271863,0.1966693881225174
TYROBP,-0.2996562119215937,0.1967253590871674
CX3CR1,0.6644715049593444,0.1967297962835202
NEDD9,-0.4013745606002592,0.1968799516647136
TRPM8,-0.5996189097779938,0.1969035021939177
QRSL1,0.2406082749271156,0.1969648164707562
ZNF423,0.3888911252118134,0.1970518315034356
SMG7-AS1,0.7149463833698855,0.1972107150780249
GLRA1,0.4676360154945396,0.1972937594090956
BET1,0.22067345929349,0.1974570231313681
TPT1P8,-0.2620840600291041,0.1975077811525677
OR2J3,-0.6000359548984786,0.1976343749745094
MLC1,-0.542520838694128,0.1976597309968657
ACHE,0.5224702992171171,0.1977644626552217
HPSE2,-0.2717138936022647,0.1979063141631499
ZBBX,0.680829705060888,0.1979315220747396
WDFY3,0.1737563066460019,0.1979448896831311
IFNA1,0.6855648017692215,0.1979818106955114
GUCY2D,0.4538659070079474,0.1980059668397978
SERPINA1,0.809219574547317,0.1981781649397001
GABRR1,0.297283458945949,0.1982237402622514
ATP12A,0.2362551336507259,0.1982499808356945
GAS2L1,-0.7370892981041433,0.1983443579365326
SLC28A1,0.4500030394930174,0.1983944536667456
SERPINA6,0.5041295342000414,0.198529342548094
LANCL1,-0.2151536085344751,0.1985399689140329
IRX4,0.6130953777908514,0.198583814757022
RNF126,-0.318486670150377,0.1986394592220914
GAL3ST4,-0.5162580246633972,0.1987079118752251
GIGYF2,-0.1133487777179897,0.1987875787491191
NKRF,0.2189764615863785,0.1990118454678813
RNH1,0.2074677484649765,0.1990676180005737
MRPL34,0.2299139688654143,0.1993538959356564
ATG16L1,-0.5224093636301683,0.199512637077983
ARGLU1,-0.2958441166366992,0.1997686301874536
RNF144A,0.7074822234573421,0.1997940191637915
ONECUT2,0.3466052866613376,0.1998140701945343
ANKMY2,0.3994674231739807,0.1998224482710097
TLN2,-0.428969579011051,0.1999083737609961
PSAP,-0.1632964502473459,0.1999977062004239
FKBPL,0.4733779125274804,0.2001388109288111
RNF44,0.1988808972213771,0.2001510133049957
RGS7,0.5176249750149315,0.2002023362303449
SFTPC,-0.4661225396182527,0.2002574986262287
SMARCA4,-0.4891595171726606,0.2002737642745954
TMEM33,0.3091553717650832,0.200423436765768
RAB3IL1,-0.3899523055591576,0.2004801454397264
ATP7B,0.2794666956848157,0.2005066406636042
TACSTD2,-0.6843105418127404,0.200653133572364
TMEM59,0.1467292450938284,0.2006574495430924
SEMA3B,0.5172270456879353,0.2007055333140105
UBXN2B,-0.3587793056049673,0.2007387369462642
MAP2K7,-0.7322591480101419,0.200807449878746
NEDD4L,0.5049670350325961,0.2008405691909772
SLC20A2,-0.2232105895345695,0.2009630426256841
RPS27A,0.2156806370192345,0.2010179206627297
REXO4,0.2561191954796538,0.2010535513969055
RNMT,0.4262345934045131,0.201109532766374
CDK5R1,0.7592192286736195,0.2012960895443301
SLC25A3,-0.0903311368016837,0.2013204854817492
KLHDC4,0.2064272308851311,0.2013238632446442
ELK2AP,-0.3237576200481609,0.2014887414503724
ATMIN,0.1935549262678435,0.2015095109935876
EPOR,-0.7107929108067434,0.2015171163458274
SLC25A12,0.2931393851073611,0.2018448001499862
GAD1,0.7047482695569594,0.2019887495472764
AK021537,-0.2690279942628111,0.2022269580882695
FBP2,-0.3495103206967647,0.2023446897126204
SMU1,-0.3068133285572658,0.2024170591354079
MOB1A,0.2698434396451841,0.2024652739655822
PRMT2,-0.6516520616876225,0.2024982040390632
GYG1,0.1412967029993233,0.2026714948222618
CFH,-0.3893322267218124,0.2027478500949927
ZC3HAV1,0.2968372200555693,0.2027484804125188
EIF2B2,0.1820326661375215,0.2027631485171167
RPL36,-0.2703527484937194,0.2028154052293391
FAM106A,-0.3227849093735724,0.2028269798440533
RMND5B,0.2407075528568123,0.2028562527688125
PRDM8,-0.2242241020714348,0.2029426502791848
AES,-0.2200767168503059,0.2029878623370274
INPP5B,-0.6477103641619131,0.2030313831907068
TLK2,-0.1698580123895574,0.2030877193900017
MFSD1,0.149548639932366,0.2031101131283839
ORC5,0.7545945232769813,0.2031734893057599
ESYT1,0.3775065982430927,0.2032229708780892
JAK3,-0.6268972943157003,0.2032488150468192
PTCD3,-0.1905339427893437,0.2032527736267846
CRYBB3,-0.1676349309188047,0.2034290453568058
RAPGEF5,0.4295677667045838,0.2036665509120449
EXOC6B,0.6131183053456439,0.2036817401124565
TMEM30B,0.4032408478238078,0.2037021165633424
ANKFY1,-0.2195973507936255,0.2038769924626276
HMG20A,0.1510678851463485,0.2040043527998258
PAX6,0.4421945417949784,0.2040635275296416
TEX15,-0.3599571431595398,0.2040679981608102
EIF3L,-0.1543551432147758,0.2040756800908133
TRMT44,0.5948910894850421,0.2041203674248435
DTWD1,-0.2672391074861595,0.2041942908753886
DYNC1LI1,0.2074990746408467,0.2042734143503718
POU2F3,-0.7448931171478077,0.2043059411035071
HCFC2,0.283534765450069,0.2043162899671791
PECAM1,0.3769566343218233,0.2043616882706182
GON4L,-0.4179118753474933,0.2046492184119752
MRPS10,-0.1937439287025366,0.2047091570181794
PRDM1,0.5526827277113826,0.2047598556397021
C6ORF10,0.654761583064615,0.2047787212490661
PSG7,0.4928749269745927,0.2048870121449342
ADAM17,-0.3047957876602005,0.2049694563715887
CNOT4,-0.6305237983918861,0.2049719135420295
SLPI,-0.6693279697631205,0.2049923053616057
SHROOM2,0.2333365698583218,0.2050536107905604
SCAMP3,-0.1246111514600389,0.2050662256348805
ALDH1B1,0.7056438021874722,0.2053015174467858
LAMA5,-0.2534486617707916,0.2053414398705806
GRAMD1C,0.6851112686863017,0.2053560568594588
CAMK1G,0.2703890359391225,0.205406925712659
RNF43,-0.5786670860359244,0.2055212418868735
SLC35E3,0.3216717419079957,0.2055613333593993
TYMP,-0.7369720776500435,0.2056752328474151
FAM118A,-0.4797406525667336,0.205714725031342
CLDN14,-0.4343232361843725,0.2058862839245296
PIGF,0.1660853922173615,0.2058887490118539
NPC2,0.1945112273764362,0.2059522538509677
CKAP5,0.1796982692226549,0.2059968785805997
GPR132,-0.4908803224447093,0.2060033053708273
MYO1F,0.3593256691551687,0.2061120757898359
COQ3,0.164466035129311,0.2062836654150383
CAPZA1,-0.2177481840426498,0.2063456083458285
POP1,0.6414260623333323,0.206365349497456
HEBP1,0.2369719426163907,0.2063729071962055
TBCA,-0.1693699386876002,0.2063827577080959
TMEM14B,0.2131953316170101,0.2063989506135944
VPS4A,-0.1793940146201986,0.206447832058112
BCL2A1,0.9718009056313476,0.2065009998062084
GDNF,-0.5387998131618454,0.2065122897954251
FOXJ2,0.1254797812353754,0.206554922361774
TAZ,0.3816244770400092,0.2065758358607468
RNASE2,-0.5431429342197935,0.2066071543107145
POGZ,0.571233216461887,0.2066185238743886
CUX2,0.6916551380147187,0.2066454828554739
KLHL2,-0.2586865159504974,0.2068337514593951
CENPI,0.6492876126854688,0.206895837056411
TMEM176B,0.341109309761876,0.2069185885432823
ZNF224,-0.6215925804040259,0.2069846332733796
RPUSD2,0.4159926319750706,0.2071654753462429
SLC41A3,-0.1952629363793416,0.2072204344155195
MMP12,0.5429218790418631,0.2072660372099538
MAD1L1,0.460255697498261,0.2073944422231846
PLTP,0.3146865626883315,0.2074057713455951
AP2S1,0.1989538967782707,0.2076625312651641
NID2,0.6912128406802953,0.2076842315050023
PPP1R3D,-0.5615674803183319,0.2076863190575925
UBL4A,0.2262049212276178,0.2077396093824298
SNAP23,0.2991816972884535,0.2078368000618737
ADRA1D,-0.4354178044235608,0.2078708548903941
PLEKHG3,0.4626351826276655,0.2079423239686889
ZCCHC14,-0.6408082634595167,0.2080726925349786
NPEPL1,-0.3687084973074874,0.208121442417671
TRADD,0.6128634094347132,0.2082249147711069
COL5A2,0.4129114626051322,0.2085532583792361
AURKC,0.139919998455035,0.2086522001376274
PP13,-0.6025761136978929,0.2086861267083511
ATP4B,0.3091473101857245,0.2086881434858045
PLXNA1,0.2758459358661156,0.2087743265788647
OLFM4,1.0754455574770234,0.2087866952499101
RSF1,0.3003887749035545,0.208829821044149
TIE1,0.5220594304111277,0.2089232788267807
AOC2,-0.4816591809874531,0.2089304860240295
FCN3,-0.6750961709760981,0.2090594571342348
RASSF2,0.2896258457040872,0.2093766614675508
ZNF302,0.2567741399812657,0.2094082554840913
PLS1,-0.7496019062443171,0.2095840466037581
SEPT11,-0.5158593155633175,0.2096386010448739
SMUG1,0.2518218037284745,0.2096453776594594
TRAM2,-0.3948570474300847,0.2097047744306538
ESPN,-0.5135736906820538,0.2097071019918249
INPP5E,-0.1432430828912796,0.2100532543826774
LCN2,-0.5720948140928366,0.2101671124460661
MNS1,0.3511245548306476,0.2101953961942201
MFF,0.2393673719237252,0.2103913290737484
LSM8,-0.1710236136228093,0.2106520612724763
MRFAP1L1,0.1292735351127554,0.210826387498106
FAM53C,-0.1794380853917712,0.2108341746408307
PAEP,0.6629662065746293,0.210886804064395
PDZD2,0.6763915035029378,0.2108935889208695
RGS2,-0.6143690105433013,0.2109593622187541
C1ORF105,0.2018495906388659,0.2112524786130521
GPR87,0.657652398360475,0.2112760113440628
CD163,-0.6655203247411459,0.211358610333902
GPATCH3,-0.1762226630401979,0.2114181773746892
CPA4,-0.2075090057551447,0.2114735605572593
OTOF,0.4038016751700346,0.2117538200760291
ING1,0.9479629083281242,0.2117588383933064
TSGA10,-0.6823663201135517,0.2118147281033231
C2ORF42,0.1280269293246352,0.2118234083856635
CNN3,-0.2771415957455154,0.2118562110875248
ZBTB3,0.4127492014880074,0.2120177367559141
KIF24,0.5518103729016346,0.2120828893942302
PRPSAP1,0.2019293490770461,0.2122139965791381
OTOR,0.378281866846331,0.2122195187352251
F2RL1,1.099466269048135,0.212230468638004
RERGL,-1.1987517913541783,0.2122348688690318
E2F5,0.656488592486757,0.2122351483422471
SLC35B1,0.2302772455854889,0.2123944471132188
MYL12A,-0.2842691155862749,0.2124421606561222
PPP2R2D,0.7922836604118881,0.2127197002550963
MMP20,-0.5572473330782888,0.2127388612069747
RIMS3,0.4483177622129579,0.2127484426414967
SNAPC1,-0.3546355197874558,0.2127508633131282
HMGXB4,-0.147179191864847,0.2127761265379346
CNR1,-0.5026550005802903,0.2128149939728401
SCRN1,0.3997871503980867,0.2128262809539826
RND3,-0.3788138251260982,0.2131703248221987
MCHR1,0.6017777556189845,0.2133417799757481
SBSPON,0.835923650828521,0.2133638477505974
SLC25A5,-0.1682614493080745,0.2134231379222855
ZDHHC24,0.2150316417478279,0.2134574084218431
TFB1M,0.1870639285997599,0.2134594461238863
GALR3,-0.3887479806971621,0.2134937626114491
EDEM2,0.2305054165212059,0.2135084580799446
F2R,0.5188038737333933,0.2138370648385634
DDX52,-0.316312627205364,0.2138558406332791
PPP1R14B,-0.1988908663372637,0.2138559670492134
ALDH7A1,-0.5231206011267044,0.2140574127710467
TNFAIP6,0.7051963664726344,0.2140770724393497
ZNF665,-0.162157904716345,0.214191289830143
HOXB2,0.3937482913594952,0.2143254314962882
CCPG1,0.2955677966489221,0.2143509885083407
POM121L9P,-0.5712227637735419,0.2143543388601054
LHX2,0.718472042268008,0.2144412705207544
TTLL1,0.5387091474976167,0.2145001566949179
ARHGEF10,-0.6728121123294235,0.214646753835419
QRICH1,-0.1157911948162677,0.2146561603057593
EPS15L1,0.3410717825087022,0.2146595891394201
CNTF,0.7623085493693349,0.2146958576161723
PTGDR,0.389509785614722,0.2147430412285007
CDK5RAP3,0.2541859977801337,0.2148339929861167
SNPH,-0.4460915377468302,0.2150498454242226
RPS18,-0.0549651932262342,0.2151395648750603
TMEM19,0.2181620092947591,0.2151717985708859
ALDOA,0.110722616658295,0.2151841944835619
DNAJC13,0.2149133172455375,0.2152441933108793
AMACR,0.9018416208743264,0.2152546119819119
ZNF45,0.2110026961924562,0.2153130907424126
POLR2D,0.2231949483836164,0.2153311346095237
CDC42EP2,-0.8375086436321437,0.21538231293568
LGALS14,0.1853674563218543,0.2154519570899671
FKRP,-0.548949945103617,0.2156545082670515
COPE,-0.5987257105405908,0.2157002294546352
BECN1,0.1592159725684521,0.215939452118934
FASTKD1,0.2228928618559251,0.2160947083067569
FAM175B,0.1691623744829318,0.21619477147452
HTN1,0.3844224128124818,0.216213778306761
KPNA4,-0.3680647814710465,0.216219880831805
FOXH1,-0.4042901058650203,0.2162895291607782
PARD6A,-0.2586167156657968,0.2163478907937755
ETV4,-0.5723932333904163,0.2164423665752503
TERF2,-0.1244102567459144,0.2164776678021585
WNT6,0.373002920766484,0.2165645370576499
XYLT2,0.8464246619470801,0.2166302644381003
HCRP1,-0.3971718306526064,0.2166488812943761
POPDC3,0.6017943859411572,0.2166529615862196
CCND1,-0.3308606027241554,0.2167396536904334
LOC100130331,0.625189115251243,0.216782824123053
WDR25,0.5375866078548315,0.2169335431042002
CWF19L1,-0.2090497122574559,0.2170522947070433
TP53BP2,0.2241594662139299,0.2171314619156391
RHOQ,-0.393956796253347,0.2171326190531682
PRSS50,0.6864710237135423,0.2172498732003533
SUGP1,0.6755064502206922,0.2173611657247367
FRMD1,-0.5348537139863954,0.2173769063591787
PCGF3,0.2364399884381001,0.2174690752675926
ATP1B3,-0.2038757024525104,0.2175972101271521
NUP88,0.3784355019235299,0.2177469856368984
NUDT13,0.2304335327102364,0.2179467893153259
ARHGEF10L,0.2456005308752846,0.2179684574976458
FANCG,0.4486746475489447,0.2179934240805962
CGRRF1,-0.1001553185457968,0.2180682478865926
CYP3A43,-0.5595756549272166,0.2181903837317495
PLXNB1,-0.3905346037647623,0.2182205518101941
TRIP11,0.4333165945187831,0.2183685289693532
SPTB,-0.4077363786743708,0.2183820500598269
SLC6A4,0.289091254856312,0.2184660404179913
MYEF2,0.7942985826553377,0.21849975282042
PLIN2,-0.4066435166105755,0.2185337970314534
RPS6KA5,0.2676310055336337,0.2186844160038727
PCDHGC3,0.56627018120078,0.2187341762712943
TBC1D9B,-0.2037075411054658,0.218966291240229
SLC38A1,0.4593839817118077,0.2190226426583039
CNOT8,-0.2549677873440794,0.2191759548005779
OARD1,0.4110190961750035,0.2192167410496098
TLX2,0.4835822992293106,0.2192560786853822
SLC2A10,0.3863981872394291,0.2193049357644064
FAM134B,0.6130085624753514,0.2193150552387198
HGH1,-0.13909694278653,0.2193246671860935
IGFBP1,0.3675791358593434,0.2194638062438115
LENEP,0.4887125593099819,0.2195073570376592
ZNF157,0.6864643837602371,0.2196506923219063
KCTD12,-0.2717119286072975,0.2198443791535455
TRANK1,0.2213639882142324,0.2199181861315638
CPN2,0.5376726170049704,0.219921895979878
KLF1,-0.200743418610684,0.219989768205939
PARP2,0.2236001662553155,0.2200409900080713
POM121L2,0.1844778322982465,0.2201042172615373
MYL3,-0.4493669176630099,0.2202490544104328
HCG4B,0.5327658092249434,0.2203454931263899
FASTK,0.3691331952052827,0.2204250744638974
GUCA1A,0.3096785602119078,0.2204679944226971
ASIC1,-0.5465674198617174,0.2205579789266436
MCM9,0.220557793220502,0.2206409659419334
C9ORF3,-0.275286081219452,0.2208379003370896
HEY1,0.4433409857264188,0.2208912824712857
RPL23A,-0.0940518159056704,0.2209293387881655
NAA11,0.4312209060536727,0.2209581405695131
B4GALT5,-0.3007120688048772,0.2210190230032924
GBX1,0.2528339042053726,0.2210364523291169
UTF1,-0.5581023307442488,0.2210598298270463
RNF126P1,-0.2821448221605882,0.2212085125964743
LOC728392,0.2986060700138022,0.2212983540651136
CORO7,0.5709660506636949,0.2214351765485343
ARTN,-0.5487364029687898,0.2215121934904241
SLC6A13,-0.3032578035037092,0.2215814896480448
SCN1A,0.6845231044724858,0.2219238703056964
R3HDM2,-0.1648689339120803,0.2222115235546372
MIS18A,0.1430779635816419,0.222325299087952
TH,-0.5001966222453111,0.2223415683677959
GATM,0.4131255134930383,0.222479504537841
COX20,-0.3067087710867948,0.2225673833979982
TRPC6,0.5627596542419271,0.2227044837599841
SEC24C,0.200763720920543,0.22282883112071
USP19,-0.2063624095583485,0.2228873736345113
IL36G,-0.4471013066489169,0.2229323058402726
TAS2R14,0.1505346801986391,0.2230587307295635
SRR,0.1857261288430569,0.2230961092527784
MTA2,-0.4149680456102107,0.2231261176172635
CPB1,0.2898786218126528,0.2231606832074727
ABCA3,-0.3507283446113387,0.2233200898274371
SPATA1,0.7486957449304592,0.2234002448452089
AQP2,-0.2558788034756185,0.2235474337726058
ACADS,-0.2792917596052202,0.2236168497040294
RBM17,-0.5501517408775047,0.2236852201302542
HNF1A,-0.5051214201636807,0.2238036769383794
MEOX2,0.720793731215565,0.2238492726638046
COL1A2,0.7178642596222176,0.223880610699937
EIF5A,-0.6347910205188239,0.2241740161434
GLMN,0.1953641511744974,0.2243055465765185
EOGT,0.2639349603085765,0.2243591983598939
RPL31,0.4932258590836653,0.2244150031917584
HOXB3,0.4655903128914662,0.2244387126665382
PPP6R2,0.195030384827656,0.2245962685813502
CD5L,0.5280795566732683,0.2246292343890433
NDUFA7,0.4987985249698932,0.2246520725168345
LRIG1,-0.3056512826157664,0.2247094866536671
DYRK1A,0.3616495396566632,0.2247626852245046
DHX30,-0.143118466893954,0.2248740172595373
CHRD,-0.4415745799170292,0.2249128135063941
MC2R,0.6334487359378196,0.2249173957640876
POLR3B,0.1382332343137911,0.2249879095115599
SLC43A1,0.2148024668690489,0.2250147979658318
PARP6,-0.1491564875969953,0.225099702675057
ENTPD1-AS1,0.1283392283409945,0.2252414467101613
ZNF213-AS1,-0.5449144951659082,0.2253066859394185
CDC42BPB,-0.3833057906792412,0.22531019209395
EFHD2,0.3364108451523968,0.2253170984709641
CHEK1,0.3471769603760846,0.2253528118850391
SLC35A1,0.2052750338151252,0.2254275763585026
FOXA1,0.334460526984194,0.2255588003770217
PRKACG,-0.4997671894717772,0.2255834701259269
GRIA2,-0.2443722601427609,0.2256898413656943
KDM6A,0.6521075132311447,0.2257057785125384
AP1S1,-0.7008742302460851,0.2259367962504075
FAM222B,-0.2090639341496878,0.2259579479423775
STOM,-0.8380184558786681,0.2260852763051811
CCDC94,0.2981272797507523,0.2261028112133482
ST5,-0.4223148594940369,0.2261196901498822
CYB5R2,0.3009598458407341,0.2261833966428507
DCXR,-0.3495009601581937,0.2264353205685482
CAMKMT,-0.2237874193339397,0.2264469288409121
IL13RA2,0.8132561993113923,0.2265327421747453
ILF2,0.2587791654046594,0.2266335593488994
SEC16A,0.1530113647509079,0.226705100632485
OR3A1,-0.2412888573217819,0.2268925979659549
DEK,0.1573630045143588,0.2269920108169754
PGD,-0.2408654462408801,0.2270233331389936
CAPZA2,0.2054573467857086,0.2272798492253856
ATG2A,-0.1533344366876416,0.2273018046223964
PITX2,-0.7830520595127837,0.2273079624656985
ARID5B,-0.2128401190856248,0.2273635115816289
EMILIN1,-0.3875114557710057,0.2274160305764582
TAF7L,0.7259057955469892,0.2275001704905327
PPARA,-0.3304054384228214,0.2276566967720895
INHBA,-1.1617365674622189,0.2277727271660929
PARG,0.2090426516985761,0.2278529580170112
FYN,-0.3740324927404472,0.2278615388333907
LOC220077,0.5620927712466588,0.2279541077471022
TGFB3,-0.3173666270830662,0.2282821671585396
SLC6A2,0.8133888273029033,0.2285467432349721
CCDC101,-0.1704062621738575,0.2287995770566697
USP46,-0.4034090046427874,0.2288542461970567
HOPX,0.4537094083582271,0.2290684417796344
OASL,-0.200618187455376,0.2290931294532864
ELAC2,0.5195676348331464,0.2291120851255287
LAMA2,0.8401334871004029,0.2291169132426779
ZNF354A,0.390910533592443,0.229138980018756
ZBP1,0.4942266854159083,0.2292129988647134
SLC5A3,0.3549683576301898,0.2294603203699045
VPS16,0.3317079462709982,0.2298234371022146
PDZRN4,-0.3787538334113138,0.2299215246630067
HIST1H4J,0.7426222768163573,0.2300121648114921
ENTPD6,0.1627989264349345,0.2300250534051827
DSC2,0.6887854315487312,0.2300397387686037
C1S,0.1768940582011655,0.2301119670213794
NKIRAS2,-0.1714613578077237,0.2301964837145386
TNNI3,-0.5766674820696993,0.2303494167928204
OSTM1,0.2376661263929147,0.230382393270322
LAMA1,0.4547416504090344,0.2303979358487257
RHBG,0.3337634504387301,0.2304126042842766
ATXN7L1,0.4695501388093257,0.2304420168843942
CDKN3,0.3048022533101537,0.2305303893954446
OR3A2,-0.4569040719806114,0.2307129634758386
RBMXL2,0.4134626314371363,0.2307850053647639
PPP1CB,-0.4492010597679154,0.2308391185028676
MMP14,-0.8751311324684528,0.2310026302611972
POLE,-0.1870253390595664,0.2310041090494386
CHPT1,-0.2051231997133413,0.2310097244465548
PPL,0.9467239732155353,0.2311204531845202
SNX27,-0.2644787951445604,0.2311373702979225
SGSH,0.9064242900373234,0.2311569052345355
PDCL,0.2164687246121968,0.2312218070524947
SLC27A3,0.3025973584480805,0.2312409924732618
ANK2,-0.634780083871612,0.2314007190830326
YRDC,-0.3583484747982055,0.2317580101732254
RARG,-0.5996520873212421,0.2318841692607824
TTC40,0.6587762988023642,0.2320699323563401
USP9Y,-1.126185967592102,0.232134086452793
SPATS2L,-0.2869048029161076,0.2321414010306661
CST4,0.3064787199509817,0.2321577668628597
ID3,-0.3583125405056968,0.2322114149194564
KLK13,-0.2212281913961922,0.2323616241466381
ERMP1,0.2078280474470943,0.2324941000845021
SAR1B,0.3511734602223075,0.2325134973230068
PLCB4,0.5017010952885901,0.2325610021496532
VEZT,-0.35983793311848,0.2326175162106084
ETV1,0.7515519702105307,0.2327125396128979
HSD17B6,0.619048170283997,0.2327411083892908
SPICE1,0.6595577936023922,0.2327520149471482
PCYOX1L,0.34214655571596,0.2327754453382365
CD69,0.6098595554158175,0.2329017822190889
THBD,-0.5625422557038178,0.2329490050092761
IL6,-1.192681359616067,0.2329498737861224
RBFA,0.161915155816068,0.2329533994971
ITGB5,-0.3916736408154637,0.2333423380535323
CALML3,-0.4602781506465723,0.2333585059873733
KRT19P2,-0.3144695735031235,0.2334665091113063
MYOM1,-0.4551439861666679,0.2334792683104546
IKBKE,0.2491547552567112,0.2336433614180197
SLC33A1,0.2801869273113855,0.2338811908735637
KRT18,0.2345618995230651,0.233895372231817
MYL2,0.3528317799174951,0.2339910556984404
MVD,-0.7769337350740537,0.2340354383216012
DDAH2,-0.203060525236058,0.2341012207528403
CYP2F1,0.4940152479716517,0.23413496738571
CSAD,-0.497046193080374,0.2341944044177505
PSMC3IP,-0.2210302565069781,0.2342106943439414
MEST,-0.7518367580157079,0.2343886687063077
ZNF155,0.6345552370567642,0.2346369487332862
KATNBL1,0.2984189505876253,0.2347149020691462
RNASET2,0.39090858840372,0.2349153401839284
CASP8,-0.2673935381248302,0.2349687148728271
LILRB1,0.6011444364946765,0.2349731085078154
NDST2,0.1775209440875382,0.2349802651541569
FAM64A,0.301401606359069,0.2351411947222352
EDN2,-0.3676137545146702,0.235154855059601
ACSS3,-0.2797529459071892,0.2351638230633841
TGM3,-0.5067127492179573,0.2352259826114179
FGFR3,0.6918354296787053,0.235313379660113
HP1BP3,-0.6058991597024024,0.2353644086030482
NDUFB4,-0.0791529347920523,0.2353955441620883
CSNK1A1,0.645081240600029,0.2354438789224091
DHX57,0.1976605674720133,0.2354992761031828
KLRD1,0.6952505192804077,0.2355895756225743
OR2S2,0.3524382871946612,0.2356051112640911
LIMK1,0.6527536242853174,0.2356630194226789
SLC1A2,-0.394328286822172,0.2356823723047006
PCDHB12,0.5391950853611904,0.2357969951711085
PURG,0.6463665002915753,0.2358043161061315
PGLYRP4,-0.2314082751341191,0.2358335877419438
CCNG2,0.3956240162340005,0.2359197448642704
FRAS1,-0.3414642402314021,0.2359652914499541
LILRB3,0.4199459033096442,0.2359856152892798
PFDN5,-0.1475178194258006,0.2359927501501147
CLDN4,0.3808256562658396,0.2360422319876945
TYW1,-0.1132687618456937,0.2360437526822607
RAPGEF2,-0.6878945639267036,0.2361004971022232
USP29,0.530891489890144,0.2361959783519217
LDHAL6B,0.4038351818727834,0.2362737758868555
GPR153,-0.2645629000033516,0.2363615761186136
CHP2,-0.2765615039069784,0.2364044712670914
TPBG,0.1818647460279869,0.2364841732049014
TAS2R1,-0.3441400915958716,0.2366441362305419
ATRX,-0.519789751707747,0.2366654259477419
CHRNA4,-0.6217586242743383,0.2367423909125913
U2AF2,-0.4281041480076606,0.2368061260455146
N4BP2L2,-0.407935400672363,0.2368517046908555
ZNF106,-0.2136783805352511,0.2371262198685563
CASP6,0.5729494515267906,0.2373074882137179
NLRP3,-0.6550974975111155,0.237467271686296
SZT2,-0.1489737574175871,0.2377124312789609
TCEA2,-0.3314089635624198,0.2377334811386398
EMX1,0.303867272376555,0.2377365957352295
KLHL35,0.5957079228937685,0.2378018673238275
KLHL29,-0.7609668652215249,0.2380597951296774
ACOT13,0.1867633620524316,0.2381603649973559
KCNJ10,-0.4684889590271055,0.2383169735981247
ALDH2,0.303404674025538,0.2383264627841395
PDE11A,0.4862513611357633,0.2384023488953911
HSD17B12,0.1362641802267887,0.23847364443704
TMEM41B,0.1764191280687992,0.2388000448063992
TUBB3,-0.3123444881933199,0.2388170982897811
ADRBK2,0.2284086210968867,0.23891612629139
PTPRG,-0.2356120712691307,0.239053176377766
AMFR,0.4056201345859112,0.2391176331923553
CFP,0.7190440675004908,0.2391320667087139
PSMA4,0.132306001776099,0.2392270646407111
IL3,-0.2904666201418155,0.2392485954462379
TBXA2R,-0.4429036459129722,0.239373664504242
NMU,0.6606405546744827,0.2398974951725712
CLCA4,0.602725240565607,0.2399418934468373
SMG6,0.5450069372005286,0.2399567966794839
LETMD1,0.1932752838830982,0.2399859363189602
PIN4,0.1662799761556703,0.2401205768940162
REEP5,0.1658980704485646,0.2401498515779188
TUBB7P,0.2486780295669923,0.2402304496000433
KRT83,-0.3273689946224785,0.2402485894127019
TNNT3,0.1787770243170197,0.2402730596826126
ZNF623,0.2291359351309285,0.2403007719906772
NCKAP1,0.2820819388050219,0.240365282262346
PFKFB4,0.407372575474958,0.2404520772303293
SUCO,0.2564161495513737,0.2404752103577629
ZSCAN26,0.2828111887527136,0.2405038340057793
CHD1,-0.2814189402933706,0.2405501158361442
LTK,-0.4023422580079083,0.2405871058582987
C14ORF2,-0.2046347020552907,0.2406832039080522
TAS2R16,0.1490857457527079,0.241151486131126
TIMELESS,-0.4139990944467895,0.2412093930316838
RP11-69I8.2,-0.5879185851960766,0.2412739760058271
MFSD10,0.3230742557773958,0.2412907030016354
QTRTD1,-0.264274503374045,0.241301193880299
PRKG1,-0.7165257946281023,0.241521832707431
DENND5A,-0.2273010228352294,0.2415627382112796
C6ORF62,0.5366828934973267,0.2415921416109469
PPP3CA,-0.1390498019219084,0.2419464445371128
RUNX1T1,-0.9379834284482976,0.241957438944788
GTF2H1,0.18603373500863,0.2419605169562399
ZMYM5,-0.4990806389542603,0.2420897471548388
UBE2V2,0.196941676600014,0.2421207874999153
LDHB,-0.1793673139542893,0.2421910942019803
ZNF222,0.634746534530926,0.2422408514104914
GLG1,-0.2883851656983864,0.2422835130789357
C14ORF132,0.5169458423256827,0.2423437872902203
TGFB2,-0.3898800257116974,0.2423776119665152
ABHD3,0.3284662503371507,0.2423962456032821
OSGIN1,-0.4205906195943969,0.2424038181131934
GPR20,-0.5486530063009907,0.2425108547248305
LIN7A,-0.581063608648559,0.242521915656494
SERPINB7,-0.3618542935933728,0.2426114123124854
FN3K,-0.4875488055367958,0.2427267180476631
TNFSF15,0.5221577957555352,0.2428145126777117
TLE3,-0.2576508301030955,0.2430893932408936
RABGAP1L,0.3509986689250084,0.2431233503203733
LOC389906,0.7926581962622827,0.2431423326209142
METTL17,0.239635587439567,0.2431569767052363
ADAM23,-0.6836971640439939,0.2431624808672033
MICA,0.2527267210595108,0.2434019664000959
GSC2,0.6682604122162115,0.2435783834234214
CDC42EP1,-0.2371978864848989,0.243664759039802
KLF9,-0.5565138185546932,0.2436892671585978
STAM2,-0.6515490056224897,0.2438071212632317
BNC1,0.587930673199085,0.244456710555882
CA14,0.3017887595525366,0.2445577716143984
AASDHPPT,-0.2277292356389271,0.2446223099381707
JAKMIP2,0.4286119878463905,0.2447287859868891
NCR1,0.6796061782331284,0.244852374579171
NOS3,0.4589366237509322,0.2448917957321056
UBIAD1,-0.3206135155696383,0.245138366451748
DEGS1,-0.265139854078976,0.245171088909337
SCARA3,-0.3376056370416762,0.2452849115735166
SLC12A2,-0.3150624159395647,0.245334905234542
VPS37C,0.1408726416312227,0.2454054392710046
CIZ1,-0.371592291355479,0.2454468587259858
GLB1L,0.2383950631759805,0.2454838094069837
GTPBP8,0.2077848909497142,0.2454967502623032
ARL2,-0.2013139729287782,0.24561280594866
TMEM206,-0.2624183322892905,0.2457349929320728
KANK2,-0.5045987384033168,0.2458470172335975
POU3F4,0.5294478735094863,0.2458830755964534
PCDHGA9,0.2408425713466151,0.2460448272368574
CCR4,0.3391158707098238,0.2461557989182821
NAA35,-0.1561456920889004,0.2462282266725909
OAZ3,0.5764134811759769,0.2462519247784504
KIRREL,-0.4760011377911715,0.2462906657342818
RANBP3,-0.5840417614213873,0.2464809775319029
SLC12A3,0.3893339620647924,0.2465131603539453
C2CD2L,0.406601502486136,0.2465724567519925
WFS1,-0.2136445685321923,0.246591305448928
HLCS,-0.2930598482869273,0.2466262604107536
TSPAN12,0.5482232773686837,0.2466545571623663
PIAS1,0.2813811855303996,0.2467053318278364
SERINC5,-0.294848094032746,0.2468288415841068
ST3GAL1,-0.2903412001382675,0.2468402159243446
RHBDF1,-0.3291335342722057,0.2469060858676661
RBM5,-0.504541180351632,0.2469499382777843
CXCL2,-0.987218758649382,0.2470416640570016
ATP6V0A2,-0.4664930412368653,0.2470789590241228
PMS1,0.2501682049610796,0.2471299272384609
PDK4,-1.0371551852723302,0.2471887273040214
MME,-0.9527591864419778,0.2473395912579682
PCDHGB6,0.6551913680046209,0.2473937034494417
S100A3,0.3114946512465488,0.2474363410708288
ACTR6,0.2637446700287249,0.2474415119367762
SLC12A4,-0.4803756332544404,0.2474512697855005
EVA1B,0.212201913044062,0.247479083919977
MRPS14,0.1937593781585329,0.2476664776960192
CDCA3,0.5147671301510668,0.2480538474152435
EHD4,0.140609303271562,0.2480619558005687
CRIPT,0.2755441093874529,0.2481863580375339
FAM46A,-0.2011289105687428,0.2482768869635941
EPM2A,0.4191858715629486,0.2483710438782856
AGGF1,0.6269205278352059,0.248479795540607
TMEM231,-0.3749684473264327,0.2484969271875864
CNGB1,0.5386199615126426,0.2485052163801531
RPL39L,0.3745044689794712,0.2485859282005317
KIF16B,0.2174898269373599,0.2486999797145504
EMG1,0.2077694911476335,0.2487903262197246
KPNA3,-0.2268306194552618,0.2488359537743911
PBX2,-0.1890371464802234,0.2489541953009023
LFNG,-0.546655357891555,0.249021645558877
TBC1D30,0.5109898063520895,0.2491394441074366
ADSS,-0.1903630702500898,0.2491593042112981
BCL2L10,-0.453158184511508,0.2492037825114405
DUSP11,0.1684478453143398,0.2492641242312795
TGFB1I1,0.3016710915753169,0.2494430167412862
AQP1,-0.3544474387067762,0.2494862519645047
LCP2,0.4125580307817991,0.2494923022908412
DENND3,-0.2478979661997042,0.2495178363967
ZNF821,0.4428078253159366,0.2495726670846614
RASAL1,0.3960850919937915,0.2496953575574776
CCDC30,-0.2091628805194654,0.2500015609222866
TCTN1,-0.3256831836720799,0.2500473883490766
TIPRL,0.1690680983975934,0.2500630165243415
CARM1,0.146345586656766,0.2502269309953571
TGIF2,-0.2767551542624904,0.2502598310629095
C5AR1,-0.3814039366568291,0.2502961167220142
HAGH,0.188008874494459,0.2504701593628258
ARHGDIG,-0.3183156525351061,0.2506212263173476
OXSM,0.1410439877954417,0.250856929687471
SERPINA5,-0.770080458452898,0.2509670225288115
CD3EAP,-0.3235510976448443,0.2509987458250747
RHOA,-0.0680605339851769,0.2510813196862934
AKR7A3,-0.1484563254863173,0.2511600125419322
CYP2B7P,0.6332859534305513,0.2511715212518979
MAZ,-0.7550915466561019,0.2512698337155751
FSCN1,-0.4290120116397178,0.2512705038968702
COPZ2,-0.2408934414097814,0.2512729277131867
HIST1H2BL,0.4090300406997116,0.2512841679884184
VAMP3,-0.2836560789309388,0.2513141940129186
ITGAE,-0.2166536131949143,0.2514134092809382
ARHGAP26,0.4001161414994847,0.2514294485355416
EZH1,0.5166004057337745,0.2514475603961977
SPINK2,-0.5579244732481081,0.2515849129191382
CIITA,-0.6724226523355261,0.2517040059662951
ANXA9,-0.5604833852379372,0.2517048148568235
RPL41,-0.0374969363583037,0.2517415758568022
ROCK1,0.2241330041292286,0.2518283440674272
MYLIP,0.3377793166111669,0.2519067195515316
GBAP1,0.4263374805652535,0.2519427647542342
C8G,-0.322439502957812,0.2520391023666571
NUDT11,0.5210088930261811,0.2521654201017153
RASA1,0.2042869098359521,0.2522029139394225
CAMK1D,-0.3189192112479881,0.2522361711747612
ANKRA2,0.353428291184322,0.252279690940097
ARNT2,0.5978670440299885,0.2524620429465066
SLC18A1,-0.4580143863631276,0.2524869588862848
NOL6,-0.2325003983031059,0.2525101110184111
ADIPOQ,-1.3814751432926746,0.2527887676870758
G3BP2,-0.4253680932133683,0.252838805562327
TRNAU1AP,0.2402264784173198,0.2530112228292702
NCK2,-0.1469090547199627,0.2531383368822679
MSC,0.3221742425596332,0.253172926742134
LTB4R,-0.5145758750350531,0.2531783599740222
ARL4C,0.3742521025584313,0.2531991705105176
CPLX3,-0.4580967829299762,0.253200408496503
WAC,-0.2701225686394561,0.2532101300132283
ZEB2,-0.3065554255318421,0.2534459548055738
CD2BP2,0.2273873210494237,0.2534655205591606
TTC23,-0.1386863124159649,0.2535772938831462
TSPAN3,-0.1850771104828492,0.2535837543215986
CCDC15,0.2342543433997947,0.2536604459272256
MAPKAPK2,-0.4030194408918479,0.2536664465194461
MMP24,0.5875472208963322,0.2538675196637863
UFL1,0.4579308747463315,0.2540339737454293
JAG1,-0.4188011973139161,0.2545567658613092
SELL,0.7414139875753278,0.2545841449667468
NSG1,0.502126244224324,0.2546602098747037
C1QTNF3,0.6428487366965641,0.2548021899684694
FOXD1,1.0544893058649008,0.2548769253721833
MAP3K19,0.2784980321375618,0.2549433842884985
ATXN2L,-0.7238586992499076,0.255301031385876
C22ORF31,0.5531932201625773,0.2553418688791743
DOCK10,-0.4805331727784754,0.2554964125782943
PUF60,-0.1177437400412255,0.2556756394171013
YEATS2,-0.1832537976795727,0.2557922577822679
BLZF1,0.7338968750450228,0.2558118885809113
FGF20,-0.596594614282898,0.2559789793112757
LOC100127972,-0.2333724924251408,0.2559899717456517
KHDRBS2,0.5540040283435514,0.2561664640743097
RP11-560G2.2,-0.4486957608722184,0.2562448640572259
NMRK1,0.2388183575873199,0.2563431562133509
LINC00260,-0.6817240154407793,0.256360917951657
HSPBP1,-0.2700080209776176,0.2564728766768281
LOC100506603,0.6089305014724271,0.2564792732566458
UBE2W,-0.2109726704998209,0.2565707653205318
LALBA,0.6179619909299401,0.2566103836023449
SLC9A3R1,0.2145536210202241,0.2566604459132448
RGS10,-0.5110458284133408,0.2566979484886266
MTERF1,0.4305210088029358,0.2569580451137223
STK3,0.8682991880578368,0.2569949337639096
APOL3,0.3147851589799355,0.2570157861822031
RPE65,0.8472938117015216,0.2570429622732764
CELA2B,-0.2825419641287423,0.257167335304317
MIP,0.5523185252052834,0.2572606236471236
RANBP1,-0.4111513741040777,0.2574577170371109
RP11-15P13.1,-0.7095878223757741,0.2576123445724611
FMOD,0.4376272437703683,0.2576739554466753
L1TD1,-0.6884260431064524,0.2577027217974665
TREH,0.3129613522069054,0.2577622891653144
BTG4,-0.5666421075822905,0.2579397501767097
PRR5,-0.2521300373372659,0.2579483759626994
EMID1,0.2760402368668861,0.2580439893903867
SLC10A2,-0.3189756999374067,0.2580546604350223
UBR4,-0.587175402184938,0.2581321095722659
TP53TG5,0.2141895682508119,0.2582702804902038
TXLNG,-0.3707564739216433,0.2583915406835364
RBMX2,0.155967643049756,0.2584354683372258
S100PBP,0.228529413779599,0.2585038634641881
BBS4,0.3826996489288135,0.2585081839741467
CXCR2,-0.9320672727354856,0.2585523706532809
SELENBP1,-0.3346109705447464,0.258717508676044
LYN,0.3412272411376005,0.2588073138768486
LRP1B,-0.920320275743202,0.2588180672345634
CCAR2,0.4942643235671213,0.2588268868065043
PTPRB,0.3421220611091229,0.2588566315168864
ITGA10,-0.304449743594656,0.2589259817690952
KRI1,-0.2747681937010418,0.2591107414503414
CD82,0.294114590355452,0.2592249568730467
TEX14,0.3377588505914795,0.2592548750869862
IGF2BP2,-0.2684497465711217,0.2592898899429706
COX6B1,-0.1413848497986674,0.2593699571330754
RP3-508D13.1,0.5006688224577371,0.2594447475436909
SLC12A1,0.7306675752280702,0.2595466145520661
ALG5,0.1195367631872912,0.2596670453028093
CDX2,-0.2711126005651465,0.2597767012962949
CLCA3P,0.7738912333847501,0.2599343546451221
CASP4,-0.5301432327348303,0.2599643167807285
CSPG4,-0.3942781454139696,0.2600458370308256
SCAND2P,0.7191735003550521,0.2603194549138654
RABGGTB,-0.2259774056069314,0.2603860897699359
MAP1LC3C,0.6521852432427178,0.2604573752193061
DGAT1,0.3413809414930826,0.2604640700417269
ZNF337,-0.1504382047601922,0.2607186023871126
SYF2,0.1805261760034415,0.2607416184936889
NOS2,0.4433258683425851,0.261205451907773
GANAB,0.2547548461750342,0.2612366691651949
NPR2,-0.3272542295674192,0.2612457404073798
DNAJC9,0.1620065601601323,0.2612963551478526
CRBN,0.2292139849560506,0.2613622790299404
SPACA1,-0.3885505104558406,0.2614562109187371
NDUFA6,-0.1705106700994001,0.2614734435101765
CBR4,0.1843392477310779,0.2614849901417138
ACTL8,-0.3469825719540989,0.2615000286299527
DYRK1B,-0.525635005807433,0.2615439210693408
PLEKHF1,0.5357559787388091,0.2615943560907821
PLA2G16,-0.4491680680063403,0.2616547131756777
TM9SF3,-0.1276627190178807,0.2618081359975691
UGDH,-0.4391227498965406,0.2618362473700716
SHQ1,-0.2529312761061444,0.2618919555916776
IGHMBP2,-0.168930619937015,0.2619105943027124
ZNF180,0.3203996129952875,0.2620862184454408
FGF3,-0.2450050823950778,0.2621173761409685
ATP10D,0.1706659718756746,0.2621524721301849
LSM7,-0.1873282903436184,0.2623306845503138
EXO5,0.268343985120266,0.2623307529456592
PLCB2,0.4053573110507713,0.262502271476336
EPS8L2,0.4946141415352576,0.2627531349443999
MRPL35,0.2585629555097544,0.2629944232053561
RSRC1,-0.285574967256867,0.2631795582673941
CDR2L,0.3640321672122111,0.2632497753979783
HSPB7,-0.705172784935499,0.2632841974924149
SPAG7,0.1308687602990588,0.2634229679197515
ZNF654,0.281560145534514,0.263423534314065
ACAD10,-0.2180528874203666,0.2634458355108883
G0S2,-0.7404073779667133,0.2634794818599928
ECSIT,0.5144236959448261,0.2636053614683938
TTF2,0.2671395939883716,0.2636153261682828
CDC23,0.1581137124711116,0.2638331289830536
CHST2,-0.419918461867331,0.2639418357937232
FKBP10,-0.2778587377479198,0.2639522854099424
RAB21,-0.1468827273902206,0.2639685073580757
CD207,0.4474561173352906,0.26406897478397
KMT2B,-0.5702596398398119,0.2642907418832008
WBP2,0.1632689630728556,0.2643084602772492
ERMAP,0.7203549532101103,0.2643487203178292
PLA2G2F,-0.4036170422458625,0.2643837259161498
SLC35D1,0.586287254701567,0.2644638917655512
RPS6,-0.3450595962375939,0.2644903893750035
SOCS2,-0.4622352761957176,0.2645772846453105
CIDEA,-1.0834026623149535,0.2646586205190204
SLC6A16,-0.3687371952392961,0.2649303276205269
ZNF480,0.3049313816806993,0.2650127911623829
SPAG1,0.2435429457997306,0.2650950208578273
TM7SF2,0.6610915123190848,0.2651250764529309
RFPL3S,0.2728262187642913,0.2651426764602846
MRM1,-0.3533676799085157,0.2652446879273693
DERL2,0.1920622240864151,0.2652573624141122
RNF14,0.1407875357625041,0.265325489531292
TFPI2,0.7002380486225466,0.2653792509156663
KANSL2,0.1295549804978595,0.2654502253031071
MSL3,-0.1733484670576164,0.2655166072867256
FA2H,0.4264948032740205,0.2655191683011127
POLI,0.2809249982833517,0.2658075744726495
IFIH1,0.6224928740279001,0.2658346953598937
KDM4A,-0.275831176309671,0.2659412659482076
EPB42,-0.2777064746679154,0.2660145455391771
TG,0.4124799299760022,0.2661524286066891
HTR1F,-0.2652870757235881,0.2662212974019602
B3GALT5,0.5655707406867707,0.2662687977334406
TAF6,0.1725542055924851,0.266281909839087
CACNG4,0.42529888850801,0.2664191032593684
DIAPH2,-0.4330775310383501,0.2664898929161911
NCAPH2,0.3369663641134597,0.2664902116825471
TGOLN2,0.1646352212547412,0.26667949954916
PHC3,-0.6841732784887924,0.2667476572234599
ITGA2,0.3759503682776381,0.2667787731160374
SMAD6,0.5747146506893142,0.2668253965079536
PBLD,0.2433425042666774,0.267032168239639
IL20RA,0.6707965700886938,0.2670469336754678
FMO4,0.1602553974263312,0.2670701821875619
AP3S1,0.109282202767309,0.26707499701168
NDUFB3,0.1350403732050775,0.2671365762480475
SMARCAL1,0.5429223947519466,0.2671870884576513
BICD2,-0.2356562626430856,0.2674476554549233
DISC1,0.2903270663751645,0.2675875763877298
UPK1B,-0.4323441686512694,0.2676640412412764
SLC8A2,-0.4005691198395329,0.2677991341349425
CDK5R2,0.6046287400692512,0.2678459476284805
ERBB3,-0.3970172273835342,0.2679284511673024
REEP1,0.3332164960035504,0.2679499992001972
EID1,-0.359403782140367,0.2681849347478581
ATP6V0D1,0.1482875511718546,0.2681862247490039
SERPINA7,-0.3798503204953496,0.2682575674871607
VSNL1,0.7291021082217544,0.268388730141491
SUMO1,0.4533591842760938,0.2685950664026653
GPRASP1,-0.3529469101530189,0.2686698867558192
SPATA31C2,0.5034543098888846,0.2688493825754529
GREB1,0.4960850054178847,0.2690734632798163
FBXO42,-0.3725057045280922,0.2692622559699851
GNG3,-0.2354946020352315,0.269269004416674
TMLHE,0.3954642767413601,0.2693233725182262
XAF1,-0.4046123246318256,0.2694176773426477
REEP2,0.1389779120016214,0.2694818562445357
MAGOHB,-0.5762325187784558,0.2695659980153761
IKBKG,-0.2294930556053334,0.2695748282954711
MYH10,-0.6832508591741293,0.2697096343828605
NUP214,0.187274339229142,0.2697186100222921
MMP26,-0.422473123836804,0.2697803544394234
TEX40,-0.2244893893665933,0.2698109082912636
PDE4A,-0.5118169213325663,0.2700411066080077
EMR2,0.5654697096075969,0.2701000763221355
GOT1,0.139094755974007,0.2703411283643672
IGLL1,0.5386515830440413,0.2703541508802534
SCAF8,0.1327711098357422,0.2704145982110813
MMP25,0.3636115511693747,0.2704209353911395
TMEM143,0.5777080372105274,0.27042202395245
TMEM212,-0.2859351289798884,0.270435140857682
OCEL1,-0.1775972334000641,0.270621320598551
DTNA,0.8499063878264734,0.2706287902469631
ZBTB7B,-0.3047894828460613,0.2707487751552073
RHOBTB1,0.4034170878556598,0.2707841142556767
CLSTN2,-0.7121204988307426,0.2708768082321698
MYO5C,-0.2781920861700371,0.2709433462387111
PMS2P1,-0.1316979098716881,0.2710157300122878
ANGEL2,0.4841587791205235,0.271023924875079
RHD,-0.6897860397245759,0.2711348114839588
NSUN5P1,-0.4360788544865652,0.2711955317940456
GPR135,-0.4641681139063687,0.2713007773706102
GRAP,0.3953598098636739,0.2713418602015563
ARHGEF5,0.5050488372841828,0.2714125219596215
MTMR6,0.1594176342825921,0.2714163892872434
HRASLS,0.6316358310476704,0.2715612326536663
LYPLA1,0.4039665134712198,0.2715835188773979
FZD7,0.4147312217031622,0.2719567398813567
P2RY4,-0.1671415484199991,0.2720729542571994
TYRP1,0.4520948630922241,0.272145840102158
DHRS7,0.5669566373978867,0.2721785167190108
KLF15,-0.5112613977876643,0.2722251812795162
DPP4,1.080390091472073,0.2723070947305107
BMP15,0.2016712638670244,0.2723324469651624
SAMD14,-0.3123563447592126,0.272378913646352
DDX49,-0.2986986928848258,0.2725026454772276
LDLRAP1,0.2222761568972862,0.2725196374492584
CALD1,-0.866611332555868,0.2726245954824007
BTBD2,0.6456125159141193,0.2728096012232132
HNRNPDL,-0.2834963295887505,0.2729504938414018
BRAP,0.71585126609365,0.2729906103642944
MEF2C,-0.352888435256701,0.2730516398767072
RUFY3,-0.3435717084772172,0.2731221550702555
C2CD2,0.2650801431313105,0.2735586244036277
MAGI2,-0.5394383942728034,0.2736084308356447
TMEM110,0.1917985111563416,0.2737670071694595
TMEM184C,0.1241548191947252,0.2739524988684791
ARHGEF40,-0.2213976147391942,0.2739563764794718
PLXNB3,0.2615500448184935,0.2740432469910507
KCNA5,0.7345138968145442,0.2740898631489007
GSTA4,-0.2142579595245823,0.2742573764592697
TRAPPC2,0.1977235813275193,0.274291476428349
MEP1A,0.2818449852493363,0.2744089012205014
MRPL41,0.3610376030278437,0.2744790030284043
PPIF,-0.4715449521214712,0.2745372362965684
ATXN7,-0.2603172902242416,0.2746265348127192
MIS18BP1,-0.6209986677891073,0.2746378746634185
ASUN,0.2492206409869481,0.2746872316766679
SLC17A9,-0.3384094158285222,0.2748847848660377
DNMBP,-0.2317858248843993,0.2750575523193584
ZSWIM1,-0.2278210499897692,0.2751503744805614
ERVK3-2,-0.535042773091797,0.2752184599703941
PRKAA2,-0.5280758142094921,0.2755120462528528
CDH22,-0.4852044849958865,0.2757544339095128
HAO1,0.4472069758757593,0.2757932678709291
VCP,-0.1610430181707389,0.2758264901092878
TSHB,-0.2694124633438228,0.2761011514070365
KIR2DS2,0.2324068701509607,0.2761859039527032
HAAO,-0.2974465837149429,0.2763358640314761
ACSM5,-0.4316456170272946,0.2764839706511071
MRPS22,-0.1225544029493601,0.2767243199885136
TMX1,0.2206948447216383,0.2767390915792611
RBM41,0.207227648235678,0.2767435367558358
ZNF343,-0.4999209280536427,0.2768145818733429
IFT140,0.3439904015334356,0.2769761808007274
EFEMP2,0.243906151294297,0.2770637746366751
FGF22,0.5554940681313774,0.2771936307555157
PEG3,0.5539314291752433,0.2772548638517265
ERCC1,-0.1282911810982892,0.2773836512902748
GPR182,0.2945956484777312,0.2775951920574921
FGL2,-0.3920055264334614,0.2778152698782405
USF2,0.2232800898275275,0.2778427642285783
KIAA1107,0.3707632410140737,0.2779131993423526
SYNM,-0.3729673086283132,0.2779254002963016
METTL18,0.1379318016523392,0.2779373521568684
PAX7,-0.2335814777835962,0.2781161204273586
THSD4,0.5894550649864945,0.2781848551421386
SERPINH1,0.4203605806875696,0.2782109074048654
CACNG2,-0.3482264491693119,0.2784194490694063
CEBPE,-0.4479480779674096,0.2785298875292342
HS1BP3,0.1942292578967865,0.278744894321777
IFT122,-0.1587024370894045,0.278950621351105
SVEP1,-0.3888562566912394,0.2789656970098464
TAGLN,-0.4107551654473855,0.2790383074729896
NPRL3,-0.3989044830296055,0.2790667667147382
ARHGEF17,-0.3771250420435237,0.2790694818139501
CYB561D2,0.2014210331952064,0.2791097830158779
SDK2,-0.3479717677277403,0.2791700753585636
GAB1,0.4343762118733743,0.2792386829339746
FAM149B1,0.5663752069105943,0.2794678157473919
BTBD7,0.4724513574093958,0.2795058285179229
OR7C1,-0.3615425820155922,0.2796906639875358
TTC33,0.2149322894334,0.2797781820976256
IL5,0.5239631920757759,0.2797902521861838
ZFYVE16,0.2476831718925254,0.2799722927331317
FASTKD2,-0.4070064155615025,0.2802852618568373
TEAD4,0.5471399830609105,0.2803952960319523
CCBL2,0.1990383414600103,0.2805258375411919
NDUFS6,-0.1192540533982615,0.2810069394000513
ZNF195,0.2440992252672993,0.2810873052285054
ESRP1,0.568373730822322,0.2811097257156442
ZNF350,0.2215874703100695,0.281117803970865
TCF15,-0.4301690121007926,0.2811927936883683
ATP11B,0.2387478223158368,0.2813519152313433
SLC6A9,-0.5544512180830816,0.2813901955545668
ANXA11,0.2399508787679085,0.2814489491327316
RCOR1,0.1350756753945976,0.2814869246956673
CAP2,0.4920372927452936,0.2815953712159366
RPL32,-0.066886813648411,0.2816238449257031
AKAP8L,-0.2329711637621674,0.2816502467703591
KLHL28,-0.4252459582452479,0.2818388427077294
C1ORF174,-0.1293901776928212,0.2818988628522439
TNFRSF10D,-0.7064845465307834,0.2821499854951913
NDRG2,-0.4208761929294171,0.2822114827371852
ABHD8,0.5324923423642618,0.2823259546412963
SPAG16,0.2399165641536988,0.2824436490344491
BRIX1,-0.4122811811934657,0.2824498479477739
MAGEB3,0.41752688669097,0.282460241807126
WT1-AS,0.3838665717074514,0.2826093289773603
KIF5A,0.3028381161984148,0.2826216135577504
HNRNPH1,-0.661486847827522,0.2826779674987929
CCDC186,0.3640512314842743,0.2827946554282347
CDC40,0.1981378755754566,0.2828514520676135
TUB,0.468101592479675,0.2828819873504604
PPP1R3A,0.6029002823170524,0.2829231355997378
TDG,0.2305810425725685,0.2829560885669229
CSTF1,0.2105484577905301,0.2830556247651142
KCNAB1,-0.7504452384918352,0.2830788212969555
ANXA10,0.3760995474230109,0.2832698805520872
ANPEP,-0.2901842584873986,0.2833100328932353
UBE2NL,0.2989195622405223,0.283468199752204
NR2E3,0.3126065370650428,0.2836034502119209
CCT5,-0.1898109726923298,0.2839359365139323
SIGMAR1,-0.1512763723553316,0.2841050576467122
OXTR,0.2178374688961364,0.2842613590152428
PAPD7,-0.1077493686238053,0.2844418603377741
MYO16,-0.2312230061963034,0.2844448524890325
GALNT14,-0.4139961239931855,0.2844625954168051
NTSR2,-0.1419206440504994,0.2845668586263358
NFE2L2,0.1799561322189351,0.2846703076716989
BCAM,-0.3651598105149034,0.2847119890862491
FTH1,0.1717356882669349,0.284765243861066
GMNN,0.2645880659814033,0.2847742136228116
BAHCC1,0.2491421981219526,0.284963355397209
SYT1,0.7123615339061904,0.2852196177757041
PGAP2,-0.2149131815372627,0.285301665564355
THAP10,0.2885016983360113,0.2853108059359395
GPATCH2L,0.2561600531212793,0.2853961255387507
SLC25A6,0.1757815654692649,0.2854036447979752
ALDH3A2,-0.2597149395331808,0.2856122113688645
PITPNM1,-0.1922262308109497,0.2856524436648311
DUOX2,-0.6211558522130787,0.2857818431118389
ZNF175,0.2065068034157242,0.2859248919459193
HECA,0.1094438451458419,0.285994751517551
OCLN,0.4306423845254947,0.2861332200816144
VAMP1,0.7695947918415937,0.2861490701084775
NGDN,-0.2547823745306727,0.2862287389024988
SMR3B,-0.4082580894496312,0.2865104893941941
ARMCX1,-0.3149397035533621,0.2867079224974894
AMT,-0.2896341413286158,0.2869221304102619
OR7E12P,0.1953861747225191,0.2869264486875035
PFKP,0.3263133958595254,0.2870136341422608
PPCS,0.2038697114407863,0.2870910604607734
CRYBB1,-0.3090889412940214,0.2871111879656616
IGFBP4,-0.2555049658997461,0.2871118701683881
TNP2,0.5687168591082186,0.2871418029559483
PSMC4,-0.2716486719434332,0.287224424587035
TPI1,0.3360581945884195,0.2873057861059446
ALOX12,-0.5382611125008845,0.2873085367038512
HIRIP3,0.3602278991187244,0.2874904987426689
ATP9B,0.3004184859110763,0.287544474651649
LRP12,0.4975452069837254,0.2876255328242235
NAP1L1,-0.3165482336086764,0.2877006591023568
RPAIN,0.6269428946545137,0.2878098429020604
MRPL15,0.1683437237746545,0.2879329391833962
RNF146,-0.2087897221031482,0.2879957606030007
BRD3,0.2100536857491377,0.2882420579875496
CACNA1D,-0.4078150859371128,0.288272598526478
PYGB,0.7473347331762454,0.2883587760010354
MAGEA8,0.3999324596423106,0.2885535487753987
MC5R,0.5887443459744901,0.2886129702050212
ZSCAN5A,-0.1590707544255467,0.2887696170467035
DDN,-0.2486777910349529,0.2887965382356201
RDX,-0.3398306486187907,0.2891733607157615
RHOC,0.1859401497344617,0.2893303807762993
YTHDF1,0.110627417539316,0.2894056649998384
NDST1,0.4399555193862312,0.2894371370780847
MSLN,0.7911319080690462,0.2895888938120989
ZBTB1,0.2840228836436669,0.2899348678894815
JADE3,0.2543432566120733,0.2899582989453539
MSI1,0.3450623939025132,0.2900009048415858
XK,0.4268644561515549,0.2900059221724117
SREK1,-0.2031399789962797,0.2900604626724022
KCNJ8,0.3924249188248279,0.2900909448259764
LOC101927770,0.224354557986544,0.2903209556321143
ASCC1,0.3492361267858488,0.290325368514674
CARS,-0.1644420817730392,0.2903977091692022
PIGZ,-0.2184383257394859,0.2906132265854719
FRMD4B,-0.4565377703995477,0.2906827833011038
PLBD1,0.2913002791423835,0.2906831201452406
B4GALT7,0.1369072048923687,0.2908019660927857
TRAF4,-0.5068716111082923,0.2910256845864446
EPB41L4B,-0.607848200731282,0.2910440077750912
COBL,-0.754129957726553,0.2910661947019377
MUC2,0.4714551506548217,0.2910810770622646
RP11-654A16.3,-0.2163127520915642,0.291172740932241
TFAM,-0.3786022087153959,0.2912260140937928
P2RX1,0.2480664791509657,0.2915525955591713
KRT5,-0.5449521571782059,0.2915857784455137
WRNIP1,-0.4782871873395802,0.2916116190172825
TREM1,0.4443833698782757,0.2916417252082606
FZD10,-0.4563470501104714,0.2916814869601268
WASF2,0.2383677058969411,0.2918929777555755
HDAC5,0.4619742418703279,0.2920464034690857
NCAN,-0.1908517895594057,0.2920568248568349
DZIP3,0.5924036638980583,0.2920867600402346
RANGRF,0.1920065669797672,0.2921951260626644
CYHR1,-0.1937770123184536,0.2924693782470087
FAM57A,-0.2306676785432451,0.2925755464524699
ZNF264,0.1220328765475091,0.2925855619225624
TK2,-0.1255895590175271,0.2925949347698217
PCOLCE2,-0.5700659763313229,0.2928094289205109
CYP27B1,0.3508349748430923,0.2928239972398074
TMEM158,0.7848840260583625,0.2929992295553826
C1QA,0.2985434343377662,0.2930056059282532
SLC17A2,-0.454520026818288,0.2930606147178746
TDRD12,-0.234073048856152,0.2932688788354785
ZSCAN31,0.4349032379255906,0.2933364602164626
GALR2,0.5278686528012444,0.2933595292077645
EML4,0.2532965559425904,0.2935895883236269
CHN2,0.4936885541934304,0.2936693981594528
THOC5,-0.3638929664747365,0.2937156068019415
OCM2,0.4881738063976693,0.2937753536410588
LRRC48,0.1633091567232991,0.2938808925537466
MMP10,0.5679032648456008,0.293979383066737
TLDC1,-0.2674805209296989,0.2939816323065009
IMPAD1,-0.2260078148284385,0.2940301568425121
LBH,0.2886056104339065,0.2941444478228955
NACA2,-0.4241591935541056,0.2944157792837511
AC004941.5,-0.4639841481565518,0.2944236747911093
PRSS12,0.3733304236827077,0.2944265558202959
CREG1,-0.1535258407233382,0.294557457984877
IGSF1,0.3988411579671149,0.2946035000724123
RWDD2B,0.2071390552312753,0.2946957132589874
C1ORF50,0.2133091236651028,0.2947071553959662
TPRA1,-0.1140907662120707,0.2947151157973601
SEPT8,0.6431377633733542,0.2948004394227315
TNPO3,0.1758008511926476,0.2949836461613972
FCRL2,0.5380345285428279,0.2949882261154811
ZKSCAN7,0.2208706305595047,0.295213559778143
NUP133,0.1078640181175352,0.2952357254741605
MTUS2,0.883774374995264,0.2952831568042763
CACNB3,0.3256042314845526,0.2954458585262781
IL36A,-0.1977130897019403,0.2954690954416644
PGC,-0.282800506358094,0.2954915352840316
PDLIM7,-0.5504081942226415,0.2955657322581833
KIAA0509,-0.4738419323839382,0.2956337007328767
IPO13,0.1485220274959893,0.2958708997213284
GS1-124K5.9,-0.5383756153723338,0.2958830537840574
GPR52,-0.2273927577915264,0.2961134807819582
RCBTB2,0.2256338586773072,0.2961739102080933
C8ORF44,0.2031043921759936,0.296496884448746
ARHGAP35,-0.6103257402982081,0.2965757305148369
MYH14,-0.2663158191998933,0.2967489823464053
GDE1,0.1783959830503168,0.2971033018963899
ZNF3,0.4234451079133219,0.2973933913157117
ORC1,0.5594591616154281,0.2975425319428795
MTPAP,0.1182234976790184,0.2978772409849595
DMP1,0.4477739008614976,0.2979051226844499
SRPRB,-0.2024196378710261,0.2979452951001661
STX5,-0.1101566531722131,0.2987992626865227
TWF2,0.2364130517684461,0.2988070413399641
VPS9D1,-0.2608642237988485,0.2988467676927245
PCSK2,-0.4370387633404178,0.2988786802834389
PTRH2,-0.3081557441184763,0.2992707815046742
SNHG17,-0.3970039927954412,0.2993863843403554
ETFA,0.135247370848587,0.2997563972661998
CD300C,0.2994915613262794,0.2998428438606334
PAK1IP1,-0.3502977886649479,0.2998977856626327
FAM172A,0.1862396613589787,0.3001586933825763
THAP9-AS1,-0.377197079150509,0.3003572088622044
SOCS1,0.6084301306315325,0.30036422190161
EMP3,0.2263026406698323,0.3006213824934569
MFGE8,0.3191866703802688,0.3006884241263942
RP11-114H24.6,0.5682504044331091,0.3007908674167786
PON2,0.2485087029099286,0.3008102352559199
HLA-DQB1,-1.311095759647248,0.3010798697005989
TULP1,0.4027792726345449,0.3011720530020487
CASP9,-0.23323351390761,0.3012055069415796
GIPC1,-0.1783209769888074,0.3012645072116364
SLC39A1,-0.1390704989615176,0.3013577296240062
C2,0.3856338012529559,0.301424911856649
ARRB2,-0.2797879898799564,0.301469517555908
PIGC,-0.5559379195379748,0.3016045074580051
CSGALNACT1,0.2549315742978901,0.3016139227578509
ZNF688,-0.4993812297233946,0.3016280618614614
ERO1LB,0.4651082603203917,0.3017229816804759
COMT,-0.3594245233426942,0.3021015621362984
DNAJC16,-0.3698219896788526,0.3021272366284131
IHH,-0.4706631100705727,0.3022143372859499
BLVRB,0.2393794783563123,0.3023132473850858
ALOX15,-0.4533722511171243,0.3026529852805951
HOXD13,-0.4076080076746748,0.3027293279087275
PACS1,-0.4671768086568084,0.302856929305395
SNX15,-0.2323654365275764,0.302969992128671
ARMCX3,-0.1608431589839973,0.3030204185455672
IQSEC1,0.2631200604416133,0.3030443154362867
IL26,0.5688985637081485,0.3030669007126925
PUS1,-0.3361362779461752,0.3031797391955522
VDAC3,0.2222086723567766,0.3031936859434416
LRRC23,-0.3800080939731742,0.3033698793056377
CLCN2,0.2498526206588804,0.3033899334541052
FZD5,0.29641028640917,0.3033916512948098
DMRT1,-0.4330609302716097,0.3036907255363448
AGAP2,0.5774749986260561,0.303699733144648
HIST2H2BE,-0.2573163972453001,0.303769365706189
MAPRE3,0.6280667781474376,0.3037928816067385
PPP1R13B,0.1351730065143206,0.3038335644766597
ETS2,-0.2439073784827723,0.3038732460592198
FERMT1,-0.3359910189755961,0.3040329102465258
ZNF467,-0.300509212164838,0.3040434354962555
PTGER2,-0.3620251333938977,0.3040966278219537
SBNO1,-0.6647940574004885,0.3044755497175492
IL10RB,0.106417731869179,0.3046969495386052
OSBP,-0.2195937476201912,0.3048205478380602
CROCCP3,0.3191246051605096,0.3049076525825439
IFT88,0.1999077530239557,0.3050573121527724
ZMYM3,0.1862642768359101,0.3051425733636492
TAX1BP1,0.3899659851189527,0.3051533596305181
DPM1,-0.1993060329931655,0.3052275109174809
HOXA11,-0.6380847579702538,0.3052275698903248
WNT4,0.451279561216146,0.3052337880611402
RETSAT,-0.3014884940592406,0.305328436729725
MTF1,-0.2151978590563841,0.3054064672732226
POU5F1P4,-0.4878224309536279,0.3054422368094845
SETD2,-0.2049392061034778,0.3055430685773243
ANP32C,-0.2514735674123458,0.3055432381349117
MS4A5,-0.1702821643286203,0.3055960738219325
HK3,0.6674108408214376,0.3056209850900659
BAG4,0.1542890233883564,0.3057114881314852
NEUROD2,-0.3609943753529716,0.3058474701926554
SRSF6,-0.4360941178447373,0.3059685900522088
RBM8A,-0.3797227496878674,0.3060494279424624
TUFT1,-0.2107839453822073,0.3060873381005863
PDCD4-AS1,0.3848020767571833,0.3062220828704193
SACM1L,0.1987384939965508,0.3063415541555873
UBR2,-0.8274139128206723,0.3065268399082463
ENTPD3,-0.2577748022663151,0.3065276854433735
REG1A,0.4661594927348189,0.3065375331496632
CORO2A,-0.4080317143668921,0.3066905444780603
AURKA,0.4576537713136446,0.3068904109041044
UNC93B1,0.4208283955358549,0.3069393737920156
TEKT2,-0.4873029885237994,0.307082797132522
BBS10,0.3973999557650929,0.3071353714433069
KIAA0040,0.281905406471056,0.3072901927567743
RP11-278J20.2,0.5190512066689541,0.3073760237645244
WIF1,-0.9172369150052826,0.3073831878012426
HYMAI,-0.4790743491396503,0.3073948854883512
PPP2R4,0.260163411532071,0.3074544355075087
RNF6,-0.6906154939319946,0.3074875321073941
NEO1,-0.2692807230263909,0.3075425177521115
WSB2,0.1794022761336187,0.3078234672422399
ANTXR1,0.5638245919218043,0.3078547540556194
ZMYM1,0.1648136715666925,0.3079883728463986
AGPS,0.152050398051438,0.3081152582872363
CCDC59,-0.2601940476417734,0.3081314348762959
TMEM123,0.158838489221825,0.3081484862458149
ARSA,0.2948056153289826,0.3081949407297589
TXNDC9,0.2869623451514513,0.3082075955652169
CAPN2,-0.1222789316810519,0.3082894606016981
USPL1,0.1543886905553169,0.3085253905752991
TPPP,-0.3325967888657715,0.3085666989456525
FAM192A,0.0974359036541727,0.3087103996656868
SH3BP4,0.2359750918157654,0.3087797052384591
AHCYL1,-0.2295070297675128,0.3088804491025388
SIK1,-0.4542145669206103,0.3090457988022262
EDF1,0.1577658816555747,0.3090658665448009
ZNF204P,-0.2536927788748446,0.3091652447652847
POU2F1,-0.1362497924893944,0.3091898003133908
EFNA3,0.5121090836443969,0.3097512246013837
YKT6,-0.2405372690336609,0.3097659422040983
MLPH,-0.1960537250598939,0.3098716843137341
PILRA,0.4452483422876137,0.3098813727209701
CLEC4E,0.474179260745811,0.3099318713249058
DPM3,-0.2530098377491381,0.3101041066594582
AHCTF1,-0.2760697679814425,0.3101397209978641
ACAD8,0.1557263435172657,0.3103338435826343
OAS1,0.3510493774277563,0.3104096212642001
ITIH5,-0.414470457076554,0.3104435673660224
KIAA0895,0.478922885010375,0.310503932858936
IGBP1,-0.1478806011921705,0.3105142537320661
KIAA0020,-0.2080096997676772,0.3106508527556883
CDIPT,0.2476813812680269,0.3106590264170146
JARID2,-0.1873304096417403,0.3108381306842399
PET112,0.4828883103753316,0.310868094589904
HAUS6,0.4989046797997853,0.3109357334032153
PASK,0.4964142201441772,0.3110270284526982
LSM5,0.2713718205698683,0.3110843017129208
TLR4,-0.2064110220155779,0.3111194492388108
RGS6,-0.5001807016412432,0.3113039206682214
TBR1,0.3194389165278366,0.3113710812675387
ZNF576,0.18982016257889,0.3113717054544166
ASGR2,-0.4453782026446751,0.3114340123789962
ZNF174,-0.5174772102187566,0.3114713259324213
KAL1,0.5457896068524217,0.3114962167911622
CLNS1A,0.1097644897367544,0.3116681195534215
RNF11,-0.250152710351454,0.3117207448855366
ZNF391,-0.3157447317139894,0.3118652853223047
NDST4,0.4446335203133342,0.3119973705094112
HTR1D,0.2155475544099068,0.312039543651866
RNPS1,-0.1800180373178879,0.3120578114737513
MYO1B,-0.8806113189958991,0.3122416746361326
SARS,0.117281466524945,0.3123758295737779
UBA3,0.1657271825262896,0.3123834420084108
NAT2,-0.3635213211445753,0.3124432075781748
GRPEL1,-0.2989370729833212,0.3125904777044889
ZAK,-0.2611458107083777,0.3126445349847329
LINC00588,-0.659313068326385,0.3127187331893402
TBXAS1,-0.3275373551713088,0.3127302590265229
DMXL2,-0.4539736148381781,0.3128314519899487
SHH,-0.5574601138752642,0.312861731463305
INSM1,-0.52878351683957,0.3131322806527691
CRABP2,0.4168604046015574,0.3131493299885189
DCTN6,-0.1110082497559652,0.3132653282950443
RP1-68D18.4,0.462022440954227,0.3133030686781014
DZIP1,-0.3246883814357009,0.3133197930603228
GUCY1A3,0.4049697848135611,0.3135587201017486
NUP210,0.6516478098457013,0.3136306857296979
ING2,-0.2358994764815865,0.3136317983985984
LTBP3,-0.2238594365200121,0.3136694697724045
SPRR2C,-0.5127021033266268,0.3136970794531846
TBRG4,0.2679930295175214,0.3137416263106735
MINA,-0.2249188363797056,0.3137679616848836
TMEM204,0.2268053850027929,0.3137765117646551
EMC7,0.122249597770411,0.3140917259216914
APOBEC1,0.4364947618581611,0.3141697334950663
USP18,0.2222310617152194,0.3143568070966272
THUMPD1,0.1990448561330851,0.3144068644238588
TEAD3,-0.1972945619523596,0.3144674686236923
MED22,0.1447275602033286,0.3147270627441532
MT1H,-0.3382922593166668,0.3148346285096192
MAGEA11,0.5773801927134579,0.3148578726664001
ALDH4A1,-0.46488736227949,0.3150976485176547
SETD1B,-0.1830768276734069,0.315139021221274
GDI2,0.1135378083839206,0.3152213860167895
CD70,0.4020705885327107,0.3152604265681403
SNX29P2,-0.4656122539660323,0.3153300872913504
LOC102723620,-0.1717193582249052,0.3153941848508989
CIB1,0.1272445622760987,0.3154262381849113
INTS12,0.1158140163104217,0.3154654270766182
SALL1,0.6991798155300284,0.3156634186859876
TNMD,-1.0035478867629095,0.3156635560611345
SMAD5,0.2898348182815526,0.3157418786394429
PPP1R2,-0.2856664608021488,0.315902740010308
SYT13,0.1970605007998056,0.3159693462120514
PALB2,0.1587444221541769,0.3162727863706082
GPM6B,0.7201701718142193,0.316337315664833
CERS4,-0.5951789455831777,0.3163707240412112
TPM1,0.3768873614942034,0.3163803593775156
ATF7IP,-0.2227797451712838,0.3164069062663938
SULT1B1,-0.3045486573997964,0.3168229741139052
FZD4,-0.3185479310585553,0.3169142053901566
SFTPB,0.3866566209453292,0.3170488664560545
B3GNT3,-0.3672646834931177,0.3170679268973306
KPNA6,-0.128620277990997,0.3170860259100165
C21ORF62,0.4419999763760085,0.3172098119216299
CPSF1,-0.3911851124533241,0.3174979899609716
CELSR2,0.2119572680236121,0.3176943911290999
TPM2,-0.5836528346431038,0.3179880696903433
HNRNPA2B1,0.1546643510323857,0.3181140309741774
AOC1,0.4620069440897758,0.3182012987365403
EIF2AK3,0.2156122365771331,0.3182144063395803
ANXA13,-0.3553300574278211,0.3182347322524387
NR1H2,-0.1268741716965173,0.3182755922591465
PRR14,0.2046150983319723,0.3183251924603393
PATZ1,-0.3378274042478155,0.3183806150922739
ANGEL1,-0.1313525176404866,0.3184112023594606
ANKRD53,-0.4177122908123971,0.3184492899190603
SKI,-0.2011341904063703,0.3184975386486536
LINC00939,0.3028711383199369,0.3185040527707081
KLHDC3,-0.2421650567186191,0.318666546588106
ALDH1A2,-0.4596771709222667,0.318810490048031
RABEP2,-0.2815992257042365,0.3188350953454492
C9ORF116,-0.2573351049849091,0.3188583321439149
CHRNG,-0.5398980570546597,0.3189049338255995
TAF6L,-0.3347959504020963,0.3189279694221505
SLC22A3,0.9690387962439436,0.3190112341870056
RMND5A,-0.5804524223104162,0.3190830502324928
EGR2,-0.5383388830055171,0.3191342577912154
GTF3C1,0.2567989590405535,0.3192355361475241
PLEKHG6,0.3121281869744994,0.3192773808722259
BAI3,-0.683422121615521,0.3193288194732339
ZBTB10,0.1655363899441218,0.3193721840586799
MAP3K5,0.225803959256849,0.3194923101146881
ACTR3,0.2316122946008274,0.3196715152451722
DDX10,-0.2557785563734445,0.3197161153187856
SETMAR,-0.1882556570748255,0.319815510436352
BSN,-0.2365327084128639,0.3199715524939936
GRM8,0.6050363960811,0.3200132400413739
PACSIN2,0.1536656828898746,0.3200790706138099
KCNJ15,-0.3936893365661689,0.3200926747143089
MYOZ3,0.2730505468310182,0.3203536371106982
CACNA1F,0.1572607508921235,0.3203719199425961
IL1RN,0.697605748500628,0.320624142230701
CASQ1,-0.1540664519236001,0.3207430466089343
MED16,-0.4462489747417466,0.3207684413075456
NUP62CL,0.6855840497077579,0.3208354164310359
MS4A12,0.4657186711474699,0.3209969334838038
DYNC1H1,0.1531517926656427,0.3210205529773974
MIA2,0.1605778933728183,0.3211761605462171
TMPRSS6,0.2829834755464935,0.321274402920055
PHKA2,0.2336501219773872,0.3213032486132576
SNTG1,0.2467032878922186,0.3214934025062596
BRCA1,0.2063724685583476,0.3216454107363602
MKRN2,0.4630248429232591,0.3217313681370242
TXNL1,0.0729541302111442,0.321976085713691
MTR,-0.1760733348025951,0.322001448912123
SMCHD1,0.3215176612211889,0.322057944819049
PDE9A,-0.6185806038157198,0.3220615659795219
EMP2,-0.1984382013773107,0.3220663496694845
FSD1,0.1991515790780766,0.3221440096388919
AFF4,-0.3685782650089404,0.3221772983641753
WDR1,-0.5290067312444435,0.3222371108718894
LAMA4,0.6153030410734415,0.3223182730639882
PFKL,-0.1487749628214132,0.3223249741670957
IL1R2,-0.796679214530033,0.3224104081314083
SPOCK1,-0.2942742173851531,0.3229244767264067
TFAP2C,0.3451079167601398,0.3229672805498738
CHST12,0.3986220653283201,0.3229685628765697
PES1,-0.2155207794567619,0.3230298114456473
FAM169A,0.6237837049718902,0.3230852659735687
ASXL3,0.4860347954057409,0.3230864008162822
HHLA1,-0.1852051167298842,0.3233100257706499
ZNF117,0.4617079461361202,0.3234001790194179
N4BP3,-0.2677857150832503,0.323417486089984
SLC25A24,0.1898873143655901,0.3235210777614027
PPFIBP1,-0.5711461779451303,0.3236194380447461
MAOB,0.7252541785752573,0.3236220940481666
NPL,0.3026343851142243,0.3237731414157479
S1PR4,0.3071323947811093,0.3239533632164137
RNFT1,0.5636078557993409,0.323990658961264
PPP1R13L,0.1785379134221898,0.3241619482519707
BBOX1,0.5926838017253533,0.3242290003549118
MFSD9,0.1580281725126529,0.3242411359558718
CDK16,-0.1605994103634653,0.3243165348137498
GRAP2,-0.450024603056717,0.3243299659082351
HEPH,0.5719012893789541,0.3243964392771362
NRF1,-0.3542777614853518,0.3245925872739723
C22ORF24,-0.2033120633882381,0.3246137920937955
KLRC4,0.6181987544256482,0.3246415791660837
TCF20,-0.1424705467658826,0.3247101612720733
RPL23AP32,-0.4460292898116185,0.3247576766962738
GLRA3,0.646966799231663,0.3250071586733327
FBXO21,0.2926792454636788,0.3250503752991581
PTCH1,-0.3692374053957743,0.3251404504755468
SLC5A5,0.2636085360729678,0.3251705988926344
MAPK6,-0.1522073734396993,0.3252126927001452
NUPR1,-0.4096084559939417,0.3254423333709735
CHRNA6,-0.2142061946077751,0.3254828888427614
BMS1,-0.2005727278702469,0.325484799362314
BBX,-0.2650467829666372,0.3255362530701309
SLIT1,0.3393729683891502,0.3256004208458432
BRSK2,-0.3179887097888407,0.3256545834543984
CHAF1B,0.6147850277753193,0.3257223795656871
DNM3,0.2447455284128601,0.3257280116245006
VPS51,0.2052265038237681,0.3258226287946569
BST1,0.4404142214359963,0.3262068785734719
ZNF780B,0.7398045858519415,0.3262771550774665
SUPT5H,-0.1145815644606784,0.3262851486477705
DPYD,0.2281586543725886,0.3262913408168018
LRCH3,0.1462727140142821,0.3262939188165899
TADA3,-0.386560361048049,0.3263492262765978
RP1-263J7.2,0.5663431348455452,0.3263585433146173
C14ORF159,0.3135413524537362,0.3264933830692799
KIAA0226,0.1934759733156665,0.3265061083778031
PCDH11X,0.3598683267925642,0.3265261387677383
EXOSC4,-0.2920862351457707,0.3267923086259592
MED7,0.3673158747056346,0.3268262614599603
ANKRD27,0.1467404628622421,0.3269522226237223
USP20,-0.2773047029964255,0.3269892503150933
SORBS1,-0.7466116299198511,0.3271147695973179
CHRNA3,-0.3196608893235919,0.3272279263141759
ELL2,-0.7059852949273138,0.3273283689994035
FRMPD1,0.4219144010394293,0.3275028439416531
COQ4,0.2274952543821724,0.3277166551061253
USP25,0.1163673559848952,0.3278449300920102
FEN1,0.2204012798327426,0.3279082047749352
KCNJ14,0.1905674111063362,0.3282226636063832
SLC25A28,-0.1656629246798076,0.3283292912755897
DICER1,-0.4192924096262169,0.3284896967531853
HOXC13,-0.3917677819759584,0.3286121176108543
DNAJA1,-0.1821739236571318,0.328648341751288
SPANXB1,0.6132189679716262,0.3286506075805079
HEG1,0.2119714380283994,0.3288289580454162
GCA,0.4723732634880431,0.3288449770883132
RP4-595K12.1,-0.2377864300066541,0.3289391168588565
FOXD3,-0.3042677491154744,0.3290218850605034
PPIH,0.197782809430203,0.3290781372715173
GGPS1,0.185877289099519,0.329228520929702
ABCC3,-0.8655828905692386,0.329314936240089
NDRG1,0.1647375128047077,0.3293958443421129
DLD,0.1487357760969008,0.3294451738047199
SMAD7,-0.1990305244044332,0.3295837741479737
CRAT,-0.2169580630650296,0.3295842702406795
NOL3,0.5867297835004193,0.3296531050364975
ADH1C,-0.8324454961752217,0.3299135996960299
TNF,0.2585234488775203,0.3302635914513998
POLM,-0.562018394758117,0.3302656857442471
LPIN2,-0.1830674570784491,0.3303421969438512
GSDMB,0.5267315030354887,0.3305362788534726
GABPB1,0.5885469272802535,0.3305469763365577
PCYOX1,-0.3096907481539919,0.3305931806435035
XDH,-0.2378218192435222,0.3306070683521727
LPPR4,0.366031532108594,0.3306208293142724
PTCH2,0.3935161047509128,0.3308605059193172
GNAI2,-0.2637709539383586,0.3311025850439104
RAB33B,0.2470734138114725,0.3311425334297318
COX6A1,0.1035334282545132,0.3311508811583207
ARCN1,-0.0759294021332035,0.3311953975723087
PAQR3,0.2606380660184113,0.331312006570977
KCNG1,0.3265509761046763,0.331491810156393
MBOAT2,-0.1459406988720886,0.3315265978092691
HRSP12,0.2667334460717914,0.3317244185117445
ULBP2,-0.4582528694777803,0.3318912820418431
FCER1A,-0.6091676893426392,0.3319010832006632
CD33,0.6126179373895324,0.3320522225581044
ACOXL,0.594169886969182,0.3321020815610377
RPRD2,0.1885493123459198,0.3323130994077635
VEZF1,-0.1346217710505524,0.3324248687480619
MLYCD,-0.142487174995054,0.3324489110030833
DBN1,-0.26914024907704,0.3325702265460805
SP3,0.2232338801014108,0.3326724251170413
PLOD2,0.2744118283318393,0.3327411257250019
PPOX,0.1620394165040988,0.3330068418886392
ACTL6A,-0.2775811828686665,0.3330419166375308
FZR1,-0.2656329552556089,0.3330742632211334
SYN3,-0.4622752027114858,0.3331895572918006
PKN1,0.2324347269591751,0.3333426037219723
PIN1,0.2167578408404571,0.3333672527155313
KAT8,0.1108983331662027,0.333714270656035
METTL3,-0.3654390356166637,0.3338955920335211
GPSM3,0.2627375518328723,0.3340120193410305
SSX3,0.5262416767042062,0.3340330705050524
GNAT3,0.3345215828936112,0.3341127452025489
TXNL4A,-0.3011603246333036,0.3341923865146755
NEBL,-0.3315301306997398,0.3342692414842147
GRSF1,-0.242620065732658,0.3344149032475346
CCNH,-0.1124560954125453,0.3344542279192432
MS4A2,-0.215055269511887,0.3344967341416121
LTF,0.6158927875219895,0.3345926625631771
MMRN2,0.362849026581939,0.334597883051955
PDCD6IP,0.0955103992556427,0.3346592420451723
NGB,-0.396836905118934,0.334672381645467
ZNF280B,0.299451439594971,0.3348705382146375
CUL4A,-0.345739127897569,0.3349287761619049
CBX8,-0.418878771241685,0.3350579050506023
ENTPD5,0.3444416522225699,0.3351161068977283
HRH4,0.2779262480772004,0.3352177661751926
ZNF749,-0.4437185050081096,0.3352306360992835
PMCH,0.343588438127326,0.3353452296747117
CEP135,0.5957998785801952,0.3353481876791898
CD177,-0.4226843012304115,0.3356158747440804
MBL2,0.6571589934466255,0.3356535431914106
RPS25,-0.1642837744093697,0.3357939223555906
TRIM27,-0.1307071378755804,0.335808344452364
FAM186A,0.476902501218281,0.3358479820544607
FAM8A1,0.1949335602482325,0.3358694650876203
DLK2,-0.2947487801367492,0.3358967997505285
UBP1,0.1309633511651444,0.3360324410064211
HPRT1,0.2019592678987347,0.3360971408015525
GPX7,0.1571868923942965,0.3361297881936692
RNPEPL1,0.1604336738539817,0.33619883829733
CTAGE11P,-0.3569379607104288,0.3362140504393676
SF3A2,0.3473744221783317,0.3362968483911587
OCRL,-0.1280538758863247,0.3363587987150829
PPFIA3,0.1806687784157423,0.3368339030989728
IBSP,-0.4178737551606781,0.3368454923823711
GAREM,-0.3322382889310296,0.3369905567830448
DDR1-AS1,-0.3985639029320973,0.3370786705162323
TAF10,0.1026373644513114,0.3370822498790549
CXCL5,0.6252182984386878,0.3372760302252131
DNAJC12,0.4784231991475209,0.3372815196356993
BMP7,0.4365414792545881,0.3373110184641325
MRPS17,-0.1806189561283204,0.337338793200055
MATN3,0.6404122281120612,0.3374167239817967
OSBPL10,-0.4096743555263424,0.3374633232271765
ATG4B,-0.198839829050577,0.337482850567088
SAP30L,0.19908750197777,0.3375250697136002
SCD,-0.6000579789094829,0.3377180196345218
MRPS18B,-0.2342151371334431,0.3379002261100828
PLEKHA5,0.3910661848904997,0.3379836239851875
CYB5A,0.6091478225368281,0.3380298831950005
ATP10A,0.4464878137754748,0.3380786573485108
RUFY1,0.0761781505539342,0.338144941417063
RALGPS2,0.5610541288794906,0.338180935829966
NAV3,-0.5351312022806489,0.338239131327735
ADAP2,-0.2772514192904936,0.3383553550776023
ISYNA1,-0.1836609165470593,0.3383799945863708
ACSL1,-0.5285482737773588,0.3385050812596173
GRK5,-0.3127792599221433,0.3386071433199155
EPB41L1,-0.5233821194195531,0.3386317277808983
TESK1,-0.0961943241186578,0.3386613067383875
CA7,0.3427424044037881,0.3386894534557361
NPDC1,-0.2955546648955298,0.3391360574380848
CTNNBL1,0.1123857746518464,0.339161603427519
ASL,0.1018789288427406,0.3392012436970474
RBM47,0.2696084159696905,0.3393506207790348
TNFRSF25,0.6305061059835912,0.3394376934827326
KCNJ5,-0.5102801414656772,0.3395684732248347
RGS13,0.549589308274161,0.3398010601301392
PPM1G,-0.1609746323328629,0.3398516276162256
RFX1,-0.2055871081109339,0.3398881034238923
UCP1,0.4132648801735215,0.3399761470342642
FBP1,0.3652936041540595,0.3400436985021067
ZFYVE21,-0.2177138825351656,0.3400993073084848
PAX1,-0.5211995437587209,0.3401042738096123
KLF10,-0.3540528288934617,0.340368714877252
MYO1A,-0.1713375651003357,0.3404752700905226
IL4R,0.2775513880230882,0.3404833932077038
IGSF6,0.251384864385745,0.3406040792956014
SLC22A8,-0.2464313330876488,0.3406556586012865
RAPGEFL1,0.2168609958876426,0.3409721400435036
ZNF91,0.249120302706082,0.341097142324065
SERPINA10,-0.4158735267032543,0.3411118719379358
UBE2D3,-0.1629494124925532,0.3411164746996346
MRPL20,-0.468964352330508,0.3411965965432572
DBT,-0.3766187326765831,0.3412359401308059
F8,0.2164569750415399,0.3413492987315423
CALCR,-0.6195341594900792,0.3414675857869886
TADA2A,-0.2924010846499452,0.3415049104361022
XRCC4,-0.3816337760084352,0.3415288650633143
BLK,0.5182632909120675,0.3416738830283025
ARPP19,0.2641892530739103,0.3417635538042622
GALK2,0.4017619606993303,0.3418409661529165
KNG1,0.4122997636699872,0.3421108579685836
OR6A2,-0.4723399957529652,0.3421725285177814
MANF,0.1954821910948201,0.3421970463943989
ELL,0.357219440204493,0.3422755524110775
PPFIA2,-0.3077736202004208,0.3423999309565763
BCL2L14,-0.272325665372179,0.3429327450703818
SEC24D,-0.5462918964690955,0.343098886634476
RCN3,-0.2610409381585779,0.3432342439540206
MUL1,0.1304317571623006,0.3432826359320222
CYP2C8,-0.2391040363354162,0.3433444039672126
LYRM9,-0.1707027759810389,0.3433886142545039
DNAH9,-0.4702254870657913,0.3435185886903602
HES2,-0.4906395326589212,0.3437718076694516
GGCX,-0.2039339626705771,0.3438077489546007
GMPPA,-0.0910025519816066,0.3441227679593896
IFNA4,0.2988399628689668,0.3442465598234213
TFDP2,0.1772438658850657,0.3446936157793929
FBXL18,0.3967020060265662,0.3447116220885576
GAA,0.2040492819689099,0.3447231964420938
TBX4,-0.2705501149740428,0.3448166245760102
SH3TC1,0.2093652385320403,0.3448982087970987
IGFBP3,0.445770302958449,0.3449659737017217
KRTAP1-3,0.6012372378516604,0.3450489219141199
MTAP,0.4404853417311525,0.3450513236592468
GKN1,-0.4163568909807114,0.3450631060225098
FOLH1,-0.2721036229777818,0.3451191313092706
VCPKMT,0.2495131351783222,0.3451391609242896
CBS,-0.1740700289480807,0.3451431006962603
EXD2,-0.1503637444760972,0.3452248389261058
HMX1,0.3752119536034053,0.3453145697040403
CDKN2C,0.3605758116588795,0.345354342261698
SELPLG,0.4179784265910564,0.3454275391884808
RARB,0.3951653605010539,0.345584914754977
TRIM32,0.1208948272386525,0.3456261519663087
FOXB1,-0.3196553577251362,0.3456506532634849
RAD51D,0.1393142077084466,0.3457389360519649
GHR,-0.547651135083413,0.34589507699564
ABCD1,-0.1461432538368878,0.3459275253812839
ZNF444,0.399163274197563,0.3459399383901999
PROX1,0.4337369213868172,0.3461708458151725
LOC102724905,0.5452616318719921,0.3463104861133147
SEPHS2,-0.1274277115053372,0.3463255604841697
CSTB,0.1864603984333079,0.3463773819391046
DYSF,0.3038461685387403,0.3466216398532966
BACE1,0.2774776962701519,0.346751053967304
TBC1D16,-0.2614483801489875,0.3468049871850682
KCNK1,-0.4741418887612836,0.3468694336415726
WHSC1,0.5772444059796298,0.3471137960506849
LINC00094,0.1983375744478879,0.3472634664847992
TDRD3,0.4706666178294414,0.347303347888841
RUVBL1,0.2383196644283982,0.3473340011410646
ACO1,-0.2030597439769987,0.3474351538523368
SSTR1,-0.5423433319825759,0.347483916739304
RLN1,0.165105078712175,0.3475215077838849
TRPS1,-0.2051341914081206,0.3475947453300955
KIR2DS1,-0.3236878915734289,0.3476662265781678
RBBP4,0.1799106047057073,0.347832070903892
TP53,0.4287497446293509,0.3478342036047966
PSPC1,0.1529370574154782,0.3478951215423884
TTLL5,-0.5111476434466748,0.3479124759585673
HLA-DOA,-0.4832069147485089,0.3479631830198208
CDK17,0.246760666710692,0.3480074847701127
LPO,-0.3510851717951171,0.3480243497675688
LOC643733,0.3628870411727289,0.3480355734191026
PMP2,0.530067152255925,0.3481461002879284
AC007292.3,-0.4699277436681504,0.3484806958047429
ARPC5L,0.210168013632451,0.3486348344562969
CRADD,-0.1416947930992762,0.3486730122178182
ARHGAP33,0.5384453704014245,0.3488591984935285
CACNA1I,-0.3986592778680329,0.3488946530239374
AKR1A1,0.1882652838798453,0.3490246613084007
GAST,0.1062819601787783,0.3490853449687583
RPS6KB1,-0.2083820690883113,0.3491330066397731
RBM39,-0.1450085498957136,0.3492439436182517
GUCA2A,-0.3871391081601576,0.3493300812566687
COL4A1,-0.3266886994057909,0.3493827304459364
C12ORF4,0.1273887476567257,0.349395872991123
TMC5,0.4965373338535546,0.349407474061539
MGC2889,0.4961357743303276,0.3494137601746601
HOXA2,-0.4748601319690793,0.3494282181293376
PSMB2,0.2459558080143846,0.3495688699490377
LSM3,-0.1024102613442305,0.3496504646830203
FH,-0.2297746560006706,0.3498442327012621
NIN,-0.2978090106146709,0.3499191808254988
FAIM,-0.1540204252091959,0.349969676217849
RPS6KA6,-0.1400575258360703,0.3499903476066529
GID8,-0.0868939240537454,0.3500798321118702
TMEM9B,-0.1008832561201256,0.3500978870927534
ZNF22,0.1589822399101148,0.3501026128457495
DBF4,0.3146891568556063,0.3502249874092396
MYO10,-0.6306711508364669,0.3505897965321594
FRMD8,-0.3858468974321969,0.3507536773744995
HTR7,-0.7013713014125849,0.350881488552875
BRMS1,0.1159497963356859,0.3510071719550657
CRTAC1,0.5167031101627906,0.3511268414639268
RAX,-0.3634155723489298,0.3511527455896565
EFTUD1,0.195661591859702,0.3513341436323393
DTX3,0.4101880269343976,0.3513624958060599
VSIG4,0.3074379736762846,0.351527232989347
PDE1A,-0.3510642517839883,0.3515984568919282
FGF8,0.4107460122091206,0.3516049536867881
METTL21B,-0.0925917795495951,0.3517841480425007
PLK4,0.6799273635549921,0.3519691890412641
LMCD1,-0.3048058187697915,0.3521007043548044
OR7E19P,-0.4116066671161511,0.3521746813147397
STK4,-0.3861482840080112,0.3521971563195528
NBEA,-0.2384083532467737,0.3522226955381758
AAGAB,-0.325027902616755,0.3523224086685551
FDFT1,0.1937599665728751,0.3525090139119929
EFCAB11,0.503366411143531,0.353015192773358
HCG26,0.2222503103253297,0.3530810512781843
ACADSB,-0.4152012482564231,0.353190646513014
SNTB1,-0.3738511454377953,0.3532619675280994
SERPINA2,-0.4436135620312398,0.3534193821769911
EIF2S1,-0.2317066803716336,0.3534842964284813
TMEM62,0.1769477864533568,0.35349048578114
NAA16,0.1997026712137213,0.3535411988087529
TNFSF14,0.6140549204894286,0.3535741449893744
TRIM66,-0.2068824204416968,0.3538614740584371
ME3,-0.1882342018531861,0.3538809474197359
TSPAN1,-0.2489180024570547,0.3539548714256719
FCER2,0.4232003273832529,0.3539900122341167
RPIA,-0.1662422813001587,0.3540050100094702
GHRHR,-0.4350066895214795,0.3541011466068867
LRTM1,0.492272913562457,0.3542086681248823
SNRPE,-0.2859883313308433,0.3542236395464448
RPS14,-0.3019051762029563,0.3543888492969959
TMEM100,-0.429051759182979,0.3544942900780021
ACSL3,0.162125743986067,0.3545378840712236
C17ORF70,0.111906470528762,0.3545768688582166
TBC1D17,-0.2398071772469716,0.3545829657578062
POLR1C,-0.2342647463884937,0.354627464919138
CAST,0.1528850136761024,0.3547196341446307
MOGAT2,-0.2559470132464971,0.3547921048827318
ADH1B,-1.3331757763520828,0.3547972714204328
EMC10,0.3123157169067969,0.3548336137903367
DACH1,0.2699552239574143,0.3549786098368318
ADAMTSL3,-0.4120720766176422,0.3551299996038316
IFNW1,-0.3619718588924394,0.3551685598911945
TUBG2,-0.212856687750448,0.3551789926303195
RAB2A,0.2438224181136137,0.3552512810342506
IGSF9B,-0.4336125445225249,0.3552795097391277
LOC100996843,-0.3431409089935888,0.3553897839816113
GARS,-0.1274385315459962,0.3554119549636147
REC8,0.253189496445322,0.3554171003600536
ORC3,0.1773237301750132,0.355534282494124
XYLT1,-0.2739661239412321,0.3557596378904487
TWISTNB,0.2398063953639244,0.3559721116633797
CDH9,0.371653494599002,0.3562326225393654
CELSR1,-0.5435894295398893,0.3562803480844295
SSUH2,-0.3411571209687078,0.3562903961276832
DLX6,-0.2932061052224588,0.3564927914016438
GRIK1,-0.4758893151263832,0.3565281860995908
ARF6,-0.231508673966502,0.356533557083723
REG1P,0.3802796438344078,0.3565982300032327
FAM184A,0.2198818710607168,0.3567070905582939
ISG15,0.2243269691331946,0.3567597718423593
UCP3,-0.3711201457203108,0.3569409508060671
PDE10A,0.3320185058748821,0.3570835282377855
FBXO34,0.1158564529853265,0.357095797491322
RAB28,0.2238622026957673,0.3571014771412483
SS18L1,0.2091115907670566,0.3573089485718895
SLC17A7,-0.3273626700887915,0.3573294432346608
RBM48,0.3005683666767105,0.3573918277495894
WDR45B,-0.0756530231420118,0.3575798380230099
FEZ1,-0.2859150919042443,0.3578371737743078
NOVA1,-0.697445085079877,0.3579638675742698
SNRPD1,-0.3008349561679377,0.3579996579062812
HIF3A,-0.4503016290610366,0.3580348851288694
CALU,-0.2710680863313204,0.3580654478834791
NR2C2,-0.1939346044572509,0.3580836292242365
ARHGEF15,-0.1649064537255355,0.3581427905731252
NUCB2,0.1377277287191347,0.3582701919520085
SLC11A1,-0.6878572729909722,0.3583261066750395
MAPKAP1,-0.126150840179239,0.3583619218856226
POLH,0.4925306134082552,0.3583645240774716
IAPP,0.2776683225247627,0.358599362985677
SPHK2,0.4071142745013603,0.3588036901768435
DDX27,-0.1154332614153226,0.3588881269489742
SPTLC2,-0.277462852864895,0.358912229107803
METTL1,-0.1700411498403262,0.3589680118974473
NAA40,0.1769292004327614,0.3590168131571694
CNTN5,-0.6068881083963791,0.3591098416066389
S100A14,-0.1394557979321726,0.3591806580638066
LDLRAD4,0.5104963139266046,0.3591832838424351
LRRC17,0.5777527564093248,0.3592509765393586
MSN,0.1045784836843388,0.3593058916265389
LMNB2,0.2818589253373442,0.3595172456264363
GOLGA2,-0.4896691260873513,0.3595347063578566
CCDC177,-0.2897103949574271,0.3596529391044317
TBL3,0.2676653621525338,0.3597351197655614
CLCN3,0.4261211683980521,0.3598207417233717
COPS4,0.1547334689171062,0.3598213617705068
CTB-176F20.3,0.3402041136507483,0.3598988505158536
SOD3,0.2136595773880483,0.3600122589715601
CNTD2,0.2013610543210111,0.3600365593356943
SLC34A2,0.3250044578075712,0.3600770998509371
PPP1R2P9,0.1745243249676082,0.3601002209167729
MYBPC3,0.237510910021558,0.3601254554691138
HTR2C,0.4738025857276478,0.3604535209554013
MXRA7,-0.1282074431186473,0.3604668970839623
CUL1,-0.0852611562510698,0.3605229300343974
S100A6,0.1226032343843996,0.3605769409038782
PLXNB2,0.4422010556589661,0.3608870546503756
TSTA3,-0.1031274636245775,0.3611442543134831
NEU2,-0.215824934389571,0.3612417407994336
YIPF4,0.3483504769838568,0.3613724061126501
FOXO4,-0.2527453681638514,0.3614204681944488
BEST1,-0.2639033164181263,0.3614403076864457
CD46,0.1885424235117767,0.3614628884596562
TRIM23,0.4261749405552351,0.361609707704233
KCNK5,-0.187102682352263,0.3616329368189893
CRP,0.3867797042389886,0.3616416353903213
ULK4,-0.2762999336164222,0.3617184421301421
SEMA5A,-0.3693205114122833,0.3617323346477302
CNGA1,0.3439144058334085,0.3618533617799918
SUPT7L,0.1108017603863382,0.3620460850986081
ATAD5,0.2976085249651712,0.3620544926688206
SYCE1L,-0.5634367498015291,0.3620832062956128
WNT2B,-0.4046193967250726,0.3621623317475564
DCX,-0.3646294998314126,0.362252001921587
FBXW2,-0.1341071285944686,0.3622609716931828
ABCE1,-0.260402984120045,0.3626164386187817
IRF4,-0.5981480646076227,0.3626432585205006
KIF13B,0.1136687518281664,0.362664371254741
PAX4,0.4334777575085429,0.3627572639209394
RHOBTB2,-0.3789230235216569,0.3628130361040602
SERPINB10,-0.4286658777330947,0.3628618342646061
C5ORF42,0.4982464603117611,0.3629102022684858
PIWIL1,-0.4358736177159068,0.3629219705842472
SRSF1,0.3411980922543005,0.363175953644845
BSPRY,-0.3357344861553191,0.3632000926186751
OGFRL1,0.2112882313912649,0.3633031771614471
IGF2-AS,0.1740281131014702,0.3633730102319754
WDR52,-0.1752524665458157,0.3633867603424537
DNAAF2,0.2548262525919673,0.3634033643072522
GDF11,-0.4340636910702935,0.363418454616934
INTS7,0.2587465322418216,0.3641213581567205
TP53I11,-0.5771631766755219,0.3642299872085509
ECHDC3,-0.4759764015435896,0.364236121190034
USP21,-0.130403126617109,0.364269774246953
HPCAL1,-0.2442852336138603,0.3645965336864675
SLC30A10,0.5534674500489354,0.3647028451547162
ASCL2,0.3092890663098225,0.3648766213818137
DYNC2LI1,0.3004810932303101,0.36502567236795
LOXL2,-0.4269816547599658,0.3650748719294582
MED24,0.3629598271910224,0.3650772072134888
SOX12,0.1588007095196069,0.3651982888273268
EXOSC1,-0.4930987338434773,0.3652871288362317
ICK,0.2302198871579541,0.3653199921164751
RAB3B,-0.2539629622648833,0.3653677743212074
CCKBR,-0.1545194163266181,0.3655343303287686
KCNV1,-0.6206190552407027,0.3655996707740649
L1CAM,0.4516952775365856,0.365605820469641
HTRA2,-0.1533807305480916,0.3656059589159542
SOAT1,0.4081735628946763,0.3656985135487633
GRM1,0.4736111795834734,0.365709722904782
SS18L2,-0.1304758114305126,0.3657109192728066
VPS54,0.1540716480014907,0.365783988668891
MBP,0.4160303946288604,0.365821605364679
TMEM168,0.1239641071536183,0.3658700876604832
TGFBR3,-0.2594647300922474,0.3663312526442744
LOC101928104,-0.1934136416277336,0.3663399665171294
DSG2,0.516073575282685,0.3663625292745217
ZFHX3,-0.2221882966929982,0.3664113920394978
IRF6,0.1696304711272809,0.3665300349143206
ALDH1A3,-0.3954513939980497,0.3668515400174039
CNOT7,0.1138674357781663,0.3669259245114402
VAMP5,0.3475994042675796,0.3672440228355904
PECR,0.4841798229224432,0.3673345310033231
POMGNT1,-0.2240679623958472,0.3673639154462384
GRM2,-0.410971312508289,0.3674889720929446
HAP1,-0.3642856800399716,0.3674999051178063
POU4F2,-0.1831980553804237,0.3675793320619124
CCK,-0.4821157009983645,0.3676564466937962
DCT,0.5393510059481015,0.3676575536324203
GAD2,0.5226830052949292,0.3677190042100162
HCFC1,0.2764638988447983,0.3678437089018025
M6PR,-0.2374611762563603,0.367947009961659
NPHP1,0.3994720741125386,0.3679676605229441
MYOC,-0.7548338343083261,0.3679945795880142
MBTPS2,-0.2431229554280989,0.3681660305187699
TRMT2A,-0.1597425535135412,0.3681934249682878
PARP11,0.2558215430865385,0.3684244532292617
CKMT2,0.328435724585491,0.3684385956699428
NSMCE4A,0.1486570174860002,0.3685408708644586
DSTYK,0.4624964665934437,0.3685445524877273
KHDC1L,-0.3698237991429471,0.3686027108670456
LMO1,-0.2905372925880343,0.3686188230071502
PCNXL2,0.3110016731582217,0.3688429954266981
EFR3A,0.1507993077172891,0.3688876240784207
GABBR1,-0.3367215310921416,0.3689440846959163
TESC,-0.1978195045672448,0.3689549030550049
CYTH4,0.3031044184785987,0.36895571701523
FGFR4,0.3592062034853391,0.369030452309804
PIK3C2A,0.2517977589938809,0.3690434922773922
TTYH1,-0.2111798717537945,0.3690758859046024
FAM135A,-0.4693854690020718,0.369137866825748
RNF186,-0.3195975931433867,0.3692021868938899
RPS4X,0.0488970060924209,0.369338858159381
WDR13,-0.1660777558713011,0.3693740950346991
ZNF189,0.207188637199307,0.3694749550503307
MCCC2,-0.1772588395004204,0.3695424566974215
IRX5,0.4218610488787773,0.3695472921442381
ACVR1B,-0.39845051273962,0.369589598900879
RBBP6,-0.3001933400562642,0.3695975042006438
TRIM38,0.1669271149432578,0.3696321541130609
MCM3,0.1011405465341557,0.3696476153305415
SLC16A4,0.2342631757580964,0.3697174768571244
COL11A2,-0.403152974327412,0.3700138622010971
IL17RA,0.139531129418831,0.3700639487908501
FXN,-0.1859948685731369,0.3701059938475234
MTCH2,-0.1014937783194493,0.3701303757351942
CACNG3,0.3225841843839605,0.3701355853717798
KIAA1211L,-0.1871229854684406,0.3702359311598269
ABCB6,0.2806884643360599,0.3702968446640493
SLC6A1,0.3547210639980953,0.3703817191481506
DEPTOR,0.2448867349807919,0.3704184532160972
SULT1C2,-0.6078476223651039,0.3704823212694239
SEPT10,0.1967937500507908,0.3704990268953324
FBL,-0.1481120375481115,0.3705426421718776
CDH7,-0.3381832467103978,0.370589683467819
EMD,-0.0957377363015847,0.3706146159712521
EPHA7,-0.5992844654499181,0.3707100933410936
CCNO,-0.1902564942537301,0.3709404205122743
PSAT1,0.2392776345207625,0.3709564383127334
RAMP3,0.2744059389574786,0.3709777921947366
EIF2D,0.1510570317298825,0.3709895528569883
RGSL1,-0.4351689637483726,0.3710670926732438
KCMF1,0.1113318105261633,0.3712425349707034
ASMT,-0.4519741683755103,0.3713641338377589
HDGFRP3,0.3151304370383672,0.3713659375018877
ACTR3B,-0.272594247364049,0.3713755753403655
PLK1,0.20599285171056,0.3714857189179216
ACSL6,0.352776530844145,0.3715438212644215
RNASEH1,-0.1540548668631043,0.3716035357381725
CYP19A1,0.1582199782522257,0.3717015538026981
TCEB1,-0.3146118078874744,0.3717814244128
AC004692.5,-0.3548968452147907,0.3718373276730998
GP2,0.4216786729417441,0.3719667958611389
RUNX2,0.3810338911987001,0.3719708095166493
LHFP,-0.1697647934254753,0.3720028077379292
DHCR7,-0.2959965393607531,0.3721571762146773
CCNJ,-0.1834246562371886,0.3725064506189802
RAMP1,-0.3377480021559034,0.3725231930316928
RAB11A,0.2031422889818248,0.3726362435318157
GNG5,0.0948607365904408,0.3726496789144095
BZRAP1,-0.2129370100109735,0.3727903029513399
DNAH17,-0.2282649418721973,0.3728842103966293
NEB,0.4069023083560985,0.372893150679752
SECISBP2,-0.1488128944791586,0.3729843254355183
CORT,-0.3076859955586188,0.3729863454283884
DR1,0.5040704784758141,0.3730481535581405
FGF6,-0.3606368632782928,0.3730958382492915
ZNF165,0.5322833214356968,0.3731133281038719
CELA3B,-0.4006299790281256,0.3732691536943363
METTL13,-0.1849655977262321,0.3732979517291304
PPP1R1A,-0.909701384711604,0.3736636432157214
FBXO22,0.3358958005527475,0.3736985885906231
CSNK1E,-0.1956752108793304,0.373738288928715
MYLK3,-0.571020790928837,0.3737389044029866
AATF,-0.1767517680372599,0.3740740843411054
MAGEA12,0.4484305652937674,0.3741026964214577
MEX3C,0.2219118074079933,0.3742032032650007
FYB,-0.6667919109425409,0.3743313710320295
PTBP2,-0.1988725682915175,0.3743368280276389
BCAS1,-0.3415756015150828,0.3743917685838501
PLCG1,-0.3299515414453147,0.3746380783148831
CD58,0.5098880839137827,0.3746616679903091
CAT,0.4145256839637437,0.3747118761015194
CCDC22,-0.2389853901895415,0.3747537975430742
PTPN1,-0.422193237282614,0.3749167879586754
SNX13,-0.451891705390179,0.3751224272839492
CHMP1B,-0.292497578942001,0.3751968627226809
RAB9BP1,-0.6760018007032467,0.3752320328957697
ABT1,0.1360880850666532,0.375359633655925
LGALS9,0.2137793724850603,0.3756043478149453
PRAMEF12,0.3930192846969973,0.3756377743146213
IRS1,-0.3441786298026104,0.3756408984008367
EXOSC7,-0.1227493080171484,0.3756554411135661
GCAT,0.2274174331448897,0.3756758546718534
CMC4,-0.1844198758309474,0.3757563419000808
GAL,-0.5353071868999466,0.375773541766327
LMO2,0.1969253055944175,0.376101175390471
CEACAM6,-0.3881967348515944,0.376124858204938
MEGF8,-0.5508911518491795,0.3761592958549751
SYDE1,-0.6650102864656473,0.376286302858253
HSD11B1,0.3988900495083936,0.3762892940500785
CIAPIN1,-0.1581440627450678,0.3763615865544454
TANK,0.3192881939445939,0.3764153666789857
AGTR1,-0.4298609125907173,0.3765647655756682
SOX13,-0.2626431903524331,0.3766856809883154
GABRA1,-0.1538162534651688,0.3767062505627192
MUC7,0.4787235909838216,0.3767321593983782
CD44,-0.6036362004530202,0.3767974128262187
MED12,-0.2117999629940419,0.376825466024327
NOL7,0.123892459429312,0.3769707314773458
CHFR,0.1236180476090265,0.3770577512348049
HMBS,0.1122792512783146,0.3772803398096176
TRIM29,-0.3998892918288161,0.3774388834048298
STAB1,-0.2639614465669471,0.3775241339650538
MMP9,0.7315805608670729,0.3776870175767194
DNPEP,-0.2495843745465977,0.3777107548608009
SEMA3G,-0.3237359033312899,0.3778186537255985
PAFAH1B2,0.1083639113634955,0.3778235883023021
NDUFS7,0.1006786721795318,0.3778904236487956
AMPH,-0.357256299583172,0.3779295225351916
MTMR12,-0.1317819673915012,0.3780051620911661
PRPS1,-0.109213625975153,0.3780416070514243
SDF4,0.1204171990031195,0.3780533559011345
FAM163A,0.1919945008191206,0.3781592484078407
ANKRD26,0.4910320169141746,0.3782623229222684
CYP1A1,-0.409044084469083,0.3782893680070249
HNMT,0.3072975674371001,0.3782903436915709
ROGDI,0.2005704804548047,0.3785859861279653
KIAA1462,0.2423491679424945,0.3786003413992744
ATP6V0A1,-0.3026182919386686,0.3786873467982198
ANAPC2,0.1663864194903794,0.3786974818328547
SLC39A9,0.5324134271446699,0.378821994227046
MIA,0.5763222201900895,0.3791591138522093
PYGM,-0.2795541969198671,0.3792873193182483
UPF2,-0.1095164111740913,0.3795301642060248
UBE2M,-0.1328275855052609,0.3798432620123808
BNC2,0.2388888245813714,0.380168345043425
PRR5L,0.2550830590974788,0.3802269486112253
HCCS,-0.0953161802781217,0.3804052516670306
PLSCR2,0.3957590793819117,0.3804293019100819
LOC100131532,-0.4651903270916993,0.3805834922277645
PTH,0.5495808475956792,0.3805838878659023
PPME1,-0.1008183133946101,0.3806956043890296
ZNF221,-0.3702157571177848,0.3807618627931827
OR7A17,-0.4005557099361949,0.3807829811623499
NADSYN1,0.2081330110787949,0.3807918787469532
ECHS1,-0.1402681956301155,0.3808268854962871
FBXO11,0.568137551722617,0.3808976413666416
RAD21,-0.2311684966092233,0.3810329668280045
LOC101929550,0.2414434673293755,0.3812766818780631
UPK2,-0.3530681508467541,0.3813321746067668
CPM,-0.2863117477762618,0.3815535934028419
ADCYAP1,0.2704587922555594,0.3816900276903575
SP3P,0.3541031346854861,0.3818003071955998
NMT2,-0.1956970270356537,0.3818584979024241
CDH6,0.5270679545229617,0.3819107431921627
NKX3-1,-0.3014776267867001,0.381923707306968
MC1R,-0.1969602700485886,0.3819502895083091
HUWE1,-0.4319364519767195,0.3819777041010642
ZC3H3,-0.1524528573572228,0.3820439362518261
WNT5B,0.6418554977790087,0.3820735519982523
RBFOX1,-0.2018973247105835,0.3821459176344554
ZNF37BP,0.5670459884724979,0.3822179932850608
RPL27,-0.0529308030782829,0.3822565376504441
PSKH1,-0.1491738789094245,0.3824175877201194
RAN,-0.3323804601956261,0.3824333498688524
CAPN5,0.1762728514318459,0.3824445208941663
SLC35F2,0.2251483297221099,0.3824611566429229
BTBD3,0.2215551418563155,0.382533888772867
TCL1B,0.310681664550076,0.382599191445425
VPS13A,0.3815682664098769,0.3826262887756821
PPP1R26,0.1490602745254721,0.3828680504475684
TMEM161A,0.3779578420201872,0.3829152247568303
DRD5,0.1419391548927953,0.3829565840014433
RSL24D1,-0.1860901236047336,0.3830610379303935
DNAJA2,-0.1659076905686376,0.3831168200398721
KRT38,0.1686349501339181,0.3834230971017152
CYP2A6,-0.3168470270107004,0.3836352593626634
PLA2G5,0.3932832889986875,0.3836531298230328
TWF1,-0.4728372806701739,0.3836993394703945
CCL11,0.3828664476493317,0.3837667825354119
FFAR2,0.5581890722997604,0.3837786935853868
LINC00963,0.1891290367381488,0.3838017641133868
FAM188A,-0.2171846021460419,0.3839840294620727
OGFOD2,0.5365574734385632,0.3840754475167078
FST,-0.351603609410529,0.3841341321813863
SLC39A6,0.1162597918023493,0.3842122001056052
ISOC1,0.2196425959415968,0.3842471039141248
GPER1,0.5330921298881437,0.3842704282117367
BARX1,0.2437898020976119,0.3843385465745869
NEU1,-0.1510796182901401,0.3844333751925686
LOC101928278,-0.4713737668411655,0.3844372721968327
SCG5,0.3130662940359441,0.384856413726812
ITGB1BP1,0.3462089979543155,0.3852477514820942
HOXD11,-0.2952238149991846,0.3853077634106027
CTIF,-0.3864966960553015,0.3854074667617174
PAK2,0.4308393708290512,0.3854330451209576
RFNG,0.1266615155909871,0.3856254360480912
TRAPPC10,-0.3738745438920619,0.3858950438182754
HTR5A,-0.1992886502322539,0.386095091121254
TYMS,0.4164888827665409,0.3862609015939064
C5ORF22,0.1799019155795953,0.3863341950394341
GLS2,-0.3217450746093178,0.3864593288411647
FNBP1L,-0.2968662934616137,0.3865109772651095
NPY1R,-0.5707756485369524,0.3865245581822443
TMEM5,0.2837721591933144,0.3868066347617982
HCN4,0.3143712251988093,0.3869616147961273
CLDND1,0.1660905448048435,0.3870009235961762
SCNN1G,-0.2661723223776047,0.3870866151449824
NDUFA3,0.1779162207187532,0.3871268506537141
PPP1R17,-0.3308455492348496,0.3871874110994743
COL15A1,0.1856694826361788,0.3873077270386367
PPP1R12A,0.1442006099235477,0.3874918880764721
IL5RA,0.5091364081487688,0.3878331386625901
THAP4,-0.0799614865006539,0.3878929245765415
NDP,0.6004422165965302,0.3880215928840787
PON1,0.3117450554422962,0.3886825620924267
NME6,0.1376417563418996,0.3890516394578484
LYPD1,0.3544191864200545,0.3891355458297819
ZNF518A,-0.3437973501303579,0.3896736618741047
MOCOS,-0.2435031787847164,0.3896744032037807
ICE2,0.1618560616161506,0.3896955220866616
LGALS8,0.2028848967858776,0.3897204672430701
HLTF,0.1983671319797775,0.3897448706351829
CRB1,0.3428127123241165,0.3897590905468477
FAF2,0.2703011936460893,0.3897852867906733
KRT3,-0.3699820996502545,0.3898480217502432
KIF1C,0.2460838876697133,0.3898867070368919
FABP3,-0.3753843225916382,0.3899625918174084
CPPED1,0.2008169758286442,0.389977870931887
KIAA0087,-0.4682197227797013,0.3900802019679984
ZNF484,0.438283407226911,0.3903866653703362
TLX3,0.4055183367133601,0.3905002048587648
ELL3,0.3012007049274698,0.3906007182302115
UBE2D4,0.1306313676793529,0.3908073258272617
UBE2D1,-0.459936131847404,0.3909003450403182
DDHD2,0.1162809114112217,0.3909276638856797
MRPL3,-0.1681836942675989,0.3909593543082573
PPY2,-0.4212821270528346,0.3911044513841534
GRIA1,0.4280458202509716,0.3912787599414244
TARDBP,-0.180660143111635,0.3913080393377059
HTT,0.2408244022818664,0.391371041280084
G6PC3,0.2551744960678359,0.3914037085668238
C16ORF62,0.1530558861609758,0.3914464847256458
CNKSR2,0.3138402541914367,0.3914538443601432
PMP22,-0.1186603487163644,0.3915269257627941
COG2,0.0631867307622506,0.3915342360527677
NLRP1,0.3490537364256285,0.3918532934911871
POFUT1,-0.3175941123032086,0.3921049524522641
S100A9,0.566758669978876,0.3928306383460092
KIR2DL3,-0.2860505086127451,0.3928657239833677
SOS2,-0.569953710705442,0.3928724879377744
RP4-621B10.8,0.6977296386775946,0.3933405898150776
RNASE6,0.1861373080949597,0.3938451457405508
CLC,-0.4533071906576511,0.3938564419659234
MAP3K2,0.2149302714372458,0.393905990120682
PANK4,0.106209798340382,0.393988643181379
PHKB,0.162588451417152,0.3943602702368017
ZNF83,0.2136116447662912,0.3945511193985119
CRYGA,0.380599777059889,0.3945942197985569
ABCF3,-0.124122798028198,0.3946001620769395
PMVK,0.1328753016260559,0.3946261208282026
FTH1P5,0.0936118332458217,0.3946391704401266
CARD8,-0.1508603779792103,0.3951348104715173
SHARPIN,-0.3040875836789807,0.39528799622388
SST,-0.4322245905285289,0.3955973148914899
LOC100506699,-0.2302540361028882,0.3958973713966646
GATC,-0.2569027287188454,0.3961984870073621
SORCS3,0.387903982580051,0.3962277258026676
HLA-C,0.2039359780027805,0.3964037142197411
PSMD11,-0.1774830957387614,0.3964117690542845
ANKMY1,0.395786081753732,0.3964520081756084
GPR3,0.3653647928610022,0.3964562639428742
GPR35,0.2492642247029923,0.3964586035730545
KIF3B,-0.1058405546517065,0.3964879595686051
HIST1H2AJ,-0.5590560123409833,0.3965128225674193
RHO,0.4659666507157531,0.3965954775084631
ELN,0.6948950993201066,0.3966749603636289
MKLN1,0.19203679737985,0.396719080128558
VIL1,0.3868061005253405,0.3968042202225368
HIST1H3C,-0.2064456014825801,0.3969988753916575
KIZ,0.6168696455294649,0.3971435974631098
POLDIP2,-0.0995314049286868,0.3972637385139951
ALG3,-0.1204222170163618,0.3973085743602634
FBLN1,0.4876146920456197,0.3973140567701153
S100A10,0.1241694873120273,0.3974185234192508
PRAMEF10,0.2922668583111156,0.3976478347852221
BMP2,-0.496592964529273,0.3976504323698955
IKZF2,-0.3845682216163126,0.3976900595241353
AGBL3,0.5072562831331067,0.3977278455208669
ZNF135,0.5831495434228344,0.3978111228134159
HIGD1A,-0.148507283215789,0.3978233633292018
FAM155A,0.2701183731250118,0.3978493647352698
TECPR2,-0.3546457483388101,0.3978621417763983
CHST8,-0.3188367063299964,0.3978903997436307
TSPAN14,-0.0844209440713008,0.3979088406195433
PIK3R3,0.2832765535739181,0.3980407515615241
APBB2,-0.5292419778707318,0.3980419160059184
TMC7,0.3234098283423936,0.3984330646299527
EYA1,-0.5101204492709979,0.3984902998414061
CD99,-0.1865748895975993,0.398583179312646
GALNT8,0.3081577501964423,0.3986199901775914
CST2,-0.2401771476485423,0.3988022958497755
TLL1,0.2424744920932253,0.3988349335008589
DSCC1,-0.2261226814170891,0.398861751844471
EDIL3,-0.4785146312218042,0.3990038545901323
PLEKHB2,0.2943444638002948,0.399081565769894
AIPL1,-0.1924118631007516,0.3991487385344204
SF3B3,-0.1198384076296665,0.3992213174532258
ANKRD55,0.2054316549033208,0.3993381043338467
TIAM1,-0.5086587860150651,0.3998015626763601
KCNA1,-0.3900472388329321,0.3999418947021738
PHF2,0.3329687784188695,0.4000453313677652
OXCT1,-0.1742903348393341,0.4002349452802304
PDIA6,0.1022035495446154,0.4002739591446788
C22ORF46,0.3147871580833001,0.400319652985536
NLE1,-0.2223060282591618,0.4003661808149099
ACTN4,-0.1717223736744362,0.4005952381978389
CROCC,-0.3157563899664142,0.4007727744397711
ESM1,0.3337759279951084,0.4007995804868469
PPIB,-0.0964842180137441,0.4008012025089071
WDR37,0.1327088975230523,0.4009629189617134
ZNF528,-0.2944165563609369,0.4011652765857361
ACYP1,0.255092443930212,0.401167202427404
SLC6A12,0.1333500538612195,0.4011868141560328
UGGT1,0.1859611889894559,0.4012916428102479
USP3,0.1143777625813289,0.4014350029333769
MYCBP2,0.1935773245068173,0.4014959266143506
MGMT,0.1859871391828793,0.4015201004896653
WDR18,0.2215242341749572,0.4015544440806992
SS18,-0.28423060109351,0.4016394883153021
AKT3,0.1336046737092218,0.4016634080394029
PRUNE2,0.1877192381568964,0.4016832526074099
ZIC1,-0.4540709470890931,0.4018330525908998
EYA2,0.3772702465297701,0.4019951644971317
SPATA2L,-0.1062603905413936,0.4020953024986295
GNAZ,-0.1877058192781042,0.4021898392309332
FCF1,-0.3583136857681763,0.4022886281031264
MYD88,0.1169995962785996,0.4023200735362877
PMS2L2,-0.3792201530784478,0.4025497915041592
TBC1D13,0.5204064405289843,0.4026593454317012
VN1R1,0.3384336404561106,0.4027185916304378
STX11,-0.5822877513637588,0.4027448493641813
POU3F2,0.3475188513708338,0.4027919587435383
KCNJ6,0.4827985170624149,0.4027923497937375
ZNF493,0.4434287629436371,0.4028076598725638
STAG2,0.1926848940382317,0.4029250625929421
SMPD1,-0.3944884506778452,0.4031018793203238
DSE,0.1394287590288652,0.4032350130455446
RAB25,0.2322186812758868,0.4032530189354359
STK25,0.1114306470120869,0.403489923069125
P2RY1,0.2537827033231181,0.4040166902992676
DHRS7B,0.1319135244147649,0.4040484085555818
SIGLEC5,0.442341865852871,0.4042160226441895
TRO,-0.6846986101776809,0.4042868243174239
KIR3DX1,0.4216674905873123,0.4042996379416234
RASSF9,0.2513849551182812,0.404387871828076
MIOS,-0.2626957684086806,0.4044441502291001
GABRA2,0.547341754070132,0.4046670894507466
ERI2,0.1261811577735283,0.4047542713340894
PIPOX,0.1619666040736094,0.4047700235881368
TPRKB,-0.1628937530401124,0.404830243483544
OLFML3,-0.2818571171394683,0.4048689160584369
CDK12,0.2027612772301408,0.4050144197071275
VDR,0.3289904074730714,0.4050269182534275
MAGEA10,0.18816540200373,0.4051335578207249
ZMYM2,-0.2570026066860125,0.4051994032738958
FUT6,-0.3039513883005815,0.4053477830567
CUTC,0.1668449158928791,0.4053745553748883
CLEC5A,0.3848978694338516,0.4053773030867793
SULT4A1,0.2010456845548915,0.4054106469276307
ATHL1,0.2869211576470292,0.4054132808906944
VWA1,0.4802845907082194,0.4057082856230642
CXCR1,-0.6413932874736887,0.4057554930222827
ABCA5,-0.2347210861799968,0.4057787531214881
SULT2A1,-0.3567884752748487,0.4058015898123022
LIMD2,0.5862414293735654,0.4058284077766444
FAM189B,-0.1563015871017654,0.4058783151259827
FECH,0.1772484636185236,0.4059799566259533
ZNF506,0.1889797016735297,0.4061251729823509
TBP,-0.1152699178316947,0.4063721455628312
CORO1B,0.5135657914355054,0.4063962639449808
ARHGEF2,0.1092386144841519,0.4064292713514324
MTMR7,0.5932380040998089,0.4064549645107521
FAM49B,-0.4810302654744811,0.4065601742165363
PHF20L1,0.4537620730630287,0.4065687661814483
CCDC144A,0.4006995572765701,0.4066319460367807
KLF2,-0.2057901124581622,0.4066397350066204
CPLX2,0.4033286837458223,0.4067182784100876
PLCH1,0.4020682925049024,0.4067611578770634
ANKS1A,0.1819777226828236,0.4068605519279771
F3,0.5787285372555546,0.4069007933995163
TAF4B,0.2257607338636713,0.4070068565543312
COL6A3,0.1003234746103789,0.4070202304008621
GPD1,-1.1051244148270722,0.4070680743666366
CNOT2,-0.432106820275818,0.4071082426244997
NFYC,-0.1817919347771548,0.4072025104086655
ASTN2,0.3676944750186441,0.407210175701001
BPIFA1,-0.1732433434549936,0.4073084638188118
HMGN3,0.1782155349831136,0.4073899625461166
RBM28,-0.1781330834559149,0.4074867475817728
ITIH3,0.4431984369475836,0.4075958437403868
PNMA3,0.2226829532756982,0.4076065004612746
PRKCI,0.2419364973762885,0.4077856804891784
NUDT6,0.3231640503184794,0.4079062941891924
MTRF1,0.2776340043898395,0.4079595978384429
MPST,-0.2384459051228198,0.4080436529151344
RPL35,0.0946461198067538,0.4081310081028717
PTK2B,0.4838602195646704,0.4081960074660916
ZNF473,0.1832099829105775,0.4083617869463601
ARSE,-0.1134367836775576,0.4085413201809463
IL22,-0.1468162092793772,0.4085550556545424
PHF1,-0.2652375578185966,0.4086154958388012
MYH1,0.4431941970127675,0.4087538812331007
PEG10,-0.5083585914349769,0.4088337235476732
MAP4K3,0.2419044648012001,0.4088347657376234
EIF2AK1,0.1822166703360208,0.4089276186504654
C14ORF79,0.2198044078676835,0.4091071445722928
TSSK1B,-0.2796654503118363,0.4093151862573352
FAM127A,0.1599531884415448,0.4093892274114395
GATAD2A,-0.2151117006810281,0.4094015541393794
TAAR5,-0.1915105073264911,0.4094590772879442
CTSL,-0.2843538610281495,0.4094743339630925
VWA7,-0.3550306313322018,0.4096403768329873
CHCHD3,0.150427925328314,0.4096639047622507
PCDH7,0.4891342296891672,0.4097857486388243
ADK,0.1767692945987882,0.4097917459077443
COL21A1,0.3947742112080945,0.4098603974732991
CLEC1A,0.1741876447855928,0.4098771429994665
UBA2,-0.2349094542882088,0.4099997321979677
VHL,0.2796686105493178,0.41004905010125
FANCA,-0.3164907668783918,0.4101455684418358
GSG1,0.2067652552719021,0.4102808969768168
ACAA2,-0.3464380207977244,0.4104541412690429
RNF216,-0.1954091799461395,0.4104688519589015
ZNF217,0.2480409861023744,0.4105067497410989
GNA15,0.1974115231191699,0.4105672637860035
CXCL3,-0.8785127412932825,0.410585802060088
BHLHB9,-0.1472661553812626,0.4105948414113725
TBX2,-0.4164952102327328,0.4106201640370185
ATP2C1,0.1778933174229342,0.4106644288607824
ATRN,-0.1677851279128095,0.4107214589998805
LOC100506504,-0.1737201319863039,0.4111022534084381
ABHD17A,-0.0823885470132914,0.4111182268530347
TRMT61B,0.1476262168634772,0.4112654709754871
CSRP2,0.274269943481892,0.4116196754080766
EGR3,-0.3924000638164653,0.4117124410973201
PHYH,-0.1995200630892153,0.4117735898519358
MARCO,0.438738577688083,0.4118628436231786
INSL5,0.3560722718419136,0.412003501325297
SLC52A2,-0.1877263500142136,0.4120035793590807
PIGQ,0.1639290722650264,0.4120757428104309
RPL37A,-0.3850176722168736,0.4121152207960161
MMADHC,0.0798090585563162,0.4121349698375101
CLMN,0.2189955256817217,0.412209956820856
BCKDHA,-0.1471142398440843,0.4125071407264284
MORC2,-0.1505301946013997,0.4126283537269139
MICAL2,0.4162993604546816,0.4127290100553915
SUCLG2,0.2033233433015553,0.4127607420618235
NRAP,-0.3830760528874091,0.4128754662151203
PEX1,0.3170559342406269,0.4129826185892855
AZGP1,-0.6979955284612274,0.4130151063683075
SPRY4,-0.1726408509247878,0.4131626794217783
NPAT,0.4576256406776107,0.413290661458673
PRKCE,0.2583497312725651,0.4133439731675351
GPR173,-0.3822357875758957,0.4134098859270831
C9ORF9,-0.0984333610319305,0.4134598567338704
CDK19,0.180220694076628,0.4137339897773602
KRT13,-0.3605785609088423,0.4140401865063581
SPATA6,-0.4580229096782116,0.4141148224210918
MDM2,0.3121343208859484,0.4141819000940525
SENP5,0.1649421418813501,0.4142143325535703
MPP1,-0.1381927896328392,0.414256812315599
RNF220,0.1232418174850025,0.4143002775698393
KCNA10,-0.3013436597384902,0.4143337617683524
MBNL1,0.5689173558633835,0.4144155253050638
SIK3,0.2115840783375349,0.4147865025147145
TGM1,0.2813316384599984,0.414856140089191
IMPA1,0.120594431214279,0.4149071032141073
ELAVL1,-0.1485108947265629,0.4150671435391886
CHRND,-0.2488931472416724,0.4152775383628555
ANP32D,-0.364865339104711,0.4153099068815246
KLF13,-0.5683210784739963,0.4153519803725332
ITGB1BP2,0.2145570603063196,0.4154730439124299
OR2J2,0.3492685467887741,0.415555492805343
CLEC7A,0.2817719084530274,0.4155761774658698
TMEM230,0.1613098754223898,0.4156731141898787
DNASE1L1,-0.1122751956965366,0.4156732924534513
ENOPH1,0.1570759821894807,0.4157830596831296
EHHADH,0.3925140226819206,0.4157841693503943
RPRD1A,0.2580698022220087,0.4160276701215636
CENPB,-0.1429196265175107,0.4160953215570608
KPNA5,0.3896779766539513,0.4161024826895086
COX7C,0.1486259482049519,0.4161067093377331
GLRX2,-0.1047387999042506,0.4161409584404222
RNASE1,-0.3511693455465918,0.4161858265011367
SMARCC2,-0.130255225768586,0.41624990752546
CCP110,0.1374119763497425,0.4163222314493185
CHM,-0.3705427755063315,0.4163553197325066
GIP,0.1656532658529719,0.4163583960289082
SOCS5,0.2313151848846395,0.4166992934549572
LONRF1,-0.174805831878273,0.4168298872436675
HSD17B4,0.1620716087913134,0.4168308772790157
DOLPP1,-0.0848846457130729,0.4168665990452275
MBNL3,-0.3542520445135535,0.4169759006238716
BGN,0.4776077603240303,0.4170867624053376
MSTN,0.5014672197051939,0.4173176745322576
NRL,0.3126963258980071,0.4173456860654327
HEYL,0.2545305795607104,0.4174342916506705
TP73-AS1,-0.4027866539446858,0.4175421500979112
TCEB3-AS1,0.3388011423603378,0.4175506631628638
SLC30A4,0.4351347322012886,0.4176264275138136
TAS2R10,-0.3201926127825389,0.4176703487036708
NXN,0.2808141037274723,0.4177752604152646
IFI44L,0.4133736559000187,0.4177872181079776
TAF12,-0.169881656829161,0.4180608671180267
PRDM14,-0.2707132999038188,0.4181419367168666
GATA4,0.3342279549466473,0.4182118186620224
HNRNPA3,-0.2064759836192831,0.4182171673255921
NMD3,0.1483918615640878,0.4182739434224367
PRDM10,0.2563747488478274,0.4183023680517793
RALB,0.1786412219656021,0.4184666289639422
SEPT7,0.1440147780185965,0.4186308601075262
NSUN5,-0.1265748095601289,0.4187521344431492
TASP1,-0.1690428273821345,0.4190082079048479
DHX40,0.1233497413236719,0.4190429633227173
RBMS2,-0.3020957617927564,0.4192293123602653
SETD3,-0.0732355370708095,0.4195540357422888
SPEF1,0.1543570144891948,0.4197150342655193
EVX1,-0.2742109340507905,0.4197545302181318
MUC4,-0.5533372388328885,0.4201945567883618
TKTL1,0.3701611432519094,0.4202737558427497
MLN,0.1561282093326124,0.4203460585055275
AXIN1,-0.1325630385371674,0.4204047212348131
ST3GAL2,0.3351417733983295,0.4204684549374627
IDI1,0.1731707679821053,0.4205714598478323
SCML2,-0.156531643702297,0.4206720418070533
DLGAP4,-0.1805653211991602,0.4208045476277191
DNAJB12,0.3335840067409572,0.4208659522355515
CYP2B6,-0.3348885235609686,0.4209300454980298
SIAH1,0.1518621971086409,0.4209818128076774
MPPE1,-0.3209615404503356,0.4213688614109316
HSD17B14,-0.1385310263663095,0.4216372067662932
MNX1,-0.3240466556612471,0.4219782306069654
FCHSD2,0.1073992597460762,0.4220514793912733
SNTB2,-0.4548240878215397,0.4220745972968259
FAM65B,0.5200939992717055,0.4220919421692964
BRS3,-0.1726397997763191,0.4221496083821828
AKT1,0.1112564943063265,0.422295163570467
GRIK2,0.4763673633582996,0.4224982864378327
FRAT2,0.2467669074444511,0.4225548261578557
MED13,-0.08654179993494,0.4225873776798081
GPR75,0.3449925840567385,0.4227967066047238
ROBO1,0.1401348392591543,0.4229176715258421
CYP2W1,-0.3414865857848417,0.4232823457675568
TFDP1,0.1875633056280383,0.4233698946930886
KRT36,0.2202208756597086,0.4234702971252675
DLK1,-0.3397014095053174,0.4236664928274226
C14ORF93,0.2147386236315434,0.423668184194021
ATP5I,-0.1579870763119029,0.4237728792633279
HCG18,-0.4052797049880086,0.4237744746561996
UNC13B,0.0968558724448023,0.4238442093487804
NOL9,-0.1081750142429829,0.4241465378211566
CTDSP1,0.1065318210571728,0.4241873497555803
NEUROD6,-0.1915855250535543,0.4242172528100054
DOCK3,-0.2302707177771989,0.4243323015137649
PPAP2A,0.2701352360783406,0.4243678679458078
FUBP3,0.2464031229375862,0.4244196089593096
ATP8A1,0.3507592426017751,0.4244212243344558
LYZL6,-0.1414933345909999,0.4244394551412795
HPGD,-0.3364195899760682,0.4245349563319934
KRT7,-0.5708063584518013,0.4246639701498869
SP110,0.1273406318281864,0.4247817186380926
ACTA1,-0.3476343216705615,0.4247831243943348
TAF9B,0.3761365052561931,0.4248781581234026
TRPC2,-0.4861095154714228,0.424904864074686
SAP30,-0.3502642660351158,0.4249713030396826
RPP14,0.1065443244485191,0.4249887868568607
LMTK2,-0.4238264030425451,0.424992633972339
XPNPEP3,-0.2408490618605245,0.4250956671901011
AKR1B1,-0.1955420334605069,0.4251376226190086
IL12RB1,0.3531058341494431,0.4252068356662622
ASB9,0.143730370229032,0.4252612348570463
MAP3K12,-0.5044942879660628,0.4256561870211495
VPS41,0.5066259708173497,0.4256987648466201
MICAL1,0.2381463633216665,0.4259429955955511
FXYD6,-0.1748319862158158,0.4259620232212319
PDGFD,-0.16574833679757,0.4259625719534555
PRMT3,-0.203040313593168,0.4260138798287948
CCT6B,-0.1598326177830609,0.4260388452381465
GPC5,-0.5881156147388591,0.4261181889155594
RNF2,0.135909349380034,0.4261237274684238
TEAD1,-0.1825018519472028,0.42622975384084
TRIB1,-0.3094564038462675,0.426290809050167
GPX5,0.3058574835038117,0.4263128994613476
ACOT9,0.1125601990612974,0.4263254944579749
IL37,0.2831675495837502,0.4263745011124908
PRKAG1,0.1053414939058789,0.4264363966595196
ATPAF2,-0.1738717515720624,0.4265253583303924
PLCL2,0.3235197004184664,0.426611978661446
DNAH6,0.1372241614257268,0.4266612019229257
ACTL7A,-0.2211874383974383,0.4266870784647418
TMUB2,-0.1045769170600436,0.4267504478274702
ARHGAP17,0.1224023866336736,0.4267617476277139
GNB5,0.4188179584800791,0.426799668377756
KIF3C,0.1849166110919675,0.4268665555693592
FBXL12,-0.0565124753862456,0.4270389801524622
HERC2,0.1162263262876059,0.4270876667588585
OXCT2,0.2809329575060451,0.4271242770123583
CHPF2,0.2031447435148656,0.4272816590155874
TRMT112,-0.0702253941817563,0.4272860782422463
RUNX1-IT1,-0.5848184348091632,0.4273433409169425
RRP15,-0.3566767070720793,0.4273779501580547
EYA4,-0.3817953942175371,0.4275014009047395
VSTM4,-0.2467771454205891,0.4276069146440129
OSBPL2,-0.1282579324060933,0.4277770062330416
ADAMTSL4,-0.182623573308434,0.4277905857733313
PRELP,0.4703058911567055,0.4279273325550397
NPY5R,-0.1489093574940359,0.4281761778263513
TSHZ2,-0.1825116708508991,0.4282386428983826
GCNT4,0.2439704520948176,0.4284545279778854
CD1E,0.6362838145235541,0.4285108688506812
TTC28,0.1482626813844518,0.4286865501843159
MAN1B1,0.2475107939847056,0.4287267451498615
PHF21A,-0.0834145687256828,0.428951825471709
PTBP1,0.1108354307639061,0.4290097066264055
CERS2,-0.1333074095461608,0.4290253464168281
PC,-0.4044017860506965,0.4290701455853432
ISCA1,-0.1579268496436778,0.4298106231099088
C1ORF56,-0.2295460759562653,0.429825198735818
PCDHA10,0.3724657558239999,0.4302558916754996
ABL2,-0.1607139684820486,0.4302652080315426
B3GNTL1,0.3836436683225348,0.4302995973903203
SKP2,0.2970243187625847,0.4303599713746942
KIR3DL3,-0.2050455370592852,0.4304125431980892
ATP5E,0.1126854819396268,0.4304213520059767
DDRGK1,-0.0748256856033844,0.4305153833095692
MAP7D1,0.1001809048979627,0.4305574553304659
HNRNPA3P1,0.4887517081051591,0.4306284097890687
MYCNOS,-0.3610677902034895,0.4306446987224914
MITF,0.1700500131460156,0.4306941383593355
SLC17A3,-0.1592381739610546,0.4307250533246948
CACNA1G,0.4239607613014753,0.4307985609580606
LIN28A,0.3963656822586863,0.4310981929150157
ST20,0.3092301145098348,0.4313440840547091
LTB4R2,0.3468671816912776,0.4313726871196741
PRKCSH,-0.216912915200675,0.4315827732557589
TXNRD2,-0.3905395779003964,0.431724340123542
VWA8,0.1664910456789829,0.4317402023738091
EMX2,-0.5413225971563866,0.4319030438840341
LILRP2,-0.2186061806434436,0.4319427254373419
TTPA,-0.498219821226403,0.4320662470915244
SC5D,0.3884081289782362,0.4321294753041976
AHR,0.3107267404386036,0.4321295911515345
WDR77,-0.2003451818630388,0.4322273895737735
DNAJC8,-0.1786330870044512,0.4323238605967383
HIST1H3F,-0.4367505313842303,0.4325583530645599
MARK4,-0.2996770620520408,0.4325638531679312
PTGIS,0.4235289965212097,0.4327205260815615
RBM15,0.1286534451240264,0.432750274540126
PMCHL1,0.3125503433290446,0.4327904729953852
MTMR11,0.1732000432454246,0.4327941070876113
GCC2,0.1188996474920749,0.4328383891801556
LEP,-1.097802738866248,0.4329041272842768
SMPDL3B,0.4081734272774497,0.432917851118018
ARPP21,0.3647450401675338,0.4330243093830779
TOP3B,-0.4357527546951871,0.4332240405151773
STT3A,-0.1752451659711305,0.4332270277944112
KIAA1467,-0.3474263247658218,0.4332941111449878
DLAT,0.1792249221443143,0.4334040780073087
ATP6V1B1,-0.2622273622399551,0.4335541863249391
FAHD2A,0.184641864243046,0.4336329864668394
RNF25,-0.280940066358279,0.433700342772286
NEK1,-0.5572624618670496,0.433756238409074
LRRC49,-0.1498066550434353,0.4337931186747009
TMPRSS5,-0.2209744518645271,0.4340348881345824
OVOL2,0.3846964738917036,0.4340878392592504
LONP1,-0.1280356446302075,0.4341921092769948
DCTN4,0.1151277623682602,0.4345690063913353
SUV39H1,0.0742020013572162,0.4345847836415972
ABCB4,0.4041949824038635,0.4347162160655213
RRH,-0.1982944952387386,0.4347458917818382
SHANK2,-0.457189605128212,0.4348082967549769
ARHGEF7,0.1321384274096644,0.4348318333075582
PIP,0.2784992212856485,0.4349422239328146
MGAT4C,-0.3461680063427748,0.4350252509337453
PPAT,-0.2159789763651156,0.4352057969759621
SSR3,-0.1549049178152941,0.4352176129146874
SIGLEC9,-0.4601120672591436,0.4354376316879909
DUOX1,-0.3630302419957161,0.4355188234835321
KIAA1598,0.1630639380228764,0.4355231803519111
ART1,-0.1482461806795454,0.4355651916631888
KRT6A,0.404272401470104,0.4356108847351796
ZPBP,0.4134888767810976,0.4357362786664369
KCNH2,-0.1807400523716822,0.4360420530804026
TERF1,-0.1095920259180935,0.4360655463925401
EPX,-0.2301220677809254,0.4361640392084312
CRHR2,0.4109214717322595,0.4362023802446303
TSC22D3,0.4994870418144135,0.4363703150414657
LILRA6,-0.2344181196942241,0.4363919042349883
ADAT1,-0.0847673723048245,0.4364550627131732
CRLF1,-0.6268526494094413,0.4366171760277588
XAB2,-0.2169141672606436,0.4366471748292622
RRAGA,0.0864756240272708,0.4369293978095964
GPR22,0.316321293908214,0.4370166370677009
GS1-111G14.1,0.2602445897803758,0.437136767985428
DOHH,-0.2964874528245085,0.4372260475776773
IQCA1,-0.1297198519482529,0.4372485549020299
KANK3,-0.3228156230143533,0.4376525738499991
LY6G6E,0.483693775601826,0.4376897680768304
AQP5,-0.2522530300897783,0.4376946566105037
GLUD2,0.2298053618820974,0.4379408513692865
RIBC2,0.3121022692279045,0.4379532738873475
ERBB2,0.4141318085967551,0.4379698981440626
DOC2B,0.3294566031695058,0.4380449159151667
POMT2,-0.1690459287326158,0.4381047051693176
SUMO3,0.1516433985711653,0.4381520936630722
SLC25A20,0.1118912892702521,0.4382036963337651
MFAP2,0.4048263508000485,0.438206991545951
PNLIPRP2,0.3046324344029276,0.4383873905414961
FCER1G,0.1873738009908905,0.4385632036592634
UGGT2,-0.1345882668285867,0.4387434879337147
ILK,0.1502040961323878,0.4388904783038513
C1ORF61,0.3830574651622731,0.438908869914444
MRPS18A,-0.0966881119483655,0.4389591904229117
SEMG2,0.4663758245686358,0.4390423129007916
AIMP1,-0.2237120068830318,0.4391510418712477
FAM134C,0.1366065930177082,0.4391868470856556
CCND2,0.2300124310646945,0.4392827896507349
ADAM18,0.3812237513115493,0.4394080939160988
RASGRF1,0.3586659190800487,0.4395010219662837
FOSL1,-0.5680159287398734,0.4395096672062075
AADAC,0.2305845813351026,0.4395263601981725
PCID2,0.0804729584510237,0.4395945739222525
TP53AIP1,0.4321587792973251,0.4396023410350166
RRAD,-0.5720404377334569,0.4396641407465849
CEACAM4,-0.1478598265072124,0.4396687906514147
ANXA1,-0.0766063504791692,0.4397395676362168
UTP18,-0.2152206728080292,0.4397811326553251
PHEX,-0.230169096647737,0.4398765049699236
PPY,0.1186288428661859,0.4399782818110646
SLC13A3,-0.3502660470967802,0.4400378579116684
DNAJB2,0.2057560059911178,0.4400702475340091
FAT4,0.3289824837354747,0.4401132861816745
HUNK,0.1599263433301683,0.440229754532319
HIST1H2AL,0.3701625449290819,0.4402931952987474
PIGG,0.1163770892915234,0.4402997703686357
KIAA1549L,0.1542196011055283,0.4403397849737597
KXD1,0.2038558465139575,0.4404160708513673
FBLN2,-0.3895928582201406,0.4404727536079315
APEX2,0.1563471317989009,0.440479799431939
CD28,0.5327985364304197,0.4406023979852184
CHCHD7,-0.1075640608590564,0.4408582717199424
CDK5RAP1,-0.1086036408606467,0.4409791933237197
CD97,0.2269587564342199,0.4410947389133929
ITSN2,-0.2517436835226467,0.4411453260024929
FPGS,-0.11804180204245,0.4411783010121766
KANSL1L,-0.2101230267656371,0.4416370329185177
EXTL2,0.1280115981008371,0.4417448478126894
GFPT1,0.142618418505787,0.4418098702695872
SLC9A7,0.4163445662781848,0.4419410280232863
SERPINI1,0.1685769199478812,0.4419643708784588
RIPK2,0.3683367810328954,0.4419852553358561
IFNGR2,0.0915255622960398,0.4420428897281723
IL19,-0.2610627605527558,0.4420526967740228
SLC22A11,-0.1503858766905619,0.4423848212812932
GNAT2,0.2097357779384072,0.4423993374845533
PRSS2,-0.3240682756984858,0.4425257867089015
NPFFR1,-0.2051242138418807,0.4426952180070934
SIX6,0.3533294966373548,0.4426998377330954
GEMIN7,-0.2971777576355912,0.4432808843396514
SAFB2,-0.1479475216753289,0.4433890285916116
SERTAD3,-0.148497065391945,0.4434416783825972
KAT2A,-0.1151448387749329,0.4434590323664081
CBLN1,0.377436596917919,0.443482214669295
ST13,0.1730479229268429,0.4435103074425087
DEFA6,-0.2779302717602712,0.4436541760439297
FOXF2,-0.2267680816750275,0.443714351487977
NUDCD3,0.1958169752543099,0.4438116606070781
CALB1,-0.3102045990546527,0.4441264208608865
PCNXL4,0.3572060825028207,0.4441306717576501
PSMC2,0.073317275106616,0.4441857713361802
SV2B,-0.4557107952903791,0.4443198051059041
GABARAP,0.0859926265159991,0.4444477416127538
COASY,0.0719921140347956,0.4444909765315628
SSH1,-0.1113031580873507,0.4445119738818833
RALGAPB,-0.1294152045976009,0.4445196316967116
APLP1,0.1384868327694151,0.444553820496805
CALCOCO2,-0.1145159265974786,0.4446376044843312
LILRA1,-0.3091538637501596,0.4447466965263762
CLN8,-0.451372982090664,0.4448038161492678
DNTT,-0.1781437036260493,0.4448494076004829
DOCK4,0.1470207520392197,0.4448983076982213
FBXL8,0.4761423776511524,0.4452641206001189
EYA3,0.2222463719223224,0.4452993662068958
SRY,0.4201822338426249,0.4454573246240813
HAND2,-0.1427522313079552,0.4457446708586385
CTNNAL1,-0.1936936147108099,0.4457744867241694
PEX6,0.6703690724875218,0.4459258466530482
ABCB7,0.108812036318822,0.4459475783560512
TMEM38B,0.2697121110956839,0.446027133249923
ENOX2,0.2124840631987332,0.4460338816869357
USP7,0.1966180544218758,0.446038735260511
PTPRJ,-0.4339154872680462,0.4462473705694266
ATP6V1A,0.1776409998966031,0.4463086298740953
SSTR4,0.2849017408551004,0.4463200916785062
SLC22A14,0.1188637138093966,0.4463633505571986
COMMD9,-0.1419976744296889,0.4464017585368494
GUCY1B2,-0.2598634705053428,0.4464535754002645
TCEAL4,-0.139285208841434,0.4469285565071571
COQ6,-0.0726709821894084,0.4472694722350499
BCHE,0.2936420101533397,0.4474864832784496
LRP3,-0.1432514979219181,0.4476852482783518
CHRNA1,0.3560256215654611,0.4478121743441156
MEA1,0.0793034380182451,0.4478559501862149
S100A4,0.135689287216568,0.4478898098930349
APOOL,-0.2698632431927006,0.4478932452712951
NAIP,0.2508525413105715,0.4479759405527976
MAGED1,0.1971122763837787,0.4480083962408709
AGBL2,-0.2650995719692925,0.4480272351004225
TTC27,0.1303565883432131,0.4481638665399666
ADRB1,-0.4178869440891364,0.448204510417848
HIST1H1C,0.3001034362561556,0.4482746677752289
LAMC1,-0.1339844475455844,0.4483186124389634
APPBP2,-0.253095023401845,0.4483303215428116
RCOR3,0.1729628019166922,0.4483824989082195
CDYL,0.4985028714043444,0.4485154481791612
PNPLA6,0.1963446284046206,0.4489231045637853
SLC4A1,0.1697291408712971,0.448932305442393
C2CD5,-0.1956341002068438,0.4490158511277932
ACTR1A,-0.103450572642247,0.4490960573484428
ASB7,-0.139458332829105,0.4491420899535436
ASMTL,0.1405449086138777,0.4492624083114533
APOL2,-0.1543261523718806,0.4492699138421085
CNTN6,-0.4301665236271805,0.4493304697433163
ACE2,0.4578024641436058,0.4498050220373435
TAF4,0.2511165948334635,0.4499071678518113
RIT2,0.4924234976320485,0.4499817517855916
RP2,0.1977022814649114,0.4500209462073242
NFATC3,-0.2729373321722095,0.4500435262492548
EPB41L3,0.267272139801209,0.4501674162728063
FDPS,0.0935496687016463,0.4503574466752199
JADE2,0.3972572056441747,0.4505170004786802
ZIC4,-0.3022915030386963,0.4505437536448957
CCS,0.1428870224817799,0.4506028972070431
KPNA1,-0.1911975316052405,0.4507870375022457
JMJD4,0.1741656113016203,0.4507945493124999
KLHL1,-0.3375495435641555,0.4508680793637007
THEM6,0.1459359158602913,0.450965460012462
E2F2,-0.3173025632043225,0.4511370219015243
TRIM33,-0.4236219007047763,0.451438606311055
IL1A,-0.3557253341902315,0.451557253782025
HOXD10,-0.2682241378033492,0.4519295728757547
MTRR,-0.159268566218798,0.4519596183456539
NIF3L1,0.0686226368256015,0.4520449916821931
MAPRE1,0.1083406472881272,0.4521006392572316
CNNM3,-0.1003978664026608,0.4523740978536211
RRP12,-0.3869849266988163,0.4524634835251733
MARCH2,0.1394698281578996,0.4525866027819571
LARP7,0.1392110020391728,0.4526444738915129
NSUN7,0.2761219887230757,0.4526913060512728
TBC1D10B,-0.0814655351475437,0.4527642945278402
PFN2,-0.1173333205463134,0.452778143354313
PAN2,-0.2557133806245124,0.4529165995502769
MICALL2,0.1638769530450874,0.4533257702047532
C1QBP,0.1920109745128364,0.4534394806668414
PAGE4,0.3185392481033187,0.4534946127223293
EGF,0.2896677629693531,0.4535234741215499
TPP2,-0.1493761239596764,0.453535400940795
PCSK1,-0.6676936373624924,0.4535510291994221
TGS1,0.2333786221252989,0.4537269352020863
CCNT2,-0.1640752871182451,0.4537767129360718
TMEM184B,-0.0999719493101718,0.453794360828522
CATSPERB,-0.1662113474124584,0.4539380603306998
GABRG2,-0.3699719865437751,0.4539793252319156
CCNB1IP1,-0.1333806624225761,0.4540770398478789
DUT,0.1777810942398456,0.4540971717920483
POPDC2,0.1951519359890285,0.4542329286227887
BID,0.1577347868706002,0.4544916961522002
CENPT,-0.1581863537311871,0.454493169093316
ATP6V1G1,0.0944484309143653,0.4546974168027915
COL4A4,0.1182341671269626,0.454714845381754
TCRBV12S3,0.334720415490132,0.4548689008415951
FAM149A,-0.4945311323992039,0.4548740684503213
ARL8B,0.0589227965776917,0.4549890243838058
THAP11,0.1079964435308369,0.454998277811792
PIGP,0.1378985462857134,0.4550717950900428
PPP4R4,-0.4448136059362375,0.4551163966501031
DUSP21,-0.3257307708604093,0.4553787346755615
TIPIN,0.1037782098068573,0.4554871767232788
ROR1,0.4194608619767228,0.455814552511385
CP,-0.2917840073121471,0.4558571668763097
SLC43A3,-0.1590734972639467,0.4558637922353069
RHAG,0.2409447409433314,0.4559119470432273
SEMA6B,0.2311124000247879,0.456052747843205
SPATA6L,-0.2877357170474939,0.4561169586489109
AQP8,-0.274564986072682,0.4561933218830599
NUSAP1,0.5063776113182863,0.4562917943504946
SURF1,-0.3201431847994547,0.4563889912734048
PCM1,0.1634197483700403,0.4565451853072113
PAPPA2,-0.2868772847569492,0.4565594558434891
MAP2K4,0.1298889741758078,0.4566070680642055
DCHS1,-0.1588779644878286,0.4570278461333752
KIR2DS4,0.1576743988018409,0.4570896686563049
TPPP3,0.3963078807940547,0.4573653062002192
TMEM80,0.1587105193516258,0.4574856654582224
GHRH,0.2444528881332948,0.4576181656338985
SH2B2,-0.150546919773058,0.4577947588440453
MIER2,-0.2913314615069264,0.4578053913313791
MAPK8IP1,-0.1797096157499105,0.4578121715941125
MTCL1,0.2192251047953624,0.45788201291427
COL7A1,-0.3037406313393962,0.4580143782645469
RRN3,-0.2669605281494744,0.4580756215391864
GJC2,-0.3650206240533462,0.4582602194651524
LRRC19,0.3270299838237394,0.4586272202099717
ACTA2,-0.2294048953559402,0.4587099840632468
FOXI1,-0.353354175325582,0.4587953885111476
CEACAM3,0.3507220584723436,0.4589491688126031
DBH,0.1281605869376711,0.4590239799703969
MAGEF1,0.1258754595482383,0.4590570787229449
GNG13,-0.3156731665643217,0.4591461505600998
COL8A2,0.2841722985711783,0.4594517554357146
MKRN1,-0.130768725412798,0.4597910499863362
BRD7P3,-0.1885486409790253,0.4598287508953367
MUTYH,-0.0774964623190594,0.4598862183087254
SFRP4,0.4468075959960984,0.4600312693988242
PRAME,0.2291275992357615,0.4600744843368269
RPS3,-0.0650983174637946,0.4602013510514591
CDH12,0.3829346858433151,0.4602241242654675
UPB1,-0.2899532430137856,0.4602399439852641
TMPRSS15,0.3253175771522931,0.4602881277912872
MECOM,-0.2968464053560367,0.4603275303216138
AGK,0.1465174438667356,0.4603560191448322
SLCO1A2,-0.3929184547009816,0.4605319284320877
DNPH1,0.2604844081945989,0.4608876110056418
LOC157562,0.3348622439438591,0.4611112350389618
CPE,-0.2938543979119448,0.4611341050031642
UBE2O,-0.3641988668028642,0.4611351550276942
TDRD1,-0.3314126449946295,0.4611438461140645
FLJ11710,-0.2293000463294516,0.4612134763407231
TEX11,-0.2455174914159297,0.4612518157612947
CD9,0.2172522900663285,0.4613610617710981
LATS1,-0.1957753341862425,0.4614335152804481
ADCK2,0.3698769898645349,0.461508483005857
COL11A1,0.6337098369678884,0.4615396398218949
SLC50A1,-0.1653988453522679,0.4615611499085502
C4ORF29,-0.1451891208570304,0.4615879472449696
FBXO3,0.1380132669563583,0.4615974557514969
CDC73,0.2329275437732025,0.4616580410511834
TFPT,0.1790317911231724,0.46171408878017
PKIG,-0.0839483737326904,0.461720668056585
MED28,-0.1570258617268383,0.4617404139395108
NUP98,0.2671870871503685,0.4618625226055917
TSPAN5,0.3374438385184826,0.4619742617883343
SMIM2,0.3743529990753202,0.4620154446303432
COPS3,0.1185704866718406,0.4620752188415313
ENDOD1,0.1535935726161028,0.4621203241656812
B3GNT4,-0.1385924311945885,0.4621461042821196
SMURF2,-0.1381452291582814,0.4621677506758702
NDOR1,-0.2052179907260534,0.4621733574090275
IFNA10,0.3939913798637029,0.4624730372527807
HIC1,-0.5484236993043039,0.4625367624661586
RAB8B,0.1414105494979889,0.4625963025186491
ATP6V1D,-0.1293953163327037,0.4626848078018706
TTI2,-0.048987583920546,0.4628428814277223
PIGH,-0.1761786893543888,0.4629552375417037
GLI3,0.1629250065080771,0.4630060955982371
TACC1,-0.2029791520403709,0.4633942678506466
CAMSAP2,-0.185578291873627,0.4634814865233571
SUOX,0.135840221943372,0.4634901027940185
HIST1H1T,-0.3207103450330324,0.4635283761907584
CSN2,0.1782601057943837,0.4635451617851998
WISP2,-0.3573691932636933,0.4636228647374827
MDN1,-0.1607926142545359,0.4636499651861209
SRGN,0.2402487387131078,0.4637394876297741
SCN3A,0.5414021670045832,0.4638555916804169
TAT,0.3941094207819633,0.4638593438560997
HIST1H4H,0.1482493606371466,0.4638868596629308
TAF2,-0.2369357245872301,0.463989669477767
PVRL1,-0.2546174660575833,0.4642099251810249
MYLK,0.3299454058296724,0.4643503932725328
MORC3,0.1949465643043506,0.4644411225692708
FOXN3,0.2085365907622929,0.4646424639725017
HOXB8,0.1943472011354874,0.4646983885249466
ZNF814,0.4334273317632,0.4647189463162361
CYP2J2,0.2285901535101118,0.464935832156123
ACAT2,0.1087091634098751,0.4649774954145734
EDN3,0.3529578480347677,0.4650078501041443
BMP10,0.1366995332275236,0.4653449917380688
GM2A,-0.6232160994635647,0.4656149880783971
HSD17B11,0.1191274416031706,0.4656708049728539
NT5C2,0.1798294878413937,0.4657788832369641
CMTR1,0.1193008615495205,0.4659007492681663
THOC7,0.1544694698176183,0.4665562024627377
TM7SF3,0.1623563523396578,0.4668895416148
TLR2,0.3364831110620585,0.4669131214465937
SCGB1D2,0.1516472044911858,0.4669649029721616
NKX6-1,-0.1611658189090654,0.4670320727071586
PITPNC1,-0.150404277137877,0.4670734915667227
CRYGD,-0.3349568862988299,0.4671252509760494
ERN2,-0.3751531084469421,0.4673766317977885
HIST1H4G,-0.2380557707263824,0.4675545858324407
DONSON,0.1238022452202596,0.4676048389422818
IFT74,0.287419239359989,0.4676364569694208
RPAP2,0.1924299805921565,0.4677211547145478
ALAS2,-0.1941801954740398,0.4677324905039905
ZNF862,0.4042182112818464,0.4681820459260959
RGN,0.1894330762776412,0.4681997040960794
SLC22A2,0.2754402317855344,0.4683074634755344
CLU,-0.2787940793051859,0.4684062644246088
ARL4D,0.2807561784396091,0.4684658861585073
SIRT2,-0.111589731621585,0.4684807380229975
SLC35A2,0.1306876585597631,0.4686777061633974
PCDHB17,0.3219494910389078,0.468898975839271
TEX10,-0.1392640294847016,0.4690307344981547
CYB5B,0.2043577886351162,0.4690327024664469
C11ORF73,0.1586787689280342,0.469252352977245
PCGF2,0.244097760213382,0.4692673194084492
HCLS1,0.1523988693314653,0.4693955287261336
FXYD7,-0.1557314121354727,0.4694276065313783
HPS4,0.1298634916705401,0.4694318215726334
ALDOB,-0.3751122955029737,0.469467402618256
MFSD11,-0.1131159807382351,0.4696130639234275
ACKR3,-0.2434501600501342,0.4696231928300224
DUSP6,-0.2134332103915888,0.4696522964264706
ERC1,-0.1861376026625709,0.4697679199126172
EDA,0.4076067835779313,0.4698932960962895
PRIM2,-0.196749144730175,0.470371107723241
SND1-IT1,-0.3908605140914343,0.4703948436578998
EIF3D,-0.0681627457486691,0.4704044264186936
SERP1,-0.1182486394411892,0.4705064532324779
ITPK1,0.184158085366235,0.4705861341942789
ARG1,-0.270328303295833,0.4706306482152032
CST8,0.1969406716439907,0.4707555092949731
STAP2,-0.098879447137147,0.4708223572853627
MED25,-0.3459594002443764,0.4708294360163679
TOLLIP,-0.1636236997993085,0.4708409951046399
TMED5,0.1456483309445673,0.470923455159879
APOC3,-0.2062429219951265,0.4710623336094985
LRRFIP2,-0.1346642363208694,0.4710672883229636
CUEDC2,0.0895732191068994,0.4711118559789329
NFKBIL1,-0.3058679994074884,0.4713900877559913
YIF1A,0.058491452265164,0.4715385643737008
KIAA0753,-0.1177317617733688,0.4716381879935997
RRP8,-0.2732628806468806,0.4717142362009662
CD59,-0.1572051450659159,0.4717666404393317
TSPAN2,0.3546763966355089,0.4718428365014037
POU5F1B,-0.2454604664695248,0.4719266075210637
A4GNT,-0.1351173391834779,0.4719589190914671
ZNF32,0.1613209389767771,0.4719767290989568
CNN2,0.1244927670479381,0.4720276347029448
MOS,0.1348035569159309,0.4721407464422293
ACAN,-0.1700646392011107,0.4721500153605991
AFP,0.2655262435000169,0.4722169927446081
PRKD3,0.1477646454224466,0.4722358382885351
MAN2C1,-0.0963014275319871,0.4723882428565069
CHST7,-0.3369602696639875,0.4723989341512994
MID2,0.194776953017838,0.4724351393907653
ZYX,-0.1391432832683072,0.4725167986010959
LEPREL2,-0.2785267211616924,0.4725752436351406
ARAP1,0.1467316268684566,0.4726020191476511
GTF2H3,-0.1736926033611734,0.4726491932471472
ZW10,0.0895670694977468,0.4726990829363622
FRRS1L,-0.2648825263038752,0.4727246008322643
EFNB1,-0.1276854840696994,0.4728897307340357
LAMB2,-0.1711013149018594,0.4730101310943173
ZNF84,0.1635810626293468,0.4730852908052381
GJB5,0.1031647449367887,0.4732861154759563
EP300,-0.0945592554670824,0.4733715410358353
FBXL5,0.1280161268998814,0.4734029184684218
NELFB,0.1214857038115724,0.4736424488951813
ERLIN2,0.0897078707355447,0.4736656291353567
CENPQ,0.1857796306424335,0.4738424212364038
TEX13A,-0.2465471155512144,0.4738819779812619
TRIP4,0.0649846659452517,0.4741710234575701
PTPN14,-0.1538727823248695,0.4741989190298231
LAMB3,0.218092177442096,0.4744895705463003
C1ORF27,-0.1041709110659088,0.4745730002659714
DSPP,0.196869530421484,0.4745973477391638
SLIT2,-0.212864829336647,0.4748743748020173
IK,0.0766182956480374,0.4748796312029554
C11ORF49,0.0838314919363032,0.4750056032080723
PMEL,-0.320242192916945,0.4750162407065575
GPR124,0.1799746009805023,0.4750967556929453
MRPS7,0.0734348457946563,0.475125271812383
EFR3B,-0.3047732147906403,0.4754960136695579
SOSTDC1,-0.2757609111741201,0.4756630154274309
LSM4,0.2760980053990014,0.4757314942427283
STRA6,0.2899753191514094,0.4757814276970271
HTR1A,-0.2781567410329097,0.4758370939194755
GFPT2,-0.2173132821655503,0.475859517886454
GFOD2,0.1221952285900691,0.4758718753596737
NUP160,-0.386970263575467,0.475875983895991
ERC2-IT1,-0.2368129109048178,0.4759020227964654
CAV1,-0.1289613597979748,0.4760336644008861
RPL3,0.0468810936770704,0.4761223886001127
BCAS2,-0.1047800611899703,0.476357935925197
IGHV5-78,0.4379237299228369,0.4763921841457828
CCDC102B,0.487165338611363,0.4765712196136976
TGM4,-0.3578639416099163,0.476673920509667
PEX3,-0.4149137013558137,0.4766832856496514
CCDC85C,0.4554392919727501,0.4766862770863916
FHL1,-0.3858925732220779,0.4767766900418335
LMAN2,0.4244188785143974,0.4768365044541821
SRP72,0.2112137288490618,0.4768967201995725
NOL10,0.2954884705037521,0.4769263682673945
NLGN1,-0.4710895068780196,0.4769384496214948
PTK7,0.4346425439857464,0.4770990823480773
SLC25A10,-0.3543955370127261,0.4771937076830828
PLIN3,-0.149328883073176,0.4774095175148378
PABPC1,-0.0421192337990135,0.4776322040208493
MAPK12,0.1681854722986724,0.4778007526617331
CCDC28B,-0.4225025338489994,0.4782445607600679
PRKG2,-0.2547185784379122,0.478664110526061
A2M,0.1301860486358386,0.4787512995140325
KCTD3,-0.1983510260199024,0.4788701699818598
PDE6G,-0.1070671632322284,0.4789039739995878
H2AFY,0.1276625828356667,0.4789158875415064
GNB1L,0.2317645256248752,0.4789279152274677
GNGT1,0.381424474134608,0.4790550534574846
UFM1,-0.2292984788518666,0.4791101573520944
ADTRP,-0.1430064960266559,0.479241512260313
HSPBAP1,0.1682903039191465,0.4793346117949547
MEAF6,0.0829438511762408,0.4793427850159478
MRPL4,0.2029658813025872,0.4794945527810807
UBFD1,-0.1160073146039515,0.4796836546903747
GNG7,0.2542120270519863,0.479700234468313
CCDC57,0.171900267260308,0.4797383937284242
MAGEA1,0.360721628473494,0.4800532519087802
KLF8,-0.2249284519953835,0.480365792000942
KCNH4,-0.1345576748192982,0.4803744929024127
PADI4,-0.4295604559060342,0.4803769755347018
RBBP9,-0.3401589009775909,0.4803847772694685
MRPL11,-0.0928762523095674,0.4805519941619686
PODXL,0.2560820829943573,0.4808302275229412
LOC100287387,0.3881060845803716,0.4808356447815559
NDC1,0.1597741261784184,0.4808657919755869
MRPL12,-0.1556303801721963,0.4809550948979058
CCT6A,0.1912790683980798,0.4811434961018684
FBXO2,-0.2318793612420711,0.4811980332306816
CASS4,0.2388497081496616,0.4813977276338179
AMPD2,-0.1420009072407708,0.481493404474328
CARKD,0.0689814374462631,0.4817237055835057
PRKCA,0.3978473865041749,0.4817356137601751
FOXRED2,-0.277556538295328,0.4818211184463732
WBP5,-0.1322758172612648,0.4818984672272082
DARS2,0.0819458737046812,0.4819224788669711
TET3,-0.2281272231379274,0.4819380079355516
NFAT5,-0.4481410282553009,0.4819485562377287
BCR,-0.2070333409789011,0.4821972969151777
RAD54L,-0.2000156922522338,0.4822354209625874
HRC,-0.3723399931679099,0.4823129704319461
XPNPEP2,-0.2867823065918271,0.4824473074000474
RCE1,0.1931832232778996,0.4824859355886792
YWHAB,0.138645980578012,0.4825163561003037
SPR,0.1345964690282493,0.4827358911917866
MBTPS1,-0.1785468745857628,0.4827473409127712
PTH2R,0.410259862631146,0.4828374136980015
CXORF40B,0.0536769412955493,0.4829679072659087
CHAC1,-0.2782454784964532,0.4831137416417792
YWHAZ,-0.146468459738104,0.4832931416427872
CD101,-0.3795426647994748,0.4834025349605707
TAAR3,-0.2840526777906498,0.4836053317984879
OR2F2,0.2586244712438397,0.4836882242640196
CHMP7,0.0907154192286903,0.4837812781112789
IMPACT,0.18809220381792,0.483817553383734
SLC24A1,0.3583308884619249,0.483953166397803
TUG1,0.1214996001212576,0.4840804054015988
CILP,-0.3889229599805173,0.4841534136306467
TCEAL1,-0.1346292007596368,0.4842598445569614
SLC7A9,-0.1343792569074047,0.4843447685184137
ARID1A,-0.3418171576972941,0.484392320537485
TRAPPC6A,0.135197508754338,0.4845965785172742
SYNGR3,0.4548942601819217,0.4846336112105694
PIWIL2,-0.1657066296362623,0.4847807940412354
SARAF,0.0966275428096334,0.484818602140422
GOSR2,0.2404448422761413,0.4848811075635096
TAS2R7,0.2996751127013741,0.4849345012586302
ZNF318,0.1891386087714925,0.4850509162944526
LIM2,-0.2988693295529252,0.485140420320563
EPHB1,0.1780218268393913,0.4852348819484506
SPAG6,-0.2495927025810882,0.4852939316658951
SNAP25,0.4839302148792832,0.4853160971530205
C1ORF123,0.127971347546703,0.485675860295003
LIN37,0.0818267977134485,0.485710443564991
PLCE1,0.3564118534431637,0.4858872869049592
CYLC1,0.4700198151378263,0.4859761419791094
QKI,0.3420216024653975,0.4863253042352358
ZNF551,0.2673160794252851,0.4864788238356992
DENND4C,0.1381762008410572,0.4865513318358651
FBXL14,0.0937802153882252,0.4866583862857542
POLR1D,0.106245065419305,0.4866693502956307
EFHD1,-0.2155183261489188,0.4867539715124443
TNNT2,0.2724033653817255,0.4867817531714079
TIMM10,-0.0924577749398753,0.4868577446079304
ABR,-0.1970431710744442,0.4871112631243071
INPP4B,0.26626999160574,0.4872739649416964
PMFBP1,0.4569008466594919,0.4873517516839238
METTL4,0.0720147068864323,0.4874868807494716
FES,0.1736803634633243,0.4875026999750952
SMR3A,-0.3673076021661221,0.4875093332773011
AIMP2,-0.1178008610416441,0.4876668178878299
EMC6,0.1232338862920148,0.4877246092502294
HGFAC,-0.1403853534299779,0.4878270749691731
UBL5,-0.0832983331486652,0.4878593376758664
CDC37,-0.1117049583594589,0.4878885677892147
PDE8B,-0.3297497345393365,0.4881162446911715
GAS7,-0.2341770364782007,0.488324752273229
HOXA10,-0.2310025465004361,0.4883600317840775
HNRNPD,-0.3650930000123313,0.4885724678253462
CCL8,0.3712499186050078,0.4886580337804423
BRF2,0.3707015732126466,0.488668368886358
BLMH,-0.0850764481411037,0.4891169464001786
TSFM,0.2059384571277478,0.4891764346051794
UQCRC2,0.1019692858824115,0.4891908390951593
NGRN,0.1125792721171539,0.4892183712539994
MRPS18C,0.3203156639567712,0.4892453539882919
FAIM2,0.4994389894948989,0.4893938006695339
RAB17,0.2163038525701557,0.4894536838160851
GADD45GIP1,-0.2801387189222897,0.4896175551166914
TLK1,0.3893532362950314,0.4900069080302374
TRMT1,0.3841903615747277,0.4900183162307742
VGLL3,0.224909371888323,0.4900361728637938
PDHA2,0.3125429687724912,0.4900978780344076
TP63,0.3563449856996099,0.4901128348500881
PRRG1,-0.1815042592919571,0.4902042938825829
CHCHD2,-0.0622118815043872,0.4902549810962918
TSC22D2,-0.2622681914951963,0.490401190640871
MMP16,0.360067172432319,0.4904628358899127
C9ORF38,-0.3100705464158002,0.4905407373680786
ALOX15B,-0.2060937077209628,0.4905465040314072
HIF1A,-0.1785845100829348,0.4905796993927405
LOC57399,-0.3062597475942787,0.4905903199791398
RRAS2,-0.2485345290562373,0.4907839917604206
C4ORF6,0.2755416210107348,0.4908409410086061
GPR137B,0.1301806775673384,0.4908938490139879
AZI2,0.2316942815367406,0.4908941100713141
ALLC,-0.2951268207657325,0.4909811017106382
NUBPL,-0.1889106173317207,0.4910115796125126
LZTR1,-0.1141333911226105,0.4910394123389811
PRPS1L1,0.3444386596947568,0.4912094993227636
ATR,0.2289300257100466,0.4912392808074753
EIF2S2,0.3054150015005099,0.4912585284044435
MRPS31,0.1507628799965346,0.4912668933353433
VTI1B,0.059021579425222,0.4914857045128722
SMARCD1,0.0911541418591443,0.4918256472294373
LITAF,0.1519939376768189,0.491835453041506
RAPSN,0.2721124050342047,0.4918720030959769
TBK1,0.0661115093942132,0.4919202263159011
FBXO9,-0.1193202330106055,0.4920484081234789
PFAS,-0.1963124917138898,0.4921074236707491
SLIT3,0.2941583406168826,0.4921689042618291
TTR,-0.3789645722324781,0.4922609303461376
SGSM3,-0.1705504711895837,0.4923455083206748
MB,-0.1419053317583509,0.4923515582414806
DAP3,0.0843203280494027,0.4923545102222419
CASP7,-0.0802034757863268,0.4925021085167655
BPY2,-0.2028088882960763,0.4925167961673105
MXD3,0.220002382509838,0.4926763418375431
DNAJB14,0.1570996183068063,0.4929078094086887
AIM1L,0.2405461625366127,0.4929759800804122
SEP15,0.125871244542866,0.4931423501768483
SLCO1B1,0.4009032852561702,0.4931641364005968
SLC12A7,0.0796016809229538,0.4932168428030448
RAB7A,-0.5352717602096182,0.4932885799765151
ACTR1B,-0.0912318278449877,0.4934179066696673
LOC100129361,0.1065385557558631,0.49347275416935
LOC647070,-0.1321156340739007,0.493568267318457
NYNRIN,0.4454896588024963,0.493577009537344
HINFP,0.2002117392907703,0.4936406420025693
SIPA1L1,0.3162548601156016,0.4937203418796362
FUT3,-0.3712494725016722,0.4939767385668928
SENP2,0.0972740991005594,0.4940827341679148
KLHL26,-0.1572168141287804,0.4941442747053303
GEMIN6,-0.1023879564329988,0.4942795788926393
ZNF674,-0.222543167783823,0.4944200366646898
HCFC1R1,0.4995478316619008,0.4944576118978838
ZNF587B,0.2383031733784113,0.4946538982091691
FAM205B,0.3468499603793713,0.4946614582208914
C1ORF115,0.2234913942695104,0.4948057469303128
GML,-0.1033162749560698,0.4948834629104209
TRAM1,0.1768359620556809,0.4949790432422067
TJP3,0.3147788856610836,0.494991868443489
ACLY,-0.129205029445945,0.4950379810172005
DNASE2,0.2916080415896589,0.4951445964455512
GPR50,0.2036493681110247,0.4952641265598576
TFF1,0.2495883597770563,0.495270137858295
TLN1,-0.0993607614480502,0.4953813081796142
COL6A2,-0.1466671390141183,0.4953980933847124
ZBTB44,-0.320445708726921,0.4957053037067651
RAB11B,-0.2628177050172846,0.4957074288484399
INPP5J,0.2326569563258385,0.4957458406983463
PIH1D1,0.0790246287727534,0.4959749423754031
EIF4E,-0.3007647608041051,0.4959810096898819
KRBOX4,0.1453253671956931,0.496050501653525
AARS,-0.0789558337416984,0.496173772706776
RAB31,0.1551599475480714,0.4962248036747297
ICAM5,0.2328208287710378,0.496463090329504
TRMT11,0.1534310284718181,0.4964762814431453
PIM1,-0.2156201751631581,0.4965504961335524
IL12B,0.2116855875075014,0.4966391958594446
LMX1B,-0.2960547076947608,0.4967731867871314
NEDD4,0.1467688399964313,0.4968459625576187
XPOT,-0.1680146282014174,0.4968830651996354
NKX2-1,0.3277386791706842,0.4970395477122959
FAM86A,-0.1497548476778405,0.4970679681020482
CEP85,-0.0824028851710272,0.4970905496986593
SIX1,-0.4558530637011504,0.4971111269905928
ASIC2,-0.1938726374814789,0.497462162845633
AVPR1B,-0.2294403302715597,0.4975781702661815
NR1I3,0.2271264098184655,0.4976395151001525
EHD2,-0.233464214655199,0.4978129728378717
CLUHP3,0.0747022225588303,0.4978723594169456
DIRAS3,-0.2613272709246041,0.497919167696169
MMRN1,0.2949161130140378,0.4980476167381473
DVL2,-0.2533408310357279,0.4980842548543913
MPHOSPH10,0.1264136066901322,0.4982225656453474
CRIP2,0.1550095921270315,0.4983199797813964
TNFRSF11A,-0.1834591126700644,0.4984885390117804
POGK,0.0978434061151833,0.4985261237048477
MTL5,-0.1958698652633357,0.4987147324602619
ZNF273,0.1319290261121652,0.4987281711765039
COPS7B,-0.1022574534545848,0.4988131962781671
PGM3,0.1643694523170236,0.4990175474085332
ACP1,0.3185041385587359,0.4990304053841722
FBXO31,0.1478084276416407,0.4990429989558895
NAALADL1,0.4331323369534692,0.499353372220672
NPY2R,-0.4388942160258471,0.4993774406464937
MBD4,-0.242247438199314,0.4993971292983167
RPGRIP1L,0.1575160713887502,0.4994354573693788
ARFGEF1,0.0728395686758904,0.4994906169263996
LAMA3,-0.394384377810197,0.4996123218078442
ANKS1B,-0.3372870663660512,0.4997158258176369
CALY,-0.2915022501413142,0.4997606106184873
PDIA4,0.1238588999381669,0.4997909710304749
NME5,-0.1025138112131962,0.4999795591653266
CAPN11,0.2541292410155344,0.499987896585932
AC074212.6,-0.1537759933944613,0.5002252497894317
MYL9,-0.2461151427458503,0.5002510425371711
CLIP2,0.1623607874988755,0.5004528821085034
CYP2A7,-0.1776920687024104,0.5006015796117522
MED9,-0.0962748721074824,0.5007664694763013
LRRC16A,-0.088815820888338,0.5008059724888101
KBTBD11,0.3499794099751145,0.5010028445905571
STX1A,-0.2443238076900433,0.5010552211945518
OVOL1,-0.2986555462768785,0.5012155640980949
SORBS2,-0.2733017566827662,0.5014274854222486
CEP290,0.3697903146588226,0.5015142339146244
AKR1C3,-0.2130229443358402,0.5015780216517596
TMEM109,0.1314968019643068,0.5017184327366224
ITPKA,-0.1943302887998763,0.5017652492805988
RNASE4,-0.2882873740970488,0.5018730714896544
ERBB2IP,-0.1129136936247707,0.5021632294555805
IKZF5,-0.2138322754714829,0.502346782214328
SAGE1,0.2791614956162194,0.502444265418719
C4BPA,-0.2280346862611919,0.502574075259163
FKBP9,-0.1489156956889115,0.5026442842370424
ZNF335,-0.2897971566936546,0.5028503129653642
SEC23B,0.2156739025786667,0.5032874935196907
OLA1,0.0774263735944433,0.5034088463319042
LYZ,-0.1588942219491684,0.5034267814789883
SLC25A13,0.1201931162154554,0.5035929020203627
NOC3L,-0.1773189241867694,0.5037673313116395
ECM1,-0.187224027670215,0.5038429158121454
KIAA1644,-0.4195051161534646,0.5038977695946146
FAM86C1,-0.2188708499479714,0.5039455342117358
MTHFD2,-0.2451500140410623,0.5039487689900476
AGPAT4,0.195621527106482,0.5042309923361425
SCN7A,-0.3082375858438899,0.5042878661796272
MTNR1A,-0.3772608716015453,0.5043054190725145
SLC25A11,-0.111282665294043,0.5044417445629052
PLCH2,0.1898556526140815,0.5044942183856084
SLC10A3,-0.1183188738666096,0.5045123750893159
REEP4,0.101948508964508,0.5048293811918603
FRS2,0.3102309926332389,0.5050322511926739
DSC3,0.3476283091423271,0.5051043027390741
HMGB3P1,-0.3385499681057506,0.5051168748081045
NEK7,0.1061370502934586,0.5052806127819935
TMSB4X,-0.0548027568811804,0.5053144225232492
PRR34,-0.2307091212450336,0.5053347998857525
SART1,-0.1059466951310224,0.5055827332990998
COA3,0.0784013597247632,0.5056658201895288
SIDT1,0.2023697162391338,0.5056813089333976
SGCB,0.3821781335381908,0.5057960495676489
KAT6B,-0.1096664012285746,0.5059733343605267
TERF2IP,-0.0649705367437594,0.5060056598165007
MPZL2,0.4651193327445284,0.5061568677454349
TDRKH,0.129495082958444,0.5062181701666623
HNRNPAB,-0.1417486852370899,0.5062378689176108
LRP2,0.2691298418615773,0.5064485385071985
FRZB,0.354066921251186,0.5065653825337926
CISH,0.1720964125869457,0.506827044818121
BEAN1,-0.1508659839129844,0.5069486980240678
FAM198B,0.2270458849313072,0.5069666288122596
NIPAL2,0.2034139813525541,0.5069708298349077
ZNF710,0.2216947434292446,0.5070231487300692
HMP19,-0.2683665536999315,0.507317549745248
SFTPD,0.3435955128866848,0.5075401016116765
ACSM3,0.3191250421672347,0.5075889293592798
SPIDR,-0.185788959737307,0.5078950923201299
ABCB8,-0.33397233732149,0.5080481052618134
KLHL12,0.165816345000735,0.5081240971059843
DGCR6L,0.274203828221724,0.508160668632415
NOS1AP,-0.1269652696929819,0.5082587368586114
NIPBL,0.1115454870143981,0.5085130435605139
EPS8,0.1507417230559209,0.5091381604335197
PKI55,0.1696277923812363,0.5093587601939783
PLAT,-0.2928002936391163,0.5094152347731852
KCNE2,0.1723759512196827,0.5094257449290391
TMEM74B,0.1432189832669665,0.5096371822805779
PTPLAD1,0.1219720474725907,0.5097095653760516
ITGB3BP,0.1494515534411071,0.5097673987047173
SFXN3,0.1478592611895539,0.5099097934022266
FYCO1,0.1205337441164413,0.5099830256362187
ENTPD7,0.3229063572823829,0.5101104423679287
WDR4,-0.11338692935887,0.5101334240819786
STX10,-0.1522766872698451,0.5101954540799504
MCC,-0.1126968069535712,0.5102607647256112
MARCH3,0.2113141231804522,0.5105296328951123
SLC28A3,-0.1415307902650679,0.5107170165665463
AGMAT,0.179656312071569,0.5109122814331835
MBTD1,-0.3542284356103033,0.511051136356175
SLC16A10,0.2642864425301168,0.5111553746324329
CUL4B,0.1167883764507422,0.511207308225065
SPRR1A,0.140540610915449,0.5112688228163177
TRAF3IP2,0.179396719583603,0.5113892866021669
ZCCHC11,-0.4043146624905276,0.5114504278398457
USP22,-0.2002369425591892,0.5114839625315676
LIAS,0.3683425909923361,0.5115134378557719
PMS2P4,0.2791927724001892,0.5115281665976248
RAC3,-0.1959333815275159,0.5116234013344104
STK39,0.2111465293684595,0.5117573587473921
ATOH1,0.2218730550844281,0.5118134802647583
ACTR8,-0.085909633634075,0.5118939317650549
MILR1,0.242610265247344,0.5120149625838205
ISG20L2,-0.127133701940636,0.512117187273273
MKKS,0.0956976085721965,0.5124035753368772
BARX2,0.3230832878739891,0.5124214013590879
STX17,0.1088859328498825,0.5124561137070359
RNF7,0.1024182799819204,0.5124952242622024
MLLT4-AS1,0.3413661596366788,0.5127156363027542
MCMBP,-0.10562023058697,0.5127315611682899
RAG2,0.2178880301608718,0.5130815864398218
IL17A,0.2844453877851878,0.5132007157523925
GLRA2,0.363000316928594,0.513208855710851
DNAJC1,0.094570150375441,0.5133903502665376
SLC2A1,0.1613523697910519,0.5134384329175129
AP1AR,0.1216112154177277,0.5134860254090837
CHIT1,0.4837897980282113,0.5134928841758526
MCF2L,-0.3963746673179233,0.5137301230936776
PCDHGA8,-0.3221205646859766,0.5138078033007982
SMURF1,0.2290275853155816,0.5138119723296056
RP11-10N23.4,0.1958003154529981,0.5138541573631971
PRR15L,-0.1944770490636935,0.5138947391412533
FAM49A,0.1686368109668645,0.513926487175751
H2AFY2,0.2852394695652904,0.5141021607268669
OTUD3,0.110125901173494,0.514104643390565
H2BFS,0.1745473012405103,0.5141556763140235
MYO1D,0.2416577435276874,0.5141622130314885
LRRC37A3,0.4059490933648888,0.5142359747080744
SDCBP,-0.0688426472846899,0.5143088923440255
ASPHD1,0.1065902670915059,0.51435854468402
PICK1,-0.101455339610891,0.5147528340899479
EED,0.2873931769072175,0.5148125429817717
TSPO,0.1268581838410103,0.5148847103319966
TRPV4,0.2604098601536053,0.5149466197660212
FIS1,-0.1066544264665285,0.514947871311016
ADORA2B,0.1409306667565513,0.514968646342019
NUDT2,0.3763612876465023,0.5150630252222191
GALNT12,-0.186782664436377,0.5151379674275749
ANO2,-0.2526185524232316,0.5152415663736037
ALB,0.3457225542088578,0.5153039937148283
ABHD17B,0.1092042693394228,0.5154800653250087
S1PR2,0.174761849978454,0.5156598733993716
PHLDB1,-0.13174854647893,0.5158657804942843
FKBP14,-0.151396867871,0.5159221943749964
KRT85,-0.1518485570070042,0.5159585292591085
STK17A,0.414287809464545,0.5159893252839657
LPAR3,0.0860176433341122,0.5161336606038663
TERT,0.2579565649680928,0.516181954988474
PHF8,-0.2826481770894267,0.5163085805688146
FTO,-0.1412936585506283,0.5164369763426925
SNX5,-0.0627707564116999,0.5164972510814574
CCDC69,-0.1657665714049283,0.5166041630324395
PHTF2,0.1966298116068561,0.5166343523883147
TAF1D,0.2325874004913739,0.5167008108397457
TNFRSF13B,0.1558034701225645,0.5167551685703311
MC4R,0.212291636178759,0.5170542689219124
CDH15,-0.3326619085909765,0.5170601082673348
PEAK1,0.2493538903671712,0.517132991663511
EXOSC10,0.0733844718277456,0.5172169299850856
ATP7A,-0.2042082979003101,0.5172466857698971
CD22,0.5186449065568066,0.5174560238803045
DEAF1,0.1335477448816195,0.5176139926580358
THSD7A,0.2066527460417253,0.5176442834953214
KRT35,0.2690966518004467,0.5176481093395167
NT5M,0.2843762263596163,0.5177532663829787
DMC1,0.1229530295668235,0.5177659896631597
IL13RA1,-0.1481951870469036,0.5178225706398442
C2ORF68,0.2407235723885765,0.5178296761438589
ATP6V1G2,0.1378050292921662,0.5178391776085364
EN1,0.2576384190670726,0.5178961177236076
COLGALT2,-0.1771578777717373,0.5180813804348079
PPP2R3A,0.1709592869507963,0.5181053796072035
RAP2B,-0.3376327712175699,0.5181172822395996
IFT22,-0.3415838338275767,0.5182574716663805
NT5DC2,0.2303803493452445,0.5183368891204194
GIPR,-0.2407074159303079,0.5183641951316937
RFC2,0.1423391300268566,0.518447670911593
LOC100996325,0.2731000573993349,0.5188043920631831
CDC42SE1,-0.1155175316461036,0.5188913408482495
S100A8,-0.44271366877632,0.5189600961054115
CADPS2,0.1091948372185669,0.5190049296680741
HIST1H1B,0.3136537823605119,0.5190504544291648
FBXL2,0.2091092219156376,0.5191245082151936
FCHO1,-0.1956188580279247,0.5191825269645496
KCNE4,-0.1780222835395477,0.5192902419966684
XCR1,0.2019622647539982,0.5195139902021709
KRT37,-0.2360465543532877,0.5196874680953026
SEMA3F,0.4098707039294478,0.5197128372319564
PQLC1,-0.0826346603756817,0.5197256605009496
TOR1A,0.0795249592222404,0.5199284464265246
TMEM2,-0.2342903436387349,0.5199732308725182
PSORS1C2,0.1510110474310355,0.5204089542392796
ZNF646,-0.1276648962633748,0.5204921530995685
CYP20A1,-0.1224619315938335,0.5205013679859367
QDPR,0.1101241258937992,0.5210063909818904
COBLL1,0.4446447333526715,0.5212195304098884
MASP2,-0.1371644840876991,0.5216143008733499
EIF3I,-0.0672468604316467,0.5217150804836862
SIRT7,0.0780180076203258,0.5217916765888213
ZNF276,0.1751459914250128,0.5219498117355448
SLC52A1,-0.131461694797613,0.5219679030475758
SCARF1,0.2997979302027751,0.5222613051552684
BACE2,-0.144560194291861,0.5224118741391306
CHMP6,0.0959279527934295,0.5224357765168399
CRYGEP,-0.2466193434556443,0.52244078075747
CTNND2,-0.2711280072747133,0.5225323239894208
HOXB7,-0.2305471869226263,0.5225638077744789
LRRC75B,0.1948417176272521,0.5227063236903012
FAM13C,0.417318225109704,0.5227548146156213
DSCR4,0.1855411091547649,0.5228263480202814
TMC6,-0.1301599553275405,0.5229006757294683
KYNU,-0.5160798666626447,0.5229637862858884
ZCCHC2,-0.0825022419181227,0.5229677490535902
IQCE,0.1033112487490539,0.5229929322204777
MERTK,0.2903892591314063,0.5233806489778627
SPARC,0.1454285970670401,0.5235271222964586
NDUFB6,-0.0461036866445887,0.5236461577774841
L2HGDH,-0.2547648004482461,0.5239148707647447
LTC4S,-0.329948978170858,0.5239878512504416
DUSP10,-0.1976552312759008,0.5240357106226785
TRMT13,-0.1167045656175478,0.5240575204352149
UROD,-0.2025524576585873,0.5242069610615487
FLNA,0.134117479696993,0.524227844437565
LRP5,-0.1693109637907985,0.5242401983072875
RFX2,-0.2889517671002348,0.5243707769635876
WDR26,0.0728590573474967,0.5247041933328481
GFOD1,0.0899094195943295,0.5248022563905624
KAZN,-0.2009092005039265,0.5248167792278028
PTPN18,0.1486038127797275,0.5248212580044361
KCNE1,-0.2038463848536684,0.5248281003995753
ATP6V1C1,0.1460309208304053,0.5251053251656345
HSDL2,0.228813261783296,0.525232619874054
TBC1D15,0.0750258670340127,0.5252932657370479
MTHFD2L,-0.2912640039592835,0.5252994009183634
RINT1,0.1522379152746973,0.525356073901843
PPEF1,0.2953170112745917,0.5253945978704608
GRIN2B,-0.1289097979723501,0.525457185516403
NPTX1,-0.1563790377781284,0.525487425380103
FAN1,0.0855070778986863,0.5255628168542097
BRD9,-0.1079406430341869,0.5257777542102691
PHB2,-0.0505686400825968,0.5259439594629344
PRND,0.3265152825703001,0.5259871254590764
ARL14,0.3756481732373449,0.525991164085805
KRT15,-0.2143923513074002,0.5260914581499991
CHKB,-0.0962313727152412,0.5262245935188893
PLAGL2,-0.133952144134172,0.5262388501951334
MYL6B,-0.1359640689159196,0.5266598479704611
SCN4A,-0.3036312345289298,0.5267538424655285
DRICH1,0.2845730354669822,0.526785830408306
AKR7A2,-0.1373736859877219,0.5269771789264622
GPKOW,0.1259626703654106,0.5270960298808901
CHRM5,0.2006693999062347,0.5272801943518332
SENP6,0.115730988620248,0.5272997583731234
CCDC106,-0.3302224661824757,0.5273214480994634
TLR6,-0.1308167634597401,0.5274596303541476
SLBP,0.0758324336876796,0.5275865191736606
AHSG,0.2436359252517612,0.5277700016501468
ZNF254,0.3324194617693674,0.5279159760979022
PDE4D,0.2908588811477903,0.5279519483111078
IL1RL1,-0.2628934860257468,0.5279858424045755
SMEK1,-0.2274268353457769,0.5280151284947757
ATF7,-0.1235023705705398,0.5281998097238372
IDH3A,0.1142457158562777,0.5282271629751041
KLK3,0.143866250710956,0.5282777246958801
LHX3,0.1136640636562891,0.5283529657302743
NUP62,0.153895274005503,0.5284731015249758
NCR2,-0.2056281427713626,0.5284956626140772
WBP1L,-0.1042048169878935,0.5285131742891823
TNNC1,-0.3131861659014401,0.5285339958589419
KLK7,-0.2863403307590069,0.5285703051693617
FAM171A1,0.1210724046742708,0.5292018004035834
CLCN6,-0.1020308698033716,0.5292240904157853
ASAH1,-0.3638316597414648,0.5292499815392656
LINC00652,0.2589205637602783,0.5293961648775377
KIAA1024,0.314452345163275,0.5293963105047684
PPM1F,0.1138261094416925,0.5299122420139682
S100B,0.5290727564817592,0.5300302593618856
CPQ,0.1526850638019805,0.5301553649069423
BAG6,-0.073772261403791,0.5301810906127079
DSCAM,-0.2063572626961782,0.5303723113886833
LIPA,0.1687473963438321,0.5304176825670883
RIN2,0.1110068949541318,0.5306081424456348
PAQR6,0.1319949531716115,0.530805046955898
DKK1,0.1723497136415774,0.5308241319786214
IFNA7,-0.1043058374962377,0.5308532766654396
RARS2,-0.3479087948655057,0.5308879559771145
BTF3P11,-0.4597982528606059,0.5314327110641411
MTG1,0.0783400369796769,0.5315060918013729
AMD1,-0.2028426837543691,0.5315352231406194
RP3-334F4.2,-0.1733310440509496,0.5316515932850548
SGCE,-0.2362978062217671,0.5316976843375465
MCCC1,-0.168038389146238,0.5317442140836729
ARHGEF9,0.2926412121780801,0.5318046965527308
KCND1,0.2396756980514949,0.531923141889449
ANKRD46,0.0947395407318527,0.5319697352533881
PREX2,0.151912880225649,0.5321136895482342
SMIM14,-0.2573826773624885,0.5321175910739522
DRD3,0.2570740632617676,0.532254079184185
C6ORF47,-0.0930003597118318,0.5323861975927703
CSRP1,-0.1001398340761738,0.5324771603886582
CCL16,-0.2487624020798859,0.5324952595479738
SEPW1,-0.115397373231346,0.532547031385431
UBE2K,0.1700503460673896,0.5330479227581282
MYH7B,-0.2826994162748621,0.5330558682751256
LOC101927181,-0.2863935945946654,0.5332545743237997
PCOLCE,-0.2151898774829863,0.5332911918621158
TSPAN4,-0.1389922812508679,0.5333163813905747
ZNF248,-0.122427499701085,0.5333345611771042
WRAP53,0.2517511973112869,0.533363147397176
SLCO1B3,-0.3215742542093167,0.5334173724664774
UGT8,-0.2893819551823222,0.5334433356294677
BCAS4,-0.3458833750059105,0.5336495123794275
NOL4,0.377235217815588,0.5337092326585228
PERP,0.2290467533997713,0.5337874016182226
SIKE1,0.3222750993250995,0.5338516312337735
UMOD,-0.2599888135723196,0.534004466689152
MAFB,0.0902968249185836,0.5340497429913948
BBIP1,0.13867919863916,0.5341811985807453
TEFM,0.117543422898076,0.5342868589815063
NOV,-0.331361655034458,0.5343915862425302
MPC2,-0.0755896009471452,0.5344025855282847
MINK1,0.352999996503236,0.534437865504263
CEP97,0.1845159326077814,0.5345808173039133
LINC00302,-0.3208370586217812,0.534591406376522
NUPL1,0.2017246380923163,0.5347527748558222
PSMC5,0.0774696335195166,0.5350124249008087
GNL3L,0.2444983319578062,0.5353152782691851
ANKH,-0.2069437341108404,0.5353927751744453
VAX2,-0.1332709166208703,0.535417911847637
SCAMP5,0.1378984689633569,0.5355735483946792
ATP8A2,0.237635871218595,0.5355941619432536
LINC01260,0.1451985616931201,0.5358549950834374
PHF14,0.1729282702405994,0.5358972117334128
CBLB,0.3580721624905529,0.5359207380924911
OLAH,0.1456290469374561,0.5362669458839983
KIAA1279,0.0828789756624104,0.5363741620459749
KRT75,0.3133189180723619,0.5363992963079297
PDE7B,0.1303309771815799,0.5366283821275613
WBP11,-0.1428434200168062,0.536656824022951
RERE,-0.3428905494738661,0.5366607125533939
SRSF3,-0.104832454618851,0.5369886202728847
DAPP1,0.1532293053418207,0.5370427560506916
CA8,0.3149787517235376,0.5371566565741813
CRISP1,-0.2905095696038291,0.5371720763234731
NAA10,0.0688331384586291,0.5374513700019838
SNAP91,-0.2935486005408969,0.5375704090479029
DPH2,-0.1816121035187379,0.5378021113187782
ETFDH,-0.1384393179707492,0.537826466604679
SCAMP4,-0.2063443351372758,0.5378719837118358
ELP3,0.0869307220427018,0.537959197790227
PPIL6,-0.1363661384980434,0.5379762025706705
SERPING1,0.0963468298706455,0.5384531822070179
LMF2,0.1634894948536391,0.5385255660525547
GRIA4,0.3704221330936104,0.5385400674040888
C3ORF36,-0.2204254866389563,0.5386034903302214
ARMC9,-0.398990780681193,0.5386237262821004
RHOT1,0.1297114542249513,0.5386640462171993
KIAA0408,-0.2822941794235571,0.5390072031795817
NPPB,0.299131312348325,0.5391229316117846
TIMM22,0.1351351588463405,0.5392211084415515
PPIP5K1,0.1319834783055862,0.5392553031175132
ALDOAP2,-0.2584327662080237,0.5393421902685419
RB1,-0.2680244835011525,0.5393931029168499
TAF1A,0.1933814239827347,0.5394569931803085
BCAN,0.2638931773905622,0.5394641832845936
KLHL41,-0.3836475330001838,0.5395191689654902
LRPAP1,0.1386839726344995,0.5395470100941262
MARC1,-0.4894059453401045,0.5397407682565873
AMELX,-0.1257114000422872,0.53978618389546
ACSL4,-0.3381781841660851,0.5402139017326616
KIAA1731,-0.3224135952495364,0.5403231332123073
C1QTNF9B-AS1,-0.2845275553282969,0.5405373352677787
TAP2,0.3769455443254097,0.5408297219259851
CCDC82,0.1663883603207789,0.5409429025612765
CSTF3,0.1311771674811819,0.541044375711818
C3ORF52,0.4170738357887877,0.5413782981969326
GOLGA8A,-0.2490882753455814,0.5414851866439709
SCT,0.2519904408297582,0.5414970109815496
RORC,0.2000932196839704,0.541601096718969
CD180,0.1900717885995497,0.5417177095046394
INPP1,-0.0871979930044535,0.5419418791573182
KIR2DL5A,0.1413884882060205,0.541998578200796
NAT6,0.293238147868351,0.5420044562119061
C5ORF66,-0.136651979082587,0.5420795205505935
NPRL2,-0.2505096810337273,0.5422394941080582
BAZ1A,0.2085206913790074,0.5423352096768106
MAML1,0.0432603761023777,0.5425954975424854
KCNQ1DN,-0.2327298161074216,0.5426175177389269
SYNE2,0.2072188867128144,0.5426872024780881
RPL29,-0.0911254553999469,0.5428701301515146
SERPINB4,0.3431893127108267,0.5429225095245295
TSSC1,0.0821030817164167,0.5433148233637066
HS3ST1,-0.2970285237427372,0.5435867872028852
HEY2,0.2775564199261273,0.5436874178148221
HIGD2A,-0.1328060772235701,0.5438239217945722
LCMT1,0.0974996616666654,0.5439947228491514
NTHL1,0.2328022499786639,0.5440236746473626
KIAA0232,0.0511211523529517,0.5443809795097713
CAMP,-0.2553289860730814,0.5444039083233781
ZC3H14,0.1087108178021942,0.5444365403010861
ATP6V0C,0.0687355263024169,0.5445168555898284
EPM2AIP1,0.1021785411020399,0.5447408391676836
SETBP1,0.1847312670168239,0.5447703477314411
CDKN1C,-0.3386114758702128,0.5449713882998173
SPP2,0.2922731482923186,0.545249634518667
EPHB4,-0.1669841964167329,0.5452507889390583
NEDD8,-0.0840774672418618,0.5455693937226046
CREM,0.393256304065861,0.5456237593622566
CAMKV,0.1030657310144187,0.5457224377826109
ARFGAP1,-0.1079056374805009,0.5461366016850848
CD63,-0.0474610218992346,0.5463374000293263
POLDIP3,0.242348313661628,0.546517914378756
KLHDC10,0.089181817595751,0.5466317260834216
ROCK2,0.1569497166633562,0.5467527375340885
EDEM3,-0.1734714108691211,0.5467690893020977
SPHK1,-0.1576682531909536,0.5468105765175327
PDLIM3,0.2051861395363516,0.5468842980418559
LAMTOR5,0.0564699624376121,0.5470353867370993
POU6F2,-0.1741015096732363,0.547083399734064
ZNHIT2,-0.2688243108735282,0.5472980170293152
VENTX,0.144577620709204,0.5473371943493854
CNPY3,0.188783865977518,0.5473978734998383
FGF17,0.2409039713137728,0.5474551746139067
STX18,0.059379110102439,0.5474857384980586
PCP4,-0.1826610030871522,0.5477039128767284
SLCO4A1,-0.1938882904401158,0.5477620140927686
GLP2R,-0.1847244830699859,0.5481521028513053
COL18A1,0.2592431893961144,0.5482022151473409
HAVCR1,0.2161240403519206,0.5482357031660345
PIGK,-0.0963746328780317,0.5482862185026649
APMAP,-0.0855615747241298,0.54831205679933
UPF3B,0.0981936377251244,0.5484988486181495
NDUFAF3,0.0673947211218166,0.5489598279827576
KRT24,-0.1318902488780056,0.549202039891296
C9ORF114,0.1464011551985899,0.5493382216257424
TCF3,0.2971076080718147,0.5493680327017034
DMD,0.2006281248599908,0.5495375973094512
ARF4,0.1061682874075913,0.5497668447703763
LIN7C,-0.2314561523076435,0.5498614031971586
DENND2A,-0.3407607972320834,0.5498820775710582
AICDA,0.2391684965630869,0.5498893157824124
AUTS2,-0.1617137242587247,0.5500376984600752
U2SURP,0.1351866486115636,0.5503832674246586
KIF5C,-0.1623105729029679,0.5504728066155242
STAB2,0.2329976039612926,0.5505079427879299
PUS7,-0.2167814124154947,0.5508125653721762
SLCO4C1,0.3819817699817798,0.5508573080892376
WSCD2,-0.1924208867516585,0.5510236720244994
C16ORF80,0.1012856255984342,0.5510535282172784
RP1-190J20.2,-0.2101587406121643,0.5510775551794906
ATXN3,-0.3996174348587744,0.5511534243197419
CIC,0.1208542103831735,0.5512583766903958
SLC15A1,-0.2734381113149164,0.5513712051840157
HERC5,0.1052282827299944,0.5513769120929866
MECR,-0.098771690115095,0.5514029456045034
PDLIM2,0.1668237531166614,0.5516122518728364
HSPB8,-0.1647242572603282,0.5518460954780009
C15ORF39,-0.1162532289587385,0.5519249644643852
CMAHP,0.1684570414214654,0.5519559144386696
MCAM,0.1609668254757768,0.5520573905485137
DTYMK,-0.0970754767481327,0.5521589527050985
TONSL,-0.2666594627085912,0.5522483236362823
PQBP1,-0.1710297791931472,0.5522549943511174
IPPK,0.109076007449806,0.5526187970444889
VASP,-0.1223746754683663,0.5527008099336971
TGFA,-0.1560004195669941,0.5527782210593347
PIGA,0.1528006755313695,0.5528633203174884
VGLL1,0.3250786513706172,0.5529365939844871
FBXO46,0.0760464967375114,0.5529897428509981
STC2,0.2923757383485554,0.55323410075376
SLC4A2,-0.1831529256919815,0.5534672281091383
SIM2,-0.2573814957906783,0.5535157198179144
PELI1,-0.1500322694081379,0.553577001221759
RIPPLY3,-0.249783635367895,0.5536158359606657
PLAGL1,-0.2066977833702203,0.5538004747704999
TM4SF20,-0.241062968607574,0.5538764438929967
DDOST,0.1002637995531081,0.553991538659093
AIP,0.1070015208215497,0.5539959525405989
PPP3CB,0.0949235380259558,0.5539996316200392
CCIN,0.1170860585509592,0.5547015126168046
RUVBL2,-0.0889280689308709,0.5547871269789393
DCLK1,-0.149873883443349,0.5547933559209157
C10ORF10,-0.3506803798275033,0.55488313879392
CA3,-0.4755636236182976,0.554949580779122
BAHD1,-0.0691333396856617,0.5551673825290873
SOX1,-0.146788328452829,0.5553236932764551
NKX2-8,-0.2052044022224022,0.5556844579726877
ADARB2,0.170840358188316,0.5556942004447654
DUSP26,0.204919900157118,0.5559332950424184
DNALI1,0.2100372389788454,0.5559642396586265
ASPH,-0.3249728435567194,0.5559732288677799
PDCD2,0.1689828227457752,0.5561023267550421
FOXF1,0.1047945234491063,0.5561402948563815
SLC12A6,-0.1027515263973333,0.556198391698678
CETN3,0.1509027783227665,0.556293922287923
MAGT1,0.133522195967858,0.5565494850902646
SRD5A3,0.1816294630204549,0.5565509614937151
TMEM257,-0.1238615663499964,0.5565545523440337
TMED1,-0.0943334975756879,0.5567402196491955
MLXIPL,-0.2051612905544315,0.5567631339182463
GALT,0.1192678176662109,0.5568899036389802
NOX3,-0.1890352530473187,0.5569039800947263
GNA14,-0.1223787214877019,0.5569324921374023
HIST1H2BJ,-0.2639460186637459,0.5570893562431551
FABP5,-0.1651628809079053,0.5573209441357392
KMT2A,0.2372415670037435,0.557422179733593
STAG1,0.1140254320010978,0.5575894274854506
SCNN1B,0.3113865047677988,0.5577192796980271
CAPN10,0.3850093070455256,0.5578670976739796
PDIA3,-0.1063456544413092,0.5578881533888945
ATG13,-0.211314131703153,0.5579709812225583
ONECUT1,0.2551956382401243,0.5580632683274118
ARL2BP,0.0806851968738016,0.5580883414082239
CENPF,-0.3788628054349929,0.5581188366522277
SLC35D2,0.1282858840791361,0.5581500567379314
FLJ13224,-0.2173044044202501,0.5581820824660713
RRAGD,0.1886603411414089,0.5582830495243032
PGPEP1,0.0937789808815843,0.558359023033368
CDX1,-0.0993630094538575,0.5584831144249678
CSTF2,0.0858481101488841,0.5585026842771605
CLIP1,-0.1595291078149596,0.5587703633735865
CELA3A,-0.3211073394853718,0.5588326818339113
HEATR2,-0.0509606549222656,0.5588656124287856
TRPM6,-0.2448949430347307,0.5590932361036901
SVIL,-0.1717620130249422,0.5590942220015583
CYP4A11,0.312513151618,0.5592252396536079
RPL37,-0.0669943466741838,0.5593144429385475
CCT7,-0.0963031896160426,0.5593743903458218
CDC34,0.0757862171641807,0.5594248251147067
CSPG5,0.2958766633813168,0.5594404943430721
ITGA2B,-0.3458022213704317,0.5597326646162609
IVL,0.1055900429762708,0.5597462217917941
FLJ11292,0.2805902979596775,0.5598370569054363
SLC13A2,-0.2581432461332431,0.5598600807797114
GPR98,0.1324520020547055,0.5603285792491625
CLINT1,-0.105523895500692,0.5604313635465039
CAMLG,-0.1247660152975758,0.5604385290766233
C11ORF24,0.1040660200953969,0.5604478275017082
PRKCG,-0.1883590344197956,0.5605206277905472
NSL1,-0.2810757702605393,0.5608110077439429
UBE4A,-0.0571316043638958,0.5608294173501264
HSPA6,0.1866059152433372,0.560903538698643
POLR2L,-0.195009492358019,0.5609520834936556
VWA5A,0.1815603564521648,0.5610301994788761
MSH4,0.2230208987451964,0.5610443935797246
ZMYM4,0.0699775698541653,0.5610490919271861
PCBP4,0.1108403174663603,0.5611475854289053
CTH,-0.2004051305616609,0.5612303783038094
RRN3P1,-0.2199560598400411,0.5613221250338273
LRRC2,-0.1629258077735098,0.562045918274757
TGFBI,0.1405116921923319,0.5622083824825707
GBAS,0.1187975529055336,0.5622235519462401
GPNMB,0.1054846332997261,0.5624431008384663
DCHS2,0.1620868916471813,0.5626644826613467
HSPA12A,0.1758614567113006,0.5627461660087907
SQLE,0.2228662218822164,0.5628050905291259
BHMT,0.2127123204182455,0.563201544272803
HOXC10,-0.2471204852716937,0.563208252757189
UNG,0.14166759489322,0.5632101271191471
GPR39,-0.2721520300946514,0.563235723806587
CXORF40A,0.0463690440780037,0.5633424633333053
MRPS35,-0.0734966966273944,0.5637950975856212
MAP3K14,0.1171890620716737,0.5638449144858841
RPL15,-0.1347644913631134,0.5638871940476914
P2RY2,-0.2885531125372336,0.5639774373933945
LRRC41,0.1709437600012116,0.5644908656216198
MCRS1,-0.0536122228694306,0.5644951966573326
NF1,-0.2635317340428296,0.5647500721480778
CCDC68,-0.2468500730304281,0.5649607998848077
HDAC3,0.0698687547791383,0.5651506139845618
ZNF271,-0.0797223922545509,0.5653215569958726
SCD5,-0.1788337028235869,0.5654083455572865
SCRIB,0.0940369922341517,0.5655375616395283
TRIM58,-0.5549727569606246,0.5656174391397257
DNM1,-0.1727378547961624,0.5661077382277703
CIDEC,-0.4501958251578859,0.56629413759887
LRRC20,0.2368199549911702,0.5666330027416567
ACSBG2,0.1776475513434565,0.5667789289745461
TSPYL4,0.0875635846357969,0.5668112287490753
CCNI,0.0724988448322978,0.5668128221186803
RP1-217P22.2,0.2716981193493213,0.5669436833394967
NCDN,-0.1136050481649046,0.5669728868430031
THOC1,-0.0960512453178097,0.5672866435306284
GSTM4,0.3567564141158739,0.5673092923897413
RAPGEF4,-0.1443328524767952,0.5675242589817586
ELTD1,-0.1589693171812349,0.5677161585516992
LRFN3,0.0861361099325224,0.5677299244604537
WNT16,-0.2946356136640915,0.5677857626452671
HMGN2,-0.0635859085291024,0.5678897625159496
FTCD,-0.2009188947690434,0.5679729105318153
ZBED4,0.4038323373132391,0.5681038248379885
ATP10B,0.3030491369313703,0.5681735044288202
SERPINB8,0.1161538006381617,0.5682295072897325
WDR5B,0.113294612230657,0.5686472957342484
RP5-1119A7.11,-0.240700209224725,0.5686645180154999
GRAMD3,0.2220781743910489,0.5688172008752856
ETNPPL,0.2997824343814823,0.5689271242775276
RPS6KA2,0.1459071734851882,0.5689549094237603
HIST3H3,0.2672529020446026,0.5690742953431508
POGLUT1,-0.0630638737811022,0.5690791371875392
POLD4,0.1203496242797026,0.5692307824635482
FAM3A,0.1822704640181136,0.5693041701485984
RASL12,-0.2146974044809528,0.5694114708067429
THAP7,-0.0983231805247744,0.5694228437910357
AVPI1,-0.1041880626357549,0.5695728196890945
LHCGR,0.2891141808099666,0.5699343937538831
ART4,-0.1361323990988054,0.5701460024225394
PANX1,0.1614511372500455,0.5701938359987709
TINAGL1,-0.2162820139315284,0.5702070977000603
RP6-149D17.1,-0.3568750593268062,0.570381180226457
HMGB2,0.1163628504362588,0.5703836012069607
DGKA,0.1411818583820094,0.5706505771310509
RARRES1,0.265485999909778,0.5707841006192289
GDPD5,0.1697616095528875,0.5708816183945019
LRP4,0.1835463124057117,0.5709240802053651
ST14,0.3055624557822094,0.5709501400144863
TNFRSF12A,-0.2734990873733967,0.5711772349123557
NOL11,0.0733966366732445,0.5712672466149171
ZKSCAN1,-0.1310177506980583,0.5713486132562249
SNX7,-0.0999036964574706,0.5714179947000577
SLC7A1,-0.286322698954252,0.5714637323205054
PRDM4,-0.0853279573569825,0.5716691152243817
MYO7A,-0.2385316277757647,0.5717365676465743
CYP2R1,0.1755350080160571,0.5718314361236645
ATP6V1B2,0.0841112661740446,0.5720375660214407
CNTNAP1,-0.1213686538730769,0.5720640636240311
JUP,0.2800749236760982,0.5720846519462838
MYO1E,-0.1158144735080366,0.5721636237246772
CLSTN3,-0.1354631889325368,0.5721986212525774
IFFO1,0.1040397439480571,0.5722591902764436
CCHCR1,0.2094212647159308,0.5723936648098069
MYO7B,0.1380872432065008,0.5724474487961496
SH3BGR,0.1776825810252438,0.5724805900860274
NAA60,0.0828302971698473,0.5725006581136148
SNCAIP,0.2820737215386337,0.5725242790698597
SLC8A1,-0.2760722635137416,0.5728880828897457
GPR1,-0.3240186456618108,0.5729324866780945
CDKN2A,0.2411551604932249,0.5733844010252066
LDOC1,-0.1329483648381462,0.5734024483318033
DUS4L,0.2980141828079423,0.5735196547443911
PRO1596,0.241871300605597,0.5735261180843193
LAPTM4B,-0.1610141072151272,0.5738448934890534
SGPL1,0.176317736090561,0.5738537770685809
FSTL1,0.0576186789113322,0.5739635123140479
DNM1L,0.0854555319845946,0.5740630768067324
P2RX4,-0.177337755259705,0.5741637831769025
CNOT1,0.0700841755696934,0.5745628727059439
ANKRD6,-0.1587220082440037,0.5746474825238266
IGFBP6,-0.3233364620578687,0.5750229206346931
LZTS3,0.1210905030788564,0.575192002934276
GSR,0.1297655526667434,0.5751942513845025
FAM96B,-0.0429270745369656,0.5753058007536815
PDGFB,0.2592869980098982,0.575345389766507
GP1BA,0.0977543154665188,0.5753717844276165
SPON1,-0.3968280679830922,0.575436726436207
HTR7P1,-0.2072598030568013,0.5755307107967578
CD81,-0.051602200089782,0.5755753265211923
SLC22A4,-0.1541356020168987,0.5756795263906801
PDGFRA,0.2688011393698724,0.5758428268322822
COPB1,0.0492418145074164,0.5759201299506622
PSORS1C1,-0.2628036930195199,0.5764170298683908
LRRC36,0.2772475974384862,0.5764624673066143
SRP9,-0.0633222091360234,0.5766353807014332
ACN9,0.1306840297690481,0.5766718474197334
RHOD,-0.3056338402451724,0.5766964112031384
TSKS,0.1102580280894685,0.5767872468668339
WNT11,-0.4486139632703461,0.5768547066634115
BMP8A,-0.3636151864110335,0.5769124538121203
MMP28,-0.3214819757334233,0.5769901363390559
SNRNP35,0.1679261541837107,0.5771035380134195
RPE,0.0836866074001676,0.5773599039676631
MT1G,0.1730456333764962,0.5774497841699564
TACR2,0.1946023921615181,0.577565988404298
LGI2,-0.3432508913252583,0.5780866076838223
EXOSC9,-0.0966023367641621,0.5781582789098823
COPS7A,0.0598670053197469,0.5783238647016453
CHTOP,0.0756299371026116,0.5785488358582676
CCDC51,0.0722945845533136,0.5785772007475183
LGI1,0.2885237328674521,0.5789251270522412
SUN2,-0.1060597908411722,0.5789345618376261
SAP30BP,-0.0793706034474954,0.5790644811175543
DIABLO,0.0643307543545859,0.5791877580699047
EPHA2,0.2468744326556349,0.5792190254715086
RBM15B,0.0834377169131954,0.57933141061503
GNAS,-0.2960420025477992,0.579361022321494
PPP4R1,0.0715182922745008,0.5795698890097455
TECTA,-0.1256590363782983,0.5797055140130128
ZNF205-AS1,-0.2347842018991635,0.5798168206965705
NRBP1,-0.0629314136965693,0.5800413672332698
PRSS22,0.1101601229712878,0.5801688895693291
ZC2HC1A,0.1438390466592221,0.580516218124565
AVIL,0.1539417077036535,0.5806119076154531
PSMD1,-0.0875181810711183,0.5807470682074048
ERCC6L,0.2730227953540076,0.5807912417206859
AAMDC,-0.252402895380365,0.5808111067747023
UROS,0.0542311104989323,0.5808124605306327
GNL2,-0.1466333218116187,0.5809258706913976
THBS1,-0.3313857636592976,0.5812110182138192
YARS2,0.130766868575253,0.5812250811057789
LOC100506571,-0.1467308465618755,0.5812508737355976
GDF2,-0.1861924868889533,0.5813799176726397
MED4,0.1348186373856421,0.5814065105191732
ANKRD36,0.1395406096663043,0.5818773625565428
RNF8,0.1246492545348121,0.5819936019875264
SREBF1,-0.1227563368821424,0.5820365608496644
RP3-359N14.1,-0.2181761004871152,0.5820493834722952
ERV9-1,0.2457767011962248,0.5823158082385396
MPG,0.0790676615867518,0.5823262852860492
TENM3,-0.195558106179349,0.5824689569788798
NPHS2,-0.2638284207510279,0.5827925402444462
LPAR4,0.2943034019777846,0.5829245970381549
LOC51145,-0.2234092544510444,0.5830950246710096
RAB27B,0.3217079517686918,0.5830980483322223
TALDO1,0.0846349485293114,0.5831147955076522
NIPSNAP1,0.0815051750410598,0.5833544197505918
TTC4,0.1026758503329432,0.5835047536205388
FHL5,-0.2465392680721878,0.5835081217280743
ADPRM,-0.1068994282475035,0.5836978163727986
ZNF432,-0.1193111433989937,0.5837344296013773
KLHL4,0.2451622484610958,0.5839290657997109
ZDHHC14,0.3127772774391797,0.5840726287774626
TRPM3,0.2178161496419539,0.5841064438903425
ATG7,0.0814838023233424,0.5842544201970372
DSTN,0.0874133160488082,0.5845310889583034
CRELD1,-0.1368288136635662,0.5845745641127359
IKZF1,0.2510186532001333,0.5848729318472254
RBM6,-0.1193591426010893,0.5849766536906975
HECTD3,0.1030232589529784,0.5851401337178346
RAD51C,-0.1054254869669062,0.5852026424215634
SEH1L,-0.1957277421707868,0.5854138857326132
HLA-DQA1,-0.916696984729076,0.5856609022684344
TMEM134,-0.1031236425225987,0.5856881924144888
ECRP,0.2038410536167862,0.5857178073651331
PRL,-0.1551591147483355,0.5862155163474034
RBM7,0.1062252711788414,0.5864965020277788
SLC9A3R2,0.3571754798518105,0.5867240890156191
PDE6C,0.2855657648422203,0.5868533758626506
HEATR1,0.1193030898152063,0.5871781653190933
HIST1H3A,-0.1613907332299473,0.5871820867010042
NABP1,0.3790504256728244,0.5873001552191571
GCM1,-0.2160900463749691,0.5874523631784555
RAB40B,0.2152253916175928,0.5874667284864445
RTN2,-0.1259115964291215,0.5875196360684591
HOXA7,-0.2656252888921759,0.5876549575349027
NFKB2,0.2967502937471522,0.5879922574313216
SMARCA1,0.2067564898896323,0.5879929824214813
ETV6,-0.1220472647318136,0.5880028632918314
LGR4,-0.2413736678111639,0.5880146121302785
LGALS13,0.2436723154737174,0.5881769181878779
CNNM2,-0.1060694156826587,0.5882856753067364
RELN,0.2899758513879309,0.5883516931248323
KLHL24,0.299793853840562,0.5884814855007773
ID1,-0.1659532619380002,0.5886739602529518
CAND1,0.1194814180474814,0.5888261646952111
CEACAM8,0.2966386911437566,0.5888817258851842
ZNF212,-0.093962257031178,0.5889875378707514
CBX1,0.1109563645673112,0.5890603523407276
MAK,-0.312721968888531,0.5892753308004555
TRIM24,0.1068496132926943,0.5894977204633811
ZNF235,-0.1954166778101997,0.5895148229583327
ARHGAP12,0.1514213972353566,0.5896254661721553
HSD3B1,0.3098985362627329,0.5896787904818073
HPCAL4,-0.1896463143371178,0.5897381800364503
URM1,-0.0611020630401117,0.5900490342150876
DIDO1,0.119277549882252,0.5901445220075175
SYNGR4,0.2175194621716745,0.5901576675384809
PCMT1,0.092643197396784,0.5902129551973102
KAT5,-0.0726036789084574,0.5903137905362221
NACA,-0.2225718202007032,0.5905123552816572
GJB3,0.2219150601419723,0.5905775493468683
LOC100507630,0.1759494593420165,0.5905920516090873
DNAJB9,0.2484886579577017,0.5907958051275288
SLC2A2,0.164721984016263,0.5908357851022376
BEX4,-0.1209563988872677,0.5909977453417314
ALDH3B2,0.2044413189467016,0.5910174379384205
TCFL5,0.0937261840905936,0.5910545477705974
SLC27A6,-0.3001805647066096,0.5911662899710984
MAGEL2,-0.2598163213915869,0.5912782319942966
RIC3,-0.1804790224458168,0.5913575710661231
CASQ2,-0.3671900671145343,0.591402332313258
GRB2,-0.1439879946435986,0.5914499641653574
SKAP2,-0.2068139137260445,0.5914740084703941
C16ORF3,-0.2269455254815042,0.591608374750351
VBP1,0.1088326358671576,0.5918225065449582
FBXO24,0.1433131945967627,0.5919875713811119
SDAD1,0.0711116322475469,0.5923674766292254
SKIV2L2,0.0655847833894966,0.5924026889973452
NDUFV2,0.0472917636440453,0.5924132425270945
TSNAXIP1,0.0838029493674916,0.5924473928777056
GJA4,-0.1956024399370566,0.5927158507302897
NUAK1,-0.2129712874598084,0.5927443766289093
RET,-0.1975412982519877,0.5927838750793241
MRPL22,0.092893539166436,0.5928202737679291
PRO2949,-0.1888883742127314,0.5931181134424952
URI1,0.1881178486756791,0.5931198242968441
PHOX2A,0.1654458521064548,0.5935291938347118
C5AR2,-0.2495164495745134,0.5936578156103076
DAO,-0.0522493586632446,0.5936998299860234
DGKZ,0.0771298631078405,0.593857754284537
CTNNAP1,0.1336575008002523,0.5940083431250798
LGALS3,-0.0626430303990943,0.5940260640301118
ADAM2,-0.2999761752530423,0.5946339135047995
MRE11A,-0.2437399001798859,0.5947414748904186
EFCAB2,0.125049164517633,0.59487592237214
PARP3,-0.1204976759491227,0.5950408481999999
VDAC1,0.0972012199192455,0.5950867990663186
BTD,-0.0987425281251441,0.595090260392715
CGREF1,0.2315506299194147,0.5951483442866088
RPS7,0.0560912824840418,0.5951654838636582
LAMP2,0.1050759109181331,0.5951990517225744
PSG6,-0.1435768042001788,0.5954609600920566
HILPDA,0.1905298209614265,0.5955237193223939
METTL7A,-0.1162599508276063,0.5955502368698055
CXCL1,0.4886196718725717,0.595630426490155
STAR,0.1488680693592514,0.59604171745649
TM4SF5,-0.1442690973677143,0.5965466773684628
GLRX,-0.1677191466358873,0.5965536390921319
LRRC8E,-0.1528880312362908,0.5967769771380342
CLDN10,0.1181864230554854,0.5967828405691694
VCAM1,0.2080714977551299,0.5968574635315967
ORC6,-0.0900655137437764,0.5970029530031068
DCAF6,0.0768494858976769,0.5970722246570689
PCBD1,-0.1067300624326641,0.5970808108872525
CLPS,0.1972241938024685,0.5971290237437014
TUT1,-0.2136252137050229,0.5971756902404353
FOXN3-AS2,0.2437590554982538,0.5973370363889716
PKP3,0.182022789431282,0.5973675995946294
SLC2A9,-0.0561341206397987,0.5975662768208734
RAI1,0.2922887945742003,0.5977912701348106
KCNIP1,0.1208642538226936,0.5979825354537271
PEX14,0.0918548994807144,0.598101994715984
SLC16A1,0.2164418733471516,0.598220565524941
IL33,-0.2856813262707796,0.5985414295292587
CAMK2G,-0.1680965445139213,0.5987663034261975
ATRAID,0.0863722102052069,0.5987964100176905
LOC101927550,-0.2475003766963199,0.5989446722900361
MT1E,-0.1428793784074482,0.5990417062803031
PCK2,0.0919714088960486,0.5990480202547048
NME1,-0.1155160963556287,0.5992999329424429
WAS,0.1271898730277776,0.599356497992676
SCN2A,-0.2326758204420684,0.5994645011136794
KLHL3,0.2465194356032691,0.5995772996613543
PMAIP1,-0.2808638162942198,0.5998419296705971
EPCAM,-0.2974772341923728,0.6006428920994129
PCDHA2,0.1042086373597004,0.6006590236523323
SRPX,-0.2098036181776823,0.6008132284614726
EIF2AK2,0.1080242905082009,0.6010091504925156
MORF4L1,0.0886730022076083,0.601281513084023
SGMS1,0.1227999778179818,0.6013574978858831
MXRA8,0.1413359113824057,0.6015311515300931
WFDC2,-0.0866405165015971,0.6015690063791953
POMT1,-0.1132458218854246,0.6017785843032437
PAIP2B,0.2352811797250646,0.601793358415187
CKS1B,-0.1074960505570299,0.6018022090815911
CLPX,0.1208777690229627,0.6018213028520564
GNG10,0.1199169213468351,0.601868427826505
RIC8B,-0.0527363181056372,0.6021326986160456
SSBP2,-0.1802844036365627,0.6021410869247367
CARD14,-0.1680699306021855,0.6023597453118247
RPRM,-0.2749300610766099,0.6024892699165343
ATF1,-0.1196097109642124,0.6027532315103025
CDH5,0.1693128752528618,0.6027780064399381
BC069756,0.1632591300658745,0.6029111410207878
VLDLR,-0.1149899272958965,0.6029266015821849
CYP2E1,-0.2300276789288533,0.6029603356493556
SEC14L5,-0.0714957109619289,0.6030162628989263
YWHAQ,0.1054797433645884,0.6032134638275793
BCL2,0.2536969143706633,0.6032318989276142
KIR2DS5,0.0860153783186081,0.6032955443517236
ARSF,-0.1975342763149523,0.6037445575720769
FARP1,0.089080894532957,0.6038494452331352
ZNF259P1,0.2456240670672147,0.6039052942696514
B3GAT1,0.1071567018667956,0.6040344104916587
RP5-882O7.1,-0.0213917717174609,0.6040366542907161
CAPRIN2,0.1253515535072065,0.6041463787876993
JADE1,-0.1430123056597221,0.6043131413522724
CDKL1,0.2807300770776511,0.6049173345964985
ELOVL4,0.2612393519988352,0.605079136071242
PYGL,0.0912286039633567,0.6051623652987409
TAGLN2,0.0920874924151906,0.6054338233559716
COL10A1,0.3842932595567774,0.6055342839287852
ZBTB25,-0.1676171847416023,0.6055737734367714
ZNF672,0.0517693857333139,0.6057074418819679
RFX7,0.19675131908423,0.605739112124583
ZBTB40,0.1201724096919445,0.6057697220730922
CHEK2,-0.0874860929884926,0.6058045520445787
KDELR1,-0.0839497905847519,0.6059451109197888
COQ2,-0.0834577643858782,0.6060557189539965
PTPRT,0.2276826231590174,0.6062650437181413
DNASE1L2,-0.1878404412028773,0.6063298106454925
PAK3,0.0849253708586914,0.606338491416748
CFL1,0.0467027896538017,0.6064033921317095
COTL1,0.128538093271274,0.6066394902799672
DNAJC6,0.1791462959961567,0.6067128923123392
LIN7B,0.1099767381818717,0.6067163248856214
MOB4,0.062464154886026,0.6067543938527502
REG1B,-0.2107286922507629,0.6069091798614599
MAP9,0.3724377351050041,0.6069603726451611
GPD2,-0.2200548657993346,0.6070573267378045
FEZ2,-0.1073814955637733,0.6071391987167627
PSMC6,0.085721288279192,0.6071747693839918
CTSV,-0.1516683749972402,0.607272549294896
SYT12,0.2214858874520962,0.6072991515122965
FOXD2,-0.1271348994019376,0.6078120405937028
SCAMP1,0.1931963902943509,0.6079223280086318
NRIP2,0.2674925412503794,0.6079374061819969
MOB3B,0.0713524046861975,0.6082510000470731
CDK2,0.255051070530091,0.6085006042479073
POLL,-0.1557678808261977,0.6085714955838006
SCML1,-0.1457618566020322,0.6086771748537764
WNT7A,-0.2584584832938317,0.60869121906053
PARD6B,0.274561924374554,0.6090570790981518
RP4-781L3.1,-0.0800324694745846,0.6090761765820433
CYP4F2,0.1073694411598671,0.6093044475034484
NOTCH3,-0.2998612425259299,0.6093156511178235
ATP6AP2,-0.1483782625736749,0.6095080772911151
MOBP,0.1762634595027608,0.6095210086967247
PSG4,0.1745200765185757,0.6096250732512825
PRORY,-0.1490397752104479,0.6097460005978032
LPCAT4,-0.2201788401155076,0.6098994844534162
NCAM1,0.287144314423065,0.6100037344567908
ARHGEF28,0.2594526022831411,0.6101150998143126
DNAJB4,0.2018403285042982,0.6102428914119743
USH1C,-0.231836936503428,0.6103372871756083
ZDHHC18,0.1141274281841164,0.6107024916105892
SRP19,0.0800017781482704,0.6107943363706592
APOBR,0.211364424644719,0.6108736736107938
ALKBH1,0.0638578350835832,0.6112432281172783
FAM90A1,0.1327951377868843,0.6112644367199868
GJD2,0.1063943818087791,0.6113238799536987
FAM174B,-0.0841832119413776,0.6113657208863805
C14ORF166,0.0305514823079526,0.6113751297772447
AGAP1,-0.1281731888568096,0.6116343216588583
ABCC2,0.3749983390126274,0.6116826695976655
CBFB,-0.1259668118813852,0.6117204930712337
PSEN1,-0.0912174432438686,0.6117668247143903
MAST3,-0.092035686569357,0.6120609161356345
SLC5A1,-0.1253159136231856,0.6121138945695862
LOC101926913,0.2857763941026472,0.6123391037800977
ANXA5,0.0465641685443003,0.6124600737273963
MAF,-0.3362681270045531,0.6125746367765669
UBTD1,-0.1253719937283071,0.612765242872319
TSC22D1,0.1951452015624291,0.6127710223996724
RYK,0.1029506954233916,0.612809585268639
IFRD1,-0.1873002030627741,0.6130386614050236
RRP7A,-0.1020989010974418,0.6131034623086754
CBL,-0.1661011110697234,0.6131819820327998
HIST1H4A,0.2438804037316542,0.6132364242051672
SURF2,0.2118168968822749,0.6133209692111945
ABCF1,0.069736550045631,0.6134116647065267
LRRTM2,0.2197998292569671,0.613425851887223
WDR45,0.0663648586696652,0.6136905362726963
SLC25A21,0.1560104724238078,0.6140856315461339
CFHR4,-0.245422846073906,0.6141019251031892
CCDC181,0.2983434771627671,0.6141766786200963
NEURL1,-0.1499700359051496,0.6143211346811085
HCAR3,-0.3664017340448637,0.6144039920927152
NPM3,0.0818219247186764,0.614681895571451
FIBP,0.0507191227862868,0.6147129105616611
ICAM1,-0.162302928672247,0.6148679445718592
KCNC3,-0.2361633444746704,0.6150786371701918
NRG1,-0.2963975165087213,0.6151185423646341
RQCD1,0.1507547190916538,0.6151224179308445
LINC00342,-0.2538732125295881,0.6151561323923869
TCP10L,-0.0675556883756369,0.6152347735941301
SNF8,0.0590577176648103,0.6152578646340074
SLC25A32,-0.1270390978241149,0.6153654804018214
MIR3916,0.1875526595951981,0.6154430063483226
PBRM1,0.2491552883562517,0.6154870598121912
IFNGR1,-0.1018238009650964,0.6159761953072661
MED27,-0.2494778511093631,0.6162124242657895
NPLOC4,-0.048895338829288,0.6162395595234114
THG1L,0.0864277654962597,0.6163558071778542
LRRC32,0.1655103498378629,0.6165077132986899
PINK1,0.1113693804085578,0.6166565026523493
RPL36AL,0.0779487042546414,0.6166909222957023
SNRPB,-0.0876532283181301,0.6170624537937295
PRSS8,0.2118501544069309,0.6171014497254325
CBX2,-0.1358328842685283,0.6171090434034711
STX6,-0.0943764441644896,0.617200175688933
ADH7,-0.1010893485649226,0.6172318274892921
GK2,0.2243874177794289,0.6173046794455216
PPM1H,-0.1513205008047293,0.6174345046365157
TJAP1,-0.1796876702823713,0.6174404239971194
SMAD5-AS1,0.0926224881058113,0.6174903541780015
ARAP3,0.0991759532083609,0.6175341016738762
SEMA4F,-0.0816349709866006,0.6175903213022763
PPP2R1B,0.2446770631356996,0.6176106228716851
HDC,-0.2114380666499782,0.6177187690320167
SPATA7,0.2084159797903817,0.6178740012944584
GNPDA1,-0.097313287350099,0.6179257666073571
KIAA0907,0.0988129979131482,0.6181081159721432
MTDH,-0.0767163539063666,0.6181687070731033
TNNI1,0.089027257561228,0.6182670909278127
MFHAS1,-0.1169467416114251,0.6183237820771591
PRTN3,-0.2649475540739265,0.6183670774143637
TSNAX,0.0547088913222175,0.6183886968490574
PCF11,0.0833483914512065,0.6184126784112721
IZUMO4,-0.1890719953838466,0.6185555173802761
ULK1,-0.1113749144546494,0.6186675461802104
TMEM160,0.0990226177455717,0.6187039058073531
RABL6,-0.1179234636402313,0.6187848185373577
TRAPPC13,0.1458703040283548,0.6188771820929756
SLC9A2,0.1972811095416089,0.6189050925149481
ATP5SL,0.1023421127146981,0.6189246216774168
DCP1A,0.0454781215654751,0.6189680433729131
CDH17,0.2340411276239251,0.6190885822718634
HRAS,-0.1240881888891038,0.6191094010850343
LIPT1,0.1383906163673778,0.6191450252191735
FBXO28,0.0752611295310945,0.6191904650002734
NRP1,-0.2963764625432556,0.6193506476197159
GPR15,-0.111710937246948,0.6194476826597705
CPEB1,-0.3199123145682554,0.619516269969667
CNPY2,-0.0743955407059271,0.6198087235043153
SPATA20,0.1504127836244233,0.6198643498975617
TGFBR1,-0.1217970298918791,0.6200868311541283
NELL1,-0.2479423121891439,0.6202763962866169
PRNP,-0.128519987895201,0.6205107137579032
TMEM151B,-0.1441482321794973,0.6205859097394731
TRAPPC3,-0.0776478131068003,0.6206017308276695
ZNF132,-0.0658670531763085,0.6207790934908664
FGF7,-0.1840337999856851,0.6210501883004735
ARSD,-0.3446364024445287,0.6211024656051636
PELP1,-0.0933621430178952,0.6213710442543562
TMEM159,0.0988368515593647,0.6213998119415287
PPARGC1A,-0.3057973268528933,0.6214092978301261
RBM23,-0.0420345819407899,0.6214514918194859
IL27RA,0.1988035071896385,0.6216815893577314
TEX30,-0.0819524571409733,0.6218925131854718
EPHX2,0.2917497865831828,0.6220114617447056
LSAMP,-0.1296105428967506,0.6220798032464728
RP4-710M16.1,-0.081109076871634,0.6221188702006525
SRF,-0.1888169434159019,0.6222524078798184
PKP2,0.2590835119118226,0.622471221177664
DHX34,-0.2454585237365121,0.6224777001928002
SCAI,0.340371305446804,0.6225622764714513
MMP27,0.0977163579896505,0.6225644524928096
PREB,0.0824652308266546,0.6227006657249463
ARMC6,-0.0968925239722713,0.622732664139214
IFNA5,0.104385423146688,0.6228089156060377
C1ORF95,0.1230562394194088,0.6230630672756533
GCGR,0.229123850367503,0.623158318397747
ABLIM3,-0.1558433723772427,0.6232416034722004
EFS,-0.1564063656858652,0.623642368558461
DPEP3,-0.2044935438777915,0.6237682869586814
DMBT1,0.0687417291103082,0.623863752282913
TRAPPC9,-0.2112171411706787,0.6239128278444024
AC084219.3,-0.2827241909637386,0.6241082319834403
MIS12,0.1514745679274618,0.6242510194669925
B4GALT6,-0.2599214976592243,0.624332831064956
ADAMTS13,-0.1519118023255181,0.624356036995247
XRCC6,0.2006205871236446,0.6244376000594166
MST1,-0.2391886956195739,0.6246431423452778
AGXT,0.2377440719918588,0.6246926416548235
TFIP11,0.1776645415425548,0.6247565638473497
ITGAM,0.1219888479553592,0.6248488396008925
ARHGAP22,0.1693799700795129,0.6249624784563178
SAR1A,0.1514752280899651,0.6250344073227944
PTGES3,-0.0492307016775335,0.6250664663788711
ODAM,0.2319795147070031,0.6253774267871809
ATP5O,0.0975218908247921,0.6253917832110857
C7ORF43,0.1868087317902471,0.6254669214565152
ADAMTS7,-0.1566542561894968,0.625521225735723
CRNN,0.2282066241306344,0.625528356281765
EIF4H,-0.051913237468165,0.6256141989109371
CXORF56,-0.0645856719588682,0.6256150279443737
ANKRD10,-0.087698010423832,0.6257454996689265
NGFRAP1,0.1226448915388083,0.6258109602361343
WDR48,0.1167092095108541,0.6258891091431715
OR2F1,0.2087206213765595,0.6259381786620708
KDM2A,0.0939266644164522,0.6260277019320396
KIAA0355,-0.0922670248302193,0.626453548383412
POU1F1,0.3090105177671036,0.6266043758547233
SCN11A,0.2733663363349587,0.6266048551664765
LOC103344931,0.1098525101994338,0.6267603585308666
ARHGAP5,0.1079266920810777,0.6270002761802141
SERPINI2,0.2225000164605228,0.6274755689265594
GPSM2,0.2854477259342314,0.6274762144201965
MAGEC1,0.2244217096404366,0.6274998883762241
A4GALT,0.1686437754545036,0.6276438378120246
ARMCX2,0.111715825060612,0.6277015197435678
TOMM34,0.0710313769873511,0.6277578436701503
CRISPLD2,0.1628246626636755,0.6277648014844066
LIPG,0.2609713444875483,0.6278681645550775
ZNF574,0.2283586906318708,0.6279293697819397
SLC22A7,-0.245469562778942,0.6283627560458505
TYR,-0.0870378637258388,0.6284058504762284
GNAL,0.2444120835853911,0.6284201675811746
EPS15,0.0788088238701725,0.6285273183967505
PNLIP,-0.2468052994923946,0.6286475988287666
MPRIP,0.0604888673323014,0.6288304416922826
ZCCHC8,-0.1090190954887866,0.6289206716448452
USE1,0.0794850032124534,0.6295246031778109
CEP104,-0.1012984560759218,0.6295402893073121
GPR88,-0.250988825153974,0.6298435183357854
COX5A,-0.0574615544045737,0.6298552019140818
MYH15,-0.1059768294135157,0.6298788521807244
CAD,-0.0708952697556295,0.6299268102044833
SPRYD7,-0.1563735231949721,0.6301327675147395
LMNB1,-0.2092354412649371,0.6302745974552778
PIGR,-0.113670392898582,0.6303449673458688
CSF3R,-0.2250336415913567,0.630550709912697
TMEM40,-0.0954496963256037,0.6308304142229602
LINC01140,-0.1878315401070569,0.6312954731706387
MOAP1,0.1041321983464946,0.6314220417765398
UBQLN3,-0.1000548521108291,0.6314449693521099
ZNF330,-0.1456901400293961,0.6318546020714889
EXOSC2,0.2379826848795998,0.6319586919190746
TIGD6,0.2418833165068914,0.6325148138745658
LINC00574,0.1566219348260311,0.6326237554234325
SEC61G,0.0692601200923626,0.6326615745102124
DHX35,0.08169730111321,0.6327045388925102
INPP5D,0.2484495328242628,0.6328110307060527
CHRNA2,0.1600726201217517,0.6330511962442674
MEIS1,0.1004783374815954,0.6333374122220613
HOMER2,-0.2136865184188474,0.6335115190530712
VAPB,-0.2017573002455881,0.633612066146661
RPS15,-0.0230645602646948,0.6336191865223041
DTX4,-0.1507243633082637,0.6336323453842778
LGR5,0.2938119362577676,0.6338368708017313
AREG,0.2396519661372651,0.6338474902080959
CYB5R1,0.0644378608277378,0.6339200909265618
CLCA2,0.2857799648744312,0.6342080499103252
LAMC3,-0.2626394483981089,0.634270383302879
ARMC4,-0.1669895394613165,0.6342944292350002
DAAM2,-0.137255906455616,0.6343571862660202
RPLP0,-0.0750879478121699,0.6344153183840924
ELAVL2,-0.1818820336206021,0.6344795185723996
CLASP1,0.079128556969291,0.6345503755060877
PDHX,0.0876421363549919,0.6347630555164889
FIP1L1,-0.0778913708928978,0.6348863340800299
ZNF207,-0.0620570234775694,0.6350831981386246
NR0B1,0.2656403162849186,0.6350867677776214
CACNA2D3,0.2878399162898262,0.6353619229644147
SMNDC1,-0.0875277991950387,0.635424480871369
NES,-0.1400008060850641,0.6355327171038688
HRG,0.119092867869222,0.6355803025600317
CYP24A1,0.2879710925365346,0.6357108544168695
ACD,0.1319913028083803,0.6357333878867953
MPPED2,-0.2953220098322351,0.635739022189755
AK2,-0.1952815775380658,0.6359206929265021
SERBP1,-0.1574919351859414,0.6359421548994239
MYOZ1,0.1457783505421233,0.6359464956301796
PRO2214,0.2861129251665284,0.6359490096546248
HIST1H2AM,0.2348699938089558,0.6362771665887931
OR1A2,0.2453272713648875,0.6367203679253348
OPN1SW,-0.1128663235376312,0.6367531445959661
SQSTM1,-0.2390088057840858,0.6370314844148713
EEF1E1,-0.1076322571309269,0.6373743535863727
CPT1A,0.2689506466322076,0.6374812545600166
RP11-414H17.5,0.0795961098544459,0.6376098192421044
CLSTN1,-0.1123352410611584,0.6376554441763171
LRRC1,-0.2175149390466249,0.6377865106247254
IMMT,0.0350071510244411,0.6378953581528024
MYH2,-0.1505826766540563,0.6379713120527498
PGRMC1,0.1203385665876464,0.6379797100872441
JAG2,0.1074133948546709,0.6380265266676839
CH25H,0.2456494264917621,0.6381594922185169
IL12A,-0.15923948564377,0.6384754056530181
ITIH2,0.0947410303502778,0.6385678281120979
CNOT6,-0.0678758229924429,0.6386121362489068
TMX4,-0.3144299627631364,0.6387032988977619
MAPK9,0.102489026091872,0.6389906859380707
CNNM4,-0.1147821276242186,0.6394452243998409
GRHPR,0.0738139231053907,0.6394614151150154
FARP2,-0.0811720857565108,0.639543156024004
ARL6IP1,0.0608620675670916,0.6396989333042258
PVR,-0.220016898211826,0.6398255616521026
HEXIM1,-0.1025952398255238,0.639826357390649
CD55,0.1833158231449072,0.6399284292768871
LY86,0.1598038893858895,0.6399294609050012
DCAF15,-0.1116670933452179,0.640175831582267
FAT1,-0.119186681574213,0.6401958918496957
CCL20,0.6219633067741128,0.640218335028213
GTF2H4,-0.0469741026515686,0.6402369446545441
EXOSC8,-0.0624204866376612,0.6404017735272532
SUGCT,0.2110138901423175,0.6404023469392252
GTPBP2,-0.0437722038885528,0.6404990459814746
C2ORF27A,-0.0976575533781218,0.640516261484851
IPO7,-0.1616834814295114,0.6406950835716527
BC113958,-0.3465144762152166,0.6408718656505855
PTPN13,0.1312836253058753,0.6409044185520324
ACTN1,0.1324570020928792,0.6410341997608904
MIR622,0.164992507316898,0.6410501009071382
PRCP,0.0956946028274785,0.6412502995426617
IL9,0.225932505378215,0.6413083526684545
EIF4ENIF1,0.0569270277144298,0.6414872274056918
CXORF57,0.276892979839566,0.6415240811489824
KRTAP1-1,-0.1859792350153242,0.641581245205717
VPS45,-0.2119004229419596,0.6419385018250052
SCUBE2,-0.0942513502710147,0.6419978440005566
GRK4,0.2999172055094505,0.6421183961030679
RTN3,-0.0720755157217603,0.6422353966630728
TRIL,0.223709423446925,0.6423837479695227
ECM2,0.1461945559378072,0.64252170709225
ACE,-0.2002887729597153,0.6425745056238448
MYOZ2,0.2546582878949206,0.642643883352514
RCAN1,0.1897618942082068,0.6429002776827358
FLJ20712,0.1067294252448025,0.6429109902361768
STXBP5L,-0.1937143933351679,0.643110210787364
SMAD4,0.1178511020741108,0.6432188340880378
CALCA,-0.233683021940231,0.643293361856576
TMBIM6,-0.0558943356431331,0.6435605204913228
BCL7C,-0.1111907520805868,0.6436592588686043
C21ORF2,0.323437348217328,0.6437029249700379
ZBTB39,0.0730408191269127,0.643716405603703
C19ORF73,0.1525715160995462,0.6437816624671073
ERC2,0.3069570526937255,0.6440111469900626
KIAA0368,0.1212782927870597,0.6441026621722292
SLC10A1,0.1228896510421346,0.6441309772308097
NDST3,0.0979380881862903,0.644249039849471
GLT8D2,-0.12989799649527,0.6443505888843245
LCE2B,-0.2348915999103282,0.6446476309529845
OR12D2,0.1182197935988531,0.6447747380877099
TUBB2B,-0.2650580726706284,0.6448018077103835
ZNF136,-0.0687573183290108,0.645117183784785
EGOT,-0.1927520593526193,0.6451250301086437
GABRP,-0.1259867608177955,0.6454128139329548
SIX5,-0.1751529742176996,0.6454853244603415
CPN1,-0.0845658859304316,0.6455341997897349
YBX2,0.167857981197641,0.6456891586213374
ZFP2,-0.2782614957783993,0.6457845509244523
NCBP1,-0.1435559857610524,0.6459626112615507
KIAA0513,0.217395027115689,0.6459658084075798
YES1,-0.2199416972231196,0.6461271421254907
CD34,0.1471993803060733,0.6463386365588739
PCDH8,0.2572067546036325,0.6463545700843061
SIGLEC7,-0.1211940053492162,0.6463798076518099
EPO,0.2396362986723654,0.6466590006606532
TBC1D5,0.1015436298912781,0.6467813840670014
C5ORF30,0.1217234521521515,0.6468281260736133
CABIN1,-0.0710263422936954,0.6469289767701359
PZP,0.0711835677576901,0.6469831137456284
VPS37B,-0.0955799874479925,0.6470171998790966
DAD1,0.0378378619210124,0.6470172539475723
LOC202181,0.2572064281487911,0.6471488273045798
ZFAND1,0.1160171261300604,0.6471762556056015
TRPC4,0.2632723593326589,0.6472016453741825
NBPF1,-0.071683443834642,0.6473049035831211
VGF,-0.1156753478893533,0.647346646077432
OR2W1,-0.1528657499906272,0.6474012486836678
RER1,-0.0574409445673786,0.6474070609495892
AAK1,0.2399009253371478,0.6474389750635648
WDR12,-0.1051602795377739,0.6474393696933284
CNPPD1,0.2151976564252269,0.6474834673439804
STK38,0.1467586523562847,0.647684813471237
FMNL1,-0.150632955662795,0.6476853771471691
CLDN17,0.1958417600415254,0.647861298781779
XPO6,0.1118499420637686,0.6479079633398948
ZNF839,0.2389811003701059,0.6482116883151472
CHAD,0.2076732961075671,0.6485351195387401
C9ORF53,-0.1924779771090352,0.6485454235193193
KCNQ3,-0.154261157236613,0.6486723543592046
INPP4A,-0.2102499242375621,0.648782557627358
RBM10,0.068500217905008,0.6490336308931572
ABCF2,0.1627202409804047,0.6490575164615927
FCGR2A,0.1522963501420005,0.6491620720095871
LUZP1,-0.0762904222379532,0.649246270536133
UFD1L,0.0650244467880032,0.6494373200299998
TBC1D1,0.1572863204720631,0.6495309714608706
C8ORF17,0.1159298080092705,0.6495781383393308
IKZF4,-0.0891410205584026,0.6497011759745703
UMPS,-0.2533460450045641,0.6498767570970901
HGF,0.3172167075178107,0.649933000597537
FUT9,-0.1927669877808004,0.649977508271933
DEFA5,-0.0863273962189028,0.6499889735577565
GPR63,-0.1582684483556651,0.6501214277597039
ESR2,-0.2338827152483444,0.6502432053948921
TPSG1,-0.1433283814530588,0.650317458643741
MYO5A,-0.2387966284212526,0.6504098646241572
CAPRIN1,-0.0981967418755598,0.6509496462513686
GMEB1,-0.1661894294497026,0.6509512003908369
DFFA,-0.0529544150556589,0.6509730238122352
NREP,0.1698808222739254,0.6510429216227608
SIRT6,-0.0655151393702944,0.6512013952894641
LRRC14,0.2328059968066043,0.6514039816463458
NFKBIA,-0.0830778889344916,0.6514542072575511
PTHLH,0.2663157066947921,0.6515596751469227
TWIST1,-0.1532512209312617,0.6516004087632046
ARSJ,0.2021651360846696,0.6517156905068293
MAN1C1,-0.1178804920614169,0.6517604601655055
ASAP3,-0.140884447477207,0.6517625912010621
SLC7A2,-0.2556726276856027,0.6517738986748359
LPAL2,0.198619651820104,0.6519797629025784
HIST1H3I,-0.139929338138109,0.6519843014034379
LOC100288570,-0.1359524586756935,0.6520413952867015
STRN3,-0.1450824564299786,0.6520754808805426
FAM83E,-0.106242903183737,0.6521160837061628
HHAT,-0.1290003930571481,0.6521439353694924
TBC1D8B,0.0940057802304039,0.6521472788745049
LOC101927086,-0.1066176261887879,0.6522161390946206
PSME3,-0.0929126659211556,0.6524106421238717
GPR21,-0.0961984573234344,0.6525580503357109
REPS2,-0.1854585497821768,0.6526198902802814
CLDN16,-0.2075381871737245,0.6527137441478588
FAM189A1,0.1488866602634013,0.6527543371773575
RECK,0.1526677206330795,0.6527669118165152
PCDHA9,-0.1444444929987742,0.6528099907985494
CEACAM7,-0.316777516662218,0.6528557667560986
FGFR2,0.2066235626681924,0.6529251658039605
IFT27,-0.0770448975909943,0.6533214076902759
GSTO1,0.0664300890446139,0.6535674492117528
TNFSF8,-0.1215793382204593,0.6537805980852393
NME3,0.1264215762424019,0.6538606687348552
RP3-336K20__B.2,0.1907200922746392,0.653976822745254
ZPR1,-0.1171278411124703,0.6540742978260846
OR1D2,0.1154725959074065,0.6540947669727365
MICAL3,0.146301302094181,0.65412705908057
PAPOLA,-0.1364519110754285,0.6542090811293039
BNIP3L,0.0997274445208784,0.6543316415494344
EMCN,0.1717313750589468,0.6544182004690993
MGLL,-0.1121146095523375,0.6544930256731094
PRDM12,0.1657131265836784,0.6545964627421182
CDC27,0.1077828763249595,0.6546511022790249
TMEM223,0.1312522989395983,0.654730946427411
DDX21,-0.1534591993254253,0.6547344471526048
MAS1,0.1917576727383076,0.6547539918311882
RAB40A,-0.2142153723191495,0.6547680224235529
TMEM120B,-0.0752340787760728,0.6551437583172205
FAM66D,0.1651096297416332,0.6552454013761835
ATXN10,0.065062862456223,0.6552665552245162
PLVAP,0.1204968977863654,0.6553731398311626
ZMYND8,0.2483644987658673,0.6558888979175174
PFDN2,-0.0798895166349851,0.6558979576116095
GCLC,0.1002769295382304,0.6559205436446525
BMPR1B,0.1901761062699938,0.6560633517804595
CCT8,-0.122026585371346,0.6561202366607518
FAM107A,-0.3024091776142779,0.6561291615681311
NDUFA1,0.0716809334555286,0.656208262272144
PPFIA4,-0.1159344350753577,0.6562814689673422
COX7A2L,-0.0394533389259308,0.6563455750492037
HIC2,0.1742973677446517,0.6564350469049085
CDR1,0.3197146678114353,0.656459920773298
SNRPD3,0.0391942627198549,0.6565045246399389
SEC14L2,0.1257609335112244,0.6566159701691987
KIF1B,0.1141918212772612,0.6566917330836897
ZCCHC10,0.0687524553471554,0.6567675482977622
SPN,0.1788769343586613,0.6568510287394894
LAMB1,-0.1279780531205165,0.6570368488984297
EXT1,-0.2308221687414606,0.6570798581973337
SLC2A8,0.1423129811376338,0.6573298249222023
PNPLA3,0.1023793161493005,0.6573959943563824
NPR3,0.2337753807810116,0.6574048692298656
SRPK1,-0.0886653680112168,0.6575179220808959
EGR4,-0.2937973580541813,0.6576092348160357
GRTP1,0.112497704240801,0.6576838669948076
PLA2G15,-0.1446175796395667,0.6576974968666529
RECQL5,0.209887264443779,0.6577736637878931
FUBP1,0.1650599196635074,0.6577970414120512
RGS4,0.1960377717800527,0.6578738006497006
GUCY1A2,-0.1985355141178137,0.6579124772579709
TM4SF4,0.0931008850252368,0.6580105730796524
C1ORF54,0.1215425339391984,0.6580415110606375
DGCR5,-0.1834942257956262,0.6581446371498296
DGKQ,-0.1042618807093611,0.6582115491225543
GNB2,-0.0340142053434835,0.6582341965659717
PKNOX2,-0.2829350904672179,0.6582400738534764
SLC6A3,-0.1854641730316339,0.6582840322959433
PDSS1,0.1047842301687689,0.6585126646471339
AQP4,0.2079810513213837,0.6585462566856959
AGTPBP1,0.2127322796070219,0.658563726808466
RP11-649A18.7,0.0848195203944097,0.6585863736297103
SRSF10,0.1419383736414508,0.6586937250009471
ADH6,-0.2203620429620478,0.6588681967560678
LOC100996756,-0.3593835513065944,0.6588705327437396
HDAC9,0.1436561672039316,0.6590463318545554
TICAM1,0.0935302853273283,0.6592023771302161
TPH1,0.2307792983977692,0.6593436532080141
HTR3B,-0.1538806990607346,0.6595535977022545
ELAC1,-0.0764739864989989,0.6596251325404348
FGL1,-0.0897304055977885,0.6596499582436252
CRYZ,0.0954716881493116,0.6597829968380261
PRLH,0.1143095912673732,0.6598045357272111
PLXDC1,0.2309368056960323,0.659862478350036
INS,-0.1133477144199162,0.6598661404498096
PLD3,-0.1122941550027452,0.6598816961521722
MAGEC3,0.1993623307213887,0.6600895223998822
SMARCB1,0.0531313492880443,0.6601257692561054
GPR161,-0.2223196317172098,0.66025577770319
C4ORF19,0.1094648467859533,0.6603264382049711
ATXN1,0.2553469954469944,0.6603633134408894
TECR,-0.0599459518416107,0.6603801656656969
NOP14,-0.086879123294512,0.660511685678333
HSPB11,0.1060559996163874,0.6605404187940626
KCTD9,0.1075371765949544,0.6607761507971698
GLYAT,0.2106251140557971,0.6608532853102359
HECTD4,0.0693809326297554,0.6608821179016924
C9ORF156,-0.2206156431986494,0.6610920124473417
MYOT,-0.2917972844037817,0.6613901751350492
TMEM194A,-0.1007036891816888,0.6614278610858765
FAM63A,-0.0624699876292336,0.6614531836803544
KLHL11,-0.1751921642487284,0.6616285193678123
EIF5B,-0.1431514151112249,0.6619463700234679
METTL5,0.103363986534223,0.6620089328980518
ARHGAP6,-0.0975595032543372,0.662014348431967
CA1,0.0888195200441064,0.6621746340041998
PYGO1,0.214764119723692,0.6624111644746777
PAK6,-0.1740437668652505,0.6624216696351043
TJP1,-0.0625922140972896,0.6624284651740211
PCDHB1,0.1920527994125711,0.6624998113158249
AKAP1,-0.2035726429493722,0.6625016078677508
SLC5A6,-0.1833455265416219,0.6628078984973368
ARSB,-0.0751538352798055,0.6628140127670032
EMC8,0.0546162663312372,0.6629570479790304
LRP5L,0.2425987147619945,0.6630102247170936
PDGFRL,0.1818733841260247,0.6631902478152925
SLC35F6,-0.0523653604935718,0.6634986013422073
OPRK1,-0.1716438444445991,0.6636335876983959
PTAFR,0.1226999657480352,0.6636677258392443
PMPCA,-0.0519370754431545,0.6637735668027425
KRAS,-0.1065456712456693,0.6638032269074622
GYPE,-0.2645239044722065,0.6640804492416821
ANXA2,-0.0297228473218407,0.6640899074187775
TRIB3,-0.0644355130845708,0.6641644262531009
XPC,0.0498526270941024,0.6646244848931117
SYBU,-0.1464364977697929,0.6646969697647294
UGP2,-0.1221224490108774,0.6647902264795077
SIRT1,0.0767243692816919,0.6649589981079502
CRCT1,-0.2072055504767744,0.6650034604829668
BAD,0.1885477190812974,0.6650869319121039
FLNC,-0.1412997294487361,0.6652802738158285
FABP1,0.1423831512807551,0.6652977819230217
NLRX1,-0.0597349545305672,0.665308351261213
IL18RAP,0.3098860866434467,0.6653143053582559
PHIP,-0.0902405450313441,0.66538030561824
SLC1A3,-0.1727969475764563,0.6654181210103806
MROH7,-0.1663116963507525,0.6657011730830673
PART1,0.2929937686917823,0.6660152059778406
METTL9,-0.0686786223076616,0.6661888436942294
HSBP1,0.0437141734015504,0.6663833684894221
SLC25A23,-0.1372818691822841,0.6664529725736312
ATP5C1,0.1685732418419947,0.6665650530904651
NFE2,-0.2899011028479119,0.6666754727631722
PTPLA,0.2305099806665511,0.6668570871165641
RRAGB,0.0782921605214905,0.6668646299668662
DPP6,-0.1388042131194593,0.6669673837511982
DENND5B,0.206041733338381,0.6670073389898599
PCNT,-0.0612990069007501,0.6672988482734417
BMPR2,0.1032910292174662,0.6675608920012687
COA1,0.2444870747891174,0.6676220429472077
RP11-286E11.2,0.2734925697436541,0.6677970911899973
SFXN1,0.0912824602824482,0.6680021166296565
ETS1,0.1283636486144495,0.668045364024257
HAND2-AS1,-0.1787677887875931,0.6684907917695793
IFI6,-0.0952162065119814,0.6686729147165971
OCA2,0.1458925298842919,0.6688493535099793
YWHAE,-0.1211670559910729,0.6690562470056963
PARK2,-0.1127358062930428,0.6692070202135582
ZNF589,-0.0950874326289197,0.6692823690532274
GCN1L1,-0.0552593255805913,0.6694290176311182
MAMLD1,0.0827870239540198,0.6694440799423835
FGD2,0.2070150649495197,0.6697196794114199
GCLM,-0.2067212763486647,0.669862045907616
KANK1,-0.1661650194127215,0.6698825024853949
MGC4294,-0.1792166096065743,0.6699585074356053
LOC145678,-0.1542398671016354,0.669988490841922
S100P,-0.4179146838511736,0.6701164579998594
ARIH2,-0.2183682527556678,0.6706116679783242
MDC1,-0.2420753921466403,0.6706593326460696
GSK3B,-0.0951169760658228,0.670747442790416
EGLN1,0.1109952820902941,0.6709804695022292
CLIP4,0.1222402363944636,0.6711495275187405
BNIP2,0.0811986140308302,0.6712652695564194
DNAJB5,-0.1843404520869147,0.6713264678199922
TEX13B,0.0893402162485879,0.6713294090947622
ETV3,0.1090501525738716,0.671608312467307
GRM4,0.0811114461022741,0.6716408313760577
VIPR2,-0.268087971353256,0.671921415891258
PRG4,-0.2401199589987932,0.6719664469311003
USP27X,-0.2372517789947377,0.671992605245671
MAGEB4,0.2786899508422595,0.6720092766862071
EMILIN2,0.0998541430171195,0.6721545840975329
NAP1L3,0.1530856904275808,0.6725116127147726
CPSF6,0.1670110942122855,0.672901329042593
TRIAP1,-0.0537973921174739,0.672931268870231
DIXDC1,0.1077440800837923,0.6730209517742046
ANKRD28,0.1059567003341914,0.6732430398472952
CYFIP1,-0.0799822860209413,0.6732836378348783
CUBN,0.1457271869147183,0.6733080041176077
AUP1,-0.0463395026960995,0.6733127507742536
ERCC5,-0.0836871552657676,0.6733300359611195
PSPH,0.4100681462499338,0.673330490913795
MT1HL1,0.1162315685289154,0.6736503824223065
GABARAPL2,0.0320278724592899,0.6741438029419871
CYP39A1,0.2960737678077114,0.6743435741817614
DIAPH3,-0.2553970141558346,0.6744222536340612
PPA1,-0.090403477892174,0.6744756903715924
PALMD,-0.1529747042012008,0.6746061312973489
FAM189A2,-0.0650020233676427,0.6748467948676006
C16ORF71,-0.2375002934660726,0.6753504358605806
MNDA,0.1558695651040462,0.6754572127654679
MAPT,0.2205430347108414,0.6755118477520323
NAAA,-0.0907820362416744,0.6758333396775621
CAV3,0.1925433336029414,0.6758848278716916
FNDC8,-0.1415805912375489,0.6760880486057539
ABCA7,0.0748538291404941,0.6760926913949846
ID4,-0.1592167673887692,0.6761616457321971
NR1D2,0.1160672856407947,0.6762328780512701
NTNG1,-0.0623257523851048,0.676416296251579
ADAM22,-0.1914198922894074,0.6764183900730196
GCDH,-0.0930527683457373,0.6765475812899036
TUBGCP4,-0.0800559418334216,0.6765651329690887
OGFOD3,0.1777865754008383,0.6767354663962474
XRCC5,0.0495138523751315,0.6767896475128076
ETNK2,-0.058916462134408,0.6767906792193489
FAM120C,-0.1964342781760146,0.6771648046743298
ABHD6,-0.1692957231566918,0.6772965349253754
GABRB1,-0.1808920421063904,0.6773313364441252
MRPS11,-0.1050606175629251,0.6780414056678129
FUT1,0.0949679435768464,0.6787024314297284
GDAP1,-0.1356132988295648,0.6787152789581529
HMHB1,0.1088751362226503,0.6788743940755538
VENTXP1,-0.1628835243511979,0.6790488657178576
ANP32A-IT1,-0.2589268467503585,0.6791297608897175
PRPF18,-0.21097292128354,0.6792584459126665
BMP8B,0.0990223506100997,0.6796831523154168
STK32B,-0.1639579432442373,0.6797724219324364
CRHBP,0.163337668722419,0.6798135943851049
TTC18,0.2413386749822068,0.679831359005249
JAM2,0.0924756520219798,0.680498100618265
G6PD,-0.0745050921385033,0.6807414288590703
PHYHIP,0.1453247040721415,0.6808893298512573
PSMD9,0.080508026196016,0.680976558076124
LAMTOR3,-0.0382084927879233,0.6811721489141223
FGB,0.1682564578362448,0.6812812653499267
DSERG1,-0.1600594937605963,0.6813927144291582
ABAT,-0.0920389531613379,0.6814432388134761
ARMC8,0.0926098167987099,0.6815156559431694
SHMT2,-0.1440570161928871,0.6816328613135249
GTF3C3,0.0573070347594111,0.6816943641945392
EIF3K,0.0398141894743471,0.681735693123677
RB1CC1,-0.0656573979375032,0.6818016800463942
KLF5,0.1404905649058152,0.6818611674765899
FOXK2,-0.0666815658569142,0.6818897556900451
NBR1,0.0823887267584968,0.6818977442372682
LA16C-358B7.3,-0.1705223030789877,0.6819757872456479
MFN1,0.0936247129249654,0.6821820185524892
C9,-0.2375438968859904,0.682190510884327
NAT9,-0.0520928249386489,0.6822400272118236
CHST4,-0.0650969748225449,0.6822652214758785
CPEB3,-0.1992302941159227,0.6824636513330722
CRYBG3,0.0690284837484043,0.6824788890148235
LSP1,-0.1518325311349606,0.6832883388819182
ARHGAP19,0.2195020798728784,0.6833871887769505
NACC2,0.0531480274699855,0.6834390262150453
CAPN1,-0.0791965541574626,0.683458922346886
PROCR,-0.1762458489065501,0.6835422973345915
HECW1,-0.0979070265398771,0.6836823394141088
GUF1,0.085561369451196,0.6840616145543441
ACAA1,0.0681993932860791,0.6844558220733732
CHD8,0.0426949177508664,0.6844611061952283
UFSP2,0.0551593966965047,0.6847022630087949
WNT10B,-0.1606600649801297,0.6848273178176657
RASSF1,-0.0762863308359609,0.6849886178901056
SMYD2,0.1659385628668079,0.6850936881748738
GPRIN2,0.1186912320709545,0.6851621561351118
PI15,0.0795969054137604,0.6851810374402825
IKZF3,-0.2393724256985261,0.685251529284134
HSD3B2,-0.2538067487526629,0.6852648974183239
ENGASE,-0.0976269356426993,0.6853278565351681
ORC2,0.0779481385203197,0.6853528417313915
COX7B,0.0604819115292283,0.6853924441161913
IRGC,-0.2142903853172111,0.685432696440952
EFEMP1,-0.0869562428732315,0.6855906404712158
CDKL5,-0.119920916259939,0.6856927102731519
DDX28,-0.1720696912828034,0.6857121418004594
MEF2BNB,-0.113976380749964,0.6857147143827506
MRPL19,0.1255471044822833,0.6857815103518875
HEATR3,-0.0830905152479433,0.6859249509512461
CLTA,0.1502591362337062,0.6861190464538754
RAB1B,-0.0576398613734365,0.6862593169896402
TMCO1,-0.0735656812798222,0.6863191917670125
CENPJ,-0.0850546845832713,0.686397511502693
TACR1,0.2067192408981695,0.6864665397577654
MYH11,-0.2957156119112945,0.6864840231605657
CD36,-0.2801156777441722,0.6866252295990104
NUCKS1,-0.0920363973952778,0.686645493260205
POMP,-0.0561333844613329,0.6866555186599238
BTN2A3P,-0.1351128363468197,0.6866993440661329
DCUN1D2,0.0683753805085167,0.6867084783596186
BANF1,0.070898285433115,0.6867242115910639
MKNK1,0.062134386669129,0.6868515293879769
HIST1H2AB,-0.1566510645368319,0.6870104342538905
SELP,0.095886680762975,0.6873396609755037
SCARB1,0.1773178892770106,0.6875093885855397
MAN1A1,0.1364638152542454,0.6875674921353585
KCNN2,-0.1509323638504662,0.687624457771822
LOC100505498,-0.0910305246044433,0.6878715730604614
STRADA,0.0429301924640892,0.6881850724895966
LAD1,0.1697453652111304,0.688185967306392
RRM1,0.0685777134262028,0.6883211514281978
POU6F1,-0.1014236262759249,0.688417029209892
COPS2,0.1187951392422865,0.6887174508069631
CHML,-0.1661178557670544,0.688874447010447
SOCS6,-0.1097373755971116,0.6890418382872289
ARL6IP4,0.054928159974537,0.6890768664117097
CRH,-0.1776540035244243,0.6892252869749675
SPRR2B,-0.1059777938791928,0.689437972644747
GULP1,0.1460936345660863,0.689452312450159
CRABP1,-0.1335411533570605,0.6895190848599847
SCN5A,0.1445126727837387,0.6898747580537861
SMAGP,-0.0962137702660994,0.6903906734191882
TEK,-0.1556753365970893,0.6904494992515379
ADAMTS20,-0.1901332616778672,0.6904946336074832
PDS5A,0.2143125362027946,0.6905228937756894
PBX1,-0.2910217652702904,0.6905322290167514
DOC2A,-0.1477511854442048,0.6906616290398789
OSBPL7,-0.1665494732841077,0.6909907828859004
PGLS,-0.0681822574748078,0.6911365386896978
TSR3,-0.1251155785724256,0.691243512575029
OR5I1,-0.1697841872308636,0.6915569333639748
ZCWPW1,-0.2231894320881027,0.6916347346752304
HYAL4,-0.0714839090372465,0.6916444766585036
TCF4,0.1311221084729918,0.691670408834356
KRT10,-0.07201383751255,0.6916900295380249
RAD9A,0.0624860620083467,0.6918107870679893
LRP10,0.0445579003480052,0.6918317890788895
DDX39A,0.0701056613035167,0.6918474369464563
ZMYM6,0.1909024976355295,0.6919742685720051
SEC61A2,0.0975901552957889,0.6922156992623788
ATP2A1,-0.1035392339228176,0.6922853973515344
ARFGEF2,-0.1740381395842964,0.6923515901645778
RFXAP,0.2147550896946528,0.6925904962616848
CHMP2B,0.0984644742502673,0.693013653810348
DPYSL2,0.0574621985048349,0.6930241787344357
IGF1,-0.2097544756285732,0.6930253862123577
TRPM2,-0.0596604395284448,0.6931092630447144
PLEKHS1,-0.2864895446985458,0.6932293770788368
PSMB3,0.0416778151769747,0.6932630838135951
CCR8,0.162838683295587,0.6934262834626038
CTDNEP1,0.0615799312325542,0.6934488857965514
HBBP1,0.1224949168739053,0.6934629264120221
CELSR3-AS1,0.0544850143206705,0.69348983192475
PXMP2,-0.1858635490866822,0.6935734206241441
ABCB9,0.1806587688078567,0.6936230274543775
PPP1R14D,-0.0779607257636545,0.6937425949974487
CTNNBIP1,0.1782520449596258,0.6938416368653524
MARK3,0.0872394302244039,0.6940786837903482
RPN1,0.0467785926902397,0.6941732018019482
SORD,-0.0729489605170847,0.694261224865846
FGF2,0.2240789892697163,0.6942793202152556
PCYT1A,0.2169771618935625,0.6943110098273338
TRAIP,-0.2081505393442437,0.6944919962757246
KIN,0.0757432669348041,0.694799290816446
DOK3,-0.12670535010378,0.6948270239273243
ADAMTS5,-0.1387446717027156,0.6949234447287596
BRINP2,-0.0674697864068498,0.6949267154102405
LINC00950,-0.1655051501386077,0.6950529846787358
DYNC2H1,0.0949927526205129,0.6950795704456406
COPG2IT1,-0.1445185823929931,0.6951105456470336
CD93,0.1207876233751985,0.6951264047318707
IMPDH1,-0.0731634547546509,0.6951931429337764
PPP1CC,0.055520792573704,0.6951940158832759
SHOC2,-0.0309701768460843,0.6955016334929944
STRN,0.0798827653514475,0.6955262960889913
EPB41L5,-0.093680231315437,0.695630380468444
PICALM,-0.1301422462289494,0.6957082854540225
BAIAP2,-0.2230568982961749,0.6959456322504138
GPRC5D,-0.069738972174246,0.6960070088832986
PYY,0.1854011221435731,0.6960097946090017
LOR,-0.1713417690335417,0.6960984575802538
BTRC,-0.1302073791925941,0.696107435176913
ELK3,0.0644272527448714,0.69632640742016
PSMG1,-0.1267944971439281,0.6964073087692032
TNP1,-0.0946692494699519,0.6964174385866807
STATH,-0.2590575188266726,0.6964581160274579
PRG2,-0.2127613370508418,0.6964612329251743
RBL2,-0.1608354396402251,0.6964809708917856
POU3F1,-0.127948177116588,0.6967076846428987
TYRO3,-0.1808015841382673,0.6968287191861181
CACNB2,-0.2483546136021646,0.6969108698713193
TBCD,-0.1085608154275865,0.6969417156466161
KCNN1,0.1123465956450076,0.697128779155521
CDH18,-0.0676891376777097,0.6972854591614198
DNAJC7,-0.0504795459490097,0.6976691362467012
PDZK1,0.1799363871902679,0.6976812732305177
SLCO3A1,0.0719079242052611,0.6978409852711864
AZU1,0.1879655638985289,0.697918723712573
TSN,0.0713644893119926,0.6981908039802125
KDM4C,-0.1829492784524164,0.6982216589978976
NUP54,-0.2285387572927706,0.698639245903707
PLOD1,0.0839375100356107,0.6987144483500976
FLCN,-0.1923675275982352,0.6987634886628079
GABRR2,-0.0817276415270384,0.6988680719411239
HLF,-0.1339317837376095,0.6990766439241887
PTK2,0.0682959536932124,0.6991535553922433
PLAC4,-0.0891722192114388,0.6992753826109614
PRKCDBP,0.0834293753593815,0.6994720338329715
SNAPC5,-0.1811923037463487,0.6995771551525146
BRF1,0.1617696707164544,0.6996630648855444
CRTC1,-0.1536239413103866,0.6996775612172605
RP11-429B14.4,-0.1644858370727702,0.6998772528077077
ENY2,-0.049314350954571,0.6998964231802254
KCNMA1,0.2215468597500027,0.7000069955865679
PLS3,0.0774871745396392,0.7002375596154812
CDHR1,0.1401292712520661,0.70025345109749
STX4,-0.0731985862595312,0.7003119887278983
PDPN,0.1935448130613775,0.7005111047609518
CNIH1,0.0880724751021873,0.7005249277112937
PKNOX1,0.1961675164065157,0.7005366449207733
SCNN1A,-0.1824823135256261,0.7010235393621617
CDK18,0.1593633664890648,0.7011520113182733
KCNV2,0.2900343858934602,0.7012973260177144
HOXA6,0.0838782772829462,0.7013175091002551
ZBTB33,-0.2052315925610957,0.7013679879045897
PRDM5,-0.0585646949753799,0.7014822135739708
SREBF2,0.0790409899223441,0.7014866489910578
DOCK5,0.1467716588560739,0.7015109059250645
HIST1H3G,-0.1379914278483762,0.7015220474971358
HPS1,-0.1654942108620263,0.7016280245945947
FCN1,0.2309829560722045,0.7020438240902828
MAP2,0.1213151206035512,0.7021586457080858
LY6G6C,0.1123593846039199,0.7021920499977282
HGC6.3,-0.1291759096757729,0.7024321870715673
DCAKD,0.193993493998279,0.7024786669699817
SPINK1,0.1875541583255726,0.7025909932848357
RPS8,-0.1261060555482793,0.7026724247681438
ST3GAL6,-0.165256810481889,0.7027470754744201
CALHM2,-0.0919960631657641,0.70287170221438
HN1L,-0.0732602232820749,0.7030028636109211
CYP4F3,-0.1935098547681892,0.703007027618496
SSFA2,-0.0697968833003699,0.7030408167437042
DHCR24,-0.0643604266663988,0.7030777730013734
GPR37,0.1967896647160518,0.7030864854975042
PEX13,0.0689668073759843,0.7031480373922607
MAK16,-0.0862043587812202,0.7031701227895963
ZNF81,0.2429772039084179,0.7032652871564732
GADD45G,-0.1331375614869285,0.7035610686246451
FAM65A,-0.0829215524441711,0.7035773961950089
ACAT1,0.0735697287722736,0.7039631956557324
ANO10,0.0846160063624292,0.7040291752212678
UAP1L1,-0.0779920467942751,0.7041722538974742
ANKRD2,0.1912736340714254,0.7043809084560666
CSK,0.0814025947269474,0.7044358965949699
RGS17,-0.060752542017032,0.704448228771468
SCN10A,-0.0734461186686106,0.7045661793724062
NR2C1,-0.1975804298467718,0.7047458615733772
KRT14,0.1934891296780181,0.704762125420597
AGPAT1,0.0632677118228635,0.7049582272317447
RP11-457I16.2,-0.1200258588370877,0.7052105383814368
MSH6,0.2138607733508291,0.70527313453129
SCARB2,-0.1012444781551318,0.7053165146306468
PDIA2,0.1900633993228559,0.7054219378054009
FLJ10038,-0.0977194080405619,0.7055105568627015
GNG4,0.0619961118668914,0.7056320478033418
TMEM132A,0.1326781068880098,0.7056590137565076
G6PC,-0.1721336924077909,0.7056656447497339
IMPG2,-0.2213935934470772,0.7056683338741168
MPI,0.0625648919499948,0.7057035358907645
TPCN1,-0.1027946873241774,0.7058415895844508
RPAP1,-0.0679386276033184,0.7059122231115955
NEUROD4,0.1165283210364913,0.7060588397125138
GTPBP4,-0.1761250107052472,0.7061251645333565
LIPC,-0.2022929476025545,0.7062843058663114
GALNT7,0.0570139625341923,0.7063838220699313
PPM1A,-0.0566858375854035,0.7065592740912459
CLDN15,0.0940904987077821,0.7066011450169196
SRSF8,0.0601747683579745,0.7066930541879166
LRRTM4,0.1934597649771312,0.7067477225969
POSTN,-0.3209067326993042,0.7069131505596586
WSB1,0.1538337357292354,0.7073422544323157
CSNK2B,-0.0303956290649694,0.7073492504746918
SSBP3,-0.0706419162997207,0.7073662545829894
LRRN2,-0.1982503167971461,0.7074281291617247
FPR3,0.1255628510253448,0.7074363105983551
CLTCL1,0.1301100629417471,0.7076940305681042
LRRC6,0.0637331753474113,0.7079590087851405
ADRA2C,0.1472717400652383,0.7081566031208704
P2RY13,0.2515064578541404,0.7081650275854884
MYL10,0.2057587242446512,0.708243573173956
CD47,0.2845986719825912,0.7082803496919347
RFWD3,-0.0478520367475834,0.7084920142550544
GLRX5,0.0767744296945647,0.7090102328591734
CLEC11A,0.2300888880802629,0.7092047729705988
ABCG5,-0.1732420407653294,0.7092729569415065
IREB2,0.1990277803781479,0.7097096974430065
SLC16A2,-0.0495239000966973,0.7097317445343325
KDM5B,-0.1552643444098951,0.7099163010216857
GRM5,0.1965727723437513,0.7100878769748569
POP4,0.0334238843650993,0.7101405227336474
NAG18,0.2189075448296735,0.7101560502725854
MAGEB2,-0.1162257082578364,0.7101826377584143
DCUN1D4,0.1142517897019077,0.7102901238694502
WWP2,-0.0885841779270748,0.7104139778621333
NDN,0.0831099860436985,0.7104656293772337
SLC36A1,0.0760615359600915,0.7105433164328228
RPL26L1,-0.0671285419217255,0.7111408314067406
KIAA0226L,0.1596491123999399,0.711171312019813
ATP5G2,-0.1590664308991485,0.7112801590528404
CAPNS1,-0.0421329406300881,0.7116057480302945
ALPL,0.1692497980659677,0.7116595232696796
GCKR,-0.1176922557319022,0.711661204312844
SMC1A,-0.1065307260683674,0.7116719752099852
PTS,0.072078690395541,0.7117377604097431
IQCC,-0.1511499558661988,0.7118380060872984
TPM3,-0.0627509962021486,0.711963039942424
CLK2,-0.0395458553050094,0.7123303441763487
DNMT3B,0.1197602246622704,0.7123427539047497
GTF3C5,-0.1798204885998888,0.7124095792673399
ATRNL1,0.1745099912469525,0.7125093369532708
TAF13,-0.2632656115262373,0.712580312259107
PSD3,0.262929391052312,0.712651664489639
DYNLRB1,0.0549158433402059,0.7127546362863669
MED31,-0.0761519163173272,0.7128275272284014
KIR3DL1,-0.2345335399351951,0.7129403423634207
DEC1,-0.1490913307399468,0.7130541688793902
COL19A1,0.1279691454298199,0.7131150543117831
PCDHGA10,-0.0693325195451466,0.7131530121424285
UTY,-0.2623503105561258,0.7133083474237856
DAGLA,0.1173737688533469,0.7135595494246508
F11,-0.0788688867782232,0.713654897857566
CHRNB4,0.2034594986815348,0.7137559559589554
MAP6D1,-0.0881345297668838,0.7139177653805695
PANK3,0.0771111605985002,0.7139195227301519
ABI2,-0.2128062505599008,0.7139615377491181
POLR2K,-0.0747293432607349,0.7141161940218586
FADS2,-0.1044002062312392,0.7142559587016307
APOA1,0.1673837420856889,0.7143220484134828
SCO2,0.1223322020996899,0.7144738910741311
NCOA1,-0.0590698829688154,0.7145555377487146
VRK3,0.097766211326407,0.7146034844031026
WBSCR22,0.0420854486231512,0.7148512914740847
ATP1B4,0.1692479200828325,0.715252738583954
OGG1,-0.1220484234805994,0.7153014009754857
DRAP1,0.0400631472792092,0.7154437838430121
MAL,-0.1622296973440313,0.7154508031116918
MEIS2,-0.1163327747033351,0.7154538776754489
ASCL1,-0.1933361746507076,0.7155167595662565
ZNF287,-0.2442373814328791,0.7155523512044074
ASNS,-0.1000665112555037,0.7155563789550295
MAP2K6,0.2170880376596633,0.7155829344930025
HAPLN2,-0.1185443677121904,0.7156466498992087
ACAP2,0.1061851807689926,0.7157633394117328
SIGLEC6,-0.1718072468800744,0.7158388272701279
MARCH7,0.0818527133349125,0.7161015759128943
SPTBN5,-0.0579094893160228,0.716613605209933
CRYAA,0.0842405212358317,0.7171373475885954
NR2F1,-0.2420958143455163,0.7171624004332245
LINC01136,0.0792995570375918,0.7173986165374495
COX5B,-0.1306748471793213,0.7174185330878985
KLF3,0.0416002981960961,0.7178373255623685
CNGA3,-0.0704844543892133,0.7178653253965145
PLD2,-0.0694403665888696,0.7180259761848999
PDX1,-0.1202103285221074,0.7181909499320537
PCDHB13,-0.2336072309884516,0.718707903271391
EXPH5,-0.1126322987904178,0.7188612345516032
HIST1H3E,0.1144143882272334,0.7190651972385415
CHST3,-0.152454820190945,0.7195840973555478
NRN1,0.0952245311919526,0.7200183592687509
NCOR1,0.0481121991200979,0.7200562573057463
DLGAP2,-0.1125940544553589,0.7202128200516806
RP11-473I1.9,0.1043619247465468,0.7205966508568901
DALRD3,0.1298995553232318,0.7206201898269171
ANKRD7,0.2263882435368995,0.7207363440894117
PYCR1,0.0659771914657376,0.7208119496539919
ALDH6A1,-0.1974119549072948,0.7208270813501405
THY1,0.1961082899793371,0.720976996589574
TNFSF18,0.0994284221048902,0.7211166816316956
GGT5,0.2171331277788617,0.7212130335859609
MEF2D,-0.1685409889589566,0.7212353477762898
INVS,-0.223581336962328,0.7213626857536402
C1RL,0.08161267026912,0.721395006545619
WDR62,-0.1091512066119317,0.7214130454416978
THADA,0.0532044801569391,0.7215422432802545
ATP5G1,-0.0491303358758639,0.7215577397231806
GTSE1,-0.1987481462251983,0.7219776883078601
NASP,0.051437874651329,0.7220199759130731
PSMA1,0.0347719361924454,0.7221094683780178
GLI2,0.1743475501487434,0.7221133657187149
TAF5L,-0.0496310773691277,0.722191721754792
VPS52,0.0559460194891858,0.7222158012988169
B3GALT1,-0.1509165998645754,0.7223528249224334
SLC18A3,-0.1533032711714277,0.7223814395284269
TMA16,-0.1258130712001781,0.7225631987657354
WAPAL,-0.1671712125457878,0.72270282507871
TIMM9,-0.0557811889093553,0.7227435477350826
CHRM3,0.1761994136503979,0.7228148323474334
OLIG2,-0.1365358698343417,0.7229200409808707
GSTT2,0.188836364995363,0.7229268488078057
IFI44,0.1318547536558636,0.723020532010175
FCGR3B,-0.1636928086928222,0.7230243924958988
ACKR4,-0.2277629195099573,0.7232755319186204
MPO,0.1365322504453505,0.7234653682713366
TMEM262,0.0697527706729248,0.7235202917298077
DCTPP1,-0.0606003505097056,0.723970764365842
NDUFV1,-0.0405450589192142,0.7241878061149438
GYG2,-0.3798358550278253,0.7242131899312222
OSR2,-0.1477129997833071,0.7244731294701147
UBE2I,-0.0891791939866024,0.7245847956645876
CDC42,-0.1323428317397574,0.7246786017826315
FLT3,0.1045371889721877,0.7247165186070844
COL4A5,0.1239240267456276,0.7249147364762878
SMCP,0.0574359087768181,0.7250319845461939
APAF1,-0.1335468808779225,0.7252362942190839
TMEM87A,-0.0379624476190194,0.7252387117079645
KRT12,0.1109424215908885,0.7255291034399403
TNFSF9,-0.0651749137128323,0.7255400066317939
TRIM44,-0.0459394562172139,0.7256823524527621
GABRA4,-0.1760602568612714,0.7258024266053071
BRWD1,0.1322522488602766,0.7258033861484873
ZNF835,-0.0526138697387104,0.7262785867482289
IL22RA1,-0.0485057274958729,0.7262932356109565
RLN2,0.1144236426360727,0.7264719706811027
UBE2B,-0.0787448815523195,0.7265323087604204
BNIP3,0.1161669105627769,0.7265609776847861
ZNF268,0.07815343260713,0.7265848011784116
DHRS2,-0.160545726054873,0.7269070250703892
BC069739,0.1460550722384344,0.7271486650182497
ARMC7,0.0780410669849729,0.7274012012230407
TAF1,-0.1541383278792878,0.727439791487403
GSTM3,-0.0906971017754241,0.7274693293174537
MTERF3,0.1008821364154304,0.7275305820236905
ERN1,0.1239244116252189,0.7275330464595724
MACROD1,-0.0938388073764224,0.7275477514554549
VEGFC,0.1464508996735301,0.7275798994620531
CRHR1,-0.158479333122675,0.7275860598803847
CFI,-0.0913805238640055,0.7276003999951179
FLJ21369,0.1982648012217698,0.7277890058896618
COL17A1,0.0984522703557941,0.7279352619849642
TXNL4B,-0.0442235140682889,0.728025254178052
PALM,-0.0743995745817986,0.728377214839915
COMP,0.2513465625719249,0.7284393355244962
EN2,-0.1678201648875807,0.7284882181502738
PFKFB2,-0.1827543282228223,0.7285906750407106
GIF,0.1846796821034821,0.7285983891134163
UQCRQ,-0.0400973606564747,0.7288116597719627
B4GALT4,0.0643525152531623,0.7290351353608451
MYL7,0.0750397290611379,0.7290726067946623
NDUFB2,0.0517869809977042,0.7291370170137937
SLC18A2,-0.1896309839201588,0.7292655434510197
OLFML2A,0.1379155146588004,0.7293124163055893
CHORDC1,-0.1150848201792555,0.7294029643678132
RN7SKP150,0.1298426137116797,0.7294140424564604
RNF139,-0.0449436205088673,0.7297352343000904
MLH3,-0.0735598085923463,0.7297500498511613
CBX7,0.1139463576074497,0.7299804633351787
SEMA7A,-0.0500833701155158,0.7301447377186994
SUPT16H,-0.0329588973476742,0.7301715075609407
SLC30A5,0.1490896447515846,0.7301891834592024
CDK6,-0.1746874324519103,0.7302360150125992
MADCAM1,-0.0933284153196822,0.7302977099587313
HDAC2,-0.1135444197664075,0.7305422348407398
HGSNAT,0.0669439308777519,0.7305762185886546
S100A12,-0.2368222627582623,0.7307304872201733
RAD21L1,-0.2184861332302512,0.7307317439118909
MTNR1B,0.119023380913747,0.7307945266320153
PAGR1,-0.1214763913911252,0.7308798337287976
CFTR,0.2598792513031305,0.7308812269048434
MYO19,-0.0695181856028899,0.7310458134527315
CEP41,0.1786293058326737,0.7315410853782813
TMED9,0.0894272827445696,0.7316252897119141
MAGED2,0.068096583868348,0.7320201710556895
PROC,0.1021857345968748,0.7322011845570127
CEPT1,-0.0583448140734166,0.7322348791987855
MTRF1L,0.2535289426595759,0.7322731649998524
SFN,-0.0510653651430121,0.7322987533635316
PRRX1,0.0868193130269929,0.7323359827892928
DNAH3,-0.2474581796287842,0.7325064607893251
TLE1,-0.1188575536208631,0.7325068548960718
CD248,-0.1279004668753902,0.7329018714775457
PLA2G3,0.0778209942459877,0.7329968773218795
MRPS30,0.0737065311356008,0.733277688601645
SLC39A14,0.120792279311269,0.733313946908659
UGT2B28,-0.0812545528117612,0.7335256638937033
GFRA1,-0.0936122054521613,0.7338852594654361
ARAF,-0.0560646595292251,0.733934950073342
KIF3A,-0.0466567105145987,0.7341473375884654
PHLDA3,0.0719001500069982,0.7342042664139277
RUSC2,-0.113242189915522,0.7342398938663087
CAMK2B,0.1443327381546435,0.7343562908218798
FNBP4,-0.0772369205871985,0.734518887998724
FLRT1,-0.1600572691463222,0.7346603087570702
VNN2,0.3457319462924229,0.7347542483588007
EDAR,0.0570183357143525,0.7349031345731293
CMC2,0.0674730075077167,0.7350062633547317
STS,-0.2050831661509429,0.7350341201657246
FANCE,0.1497353708909212,0.7351010870366508
PIGT,-0.047845406465079,0.7351612817330637
ANKLE2,-0.1483912852917841,0.7352611942812108
ZFAND5,-0.1705664195244658,0.7356265513135295
MAGOH2,-0.1111944558047151,0.7357873317057174
SERPINB9,0.1125917818456905,0.7359100801753778
THTPA,-0.0546024304618324,0.7359696912709776
STXBP2,-0.1549481997853421,0.7360680697384909
PUS7L,0.0987498473821073,0.7363794634918803
SDF2,-0.0276706473281453,0.7363989582888114
USP24,0.0895223069286181,0.7365172037224095
AP1M2,0.1295195359687762,0.7365492679729573
LDB2,0.1895113948223947,0.7365672740910185
PDPR,-0.1028989237431261,0.7366278877517763
HOMER3,0.2157500649496553,0.73671650013561
OR1A1,-0.097128366639513,0.7367736283457406
PDE5A,-0.212610214456447,0.7368584358133551
HIST1H2AK,0.1244307969348859,0.7369238796475395
KRT9,-0.1109962188118105,0.7369253662302621
SRCAP,-0.1614218130067746,0.7369870477229915
TUBB1,0.2004583126034074,0.7370059276830452
DKFZP434L187,-0.1268053367959325,0.7370344972027469
TPO,-0.2116083178305459,0.7370967242849699
PVRL3,0.074996857075722,0.7373185956233552
SLC6A15,0.071743663871072,0.737448202419509
ETV2,-0.1279255493872098,0.7375176105113049
RNF10,-0.0575167458475949,0.7384696655385313
GABRB2,-0.126831385865449,0.7386260422944371
RPL11,-0.0228948384688418,0.7387961853903334
DNAI2,-0.1152364429279968,0.7389294029902875
SH3D21,-0.0626967646816885,0.7390338398638147
MED14,0.1035062366867451,0.7398600327990846
RAB30,0.0515966244481704,0.739945100506704
DHODH,-0.2253019834643908,0.740054826760658
ZNF556,-0.0663599470543614,0.7402728957549032
UXT,0.034858987185764,0.74062423829315
PELI2,0.0703705001493144,0.7406657743716644
H2AFJ,0.1028820441765958,0.7406843024963359
ELK4,-0.1785971862063915,0.7408699606469075
TRAPPC2L,0.0613467814239729,0.7409168563548582
ITIH1,0.1484438111587351,0.7409854872909852
HIST1H2BE,-0.0940609508250238,0.7410291538632318
OMP,-0.080691469365711,0.7411023231983533
PLSCR1,0.0800907237573316,0.7412464916358015
VAT1,0.1164561918146045,0.7412654472953075
ALS2CL,0.0241016749319591,0.7415372082962113
ICOSLG,-0.1248117339548602,0.7416016449597435
LMF1,0.1430134513596233,0.7416351067758823
NDUFS2,-0.0256617723896379,0.7417712739966493
TRIP6,-0.0680996053100653,0.742098520908091
AGPAT2,0.1747139699323083,0.7421541199210896
HSPA9,0.0939204728333082,0.7422030968975597
KLK10,0.1404641981470771,0.7422698303187818
ST7L,-0.0955301487832338,0.7423541933055084
NINL,-0.0780632339777529,0.7424609578061565
KCNJ1,0.1465137774786704,0.7426746837464226
EPHB2,0.2554349193980147,0.7427925371580595
ZNF148,-0.0693158893968988,0.7428044455911876
SOCS7,0.1232865885338823,0.7434506749655654
KDR,-0.1042224858331248,0.7434516261660992
ZXDB,0.1491893050596413,0.7435911547871265
AHDC1,-0.1692453508807778,0.7437189092417695
RPS6KA4,-0.0634175348803793,0.743862096504546
RPH3A,-0.0904962143035357,0.7442845662755856
SMYD5,0.1955665919418034,0.7446141542653503
CPED1,0.0550451247510821,0.744779977980135
DFNA5,-0.0756193304141152,0.7448978893072085
RP11-499E18.1,0.0513791193508454,0.7450933389531912
SACS,0.076878122161526,0.7455536991909473
P2RY14,0.1287233846271647,0.7456259639866449
ABCC1,0.0504150251425183,0.7458626741784887
PRO2012,-0.094595485432908,0.7459816193907118
DUSP13,-0.0407606814546444,0.7460742545379443
NR1H4,-0.1504439360341569,0.7460864641257988
ZMAT5,-0.184481632586082,0.7461175087088416
LIMS2,0.0640974175161144,0.7461563770529612
CDC5L,-0.1532993280070504,0.7463000232693219
IL18R1,-0.1811021075158292,0.7464163395330631
RIOK2,-0.0274577859162441,0.7464523562050214
CSDE1,0.0274984031906999,0.746458121149713
TGM5,0.0939488785197468,0.7466401319505345
SNRNP27,0.0512333256926869,0.7468367672856158
NDE1,0.0481592129302708,0.7468918312420569
NPY,-0.0642081874606956,0.7468923768504965
DHX15,-0.0585814902708765,0.7470145142795002
DLGAP1,0.1860546756654653,0.7470239515045489
ZBTB48,-0.0688299313827212,0.7470805579335781
PF4,0.1560344258316321,0.7470966434568573
ZC3H15,0.2033089979994171,0.7473756830161895
GPLD1,0.2574701062513598,0.747683188116701
NECAB2,-0.0947637953900857,0.7477313823831867
GDAP2,-0.0512160768272043,0.747759098013789
TAGLN3,-0.0631974961632613,0.7480418947746478
RBM22,-0.064781259479032,0.7481245936396613
PRKAR2B,-0.1922408632259884,0.748890995541922
NXPE4,0.0819488162581758,0.7490525066231644
GRM6,-0.0711727944786666,0.7490575608036606
WDR74,0.0621202093536261,0.7491124104204485
ZNHIT1,0.051003679194439,0.7491727981057087
RAD51B,0.1394701337043731,0.7493530887036995
NAA50,0.1202092441838313,0.749415418647537
NRTN,0.1535197533229269,0.7494820397207113
GAB2,-0.0392483144959232,0.749524151038196
MAPRE2,-0.1673136012218012,0.7499397001631106
C1QB,0.0986272065057889,0.7501416572503554
ACTN3,0.0770266738424103,0.7502098580829678
DOK1,0.1212062823299602,0.7504225625809181
ANXA3,-0.1778972044903515,0.7505983338757082
CLDN1,0.1665014608206476,0.7507473026162585
SRPK2,0.1293621187496079,0.7507588446179755
DVL3,-0.1468499198020714,0.7508135370494788
NTN1,0.1037140221227659,0.7508147653149394
DARS,-0.074219470031128,0.7512205964624321
FGF18,-0.2015834574441344,0.7512917372890708
ZNF257,-0.181193009860328,0.7513192562520594
CRX,-0.1209592622315387,0.7513977179561394
AC005838.2,0.1553348535623557,0.7514974485765522
CLEC4M,0.0779680802692941,0.7515588939729674
SLURP1,0.1246893637852473,0.7515693356717649
RBM12B,0.0754491876299887,0.7515911604297806
DEFA4,-0.1008464139759999,0.7518082537507883
GALNT11,0.0475257292044712,0.7518498500336633
XKR8,0.0450144485465635,0.7518848821150996
ZMIZ2,-0.1631424745630738,0.7521182383294841
DPY19L1P1,-0.1704777628014961,0.7521328408252671
BRD8,0.1366831937211898,0.7523189722603526
ABCG2,-0.0962623812552943,0.7524252510701525
EHBP1L1,0.0941056865181231,0.7527020034866346
MDM4,-0.1642070354437357,0.752772038313155
FCN2,-0.157076574396406,0.7527758165216076
FLT1,-0.1355616323202007,0.7528021127332449
CEP72,0.169118388427008,0.7528336832528917
HIST1H2BH,-0.1353584658123368,0.7529037708880317
KLK11,-0.1709230866289299,0.7529435031386676
FAM208B,-0.0873133728815354,0.7530177906102434
MYOM2,0.2052258432006635,0.7531889658424666
ADAMTS3,-0.0887370448884672,0.7533242641537923
HDGF,-0.0351872405435251,0.7534204861116518
MFSD7,0.1097349690518472,0.7535543375962458
DDX19A,-0.0571629669376658,0.7537209146787047
SLC25A42,0.1762916128616836,0.753952394713877
DIAPH2-AS1,-0.1545736793933274,0.7541701281914793
CACNA2D1,-0.1172042592531692,0.7542779061915219
EFNA2,0.1122273200576033,0.7542963765950492
TMEM185B,0.0699435999405437,0.7543120090971174
HSPA2,0.0713875978341587,0.7544470947100764
HIST1H2BO,0.1503920124885862,0.754764497679922
SIM1,-0.1750330454958142,0.7550639560218325
VIPR1,-0.1176747520650005,0.7551231239625621
GRWD1,-0.0607918102567346,0.7554142865419702
LANCL2,-0.0589440850676723,0.7556045428874092
CBX3,0.0991067372517982,0.7559691110237899
FOLR3,-0.1881741914031396,0.7560547487746951
DHFR,-0.1848442413317981,0.7560556217030757
MCF2,0.1658570301403159,0.7561124481038642
CPS1,0.0708543405560258,0.7564667498877005
LILRA4,0.1541259479319174,0.7567749229562167
GPR56,-0.0848551043217114,0.7569869335693656
MANSC1,-0.0891906948907186,0.7570596116215194
RLBP1,0.1136793649370284,0.7570902861057597
SCAMP2,0.0642067900755662,0.7574148664766607
CHL1,-0.1974689200747947,0.7574665950403979
CNNM1,-0.0762434974437029,0.7574778403610577
SH3BP2,-0.1298685151970424,0.7575459919011424
MYF5,-0.174025267821074,0.7580149543466375
MRC1,-0.0813554545706995,0.7582075020502427
DUSP14,0.0804091203181265,0.7582702686057825
LDB1,-0.0532679104435462,0.7586127253754928
OSGEP,-0.0610777907548154,0.7586682014674591
DPF3,0.0537348745563885,0.7586753684421577
C1ORF21,0.166570166275231,0.7588053902336634
RNF5,0.1654977326288023,0.7588227876220527
ACTG2,0.1128486470774738,0.7588871209386567
MRPS34,-0.0569326775580041,0.7595354351470527
HOXC5,0.1293782299085677,0.7595588146645493
CACNA1S,0.1164657093757046,0.7598229192985454
LOC1720,0.2004771637457181,0.7602499771546953
USP13,-0.0508147375036411,0.7604884597111088
ERAL1,0.0257739866936059,0.760522457888662
CD4,0.1157958711430815,0.7606013635481569
LYRM1,0.0722150624026873,0.7606283035022581
CXCL8,-0.3593734275343418,0.7607058748295287
SEC31A,0.0410473510300573,0.760846338601606
NTN3,-0.1403800341837784,0.7610586119276341
KCNK12,0.1834105742580352,0.7610598748035783
ZZZ3,-0.0678267862027688,0.761433597583928
C11ORF30,0.115554882350942,0.7615148959320134
LOC100129973,0.1364523165441822,0.761604581610532
RAB3GAP2,-0.1728434460320786,0.7616698769984529
MAP3K1,0.134562508780017,0.7618154976906001
POLR2I,0.0552914251496314,0.7618632049326446
MMP15,-0.134219800218021,0.7619412358499781
SLC26A2,-0.0549661482653052,0.7619557777014065
PSMB6,-0.0388014727540309,0.7620413893340675
TTBK2,0.0717424356692015,0.7621648402610668
APC2,0.1353371321229373,0.7625316214252801
INHA,0.0762098407534299,0.7626396213454766
CTAG2,-0.1458476806762552,0.7627378108329002
SSR2,-0.0296223325050402,0.7630746117012391
CACNA1E,-0.08310208093142,0.7631187244991834
PCDHB11,-0.1200689481988845,0.7633087574218003
UBQLN2,-0.03048906261332,0.763316953818781
SH3TC2,0.0797798353338343,0.7635553219568676
SLC12A9,-0.047910635735489,0.7635605111653683
ZC2HC1C,-0.1160407973094432,0.763785246015777
LGSN,-0.1945046393144935,0.7640503493796033
ZNF324B,-0.0765984983495151,0.7640705409785291
RBM26,0.1777565564117367,0.7641687261233987
PJA2,0.0366281608655238,0.7643403826306219
SLC6A14,0.1060373996607957,0.7646291896715834
C19ORF60,0.0890787913235851,0.7647789152293739
ACBD4,0.1060145022633474,0.7647903121337921
BMPR1A,0.1283165603054223,0.7647930887860194
DIS3,0.0496722326167056,0.7648043844833021
DEF6,-0.1485553779029276,0.7648346374867308
REL,-0.0800931004559144,0.7649350265968984
CCDC40,-0.1936593442737253,0.765089163975004
DDX4,-0.0863316546330579,0.7651010929257752
CPS1-IT1,0.1100326145053149,0.7651131591928912
GUCA2B,0.0813921949897569,0.7651608792920573
CTSD,-0.0930927736447682,0.7652992340862249
ZDHHC13,0.0480800597304611,0.7653591838189616
RAG1,-0.1737262402881176,0.7655383760341156
SLC26A3,-0.2086206844217453,0.7655403123004108
FAM206A,0.0432225672410258,0.765658149540149
IBTK,-0.191496103034233,0.7656758183210067
MAPK1,-0.059147202455331,0.7656816680429104
CLDN8,0.1348730561340678,0.7656954438961188
TFF2,0.0950656323369854,0.7657085755550112
SEMA3D,-0.1623764803584955,0.7657244351931588
ZSCAN2,-0.1392179758785623,0.7659196127572706
ZFPL1,-0.1228705085675043,0.7661138651652463
GSTA3,-0.1262037599999361,0.7661267413646021
BCL2L11,-0.1301276530635022,0.7662910441883668
LAMB4,0.1379943609708425,0.76644711726105
GRID2,-0.1424678967264139,0.7665945716473376
KRT81,0.1300295678786671,0.766603457209552
MYBPC2,0.1346607184973542,0.7670901439157243
KRT84,0.1156398955414745,0.7671538313906109
AGPAT5,-0.0810556549340564,0.7672423845522875
NSDHL,-0.0543865231437958,0.7677825972286596
KRTAP5-9,-0.0731873038996133,0.7678000105720153
PDPK1,0.124580632898847,0.7681168028745148
HADH,-0.1101525709155062,0.7681253068644603
EXO1,-0.1436405753192291,0.7683377658171489
MYF6,-0.1518349591474797,0.768668161918198
OBSCN,0.0394186060120511,0.7687607362328419
CDH3,0.0907457319986355,0.7692660458049123
FGF12,-0.1435228164096007,0.7696762341161364
ZMYND11,-0.0771649187095793,0.7697163163670028
POP7,-0.0457034890781447,0.769800470140401
ARF5,0.049386859373028,0.769804493330484
AFM,0.1446816572923372,0.7701438298591183
ZNF696,-0.1079946202576271,0.7701530092185479
NOD1,-0.062908608581802,0.7702958850974253
PAGE1,0.123039552200141,0.770340589853494
OPA3,-0.1339663251048097,0.770557117437126
CAP1,0.0345835440262813,0.7706793613382307
ARHGEF4,-0.1445497819254306,0.7709059540757871
AHNAK2,0.1535970687757615,0.7711011100703146
HYAL2,-0.0545037968322876,0.7711873334114601
NR2E1,0.0977216291593392,0.7712204449174771
RAP1GAP2,-0.0910248642176405,0.7714748972409021
GRIN2D,0.1579369623796171,0.7715894047059922
CROT,-0.0815194143591231,0.7716448976995116
HOXD12,-0.0706908544733999,0.7720999122021702
NUP85,0.0331077399593411,0.7721095112567105
HOXA5,-0.1045283902866991,0.7721292918937425
ZBTB18,-0.132580124938439,0.7721894195428021
SERPINB1,0.0580482913527973,0.7722085142180474
UBE2S,-0.0649355423592048,0.7722337089892407
CCL4,0.1563523632988559,0.7723635370741228
RNF128,-0.2078630457619512,0.7725583547682905
SDR39U1,-0.0379244592493321,0.7727007277773086
FNTA,-0.0255376552387751,0.7729103680669379
BTNL8,0.1639039053845432,0.7729725321580166
MYH8,0.1444394910583049,0.7733044736922848
TJP2,0.1371662948333334,0.773330676551108
ZZEF1,-0.090859881436569,0.7734309424561147
YTHDF3,0.0569082707094938,0.7734437536647273
POFUT2,-0.12916508629054,0.7736779490851958
SLC6A5,-0.0878151865107357,0.773880422411985
DUSP2,0.2042464822978562,0.7739018383344063
PGP,0.101092379556523,0.7739334740365583
ATF2,-0.0563498013785599,0.7741334007626905
GSK3A,0.0795682419556609,0.7743951221874231
C5ORF45,-0.1284816677442837,0.7744177756073122
PDHA1,0.0722616356114258,0.7744856619886663
CLDN9,0.0377301333931292,0.7746022827252621
ANKRD34C,0.1015270225580255,0.7746053205092399
SNX2,0.0589729989718961,0.7749316303045297
GADD45A,-0.0822285617966098,0.7749944198123997
ZDHHC3,-0.0359888888919286,0.7753761264651976
ZNF282,-0.045693819042933,0.7754663451569737
LPAR1,-0.0799955080014527,0.7755245500614857
CETN2,0.0248293457404837,0.7755955163716806
PRSS3,-0.0792607990695843,0.7758345470540156
NR3C2,0.1493749157838637,0.7769614556607921
NPC1,-0.1515737126618264,0.7770064756983039
CYP3A7-CYP3AP1,0.074887610150653,0.7772531834900711
GRPR,-0.0839049572598158,0.7772909433175947
GALNT1,-0.0606344992128651,0.7773355633496598
CPA2,0.0417572550391671,0.7774273163319795
STRAP,-0.0434516712214989,0.7778555757330797
GPR110,-0.1501544190201102,0.7778737822889873
FGF16,-0.1097827849194743,0.777955148746702
NQO1,-0.1718900804213543,0.7781109139105742
ZNF7,0.040086205722055,0.7782780051140239
KIAA1324,0.0812095973518536,0.7784136821426328
PIK3C2G,-0.1397494486244355,0.7785111376740509
PADI2,-0.0838038947145269,0.7786180493456337
CTPS2,0.0524804332942565,0.7788190572906519
DECR1,0.0448946818129147,0.778930880562052
C9ORF16,0.1309966744474691,0.7790813166386861
NR6A1,-0.1182987348327149,0.7793794920544456
ALDH9A1,0.057178336655264,0.7794144981623797
ZNF250,0.0456243584998272,0.7794907893433154
PRKAB1,0.0451363711945411,0.7796302905253046
BATF3,-0.0833641124186854,0.779793038014947
DDX43,-0.1261612796595734,0.7799992573007981
ALX1,0.071158325317473,0.7800767929813801
DCBLD2,0.069703321426394,0.7801211992432497
NOTCH1,0.03952767557492,0.780151798212896
PPP1R9A,-0.0841064052693738,0.7802757755926104
SCAND1,0.0330784499339795,0.7803677921074306
MARCH5,-0.0352587749624362,0.7806404914637526
SH2D4A,-0.0545522424799909,0.7806717083227768
IFITM2,-0.0366528479420811,0.780834167511968
ABCB11,-0.1044078454522248,0.7808843782766672
HNRNPC,-0.0518051874990508,0.7809504516587954
HCG4,-0.1856075857271717,0.7810243168420976
HCN2,-0.1436764567163839,0.7810366196998566
AF007147,-0.1490365610331157,0.7810837684836155
C2ORF49,-0.0266062581296537,0.7813129525163098
GTF2F2,-0.0846334515951703,0.7814452889687822
IP6K2,0.036444689406176,0.7814499736427013
NKX2-5,-0.0625300764568965,0.7815037885344602
TRPC3,-0.1511496358468607,0.7815538754989563
PSG9,-0.0601417038803004,0.78155721943382
ANK3,0.1289889107486406,0.7816361893610196
ADI1,0.043627832211941,0.7821810505632972
DNAJA4,-0.063293165809636,0.782282558416994
ZNF767P,0.0483603671292343,0.7825209242652071
TM9SF1,-0.0390192429203946,0.7825375915666131
SHCBP1L,0.1352742289641915,0.7825583015264983
EXD3,0.0453297694618424,0.7831253948392335
DGCR9,-0.0772386841876828,0.7831399876187847
EDDM3A,0.180090670084279,0.7837913237235327
CSGALNACT2,0.0909795720797248,0.7838015794188974
PRMT8,0.0987557461034516,0.783847515791115
NSUN6,0.0732878701329822,0.784071859535306
DPM2,-0.0295788346052852,0.7841219236680584
MGAT1,0.0359993600686294,0.7842201259577865
R3HDM4,-0.0728292740584741,0.7842372193878662
KRT20,0.0895996525340381,0.7843712040616033
NECAP1,-0.0310125646520003,0.7844347425640154
SLC37A4,0.1057666331275299,0.7844888977294759
GPR183,-0.1074336606394883,0.7845010499901995
TSPAN6,-0.0786886801576791,0.7847229264512768
ERGIC2,-0.0269917774140271,0.7849084199061003
TCF7,0.1392630199487783,0.7851036659940963
MAPKAPK5,-0.0393757279717323,0.7852401511445518
ABCA1,-0.1135220006880413,0.7853619268024243
PADI3,0.049866438844929,0.7855141408026655
C3ORF18,0.1183261549591039,0.7856131082325719
WDR6,0.04655634868943,0.7856700132216132
PPP1R12B,0.07803856443042,0.785697720146024
ZNF266,0.0466773873719876,0.785825568045823
C19ORF40,-0.0343636064459618,0.7858321056284645
P2RX2,0.1247081763079975,0.7860841908419103
E4F1,0.0421264256598101,0.7860912183980034
CAPN3,-0.251604372497801,0.786096012733847
RAP2A,-0.0771880989577447,0.7861128530205503
WDR61,-0.1209817776284172,0.7861874233341489
SDPR,0.0983082320798862,0.7863788518848694
ULBP1,0.0494107087279536,0.7864868024652422
ZNF234,-0.0675269188590768,0.7868558948671156
CNTNAP3P2,0.1121239699534459,0.7868567550151221
EPHX3,0.1246620924440877,0.7870283946858531
FJX1,-0.1013763108875478,0.787204431548663
FUZ,0.0781604188835851,0.7874814336926469
FZD9,-0.0769293746402999,0.7875614791713551
UQCR10,-0.0325035102079329,0.7878237021713108
SUPT3H,0.0711541115626035,0.7878665009701981
CCNC,0.0560553927757432,0.7880797940424034
CRISP2,-0.1297388482473054,0.7881151871326176
HEBP2,-0.1042228577719903,0.7882071099150972
CHUK,-0.0752682932049637,0.7883020664861325
OAT,-0.0299576616989547,0.7883523594130586
RHBDD3,-0.1637973837437538,0.7883615822479743
GCK,0.0644438719190825,0.7883693894340061
GPM6A,-0.2007463961805968,0.788612124706931
PCSK5,0.0645082471258806,0.7889031938066845
NIPSNAP3B,-0.0820983744798917,0.7889117835854063
PRR14L,-0.0558985913889795,0.7891220601424308
NTF3,0.1379430929354006,0.7892132894080459
AP5S1,-0.0347332111029814,0.7892183862387067
GH2,0.1632758361496433,0.7892792149224804
SNAPC2,-0.044806692382779,0.7893773783010711
IL1RAPL2,-0.0608465079044586,0.7894075278693309
AC007389.3,0.1248968381143313,0.7895180852668723
CUEDC1,-0.180937027006288,0.7895280259055374
SIRT3,-0.1062320146617654,0.7896379447421729
TRMU,0.0757719500408846,0.7896819941507397
CRYBA1,-0.1558084772164321,0.7897283429849541
CGA,-0.1023489130814097,0.7898397357472403
POU5F1P3,0.1044561604410017,0.7901227736340216
GABRG3,-0.0947864465693424,0.7901747031103766
COMMD4,0.0586663953379371,0.7901985625121049
RGS20,0.1569640613915486,0.7902463560718463
HIST1H4D,0.0367806111885871,0.7906215879837449
CMKLR1,-0.0660381246794497,0.7906823243327511
LINC00339,-0.1256757497501812,0.7911643483398327
POLR2J,0.0274866665234352,0.7912225505826129
TMPRSS11E,-0.1441012394929073,0.791317451064468
GEM,-0.0867243832159054,0.7913365915223306
ECH1,0.0975679326446368,0.7913506146432757
SH3YL1,0.048887898597675,0.7913585214652752
CHD2,-0.0888418201758183,0.7914007729275816
PPBPP2,-0.099265955076147,0.7914422900601719
SPRR1B,0.1296297873363565,0.791520223158804
TMEM242,0.0470910967929461,0.7915567453381445
FAM214B,0.0434354242737331,0.7915651339776235
FHL2,-0.079390943938737,0.7918807512728863
COPS5,-0.0455758763349454,0.7921080857168464
SULT2B1,0.0436667726761683,0.7921118516604796
IFI35,0.0477698742079901,0.7921623706461779
ZBTB32,-0.1144955917857868,0.7922517748146901
UBA52,0.019404246518885,0.7923543995913701
ASS1,-0.0959043163103778,0.7925895679969659
PPIC,0.0938474900848636,0.7927626114610284
DENR,0.0431713827855819,0.7928122782755072
RALGDS,0.067448252446983,0.792838953227964
LOC101929726,-0.076442910819658,0.7928851458482052
ANXA6,0.0642825765299228,0.7931374217539724
CLCA1,0.0631214245613112,0.7932917307524332
PSMA7,-0.0458277558810511,0.7934162902929663
MS4A3,0.1740578261901539,0.7936809770507789
PHLPP2,-0.1110514950256584,0.7938099779469603
ATP1A1,-0.0359228911913049,0.7939408036829897
CDSN,-0.0717253305801191,0.793966587220046
COL9A1,-0.0506617124566566,0.794317750272996
C1ORF109,-0.0936542940907001,0.7943567396015148
TMEM135,0.0950246189469332,0.7943963927867319
KDM5C,0.0264445143008682,0.7946689958091429
BABAM1,-0.0435238573989114,0.7952031059098801
SEPT5-GP1BB,-0.1214504783120205,0.7952084693395949
NBR2,-0.1144331649937759,0.7953112796439671
SLC38A6,0.0456977303742718,0.795823735727939
ZNF358,0.1134280473657884,0.7958660166255755
NDUFA13,0.0251023146138056,0.7961242901539008
ZDHHC7,0.0354883934803336,0.7962055698423179
GPN3,0.0452880395589829,0.7962262423697163
RCAN2,-0.0857515451357393,0.7964199866497707
NOVA2,-0.1483590116693318,0.79647200054939
MCF2L-AS1,-0.1488620932089452,0.7966038263168971
NPFF,-0.1117282850477137,0.7966159502973007
RYR2,0.1185145956892812,0.7966854703099829
JPH2,-0.0373078518494729,0.7967116277525526
FAM50B,0.0356050298928902,0.7967316090184325
CYB5R3,-0.031944035653769,0.7967365725641938
C2ORF54,0.0542883548875261,0.7969111244307686
SRGAP3,-0.104529418304323,0.7970504255771756
TRAF3IP1,0.0720601919691334,0.7971338153995859
HLX,-0.0453593607900888,0.797161655616664
GLP1R,-0.1101494009160362,0.797294134115156
FGGY,0.0833486370490481,0.7973171587548542
GPR27,-0.0419223242039255,0.7975517329509606
OSBPL8,0.0470086669112479,0.797671887145128
PTPN20B,-0.1696614224431369,0.7977192318166981
PNMA1,0.0253965580875465,0.7977786258319226
INHBE,0.1446875414660988,0.7978209433866891
FOXL1,-0.0625835265468479,0.7981542085050434
EPS8L1,0.1105605058355188,0.7981874385650456
VPS11,0.0311593545210051,0.7982914146713217
ARMCX6,-0.0552890542078641,0.7982978217535357
RENBP,0.1798919498964215,0.7986508966885897
MT2A,-0.041972793824998,0.7987872459384842
PNLIPRP1,-0.0951557917255416,0.7988320667001829
MATN1,-0.1049699008865019,0.7988749353428399
ARMCX4,-0.0831618746962954,0.7990374813389022
NRG2,0.0978817558200662,0.7991504523861602
SLC2A11,0.1002164829061955,0.7992147429160009
TMEM50B,-0.0437960421061163,0.7994067569140689
GAK,0.0495076849206324,0.799542636543793
FAM208A,0.0637706053931435,0.7996336916402391
SYNPO2L,0.1492246434394566,0.7997222455789945
MRPL2,-0.0496521615292362,0.7997389038110383
FKTN,0.0515677278223911,0.7997658944684425
SNTG2,-0.1407100372794274,0.7997986739504543
ADAM5,0.0674570772673339,0.7998123786122217
SLC25A4,0.0905895802105245,0.7998541738545502
FSCN3,-0.0568087209831125,0.800054054461314
SUV39H2,-0.1487949341763381,0.8000808203744969
STAT3,-0.0448220606642824,0.800193097442095
TULP2,-0.1295741334901281,0.8004389605571315
LCMT2,-0.1218930043823438,0.800451310709941
RNGTT,0.1219697089541806,0.8005793874556807
CFLAR,-0.0569953974475634,0.800605629828108
CLSPN,-0.0771220649225026,0.8006225631483308
USP53,-0.1599273005042718,0.8006329242090817
IFNA17,-0.0470435019421922,0.8010498069061979
CCDC25,0.0518181786038862,0.801221733319258
RPP40,-0.0653750477789403,0.8012385557898979
GAPDHS,0.1122334831991862,0.8015810484061222
FUT5,-0.0972006935967151,0.801722405217347
WWP1,-0.0875042082659094,0.8018062853057399
FABP7,-0.0996212280878143,0.8018311508479314
DNASE2B,-0.1118703440195734,0.8019307670861069
BCAR3,-0.0493831036503236,0.8019843122945116
ZNF771,-0.1212959901694996,0.8019862995001866
BYSL,-0.0914135154632393,0.8022716744153346
MEN1,0.0304502655488949,0.8022866692834292
MST1R,0.0863351770253988,0.8025429767589543
TAL1,0.0828482763295612,0.8025983927730609
GAGE1,-0.0956586063372246,0.8027376988774058
MR1,0.1689595826275018,0.8027655127059382
ST6GALNAC5,-0.0771087825201926,0.8029531142551991
MT3,0.0434214969215878,0.8030125611079036
HSD17B2,-0.1058810227676687,0.8030971302905537
DNAI1,0.1098954825524165,0.803517893221339
JRKL,-0.052650479552236,0.8035272814393544
ALG8,0.0273100883753834,0.8035775467350821
IVNS1ABP,0.0641556232673981,0.803663541833146
LOC100294145,0.1280190682331889,0.8037542827548673
APRT,0.0484013505254026,0.8042291064265932
CCDC88A,-0.1442566432573961,0.8042500742264878
KCNMB2,0.0596830012363085,0.8046337679718603
CASZ1,0.0398272690463539,0.8047116313996129
SHC3,0.0320285699281988,0.8047729419216971
CRK,0.0482842551044875,0.8049815927921558
DEDD,0.0444735016244512,0.8052884325986214
HSPG2,0.0706385973045211,0.8053197745616483
PDGFRB,-0.0985487181398738,0.8053202881754316
SLC22A17,0.0741489613038997,0.8056846658424518
CSF3,0.0939005585014918,0.805952969678236
RC3H2,0.049080903069937,0.8060899435120221
GPR37L1,-0.0572997846144582,0.8064551882328567
ZNF137P,0.0361727739372268,0.8067610511973434
DGKB,0.1273622605540856,0.80678931008422
DAXX,-0.0526828220468456,0.8068329432758972
RORB,-0.0656469500981473,0.8068918675746322
IFNA14,0.0729693803887974,0.8072892004086037
TST,0.0880721760757339,0.8073256900752767
CT62,-0.0848479441050904,0.8073356260969267
ANKRD40,0.0455640013118507,0.8081258232892148
PRCC,0.045285537936671,0.8081765466447008
ERCC2,-0.1095891533538724,0.8082782726828468
VPRBP,0.079332980765562,0.8085472780835332
SLC17A6,-0.1160370733758844,0.808600751304413
STOML2,-0.030321526747862,0.8088361115247128
SESN1,0.0714562352810812,0.8089278526303921
ZNF280A,-0.0556676643227707,0.8089714624950841
MBIP,0.0661110547864467,0.8090018611813299
INSL4,0.0844692703460223,0.8093104956651677
DNAJC2,-0.0662920478730857,0.8094768258619965
CCNF,-0.0903215853829788,0.8095072988660335
TUBB6,0.0516864673901569,0.8095913077975778
FLG,-0.105932050760372,0.809736283078753
GRINA,-0.0375620241753331,0.8102178058033883
LEPRE1,0.0385451198405668,0.8102997502460482
CALB2,-0.1069987529030704,0.8104449166976925
BDKRB1,0.0634335687502334,0.8106787858029472
LCN1,0.0926665929822423,0.8110616236864483
EPB41L4A,0.1326552081951608,0.811066763024605
PDE12,-0.1518298132114575,0.8110785429577593
COL8A1,-0.1488629323793104,0.8112070120361758
CUL7,0.1528552552873021,0.8113302978875314
UNC119B,0.0512796261977932,0.8115333804464647
APOF,0.1541319436631965,0.8117258077885406
SLC22A18AS,0.0423363293459928,0.8119087640729279
REN,-0.096708035768815,0.8119909867320864
ADAMTS12,0.0515008020537237,0.8119922763576978
STARD3,0.0670505033329167,0.8120213250128446
PON3,-0.1046835812937709,0.8121302847042543
PALLD,0.1035714408676895,0.8121732261807448
SLC25A22,0.0588562171185449,0.8126963509411887
KRT2,-0.0404852211051567,0.8128143581136352
SH3GL2,0.1680722455819436,0.8131846525799903
HIVEP2,0.0401412679011237,0.8132339993440434
COX4I1,-0.128070588179149,0.813306548176505
SLC13A1,0.1845686649866023,0.8133577204713087
SSSCA1,-0.1016701088530132,0.8134275008876475
EIF2B3,-0.0354133387581505,0.8135622841918341
ZIC3,0.1354165441112176,0.8137509703918512
TMEM43,0.0447679115863888,0.8138089288799042
ANGPTL3,-0.1222383288134785,0.8138855041311778
BCL10,0.0673643396243708,0.8139795508762017
RFPL1S,0.1119673577315669,0.8141117208727502
GOLGA8N,0.0556708728080135,0.8146411380622024
OXLD1,0.1499898482285182,0.814793463164275
CA11,0.0849362596611413,0.8149813240778395
TIMM17B,-0.0290188094362644,0.8150466107599634
ZSCAN12,-0.0606103976511207,0.8152250152305461
PMM1,-0.0518947634668496,0.8155455224675033
MEGF6,-0.0895656809753298,0.8161762182072946
BCKDK,-0.0435622587955712,0.8163619612573814
FPR1,-0.1501405585348472,0.8164363352128697
SLK,-0.050617939467024,0.8164625458847755
FAM124B,0.1455901301510085,0.8165443703068438
GNAI1,-0.0759884234681509,0.8165968542534896
IER3IP1,-0.0239454758399144,0.8166768349099892
TSSC4,-0.04976372139879,0.8170389009149434
MUSK,-0.1003552178845526,0.8170525685837753
PKD2,0.0508616346846846,0.8170802809785971
IMPG1,0.0779632065340043,0.81710251387875
MEFV,0.1091726301071887,0.8172244572901483
CCL2,0.1534867293843085,0.8178312420414163
PLXND1,0.129177809270331,0.8178988454998428
COL16A1,-0.0854801123506288,0.8179442025165303
HLA-J,0.0473018155335402,0.8181226402136043
STAG3,0.0768146044309778,0.8183690679971297
CTSA,0.0597943269112128,0.818428088922114
PRPF8,-0.0249224278297557,0.8184973973315407
ZNF586,0.0457764889006284,0.8185633771239821
APTX,0.0282338833906994,0.8186351308245844
MGEA5,0.0446145635862205,0.8186553106090327
PAFAH1B3,0.1133166522425828,0.8187727580703771
TMEM144,-0.1221431371670718,0.8188095015873823
GPR143,-0.069909979754303,0.818888187154882
BAI2,-0.0701474816420271,0.819133311334574
SLC16A6,0.116798684700405,0.8191548133348195
GJC1,-0.0969166418221698,0.8191661914593028
EFCAB1,0.0930624050239465,0.8192655367805497
USO1,-0.0597428795451087,0.8193739186951461
SOX14,-0.1194173169886037,0.8193818243788041
CD226,0.0519979963656753,0.8193885772229578
KLKB1,0.0975223917121441,0.8194193825900606
KRT76,-0.0389957714809563,0.8194549762495327
CXORF21,0.0575942764093495,0.8194885730265828
UBE2N,0.0517249088037026,0.8195086058284085
PHC1,0.0440730235182069,0.8195622694757757
ZNF407,-0.1266796656298812,0.8196235097312333
AURKAIP1,0.0328735297724289,0.8199434879298398
RCN2,-0.0640565505034924,0.8201752281422533
FBN1,-0.0650040984531035,0.8201977355806143
CHRNA10,0.0335766778550867,0.820205143759933
OR7E47P,0.1021076903141979,0.8202217134149159
PPM1B,0.0911390392173059,0.8202331024932132
SNRNP25,0.0349527222899528,0.8203330583839024
AGRN,-0.0698510078730025,0.8203885181567858
HSPB3,0.0820506513024872,0.8205147832381217
S100A5,-0.1013720557580226,0.8206583664792302
HK1,-0.0437557748116308,0.8206727674736577
DDX1,0.0189077001795254,0.8207431611973797
OR11A1,0.0738766706402955,0.8207500003230412
LRRC61,0.1116715213012655,0.820867640084956
LMO7,0.095043116751694,0.8209031369401993
TRAF6,-0.0307924407724069,0.8209042590611859
URB2,-0.0839607937879574,0.8209669690575149
SLC25A15,0.0492153509114432,0.821196618599998
CSTA,0.0506864323526379,0.8212405102630248
NOC4L,-0.0630057180035628,0.8213674256468002
LPA,0.101584315228103,0.8216470651650987
CYP4B1,-0.3006165598528332,0.8216605395858145
HMGA2,-0.0818195099513605,0.8216643251643723
SLC38A2,0.034364791350578,0.8217847853937892
ABCA11P,0.0880156190259935,0.821852037752463
TUBGCP5,-0.0716631697626741,0.8219751941062876
CEP57,-0.092476323401164,0.8222464093264917
DHRS12,0.0788453200596412,0.8222531236861677
SLCO1C1,0.0588536793930343,0.8222801489877085
ZHX2,0.0450382907448378,0.82247831146222
CANX,0.0235243443886474,0.8226528019843541
HSF2BP,-0.0467455345909026,0.822741106720095
RPL24,0.0187879111769468,0.8227930772602439
NAT8B,0.1104168845514808,0.8229539818649789
TIMM8A,-0.128298214313987,0.82299190758073
RDH8,-0.0860215609703098,0.8232642018373854
RSPH6A,-0.0694206451171677,0.8233103645396758
MCPH1,-0.066387307653394,0.8234925664722572
CHRM2,-0.098313564362658,0.8235543935152463
CYP2C19,-0.0857944076746735,0.8236092009177213
LINC00474,-0.0888222577315529,0.8236902800825512
DLG3,-0.0882141335474511,0.8236983054147479
TIMM10B,0.0378362777334118,0.8237849962488502
SAMD4A,0.119883277228868,0.8238993225809391
FXR2,0.1020290396597838,0.824038021450109
SLC5A12,-0.1428645392814802,0.8242573814065337
VPS13B,0.1275852734742546,0.8242580660691218
LAPTM5,0.0605497671939136,0.824320547013193
KPNB1,0.0725722731291274,0.8245088393695501
PGM1,-0.0535819515696633,0.8246296220815718
NDUFAF1,0.0347957137316505,0.8248174255018259
SRI,0.0395332056555144,0.8248206951910665
MAP3K8,-0.0857566564777201,0.8248657932669363
GAMT,-0.1018428376451545,0.8250536077914652
MMP24-AS1,-0.0442061092491599,0.8250689176540884
STRN4,0.0330263827312915,0.825452813435569
PAWR,0.1168368805142234,0.825475486664834
SLC22A1,-0.1203648508865171,0.8256757849970645
PRKAR1B,0.0768800236291369,0.8259623507156817
INHBC,0.0467013814787211,0.8260304626136
FAM127B,-0.0424366083501634,0.8263293355854504
AP1G1,0.0386554702270807,0.8263779596770539
PCYT2,-0.0434331030997325,0.8266544206165862
RP1-149A16.17,-0.026689829389106,0.8268289861056127
SPTA1,0.0436367035988443,0.8268389583590067
GUSB,0.0425246739873621,0.8270928893311429
PTPRC,0.1084965963487309,0.8271276085884304
MRPL39,0.0246696133944741,0.8271869245044123
RASIP1,0.0409289214044079,0.8280134685499088
POTEKP,-0.0373549991492581,0.8284645492656895
PRB4,-0.0449120357166945,0.82847550299513
SI,0.1437925950112388,0.8284758195037024
PVRL2,-0.0261624250425303,0.8285785815938075
CSH1,0.0334481869885339,0.8288456780171519
PSMB1,0.1215775732543766,0.828866083408178
TMEM14A,0.0437552619954377,0.8288681852814883
ABCD4,0.0980024225784905,0.8290062920913335
TAC1,0.1525548869296642,0.8290119975025587
ORAI3,-0.0536428794573389,0.8290341319362543
GPR162,0.087371086734497,0.8290751871832106
GPX1,0.0368637691804103,0.8291239292411541
KIAA0319,0.0794416539598494,0.8291864492122585
STK38L,0.0467746991584032,0.8292160741516703
CNGB3,-0.0844738310152317,0.8293174697998031
TBX5,-0.1200540006367099,0.8293520432456819
TSHR,0.1498399409770239,0.8294349539296395
TAS2R4,-0.0666946294594783,0.8295212207104928
PEX19,-0.0545001500809991,0.8295435501751528
SOS1,-0.0315035634935005,0.8295893021610031
PLXNA3,0.0512169621851352,0.8297795079432115
GPD1L,0.0859252880470062,0.8299895219878158
TREM2,0.1546395741001411,0.8302089901581678
DACT1,-0.0607437481655868,0.8302142853724462
PSMB7,0.0195254667855842,0.8306560643221812
PDAP1,0.0807511639076472,0.8311544531319246
MSRB1,0.072499748528191,0.8311771916125916
RPA1,0.042596339523067,0.8311921174490811
GPR17,0.1053304202099298,0.8313923556307458
ANKRD17,0.0224418312574332,0.8315091046863149
OCLM,-0.0400512386016993,0.831543414024439
EPHX1,-0.0712880986010606,0.8315508243581644
HOXB1,0.0682278440170662,0.8319842440233626
RNF103,-0.027405607716501,0.8321738363818644
AGFG2,-0.0918839889848683,0.832291604569546
ACVR1,0.0332998174606853,0.8323869048527891
VCAN,0.0670106049698109,0.8325473117828414
SRPX2,0.1041953085107083,0.8326163206938101
SPINT1,0.083332776166948,0.8326886369063046
RNF123,-0.019367627782886,0.8328110308809892
ZFAND3,-0.0208427532023343,0.8328575429744454
PRDM9,-0.0625066636017783,0.8329104209159753
ARPC2,0.0216529284252171,0.8330204140251125
UTP14A,0.1088064118342542,0.8331104484150264
MKRN7P,-0.0470847360678789,0.8331583068229707
PTX3,0.1857133144496954,0.8337735074847334
OR1F2P,-0.0349346901300759,0.8341354976882391
ENAH,0.0468355305641043,0.8342528121810695
CLCN5,-0.0502423180923923,0.8343702627848387
WRAP73,0.0277288088189324,0.834392180842731
WASF1,-0.0557248769122136,0.8344201692418806
ZNF549,-0.1183111347160612,0.8344423727691124
GLIPR1,0.051008378987257,0.8346685546451817
SCGN,-0.0789679696152632,0.8348183306240888
MPHOSPH8,0.0320572564394172,0.8348844870461603
MSANTD2,-0.0511553073636843,0.8348918257778736
ZNF783,0.0323790141500852,0.8352548211447054
RP11-665C16.8,0.09246393948162,0.8353298737150376
GLO1,0.0233639535262977,0.8354763609386109
C11ORF1,-0.0991531719510199,0.8357309347159947
NT5C,-0.0386111555886916,0.8358528988955467
VIP,-0.1322218023336305,0.8359309329928362
TBC1D12,0.0339926497148095,0.8360782164448012
ZNF230,0.0922549035046715,0.8361253907619902
UBR5,0.0307459736062281,0.8363842481220579
RNF19A,-0.1154260057976275,0.8365135318277411
AEBP1,-0.0837050511486108,0.8366860199770955
AMBRA1,-0.0854997521485287,0.8367021809105517
ADAM7,-0.0926029317725047,0.8367049247003372
RNF130,0.0644768249302067,0.8367576877167541
MDH2,0.0253692157999214,0.8367752280975009
FKBP15,0.070972627787504,0.8368322648626986
DLEC1,0.0748506880944237,0.8369455178437951
EPHA3,0.1620690951914962,0.8369854968872373
MUC3B,-0.0837250476519821,0.8370564420307112
CCNA1,0.1053648124129464,0.8370588905368758
TBPL1,0.0467084733175102,0.8373038953038998
RP11-209A2.1,0.0610581818861923,0.837441045893045
NIP7,-0.0913243101085061,0.8374722142685201
RANBP17,0.0787016451339281,0.8375935720405755
RP3-497J21.1,-0.1281455398779578,0.8376110228899093
C19ORF57,-0.09456068460441,0.8376463656675314
TXNRD1,-0.028418850339861,0.837688546326272
EFNA1,0.0874227722401377,0.8377610807384684
TUBAL3,0.0468372062652857,0.837766061894383
PAK4,-0.1315702265138334,0.8378227427483781
SNUPN,0.0391275875327483,0.8380038092951506
CSN1S1,-0.2472154805659983,0.8380828091289061
GYPA,0.1269060830271551,0.8381294427716655
ICT1,0.0187150405098819,0.8381431122712952
TBC1D22A,0.1004778418568133,0.8381510983869939
HLA-F-AS1,-0.0550748138361729,0.8382841395466513
PDC,-0.0790735286742467,0.8386897443177246
DNM2,-0.050293822047545,0.8389377728486309
NINJ2,-0.0467258826626313,0.8392909426992523
GFI1B,-0.1238660385507044,0.8395039916107547
C17ORF85,0.0369432424598681,0.8395199726903907
CKLF,0.0388308951589753,0.8396430914616639
RGS5,-0.0573089061622145,0.8402257208195701
NPAS1,-0.0782564058421355,0.8402583655502237
MKRN3,-0.0860759420401535,0.8403679809954988
AP1B1,-0.0735132891414647,0.8404504716497011
IFT57,-0.051104466370015,0.8406310864253482
BAG2,-0.0438229295393366,0.8407878084594147
C14ORF1,0.1033975747424156,0.8411186550010881
IL2,0.1158279239332786,0.8411358491076697
TNR,0.0598388358355999,0.84122366629869
SUSD5,-0.0884547911612951,0.8412418074829504
PNP,-0.0675234784409362,0.8417767487380119
TEX12,-0.1147130338539217,0.8426382534552438
DNTTIP2,-0.0396160752358252,0.8428595214404401
C5,0.0494195569570337,0.84307244534783
TVP23B,-0.0685641677557562,0.8431441030202599
CFDP1,0.1166920726238611,0.8431480968434216
SLMO2,-0.0695642446504338,0.8432332081233904
FGF14,0.1080104786442994,0.84337884877423
ABHD11,-0.0297821191400782,0.8433819955226494
KLHL9,0.040195935058902,0.8436763818322893
LGALS4,0.0469105258581352,0.8438328982323557
GALNT3,0.1185749829412898,0.8439406565661061
TBC1D2,-0.0669578345452226,0.8440293611699229
SV2C,0.0345029563326111,0.8441327344251548
RAB3A,0.103721966037261,0.8443226156080967
NR5A2,0.0782369396051914,0.8443784007202748
CARTPT,0.0888440983918679,0.8444039203676728
USB1,0.0348362095792111,0.8444133707518893
TIMM8B,0.0185083469573594,0.8444496015311235
VASH2,0.1001498621456935,0.8447721946567713
TIAL1,-0.0715597920782906,0.8447846724377734
COLEC10,-0.0783862393832226,0.8447966283108421
SOX21,0.0944953125715244,0.8448114415548545
SLC37A1,0.1310120985736613,0.8448220156100823
AOX1,-0.1381245113374669,0.8448844869124199
OLR1,0.1089483157158941,0.8449462060209312
POLR2B,0.0205898368973453,0.8450294550241986
ABCD3,0.0298003092288627,0.8450373379735533
FPR2,0.1556353679779789,0.8452103191045801
ZNF428,0.1044675149018665,0.845259780550055
CDIP1,-0.0519088659932478,0.8454492286302231
MAP1S,-0.0329739045626134,0.8457060929428561
RPS9,-0.0555998524545131,0.8458568940300603
SAMM50,0.029120515049005,0.84607466485245
NBL1,-0.060636909532409,0.8461643425324803
SNRPB2,-0.0387187410477558,0.8463048245622831
NRDE2,0.0753044189947331,0.8463258067121214
TCP11L1,-0.0497686324364439,0.846375258536251
GBF1,-0.0235752541894243,0.8465153310679002
OR7C2,0.0370895752104654,0.8465938622353151
ENPP1,0.1036288734782955,0.8465976192207801
ASPA,-0.0820265923126086,0.8466457285192334
PAXIP1,-0.024620060099826,0.8467253948355228
HMGN1,-0.0443304462762057,0.8467898445680172
SSBP1,-0.0530117173997757,0.8469075113224956
VPREB1,-0.1012353531069356,0.8469935110378223
TBC1D8,-0.1009340181452396,0.8470495353660786
PI3,-0.1068126060738379,0.8473296759713753
KLK15,0.0882546811399467,0.847354713407869
CAND2,-0.0514927745937017,0.8474226423811502
MLST8,0.045351550802458,0.8475067463476379
HOXA4,-0.0534584438814054,0.8476119224359346
MRPS28,-0.0339822703220544,0.8478047342716758
TSPYL5,0.0257490815989793,0.8478098211302512
ZNF334,-0.1200202069836993,0.8481200237472476
BTN1A1,0.0837545575384348,0.8482483261588082
PLCD1,0.0558476250946213,0.8482874779330802
DEF8,-0.0372589801254132,0.8483362208475355
MRPL33,-0.0365690036272425,0.8484387942271291
CTF1,-0.0520411944935883,0.8485219567439801
SIVA1,-0.0448858529589539,0.8489193660935356
RYBP,0.0636667109822362,0.8489943989954222
SERPINB2,-0.1007298526390219,0.8492571197051845
IARS,-0.0462528187728832,0.8493934660456229
IDE,0.0222749210054722,0.8495779771106092
GNRH1,-0.1153689805338711,0.8495860161889537
LIMCH1,-0.0501824424699659,0.8496266213456477
RP1-192P9.1,-0.0255267856502876,0.8496301965815697
PPBP,-0.0964269429069917,0.8496637310474286
LGALS3BP,-0.0470180020844637,0.8496715583526473
ADD3-AS1,0.1040269453703466,0.8500087247868915
NRXN3,0.0853843112577994,0.8502432120848983
ST8SIA2,0.0429379061992918,0.8502531581119719
SPI1,0.0855909429771593,0.8502917962544432
CNP,0.0255472233079174,0.8503002211612997
TMEM47,0.0757973772726581,0.8503426837008553
BDH1,-0.0746923755138011,0.850363130826968
COLGALT1,0.0321656858788994,0.8504008429269972
ACTR5,0.0281777292297231,0.850508392675275
GRIK4,-0.0877186798350724,0.8505326481039526
CTRL,-0.0198287083546357,0.8505504414713343
GRAMD4,0.0299320295034135,0.850630207950131
FGF1,-0.0751588489339143,0.8506976618587957
PTPLB,0.0567647265434967,0.8507341758243149
LMAN1,0.1131520792975244,0.8508313096217021
NUP153,-0.0484369869028959,0.8510551735827501
CYP11B1,0.0284275261359487,0.8513193492834403
IL1B,-0.1258148017047533,0.8513634054274832
ST8SIA5,-0.0695326016309731,0.8513908288374149
COL4A3,0.133337406888419,0.8514097806427104
ATP11A,0.0816837014293314,0.8514330330034069
LBP,0.2129695129406785,0.8515815936231322
HIF1AN,-0.0469874033566073,0.8516100507911457
CASP10,-0.0574056255951278,0.8516442523242203
SMARCD2,-0.0523188867265531,0.8517310951261149
COPS8,-0.0835517371652425,0.8518749152066706
BAK1,0.037215994383656,0.8518885805274211
ARPC4,0.1285745683219499,0.8519130076258468
SELE,0.1152965292802221,0.8520442748931853
PROM1,0.0997689083291177,0.8522626732695405
MRPL42,-0.0263110746019243,0.8526541922994951
SZRD1,0.0792509634230986,0.852748589436685
HSF2,-0.0438579367038522,0.8528037546205467
DPPA4,-0.1096254753979883,0.8528653087985624
PTPN3,0.0433947530292222,0.8528909119347498
IGFBP7,-0.0837830795001215,0.8530810412494968
CDK20,-0.0350922995180722,0.8532579124580209
CA10,-0.1142995740940606,0.8534071310901165
C12ORF49,0.0260555449876136,0.8535222171491385
ALX3,0.0601004501506565,0.8535922890969093
FTSJ2,-0.0380950236745505,0.8537906931391468
HSPA5,-0.0424211401827587,0.8537936632595409
GPRC5C,0.0674238157799385,0.8539507299042074
ANG,0.0689986606598491,0.8540337155521955
SLCO2A1,-0.052535526283119,0.8541909913782822
ACSF2,-0.0396179701138423,0.8542512876286432
OR1G1,0.0741135466096531,0.8542612974073635
ENTPD4,0.0318843580562138,0.8543362263497352
PRKRA,-0.0216455972603277,0.8544339083706958
YARS,-0.0393358211077519,0.8547646693073696
RSRC2,-0.0176538319560624,0.854827550178572
NIPAL3,0.0748167735610376,0.8548431984101074
ECI1,0.0583208385394371,0.8548789101229654
PPWD1,0.0211173181641797,0.854993864097192
ELF3,-0.0487207605898225,0.8550917544709933
GCC1,0.0281319041776466,0.8551056424739417
NDUFS4,0.0352907433549134,0.8551782036589152
PIP4K2A,0.0328183739958829,0.8552759454395256
CLN3,0.0462474137056059,0.8553237889825671
HELZ,0.0293068502728708,0.8553856869672832
CPNE7,0.0370184015080825,0.8553957290002997
ILVBL,-0.0344699261562952,0.8555002502198369
OSGIN2,-0.0967703668431183,0.8555268006381
PTP4A2,0.0380414506688051,0.8555497719932611
ZFR2,0.0823046739051154,0.855742908997988
NT5E,-0.0480325725936161,0.8557614640213258
ZNF638,-0.0245564631769568,0.8558632696444803
CCDC85B,-0.0710340264797073,0.8558752511856833
CCL23,-0.0877990160517985,0.8560695944765931
MYH4,0.1015917028329504,0.856082290661157
DIRAS2,-0.1145714729756415,0.8562261033012022
AFF3,-0.0413559414165698,0.8562664614451789
CBLC,-0.0484983667378537,0.856426880949085
FOXN1,-0.0388316811124678,0.8564401883062799
NME4,-0.0476478832290396,0.8565482070367636
ADRA1A,-0.090585938023878,0.8566682812234131
TCERG1,-0.0589999112747001,0.8567882805646159
GLA,-0.0242735986792652,0.8573403630272989
CACNA1H,0.0387280989325913,0.8573863486662736
COL5A3,-0.0779446508028929,0.8577153433992545
OR52A1,0.0856745659359967,0.8577803964525545
COA4,-0.039389708799403,0.8578206555149718
BEND5,0.063247389258831,0.8581872107743644
DAK,-0.0756002854011557,0.8582238695981281
A1CF,0.0339800115696169,0.8582429484582075
CT55,-0.0722468534719662,0.8583129206550715
DAG1,0.0335667471945342,0.8584073316838825
PPP4R2,-0.0874186769210796,0.8585426108757379
VPS26A,0.0150044410683936,0.8588673226227244
CATR1,-0.0769390538521168,0.858876377193425
R3HCC1,0.0301867761430951,0.859005476478613
MCOLN3,0.0787346845382179,0.8590385662519161
CPTP,-0.0550997923285709,0.8590726358415303
IL11,0.0950214338452584,0.8591108190926703
ACOT11,-0.0785172749924534,0.8592554333861104
ACOT8,0.0271632465028188,0.859306606814391
SIPA1L3,-0.0389802485162782,0.8594285567928206
MOSPD2,0.0345741609739329,0.859440018874824
YTHDC1,-0.0588594052716544,0.8596375527347123
MBOAT7,0.0891977174074929,0.8598319942533026
RPLP2,0.0872413010883113,0.8599247756564384
ACOX2,-0.0503485498961193,0.859959293814067
NFATC2IP,0.0364093347420446,0.8599746029353323
ASIP,-0.0804824656426861,0.8600639923418473
TMED3,0.0335360156915758,0.860380011730257
ROS1,0.025411331962351,0.8604304434928314
SLC5A7,-0.0474885773366753,0.8605038346096282
MANBA,0.0353463162703686,0.8607848023438477
CUL3,0.081199130693232,0.8609467781846147
LTN1,-0.0361173987970406,0.8610287466183933
RAI14,0.0475008827331198,0.8611925562272532
CNR2,-0.0363498588159618,0.8614453347087827
GLS,-0.0543279555531235,0.8614530133347708
ZNF143,-0.0334408859115917,0.8614776943306988
MOK,0.0218675199330915,0.8615360068318962
PIKFYVE,-0.0289490503269505,0.8617999517643884
CDC123,0.0211056335295758,0.8620410675069117
PPIA,0.0129800588568667,0.8620694034067493
SCGB2A2,0.1191697265460818,0.862086000471383
SLC4A8,-0.1131454329366241,0.8621627233068102
TNXB,-0.0670077119873733,0.862381200616433
HOXD9,-0.0629035519572212,0.8624733213528906
SLC20A1,0.0573673633157749,0.8626503914480006
MTMR2,-0.0312012606507021,0.862833299753417
CWH43,-0.1052412624228198,0.8628946981573928
ESRRG,0.1074905762062261,0.8629593382206654
CDO1,0.0781711899558263,0.8630571899370226
SPINK5,0.074202723107648,0.8634900908806511
PRPF38B,0.0458172107147056,0.8637528760256263
GPS2,0.0137231646453717,0.863792054044535
PRDX3,0.0316523827458938,0.8638316598745476
ITGA8,-0.0492053405470409,0.8640159026862589
DVL1,0.0247173198343571,0.8641003375485422
EXOSC5,-0.0226919269856527,0.8642247851264023
SDHB,0.0456886746374554,0.8643068996174588
WDR19,-0.0309877596226328,0.8643901887818563
CTSB,0.0489424483394405,0.8643936498223329
RPS27,-0.0132227123977077,0.8644527846091175
YLPM1,-0.0451123682742338,0.8646321111408762
PAPOLB,-0.0438156968469893,0.8646402652650964
MPP3,0.0400190219601377,0.8647193152006494
EXOC3,0.0417213405263758,0.8647367962354292
KRT23,-0.0873152642146868,0.8648782883109851
SLC7A5,-0.0983585705081537,0.8653861422203487
NFATC4,-0.0659803189253791,0.8657604307218891
NPAP1,0.0806449241463136,0.8659002649709409
LRRK1,-0.0378168246511219,0.865971440762206
NDUFC1,-0.0272538560325994,0.8659772080300189
RANBP10,-0.0788837210589425,0.8660752018413823
AIFM1,0.0205889613312528,0.8661102352010054
USP1,-0.0353438877180334,0.866537609860714
PCYT1B,0.1149791023686526,0.8665795847973413
VPS13C,-0.0488401632915218,0.8665940357322757
TRIM13,-0.0192475178646365,0.8666564635658415
LUZP4,-0.0923774877153764,0.8668808792767302
MYH9,0.0282415260039901,0.8669147484557415
ZSCAN16,0.032130953658763,0.8671322771656648
SETD4,0.0454637045326284,0.8671920760695663
RAD54L2,-0.0679321439241542,0.8674557441574836
TF,0.1095418501078628,0.8677732627781647
LA16C-381G6.1,-0.0435709466141323,0.8677943759138941
SLC5A2,-0.0738861719951238,0.8679173211511768
LPPR1,-0.0259304958954693,0.8679451429257461
NXPH3,-0.0396228127695152,0.8681676385426352
NEUROG1,-0.0954236817360651,0.8681780255885236
DUSP5,-0.0611089284031418,0.8689694105852639
DIMT1,-0.0706437768096845,0.8690896265616976
ASIC4,-0.0383314573410578,0.8691012986521097
UHRF1BP1L,-0.0314278606519513,0.8694320455745315
ZNF26,-0.0240281232107051,0.8695671537552909
ARHGAP29,-0.0496866488621243,0.869617146832625
EPB41,0.1121432286942973,0.8697413389589601
LINC00563,0.0343610990462508,0.8698160216343771
SSH3,-0.1006023771903334,0.8701465787557594
DNAL4,0.0370171495644946,0.8702633241366526
CLDN6,0.0482022922088178,0.8703080606727198
STC1,-0.0983154143307043,0.8703201423479532
AL109706,0.0830207394953372,0.8707792013576003
DFNB31,-0.103975591551312,0.8709356783389226
SEC13,0.0160800131768894,0.8710722765768434
LOC101928457,-0.0621596351947606,0.8711456887566237
THUMPD2,0.0308418755632633,0.8715951973103783
GEMIN8,-0.0454172570608557,0.8716109893340601
PTPRZ1,0.0831680256102727,0.8716405231939975
SLC1A6,-0.0280459969383315,0.8716997656718628
GPR6,-0.0892189610205824,0.8717198826774107
FBN2,-0.0473965811917462,0.8718795511953739
CBY1,0.045408116699777,0.8719605648018889
ZNF701,-0.035316906876921,0.8723490874446007
ATF6B,0.0657614926972556,0.872380755076064
ZNF415,-0.0328522258622303,0.8724034977930542
OPA1,-0.0311923264038469,0.8725572964679604
GRN,-0.0480050089859158,0.87267553807913
PMM2,-0.0353061235484926,0.872679623425502
SLC9A3,0.0406711258816332,0.8727212554620142
CORO1C,0.0350607517997563,0.8727742901407342
TBL2,0.0305451727344401,0.8728573905355567
TAPBP,0.0657590545555493,0.8728662207962149
OR7E2P,-0.0721346538847269,0.8729805116744715
WNT7B,-0.0735053375772452,0.8731110481424245
SPAG11A,-0.075304364300881,0.87339689073435
MGAT4B,0.0390629184306039,0.8734799192738452
SLC38A10,-0.030467829061676,0.8735882301294579
HSPH1,0.0450197112941417,0.8736591908474379
EDN1,-0.0579063904485224,0.8736901852808567
LPCAT1,0.0312285598940089,0.873756821802668
ZNF446,-0.0519697228199813,0.8737704728703842
COX7A2,0.0314365604658259,0.8739572219883615
ALDH18A1,-0.0224874514722106,0.8740064960618089
WDYHV1,-0.031258312857096,0.8740983308118915
YIPF5,0.0267790067126121,0.874363464125409
CXCL14,0.0969485541793346,0.8744072160352742
PITX3,-0.0284591357067469,0.8744283591233453
KLHL18,0.0535519037889473,0.8745325066916192
IQCB1,0.0227445669301076,0.8745544213741863
RAF1,0.0134155609552379,0.8746537321692476
SOWAHC,-0.0319208652742233,0.874696856738208
NFYB,-0.0642313994641261,0.8747034330500671
LOC100505534,0.0512633856193156,0.8747191542333076
PTTG2,-0.1027334371482027,0.8750820338690747
AZGP1P1,-0.0700896825234567,0.8751579975053639
ERCC6,0.0256459176861278,0.8752144155732688
ADAM21,-0.0298215613817189,0.875268085441389
RP11-680C21.1,-0.0329512975525689,0.8753239596001219
TFDP3,-0.0625319804400512,0.875506903876838
CLK4,-0.0327538246308165,0.8755427096092945
NDUFAF5,0.087193793965012,0.8756206816251618
MDK,-0.0800385226080715,0.8757387270979438
ARG2,-0.0274806756832868,0.8759067509469167
ECI2,-0.0340825258542434,0.8759192689402693
SLC44A1,-0.0777665796772542,0.8760159993053032
AEN,-0.0403602711494492,0.8761522247204859
ABHD4,-0.0293848376905625,0.8765057835759331
MBD3,-0.0487287854167641,0.8765206869836273
PRKAA1,-0.1024178618917348,0.876547429084985
CTPS1,-0.0566770281964341,0.876672844374246
PAQR5,0.0625563477843713,0.8769665491838919
GC,-0.0854608334662305,0.8769994641198811
SEC14L1P1,-0.0923288669032489,0.8770240636828415
LEPROT,0.0270807231957626,0.877347399095368
LUZP2,0.0672213125737286,0.8774814928848389
PYHIN1,0.0245943081851844,0.877534091387344
SNRPA1,-0.0535745725528844,0.8775800678400808
ITGA6,0.05136893844276,0.877813316837673
CASC1,0.0594698118389702,0.8778920194928758
OSTF1,0.0273854568759563,0.8780576919572528
DYNC1LI2,-0.0242794638779901,0.87817979457358
RRNAD1,0.0299463612615689,0.8783917812034149
FGFBP1,0.0803418885979692,0.8785499727236393
PTGES,-0.0492323224426893,0.878816238334624
VPS33A,0.0405107235385449,0.8788172534380847
MKL1,-0.0644444801777046,0.878856473086582
HIST1H4E,-0.0606203373552656,0.878874084720798
CRISP3,0.0806667029701162,0.878916758366805
TAF7,-0.0223077463144232,0.8789822832546463
CDH19,-0.1317931309241293,0.8790091418406507
EMR3,-0.1129885252203704,0.8791038423032295
CREB3,0.0200429250151792,0.8791110970494777
YAP1,-0.0389726431249641,0.8791679150630435
AF070581,-0.0753051499167618,0.8791870888380566
OGT,0.0373855572394994,0.8792234475918352
FOXJ1,0.0567186290591292,0.8793060793694816
INSL3,0.0731862835491536,0.8793328323298994
PF4V1,0.0737450289568166,0.8795543686861973
WFDC8,0.0361339294645359,0.8796014550632053
AKAP4,-0.0643788653802701,0.8799106461587393
SNRPF,-0.0414655362434057,0.8802145099800868
TULP3,-0.0578084810877106,0.8802776760617507
MYH6,0.067448782194404,0.8803409641765433
PLA2G2A,-0.0281758109284524,0.8804933544370764
EP400,0.0310024727791766,0.8805391160815137
PAM,-0.030987180781862,0.8805407239310626
SLC39A8,-0.0698376988121634,0.8806816602923887
SUPT20H,-0.048718744873311,0.880720682962255
GSTP1,-0.0131242165207439,0.880822654012496
MAP2K5,0.1107146326106054,0.880917708147995
AP2B1,0.0222592716984717,0.8812749451585236
FOXE3,-0.060436894041151,0.881530435677965
AMELY,-0.0298907361251812,0.8817152074479416
LOC101927792,0.077073795785143,0.8818656725778932
NTRK1,-0.0431575541784088,0.881924861799607
ZNF281,-0.0228884551997294,0.8821328674193357
TEX2,0.0233895504670709,0.8822106142885028
SUCLG1,-0.024091253808379,0.8824186395585438
MAB21L2,-0.083042652440862,0.8825068419755834
SMAD1,0.0367516607714595,0.8829228319803206
UCHL3,-0.0289883750572528,0.8830038667978554
BTG3,0.040132467440995,0.8830145145474165
SCLY,-0.059476979809955,0.8830948111805123
GYS1,0.0209076259546048,0.8831757512967702
AK1,-0.0367183506032855,0.8834189077644967
EPHA5,0.1002956442136304,0.8834499828426017
C6ORF48,-0.0270690221680656,0.8835119574507463
RPS6KB2,-0.0288054585161399,0.8836989891961832
TRDN,-0.0967747457749326,0.8837343316747257
SMC3,-0.0434343736086555,0.8837695800991602
TCL6,-0.0574132233277462,0.8837840458281305
C7ORF69,0.0423087489203291,0.8838422341058998
PRDM13,-0.072130653596854,0.8839286241834902
GLE1,-0.0633298223873888,0.884049583537091
NOP10,-0.0165328923699288,0.8841451161040238
PLAUR,0.0396428061112379,0.8843837857276916
TEX28,-0.0258375984644079,0.8843951532303116
LHFPL2,-0.0339346063163237,0.884759953477304
SLC4A5,-0.0668404905999198,0.884815132574334
MAP4K4,-0.0426908369649492,0.8848188526152448
RABL3,-0.0254443230469973,0.8849218702704049
MRPS27,0.0228944865440681,0.8849322068092946
CACFD1,0.0168431609155739,0.8850942047159337
PSENEN,0.0138468867187366,0.8852019945378858
CTNNA3,0.0286195487468465,0.8853460170032101
PTGER3,0.1051734448826766,0.8854751310075633
FAM3C,-0.0282719748778355,0.8855272221688455
SRBD1,-0.0181762458629748,0.8856487763111159
FAM98A,0.0185812343885292,0.8858936587256417
CLDN7,0.0507681477332608,0.886012094932966
COX8A,0.0120441122734913,0.8860538152205174
HK2,-0.0581594407780396,0.8862417878753807
POLR3F,-0.0301317359903219,0.8862503630348442
SLC7A4,-0.0342204291512406,0.8862876399867095
SYT17,0.0604678292145095,0.8865692382520094
NEK11,0.019607716819145,0.886619016234805
ZNF711,0.0907488142803951,0.8867222843660474
BMP3,-0.043352241627816,0.8867882070341424
RNF32,0.0925921372648352,0.8868415900284363
EIF3J,0.0491499879791712,0.8869179902321678
FLJ42627,0.0796979313912258,0.8870631002305556
AMBN,-0.042598369680336,0.8880879235324882
CYSLTR1,-0.0350743357074083,0.8881845457876905
CNN1,-0.0948220679734852,0.8882904423211511
RNF17,-0.0663272962315044,0.8884005326252863
MYRIP,0.0865207927157749,0.8885793496907155
ADH5,-0.0403178963938035,0.888617506733779
GFM1,-0.0578902638832481,0.8886229858759457
RGS9,-0.0523472800986359,0.888901792915607
BC069004,-0.0318187806041478,0.8891076169156649
SPX,-0.0293134889563821,0.8892205659939846
MOCS1,0.0715210120531191,0.889244014777692
FOLR2,0.0402435046217526,0.8892540842901855
KIR2DL2,0.0518406329886316,0.889496789471727
SMIM7,0.0354120143358027,0.8896473390630076
FMO3,-0.054292409926294,0.889674286807097
GABRB3,-0.0861780718272418,0.8896798177855828
PKLR,0.0607828137712758,0.889936943383581
GDF9,-0.0250353328619326,0.8902748431500223
RCN1,-0.0213539621942029,0.890576168275423
HOXB6,-0.0334167802254139,0.8905980351737984
C12ORF29,-0.0405484921552492,0.8907593344688409
NUDT9,-0.0210606282334833,0.8908226533280399
PLN,-0.0663137665350559,0.8912248284355575
MAP3K3,0.0201127628310189,0.8912704509950862
EHF,0.0834213474586995,0.8914459628670235
GP6,-0.0541645807869972,0.8914905549130768
ZNF516,0.0262933711787338,0.8915474126230497
GREB1L,-0.0514719778539012,0.8916972644497535
ANAPC10,-0.0373052207170498,0.8917022919600792
TDP2,0.0155134840282524,0.8920936716104834
MNAT1,-0.0278127826354879,0.8924156831974241
BTNL3,-0.0304931167737336,0.8926715478639624
HPR,-0.085142549135353,0.8928545720430385
PRM1,-0.0363197385375175,0.8931702288642004
RP3-406P24.1,0.0326278744954322,0.8931823838703498
C17ORF53,-0.0503005677183878,0.8932353993623817
CBX5,-0.0316440646006004,0.8932653274113475
LRRC31,0.0767961224638891,0.8934841799025359
IDI2-AS1,-0.0307643077366801,0.8934901941851893
ACP6,-0.0283355579255548,0.8936673578973172
THBS4,-0.0657773822718077,0.8937268533164557
RBKS,0.0260040507964358,0.8937322945666282
MSH3,-0.0281332545996439,0.8938195168615265
GYS2,0.0895325971266789,0.8941330142865003
FMR1,0.0372676983268434,0.8942921784539029
BAMBI,-0.0445235055380814,0.8943897936928459
MPL,0.0763097144740299,0.8944219732848502
GIPC2,-0.0510570314526184,0.8944635991825681
FAM120A,-0.0441404136614584,0.894819435469581
CENPA,0.0247438729012952,0.8948237799181901
GALK1,0.0658710237818649,0.8949745239778122
CLEC1B,0.0575253338685213,0.8949782964219193
HERC4,-0.0630689937748778,0.8950560846424548
ESR1,0.0617640337150913,0.8951447629281364
FOXP3,-0.0350828031097831,0.8951470823125894
ZNF639,0.069628993320876,0.8953939833777029
NCF2,0.0376451288185695,0.8954403962727343
ADRA2B,-0.0548507098348336,0.8954938233828215
CRYBB2P1,-0.0440030108574429,0.8955100941875342
FZD1,0.0460374844203625,0.8955697868270281
PPIL2,-0.033595425843055,0.8956629141763406
UTP3,0.026395445782315,0.8957010891460081
SKIL,0.0704934418278844,0.8958538559628636
LDHA,0.0164291680334205,0.8961764673061049
RGL2,0.0185428711421611,0.8961826943805158
PCLO,-0.071930004820373,0.8964535546812794
HAUS5,-0.0431757066720033,0.8967964314307165
FEV,-0.0171872106404462,0.8968902021065448
RPL10A,0.0146838748721442,0.8970708958949339
HOXC6,0.0448995372316378,0.8976835186342687
PNMAL1,0.0657282524729234,0.8977212506984743
CCDC130,-0.0148636486512003,0.8979367910817802
FLAD1,-0.0232215984926993,0.8979733201754052
NT5DC3,-0.0415639164056642,0.8979772895562679
SYTL2,0.0343331344526713,0.897992840151442
TMF1,-0.053040663294138,0.8980635916282625
RBBP7,-0.009426402370769,0.8982898643584556
TCN1,0.0593461326430935,0.8983525578346553
LAIR1,0.0588668916513785,0.8986664214794396
TUSC3,0.042567085456076,0.8987351873570215
RGS19,-0.0198565957953196,0.8993830525564991
PKDREJ,-0.0411096035455256,0.8994105056467048
CREB3L1,0.0634116582800032,0.899430511379873
PPP4C,0.0199438078962472,0.8996673021410239
YAF2,-0.025106021838825,0.8997439999921362
ZNF571,0.0341527774004077,0.9000812503002021
ZNHIT3,0.0135828611379622,0.900264335951255
FAXDC2,-0.0790417765738613,0.9003004846079787
IFITM3,-0.0092830214519175,0.9003754226821288
CELSR3,-0.0525729162781916,0.9005034926621743
DDO,-0.0614104856472241,0.9007411437474704
PCDHB8,0.0667474941508619,0.9007482822079176
MTFR1,0.0315463364800852,0.9007698545313654
MAPK3,0.0430995301124959,0.900862623699599
TYK2,-0.0215013930121603,0.9009367865134524
TFR2,0.0691842171545689,0.9010398680935094
ANGPT4,-0.0517110160775873,0.901264343781488
TFF3,-0.0607337339055398,0.9013650924822842
STXBP3,0.0257338538843487,0.9014356345703134
RPS16,0.0169345597677637,0.9016489737151888
RAPGEF3,0.0833853889897779,0.9017180110144162
BTG1,0.024175770144021,0.9019414851985392
SCG2,-0.0688219885472642,0.9021196546858938
BTBD1,-0.0133754848974678,0.9023918974549582
NCOA4,0.0182143243245818,0.9024208489562564
RAB5C,-0.0192634048367708,0.90245770362061
ZNF442,-0.0659335330519139,0.9026605579403078
RBP3,0.0551178377283489,0.9028973320735294
RNASE3,0.0582307733797371,0.903032996392379
FMO6P,0.0599539476598858,0.9030452214705076
UPK3B,-0.0667918698728593,0.9031410991732864
EDA2R,-0.0457925272952071,0.903211974820209
MOCS3,0.0171886307264959,0.9032376218670192
GMFB,-0.0299313991811676,0.9035901031642872
HMGCL,0.0193225895822735,0.9036049054724608
SPC24,-0.0294084487317256,0.9036804755788844
HDLBP,-0.040164897050646,0.9038571275448468
ASB13,0.0212781945424893,0.9039462131186222
RORA,-0.0245069728301627,0.9039586100529144
BDKRB2,-0.0330563566039749,0.9041646843911152
RP1-181J22.1,-0.0719058056114541,0.904224661146929
CHRNA9,-0.0326339263499368,0.9042586230064156
OXSR1,0.0139095965186264,0.9043382421660328
IGSF3,0.023449773013537,0.904416844790396
CLPP,0.0225636055262121,0.9045829863917773
RBM38,0.0224865398112461,0.9045960183380728
RBM14,0.0216870644612097,0.9047352260831356
ANGPT1,-0.0513554629380452,0.9047545848120744
RAB5B,-0.013081140427726,0.9047786422017582
TP53BP1,0.0164607738311488,0.9049130343082494
RAD52,0.0773833386314999,0.9050199965877178
LRPPRC,0.0232440755678737,0.9050693456708032
ZNF613,-0.0518513485388925,0.9050915028863528
STAM,0.0191740041800727,0.9051827227135558
RBM12,-0.0235228959086013,0.9053186145248856
PAXBP1,-0.0239407088428933,0.905414452101245
TIMM50,-0.0455613458079131,0.9056389772664708
CD1A,0.0195690481417818,0.905716393357691
PTGFR,-0.0385770894460382,0.9057229865498382
HCK,0.0413702199288223,0.905775974744922
NAPA,-0.0180205741376955,0.9058571450773528
ANO3,0.0661901260649733,0.9062647393037968
CXADR,0.0756772463067951,0.9066187161207548
FOXL2,-0.0300146392620019,0.9066666989277676
TCF21,0.0654491284783223,0.9068466403090196
MCTP2,0.0429829763424836,0.907020152568732
TUBB4A,0.0358766844238305,0.9070534497493076
GOLGB1,0.0172693015698399,0.90719829590351
HIGD1B,0.0661795795583319,0.9072446064258464
AKR1D1,0.0569375073810842,0.9072743423135708
BAAT,-0.0212233247164874,0.9076758249071272
SFI1,-0.0629372899985014,0.9079318374275543
C1ORF68,0.0466530643663389,0.9079821481903092
CLGN,0.0782978309186184,0.9081049030166962
C15ORF49,-0.0566330413124065,0.9082597680175386
CWC25,0.0130839116628216,0.9082775596754182
SLC2A5,0.0402389527115083,0.9087568298523464
RPS29,0.0097286140686527,0.9088240699055682
SDC2,-0.0281465783121461,0.9088266537140258
ACPP,0.0376938587483426,0.9089036795891396
ZNF239,-0.0361255233420827,0.908968395668242
ZNF385D,0.0549287911331806,0.9093173607925004
DDX18,0.0259677526246129,0.909541953523325
ADCK3,0.0354828551609998,0.9095665353659724
GPX2,0.0331923268228431,0.9096071801130876
LOC441204,0.0524546565940937,0.9096212994440316
KCNB1,-0.0169786364285169,0.9104506154099566
SYP,0.0440713074162166,0.9106640903406912
RP4-581F12.1,0.0276368333240011,0.9108337602835098
WWOX,0.0161949452983583,0.9112331929766928
MMP8,-0.0600208908665687,0.9113794278700256
UBA5,0.0216709053264594,0.9115848099335164
USP49,-0.0533133019981231,0.9116082446037604
AK5,0.0601114795209882,0.9117067258472532
PGRMC2,0.0267836571650743,0.9117880427560736
CECR5,0.0134001803226322,0.9122195999179163
INTS6,0.0249500819688321,0.9122295571856482
BUB1,0.0598621458172856,0.9123947058623532
RFX3,0.0260352996656658,0.9124242443584776
UNC5B,0.0483894645663856,0.9125442894653376
DLX5,0.0453328353741993,0.9125519023004496
FDX1,0.0370892808091287,0.9130283355067332
MTSS1,-0.0619492502922653,0.913089356235356
ZNF134,-0.0297569455835402,0.9131635496120732
TULP4,0.0137870520256715,0.9132475358703526
JPH3,-0.0599272655286635,0.9132480038508332
SCN8A,0.0162745838565276,0.9134207902730272
DOCK1,-0.0214550531219828,0.9134489149599022
SFMBT1,0.016597530192902,0.9136102493956556
GRP,-0.0488574686090288,0.9136576421984708
AHSA2,0.0415201800298454,0.91377857405054
DOT1L,-0.0388970029455189,0.9138466791450044
EIF4EBP1,-0.0258509961625321,0.9140561994018572
DHRS11,0.0272533987609042,0.91406818597551
LDHC,-0.0482341377861565,0.9141528426654352
CX3CL1,-0.0523845602654731,0.9142394892574836
TELO2,-0.040847373251716,0.9144001007948728
SH3GL3,0.0499740683719007,0.914810582873842
CYP7A1,-0.0789571573705667,0.9148447873100474
CDKL2,-0.033382192310011,0.9151459505342876
GPR137,-0.0534515767099303,0.9153275088677776
VTCN1,0.0412368317965556,0.9153356525315126
SLC17A4,-0.0426177594294374,0.9154253649554356
ZFHX4,0.0197457547490973,0.9154463970526162
RNF39,-0.0458379261146788,0.9159663482529578
SYN2,-0.0551995386842802,0.9160898543867072
PDS5B,0.0289189276187746,0.9162047956332242
HSPB2,-0.0538773731126394,0.916534357157595
MFAP5,-0.1013588224240571,0.9166941270875688
CBLL1,0.0265888577929418,0.9167545384174216
TAS2R9,0.0290369822938858,0.916819448001717
C19ORF24,-0.0250843188671492,0.9168464495029248
CPB2,-0.0499529018874707,0.9170843839112708
FCAR,-0.062396723402057,0.917119342794681
BOLA1,-0.0214106520006724,0.9171871310379416
ITCH,-0.0210400306668478,0.917196831089872
PRPF4B,-0.0370798795971687,0.9175175373893047
TSEN2,-0.0259400752773597,0.9177218066010326
ALOXE3,-0.0281582783937315,0.91777638967723
MYT1L,-0.050997544290225,0.9181735015922904
PGR,-0.0407932555186554,0.9182509042909464
POU4F1,-0.0302371662549005,0.9182928456030244
PPP6R1,-0.0126945435540068,0.9183337126993693
NUDT15,-0.0165515395838786,0.9183455170886076
WDR76,0.024676622875682,0.9184230331888932
CYCS,-0.0277652442357467,0.9184828831594624
URB1,0.0524074354806352,0.9187113755978238
ATG9A,-0.0108264990557245,0.9187138304022384
ACTC1,0.04198151690872,0.9188804080072832
CYTL1,0.0750766465401548,0.9188987865680542
CD83,-0.0610574946841566,0.9191328659644749
MAP3K4,-0.0177813151237362,0.9191661538465888
GORASP1,0.0147182310733686,0.9193722714776092
PHOX2B,0.0468399816917841,0.9193877322040293
GCFC2,-0.0532853178342964,0.9197174829248244
SMARCE1,-0.01330172097426,0.9198968669592992
ZNF205,0.0565431478188065,0.9200626797954834
RPL8,0.0113100005617834,0.9200926805774968
EIF2B5,-0.0133945141222504,0.9202405315480844
ZNF146,0.0186753151633087,0.9203589396138924
TMEM214,-0.0136602330881299,0.9203790542265874
ABCG4,0.0216211030877859,0.9207497813716512
ZKSCAN8,0.0173552405361991,0.9212702663923876
PMPCB,-0.0122559151025374,0.9213342821257549
GRIK5,0.0498405919471798,0.9213574764376128
NAP1L2,-0.0340739707807307,0.9214671904208824
ADCY1,-0.0401063801227072,0.9220915865067064
QPRT,0.058381833200543,0.9221479045222992
SALL2,0.0219559206050181,0.922187072765574
SEC14L1,-0.0253643353450341,0.9227150386472306
LINC00675,0.035646359494148,0.9227199423168722
CD84,-0.0576193578540076,0.922724835970386
PRR7,-0.0459692701147362,0.9227747509380686
FGG,0.0332477537801914,0.9228212534258592
RAI2,-0.0442071648375455,0.9234174570062156
LPHN3,-0.0577218206970266,0.9234176220352232
TAPT1,-0.058125856049509,0.9236660421342666
TOR1AIP2,0.0298312479344513,0.9237076224746332
WRN,0.0184109945209085,0.92403145690983
NPPC,0.0367988467767337,0.924110169807942
DGKE,0.0461285657138015,0.9242617826424177
CTDP1,-0.0241744284959519,0.9248106231949084
ATXN3L,-0.0380423611541953,0.9249126523702642
E2F6,-0.011196921997767,0.9250193650000826
NAE1,-0.00683305338468,0.9251112058830572
PTEN,0.0295510460777137,0.9251189629814982
S1PR1,0.0286740866591141,0.9255661270098104
SHC2,0.0396683854078094,0.9256327423170376
CAMTA2,0.0174989081005243,0.9256574419438932
LRRN3,-0.0472650304672352,0.9256602307928984
HLA-A,0.0069084563181256,0.9259281252440338
KRT6B,-0.0441621690656255,0.9260123659045426
SIDT2,0.0127866654508252,0.926116590036866
GNG11,-0.0270910347213249,0.9262176804147304
PTPRR,-0.0507301831980333,0.926657915769964
TMEM248,0.0121565690718483,0.9266908367059552
NET1,-0.0300110751649604,0.9267733267946712
EIF1AX,-0.0431064166893957,0.9271133979378718
NRIP3,-0.0257940307791431,0.9275252928319508
DUX1,-0.0287660560615563,0.92769572156835
PAF1,0.0113877909799935,0.9277433321957254
PTGS1,0.0334075601518337,0.9278610410789068
NKX3-2,0.0357299695245831,0.9279880971252826
DAPK2,0.0441848536290558,0.9280256975065788
CABP2,0.0347383288302571,0.9281434688347528
OPCML,0.0593612299778518,0.928503009932144
CTB-102L5.7,-0.0244051609939872,0.9286259825859858
NFASC,0.0391666043146656,0.9286633169972353
HDHD3,-0.0357184332120921,0.928744665097534
FAM53B,0.0115385765648881,0.928759261598716
RPARP-AS1,0.030449240081616,0.9289995276111476
CTNNA1,-0.0108797040489729,0.9290614796677098
IRF3,-0.0176921128292839,0.9293628143404998
CREBZF,-0.0243890985775312,0.9293875130696564
PPAP2C,-0.0295548992023704,0.9295571564174042
NKX2-2,0.0426210699740394,0.929734016233706
TMEM260,-0.0161764418287528,0.9297911771304684
ARHGEF6,0.0181222009817876,0.929792698049316
ACRV1,0.0229306720477193,0.9298725951125072
SLC26A4,0.043733205797281,0.9299328318262626
PIP5K1C,0.012315225338888,0.9299763557643982
CRY2,-0.0631821538060686,0.930253657454178
MGRN1,0.0140601420972874,0.9304540117051568
CBFA2T2,0.0334247570567844,0.9308000571673384
CITED2,-0.040768506356219,0.9311623269963092
RAB13,0.0164449010662934,0.9312176570268966
PRO2958,-0.0392838415579266,0.9314733777551418
NME7,-0.0112021966256907,0.9315022114476188
LINC00894,-0.0182208986862244,0.9317193168680732
AVL9,0.0297245546168563,0.9317421119575964
EML1,-0.0262006819233215,0.9318774072172304
PPP3CC,-0.0254968694901585,0.9320118405496052
DCTN2,-0.0307273390905677,0.9320897520839244
KIF22,-0.0392986554057195,0.932299334654018
ZDHHC17,-0.0319826519741397,0.9323352274521014
LHX1,0.0381355620847441,0.9324582228191356
CHRNB3,0.0373597109827703,0.932669649617594
C12ORF43,0.0196279454149017,0.932723525197516
APOA4,-0.0413805085800866,0.9327482935962452
ERG,-0.0214086255266616,0.9327609397523507
ACVR2A,0.0125042187834392,0.9333412586310896
KCNJ13,-0.0368781195314475,0.9333643475079724
ZNF580,-0.0200892916308976,0.933400227538438
PLCXD1,0.0193715394719777,0.9335286826362456
SORL1,-0.0335719762624719,0.9335755261826604
FRMPD4,0.0457519636420755,0.9336622788215494
KIF1A,-0.0522446094012165,0.933760226328328
TOM1L1,-0.0183673294046444,0.9340028542539056
MALL,0.0185722644308743,0.9342012785135536
TBX6,-0.0354300315223992,0.9342534292571602
MUT,-0.0144707573232931,0.9342666459613176
ZNF451,-0.0299948356286128,0.9343142549307558
ACTL6B,0.0333583902776153,0.9344229495018584
CALCRL,0.0340808769799156,0.9345032018107688
AFG3L2,-0.0152098321049596,0.9348332044552404
FEM1B,0.0340773829021063,0.9352578232179972
GJA3,0.0289217602609523,0.9353365983940028
PSMD5,-0.0406182957982572,0.9354965211693403
AP3M2,0.0109979459607831,0.9355357500791592
BRINP3,-0.0427182896131141,0.9356101816408154
IFNA2,-0.0454237145879199,0.9357073094376064
TTC38,0.0346105463423258,0.9357946716621188
TMX2,-0.0128912754781023,0.9359569283670136
ZNF507,-0.01746262715658,0.9361087442502464
PRPF39,-0.0263855480920121,0.9363173529901068
F2RL2,-0.0523580263058391,0.9364102523250672
LLPH,0.0203413598272366,0.9365296973738546
PAK7,-0.0597591638595682,0.9366400496951832
CRYBA4,0.024459230180279,0.9367978743324094
FBXO4,0.0443649802575643,0.9368340008164716
SLC17A5,0.0177673021550948,0.9369700837617548
PDE6H,-0.0400805614222203,0.9371540023843729
OSBPL1A,0.0311841331054356,0.937155234333687
TNFRSF8,0.0229625923208978,0.9371619326091092
ZMYND10,0.0492415352934063,0.9375576397146916
CTSS,0.027915823206607,0.9378082768820396
DBP,0.0337291246187607,0.937994203973812
ASNSD1,-0.0139994659798077,0.9380492564618832
CEBPA,0.0329742595627955,0.9381096161664944
DPYSL4,-0.0396327864570986,0.9383785172721684
ATP5B,0.004919615755222,0.938471714360002
NFATC1,-0.0196046312955804,0.9385177570463604
CAPN6,-0.0372442609324856,0.9385350465086044
SPIN2A,-0.0163992906818419,0.9386910377672606
GRB14,-0.0604101899533233,0.9391371452188596
MRC2,-0.0227804485368725,0.939151646112354
TMEM97,0.0165566296292833,0.939177233013194
SNAI2,-0.0224565535285385,0.9392537741271588
FCGR1A,-0.0284018654071864,0.9393203955884
ZNF124,-0.0275714212783633,0.939688076016644
NFU1,0.0162759212544809,0.9397269180080886
COX15,-0.0155983113613791,0.9397525634290564
RHBDF2,0.0143663217700424,0.9397946613359456
CHRM4,-0.0399312363502932,0.9399997873719176
HOXA3,0.028967788284083,0.9400496767382356
PPP2R5E,0.0102363884964482,0.9400674068092836
ZNF16,0.0116616443876509,0.9403567325745258
KIDINS220,-0.032481524167486,0.9405446451242216
ZNF395,0.0210351091692366,0.9405658189557726
COL9A3,-0.0310507788336629,0.9406035551453918
AP4M1,0.0255082234364145,0.9406047685303728
PRICKLE3,-0.0246344232143265,0.9408095308757376
TNS4,-0.0233407215214347,0.9409400411081388
TAF11,-0.015145102451644,0.9409525100642752
MPPED1,-0.029015062906418,0.9410634142620534
SBF1,0.0304123922969443,0.9413020787917792
ZG16,-0.0179599691375123,0.9413050642225276
RAB11FIP2,-0.0121221770861659,0.941313579727198
HIST1H1E,0.033644279143663,0.9415137089232054
DST,-0.0407231335112348,0.941547773964439
IGF2BP3,-0.0391578975428812,0.9415689663091492
ZKSCAN5,-0.0146673559105066,0.9416912264582264
DCN,-0.0118108019485312,0.9416932477223692
LPIN1,-0.0184142281096253,0.9417247030231142
VKORC1,0.0156417387062841,0.9423158781890149
FAAH,-0.0289243945446635,0.942356867822746
SND1,-0.0130264548872958,0.9424458458317804
SLC9A8,-0.0134681072872213,0.9425917325573386
SWAP70,0.0373885095556136,0.9427830551389018
NDUFA4,-0.0080702595540476,0.9428119144269912
ARFIP1,0.0174291049610912,0.9428554154561728
MTHFSD,-0.0087042966831685,0.9428886376163428
CER1,-0.0145964335770942,0.9429021825742177
ZFP30,-0.0165000322949815,0.9429614994170764
TOR3A,0.0092126940882497,0.9430299324931564
NDUFAF4,0.0179067185780912,0.9430498720398324
MUM1,-0.0230979342374872,0.9430531378355332
ABHD5,-0.040304688254741,0.9431050517771508
EPHA4,-0.0482122275883245,0.9431977553525416
COX6C,-0.005058622196195,0.9432437594090586
GP5,-0.040683774061704,0.9434792559370372
ZNF510,-0.0102560972712577,0.9434938714933804
HYAL3,0.0337735970425292,0.9437919462958504
SF3B4,0.0088524428146783,0.943832835095372
CCDC176,-0.0113367735170601,0.9439004407397656
FGF4,0.0140290672314948,0.9439977819213716
MRPS15,-0.0187098721224332,0.9442173359454932
ERH,-0.0096743530747058,0.944245605244133
USP4,0.0063443747646534,0.9443092225421754
TUBB4B,0.0157917391600754,0.9444187838353096
DDX50,0.009477638006599,0.944456334562414
PPP2R2A,0.008436608095204,0.9445363872274528
ERCC3,-0.0075897809048921,0.9445570216980296
OR10J1,-0.0305322135944292,0.9445997622043087
ELF2,-0.012115708037423,0.944719646138652
NELFCD,-0.0080318425936258,0.9447958284768564
RAMP2,0.0518088580944553,0.9448021824792758
CEACAM5,0.0230535514168064,0.9449509702875928
SLC34A1,-0.0346050125909505,0.9450351636616564
MFAP3,-0.0357897292865745,0.9450995903857792
PRAF2,0.0137390756976802,0.9453543345500012
PRMT7,-0.0342481491234121,0.9455531082847688
CRYBB2,0.0129100818040663,0.9456522859065708
TMCC1,0.0088972361931123,0.9457389210989228
PDLIM5,0.047759223693562,0.9460090397366262
CUL5,-0.0329310997981266,0.946172098928767
TBX1,0.0444244650903629,0.9461801103127648
ITM2A,-0.0260749197454703,0.9463002174357084
AMBP,-0.0106918269892393,0.9463514972061317
SLC16A5,-0.0293831217299498,0.9464465695098014
NETO2,0.0224353351918829,0.9464912362503832
CALR,0.0225104271278731,0.9467893832347092
ARHGEF11,0.0139384118658982,0.9468276924103024
STEAP1B,0.0167606560753759,0.9473340638049864
CCL24,-0.0275824209145691,0.9478176238876888
SP2,0.0506084535448541,0.9483249540631004
ATP4A,0.0229503675003162,0.948370931337288
MSRB2,0.02289657456721,0.948446439152256
NGF,0.0188140968048582,0.9486096109951456
ENDOG,0.0212862624499505,0.9486756395683464
MRPL17,-0.0095447158744708,0.9487356911263664
LARGE,0.0305322870768902,0.9489668699384566
PDLIM4,0.0256907727928465,0.948984793216054
CKM,-0.0174142156838432,0.9491644109358824
NR2F2,0.0224470243250376,0.9492564768224658
PNPLA4,0.0199453114223215,0.9492930523222612
STK24,0.0397318164898345,0.9495662877518312
GS1-600G8.3,-0.0163893620695216,0.9496060514405406
CHMP5,-0.0133237834302839,0.9500052312662002
AHNAK,-0.0219613939716287,0.9500073974691116
KIAA1033,-0.014569507773201,0.9500560717004644
AGTR2,-0.0392303919311451,0.95014070075466
H1F0,-0.020114893049099,0.9501760713020004
CSDC2,-0.0216329543401814,0.9502558917154676
MS4A4A,-0.0154551640863651,0.950316923291031
REG3A,-0.0154029567166578,0.9504855732332658
S100A7,0.0146545858419924,0.9505713588428766
PCDH17,-0.0215962530117241,0.9506039882063348
LIFR,0.0229036951608208,0.9506512399776774
HCRTR2,-0.0229679584982216,0.9506833310213436
AAAS,-0.020191176552319,0.950759515034116
PSG5,0.031165769001439,0.9508890139000248
SYMPK,0.0214156733285779,0.9509496658819436
C12ORF10,0.0056946046359538,0.9510272916820915
BCAT1,0.0314343856533536,0.9511300771740132
MRPS2,0.0098924533835447,0.9512390720784668
CETP,0.0276107528085152,0.951241433773036
MAGIX,0.0372901694873686,0.9512786978406752
SH3BP1,0.0259947598463989,0.9514031149931196
PHKG1,0.0175411203899074,0.951527606553218
NISCH,-0.0131747574572607,0.9516135483715265
ARFGAP3,-0.0111014252007972,0.9516439655080052
LINC00667,0.0130321041218612,0.9518867694620023
NPY6R,0.0220612856200252,0.9520358651857428
MBD2,-0.0499747919023434,0.9520639719877092
NFRKB,-0.0111780186917407,0.9523255887982848
PSG1,0.0292229955344658,0.952455636768486
GSTCD,-0.0132608163501286,0.9527249981211344
METTL2B,-0.0135585355190981,0.9528072561842282
KEAP1,-0.0063977563356338,0.9530515236290142
MLLT11,0.0197244494717701,0.953322767490811
CAPZB,0.0221608389741279,0.9534488395967188
CELF2,0.0140702594813131,0.9534819773355148
SERPINF1,0.0124535668651422,0.953528906808974
SLC2A3,0.033406235467531,0.9535586520425298
VWF,0.0202163776278894,0.9537315036400382
GPR107,-0.0326490842562519,0.9537870584150168
POMC,-0.0140425774713421,0.9538005257729232
YPEL5,-0.0065330385606596,0.953865618481187
ARPC1A,0.0087611520786747,0.9539088635682628
ATPIF1,-0.0094139994052557,0.9539171813648456
FER1L4,0.0286460449777576,0.954167757530392
SEC61A1,0.010118500704447,0.9541859445341708
SOX17,0.0159290844629191,0.9542906552107496
RARS,0.0058942100252199,0.9544431311557864
NUFIP1,0.0236352955699086,0.9545449628440096
ZFAND6,-0.011363444059274,0.9545934377337484
PPP1R3C,0.0239968178640559,0.95473533533252
SLC9A1,0.0372029690596811,0.9547514008200724
MMP7,0.0179078046092033,0.9548121434882682
RHCG,-0.0186885142808601,0.9548781543173296
KLHDC8A,-0.0168686136710016,0.95492991925846
PI4KA,0.0069592806280027,0.9550023384173424
HOMER1,0.0237344099166252,0.9551080129272508
CDH10,0.0107505135578911,0.9551512913550873
KIR2DL1,0.0101278186159929,0.9552527235182718
DNA2,0.0162838028765692,0.9555244675776272
AFF1,-0.0209174876412081,0.9555831996301112
CHGB,0.0211836052737117,0.9556973586466644
SGK2,0.0111082755260394,0.9557913688381108
PROZ,-0.0262109737772044,0.9559662075988794
DMTF1,-0.0142854220276973,0.9564324845781504
MFSD12,-0.028188212853518,0.956435636978572
ME1,-0.0236394210672736,0.9567923644369096
GRIK3,0.012219529669633,0.9571375562626072
CCSER2,0.0098193567075721,0.9573006181156276
EMC2,-0.0089188328445892,0.9574719056177932
BSDC1,-0.0093666497588973,0.9575186909400086
NOTCH4,0.0127453516261208,0.9577219073790608
HYOU1,0.0116814588222755,0.9578144857114612
AUH,0.0125827454369833,0.9578522992209006
NDUFAF7,0.0208708236540191,0.9579950696693068
PPP2CB,0.0261352541079942,0.9580846224525688
RP3-452M16.1,0.0163324549710426,0.9582727344605304
TIMM44,-0.0189066955613377,0.958367836672529
APOA2,0.0342106684892598,0.9583965597362012
OTUD7B,-0.0143362781268212,0.9584061182429986
TEX264,0.0138935171314074,0.9584466243005428
T,-0.01886877845984,0.9584778561005384
TRPV5,0.010668902239832,0.95856033090458
C1ORF35,-0.0116879517762171,0.9586143833239588
PACRG,-0.0236815240658172,0.9586806783306532
IDS,-0.0283189410469306,0.9588212541549742
RAB20,-0.0111706481038567,0.9590824402073188
CPNE6,-0.0109303868267383,0.959216694514025
GPR12,-0.0092926862803706,0.959360736568292
ATP2B2,0.0202541237139319,0.9593906150016404
TNFRSF11B,-0.018052797140748,0.95943330268405
LRRC59,-0.0108207197843661,0.9595656400019272
NINJ1,0.0086071034385462,0.9595889236188258
RP1-272E8.1,0.011599844598698,0.9596240748962912
LMOD1,-0.0393548185259531,0.9598045684332452
CCNJL,0.0131015825063993,0.9600091631583052
CDKN2D,0.0144428578782109,0.9600278267448786
RPGRIP1,0.0065936148890539,0.960180278846628
UTP11L,-0.0114771492778658,0.9602067032695736
KRT4,0.0172441429501941,0.960263305836924
ZC3H4,-0.0059752161190012,0.9602825522749432
SPTBN2,0.0189826111880799,0.9603110047408868
LIMD1,0.0320783578944943,0.9607936461712476
CFHR5,-0.0125622746190106,0.9608368213294384
PLA2R1,0.0283224281771676,0.9608697834361836
JOSD1,0.0066320955731757,0.9608822930191224
POLE3,-0.0096434802226248,0.9608973713647052
WBSCR16,0.0056859418841614,0.960963499656743
EDC4,-0.0078945225285504,0.9611332435618952
CAMK2N1,0.015297052749732,0.9613295640643964
POMZP3,0.0147556102248351,0.9613569874527008
HYAL1,-0.0141405451630305,0.9615251609947942
NHLRC2,-0.0125730952997438,0.9617830071908948
SPECC1L,-0.0070921965477239,0.9618127821862448
B9D2,0.0206844364019875,0.961867656753235
ASPSCR1,0.0085514932770136,0.96198913709563
SOX15,-0.0120109930425358,0.9619925422306286
ATP5L,0.0073814917966306,0.9620623430627228
ZFY,-0.0190219612831006,0.9623466176681492
CHST1,-0.0094244218401557,0.9624547083448344
LAMTOR2,-0.0101535248043713,0.9626003790540272
NCOA2,0.0312595520783256,0.9628407589931126
XYLB,0.030498016941086,0.9631502498055088
SMG5,-0.0119675131947962,0.9633248220085832
ZNF629,-0.0053861323138271,0.9635561351873516
CHIC2,-0.0056543068536409,0.9635823135230084
SPO11,0.0209267649908717,0.9636873072286756
CHAF1A,0.0202708449815123,0.9637127216114858
PHF20,-0.0126239899314581,0.9637749524715938
YY1AP1,-0.0081981358824485,0.963881348102788
DGKG,0.0167459163052763,0.963987344597392
TRIM2,-0.0167683715458633,0.9642512242235568
KCNA2,0.0267573899294362,0.9643132082483282
RALA,-0.0089004679057058,0.964418141676445
CMA1,-0.0189431788653591,0.964737663833656
FGA,0.0220818647054179,0.9650176576394156
CST5,0.0263074824196438,0.9650329363653948
POU3F3,0.0228946791513871,0.9650406883897432
REV1,-0.0068203630059091,0.9651487742872408
CD1C,-0.0456891892133786,0.9651730236157527
ATF5,0.0142635921803657,0.965181831078608
WARS2,0.0078105484356258,0.9653078644852708
ARHGEF16,-0.0060240330071437,0.9653170078653954
NACAD,0.0230187317390138,0.9653471153268448
CDH2,-0.0241629911045695,0.9654750382260456
LINC00472,0.0249295748158733,0.96558755342721
GREM2,0.02170218445693,0.965610457726744
UBE3C,-0.0078736291034253,0.9657332816084871
NDRG4,-0.0151313657580809,0.9657719081716396
GALNS,0.007685846340383,0.965848455961264
CADPS,-0.0100498649449711,0.9658694669153288
CTAGE5,-0.0243017267778506,0.9659240013311068
AP4E1,-0.0260281369105062,0.9660009987645886
FOXN2,0.0113073932459046,0.9661360422625974
ALDH3B1,-0.0171166754113318,0.9662099140590352
NOL12,0.0270714628832848,0.9662206813066052
CA6,-0.0162549750544664,0.9662340598226892
LARP4,0.014749562379781,0.9662482341992216
PIAS2,-0.0222036030815786,0.966533424444968
ZNF573,0.0074059380937141,0.9666414350063416
CYP2A7P1,-0.0213371412517409,0.966842858603374
HOOK2,-0.0156310105664347,0.966955117417614
NAPG,-0.0057291695202517,0.9669654538312766
CDC14B,-0.0215641375515032,0.966980767075602
IL36RN,0.0174908539826779,0.9671092025425042
CCBL1,0.0059917797352033,0.9671910833448
ARPIN,0.0118644978912536,0.9678287372079026
MROH9,0.0196196658939604,0.9679233978095892
OR51E2,-0.0179935690855561,0.9682160112695736
CRY1,0.0174997898162825,0.9684451867369096
CIR1,0.0049379567538867,0.9685154087822662
STOML1,-0.0091633590056767,0.9685564825274656
PGAP3,0.0056637667396532,0.9687665597743458
USP32P2,-0.0143295973730044,0.96878588285953
RDH16,0.0092474333862222,0.9689395095347162
ZFP37,0.0083651112096072,0.9689672526041726
KRT16,-0.0177468785924439,0.969008630100253
FLT4,0.0113187141334352,0.9690241536706904
SHOX2,0.0175671620993842,0.9692085855811724
RPS10L,-0.007299885861304,0.9693174903872036
HNF4A,-0.0154629571711417,0.9693363267119904
PRB1,-0.0110784809091972,0.969431522480134
GTDC1,0.0064369191777817,0.9697678226760972
CLDN5,0.0204817641340859,0.969894561755131
ETFB,-0.0125226943561784,0.9699616319175236
BCAT2,-0.0152197576665882,0.9699972911609884
F11R,-0.0157903885122001,0.9700042238231372
CCNG1,-0.010470099807863,0.970007057835833
MORC1,0.0199895397782396,0.970306081506332
NDFIP1,-0.0053077581328047,0.97039498040256
CLTC,0.0212302980724814,0.9704501978238542
KCNA4,-0.0112443674396134,0.9705935040730704
ZMIZ1,0.0043510221378415,0.9712295411729932
RPGR,-0.0103585566026316,0.9712317467424404
C11ORF57,0.0080344729315413,0.9714113444764894
RGS14,-0.0129432166958061,0.9714415638668984
NPC1L1,0.0121517474575654,0.9715194487873956
DSC1,-0.0185780227148035,0.971738279110788
CLEC16A,-0.0055426723242728,0.9721443029048894
EIF3M,0.0138268238725727,0.9722126152482408
TTC19,-0.0022705217602201,0.9725831727478934
OGN,-0.0261929431470786,0.9726438224999386
ZNF12,-0.0075065904861233,0.9726602744431104
PDE4DIP,0.0205538625159875,0.9729635148682376
BAIAP3,-0.0121391433748545,0.9729908488382034
CTC-428G20.3,-0.0049759648514857,0.9732327457925342
MMS19,-0.003721322172316,0.9732398714891208
ADARB1,0.0086792483552642,0.9736904776664888
HNF1B,-0.0137198696987344,0.9737212154305503
TCEB3B,0.0122477651021588,0.973770243741488
CTGF,0.0095913188436131,0.9737949177732284
RXRG,0.0066622167085688,0.9741157160230276
PLP1,0.0168286771847174,0.9741454570679132
HDAC4,-0.0056095976643479,0.974159813343249
RAB6B,-0.0144835538345855,0.974217525904314
PRO2964,0.0154191871952269,0.9743993306942696
FNDC3A,0.0086609468472067,0.9744071508815564
SECTM1,-0.0064107691005119,0.9746612217503032
PTCD2,0.0111511099384795,0.974688629446022
SF3B5,0.0039089132537935,0.9751478890994264
GPT,0.0162470653398205,0.9751494495579937
SUCLA2,-0.0059837915158862,0.9751912885587436
DDX42,0.0044436961509113,0.975293496537457
UBA1,0.0036974532240066,0.975344378534478
HSPB1,-0.0070803048244503,0.9753721376853188
SNRPC,-0.0043427435282072,0.9754688535221278
NGFR,-0.0137887738651212,0.9755412355115892
HAUS7,-0.0034720966975942,0.9760715795881312
BMX,0.0184587433309095,0.9760934681223185
MYO1C,-0.0051605082004773,0.9761103255927408
SNX19,-0.006883219403166,0.9762076572762208
TMPRSS11D,-0.0061198204547601,0.9765382355298622
MEP1B,0.0114493833021995,0.976554925848242
IDH1,0.0080039312302861,0.97663808773132
TENM1,0.0151298347905335,0.9767004137840892
CYP26A1,0.0105172515962452,0.9768800375958648
CYSLTR2,0.0128631902744613,0.976884466740054
BCAP31,-0.004459771276716,0.9771224466602364
ILKAP,-0.0030954044642701,0.9771234235515792
CACYBP,0.0086340491040219,0.9772188324168242
ADCY9,0.0086503015036232,0.9773482167090328
PVALB,0.0140893053299171,0.97744877802552
CHODL,0.0126781821317205,0.9775778239888032
SIRPB1,0.0141261991326171,0.9776244488280902
CEMP1,-0.007624478478347,0.9777417525789208
CTSZ,0.011500576134571,0.977775032281104
KLF11,-0.0051248931741021,0.9777920145348048
NOTCH2,-0.0083311013621862,0.9778137094986288
PCSK1N,0.0084643432956834,0.9778429484033688
SNRK,0.0155220144750511,0.9779298425176906
KPNA2,0.0077097884865349,0.9780167544950936
LSM6,0.0051504217680005,0.9780396607942692
OR10H3,-0.0085349064641153,0.9781393556226194
MON2,0.0142820317390555,0.9781510977054076
BPESC1,0.0106255578921703,0.9783110254170878
DPYSL3,0.0088958108893706,0.9783482799417234
GABPA,-0.0119332194277665,0.9784850542743102
ESRRB,0.0051377427323648,0.9785270266263288
DDX25,0.0109570766086806,0.9786066364465684
KATNA1,-0.0023468703875799,0.9787728063495218
LOC101929078,-0.0136457054755396,0.9788834286370182
LUC7L,0.0041514959192721,0.9795244154498198
TBX3,0.0148194738237954,0.979557128511416
UBE2A,0.0030451016275545,0.9796498458973422
EIF4E2,-0.0055121191303317,0.9796867967007784
SH2D3C,-0.0064452495240896,0.980003934879136
MYL1,-0.0123312587912103,0.980036618529801
IL1RAPL1,-0.0065426610401617,0.980088116213965
HAL,-0.0098634174889316,0.9802613210115382
TCEB3,0.0057829237147775,0.9802799067041862
ALKBH4,-0.0076314667789727,0.9803552400773824
POF1B,0.0110380820549016,0.9804473123218558
UQCRB,0.0052558282014079,0.9804878014291136
MUC16,-0.005956866257065,0.980525342757537
HABP2,0.0027294889758087,0.9805729727112528
FHIT,0.0036280161321231,0.9809496621772076
KIAA1751,0.0107585947439741,0.981139985128786
ACVR2B-AS1,-0.0129768170872068,0.981183669840594
GPR97,0.010888010063133,0.981187610735884
FOLR1,-0.0052265728375191,0.9812957671651884
GABRA5,-0.0134336452791745,0.9814512035397992
MADD,-0.0038689097866235,0.981579908861848
CHI3L1,-0.0115820707057494,0.9816145884360252
C19ORF80,0.0189213754163035,0.9816306784017724
DEFB126,-0.0080896556335634,0.9817420464213128
RAD23B,0.0149553058007074,0.981825133013739
LOC102723559,0.0116150412758893,0.9818936351953128
TMEM53,-0.002420809806181,0.9819164795820156
CD151,0.0047497934725857,0.9820211362989928
GPC3,-0.0075667810045327,0.9823709913515491
ACP5,-0.0082452991398422,0.9827945067482826
GK,0.011509413202889,0.9828047707198392
ZNF365,-0.0053268188984443,0.9829806041105528
ODC1,-0.006268375425078,0.983086531627186
CROCCP2,0.0049473411290126,0.9833749761483755
RP11-219B4.3,-0.0065141301598599,0.9835286994992116
AP2M1,0.0032791691605229,0.9836412703626192
WLS,-0.0042604759623667,0.9836784215172494
MYBBP1A,-0.0038528385468108,0.9838908045166584
ACVR2B,0.0033463532659521,0.9839201037925998
TPD52L2,-0.0025748676882457,0.9841473865406376
LSM12,-0.0072934377375384,0.9841856294175574
SKIV2L,-0.002128755807039,0.9842052044569032
ABCC8,0.0047923189222971,0.9844286296826956
INPP5F,-0.0044240695076815,0.9844696401650176
DAZAP2,-0.0026465236692647,0.9845406481137255
TSEN34,-0.0030638414251988,0.9849949708640604
RFPL3,-0.0028886536140113,0.9853081719854534
PARM1,-0.0029269598625916,0.985328944865534
ITPR3,-0.0050910570774469,0.9854570260791068
MECP2,-0.0040901558299042,0.9855300067578004
ZNF408,0.0037552037751149,0.985616724464845
HLA-G,-0.0042627024086456,0.9856320632233216
CTR9,-0.0030136033585019,0.9857705579437523
RHEB,-0.006991948789965,0.9858550730842645
UPK1A,0.0086441764235605,0.9858684224039724
ACADM,0.0053218629477811,0.9860938411473216
RSAD1,0.0024368850040694,0.986172751475702
IFNA16,-0.0037363109776888,0.9862072484488298
SLITRK3,0.0059899142820443,0.9862451293446352
MPP2,0.0044846594239489,0.9863338253112764
C5ORF28,-0.0038334178878391,0.9863499381301688
MMP17,0.0062832298008759,0.9865377725479466
QSOX1,0.0027593858810188,0.9865392414473784
FHOD1,0.0029648756741078,0.9868586520077514
CACNG1,-0.0070772158324028,0.9870568359265256
C7ORF63,-0.0057932606241131,0.9871249128529092
CORIN,0.0098984545203313,0.9871837640523444
ELF5,0.0073004452683864,0.987373660339945
CISD1,0.0034672368822636,0.987420733925864
AKAP3,-0.002430523590859,0.9875556061142854
PTN,0.0080537088719392,0.9876122188618156
NANS,-0.0029731573216427,0.9878202938708476
SPTSSA,-0.0038992730221885,0.9881434366102432
ATG14,0.0023144429268437,0.9883561095213664
APH1B,-0.0026228429339401,0.9884961807734478
CDKL3,0.0034275417893452,0.9885419091172328
RRAGC,-0.001725227318758,0.9887392966655222
RNF11B,-0.0078064953210779,0.9887680398965882
FNBP1,0.0029517779740579,0.9890415821158002
TRMT2B,0.0012174694870381,0.9891489693313352
SCTR,-0.0071270973456609,0.989223286762522
FUCA1,-0.0046341378614371,0.9893649096248704
DFFB,0.002162502809071,0.9898962944310148
LARS2,0.0019492093562218,0.9899017940742164
TM2D1,-0.0027570216451238,0.9900564092598474
PAICS,-0.0042086472477018,0.9902023451527276
MEGF9,0.0065615746866081,0.9904669927221056
ZNF34,-0.0018802237126225,0.9906217378183054
AKR1C4,-0.0057985448840174,0.9906639564287968
EDRF1,0.0064928382087559,0.9908808453210268
TMEM35,0.0026794999767236,0.99103040268177
PPP2R3C,-0.0011986886403061,0.991111083559279
CYP2C18,-0.0051932285473181,0.9912215002195202
SLTM,-0.0018280920567033,0.9914254045210474
RP4-560B9.4,0.0061755036045143,0.9916314266012352
BFSP1,0.0055442534584679,0.9918073871308198
MGAT5,0.0053390281814937,0.9920139990778504
TRPA1,-0.0046238677456402,0.9925975345453611
RNMTL1,-0.0011823403948856,0.992694351162184
HOXB5,-0.0013945324374029,0.9931268515906326
FXYD3,-0.0027389670440909,0.9935675211085528
ZNF717,-0.0023303727571866,0.9936724141019272
ARRB1,-0.0046797612079272,0.9937174513881212
GJA1,-0.0018335147639501,0.993987619540517
PDE3B,0.004810955263049,0.9941239834413104
EFNB3,0.0022175170138698,0.9941252207816064
MAPK7,-0.0040298854891185,0.994191490989885
PLA2G2E,0.0035715016065953,0.9942405843970362
STX12,0.0007985619074641,0.9942711965880512
FMO5,0.0033856255387805,0.9945720099284088
RP3-507I15.1,0.0014709367900511,0.9946992107398102
TAOK3,-0.0009239996979975,0.9947044007977452
GPR116,0.0017854478639574,0.9949775912560463
ESPL1,-0.0016644694509846,0.9951458320450572
CLK3,-0.000686354215647,0.9953654358504752
PSMD2,-0.0004370271845974,0.9954153640735312
ANKRD1,0.0033912218808205,0.9956241901772204
IQSEC3,-0.0027164648487687,0.9956500717622576
ME2,0.001765400223757,0.9956635058486266
VPS28,0.0008806796717397,0.9962921576566636
FKBP8,0.0020111112755198,0.9963319764978448
SCCPDH,-0.0008368877649154,0.9966650369783164
PLSCR4,-0.0011226269132169,0.9966730550199696
MAP3K7,-0.0008966320166479,0.9967383243298152
NME8,0.0014726337331416,0.9967639052538309
RPP38,0.0006787571962227,0.9970907578790276
MARC2,-0.0008155979548494,0.9972221408935296
TUBA8,0.001511123202543,0.9975490181077168
ASAP2,0.0005736596251306,0.9982291048944286
SMEK2,0.0010772454581298,0.9983136786675838
ZNF80,0.0010152691844211,0.998411367246798
SERTAD2,-0.0003078538514866,0.9986058225521998
BTNL2,-0.0004097945589895,0.998729812127953
SMC5,0.0004178956145866,0.9987301909508164
METRN,0.0003426569069384,0.998880575768773
DLEU2,-0.0003663794590265,0.9989890297542692
FAM179B,0.0001939075497983,0.9990680635188314
APOO,8.833483811621079e-05,0.9994543955627642
TPM4,-0.0001963983959107,0.9995098842697198
ATP2B1,-0.0001139277685044,0.9996500467263486
TLR5,-3.984787379174293e-05,0.9998613218008718
SEMG1,2.295164785337533e-05,0.9999647134777396
