drug,indication,max_phase_for_ind
2-iminobiotin,"Hypoxia-Ischemia, Brain",2.0
2-methoxyestradiol,Multiple Myeloma,2.0
2-methoxyestradiol,Neoplasms,1.0
"3,3'-diindolylmethane",Breast Neoplasms,2.0
"3,3'-diindolylmethane",Prostatic Neoplasms,1.0
"3,3'-diindolylmethane",Uterine Cervical Neoplasms,3.0
ABT-737,Breast Neoplasms,1.0
ACY-1215,Breast Neoplasms,1.0
ACY-1215,Cholangiocarcinoma,1.0
ACY-1215,Diabetic Neuropathies,2.0
ACY-1215,Hematologic Neoplasms,1.0
ACY-1215,Klatskin Tumor,1.0
ACY-1215,"Leukemia, Lymphocytic, Chronic, B-Cell",1.0
ACY-1215,Lymphoma,1.0
ACY-1215,Multiple Myeloma,1.0
ACY-1215,Peripheral Nervous System Diseases,1.0
AEE-788,Central Nervous System Neoplasms,1.0
AEE-788,Glioblastoma,1.0
AEE-788,Neoplasms,1.0
AMD-11070,Breast Neoplasms,1.0
AMD-11070,"Carcinoma, Renal Cell",1.0
AMD-11070,HIV Infections,1.0
AMD-11070,Melanoma,1.0
AMD-11070,Neoplasms,4.0
AMD-11070,Neutropenia,3.0
AMD-11070,Waldenstrom Macroglobulinemia,1.0
AMG-208,Neoplasms,1.0
AMG-208,"Prostatic Neoplasms, Castration-Resistant",2.0
AMG-232,"Carcinoma, Merkel Cell",1.0
AMG-232,"Carcinoma, Non-Small-Cell Lung",1.0
AMG-232,Endometrial Neoplasms,2.0
AMG-232,Gliosarcoma,1.0
AMG-232,"Leukemia, Myelogenous, Chronic, BCR-ABL Positive",1.0
AMG-232,"Leukemia, Myeloid, Acute",1.0
AMG-232,Melanoma,1.0
AMG-232,Multiple Myeloma,1.0
AMG-232,Myeloproliferative Disorders,1.0
AMG-232,Neoplasms,1.0
AMG-232,Plasmacytoma,1.0
AMG-232,Polycythemia Vera,2.0
AMG-232,Primary Myelofibrosis,2.0
AMG-232,Sarcoma,1.0
AMG-232,Small Cell Lung Carcinoma,2.0
AMG-232,"Thrombocythemia, Essential",2.0
AP-26113,Carcinoma,3.0
AP-26113,"Carcinoma, Non-Small-Cell Lung",4.0
AP-26113,Lung Neoplasms,3.0
AP-26113,"Lymphoma, Large-Cell, Anaplastic",2.0
AP-26113,Neoplasms,4.0
ARN-509,Liver Diseases,1.0
ARN-509,Neoplasms,4.0
ARN-509,Prostatic Neoplasms,4.0
ARN-509,"Prostatic Neoplasms, Castration-Resistant",4.0
ARN-509,Salivary Gland Neoplasms,2.0
ARRY-334543,Biliary Tract Neoplasms,2.0
ARRY-334543,Breast Neoplasms,2.0
ARRY-334543,"Carcinoma, Hepatocellular",1.0
ARRY-334543,Cholangiocarcinoma,2.0
ARRY-334543,Neoplasms,1.0
ARRY-334543,Pancreatic Neoplasms,1.0
ARRY-334543,Stomach Neoplasms,2.0
AS-703026,Adenocarcinoma,1.0
AS-703026,Astrocytoma,1.0
AS-703026,Breast Neoplasms,1.0
AS-703026,"Carcinoma, Hepatocellular",1.0
AS-703026,"Carcinoma, Non-Small-Cell Lung",1.0
AS-703026,Colorectal Neoplasms,1.0
AS-703026,"Leukemia, Myeloid, Acute",2.0
AS-703026,Melanoma,2.0
AS-703026,Neoplasms,1.0
AS-703026,Ovarian Neoplasms,2.0
AS-703026,Pancreatic Neoplasms,1.0
AS-703026,Thyroid Neoplasms,1.0
AS-703026,Urinary Bladder Neoplasms,1.0
ASA-404,"Carcinoma, Non-Small-Cell Lung",3.0
ASA-404,Lung Neoplasms,2.0
ASA-404,Neoplasms,1.0
ASA-404,"Prostatic Neoplasms, Castration-Resistant",2.0
ASA-404,Urinary Bladder Neoplasms,2.0
AST-1306,Lung Neoplasms,2.0
AT-13387,Breast Neoplasms,1.0
AT-13387,"Carcinoma, Non-Small-Cell Lung",1.0
AT-13387,Neoplasms,1.0
AT-13387,"Prostatic Neoplasms, Castration-Resistant",1.0
AT-13387,Triple Negative Breast Neoplasms,1.0
AT-7519,"Leukemia, Lymphocytic, Chronic, B-Cell",2.0
AT-7519,Lymphoma,1.0
AT-7519,"Lymphoma, Mantle-Cell",2.0
AT-7519,Multiple Myeloma,1.0
AT-7519,Neoplasms,1.0
AT-9283,Leukemia,1.0
AT-9283,"Lymphoma, Non-Hodgkin",1.0
AT-9283,Multiple Myeloma,2.0
AT-9283,Neoplasms,1.0
ATN-161,"Carcinoma, Renal Cell",2.0
ATN-161,Central Nervous System Neoplasms,1.0
AV-412,Neoplasms,1.0
AVL-292,"Arthritis, Rheumatoid",2.0
AVL-292,Leukemia,1.0
AVL-292,"Lymphoma, Large B-Cell, Diffuse",1.0
AVN-944,Pancreatic Neoplasms,2.0
AZD-1208,"Leukemia, Myeloid, Acute",1.0
AZD-1208,Lymphoma,1.0
AZD-1208,Neoplasms,1.0
AZD-1480,Carcinoma,1.0
AZD-1480,"Carcinoma, Hepatocellular",1.0
AZD-1480,"Carcinoma, Non-Small-Cell Lung",1.0
AZD-1480,Neoplasms,1.0
AZD-1480,Primary Myelofibrosis,1.0
AZD-1480,Stomach Neoplasms,1.0
AZD-1480,"Thrombocythemia, Essential",1.0
AZD-1981,Asthma,2.0
AZD-1981,Chronic Urticaria,2.0
AZD-1981,Infertility,1.0
AZD-1981,"Pulmonary Disease, Chronic Obstructive",2.0
AZD-2014,Adenocarcinoma,2.0
AZD-2014,Breast Neoplasms,2.0
AZD-2014,"Carcinoma, Non-Small-Cell Lung",2.0
AZD-2014,"Carcinoma, Renal Cell",2.0
AZD-2014,"Carcinoma, Squamous Cell",2.0
AZD-2014,Endometrial Neoplasms,1.0
AZD-2014,Glioblastoma,1.0
AZD-2014,Hereditary Breast and Ovarian Cancer Syndrome,1.0
AZD-2014,Lung Neoplasms,1.0
AZD-2014,Lymphoma,1.0
AZD-2014,"Lymphoma, Large B-Cell, Diffuse",1.0
AZD-2014,Meningioma,2.0
AZD-2014,Neoplasms,2.0
AZD-2014,"Prostatic Neoplasms, Castration-Resistant",1.0
AZD-2014,Small Cell Lung Carcinoma,2.0
AZD-2014,Stomach Neoplasms,2.0
AZD-2014,Triple Negative Breast Neoplasms,1.0
AZD-2014,Urinary Bladder Neoplasms,1.0
AZD-2014,Uterine Neoplasms,1.0
AZD-3514,"Prostatic Neoplasms, Castration-Resistant",1.0
AZD-5438,Neoplasms,1.0
AZD-7687,Obesity,1.0
AZD-7762,Neoplasms,1.0
AZD-8055,Astrocytoma,1.0
AZD-8055,"Carcinoma, Hepatocellular",1.0
AZD-8055,Glioblastoma,1.0
AZD-8055,Lymphoma,1.0
AZD-8055,Neoplasms,1.0
AZD-8055,Oligodendroglioma,1.0
AZD-8055,Paraganglioma,1.0
AZD-8330,Neoplasms,1.0
AZD-8931,Breast Neoplasms,2.0
AZD-8931,"Carcinoma, Non-Small-Cell Lung",2.0
AZD-8931,Colorectal Neoplasms,2.0
AZD-8931,Neoplasms,2.0
AZD-9668,Bronchiectasis,2.0
AZD-9668,Cystic Fibrosis,2.0
AZD-9668,Hematologic Neoplasms,1.0
AZD-9668,"Pulmonary Disease, Chronic Obstructive",2.0
AZD-9668,Severe Acute Respiratory Syndrome,1.0
BGT-226,Breast Neoplasms,1.0
BGT-226,"Hamartoma Syndrome, Multiple",1.0
BGT-226,Neoplasms,1.0
BI-2536,"Carcinoma, Non-Small-Cell Lung",2.0
BI-2536,"Leukemia, Myeloid, Acute",2.0
BI-2536,Lymphoma,1.0
BI-2536,Neoplasms,1.0
BI-2536,Pancreatic Neoplasms,2.0
BI-2536,Prostatic Neoplasms,2.0
BI-2536,Small Cell Lung Carcinoma,2.0
BIBX-1382,Neoplasms,1.0
BIIB-021,Breast Neoplasms,2.0
BIIB-021,Gastrointestinal Stromal Tumors,2.0
BIIB-021,"Leukemia, Lymphocytic, Chronic, B-Cell",1.0
BIIB-021,Lymphoma,1.0
BIIB-021,Neoplasms,1.0
BMS-387032,"Leukemia, Lymphocytic, Chronic, B-Cell",1.0
BMS-387032,"Lymphoma, Mantle-Cell",1.0
BMS-387032,Multiple Myeloma,1.0
BMS-387032,Neoplasms,1.0
BMS-599626,Neoplasms,1.0
BMS-599626,Paraganglioma,1.0
BMS-707035,HIV Infections,2.0
BMS-777607,Neoplasms,1.0
BMS-927711,Irritable Bowel Syndrome,2.0
BMS-927711,Migraine Disorders,3.0
BMS-927711,Pain,2.0
BMS-927711,Psoriasis,2.0
BMS-927711,Sinusitis,3.0
BMS-927711,Temporomandibular Joint Disorders,3.0
BMS-927711,Trigeminal Neuralgia,2.0
BVD-523,"Leukemia, Myeloid, Acute",1.0
BVD-523,Myelodysplastic Syndromes,1.0
BVD-523,Neoplasms,2.0
BVD-523,Pancreatic Neoplasms,1.0
BVD-523,Paraganglioma,0.5
BVD-523,Uveal Melanoma,2.0
CC-401,"Leukemia, Myeloid",1.0
CC-930,Idiopathic Pulmonary Fibrosis,2.0
CEP-32496,Neoplasms,1.0
CEP-37440,Neoplasms,1.0
CHIR-99021,"Hearing Loss, Sensorineural",1.0
CHIR-99021,Respiratory Syncytial Virus Infections,1.0
CP-724714,Breast Neoplasms,2.0
CP-724714,Neoplasm Metastasis,2.0
CP-945598,Obesity,3.0
CPI-1189,HIV Infections,2.0
CPI-613,Biliary Tract Neoplasms,1.0
CPI-613,"Carcinoma, Pancreatic Ductal",2.0
CPI-613,Colorectal Neoplasms,1.0
CPI-613,Leukemia,2.0
CPI-613,"Leukemia, Myeloid, Acute",3.0
CPI-613,Lymphoma,2.0
CPI-613,"Lymphoma, Non-Hodgkin",2.0
CPI-613,Myelodysplastic Syndromes,2.0
CPI-613,Neoplasms,2.0
CPI-613,Pancreatic Neoplasms,3.0
CPI-613,Sarcoma,1.0
CTS-1027,Hepatitis C,2.0
CTS-1027,"Hepatitis C, Chronic",2.0
CX-4945,"Carcinoma, Basal Cell",1.0
CX-4945,Cholangiocarcinoma,1.0
CX-4945,Medulloblastoma,1.0
CX-4945,Multiple Myeloma,1.0
CX-4945,Severe Acute Respiratory Syndrome,2.0
CX-516,Cognitive Dysfunction,2.0
CX-516,Schizophrenia,2.0
CX-5461,Neoplasms,1.0
CX-5461,"Prostatic Neoplasms, Castration-Resistant",1.0
CYT-997,Glioblastoma,1.0
CYT-997,Multiple Myeloma,2.0
CYT387,"Carcinoma, Non-Small-Cell Lung",1.0
CYT387,"Carcinoma, Pancreatic Ductal",3.0
CYT387,"Leukemia, Myeloid",1.0
CYT387,Neoplasms,3.0
CYT387,Polycythemia Vera,2.0
CYT387,Primary Myelofibrosis,3.0
CYT387,"Thrombocythemia, Essential",2.0
D-serine,Cocaine-Related Disorders,2.0
D-serine,Psychotic Disorders,3.0
D-serine,Schizophrenia,3.0
EMD-1214063,Adenocarcinoma of Lung,2.0
EMD-1214063,Brain Neoplasms,1.0
EMD-1214063,"Carcinoma, Hepatocellular",1.0
EMD-1214063,"Carcinoma, Non-Small-Cell Lung",2.0
EMD-1214063,Colorectal Neoplasms,2.0
EMD-1214063,Liver Diseases,1.0
EMD-1214063,Neoplasms,4.0
ENMD-2076,"Adenocarcinoma, Clear Cell",2.0
ENMD-2076,Breast Neoplasms,2.0
ENMD-2076,"Carcinoma, Hepatocellular",2.0
ENMD-2076,Fallopian Tube Neoplasms,2.0
ENMD-2076,Hematologic Neoplasms,1.0
ENMD-2076,Multiple Myeloma,1.0
ENMD-2076,Neoplasms,1.0
ENMD-2076,Ovarian Neoplasms,2.0
ENMD-2076,Peritoneal Neoplasms,2.0
ENMD-2076,Sarcoma,2.0
EVP-6124,Alzheimer Disease,3.0
EVP-6124,Central Nervous System Diseases,1.0
EVP-6124,Cognitive Dysfunction,2.0
EVP-6124,Dementia,3.0
EVP-6124,Kidney Diseases,1.0
EVP-6124,Liver Diseases,1.0
EVP-6124,Psychotic Disorders,1.0
EVP-6124,Schizophrenia,2.0
FK-866,"Leukemia, Lymphocytic, Chronic, B-Cell",1.0
FK-866,"Lymphoma, T-Cell, Cutaneous",2.0
FK-866,Melanoma,2.0
GDC-0068,Breast Neoplasms,3.0
GDC-0068,"Carcinoma, Non-Small-Cell Lung",2.0
GDC-0068,Endometrial Neoplasms,1.0
GDC-0068,Multiple Myeloma,2.0
GDC-0068,Neoplasms,3.0
GDC-0068,Ovarian Neoplasms,2.0
GDC-0068,Prostatic Neoplasms,3.0
GDC-0068,"Prostatic Neoplasms, Castration-Resistant",2.0
GDC-0068,Stomach Neoplasms,2.0
GDC-0068,Triple Negative Breast Neoplasms,3.0
GDC-0152,Neoplasms,1.0
GDC-0941,Breast Neoplasms,2.0
GDC-0941,"Carcinoma, Non-Small-Cell Lung",2.0
GDC-0941,"Lymphoma, Non-Hodgkin",1.0
GDC-0941,Neoplasms,1.0
GDC-0980,Breast Neoplasms,2.0
GDC-0980,"Carcinoma, Renal Cell",2.0
GDC-0980,Endometrial Neoplasms,2.0
GDC-0980,"Lymphoma, Non-Hodgkin",1.0
GDC-0980,Neoplasms,1.0
GDC-0980,"Prostatic Neoplasms, Castration-Resistant",1.0
GSK-1059615,Neoplasms,1.0
GSK-1070916,Neoplasms,1.0
GSK-1292263,"Diabetes Mellitus, Type 2",2.0
GSK-1292263,Lipid Metabolism Disorders,2.0
GSK-2110183,Breast Neoplasms,3.0
GSK-2110183,"Histiocytosis, Langerhans-Cell",2.0
GSK-2110183,Multiple Myeloma,1.0
GSK-2110183,Neoplasms,1.0
GSK-2110183,Ovarian Neoplasms,2.0
GSK-2110183,"Prostatic Neoplasms, Castration-Resistant",1.0
GSK-2126458,Idiopathic Pulmonary Fibrosis,1.0
GSK-2126458,Neoplasms,1.0
GSK-256066,Asthma,2.0
GSK-256066,"Pulmonary Disease, Chronic Obstructive",2.0
GSK-256066,"Rhinitis, Allergic, Seasonal",2.0
GSK-2636771,Melanoma,1.0
GSK-2636771,Multiple Myeloma,2.0
GSK-2636771,Neoplasms,1.0
GSK-2636771,Stomach Neoplasms,1.0
GSK-461364,"Lymphoma, Non-Hodgkin",1.0
GSK-690693,Neoplasms,1.0
GSK-923295,Neoplasms,1.0
GW-842166,Osteoarthritis,2.0
GW-842166,"Osteoarthritis, Knee",2.0
GW-842166,Pain,2.0
IOWH-032,Digestive System Diseases,2.0
IPI-145,"Arthritis, Rheumatoid",2.0
IPI-145,Asthma,2.0
IPI-145,"Carcinoma, Squamous Cell",2.0
IPI-145,Hematologic Neoplasms,2.0
IPI-145,Leukemia,2.0
IPI-145,"Leukemia, Lymphocytic, Chronic, B-Cell",4.0
IPI-145,"Leukemia, Lymphoid",2.0
IPI-145,Liver Diseases,1.0
IPI-145,Lymphoma,2.0
IPI-145,"Lymphoma, Follicular",4.0
IPI-145,"Lymphoma, Large B-Cell, Diffuse",0.5
IPI-145,"Lymphoma, Non-Hodgkin",2.0
IPI-145,"Lymphoma, T-Cell, Peripheral",2.0
IPI-145,Melanoma,1.0
IPI-145,Mycosis Fungoides,1.0
IPI-145,Neoplasms,4.0
IPI-145,Precursor Cell Lymphoblastic Leukemia-Lymphoma,1.0
IPI-145,Severe Acute Respiratory Syndrome,2.0
IPI-145,Sezary Syndrome,1.0
JNJ-26481585,Lymphoma,1.0
JNJ-26481585,"Lymphoma, T-Cell, Cutaneous",2.0
JNJ-26481585,Ovarian Neoplasms,2.0
JNJ-38877605,Neoplasms,1.0
KD-025,Autoimmune Diseases,1.0
KD-025,Bronchiolitis Obliterans Syndrome,3.0
KD-025,Graft vs Host Disease,2.0
KD-025,Idiopathic Pulmonary Fibrosis,2.0
KD-025,Immune System Diseases,4.0
KD-025,Liver Diseases,1.0
KD-025,Multiple Myeloma,1.0
KD-025,Psoriasis,2.0
KD-025,"Scleroderma, Diffuse",2.0
KW-2449,"Leukemia, Myeloid, Acute",1.0
KW-2478,"Leukemia, Lymphocytic, Chronic, B-Cell",1.0
KW-2478,Multiple Myeloma,1.0
KX2-391,"Carcinoma, Basal Cell",2.0
KX2-391,"Keratosis, Actinic",4.0
KX2-391,"Leukemia, Myeloid, Acute",1.0
KX2-391,Lymphoma,1.0
KX2-391,Neoplasms,1.0
KX2-391,"Prostatic Neoplasms, Castration-Resistant",2.0
L-NAME,Asthma,2.0
L-NAME,Cardiovascular Diseases,1.0
L-citrulline,Acute Lung Injury,3.0
L-citrulline,Aging,1.0
L-citrulline,"Anemia, Sickle Cell",1.0
L-citrulline,Asthma,2.0
L-citrulline,Bronchopulmonary Dysplasia,1.0
L-citrulline,"Diabetes Mellitus, Type 2",1.0
L-citrulline,Endocardial Cushion Defects,1.0
L-citrulline,"Heart Septal Defects, Atrial",1.0
L-citrulline,"Heart Septal Defects, Ventricular",1.0
L-citrulline,Hypertension,1.0
L-citrulline,Intermittent Claudication,2.0
L-citrulline,MELAS Syndrome,1.0
L-citrulline,Neoplasms,2.0
L-citrulline,Peripheral Arterial Disease,2.0
L-citrulline,Postpoliomyelitis Syndrome,3.0
L-citrulline,Respiratory Insufficiency,2.0
LCL-161,Breast Neoplasms,2.0
LCL-161,Multiple Myeloma,2.0
LCL-161,Neoplasms,1.0
LCL-161,Pancreatic Neoplasms,1.0
LCL-161,Polycythemia Vera,2.0
LCL-161,Primary Myelofibrosis,2.0
LCQ-908,Constipation,2.0
LCQ-908,Hepatitis C,2.0
LCQ-908,Hyperlipoproteinemias,1.0
LCQ-908,Kidney Diseases,1.0
LCQ-908,Liver Diseases,1.0
LCQ-908,Non-alcoholic Fatty Liver Disease,2.0
LGX-818,Biliary Tract Neoplasms,3.0
LGX-818,"Carcinoma, Non-Small-Cell Lung",2.0
LGX-818,"Carcinoma, Pancreatic Ductal",1.0
LGX-818,Colorectal Neoplasms,4.0
LGX-818,"Leukemia, Hairy Cell",2.0
LGX-818,Melanoma,4.0
LGX-818,Multiple Myeloma,2.0
LGX-818,Neoplasms,4.0
LGX-818,Pancreatic Neoplasms,2.0
LGX-818,"Pulmonary Disease, Chronic Obstructive",2.0
LGX-818,Skin Neoplasms,0.5
LGX-818,Thyroid Neoplasms,2.0
LY-2090314,Leukemia,2.0
LY-2090314,Neoplasms,1.0
LY-2090314,Pancreatic Neoplasms,1.0
LY-2157299,"Carcinoma, Hepatocellular",2.0
LY-2157299,Glioblastoma,2.0
LY-2157299,Myelodysplastic Syndromes,2.0
LY-2157299,Nasopharyngeal Carcinoma,2.0
LY-2157299,Neoplasm Metastasis,1.0
LY-2157299,Neoplasms,1.0
LY-2157299,Pancreatic Neoplasms,1.0
LY-2157299,Paraganglioma,1.0
LY-2157299,"Prostatic Neoplasms, Castration-Resistant",2.0
LY-2157299,Rectal Neoplasms,2.0
LY-2157299,Triple Negative Breast Neoplasms,1.0
LY-2228820,Breast Neoplasms,2.0
LY-2228820,Fallopian Tube Neoplasms,1.0
LY-2228820,Glioblastoma,1.0
LY-2228820,Neoplasms,1.0
LY-2228820,Ovarian Neoplasms,1.0
LY-2334737,Neoplasm Metastasis,1.0
LY-2334737,Neoplasms,1.0
LY-2603618,"Carcinoma, Non-Small-Cell Lung",2.0
LY-2603618,Neoplasms,1.0
LY-2603618,Pancreatic Neoplasms,1.0
LY-2784544,Neoplasms,2.0
LY-2801653,Biliary Tract Neoplasms,2.0
LY-2801653,Breast Neoplasms,1.0
LY-2801653,"Carcinoma, Non-Small-Cell Lung",2.0
LY-2801653,Colorectal Neoplasms,1.0
LY-2801653,"Lymphoma, Mantle-Cell",1.0
LY-2801653,Melanoma,1.0
LY-2801653,Neoplasms,1.0
LY-2811376,Alzheimer Disease,1.0
LY-2886721,Alzheimer Disease,1.0
MBX-2982,Diabetes Mellitus,2.0
MBX-2982,"Diabetes Mellitus, Type 1",2.0
MF-101,Hot Flashes,2.0
MF-101,Menopause,2.0
MGCD-265,"Carcinoma, Non-Small-Cell Lung",2.0
MGCD-265,Neoplasms,1.0
MK-0752,Central Nervous System Neoplasms,1.0
MK-0752,Neoplasms,1.0
MK-0773,Sarcopenia,2.0
MK-0812,"Arthritis, Rheumatoid",2.0
MK-0812,"Multiple Sclerosis, Relapsing-Remitting",2.0
MK-0893,"Diabetes Mellitus, Type 2",2.0
MK-1775,Blast Crisis,1.0
MK-1775,Breast Neoplasms,2.0
MK-1775,"Carcinoma, Non-Small-Cell Lung",2.0
MK-1775,"Carcinoma, Renal Cell",2.0
MK-1775,"Carcinoma, Squamous Cell",1.0
MK-1775,"Carcinoma, Verrucous",2.0
MK-1775,"Cystadenoma, Serous",2.0
MK-1775,Fallopian Tube Neoplasms,2.0
MK-1775,Glioblastoma,0.5
MK-1775,Lung Neoplasms,2.0
MK-1775,Medulloblastoma,1.0
MK-1775,Multiple Myeloma,2.0
MK-1775,Myelodysplastic Syndromes,1.0
MK-1775,Neoplasms,2.0
MK-1775,Neuroblastoma,1.0
MK-1775,Ovarian Neoplasms,2.0
MK-1775,Pancreatic Neoplasms,2.0
MK-1775,Peritoneal Neoplasms,2.0
MK-1775,"Prostatic Neoplasms, Castration-Resistant",2.0
MK-1775,Small Cell Lung Carcinoma,2.0
MK-1775,Squamous Cell Carcinoma of Head and Neck,2.0
MK-1775,Stomach Neoplasms,2.0
MK-1775,Triple Negative Breast Neoplasms,1.0
MK-1775,Urinary Bladder Neoplasms,1.0
MK-1775,Uterine Cervical Neoplasms,1.0
MK-1775,Uterine Neoplasms,2.0
MK-2206,"Adenocarcinoma, Bronchiolo-Alveolar",2.0
MK-2206,Bile Duct Neoplasms,2.0
MK-2206,Breast Neoplasms,2.0
MK-2206,"Breast Neoplasms, Male",1.0
MK-2206,"Carcinoma, Hepatocellular",2.0
MK-2206,"Carcinoma, Large Cell",2.0
MK-2206,"Carcinoma, Non-Small-Cell Lung",1.0
MK-2206,"Carcinoma, Renal Cell",2.0
MK-2206,"Carcinoma, Squamous Cell",2.0
MK-2206,Cholangiocarcinoma,2.0
MK-2206,Colonic Neoplasms,2.0
MK-2206,Endometrial Neoplasms,2.0
MK-2206,Gallbladder Neoplasms,2.0
MK-2206,Glioma,2.0
MK-2206,"Leukemia, Lymphocytic, Chronic, B-Cell",1.0
MK-2206,"Leukemia, Lymphoid",1.0
MK-2206,Liver Neoplasms,2.0
MK-2206,Lung Neoplasms,2.0
MK-2206,"Lymphoma, Large B-Cell, Diffuse",2.0
MK-2206,Melanoma,2.0
MK-2206,Nasopharyngeal Neoplasms,2.0
MK-2206,Neoplasms,1.0
MK-2206,Pancreatic Neoplasms,1.0
MK-2206,Prostatic Neoplasms,2.0
MK-2206,Rectal Neoplasms,2.0
MK-2206,Triple Negative Breast Neoplasms,2.0
MK-2461,Neoplasms,1.0
MK-3207,Migraine Disorders,2.0
MK-5108,Neoplasms,1.0
MK-8033,Neoplasms,1.0
MK-8245,"Diabetes Mellitus, Type 2",1.0
MLN-0128,Breast Neoplasms,2.0
MLN-0128,"Carcinoma, Endometrioid",1.0
MLN-0128,"Carcinoma, Hepatocellular",1.0
MLN-0128,"Carcinoma, Islet Cell",2.0
MLN-0128,"Carcinoma, Merkel Cell",1.0
MLN-0128,"Carcinoma, Non-Small-Cell Lung",2.0
MLN-0128,"Carcinoma, Renal Cell",2.0
MLN-0128,"Carcinoma, Squamous Cell",2.0
MLN-0128,"Carcinoma, Transitional Cell",2.0
MLN-0128,"Cystadenoma, Serous",1.0
MLN-0128,Endometrial Neoplasms,2.0
MLN-0128,Fallopian Tube Neoplasms,1.0
MLN-0128,Glioblastoma,1.0
MLN-0128,Gliosarcoma,1.0
MLN-0128,"Leukemia, Biphenotypic, Acute",2.0
MLN-0128,Lung Neoplasms,2.0
MLN-0128,Lymphoma,1.0
MLN-0128,Multiple Myeloma,1.0
MLN-0128,Neoplasms,1.0
MLN-0128,Ovarian Neoplasms,1.0
MLN-0128,"Prostatic Neoplasms, Castration-Resistant",2.0
MLN-0128,Sarcoma,2.0
MLN-0128,Thyroid Neoplasms,1.0
MLN-0128,Urinary Bladder Neoplasms,2.0
MLN-0128,Waldenstrom Macroglobulinemia,1.0
MLN-2480,Adenocarcinoma,1.0
MLN-2480,Astrocytoma,1.0
MLN-2480,"Carcinoma, Non-Small-Cell Lung",1.0
MLN-2480,Colorectal Neoplasms,1.0
MLN-2480,Craniopharyngioma,2.0
MLN-2480,Glioma,4.0
MLN-2480,"Histiocytosis, Langerhans-Cell",2.0
MLN-2480,Melanoma,1.0
MLN-2480,Neoplasms,2.0
MLN-2480,Pancreatic Neoplasms,1.0
MLN-2480,Thyroid Neoplasms,1.0
MLN-2480,Urinary Bladder Neoplasms,1.0
MLN-8054,Breast Neoplasms,1.0
MLN-8054,Colonic Neoplasms,1.0
MLN-8054,Neoplasms,1.0
MLN-8054,Pancreatic Neoplasms,1.0
N6022,Asthma,1.0
N6022,Cystic Fibrosis,1.0
NSI-189,"Depressive Disorder, Major",2.0
NVP-AUY922,Adenocarcinoma of Lung,1.0
NVP-AUY922,Breast Neoplasms,1.0
NVP-AUY922,"Carcinoma, Non-Small-Cell Lung",2.0
NVP-AUY922,"Carcinoma, Squamous Cell",1.0
NVP-AUY922,Colonic Neoplasms,1.0
NVP-AUY922,Colorectal Neoplasms,1.0
NVP-AUY922,Gastrointestinal Stromal Tumors,2.0
NVP-AUY922,Lymphoma,2.0
NVP-AUY922,Multiple Myeloma,1.0
NVP-AUY922,Myeloproliferative Disorders,2.0
NVP-AUY922,Neoplasms,1.0
NVP-AUY922,Rectal Neoplasms,1.0
NVP-AUY922,Stomach Neoplasms,2.0
NVP-BEZ235,Breast Neoplasms,2.0
NVP-BEZ235,"Carcinoma, Transitional Cell",2.0
NVP-BEZ235,Endometrial Neoplasms,2.0
NVP-BEZ235,Infections,3.0
NVP-BEZ235,Kidney Neoplasms,1.0
NVP-BEZ235,Neoplasms,2.0
NVP-BEZ235,Neuroendocrine Tumors,2.0
NVP-BEZ235,"Prostatic Neoplasms, Castration-Resistant",1.0
NVP-BEZ235,Severe Acute Respiratory Syndrome,2.0
NVP-BGJ398,Achondroplasia,2.0
NVP-BGJ398,Breast Neoplasms,1.0
NVP-BGJ398,"Carcinoma, Squamous Cell",2.0
NVP-BGJ398,Cholangiocarcinoma,3.0
NVP-BGJ398,Gastrointestinal Stromal Tumors,1.0
NVP-BGJ398,Glioblastoma,2.0
NVP-BGJ398,Melanoma,2.0
NVP-BGJ398,Neoplasms,4.0
NVP-BGJ398,Osteomalacia,2.0
NVP-BGJ398,Papillomavirus Infections,2.0
NVP-BGJ398,Paraganglioma,2.0
NVP-BGJ398,Squamous Cell Carcinoma of Head and Neck,2.0
NVP-BGJ398,Urinary Bladder Neoplasms,3.0
NVP-BGJ398,Uterine Cervical Neoplasms,1.0
NXY-059,Astrocytoma,1.0
NXY-059,Cerebral Hemorrhage,2.0
NXY-059,Glioblastoma,1.0
NXY-059,Glioma,2.0
NXY-059,Hearing Loss,1.0
NXY-059,"Hearing Loss, Noise-Induced",1.0
NXY-059,Oligodendroglioma,1.0
O6-benzylguanine,Central Nervous System Neoplasms,2.0
O6-benzylguanine,Colorectal Neoplasms,2.0
O6-benzylguanine,Glioblastoma,2.0
O6-benzylguanine,Gliosarcoma,2.0
O6-benzylguanine,Lymphoma,1.0
O6-benzylguanine,"Lymphoma, T-Cell, Cutaneous",1.0
O6-benzylguanine,Melanoma,2.0
O6-benzylguanine,Multiple Myeloma,2.0
O6-benzylguanine,Mycosis Fungoides,1.0
O6-benzylguanine,Neoplasms,3.0
O6-benzylguanine,Sarcoma,2.0
O6-benzylguanine,Sezary Syndrome,1.0
ORE-1001,"Colitis, Ulcerative",1.0
OSI-027,Lymphedema,1.0
OSI-027,Lymphoma,1.0
OSI-930,Neoplasms,1.0
PA-824,Tuberculosis,4.0
PA-824,"Tuberculosis, Multidrug-Resistant",4.0
PA-824,"Tuberculosis, Pulmonary",4.0
PCI-24781,"Carcinoma, Renal Cell",3.0
PCI-24781,Hodgkin Disease,1.0
PCI-24781,"Lymphoma, Follicular",2.0
PCI-24781,"Lymphoma, Large B-Cell, Diffuse",2.0
PCI-24781,"Lymphoma, Non-Hodgkin",1.0
PCI-24781,Neoplasms,1.0
PCI-24781,Sarcoma,1.0
PD-0325901,"Carcinoma, Non-Small-Cell Lung",2.0
PD-0325901,Colorectal Neoplasms,1.0
PD-0325901,Glioma,1.0
PD-0325901,Neoplasms,2.0
PD-0325901,Neurofibromatosis 1,2.0
PD-184352,Breast Neoplasms,2.0
PD-184352,"Carcinoma, Non-Small-Cell Lung",2.0
PD-184352,Colorectal Neoplasms,2.0
PD-184352,Lung Neoplasms,2.0
PD-184352,Pancreatic Neoplasms,2.0
PF-02545920,Huntington Disease,2.0
PF-02545920,Schizophrenia,2.0
PF-03084014,Breast Neoplasms,2.0
PF-03084014,Desmoid Tumors,3.0
PF-03084014,Fibroma,2.0
PF-03084014,Multiple Myeloma,2.0
PF-03084014,Neoplasms,3.0
PF-03084014,Pancreatic Neoplasms,2.0
PF-03758309,Neoplasms,1.0
PF-03814735,Neoplasms,1.0
PF-04136309,"Carcinoma, Pancreatic Ductal",2.0
PF-04136309,"Hepatitis C, Chronic",2.0
PF-04136309,"Osteoarthritis, Knee",2.0
PF-04136309,Pancreatic Neoplasms,1.0
PF-04217903,Neoplasms,1.0
PF-04447943,Alzheimer Disease,2.0
PF-04447943,Heart Failure,1.0
PF-04457845,Chronic Pain,1.0
PF-04457845,Marijuana Abuse,2.0
PF-04457845,"Osteoarthritis, Knee",2.0
PF-04457845,"Stress Disorders, Post-Traumatic",2.0
PF-04457845,Tourette Syndrome,1.0
PF-04620110,"Diabetes Mellitus, Type 2",1.0
PF-04620110,Obesity,1.0
PF-04691502,Breast Neoplasms,2.0
PF-04691502,Neoplasms,1.0
PF-477736,Neoplasms,1.0
PH-797804,"Arthritis, Rheumatoid",2.0
PH-797804,"Neuralgia, Postherpetic",2.0
PH-797804,Osteoarthritis,2.0
PH-797804,Pain,1.0
PH-797804,"Pulmonary Disease, Chronic Obstructive",2.0
PHA-793887,Neoplasms,1.0
PHA-848125,"Carcinoma, Hepatocellular",2.0
PHA-848125,Thymoma,2.0
PKI-179,Neoplasms,1.0
PX-12,Neoplasms,1.0
PX-12,Pancreatic Neoplasms,2.0
R-428,Adenocarcinoma of Lung,2.0
R-428,"Carcinoma, Non-Small-Cell Lung",2.0
R-428,Central Nervous System Neoplasms,0.5
R-428,Colorectal Neoplasms,1.0
R-428,Inflammatory Breast Neoplasms,2.0
R-428,"Leukemia, Myeloid, Acute",1.0
R-428,Melanoma,1.0
R-428,Mesothelioma,2.0
R-428,Myelodysplastic Syndromes,1.0
R-428,Neoplasms,1.0
R-428,Pancreatic Neoplasms,1.0
R-428,Severe Acute Respiratory Syndrome,2.0
R-547,Neoplasms,1.0
RAF-265,Melanoma,1.0
RAF-265,Neoplasms,1.0
RG-4733,Astrocytoma,1.0
RG-4733,Brain Neoplasms,2.0
RG-4733,Breast Neoplasms,2.0
RG-4733,"Breast Neoplasms, Male",2.0
RG-4733,"Carcinoma, Non-Small-Cell Lung",2.0
RG-4733,"Carcinoma, Renal Cell",2.0
RG-4733,Colonic Neoplasms,2.0
RG-4733,Colorectal Neoplasms,2.0
RG-4733,Fallopian Tube Neoplasms,2.0
RG-4733,Glioblastoma,2.0
RG-4733,Gliosarcoma,2.0
RG-4733,Melanoma,2.0
RG-4733,Multiple Myeloma,2.0
RG-4733,Neoplasms,1.0
RG-4733,Oligodendroglioma,1.0
RG-4733,Ovarian Neoplasms,2.0
RG-4733,Pancreatic Neoplasms,1.0
RG-4733,Prostatic Neoplasms,2.0
RG-4733,"Prostatic Neoplasms, Castration-Resistant",2.0
RG-4733,Rectal Neoplasms,2.0
RG-4733,Triple Negative Breast Neoplasms,2.0
Ro-4987655,Neoplasms,1.0
S-ruxolitinib,Alopecia Areata,2.0
S-ruxolitinib,Anemia,2.0
S-ruxolitinib,"Arthritis, Rheumatoid",2.0
S-ruxolitinib,Breast Neoplasms,2.0
S-ruxolitinib,Bronchiolitis Obliterans,2.0
S-ruxolitinib,Bronchiolitis Obliterans Syndrome,2.0
S-ruxolitinib,Cachexia,2.0
S-ruxolitinib,"Carcinoma, Non-Small-Cell Lung",2.0
S-ruxolitinib,"Carcinoma, Pancreatic Ductal",1.0
S-ruxolitinib,"Carcinoma, Squamous Cell",2.0
S-ruxolitinib,Colorectal Neoplasms,2.0
S-ruxolitinib,Dermatitis,1.0
S-ruxolitinib,"Dermatitis, Atopic",3.0
S-ruxolitinib,"Dermatitis, Seborrheic",2.0
S-ruxolitinib,Eczema,4.0
S-ruxolitinib,Glioblastoma,1.0
S-ruxolitinib,Graft vs Host Disease,3.0
S-ruxolitinib,HIV Infections,2.0
S-ruxolitinib,Hematologic Neoplasms,2.0
S-ruxolitinib,Hidradenitis Suppurativa,2.0
S-ruxolitinib,Histiocytosis,2.0
S-ruxolitinib,Hodgkin Disease,2.0
S-ruxolitinib,Hypereosinophilic Syndrome,2.0
S-ruxolitinib,Inflammatory Breast Neoplasms,2.0
S-ruxolitinib,Leukemia,2.0
S-ruxolitinib,"Leukemia, Biphenotypic, Acute",1.0
S-ruxolitinib,"Leukemia, Large Granular Lymphocytic",2.0
S-ruxolitinib,"Leukemia, Lymphocytic, Chronic, B-Cell",2.0
S-ruxolitinib,"Leukemia, Myelogenous, Chronic, BCR-ABL Positive",2.0
S-ruxolitinib,"Leukemia, Myeloid, Acute",2.0
S-ruxolitinib,Lichen Planus,2.0
S-ruxolitinib,Lichen Sclerosus et Atrophicus,2.0
S-ruxolitinib,Lung Neoplasms,1.0
S-ruxolitinib,"Lupus Erythematosus, Discoid",2.0
S-ruxolitinib,"Lymphohistiocytosis, Hemophagocytic",3.0
S-ruxolitinib,Lymphoma,2.0
S-ruxolitinib,"Lymphoma, Non-Hodgkin",1.0
S-ruxolitinib,Macrophage Activation Syndrome,3.0
S-ruxolitinib,Malignant Atrophic Papulosis,1.0
S-ruxolitinib,Multiple Myeloma,2.0
S-ruxolitinib,Myeloproliferative Disorders,3.0
S-ruxolitinib,Necrobiosis Lipoidica,2.0
S-ruxolitinib,Neoplasms,4.0
S-ruxolitinib,Neuromyelitis Optica,1.0
S-ruxolitinib,Pancreatic Neoplasms,3.0
S-ruxolitinib,Paraganglioma,1.0
S-ruxolitinib,Pneumonia,1.0
S-ruxolitinib,Polycythemia Vera,3.0
S-ruxolitinib,Precursor Cell Lymphoblastic Leukemia-Lymphoma,2.0
S-ruxolitinib,Primary Immunodeficiency Diseases,2.0
S-ruxolitinib,Primary Myelofibrosis,3.0
S-ruxolitinib,"Prostatic Neoplasms, Castration-Resistant",2.0
S-ruxolitinib,Prurigo,3.0
S-ruxolitinib,Psoriasis,2.0
S-ruxolitinib,Severe Acute Respiratory Syndrome,3.0
S-ruxolitinib,"Thrombocythemia, Essential",3.0
S-ruxolitinib,Uveal Melanoma,1.0
S-ruxolitinib,Vitiligo,3.0
S-ruxolitinib,beta-Thalassemia,2.0
SAR-245408,Breast Neoplasms,1.0
SAR-245408,"Carcinoma, Non-Small-Cell Lung",1.0
SAR-245408,Endometrial Neoplasms,2.0
SAR-245408,Glioblastoma,1.0
SAR-245408,Lymphoma,1.0
SAR-245408,Neoplasms,1.0
SAR-245409,Breast Neoplasms,1.0
SAR-245409,"Carcinoma, Non-Small-Cell Lung",1.0
SAR-245409,Colorectal Neoplasms,1.0
SAR-245409,Glioblastoma,1.0
SAR-245409,Glioma,1.0
SAR-245409,"Leukemia, Lymphocytic, Chronic, B-Cell",1.0
SAR-245409,Lymphoma,2.0
SAR-245409,"Lymphoma, Mantle-Cell",1.0
SAR-245409,"Lymphoma, Non-Hodgkin",1.0
SAR-245409,Melanoma,1.0
SAR-245409,Neoplasms,1.0
SAR-245409,Ovarian Neoplasms,2.0
SB-705498,Irritable Bowel Syndrome,2.0
SB-705498,Migraine Disorders,2.0
SB-705498,Rhinitis,2.0
SB-705498,Toothache,2.0
SB-743921,Hodgkin Disease,1.0
SB-743921,"Lymphoma, Non-Hodgkin",1.0
SB-743921,Neoplasms,1.0
SB-756050,"Diabetes Mellitus, Type 2",1.0
SB-939,"Leukemia, Myeloid, Acute",3.0
SB-939,Myelodysplastic Syndromes,2.0
SB-939,Myeloproliferative Disorders,2.0
SB-939,Neoplasms,1.0
SB-939,"Prostatic Neoplasms, Castration-Resistant",2.0
SB-939,Sarcoma,2.0
SC-12267,"Arthritis, Rheumatoid",2.0
SC-12267,"Cholangitis, Sclerosing",2.0
SC-12267,"Colitis, Ulcerative",2.0
SC-12267,Inflammatory Bowel Diseases,2.0
SC-12267,Multiple Sclerosis,3.0
SC-12267,"Multiple Sclerosis, Relapsing-Remitting",3.0
SC-12267,Severe Acute Respiratory Syndrome,2.0
SGI-1776,Leukemia,1.0
SGI-1776,"Lymphoma, Non-Hodgkin",1.0
SGI-1776,"Prostatic Neoplasms, Castration-Resistant",1.0
SGX523,Neoplasms,1.0
SN-38,Breast Neoplasms,2.0
SN-38,Colorectal Neoplasms,2.0
SN-38,Lung Neoplasms,2.0
SN-38,Neoplasms,1.0
SN-38,Small Cell Lung Carcinoma,2.0
STA-5326,Common Variable Immunodeficiency,1.0
STA-5326,Crohn Disease,2.0
STA-5326,Severe Acute Respiratory Syndrome,2.0
SU-014813,Breast Neoplasms,2.0
SU-014813,Neoplasms,1.0
TAK-285,Neoplasms,1.0
TAK-715,"Arthritis, Rheumatoid",2.0
TAK-733,Adenomatous Polyposis Coli,1.0
TAK-733,Melanoma,1.0
TAK-733,Neoplasms,2.0
TAK-875,Diabetes Mellitus,3.0
TAK-875,"Diabetes Mellitus, Type 2",3.0
TG-101348,Kidney Diseases,1.0
TG-101348,"Leukemia, Neutrophilic, Chronic",2.0
TG-101348,Liver Diseases,1.0
TG-101348,Myelodysplastic Syndromes,2.0
TG-101348,Myeloproliferative Disorders,2.0
TG-101348,Neoplasms,4.0
TG-101348,Primary Myelofibrosis,3.0
TH-302,Biliary Tract Neoplasms,2.0
TH-302,Esophageal Neoplasms,1.0
TH-302,Glioblastoma,2.0
TH-302,Melanoma,2.0
TH-302,Multiple Myeloma,1.0
TH-302,Neoplasms,1.0
TH-302,Pancreatic Neoplasms,1.0
TH-302,Sarcoma,2.0
TIC10,Breast Neoplasms,2.0
TIC10,Diffuse Intrinsic Pontine Glioma,1.0
TIC10,Endometrial Neoplasms,2.0
TIC10,Glioblastoma,2.0
TIC10,Gliosarcoma,1.0
TIC10,"Leukemia, Myeloid, Acute",1.0
TIC10,Meningioma,1.0
TIC10,Multiple Myeloma,1.0
TIC10,Myelodysplastic Syndromes,1.0
TIC10,Neoplasms,1.0
TIC10,Neuroendocrine Tumors,2.0
TIC10,Paraganglioma,3.0
TIC10,Precursor Cell Lymphoblastic Leukemia-Lymphoma,1.0
VE-822,"Carcinoma, Non-Small-Cell Lung",1.0
VE-822,"Carcinoma, Squamous Cell",1.0
VE-822,Colorectal Neoplasms,1.0
VE-822,Head and Neck Neoplasms,1.0
VE-822,Leiomyosarcoma,2.0
VE-822,Neoplasms,1.0
VE-822,Ovarian Neoplasms,2.0
VE-822,Pancreatic Neoplasms,1.0
VE-822,Prostatic Neoplasms,2.0
VE-822,Small Cell Lung Carcinoma,2.0
VE-822,Squamous Cell Carcinoma of Head and Neck,1.0
VE-822,Triple Negative Breast Neoplasms,1.0
VE-822,Uterine Cervical Neoplasms,1.0
VT-464,Breast Neoplasms,1.0
VT-464,"Breast Neoplasms, Male",1.0
VT-464,Neoplasms,2.0
VT-464,"Prostatic Neoplasms, Castration-Resistant",2.0
VX-222,Hepatitis C,1.0
VX-222,"Hepatitis C, Chronic",2.0
VX-661,Cystic Fibrosis,4.0
VX-745,Alzheimer Disease,2.0
VX-745,Cognitive Dysfunction,2.0
VX-745,Dementia,2.0
VX-745,Huntington Disease,2.0
VX-745,Lewy Body Disease,2.0
VX-765,"Epilepsies, Partial",2.0
VX-765,Epilepsy,2.0
VX-765,Psoriasis,2.0
VX-765,Severe Acute Respiratory Syndrome,2.0
XBD-173,Anxiety,2.0
XL-147,Breast Neoplasms,1.0
XL-147,"Carcinoma, Non-Small-Cell Lung",1.0
XL-147,Endometrial Neoplasms,2.0
XL-147,Glioblastoma,1.0
XL-147,Lymphoma,1.0
XL-147,Neoplasms,1.0
XL-888,Melanoma,1.0
XL-888,Neoplasms,1.0
XL-888,Skin Neoplasms,1.0
YM-155,Breast Neoplasms,2.0
YM-155,"Carcinoma, Non-Small-Cell Lung",2.0
YM-155,Lung Neoplasms,2.0
YM-155,"Lymphoma, Large B-Cell, Diffuse",2.0
YM-155,"Lymphoma, Non-Hodgkin",2.0
YM-155,Melanoma,2.0
YM-155,Neoplasms,1.0
YM-155,Prostatic Neoplasms,2.0
YM-155,"Prostatic Neoplasms, Castration-Resistant",2.0
Z160,"Neuralgia, Postherpetic",2.0
Z160,Radiculopathy,2.0
ZK-811752,Endometriosis,2.0
ZSTK-474,Neoplasms,1.0
abacavir,"Acidosis, Lactic",2.0
abacavir,Acquired Immunodeficiency Syndrome,3.0
abacavir,Glioma,1.0
abacavir,HIV Infections,3.0
abacavir,Hepatitis C,1.0
abacavir,Lipodystrophy,2.0
abacavir,"Sarcoma, Kaposi",2.0
abacavir,Tuberculosis,3.0
abacavir,Virus Diseases,3.0
abiraterone-acetate,"Adrenal Hyperplasia, Congenital",2.0
abiraterone-acetate,Breast Neoplasms,3.0
abiraterone-acetate,"Carcinoma, Non-Small-Cell Lung",1.0
abiraterone-acetate,Liver Diseases,1.0
abiraterone-acetate,Neoplasms,1.0
abiraterone-acetate,Prostatic Neoplasms,4.0
abiraterone-acetate,Renal Insufficiency,1.0
abiraterone-acetate,Salivary Gland Neoplasms,2.0
acarbose,Aging,2.0
acarbose,Atherosclerosis,3.0
acarbose,Coronary Disease,3.0
acarbose,Diabetes Mellitus,4.0
acarbose,"Diabetes Mellitus, Type 2",4.0
acarbose,"Diabetes, Gestational",3.0
acarbose,Hypercholesterolemia,3.0
acarbose,Hypertension,3.0
acarbose,"Hypotension, Orthostatic",1.0
acarbose,Kidney Neoplasms,2.0
acarbose,Metabolic Diseases,3.0
acarbose,Metabolic Syndrome,3.0
acarbose,Nesidioblastosis,1.0
acarbose,Non-alcoholic Fatty Liver Disease,2.0
acarbose,Obesity,1.0
acebutolol,Cardiovascular Diseases,4.0
acebutolol,Heart Diseases,2.0
acebutolol,Hemangioma,3.0
acebutolol,Hypertension,2.0
acebutolol,Vascular Diseases,2.0
acenocoumarol,Atrial Fibrillation,3.0
acenocoumarol,Melanoma,1.0
acenocoumarol,Pulmonary Embolism,3.0
acenocoumarol,Thrombosis,4.0
acetazolamide,Altitude Sickness,4.0
acetazolamide,Andersen Syndrome,1.0
acetazolamide,Apnea,3.0
acetazolamide,"Carcinoma, Hepatocellular",3.0
acetazolamide,Chronic Pain,2.0
acetazolamide,Cysticercosis,2.0
acetazolamide,"Diabetes Mellitus, Type 1",1.0
acetazolamide,Edema,4.0
acetazolamide,Epilepsy,4.0
acetazolamide,Glaucoma,4.0
acetazolamide,"Glaucoma, Angle-Closure",4.0
acetazolamide,Heart Failure,4.0
acetazolamide,Helicobacter Infections,2.0
acetazolamide,"Hydrocephalus, Normal Pressure",3.0
acetazolamide,"Hypertension, Pulmonary",2.0
acetazolamide,"Hypotension, Orthostatic",1.0
acetazolamide,Kidney Diseases,2.0
acetazolamide,Landau-Kleffner Syndrome,2.0
acetazolamide,Macular Edema,2.0
acetazolamide,Melanoma,1.0
acetazolamide,Multiple Sclerosis,2.0
acetazolamide,"Prostatic Neoplasms, Castration-Resistant",1.0
acetazolamide,Pseudotumor Cerebri,3.0
acetazolamide,Psychotic Disorders,1.0
acetazolamide,Retinoschisis,2.0
acetazolamide,Schizophrenia,1.0
acetazolamide,Seizures,4.0
acetazolamide,"Sleep Apnea, Obstructive",2.0
acetazolamide,Small Cell Lung Carcinoma,1.0
acetazolamide,Status Epilepticus,2.0
acetazolamide,Stroke,2.0
acetylcysteine,Acute Kidney Injury,3.0
acetylcysteine,Acute Lung Injury,2.0
acetylcysteine,Adrenoleukodystrophy,2.0
acetylcysteine,Aging,1.0
acetylcysteine,Alcohol Drinking,2.0
acetylcysteine,Alcoholism,2.0
acetylcysteine,Altitude Sickness,1.0
acetylcysteine,Alzheimer Disease,0.5
acetylcysteine,Amphetamine-Related Disorders,2.0
acetylcysteine,"Anemia, Sickle Cell",3.0
acetylcysteine,Anosmia,0.5
acetylcysteine,"Arrhythmias, Cardiac",2.0
acetylcysteine,Asperger Syndrome,2.0
acetylcysteine,Atrial Fibrillation,3.0
acetylcysteine,Autistic Disorder,2.0
acetylcysteine,Bacteremia,2.0
acetylcysteine,Biliary Atresia,2.0
acetylcysteine,Bipolar Disorder,2.0
acetylcysteine,Brain Injuries,2.0
acetylcysteine,Breast Neoplasms,1.0
acetylcysteine,"Bronchitis, Chronic",2.0
acetylcysteine,Bulimia Nervosa,3.0
acetylcysteine,"Cardiomyopathy, Hypertrophic",1.0
acetylcysteine,Chemical and Drug Induced Liver Injury,4.0
acetylcysteine,"Child Development Disorders, Pervasive",2.0
acetylcysteine,Cocaine-Related Disorders,2.0
acetylcysteine,Cognitive Dysfunction,2.0
acetylcysteine,Common Cold,3.0
acetylcysteine,Coronary Disease,3.0
acetylcysteine,Cystic Fibrosis,4.0
acetylcysteine,Cystinosis,1.0
acetylcysteine,De Lange Syndrome,2.0
acetylcysteine,Depressive Disorder,0.5
acetylcysteine,"Depressive Disorder, Major",0.5
acetylcysteine,"Diabetes Mellitus, Type 2",0.5
acetylcysteine,Diabetic Foot,3.0
acetylcysteine,Dry Eye Syndromes,2.0
acetylcysteine,Epilepsy,2.0
acetylcysteine,Eye Diseases,4.0
acetylcysteine,Fibromyalgia,1.0
acetylcysteine,Fuchs' Endothelial Dystrophy,2.0
acetylcysteine,Gambling,1.0
acetylcysteine,Gaucher Disease,2.0
acetylcysteine,Graft vs Host Disease,3.0
acetylcysteine,HIV Infections,1.0
acetylcysteine,Hearing Loss,2.0
acetylcysteine,"Hearing Loss, Noise-Induced",1.0
acetylcysteine,Hematologic Diseases,3.0
acetylcysteine,Hepatic Veno-Occlusive Disease,2.0
acetylcysteine,"Hepatitis, Alcoholic",3.0
acetylcysteine,Homocystinuria,2.0
acetylcysteine,Huntington Disease,2.0
acetylcysteine,Idiopathic Pulmonary Fibrosis,3.0
acetylcysteine,Infertility,3.0
acetylcysteine,"Infertility, Female",3.0
acetylcysteine,"Influenza, Human",3.0
acetylcysteine,Irritable Bowel Syndrome,1.0
acetylcysteine,Ischemic Stroke,2.0
acetylcysteine,Jaundice,3.0
acetylcysteine,Kidney Diseases,2.0
acetylcysteine,"Kidney Failure, Chronic",3.0
acetylcysteine,Leiomyoma,2.0
acetylcysteine,"Leukemia, Myeloid, Acute",2.0
acetylcysteine,"Liver Failure, Acute",3.0
acetylcysteine,"Lupus Erythematosus, Systemic",2.0
acetylcysteine,Lymphoma,1.0
acetylcysteine,Macular Degeneration,3.0
acetylcysteine,Marijuana Abuse,3.0
acetylcysteine,Melanoma,2.0
acetylcysteine,Mental Disorders,2.0
acetylcysteine,Mitochondrial Diseases,1.0
acetylcysteine,Mucositis,3.0
acetylcysteine,Multiple Sclerosis,2.0
acetylcysteine,"Multiple Sclerosis, Chronic Progressive",2.0
acetylcysteine,Muscular Diseases,2.0
acetylcysteine,Myocardial Infarction,3.0
acetylcysteine,Neuralgia,2.0
acetylcysteine,Neurofibromatosis 1,2.0
acetylcysteine,Neuromuscular Diseases,1.0
acetylcysteine,"Niemann-Pick Disease, Type C",1.0
acetylcysteine,Non-alcoholic Fatty Liver Disease,0.5
acetylcysteine,Obsessive-Compulsive Disorder,2.0
acetylcysteine,Pancreatitis,1.0
acetylcysteine,Parkinson Disease,2.0
acetylcysteine,Persian Gulf Syndrome,0.5
acetylcysteine,Polycystic Ovary Syndrome,2.0
acetylcysteine,Polycythemia Vera,1.0
acetylcysteine,Premature Birth,2.0
acetylcysteine,Primary Myelofibrosis,1.0
acetylcysteine,Pseudomyxoma Peritonei,1.0
acetylcysteine,Psoriasis,3.0
acetylcysteine,Psychotic Disorders,3.0
acetylcysteine,"Pulmonary Disease, Chronic Obstructive",3.0
acetylcysteine,Pulmonary Fibrosis,3.0
acetylcysteine,"Purpura, Thrombocytopenic, Idiopathic",2.0
acetylcysteine,"Purpura, Thrombotic Thrombocytopenic",0.5
acetylcysteine,Pyelonephritis,2.0
acetylcysteine,Renal Insufficiency,1.0
acetylcysteine,"Renal Insufficiency, Chronic",3.0
acetylcysteine,Reperfusion Injury,3.0
acetylcysteine,Respiratory Distress Syndrome,0.5
acetylcysteine,Respiratory Tract Diseases,3.0
acetylcysteine,Respiratory Tract Infections,1.0
acetylcysteine,Retinitis Pigmentosa,3.0
acetylcysteine,Rhabdomyolysis,2.0
acetylcysteine,ST Elevation Myocardial Infarction,2.0
acetylcysteine,Schizophrenia,3.0
acetylcysteine,"Scleroderma, Diffuse",2.0
acetylcysteine,Severe Acute Respiratory Syndrome,3.0
acetylcysteine,Sinusitis,3.0
acetylcysteine,Stomatitis,2.0
acetylcysteine,"Stress Disorders, Post-Traumatic",2.0
acetylcysteine,Stroke,2.0
acetylcysteine,Substance-Related Disorders,1.0
acetylcysteine,"Thrombocythemia, Essential",1.0
acetylcysteine,Thrombocytopenia,2.0
acetylcysteine,Thrombosis,3.0
acetylcysteine,Tobacco Use Disorder,2.0
acetylcysteine,Tourette Syndrome,2.0
acetylcysteine,Transposition of Great Vessels,2.0
acetylcysteine,Trichotillomania,2.0
acetylcysteine,Tuberculosis,2.0
acetylcysteine,Wounds and Injuries,4.0
acetylcysteine,beta-Thalassemia,1.0
acipimox,Bulimia Nervosa,2.0
acipimox,Cardiovascular Diseases,4.0
acipimox,"Diabetes Mellitus, Type 1",3.0
acipimox,"Diabetes Mellitus, Type 2",2.0
acipimox,Feeding and Eating Disorders,2.0
acipimox,Heart Failure,2.0
acipimox,Metabolic Syndrome,2.0
aclidinium,"Pulmonary Disease, Chronic Obstructive",2.0
acrivastine,Hypersensitivity,4.0
acyclovir,Chickenpox,4.0
acyclovir,Cytomegalovirus Infections,3.0
acyclovir,Eye Infections,4.0
acyclovir,HIV Infections,3.0
acyclovir,Herpes Genitalis,4.0
acyclovir,Herpes Labialis,4.0
acyclovir,Herpes Simplex,4.0
acyclovir,Herpes Zoster,4.0
acyclovir,Virus Diseases,4.0
adalimumab,Arthritis,4.0
adalimumab,"Arthritis, Juvenile",4.0
adalimumab,"Arthritis, Psoriatic",4.0
adalimumab,"Arthritis, Rheumatoid",4.0
adalimumab,Asthma,2.0
adalimumab,Behcet Syndrome,3.0
adalimumab,Bursitis,2.0
adalimumab,Choroidal Neovascularization,2.0
adalimumab,Colitis,2.0
adalimumab,"Colitis, Ulcerative",4.0
adalimumab,Crohn Disease,4.0
adalimumab,"Cystitis, Interstitial",3.0
adalimumab,Dupuytren Contracture,2.0
adalimumab,Giant Cell Arteritis,3.0
adalimumab,"Glomerulosclerosis, Focal Segmental",2.0
adalimumab,Hidradenitis Suppurativa,4.0
adalimumab,Immune System Diseases,4.0
adalimumab,Inflammation,2.0
adalimumab,Inflammatory Bowel Diseases,3.0
adalimumab,Macular Degeneration,2.0
adalimumab,Mucopolysaccharidosis II,1.0
adalimumab,Mucopolysaccharidosis VI,1.0
adalimumab,Netherton Syndrome,2.0
adalimumab,Osteoarthritis,3.0
adalimumab,"Osteoarthritis, Knee",2.0
adalimumab,Prostatic Hyperplasia,2.0
adalimumab,Psoriasis,4.0
adalimumab,Pyoderma,3.0
adalimumab,Sarcoidosis,2.0
adalimumab,Sciatica,2.0
adalimumab,Severe Acute Respiratory Syndrome,3.0
adalimumab,Spondylarthropathies,3.0
adalimumab,"Spondylitis, Ankylosing",4.0
adalimumab,Thyroid Neoplasms,1.0
adalimumab,Uveitis,4.0
adapalene,Acne Vulgaris,4.0
adapalene,Molluscum Contagiosum,3.0
adapalene,Skin Diseases,1.0
adenosine,"Angina, Stable",3.0
adenosine,Atrial Fibrillation,3.0
adenosine,Cardiomyopathies,2.0
adenosine,Cardiovascular Diseases,4.0
adenosine,Coronary Disease,2.0
adenosine,Coronary Stenosis,3.0
adenosine,Inflammation,1.0
adenosine,Ischemia,1.0
adenosine,Leukemia,1.0
adenosine,"Leukemia, Lymphocytic, Chronic, B-Cell",1.0
adenosine,Myocardial Infarction,3.0
adenosine,Myocardial Ischemia,3.0
adenosine,Neoplasms,3.0
adenosine,Pain,2.0
adenosine,Respiratory Distress Syndrome,2.0
adenosine,ST Elevation Myocardial Infarction,2.0
adenosine,"Tachycardia, Paroxysmal",4.0
adenosine,"Tachycardia, Ventricular",3.0
adenosine,Takotsubo Cardiomyopathy,2.0
adenosine,Wolff-Parkinson-White Syndrome,4.0
afatinib,Brain Neoplasms,1.0
afatinib,Breast Neoplasms,3.0
afatinib,"Carcinoma, Non-Small-Cell Lung",3.0
afatinib,"Carcinoma, Squamous Cell",3.0
afatinib,Cholangiocarcinoma,1.0
afatinib,Chordoma,2.0
afatinib,Colorectal Neoplasms,2.0
afatinib,Endometriosis,1.0
afatinib,Esophageal Neoplasms,2.0
afatinib,Gallbladder Neoplasms,2.0
afatinib,Glioblastoma,1.0
afatinib,Head and Neck Neoplasms,3.0
afatinib,Liver Diseases,1.0
afatinib,Lung Neoplasms,2.0
afatinib,Multiple Myeloma,2.0
afatinib,Neoplasm Metastasis,1.0
afatinib,Neoplasms,3.0
afatinib,Pancreatic Neoplasms,1.0
afatinib,Paraganglioma,2.0
afatinib,Prostatic Neoplasms,2.0
afatinib,Renal Insufficiency,1.0
afatinib,Small Cell Lung Carcinoma,2.0
afatinib,Stomach Neoplasms,1.0
afatinib,Urogenital Neoplasms,2.0
afatinib,Uterine Neoplasms,2.0
agomelatine,Anxiety,3.0
agomelatine,Dementia,3.0
agomelatine,Depressive Disorder,4.0
agomelatine,"Depressive Disorder, Major",4.0
agomelatine,Obsessive-Compulsive Disorder,2.0
agomelatine,Schizophrenia,3.0
alagebrium,"Heart Failure, Diastolic",2.0
alaproclate,Depressive Disorder,2.0
albendazole,Ectoparasitic Infestations,3.0
albendazole,"Elephantiasis, Filarial",3.0
albendazole,Filariasis,3.0
albendazole,HIV Infections,3.0
albendazole,Helminthiasis,4.0
albendazole,Hookworm Infections,2.0
albendazole,Infections,4.0
albendazole,Intestinal Diseases,1.0
albendazole,Malaria,3.0
albendazole,Malnutrition,3.0
albendazole,Neurocysticercosis,4.0
albendazole,Onchocerciasis,3.0
albendazole,"Onchocerciasis, Ocular",2.0
albendazole,Severe Acute Respiratory Syndrome,2.0
albendazole,Strongyloidiasis,3.0
albendazole,Toxocariasis,3.0
albendazole,Trichuriasis,2.0
alectinib,Brain Neoplasms,2.0
alectinib,Bronchial Neoplasms,2.0
alectinib,"Carcinoma, Hepatocellular",1.0
alectinib,"Carcinoma, Non-Small-Cell Lung",3.0
alectinib,Cholangiocarcinoma,2.0
alectinib,Colorectal Neoplasms,2.0
alectinib,Digestive System Neoplasms,2.0
alectinib,Glioblastoma,1.0
alectinib,Glioma,1.0
alectinib,Head and Neck Neoplasms,2.0
alectinib,Hematologic Neoplasms,2.0
alectinib,Intestinal Neoplasms,2.0
alectinib,Liver Diseases,1.0
alectinib,Lung Neoplasms,2.0
alectinib,"Lymphoma, Large-Cell, Anaplastic",2.0
alectinib,Melanoma,2.0
alectinib,Neoplasms,4.0
alectinib,Neuroendocrine Tumors,2.0
alectinib,Ovarian Neoplasms,2.0
alectinib,Pancreatic Neoplasms,2.0
alectinib,Respiratory Tract Diseases,2.0
alectinib,Respiratory Tract Neoplasms,2.0
alectinib,Salivary Gland Neoplasms,2.0
alectinib,Sarcoma,2.0
alectinib,Thyroid Neoplasms,2.0
alisertib,Breast Neoplasms,2.0
alisertib,Burkitt Lymphoma,1.0
alisertib,"Carcinoma, Non-Small-Cell Lung",1.0
alisertib,"Carcinoma, Squamous Cell",1.0
alisertib,Digestive System Neoplasms,1.0
alisertib,Fallopian Tube Neoplasms,2.0
alisertib,Head and Neck Neoplasms,1.0
alisertib,"Leukemia, Myeloid, Acute",2.0
alisertib,Lymphoma,1.0
alisertib,"Lymphoma, Follicular",1.0
alisertib,"Lymphoma, Large B-Cell, Diffuse",1.0
alisertib,"Lymphoma, Mantle-Cell",1.0
alisertib,"Lymphoma, T-Cell, Peripheral",3.0
alisertib,Multiple Myeloma,1.0
alisertib,Myelodysplastic Syndromes,2.0
alisertib,Neoplasms,1.0
alisertib,Neuroblastoma,1.0
alisertib,Ovarian Neoplasms,2.0
alisertib,Peritoneal Neoplasms,2.0
alisertib,Prostatic Neoplasms,2.0
alisertib,Small Cell Lung Carcinoma,2.0
alisertib,Urinary Bladder Neoplasms,2.0
aliskiren,Acute Coronary Syndrome,2.0
aliskiren,Atherosclerosis,2.0
aliskiren,Atrial Fibrillation,3.0
aliskiren,Cardiovascular Diseases,4.0
aliskiren,Coronary Artery Disease,3.0
aliskiren,Diabetes Mellitus,3.0
aliskiren,"Diabetes Mellitus, Type 2",1.0
aliskiren,Diabetic Nephropathies,2.0
aliskiren,Essential Hypertension,3.0
aliskiren,"Glomerulonephritis, IGA",3.0
aliskiren,Heart Failure,3.0
aliskiren,Hypertension,3.0
aliskiren,"Hypertrophy, Left Ventricular",3.0
aliskiren,Kidney Diseases,2.0
aliskiren,Marfan Syndrome,3.0
aliskiren,Myocardial Infarction,3.0
aliskiren,"Renal Insufficiency, Chronic",1.0
alizapride,Digestive System Diseases,3.0
allopurinol,"Angina, Stable",2.0
allopurinol,Bipolar Disorder,3.0
allopurinol,Brain Diseases,3.0
allopurinol,Cardiovascular Diseases,3.0
allopurinol,"Colitis, Ulcerative",3.0
allopurinol,Diabetes Mellitus,2.0
allopurinol,"Diabetes Mellitus, Type 2",3.0
allopurinol,Essential Hypertension,2.0
allopurinol,Fallopian Tube Neoplasms,2.0
allopurinol,Gout,4.0
allopurinol,Hand-Foot Syndrome,2.0
allopurinol,Heart Diseases,3.0
allopurinol,Heart Failure,2.0
allopurinol,"Hernias, Diaphragmatic, Congenital",3.0
allopurinol,Hypertension,3.0
allopurinol,Hyperuricemia,3.0
allopurinol,Inflammatory Bowel Diseases,1.0
allopurinol,Kidney Calculi,2.0
allopurinol,Leishmaniasis,2.0
allopurinol,Leukemia,4.0
allopurinol,"Leukemia, Biphenotypic, Acute",1.0
allopurinol,"Leukemia, Lymphocytic, Chronic, B-Cell",2.0
allopurinol,"Leukemia, Myeloid, Acute",2.0
allopurinol,Liver Cirrhosis,2.0
allopurinol,Lymphoma,4.0
allopurinol,"Lymphoma, Non-Hodgkin",3.0
allopurinol,Metabolic Syndrome,2.0
allopurinol,Multiple Myeloma,2.0
allopurinol,Myelodysplastic Syndromes,2.0
allopurinol,Myeloproliferative Disorders,2.0
allopurinol,Neoplasms,4.0
allopurinol,"Neoplasms, Plasma Cell",1.0
allopurinol,Obesity,3.0
allopurinol,Osteoarthritis,1.0
allopurinol,Ovarian Neoplasms,2.0
allopurinol,Peritoneal Neoplasms,2.0
allopurinol,Precursor Cell Lymphoblastic Leukemia-Lymphoma,3.0
allopurinol,"Renal Insufficiency, Chronic",2.0
allopurinol,Response Evaluation Criteria in Solid Tumors,4.0
allopurinol,Small Cell Lung Carcinoma,1.0
allopurinol,Sprains and Strains,3.0
allopurinol,Tuberculosis,1.0
allopurinol,Tumor Lysis Syndrome,3.0
allopurinol,Wounds and Injuries,3.0
almitrine,Respiratory Insufficiency,3.0
almitrine,Respiratory Tract Diseases,4.0
almitrine,Severe Acute Respiratory Syndrome,3.0
almorexant,Sleep Initiation and Maintenance Disorders,3.0
alpelisib,Breast Neoplasms,4.0
alpelisib,"Carcinoma, Squamous Cell",2.0
alpelisib,Colorectal Neoplasms,2.0
alpelisib,Endometrial Neoplasms,2.0
alpelisib,Esophageal Neoplasms,1.0
alpelisib,Gastrointestinal Stromal Tumors,1.0
alpelisib,Head and Neck Neoplasms,2.0
alpelisib,Liver Diseases,1.0
alpelisib,Lymphedema,2.0
alpelisib,Meningioma,1.0
alpelisib,Multiple Myeloma,1.0
alpelisib,Neoplasms,4.0
alpelisib,Oropharyngeal Neoplasms,1.0
alpelisib,Ovarian Neoplasms,2.0
alpelisib,Pancreatic Neoplasms,1.0
alpelisib,Rectal Neoplasms,1.0
alpelisib,Squamous Cell Carcinoma of Head and Neck,2.0
alpelisib,Stomach Neoplasms,1.0
alpelisib,Triple Negative Breast Neoplasms,2.0
alpelisib,Uveal Melanoma,1.0
alprostadil,Acute Kidney Injury,2.0
alprostadil,Arteriosclerosis Obliterans,2.0
alprostadil,Cardiovascular Diseases,4.0
alprostadil,"Ductus Arteriosus, Patent",4.0
alprostadil,Erectile Dysfunction,4.0
alprostadil,Heart Failure,3.0
alprostadil,Macular Degeneration,3.0
alprostadil,"Optic Neuropathy, Ischemic",2.0
alprostadil,Peripheral Arterial Disease,2.0
alprostadil,Peripheral Vascular Diseases,2.0
alprostadil,"Prostatic Neoplasms, Castration-Resistant",3.0
alprostadil,Respiratory Distress Syndrome,2.0
alprostadil,Severe Acute Respiratory Syndrome,2.0
alprostadil,"Sexual Dysfunction, Physiological",2.0
altretamine,Lymphoma,1.0
altretamine,Neoplasms,4.0
altretamine,Sarcoma,1.0
alvespimycin,Breast Neoplasms,2.0
alvimopan,Constipation,4.0
alvimopan,Fallopian Tube Neoplasms,3.0
alvimopan,Ileus,3.0
alvimopan,Ovarian Neoplasms,3.0
alvimopan,Peritoneal Neoplasms,3.0
alvimopan,Urinary Bladder Neoplasms,3.0
alvocidib,Breast Neoplasms,1.0
alvocidib,"Breast Neoplasms, Male",1.0
alvocidib,Endometrial Neoplasms,2.0
alvocidib,Esophageal Neoplasms,2.0
alvocidib,Hematologic Neoplasms,1.0
alvocidib,Kidney Neoplasms,2.0
alvocidib,Leukemia,1.0
alvocidib,"Leukemia, Lymphocytic, Chronic, B-Cell",2.0
alvocidib,"Leukemia, Lymphoid",1.0
alvocidib,"Leukemia, Myeloid, Acute",2.0
alvocidib,"Leukemia, Prolymphocytic",2.0
alvocidib,Liver Neoplasms,2.0
alvocidib,Lymphoma,2.0
alvocidib,Melanoma,2.0
alvocidib,Multiple Myeloma,2.0
alvocidib,Neoplasms,1.0
alvocidib,Pancreatic Neoplasms,2.0
alvocidib,"Prostatic Neoplasms, Castration-Resistant",2.0
alvocidib,Sarcoma,2.0
amantadine,Attention Deficit Disorder with Hyperactivity,2.0
amantadine,Brain Injuries,3.0
amantadine,Cerebral Infarction,2.0
amantadine,Cocaine-Related Disorders,2.0
amantadine,"Diabetes Mellitus, Type 2",2.0
amantadine,Hepatitis C,2.0
amantadine,"Hepatitis C, Chronic",3.0
amantadine,Infections,2.0
amantadine,"Influenza, Human",2.0
amantadine,Mental Disorders,1.0
amantadine,Mood Disorders,1.0
amantadine,Multiple Sclerosis,3.0
amantadine,Pain,2.0
amantadine,Parkinson Disease,4.0
amantadine,Psychotic Disorders,3.0
amantadine,Schizophrenia,3.0
amantadine,Severe Acute Respiratory Syndrome,3.0
amantadine,Stroke,2.0
ambrisentan,Altitude Sickness,2.0
ambrisentan,"Anemia, Sickle Cell",1.0
ambrisentan,Asthma,2.0
ambrisentan,Familial Primary Pulmonary Hypertension,4.0
ambrisentan,Hypertension,4.0
ambrisentan,"Hypertension, Pulmonary",4.0
ambrisentan,Hypoplastic Left Heart Syndrome,2.0
ambrisentan,Idiopathic Pulmonary Fibrosis,3.0
ambrisentan,Pulmonary Arterial Hypertension,4.0
ambrisentan,Severe Acute Respiratory Syndrome,2.0
ambrisentan,Vascular Diseases,3.0
ambroxol,Amyotrophic Lateral Sclerosis,2.0
ambroxol,Cough,2.0
ambroxol,Dementia,2.0
ambroxol,Gaucher Disease,2.0
ambroxol,Lewy Body Disease,1.0
ambroxol,Parkinson Disease,3.0
ambroxol,Pharyngitis,3.0
ambroxol,Respiratory Tract Diseases,3.0
amfepramone,Obesity,4.0
amikacin,Bacterial Infections,4.0
amikacin,Cystic Fibrosis,3.0
amikacin,Eye Infections,4.0
amikacin,Lung Diseases,2.0
amikacin,Mycobacterium Infections,3.0
amikacin,Osteomyelitis,0.5
amikacin,Pneumonia,2.0
amikacin,"Pneumonia, Bacterial",3.0
amikacin,"Pneumonia, Ventilator-Associated",3.0
amikacin,"Pulmonary Disease, Chronic Obstructive",0.5
amikacin,Tuberculosis,2.0
amikacin,Urinary Tract Infections,0.5
amiloride,Attention Deficit Disorder with Hyperactivity,0.5
amiloride,Cardiovascular Diseases,4.0
amiloride,Coronary Disease,2.0
amiloride,Cystic Fibrosis,1.0
amiloride,Demyelinating Diseases,2.0
amiloride,"Hyperparathyroidism, Primary",2.0
amiloride,Hypertension,3.0
amiloride,Migraine with Aura,2.0
amiloride,"Multiple Sclerosis, Chronic Progressive",2.0
amiloride,Optic Neuritis,2.0
amineptine,Depressive Disorder,4.0
aminocaproic-acid,Aortic Diseases,0.5
aminocaproic-acid,Craniosynostoses,1.0
aminocaproic-acid,Hemorrhage,4.0
aminocaproic-acid,Inflammation,2.0
aminocaproic-acid,Rosacea,0.5
aminoglutethimide,Breast Neoplasms,3.0
aminoglutethimide,Neoplasms,4.0
aminoglutethimide,"Prostatic Neoplasms, Castration-Resistant",2.0
aminoguanidine,Diabetic Retinopathy,1.0
aminoguanidine,Endotoxemia,1.0
aminosalicylic-acid,"Colitis, Ulcerative",2.0
aminosalicylic-acid,Crohn Disease,2.0
aminosalicylic-acid,Osteomyelitis,0.5
aminosalicylic-acid,Tuberculosis,4.0
aminosalicylic-acid,"Tuberculosis, Pulmonary",3.0
amiodarone,"Amyloidosis, Familial",2.0
amiodarone,"Arrhythmias, Cardiac",4.0
amiodarone,Atrial Fibrillation,3.0
amiodarone,Atrial Flutter,3.0
amiodarone,Cardiomyopathies,3.0
amiodarone,Coronary Disease,0.5
amiodarone,"Death, Sudden, Cardiac",3.0
amiodarone,Heart Arrest,3.0
amiodarone,Heart Diseases,3.0
amiodarone,Heart Failure,3.0
amiodarone,"Hemorrhagic Fever, Ebola",2.0
amiodarone,Myocardial Infarction,3.0
amiodarone,Severe Acute Respiratory Syndrome,2.0
amiodarone,"Tachycardia, Supraventricular",2.0
amiodarone,"Tachycardia, Ventricular",3.0
amiodarone,Ventricular Fibrillation,3.0
amitriptyline,Anxiety,3.0
amitriptyline,Biliary Dyskinesia,2.0
amitriptyline,Bursitis,2.0
amitriptyline,"Cystitis, Interstitial",3.0
amitriptyline,Dementia,3.0
amitriptyline,Depressive Disorder,4.0
amitriptyline,"Depressive Disorder, Major",3.0
amitriptyline,Diabetes Mellitus,2.0
amitriptyline,Digestive System Diseases,2.0
amitriptyline,Fibromyalgia,3.0
amitriptyline,Headache,3.0
amitriptyline,Inflammatory Bowel Diseases,2.0
amitriptyline,Intervertebral Disc Displacement,2.0
amitriptyline,"Lung Diseases, Interstitial",2.0
amitriptyline,Migraine Disorders,3.0
amitriptyline,Neuralgia,3.0
amitriptyline,"Paget Disease, Extramammary",2.0
amitriptyline,Pain,3.0
amitriptyline,Peripheral Nervous System Diseases,2.0
amitriptyline,Rosacea,2.0
amitriptyline,Schizophrenia,3.0
amitriptyline,Sleep Initiation and Maintenance Disorders,3.0
amlexanox,"Lung Diseases, Obstructive",4.0
amlexanox,Stomatitis,2.0
amlodipine,"Aortic Aneurysm, Abdominal",2.0
amlodipine,Aortic Valve Insufficiency,2.0
amlodipine,Atherosclerosis,3.0
amlodipine,Breast Neoplasms,1.0
amlodipine,"Cardiomyopathy, Hypertrophic",2.0
amlodipine,Cardiovascular Diseases,4.0
amlodipine,Coronary Disease,3.0
amlodipine,Depressive Disorder,3.0
amlodipine,Diabetes Mellitus,3.0
amlodipine,"Diabetes Mellitus, Type 2",3.0
amlodipine,Dystonic Disorders,2.0
amlodipine,Erectile Dysfunction,1.0
amlodipine,Essential Hypertension,3.0
amlodipine,HIV Infections,1.0
amlodipine,Heart Diseases,2.0
amlodipine,Heart Failure,3.0
amlodipine,Hyperaldosteronism,2.0
amlodipine,Hypercholesterolemia,3.0
amlodipine,Hyperlipidemias,1.0
amlodipine,Hypertension,3.0
amlodipine,Kidney Diseases,1.0
amlodipine,Liver Diseases,2.0
amlodipine,Myocardial Infarction,3.0
amlodipine,Myocardial Ischemia,3.0
amlodipine,Neoplasms,1.0
amlodipine,Pancreatitis,1.0
amlodipine,Raynaud Disease,2.0
amlodipine,Thalassemia,2.0
amlodipine,Vascular Diseases,2.0
amlodipine,beta-Thalassemia,2.0
amodiaquine,Fever,3.0
amodiaquine,Malaria,4.0
amodiaquine,"Malaria, Falciparum",3.0
amodiaquine,"Malaria, Vivax",3.0
amodiaquine,Pregnancy,3.0
amodiaquine,Severe Acute Respiratory Syndrome,2.0
amonafide,Breast Neoplasms,2.0
amonafide,"Leukemia, Myeloid, Acute",2.0
amonafide,"Prostatic Neoplasms, Castration-Resistant",1.0
amoxapine,Depressive Disorder,4.0
ampalex,Cognitive Dysfunction,2.0
ampalex,Schizophrenia,2.0
amrinone,Cardiovascular Diseases,4.0
amsacrine,Leukemia,3.0
amsacrine,"Leukemia, Myeloid, Acute",3.0
amsacrine,Myelodysplastic Syndromes,3.0
amsacrine,Neoplasms,4.0
amuvatinib,Neoplasms,1.0
amuvatinib,Small Cell Lung Carcinoma,2.0
anacetrapib,Atherosclerosis,3.0
anacetrapib,Coronary Disease,3.0
anacetrapib,Hypercholesterolemia,3.0
anacetrapib,Hyperlipidemias,2.0
anacetrapib,Hyperlipoproteinemia Type II,3.0
anacetrapib,Lipid Metabolism Disorders,3.0
anagrelide,Myeloproliferative Disorders,2.0
anagrelide,Neoplasms,4.0
anagrelide,Polycythemia Vera,3.0
anagrelide,"Thrombocythemia, Essential",3.0
anamorelin,Cachexia,2.0
anamorelin,"Carcinoma, Non-Small-Cell Lung",2.0
anastrozole,Aging,1.0
anastrozole,Anovulation,2.0
anastrozole,Breast Diseases,1.0
anastrozole,Breast Neoplasms,4.0
anastrozole,"Breast Neoplasms, Male",2.0
anastrozole,Carcinoma,2.0
anastrozole,"Carcinoma, Intraductal, Noninfiltrating",3.0
anastrozole,"Carcinoma, Lobular",3.0
anastrozole,Endometrial Neoplasms,1.0
anastrozole,Endometriosis,2.0
anastrozole,"Fibrous Dysplasia, Polyostotic",2.0
anastrozole,Gynecomastia,3.0
anastrozole,Hypertension,0.5
anastrozole,"Hypertension, Pulmonary",2.0
anastrozole,Hypogonadism,2.0
anastrozole,Hypopituitarism,2.0
anastrozole,Kallmann Syndrome,1.0
anastrozole,Klinefelter Syndrome,3.0
anastrozole,Metabolic Syndrome,2.0
anastrozole,Neoplasms,4.0
anastrozole,Ovarian Neoplasms,3.0
anastrozole,"Puberty, Precocious",2.0
anastrozole,Triple Negative Breast Neoplasms,2.0
andrographolide,"Colitis, Ulcerative",3.0
andrographolide,Colorectal Neoplasms,2.0
andrographolide,Crohn Disease,2.0
andrographolide,"Multiple Sclerosis, Chronic Progressive",1.0
anecortave-acetate,Diabetic Retinopathy,1.0
anecortave-acetate,Eye Diseases,2.0
anecortave-acetate,"Glaucoma, Open-Angle",2.0
anecortave-acetate,Macular Degeneration,3.0
anecortave-acetate,Retinal Neovascularization,3.0
anecortave-acetate,Retinal Telangiectasis,2.0
anecortave-acetate,Retinal Vein Occlusion,2.0
anecortave-acetate,Telangiectasis,2.0
anidulafungin,Aspergillosis,3.0
anidulafungin,Candidemia,4.0
anidulafungin,Candidiasis,4.0
anidulafungin,"Candidiasis, Invasive",3.0
anidulafungin,Leukemia,2.0
anidulafungin,"Leukemia, Myeloid, Acute",2.0
anidulafungin,Mycoses,1.0
anidulafungin,Myelodysplastic Syndromes,2.0
anidulafungin,Neoplasms,2.0
anidulafungin,Neuroaspergillosis,3.0
anidulafungin,Neutropenia,1.0
anidulafungin,Peritonitis,4.0
aniracetam,Attention Deficit Disorder with Hyperactivity,2.0
anisodamine,Intestinal Diseases,3.0
anisodamine,Postoperative Nausea and Vomiting,1.0
anisodamine,"Shock, Septic",1.0
apabetalone,Coronary Disease,3.0
apabetalone,Diabetes Mellitus,2.0
apabetalone,Fabry Disease,1.0
apabetalone,"Hypertension, Pulmonary",2.0
apabetalone,"Kidney Failure, Chronic",1.0
apabetalone,Severe Acute Respiratory Syndrome,2.0
apixaban,Acute Coronary Syndrome,3.0
apixaban,"Anemia, Sickle Cell",3.0
apixaban,Aortic Valve Stenosis,3.0
apixaban,Arthroplasty,4.0
apixaban,Atrial Fibrillation,4.0
apixaban,Atrial Flutter,3.0
apixaban,Blood Coagulation Disorders,1.0
apixaban,Embolism,4.0
apixaban,"Foramen Ovale, Patent",2.0
apixaban,Heart Failure,2.0
apixaban,Hematoma,3.0
apixaban,Hemorrhage,2.0
apixaban,Ischemia,3.0
apixaban,Ischemic Stroke,1.0
apixaban,Liver Cirrhosis,2.0
apixaban,Neoplasms,3.0
apixaban,Nephrotic Syndrome,1.0
apixaban,Precursor Cell Lymphoblastic Leukemia-Lymphoma,3.0
apixaban,Pulmonary Embolism,4.0
apixaban,Renal Insufficiency,3.0
apixaban,"Renal Insufficiency, Chronic",2.0
apixaban,Severe Acute Respiratory Syndrome,3.0
apixaban,Stroke,4.0
apixaban,Thromboembolism,1.0
apixaban,Thrombosis,4.0
apixaban,Venous Thromboembolism,4.0
apixaban,Venous Thrombosis,4.0
apocynin,Asthma,1.0
apocynin,Cardiovascular Diseases,1.0
apocynin,"Pulmonary Disease, Chronic Obstructive",1.0
apremilast,Acne Vulgaris,2.0
apremilast,Alcoholism,2.0
apremilast,"Arthritis, Psoriatic",4.0
apremilast,"Arthritis, Rheumatoid",2.0
apremilast,Behcet Syndrome,4.0
apremilast,"Colitis, Ulcerative",2.0
apremilast,Dermatitis,2.0
apremilast,"Dermatitis, Allergic Contact",2.0
apremilast,"Dermatitis, Atopic",2.0
apremilast,Dermatomyositis,2.0
apremilast,Eczema,2.0
apremilast,Erythema Multiforme,2.0
apremilast,Gout,2.0
apremilast,Hidradenitis Suppurativa,2.0
apremilast,Immune System Diseases,4.0
apremilast,"Influenza, Human",3.0
apremilast,Lichen Planus,2.0
apremilast,"Lichen Planus, Oral",2.0
apremilast,"Lupus Erythematosus, Discoid",1.0
apremilast,Oral Ulcer,4.0
apremilast,Pneumonia,3.0
apremilast,Prostatitis,2.0
apremilast,Psoriasis,4.0
apremilast,Rosacea,2.0
apremilast,Severe Acute Respiratory Syndrome,3.0
apremilast,"Spondylitis, Ankylosing",3.0
apremilast,Uveitis,1.0
apremilast,Vitiligo,2.0
aprepitant,Alcoholism,2.0
aprepitant,"Carcinoma, Hepatocellular",3.0
aprepitant,"Carcinoma, Non-Small-Cell Lung",3.0
aprepitant,Cocaine-Related Disorders,2.0
aprepitant,"Depressive Disorder, Major",3.0
aprepitant,Dysmenorrhea,3.0
aprepitant,Gastroparesis,2.0
aprepitant,Glioblastoma,1.0
aprepitant,HIV Infections,1.0
aprepitant,Heroin Dependence,1.0
aprepitant,"Leukemia, Myeloid, Acute",2.0
aprepitant,Marijuana Abuse,2.0
aprepitant,Multiple Myeloma,3.0
aprepitant,Nausea,4.0
aprepitant,Neoplasms,4.0
aprepitant,"Neoplasms, Germ Cell and Embryonal",3.0
aprepitant,Opioid-Related Disorders,1.0
aprepitant,Pain,2.0
aprepitant,Postoperative Nausea and Vomiting,4.0
aprepitant,Pruritus,2.0
aprepitant,Severe Acute Respiratory Syndrome,2.0
aprepitant,Vomiting,4.0
arbutin,Melanosis,2.0
argatroban,"Angina, Unstable",2.0
argatroban,Coronary Disease,2.0
argatroban,Hemorrhagic Disorders,2.0
argatroban,Ischemic Stroke,3.0
argatroban,Thrombocytopenia,4.0
argatroban,Thrombosis,4.0
aripiprazole,Aggression,4.0
aripiprazole,Alcoholism,3.0
aripiprazole,Alzheimer Disease,3.0
aripiprazole,Amphetamine-Related Disorders,1.0
aripiprazole,Anorexia Nervosa,3.0
aripiprazole,Anxiety,3.0
aripiprazole,Asperger Syndrome,2.0
aripiprazole,Attention Deficit Disorder with Hyperactivity,2.0
aripiprazole,Autistic Disorder,4.0
aripiprazole,Bipolar Disorder,4.0
aripiprazole,"Child Development Disorders, Pervasive",3.0
aripiprazole,Cocaine-Related Disorders,2.0
aripiprazole,Dementia,3.0
aripiprazole,"Depression, Postpartum",3.0
aripiprazole,Depressive Disorder,4.0
aripiprazole,"Depressive Disorder, Major",4.0
aripiprazole,Fragile X Syndrome,2.0
aripiprazole,Mental Disorders,3.0
aripiprazole,Obsessive-Compulsive Disorder,2.0
aripiprazole,Psychomotor Agitation,4.0
aripiprazole,Psychotic Disorders,4.0
aripiprazole,Schizophrenia,4.0
aripiprazole,"Stress Disorders, Post-Traumatic",3.0
aripiprazole,Tic Disorders,3.0
aripiprazole,Tourette Syndrome,4.0
aripiprazole,Trichotillomania,2.0
armodafinil,Attention Deficit Disorder with Hyperactivity,4.0
armodafinil,Brain Injuries,3.0
armodafinil,"Carcinoma, Non-Small-Cell Lung",1.0
armodafinil,Depressive Disorder,3.0
armodafinil,Disorders of Excessive Somnolence,3.0
armodafinil,Esophageal Neoplasms,2.0
armodafinil,Fatigue,3.0
armodafinil,Glioma,2.0
armodafinil,Head and Neck Neoplasms,1.0
armodafinil,Multiple Sclerosis,2.0
armodafinil,Narcolepsy,4.0
armodafinil,Neoplasms,2.0
armodafinil,Obesity,3.0
armodafinil,Schizophrenia,2.0
armodafinil,Sleep Apnea Syndromes,3.0
armodafinil,"Sleep Apnea, Obstructive",4.0
armodafinil,Sleep Initiation and Maintenance Disorders,2.0
armodafinil,Sleep Wake Disorders,4.0
armodafinil,Stroke,2.0
artesunate,Breast Neoplasms,1.0
artesunate,"Carcinoma, Hepatocellular",1.0
artesunate,Colorectal Neoplasms,2.0
artesunate,"Conjunctivitis, Allergic",2.0
artesunate,Crohn Disease,2.0
artesunate,Cytomegalovirus Infections,3.0
artesunate,Fever,3.0
artesunate,Friedreich Ataxia,1.0
artesunate,Idiopathic Pulmonary Fibrosis,1.0
artesunate,Intestinal Neoplasms,2.0
artesunate,Malaria,4.0
artesunate,"Malaria, Falciparum",3.0
artesunate,"Malaria, Vivax",3.0
artesunate,Neoplasms,1.0
artesunate,Schistosomiasis,3.0
artesunate,Schistosomiasis haematobia,3.0
artesunate,Severe Acute Respiratory Syndrome,3.0
asenapine,Bipolar Disorder,4.0
asenapine,Psychotic Disorders,4.0
asenapine,Schizophrenia,4.0
aspirin,"Abortion, Habitual",3.0
aspirin,Acute Chest Syndrome,3.0
aspirin,Acute Coronary Syndrome,3.0
aspirin,Acute Lung Injury,2.0
aspirin,Adenocarcinoma of Lung,0.5
aspirin,Adenoma,2.0
aspirin,Adenomatous Polyposis Coli,3.0
aspirin,Adenomyosis,0.5
aspirin,Aging,0.5
aspirin,"Anemia, Sickle Cell",1.0
aspirin,"Angina, Stable",3.0
aspirin,Aortic Valve Stenosis,3.0
aspirin,Arthritis,4.0
aspirin,Asthma,3.0
aspirin,"Asthma, Aspirin-Induced",3.0
aspirin,Atherosclerosis,3.0
aspirin,Atrial Fibrillation,3.0
aspirin,Back Pain,4.0
aspirin,Barrett Esophagus,2.0
aspirin,Bipolar Disorder,3.0
aspirin,Blindness,3.0
aspirin,Blood Coagulation Disorders,2.0
aspirin,Brain Infarction,3.0
aspirin,Breast Neoplasms,3.0
aspirin,"Carcinoma, Hepatocellular",3.0
aspirin,"Carcinoma, Non-Small-Cell Lung",3.0
aspirin,"Carcinoma, Squamous Cell",3.0
aspirin,"Cardiomyopathy, Hypertrophic",3.0
aspirin,Cardiovascular Diseases,3.0
aspirin,Carotid Stenosis,2.0
aspirin,Cataract,3.0
aspirin,Cerebral Infarction,3.0
aspirin,Cerebrovascular Disorders,3.0
aspirin,"Colitis, Ulcerative",3.0
aspirin,Colonic Neoplasms,3.0
aspirin,Colorectal Neoplasms,3.0
aspirin,"Colorectal Neoplasms, Hereditary Nonpolyposis",3.0
aspirin,Common Cold,4.0
aspirin,Coronary Artery Disease,4.0
aspirin,Depressive Disorder,2.0
aspirin,"Depressive Disorder, Major",2.0
aspirin,"Depressive Disorder, Treatment-Resistant",2.0
aspirin,Diabetes Mellitus,3.0
aspirin,"Diabetes Mellitus, Type 2",3.0
aspirin,Diabetic Retinopathy,3.0
aspirin,Digestive System Diseases,1.0
aspirin,Disseminated Intravascular Coagulation,2.0
aspirin,Duodenal Ulcer,2.0
aspirin,Dysmenorrhea,4.0
aspirin,Endometrial Neoplasms,2.0
aspirin,Esophageal Neoplasms,3.0
aspirin,Fatigue,0.5
aspirin,Fetal Growth Retardation,3.0
aspirin,Fever,4.0
aspirin,"Fractures, Bone",0.5
aspirin,Gastrointestinal Hemorrhage,3.0
aspirin,Glioblastoma,2.0
aspirin,HIV Infections,2.0
aspirin,Head and Neck Neoplasms,1.0
aspirin,Headache,4.0
aspirin,Heart Diseases,3.0
aspirin,Heart Failure,3.0
aspirin,Hemorrhage,3.0
aspirin,Herpes Simplex,1.0
aspirin,Hip Fractures,3.0
aspirin,Hypercholesterolemia,2.0
aspirin,Hypertension,3.0
aspirin,"Hypertension, Pulmonary",2.0
aspirin,Hypertriglyceridemia,1.0
aspirin,Infertility,3.0
aspirin,Inflammation,1.0
aspirin,"Influenza, Human",3.0
aspirin,Intracranial Aneurysm,3.0
aspirin,Intracranial Arteriosclerosis,3.0
aspirin,Ischemia,3.0
aspirin,"Ischemic Attack, Transient",3.0
aspirin,Ischemic Stroke,3.0
aspirin,"Leukemia, Hairy Cell",1.0
aspirin,"Leukemia, Myelogenous, Chronic, BCR-ABL Positive",2.0
aspirin,"Leukoplakia, Oral",1.0
aspirin,Lipid Metabolism Disorders,3.0
aspirin,"Liver Diseases, Alcoholic",0.5
aspirin,Low Back Pain,3.0
aspirin,"Lupus Erythematosus, Systemic",2.0
aspirin,Macular Degeneration,3.0
aspirin,Melanoma,2.0
aspirin,Meningitis,3.0
aspirin,Metabolic Syndrome,2.0
aspirin,Migraine Disorders,4.0
aspirin,Mouth Neoplasms,2.0
aspirin,Mucocutaneous Lymph Node Syndrome,3.0
aspirin,Multiple Myeloma,3.0
aspirin,Multiple Sclerosis,3.0
aspirin,Muscle Cramp,4.0
aspirin,Myalgia,4.0
aspirin,Myocardial Infarction,4.0
aspirin,Myocardial Ischemia,3.0
aspirin,Nasopharyngeal Carcinoma,2.0
aspirin,Neoplasms,2.0
aspirin,"Neuralgia, Postherpetic",1.0
aspirin,Non-ST Elevated Myocardial Infarction,3.0
aspirin,Osteoarthritis,3.0
aspirin,Osteonecrosis,3.0
aspirin,Ovarian Neoplasms,2.0
aspirin,Pain,4.0
aspirin,Pancreatic Neoplasms,2.0
aspirin,Peptic Ulcer,3.0
aspirin,Periodontitis,2.0
aspirin,Peripheral Arterial Disease,3.0
aspirin,Peripheral Vascular Diseases,0.5
aspirin,Pharyngitis,3.0
aspirin,Placental Insufficiency,2.0
aspirin,Pneumonia,3.0
aspirin,"Pneumonia, Viral",2.0
aspirin,Polycythemia Vera,3.0
aspirin,Pre-Eclampsia,3.0
aspirin,Pregnancy,2.0
aspirin,Prostatic Neoplasms,2.0
aspirin,"Prostatic Neoplasms, Castration-Resistant",3.0
aspirin,Psychotic Disorders,3.0
aspirin,"Pulmonary Disease, Chronic Obstructive",3.0
aspirin,"Purpura, Thrombocytopenic, Idiopathic",2.0
aspirin,"Purpura, Thrombotic Thrombocytopenic",2.0
aspirin,Rectal Neoplasms,2.0
aspirin,"Renal Insufficiency, Chronic",3.0
aspirin,Respiratory Distress Syndrome,2.0
aspirin,Respiratory Insufficiency,2.0
aspirin,Respiratory Tract Diseases,2.0
aspirin,Retinal Artery Occlusion,3.0
aspirin,Retinal Vein Occlusion,3.0
aspirin,Rheumatic Heart Disease,3.0
aspirin,ST Elevation Myocardial Infarction,3.0
aspirin,Schizophrenia,3.0
aspirin,Sepsis,2.0
aspirin,Severe Acute Respiratory Syndrome,3.0
aspirin,Sleep Initiation and Maintenance Disorders,0.5
aspirin,Spasm,4.0
aspirin,Stomach Neoplasms,3.0
aspirin,Stomach Ulcer,3.0
aspirin,Stroke,4.0
aspirin,Tension-Type Headache,2.0
aspirin,"Thrombocythemia, Essential",3.0
aspirin,Thrombophilia,3.0
aspirin,Thrombosis,4.0
aspirin,Tobacco Use Disorder,2.0
aspirin,Toothache,4.0
aspirin,Tuberculosis,2.0
aspirin,Ulcer,1.0
aspirin,Uterine Cervical Neoplasms,2.0
aspirin,Varicose Ulcer,3.0
aspirin,Vascular Diseases,3.0
aspirin,Venous Thromboembolism,3.0
aspirin,Venous Thrombosis,2.0
aspirin,Vitamin D Deficiency,2.0
aspirin,Wounds and Injuries,3.0
ataluren,Aniridia,2.0
ataluren,Cystic Fibrosis,3.0
ataluren,Epilepsy,2.0
ataluren,Hemophilia A,2.0
ataluren,Hemophilia B,2.0
ataluren,"Muscular Dystrophy, Duchenne",4.0
atomoxetine,Alcoholism,2.0
atomoxetine,Amphetamine-Related Disorders,1.0
atomoxetine,Attention Deficit Disorder with Hyperactivity,4.0
atomoxetine,Autistic Disorder,3.0
atomoxetine,Cocaine-Related Disorders,1.0
atomoxetine,Cognitive Dysfunction,2.0
atomoxetine,"Diabetes Mellitus, Type 1",0.5
atomoxetine,"Hypotension, Orthostatic",2.0
atomoxetine,Marijuana Abuse,2.0
atomoxetine,Neoplasms,3.0
atomoxetine,Opioid-Related Disorders,2.0
atomoxetine,Orthostatic Intolerance,1.0
atomoxetine,Parkinson Disease,0.5
atomoxetine,"Phobia, Social",2.0
atomoxetine,Schizophrenia,3.0
atomoxetine,Sleep Apnea Syndromes,2.0
atomoxetine,"Sleep Apnea, Obstructive",2.0
atomoxetine,Substance-Related Disorders,2.0
atomoxetine,"Syncope, Vasovagal",2.0
atomoxetine,Tobacco Use Disorder,1.0
atomoxetine,Tourette Syndrome,2.0
atorvastatin,Acute Chest Syndrome,3.0
atorvastatin,Acute Coronary Syndrome,3.0
atorvastatin,Acute Kidney Injury,2.0
atorvastatin,Alzheimer Disease,3.0
atorvastatin,"Anemia, Sickle Cell",2.0
atorvastatin,"Arthritis, Rheumatoid",2.0
atorvastatin,Asthma,2.0
atorvastatin,Atherosclerosis,3.0
atorvastatin,Atrial Fibrillation,3.0
atorvastatin,Bicuspid Aortic Valve Disease,3.0
atorvastatin,Breast Neoplasms,3.0
atorvastatin,"Carcinoma, Renal Cell",2.0
atorvastatin,Cardiomyopathies,2.0
atorvastatin,"Cardiomyopathy, Hypertrophic",3.0
atorvastatin,Cardiovascular Diseases,4.0
atorvastatin,Carotid Artery Diseases,2.0
atorvastatin,Chagas Disease,2.0
atorvastatin,Cognitive Dysfunction,3.0
atorvastatin,Colorectal Neoplasms,1.0
atorvastatin,"Colorectal Neoplasms, Hereditary Nonpolyposis",0.5
atorvastatin,"Constriction, Pathologic",1.0
atorvastatin,Coronary Artery Disease,3.0
atorvastatin,Coronary Disease,3.0
atorvastatin,Crohn Disease,2.0
atorvastatin,Depressive Disorder,2.0
atorvastatin,Diabetes Insipidus,2.0
atorvastatin,Diabetes Mellitus,3.0
atorvastatin,"Diabetes Mellitus, Type 1",2.0
atorvastatin,"Diabetes Mellitus, Type 2",3.0
atorvastatin,"Edema, Cardiac",3.0
atorvastatin,Endometrial Neoplasms,0.5
atorvastatin,Epilepsy,1.0
atorvastatin,Essential Hypertension,1.0
atorvastatin,Glioblastoma,2.0
atorvastatin,"Glomerulosclerosis, Focal Segmental",2.0
atorvastatin,Graves Ophthalmopathy,3.0
atorvastatin,HIV Infections,3.0
atorvastatin,Heart Failure,2.0
atorvastatin,"Hematoma, Subdural, Intracranial",3.0
atorvastatin,"Hemorrhagic Fever, Ebola",1.0
atorvastatin,Hepatitis C,2.0
atorvastatin,Hypercholesterolemia,3.0
atorvastatin,"Hyperlipidemia, Familial Combined",3.0
atorvastatin,Hyperlipidemias,3.0
atorvastatin,Hyperlipoproteinemia Type II,3.0
atorvastatin,Hyperlipoproteinemia Type III,3.0
atorvastatin,Hyperlipoproteinemia Type IV,3.0
atorvastatin,Hypertension,3.0
atorvastatin,"Hypertension, Pulmonary",2.0
atorvastatin,Hypertriglyceridemia,3.0
atorvastatin,Inflammatory Bowel Diseases,2.0
atorvastatin,Inflammatory Breast Neoplasms,2.0
atorvastatin,"Influenza, Human",2.0
atorvastatin,Intracranial Aneurysm,2.0
atorvastatin,Ischemic Stroke,3.0
atorvastatin,Kidney Diseases,3.0
atorvastatin,Kidney Neoplasms,2.0
atorvastatin,Leukemia,2.0
atorvastatin,"Leukemia, Myeloid, Acute",1.0
atorvastatin,Lipid Metabolism Disorders,3.0
atorvastatin,Liver Cirrhosis,2.0
atorvastatin,"Lupus Erythematosus, Systemic",3.0
atorvastatin,Lymphoma,2.0
atorvastatin,"Lymphoma, Non-Hodgkin",2.0
atorvastatin,Macular Degeneration,2.0
atorvastatin,Melanoma,2.0
atorvastatin,Metabolic Syndrome,3.0
atorvastatin,Migraine Disorders,2.0
atorvastatin,Mucocutaneous Lymph Node Syndrome,1.0
atorvastatin,Multiple Myeloma,1.0
atorvastatin,Multiple Sclerosis,2.0
atorvastatin,"Multiple Sclerosis, Relapsing-Remitting",2.0
atorvastatin,Myelodysplastic Syndromes,1.0
atorvastatin,Myocardial Infarction,2.0
atorvastatin,Nasopharyngeal Carcinoma,2.0
atorvastatin,Necrosis,3.0
atorvastatin,Neoplasms,2.0
atorvastatin,Nephrotic Syndrome,2.0
atorvastatin,Non-alcoholic Fatty Liver Disease,2.0
atorvastatin,Obesity,1.0
atorvastatin,"Osteoarthritis, Knee",2.0
atorvastatin,Osteonecrosis,2.0
atorvastatin,Paraplegia,2.0
atorvastatin,Periodontitis,2.0
atorvastatin,Pre-Eclampsia,3.0
atorvastatin,Prostatic Neoplasms,3.0
atorvastatin,"Prostatic Neoplasms, Castration-Resistant",3.0
atorvastatin,Psoriasis,3.0
atorvastatin,"Purpura, Thrombocytopenic, Idiopathic",2.0
atorvastatin,Renal Insufficiency,3.0
atorvastatin,"Renal Insufficiency, Chronic",3.0
atorvastatin,ST Elevation Myocardial Infarction,3.0
atorvastatin,Sarcoidosis,2.0
atorvastatin,"Scleroderma, Localized",2.0
atorvastatin,Sepsis,2.0
atorvastatin,Severe Acute Respiratory Syndrome,3.0
atorvastatin,"Sleep Apnea, Obstructive",2.0
atorvastatin,Sleep Wake Disorders,1.0
atorvastatin,Stroke,2.0
atorvastatin,Tuberculosis,2.0
atorvastatin,Vascular Diseases,2.0
atorvastatin,Venous Thromboembolism,0.5
atorvastatin,Vitiligo,2.0
atovaquone,Amebiasis,4.0
atovaquone,"Carcinoma, Non-Small-Cell Lung",1.0
atovaquone,Gastroesophageal Reflux,1.0
atovaquone,Infections,2.0
atovaquone,"Leukemia, Myeloid, Acute",0.5
atovaquone,Malaria,4.0
atovaquone,"Malaria, Falciparum",3.0
atovaquone,Pneumocystis Infections,4.0
atovaquone,"Pneumonia, Pneumocystis",4.0
atovaquone,Severe Acute Respiratory Syndrome,2.0
atovaquone,"Toxoplasmosis, Cerebral",2.0
atrasentan,Diabetic Nephropathies,3.0
atrasentan,"Glomerulonephritis, IGA",3.0
atrasentan,Prostatic Neoplasms,3.0
atrasentan,"Prostatic Neoplasms, Castration-Resistant",3.0
atrasentan,"Renal Insufficiency, Chronic",2.0
avagacestat,Alzheimer Disease,2.0
avanafil,Erectile Dysfunction,4.0
avanafil,Kidney Diseases,1.0
azacitidine,Acute Kidney Injury,1.0
azacitidine,"Anemia, Refractory, with Excess of Blasts",4.0
azacitidine,Blastic Plasmacytoid Dendritic Cell Neoplasm,1.0
azacitidine,Brain Neoplasms,0.5
azacitidine,Breast Neoplasms,2.0
azacitidine,"Breast Neoplasms, Male",2.0
azacitidine,"Carcinoma, Non-Small-Cell Lung",2.0
azacitidine,"Carcinoma, Pancreatic Ductal",1.0
azacitidine,"Carcinoma, Renal Cell",1.0
azacitidine,"Carcinoma, Squamous Cell",1.0
azacitidine,Colonic Neoplasms,2.0
azacitidine,Colorectal Neoplasms,1.0
azacitidine,Ependymoma,1.0
azacitidine,Esophageal Neoplasms,1.0
azacitidine,Glioma,1.0
azacitidine,Graft vs Host Disease,1.0
azacitidine,Head and Neck Neoplasms,1.0
azacitidine,Hematologic Neoplasms,2.0
azacitidine,Hodgkin Disease,2.0
azacitidine,Immunoblastic Lymphadenopathy,3.0
azacitidine,Leukemia,3.0
azacitidine,"Leukemia, Biphenotypic, Acute",1.0
azacitidine,"Leukemia, Erythroblastic, Acute",2.0
azacitidine,"Leukemia, Large Granular Lymphocytic",1.0
azacitidine,"Leukemia, Lymphocytic, Chronic, B-Cell",2.0
azacitidine,"Leukemia, Lymphoid",2.0
azacitidine,"Leukemia, Monocytic, Acute",2.0
azacitidine,"Leukemia, Myelogenous, Chronic, BCR-ABL Positive",1.0
azacitidine,"Leukemia, Myeloid",3.0
azacitidine,"Leukemia, Myeloid, Acute",4.0
azacitidine,"Leukemia, Myelomonocytic, Chronic",4.0
azacitidine,Liposarcoma,1.0
azacitidine,Lymphoma,3.0
azacitidine,"Lymphoma, Follicular",2.0
azacitidine,"Lymphoma, Large B-Cell, Diffuse",3.0
azacitidine,"Lymphoma, Non-Hodgkin",1.0
azacitidine,"Lymphoma, T-Cell, Peripheral",3.0
azacitidine,"Mastocytosis, Systemic",1.0
azacitidine,Melanoma,2.0
azacitidine,Multiple Myeloma,2.0
azacitidine,Myelodysplastic Syndromes,4.0
azacitidine,Myelodysplastic-Myeloproliferative Diseases,1.0
azacitidine,Myeloproliferative Disorders,2.0
azacitidine,Nasopharyngeal Neoplasms,2.0
azacitidine,Neoplasms,4.0
azacitidine,Osteosarcoma,1.0
azacitidine,Ovarian Neoplasms,2.0
azacitidine,Pancreatic Neoplasms,2.0
azacitidine,Paraganglioma,2.0
azacitidine,Precursor Cell Lymphoblastic Leukemia-Lymphoma,2.0
azacitidine,Primary Myelofibrosis,2.0
azacitidine,Prostatic Neoplasms,2.0
azacitidine,"Prostatic Neoplasms, Castration-Resistant",2.0
azacitidine,Rectal Neoplasms,2.0
azacitidine,Sarcoma,1.0
azacitidine,Thrombocytopenia,3.0
azacitidine,Tuberculosis,1.0
azacitidine,beta-Thalassemia,2.0
azathioprine,"Anemia, Sickle Cell",2.0
azathioprine,Anti-Neutrophil Cytoplasmic Antibody-Associated Vasculitis,3.0
azathioprine,"Arthritis, Rheumatoid",4.0
azathioprine,"Carcinoma, Hepatocellular",3.0
azathioprine,Cardiomyopathies,3.0
azathioprine,Churg-Strauss Syndrome,3.0
azathioprine,"Colitis, Ulcerative",3.0
azathioprine,Crohn Disease,3.0
azathioprine,Delayed Graft Function,4.0
azathioprine,Dermatitis,0.5
azathioprine,Eczema,3.0
azathioprine,Encephalomyelitis,3.0
azathioprine,"Glomerulonephritis, IGA",3.0
azathioprine,Gout,2.0
azathioprine,Granulomatosis with Polyangiitis,3.0
azathioprine,"Hepatitis, Autoimmune",2.0
azathioprine,Idiopathic Pulmonary Fibrosis,2.0
azathioprine,Immune System Diseases,4.0
azathioprine,Infertility,2.0
azathioprine,Inflammatory Bowel Diseases,1.0
azathioprine,Kidney Diseases,3.0
azathioprine,"Leukemia, Myeloid, Acute",2.0
azathioprine,Lung Diseases,2.0
azathioprine,"Lung Diseases, Interstitial",2.0
azathioprine,"Lupus Erythematosus, Systemic",3.0
azathioprine,Lupus Nephritis,3.0
azathioprine,Microscopic Polyangiitis,3.0
azathioprine,Mucopolysaccharidoses,1.0
azathioprine,Myasthenia Gravis,3.0
azathioprine,Myelodysplastic Syndromes,1.0
azathioprine,Neuromyelitis Optica,3.0
azathioprine,"Pemphigoid, Bullous",2.0
azathioprine,Pemphigus,2.0
azathioprine,Precursor Cell Lymphoblastic Leukemia-Lymphoma,2.0
azathioprine,Pulmonary Fibrosis,3.0
azathioprine,"Renal Insufficiency, Chronic",3.0
azathioprine,Takayasu Arteritis,3.0
azathioprine,Thrombocytopenia,3.0
azathioprine,Urticaria,1.0
azathioprine,Vasculitis,3.0
azelaic-acid,Acne Vulgaris,4.0
azelaic-acid,"Dermatitis, Perioral",2.0
azelaic-acid,"Dermatitis, Seborrheic",2.0
azelaic-acid,Erythema,4.0
azelaic-acid,Melanosis,1.0
azelaic-acid,Rosacea,4.0
azelastine,Eye Manifestations,4.0
azelastine,Hypersensitivity,4.0
azelastine,Nasal Obstruction,4.0
azelastine,"Rhinitis, Allergic, Perennial",3.0
azelastine,"Rhinitis, Allergic, Seasonal",3.0
azithromycin,Abdominal Pain,3.0
azithromycin,Acne Vulgaris,3.0
azithromycin,"Anemia, Sickle Cell",1.0
azithromycin,"Arthritis, Reactive",3.0
azithromycin,Asthma,3.0
azithromycin,Bacterial Infections,4.0
azithromycin,Blepharitis,3.0
azithromycin,Bronchial Diseases,3.0
azithromycin,Bronchiectasis,3.0
azithromycin,Bronchiolitis Obliterans,3.0
azithromycin,Bronchitis,3.0
azithromycin,"Bronchitis, Chronic",4.0
azithromycin,Bronchopulmonary Dysplasia,3.0
azithromycin,Cardiovascular Diseases,3.0
azithromycin,Chlamydia Infections,3.0
azithromycin,Chronic Periodontitis,3.0
azithromycin,Communicable Diseases,2.0
azithromycin,"Conjunctivitis, Bacterial",4.0
azithromycin,"Conjunctivitis, Inclusion",3.0
azithromycin,Coronary Disease,3.0
azithromycin,Coronavirus Infections,3.0
azithromycin,Cough,3.0
azithromycin,Crohn Disease,2.0
azithromycin,Cystic Fibrosis,4.0
azithromycin,Diarrhea,3.0
azithromycin,Digestive System Diseases,3.0
azithromycin,"Dysentery, Bacillary",2.0
azithromycin,Eye Diseases,2.0
azithromycin,Eye Infections,4.0
azithromycin,Fever,3.0
azithromycin,Gastrointestinal Hemorrhage,2.0
azithromycin,Gastroparesis,2.0
azithromycin,Gonorrhea,3.0
azithromycin,Graves Ophthalmopathy,1.0
azithromycin,HIV Infections,4.0
azithromycin,Heart Diseases,3.0
azithromycin,"Hemorrhagic Fever, Ebola",1.0
azithromycin,Immune System Diseases,1.0
azithromycin,Infections,4.0
azithromycin,Inflammation,3.0
azithromycin,Lung Diseases,3.0
azithromycin,Malaria,3.0
azithromycin,"Malaria, Falciparum",3.0
azithromycin,Malnutrition,3.0
azithromycin,Maxillary Sinusitis,3.0
azithromycin,Multiple Sclerosis,2.0
azithromycin,Mycobacterium Infections,3.0
azithromycin,Mycobacterium avium-intracellulare Infection,3.0
azithromycin,Mycoses,3.0
azithromycin,Myocardial Infarction,3.0
azithromycin,Neonatal Sepsis,3.0
azithromycin,Neoplasms,2.0
azithromycin,Obesity,0.5
azithromycin,Obsessive-Compulsive Disorder,2.0
azithromycin,Onchocerciasis,2.0
azithromycin,Osteomyelitis,0.5
azithromycin,Otitis Media,4.0
azithromycin,"Otitis Media, Suppurative",3.0
azithromycin,Pelvic Inflammatory Disease,4.0
azithromycin,Periodontitis,2.0
azithromycin,Pharyngitis,4.0
azithromycin,Pneumonia,4.0
azithromycin,"Pneumonia, Viral",3.0
azithromycin,Pregnancy,3.0
azithromycin,Premature Birth,3.0
azithromycin,"Pulmonary Disease, Chronic Obstructive",4.0
azithromycin,Respiratory Distress Syndrome,1.0
azithromycin,Respiratory Insufficiency,3.0
azithromycin,Respiratory Syncytial Virus Infections,2.0
azithromycin,Sarcoidosis,2.0
azithromycin,Sepsis,1.0
azithromycin,Severe Acute Respiratory Syndrome,3.0
azithromycin,Sinusitis,4.0
azithromycin,Spotted Fever Group Rickettsiosis,3.0
azithromycin,Syphilis,3.0
azithromycin,Tonsillitis,4.0
azithromycin,"Toxoplasmosis, Cerebral",1.0
azithromycin,Tuberculosis,2.0
azithromycin,Urethritis,4.0
azithromycin,Uterine Cervicitis,4.0
azithromycin,Virus Diseases,2.0
azithromycin,Vomiting,3.0
azithromycin,Whooping Cough,2.0
azithromycin,Yaws,3.0
balaglitazone,"Diabetes Mellitus, Type 2",3.0
balapiravir,"Hepatitis C, Chronic",2.0
balapiravir,Severe Dengue,1.0
balicatib,"Osteoarthritis, Knee",2.0
balicatib,Osteoporosis,2.0
bambuterol,"Hypertension, Pulmonary",1.0
bambuterol,"Lung Diseases, Obstructive",3.0
barasertib,"Leukemia, Myeloid",1.0
barasertib,"Leukemia, Myeloid, Acute",2.0
barasertib,Lymphoma,1.0
barasertib,Neoplasms,1.0
barasertib-HQPA,"Leukemia, Myeloid, Acute",1.0
barasertib-HQPA,Neoplasms,1.0
barasertib-HQPA,Small Cell Lung Carcinoma,2.0
bardoxolone-methyl,Diabetic Nephropathies,3.0
bardoxolone-methyl,Hematologic Neoplasms,1.0
bardoxolone-methyl,"Hypertension, Pulmonary",3.0
bardoxolone-methyl,Liver Diseases,1.0
bardoxolone-methyl,Melanoma,2.0
bardoxolone-methyl,Neoplasms,1.0
bardoxolone-methyl,"Nephritis, Hereditary",2.0
bardoxolone-methyl,Pancreatic Neoplasms,1.0
bardoxolone-methyl,"Polycystic Kidney, Autosomal Dominant",3.0
bardoxolone-methyl,"Renal Insufficiency, Chronic",2.0
bardoxolone-methyl,Severe Acute Respiratory Syndrome,2.0
baricitinib,Alopecia Areata,3.0
baricitinib,"Arthritis, Juvenile",3.0
baricitinib,"Arthritis, Rheumatoid",4.0
baricitinib,Brain Injuries,2.0
baricitinib,Bronchiolitis Obliterans Syndrome,1.0
baricitinib,"Dermatitis, Allergic Contact",0.5
baricitinib,"Dermatitis, Atopic",3.0
baricitinib,Dermatomyositis,3.0
baricitinib,"Diabetes Mellitus, Type 1",2.0
baricitinib,Diabetic Nephropathies,2.0
baricitinib,Giant Cell Arteritis,2.0
baricitinib,Graft vs Host Disease,1.0
baricitinib,HIV Infections,2.0
baricitinib,"Influenza, Human",3.0
baricitinib,Lichen Planus,2.0
baricitinib,"Liver Cirrhosis, Biliary",2.0
baricitinib,"Lupus Erythematosus, Systemic",3.0
baricitinib,Mastitis,2.0
baricitinib,Myalgia,2.0
baricitinib,Myositis,2.0
baricitinib,Neuromyelitis Optica,1.0
baricitinib,Pneumonia,3.0
baricitinib,Psoriasis,2.0
baricitinib,"Purpura, Thrombocytopenic, Idiopathic",2.0
baricitinib,"Renal Insufficiency, Chronic",2.0
baricitinib,Sepsis,3.0
baricitinib,Severe Acute Respiratory Syndrome,3.0
baricitinib,Sjogren's Syndrome,2.0
baricitinib,Subarachnoid Hemorrhage,2.0
baricitinib,Uveitis,3.0
baricitinib,Vitiligo,2.0
basimglurant,Depressive Disorder,2.0
basimglurant,"Depressive Disorder, Major",2.0
basimglurant,Fragile X Syndrome,2.0
basimglurant,Trigeminal Neuralgia,2.0
basimglurant,Tuberous Sclerosis,2.0
bavisant,Alcoholism,2.0
bavisant,Attention Deficit Disorder with Hyperactivity,2.0
bazedoxifene,Breast Neoplasms,2.0
bazedoxifene,"Carcinoma, Intraductal, Noninfiltrating",2.0
bazedoxifene,Menopause,3.0
bazedoxifene,Osteoporosis,3.0
bazedoxifene,"Osteoporosis, Postmenopausal",2.0
beclomethasone-dipropionate,Asthma,4.0
beclomethasone-dipropionate,Bronchiectasis,3.0
beclomethasone-dipropionate,Bronchiolitis Obliterans Syndrome,2.0
beclomethasone-dipropionate,Bronchopulmonary Dysplasia,3.0
beclomethasone-dipropionate,Croup,3.0
beclomethasone-dipropionate,Enteritis,1.0
beclomethasone-dipropionate,Eosinophilic Esophagitis,1.0
beclomethasone-dipropionate,Folliculitis,2.0
beclomethasone-dipropionate,Graft vs Host Disease,3.0
beclomethasone-dipropionate,Idiopathic Pulmonary Fibrosis,2.0
beclomethasone-dipropionate,Infections,1.0
beclomethasone-dipropionate,"Lung Diseases, Obstructive",4.0
beclomethasone-dipropionate,Nasal Obstruction,4.0
beclomethasone-dipropionate,Nasal Polyps,2.0
beclomethasone-dipropionate,"Pulmonary Disease, Chronic Obstructive",3.0
beclomethasone-dipropionate,"Respiratory Distress Syndrome, Newborn",3.0
beclomethasone-dipropionate,"Rhinitis, Allergic",4.0
beclomethasone-dipropionate,"Rhinitis, Allergic, Perennial",4.0
beclomethasone-dipropionate,"Rhinitis, Allergic, Seasonal",4.0
beclomethasone-dipropionate,Severe Acute Respiratory Syndrome,2.0
beclomethasone-dipropionate,Sinusitis,3.0
beclomethasone-dipropionate,Small Cell Lung Carcinoma,2.0
belinostat,Adenocarcinoma,1.0
belinostat,Blast Crisis,1.0
belinostat,Burkitt Lymphoma,2.0
belinostat,Carcinoma,2.0
belinostat,"Carcinoma, Endometrioid",2.0
belinostat,"Carcinoma, Non-Small-Cell Lung",1.0
belinostat,"Cystadenoma, Serous",2.0
belinostat,Fallopian Tube Neoplasms,2.0
belinostat,Glioblastoma,2.0
belinostat,Hematologic Neoplasms,1.0
belinostat,Hodgkin Disease,1.0
belinostat,Leukemia,1.0
belinostat,"Leukemia, Myeloid, Acute",2.0
belinostat,"Leukemia-Lymphoma, Adult T-Cell",2.0
belinostat,Liver Neoplasms,1.0
belinostat,Lymphoma,1.0
belinostat,"Lymphoma, Follicular",1.0
belinostat,"Lymphoma, Large B-Cell, Diffuse",2.0
belinostat,"Lymphoma, Large-Cell, Anaplastic",2.0
belinostat,"Lymphoma, Mantle-Cell",2.0
belinostat,"Lymphoma, Non-Hodgkin",2.0
belinostat,"Lymphoma, T-Cell",4.0
belinostat,"Lymphoma, T-Cell, Cutaneous",2.0
belinostat,"Lymphoma, T-Cell, Peripheral",4.0
belinostat,Mesothelioma,2.0
belinostat,Multiple Myeloma,2.0
belinostat,Mycosis Fungoides,1.0
belinostat,Myelodysplastic Syndromes,2.0
belinostat,Neoplasms,4.0
belinostat,Peritoneal Neoplasms,2.0
belinostat,Sarcoma,1.0
belinostat,Small Cell Lung Carcinoma,1.0
belinostat,Thymoma,2.0
belinostat,Urinary Bladder Neoplasms,1.0
belinostat,Uveal Melanoma,2.0
bemegride,Respiratory Tract Diseases,2.0
benazepril,Atherosclerosis,3.0
benazepril,Cardiovascular Diseases,4.0
benazepril,Coronary Disease,3.0
benazepril,Diabetes Mellitus,3.0
benazepril,"Diabetes Mellitus, Type 2",3.0
benazepril,Hypercholesterolemia,3.0
benazepril,Hypertension,3.0
benazepril,"Lupus Erythematosus, Systemic",2.0
benazepril,"Nephritis, Hereditary",2.0
bendamustine,"Amyloidosis, Familial",2.0
bendamustine,"Anemia, Hemolytic, Autoimmune",2.0
bendamustine,Breast Neoplasms,2.0
bendamustine,Hematologic Neoplasms,2.0
bendamustine,Hodgkin Disease,3.0
bendamustine,Immunoblastic Lymphadenopathy,3.0
bendamustine,Leukemia,2.0
bendamustine,"Leukemia, Biphenotypic, Acute",1.0
bendamustine,"Leukemia, Hairy Cell",2.0
bendamustine,"Leukemia, Lymphocytic, Chronic, B-Cell",3.0
bendamustine,"Leukemia, Myelogenous, Chronic, BCR-ABL Positive",1.0
bendamustine,"Leukemia, Myeloid, Acute",1.0
bendamustine,"Leukemia, Plasma Cell",1.0
bendamustine,Lymphoma,3.0
bendamustine,"Lymphoma, B-Cell",1.0
bendamustine,"Lymphoma, B-Cell, Marginal Zone",3.0
bendamustine,"Lymphoma, Follicular",3.0
bendamustine,"Lymphoma, Large B-Cell, Diffuse",3.0
bendamustine,"Lymphoma, Mantle-Cell",3.0
bendamustine,"Lymphoma, Non-Hodgkin",3.0
bendamustine,"Lymphoma, T-Cell, Peripheral",2.0
bendamustine,Multiple Myeloma,3.0
bendamustine,Myelodysplastic Syndromes,1.0
bendamustine,Neoplasms,4.0
bendamustine,Ovarian Neoplasms,2.0
bendamustine,Precursor Cell Lymphoblastic Leukemia-Lymphoma,2.0
bendamustine,Prostatic Neoplasms,1.0
bendamustine,Small Cell Lung Carcinoma,2.0
bendamustine,Waldenstrom Macroglobulinemia,2.0
bendroflumethiazide,Cardiovascular Diseases,4.0
bendroflumethiazide,Hypertension,4.0
benfluorex,Diabetes Mellitus,4.0
benfluorex,"Diabetes Mellitus, Type 2",2.0
benzbromarone,Familial Primary Pulmonary Hypertension,2.0
benzbromarone,Gout,4.0
benzbromarone,Hyperuricemia,2.0
benzydamine,Arthralgia,4.0
benzydamine,Myalgia,4.0
benzydamine,Rheumatic Diseases,4.0
benzydamine,Stomatitis,3.0
benzydamine,Vaginitis,4.0
benzylpenicillin,Bacterial Infections,4.0
benzylpenicillin,Eye Infections,4.0
benzylpenicillin,Osteomyelitis,0.5
benzylpenicillin,Pharyngitis,3.0
benzylpenicillin,Pneumococcal Infections,3.0
benzylpenicillin,Rheumatic Heart Disease,2.0
benzylpenicillin,Syphilis,2.0
benzylpenicillin,Tonsillitis,3.0
bepotastine,"Conjunctivitis, Allergic",3.0
bepotastine,Dermatitis,3.0
bepotastine,"Rhinitis, Allergic, Perennial",3.0
bepotastine,"Rhinitis, Allergic, Seasonal",2.0
berberine,Adenocarcinoma of Lung,2.0
berberine,Adenoma,2.0
berberine,"Diabetes Mellitus, Type 2",3.0
berberine,"Hyperlipidemia, Familial Combined",3.0
berberine,Non-alcoholic Fatty Liver Disease,2.0
berberine,Prediabetic State,2.0
betahistine,Hypercholesterolemia,2.0
betahistine,Meniere Disease,1.0
betahistine,Obesity,2.0
betahistine,Vertigo,4.0
betahistine,Weight Gain,2.0
betrixaban,Atrial Fibrillation,2.0
betrixaban,Atrial Flutter,2.0
betrixaban,Hemorrhage,2.0
betrixaban,Kidney Diseases,1.0
betrixaban,Liver Diseases,1.0
betrixaban,Thromboembolism,2.0
betrixaban,Thrombosis,4.0
betrixaban,Venous Thromboembolism,4.0
betulinic-acid,Dysplastic Nevus Syndrome,1.0
betulinic-acid,Melanoma,1.0
bevirimat-dimeglumine,HIV Infections,2.0
bexarotene,Alopecia Areata,2.0
bexarotene,Alzheimer Disease,2.0
bexarotene,Breast Neoplasms,2.0
bexarotene,"Carcinoma, Intraductal, Noninfiltrating",1.0
bexarotene,"Carcinoma, Non-Small-Cell Lung",3.0
bexarotene,Cognitive Dysfunction,3.0
bexarotene,Leukemia,2.0
bexarotene,"Leukemia, Myeloid, Acute",2.0
bexarotene,Lung Neoplasms,2.0
bexarotene,Lymphoma,3.0
bexarotene,"Lymphoma, Large-Cell, Anaplastic",3.0
bexarotene,"Lymphoma, T-Cell",4.0
bexarotene,"Lymphoma, T-Cell, Cutaneous",4.0
bexarotene,Multiple Myeloma,1.0
bexarotene,Mycosis Fungoides,3.0
bexarotene,Myelodysplastic Syndromes,2.0
bexarotene,Myelodysplastic-Myeloproliferative Diseases,2.0
bexarotene,Neoplasms,4.0
bexarotene,Parapsoriasis,2.0
bexarotene,Pituitary ACTH Hypersecretion,1.0
bexarotene,Psoriasis,2.0
bexarotene,Psychotic Disorders,3.0
bexarotene,Schizophrenia,3.0
bexarotene,Sezary Syndrome,2.0
bexarotene,Thyroid Neoplasms,0.5
bexarotene,Triple Negative Breast Neoplasms,1.0
bezafibrate,Bipolar Disorder,2.0
bezafibrate,Cardiovascular Diseases,4.0
bezafibrate,"Cholangitis, Sclerosing",3.0
bezafibrate,"Diabetes Mellitus, Type 2",2.0
bezafibrate,"Hyperlipidemia, Familial Combined",3.0
bezafibrate,"Liver Cirrhosis, Biliary",3.0
bezafibrate,Mitochondrial Diseases,2.0
bezafibrate,Myelodysplastic Syndromes,2.0
bicalutamide,Breast Neoplasms,3.0
bicalutamide,Carcinoma,4.0
bicalutamide,Fallopian Tube Neoplasms,2.0
bicalutamide,Gynecomastia,2.0
bicalutamide,Neoplasms,4.0
bicalutamide,Ovarian Neoplasms,2.0
bicalutamide,Peritoneal Neoplasms,2.0
bicalutamide,Prostatic Neoplasms,3.0
bicalutamide,"Prostatic Neoplasms, Castration-Resistant",3.0
bicalutamide,"Puberty, Precocious",2.0
bicalutamide,Salivary Gland Neoplasms,2.0
bicalutamide,Severe Acute Respiratory Syndrome,3.0
bicalutamide,Urinary Bladder Neoplasms,2.0
bifemelane,Depressive Disorder,2.0
bifonazole,Onychomycosis,3.0
bifonazole,Tinea Pedis,2.0
bimatoprost,Alopecia,2.0
bimatoprost,Alopecia Areata,1.0
bimatoprost,Glaucoma,4.0
bimatoprost,"Glaucoma, Open-Angle",4.0
bimatoprost,Graves Ophthalmopathy,3.0
bimatoprost,Hypotrichosis,4.0
bimatoprost,Ocular Hypertension,4.0
bimatoprost,Vitiligo,0.5
bindarit,Coronary Restenosis,2.0
bindarit,Diabetic Nephropathies,2.0
binimetinib,"Arthritis, Rheumatoid",2.0
binimetinib,Biliary Tract Neoplasms,3.0
binimetinib,Brain Neoplasms,1.0
binimetinib,Breast Neoplasms,2.0
binimetinib,"Carcinoma, Non-Small-Cell Lung",2.0
binimetinib,Cardiomegaly,2.0
binimetinib,Colonic Neoplasms,1.0
binimetinib,Colorectal Neoplasms,2.0
binimetinib,Fallopian Tube Neoplasms,3.0
binimetinib,Gastrointestinal Stromal Tumors,1.0
binimetinib,Glioma,1.0
binimetinib,Klatskin Tumor,2.0
binimetinib,Leukemia,1.0
binimetinib,"Leukemia, Hairy Cell",2.0
binimetinib,Liver Diseases,1.0
binimetinib,Lung Neoplasms,1.0
binimetinib,Melanoma,4.0
binimetinib,Multiple Myeloma,2.0
binimetinib,Neoplasms,4.0
binimetinib,Ovarian Neoplasms,3.0
binimetinib,Pancreatic Neoplasms,2.0
binimetinib,Peritoneal Neoplasms,3.0
binimetinib,Rectal Neoplasms,1.0
binimetinib,Skin Neoplasms,0.5
binimetinib,Thyroid Neoplasms,2.0
binimetinib,Triple Negative Breast Neoplasms,2.0
binimetinib,Uveal Melanoma,2.0
biperiden,Anxiety,3.0
biperiden,Cocaine-Related Disorders,3.0
biperiden,Dementia,3.0
biperiden,Depressive Disorder,3.0
biperiden,Parkinson Disease,4.0
biperiden,Schizophrenia,3.0
birinapant,"Carcinoma, Squamous Cell",1.0
birinapant,Fallopian Tube Neoplasms,2.0
birinapant,"Hepatitis B, Chronic",1.0
birinapant,"Leukemia, Myeloid, Acute",1.0
birinapant,Myelodysplastic Syndromes,1.0
birinapant,Neoplasms,1.0
birinapant,Ovarian Neoplasms,2.0
birinapant,Peritoneal Neoplasms,2.0
bisoprolol,Atrial Fibrillation,3.0
bisoprolol,Breast Neoplasms,2.0
bisoprolol,Cardiovascular Diseases,4.0
bisoprolol,Coronary Disease,0.5
bisoprolol,Familial Primary Pulmonary Hypertension,1.0
bisoprolol,Hemorrhage,0.5
bisoprolol,Hypertension,3.0
bisoprolol,Lecithin Cholesterol Acyltransferase Deficiency,1.0
bitopertin,"Anemia, Diamond-Blackfan",1.0
bitopertin,Obsessive-Compulsive Disorder,2.0
bitopertin,"Protoporphyria, Erythropoietic",2.0
bitopertin,Schizophrenia,3.0
bitopertin,beta-Thalassemia,2.0
blonanserin,Schizophrenia,3.0
bms-906024,Breast Neoplasms,2.0
bms-906024,"Carcinoma, Adenoid Cystic",2.0
bms-906024,Neoplasms,1.0
bms-906024,Precursor Cell Lymphoblastic Leukemia-Lymphoma,1.0
bms-906024,Precursor T-Cell Lymphoblastic Leukemia-Lymphoma,1.0
bopindolol,Cardiovascular Diseases,2.0
bortezomib,Adenocarcinoma of Lung,2.0
bortezomib,"Adenocarcinoma, Follicular",2.0
bortezomib,Amyloidosis,3.0
bortezomib,"Amyloidosis, Familial",3.0
bortezomib,"Anemia, Hemolytic, Autoimmune",2.0
bortezomib,"Anemia, Refractory, with Excess of Blasts",1.0
bortezomib,Astrocytoma,1.0
bortezomib,Autoimmune Diseases of the Nervous System,2.0
bortezomib,Breast Neoplasms,2.0
bortezomib,Bronchiolitis Obliterans,2.0
bortezomib,Bronchiolitis Obliterans Syndrome,2.0
bortezomib,Burkitt Lymphoma,1.0
bortezomib,"Carcinoma, Adenoid Cystic",2.0
bortezomib,"Carcinoma, Medullary",1.0
bortezomib,"Carcinoma, Non-Small-Cell Lung",2.0
bortezomib,"Carcinoma, Pancreatic Ductal",2.0
bortezomib,"Carcinoma, Renal Cell",1.0
bortezomib,"Carcinoma, Squamous Cell",1.0
bortezomib,Castleman Disease,2.0
bortezomib,Central Nervous System Neoplasms,2.0
bortezomib,Cholangiocarcinoma,3.0
bortezomib,Colorectal Neoplasms,2.0
bortezomib,Esophageal Neoplasms,2.0
bortezomib,Fallopian Tube Neoplasms,1.0
bortezomib,Glioblastoma,2.0
bortezomib,Gliosarcoma,2.0
bortezomib,Graft vs Host Disease,2.0
bortezomib,Head and Neck Neoplasms,2.0
bortezomib,Hematologic Neoplasms,2.0
bortezomib,Hodgkin Disease,2.0
bortezomib,Immune System Diseases,2.0
bortezomib,Immunoblastic Lymphadenopathy,1.0
bortezomib,Immunoglobulin Light-chain Amyloidosis,3.0
bortezomib,Kidney Neoplasms,2.0
bortezomib,Leukemia,3.0
bortezomib,"Leukemia, Biphenotypic, Acute",2.0
bortezomib,"Leukemia, Lymphocytic, Chronic, B-Cell",2.0
bortezomib,"Leukemia, Lymphoid",1.0
bortezomib,"Leukemia, Myelogenous, Chronic, BCR-ABL Positive",2.0
bortezomib,"Leukemia, Myeloid, Acute",3.0
bortezomib,"Leukemia, Plasma Cell",2.0
bortezomib,"Leukemia, Promyelocytic, Acute",2.0
bortezomib,"Leukemia-Lymphoma, Adult T-Cell",1.0
bortezomib,Liver Neoplasms,2.0
bortezomib,Lung Neoplasms,2.0
bortezomib,Lymphoma,3.0
bortezomib,"Lymphoma, AIDS-Related",1.0
bortezomib,"Lymphoma, B-Cell, Marginal Zone",2.0
bortezomib,"Lymphoma, Follicular",2.0
bortezomib,"Lymphoma, Large B-Cell, Diffuse",3.0
bortezomib,"Lymphoma, Large-Cell, Anaplastic",1.0
bortezomib,"Lymphoma, Mantle-Cell",3.0
bortezomib,"Lymphoma, Non-Hodgkin",3.0
bortezomib,"Lymphoma, T-Cell, Peripheral",2.0
bortezomib,Lymphoproliferative Disorders,2.0
bortezomib,Melanoma,2.0
bortezomib,Mesothelioma,2.0
bortezomib,Multiple Myeloma,3.0
bortezomib,Muscular Dystrophies,1.0
bortezomib,Mycosis Fungoides,1.0
bortezomib,Myelodysplastic Syndromes,2.0
bortezomib,Myeloproliferative Disorders,0.5
bortezomib,Nasopharyngeal Neoplasms,2.0
bortezomib,Neoplasms,4.0
bortezomib,"Neoplasms, Plasma Cell",2.0
bortezomib,Neuroblastoma,1.0
bortezomib,Neuromyelitis Optica,2.0
bortezomib,Oligodendroglioma,1.0
bortezomib,Ovarian Neoplasms,2.0
bortezomib,Pancreatic Neoplasms,2.0
bortezomib,Paraganglioma,2.0
bortezomib,Peritoneal Neoplasms,1.0
bortezomib,Plasmacytoma,3.0
bortezomib,Precursor Cell Lymphoblastic Leukemia-Lymphoma,3.0
bortezomib,Precursor T-Cell Lymphoblastic Leukemia-Lymphoma,3.0
bortezomib,Prostatic Neoplasms,2.0
bortezomib,"Prostatic Neoplasms, Castration-Resistant",2.0
bortezomib,"Purpura, Thrombocytopenic, Idiopathic",3.0
bortezomib,"Red-Cell Aplasia, Pure",2.0
bortezomib,"Renal Insufficiency, Chronic",3.0
bortezomib,Sarcoma,2.0
bortezomib,"Sarcoma, Myeloid",3.0
bortezomib,Sezary Syndrome,1.0
bortezomib,Smoldering Multiple Myeloma,1.0
bortezomib,Stomach Neoplasms,2.0
bortezomib,Thyroid Neoplasms,2.0
bortezomib,Uremia,1.0
bortezomib,Ureteral Neoplasms,2.0
bortezomib,Urethral Neoplasms,2.0
bortezomib,Urinary Bladder Neoplasms,2.0
bortezomib,Uveal Melanoma,2.0
bortezomib,Waldenstrom Macroglobulinemia,3.0
bosentan,Asthma,2.0
bosentan,Diabetes Mellitus,1.0
bosentan,"Diabetes Mellitus, Type 2",3.0
bosentan,Eisenmenger Complex,3.0
bosentan,Familial Primary Pulmonary Hypertension,4.0
bosentan,Fever,1.0
bosentan,Glaucoma,1.0
bosentan,"Heart Defects, Congenital",4.0
bosentan,Heart Failure,1.0
bosentan,"Heart Septal Defects, Atrial",3.0
bosentan,Hermanski-Pudlak Syndrome,2.0
bosentan,"Hernias, Diaphragmatic, Congenital",2.0
bosentan,Hypertension,4.0
bosentan,"Hypertension, Pulmonary",4.0
bosentan,Hypoplastic Left Heart Syndrome,2.0
bosentan,Idiopathic Pulmonary Fibrosis,3.0
bosentan,Liver Cirrhosis,2.0
bosentan,Melanoma,2.0
bosentan,Mitral Valve Stenosis,1.0
bosentan,Neoplasms,1.0
bosentan,"Optic Neuropathy, Ischemic",3.0
bosentan,Pancreatic Neoplasms,1.0
bosentan,Persistent Fetal Circulation Syndrome,3.0
bosentan,Pulmonary Arterial Hypertension,4.0
bosentan,"Pulmonary Disease, Chronic Obstructive",2.0
bosentan,"Scleroderma, Systemic",4.0
bosentan,Sleep Apnea Syndromes,0.5
bosentan,Ulcer,3.0
bosutinib,Amyotrophic Lateral Sclerosis,1.0
bosutinib,Blast Crisis,1.0
bosutinib,Breast Neoplasms,2.0
bosutinib,"Carcinoma, Non-Small-Cell Lung",1.0
bosutinib,Cognitive Dysfunction,1.0
bosutinib,Dementia,1.0
bosutinib,Glioblastoma,2.0
bosutinib,Leukemia,2.0
bosutinib,"Leukemia, Myelogenous, Chronic, BCR-ABL Positive",3.0
bosutinib,Mesothelioma,1.0
bosutinib,Neoplasms,3.0
bosutinib,Ovarian Neoplasms,1.0
bosutinib,Pancreatic Neoplasms,1.0
bosutinib,Peritoneal Neoplasms,1.0
bosutinib,"Polycystic Kidney, Autosomal Dominant",2.0
bosutinib,Thymoma,1.0
bosutinib,Thymus Neoplasms,1.0
bosutinib,Urinary Bladder Neoplasms,1.0
bosutinib,Uterine Cervical Neoplasms,1.0
brequinar,"Leukemia, Myeloid, Acute",1.0
brequinar,Severe Acute Respiratory Syndrome,2.0
brexpiprazole,Alcoholism,2.0
brexpiprazole,Alzheimer Disease,3.0
brexpiprazole,Bipolar Disorder,3.0
brexpiprazole,Borderline Personality Disorder,2.0
brexpiprazole,Depressive Disorder,3.0
brexpiprazole,"Depressive Disorder, Major",4.0
brexpiprazole,Mental Disorders,3.0
brexpiprazole,Psychomotor Agitation,3.0
brexpiprazole,Psychotic Disorders,4.0
brexpiprazole,Schizophrenia,4.0
brexpiprazole,Sleep Wake Disorders,3.0
brexpiprazole,"Stress Disorders, Post-Traumatic",3.0
brivanib,Carcinoma,3.0
brivanib,"Carcinoma, Hepatocellular",3.0
brivanib,Colorectal Neoplasms,2.0
brivanib,Liver Neoplasms,3.0
brivanib,Neoplasm Metastasis,1.0
brivanib,Neoplasms,1.0
brivanib,Ovarian Neoplasms,1.0
brivanib,Uterine Cervical Neoplasms,2.0
brivudine,Colorectal Neoplasms,1.0
brivudine,Pancreatic Neoplasms,2.0
brivudine,Virus Diseases,2.0
bromocriptine,Adenomyosis,1.0
bromocriptine,Alzheimer Disease,1.0
bromocriptine,Anorexia Nervosa,0.5
bromocriptine,"Diabetes Mellitus, Type 1",2.0
bromocriptine,Intellectual Disability,2.0
bromocriptine,Obesity,2.0
bromocriptine,Ovarian Hyperstimulation Syndrome,2.0
bromocriptine,Parkinson Disease,4.0
bromocriptine,Peripartum Cardiomyopathy,3.0
broxuridine,Leukemia,2.0
broxuridine,"Prostatic Neoplasms, Castration-Resistant",2.0
bucladesine,Cardiovascular Diseases,2.0
budipine,Parkinson Disease,2.0
buflomedil,Cardiovascular Diseases,4.0
bumetanide,Alzheimer Disease,2.0
bumetanide,Autistic Disorder,3.0
bumetanide,"Carcinoma, Hepatocellular",1.0
bumetanide,Cardiovascular Diseases,4.0
bumetanide,"Child Development Disorders, Pervasive",3.0
bumetanide,"Diabetes Mellitus, Type 2",1.0
bumetanide,Down Syndrome,2.0
bumetanide,Heart Failure,4.0
bumetanide,Hypokalemic Periodic Paralysis,2.0
bumetanide,Kidney Diseases,4.0
bumetanide,Nephrotic Syndrome,4.0
bumetanide,"Renal Insufficiency, Chronic",2.0
bumetanide,Seizures,1.0
buparlisib,Breast Neoplasms,3.0
buparlisib,"Carcinoma, Non-Small-Cell Lung",2.0
buparlisib,"Carcinoma, Squamous Cell",2.0
buparlisib,Colorectal Neoplasms,1.0
buparlisib,Endometrial Neoplasms,2.0
buparlisib,Esophageal Neoplasms,2.0
buparlisib,Gastrointestinal Stromal Tumors,1.0
buparlisib,Glioblastoma,2.0
buparlisib,Head and Neck Neoplasms,3.0
buparlisib,Kidney Diseases,1.0
buparlisib,Leukemia,1.0
buparlisib,"Leukemia, Lymphocytic, Chronic, B-Cell",2.0
buparlisib,"Leukemia, Lymphoid",1.0
buparlisib,Liver Diseases,1.0
buparlisib,Lung Neoplasms,1.0
buparlisib,Lymphoma,1.0
buparlisib,"Lymphoma, Follicular",1.0
buparlisib,"Lymphoma, Large B-Cell, Diffuse",1.0
buparlisib,"Lymphoma, Mantle-Cell",2.0
buparlisib,Melanoma,2.0
buparlisib,Neoplasms,2.0
buparlisib,Primary Myelofibrosis,1.0
buparlisib,"Prostatic Neoplasms, Castration-Resistant",2.0
buparlisib,Small Cell Lung Carcinoma,1.0
buparlisib,Thymoma,2.0
buparlisib,Thyroid Neoplasms,2.0
buparlisib,Uterine Cervical Neoplasms,2.0
bupivacaine,Abdominal Pain,2.0
bupivacaine,Acute Pain,4.0
bupivacaine,Analgesia,3.0
bupivacaine,Ankle Fractures,3.0
bupivacaine,Aortic Coarctation,1.0
bupivacaine,Appendicitis,2.0
bupivacaine,Atrial Fibrillation,2.0
bupivacaine,Blepharoptosis,2.0
bupivacaine,Blood Coagulation Disorders,2.0
bupivacaine,Brain Neoplasms,1.0
bupivacaine,Breast Neoplasms,3.0
bupivacaine,Breech Presentation,3.0
bupivacaine,"Carcinoma, Non-Small-Cell Lung",3.0
bupivacaine,Chronic Pain,3.0
bupivacaine,Cleft Palate,2.0
bupivacaine,Complex Regional Pain Syndromes,2.0
bupivacaine,Cough,3.0
bupivacaine,Dupuytren Contracture,2.0
bupivacaine,"Fasciitis, Plantar",2.0
bupivacaine,Femoral Neck Fractures,2.0
bupivacaine,"Fractures, Bone",3.0
bupivacaine,"Genital Neoplasms, Female",3.0
bupivacaine,HIV Infections,1.0
bupivacaine,Hallux Valgus,3.0
bupivacaine,Headache,2.0
bupivacaine,Hemorrhage,2.0
bupivacaine,Hemorrhoids,3.0
bupivacaine,Hernia,4.0
bupivacaine,"Hernia, Inguinal",3.0
bupivacaine,"Hernia, Umbilical",2.0
bupivacaine,"Hernia, Ventral",0.5
bupivacaine,Hip Fractures,2.0
bupivacaine,Hypospadias,2.0
bupivacaine,Hypotension,2.0
bupivacaine,Ileus,3.0
bupivacaine,Lacrimal Apparatus Diseases,2.0
bupivacaine,Liver Diseases,3.0
bupivacaine,Low Back Pain,2.0
bupivacaine,Lung Diseases,0.5
bupivacaine,Lung Neoplasms,3.0
bupivacaine,Migraine Disorders,3.0
bupivacaine,Mucositis,2.0
bupivacaine,Musculoskeletal Diseases,2.0
bupivacaine,Neoplasms,3.0
bupivacaine,Neuralgia,0.5
bupivacaine,"Obesity, Morbid",1.0
bupivacaine,Osteoarthritis,3.0
bupivacaine,"Osteoarthritis, Hip",2.0
bupivacaine,"Osteoarthritis, Knee",3.0
bupivacaine,Pain,4.0
bupivacaine,Pancreatic Neoplasms,3.0
bupivacaine,"Pancreatitis, Chronic",3.0
bupivacaine,Peritoneal Neoplasms,3.0
bupivacaine,Postoperative Nausea and Vomiting,3.0
bupivacaine,Pregnancy,2.0
bupivacaine,"Prostatic Neoplasms, Castration-Resistant",1.0
bupivacaine,Pulpitis,2.0
bupivacaine,Radiculopathy,3.0
bupivacaine,Radius Fractures,3.0
bupivacaine,Rib Fractures,2.0
bupivacaine,Rotator Cuff Injuries,3.0
bupivacaine,Sarcoma,0.5
bupivacaine,Shoulder Pain,2.0
bupivacaine,Sinusitis,1.0
bupivacaine,Spinal Stenosis,2.0
bupivacaine,"Stress Disorders, Post-Traumatic",0.5
bupivacaine,Subarachnoid Hemorrhage,0.5
bupivacaine,Toothache,3.0
bupivacaine,Urethral Stricture,3.0
bupivacaine,"Vasospasm, Intracranial",1.0
bupivacaine,Wounds and Injuries,3.0
bupropion,Alcoholism,2.0
bupropion,Alzheimer Disease,1.0
bupropion,Amphetamine-Related Disorders,2.0
bupropion,"Anemia, Sickle Cell",1.0
bupropion,Anxiety,3.0
bupropion,Attention Deficit Disorder with Hyperactivity,3.0
bupropion,Bipolar Disorder,1.0
bupropion,"Carcinoma, Non-Small-Cell Lung",1.0
bupropion,Cocaine-Related Disorders,2.0
bupropion,Crohn Disease,2.0
bupropion,Dementia,3.0
bupropion,Depressive Disorder,4.0
bupropion,"Depressive Disorder, Major",4.0
bupropion,"Depressive Disorder, Treatment-Resistant",3.0
bupropion,"Diabetes Mellitus, Type 2",1.0
bupropion,Head and Neck Neoplasms,1.0
bupropion,Huntington Disease,2.0
bupropion,"Leukemia, Lymphocytic, Chronic, B-Cell",1.0
bupropion,Marijuana Abuse,2.0
bupropion,Melanoma,1.0
bupropion,Mitochondrial Diseases,1.0
bupropion,Neoplasms,1.0
bupropion,Obesity,3.0
bupropion,"Prostatic Neoplasms, Castration-Resistant",1.0
bupropion,Restless Legs Syndrome,2.0
bupropion,Schizophrenia,3.0
bupropion,"Sexual Dysfunction, Physiological",1.0
bupropion,Smoking Cessation,3.0
bupropion,Substance-Related Disorders,2.0
bupropion,Tobacco Use Disorder,3.0
buspirone,Anxiety,4.0
buspirone,Anxiety Disorders,3.0
buspirone,Apnea,3.0
buspirone,Attention Deficit Disorder with Hyperactivity,2.0
buspirone,Autistic Disorder,2.0
buspirone,"Child Development Disorders, Pervasive",2.0
buspirone,Cocaine-Related Disorders,2.0
buspirone,Dementia,3.0
buspirone,Depressive Disorder,3.0
buspirone,"Depressive Disorder, Major",2.0
buspirone,Dyspepsia,1.0
buspirone,Gastroparesis,2.0
buspirone,Ischemic Stroke,3.0
buspirone,Marijuana Abuse,2.0
buspirone,Parkinson Disease,3.0
buspirone,Schizophrenia,3.0
buspirone,"Scleroderma, Systemic",0.5
buspirone,"Sexual Dysfunction, Physiological",2.0
buspirone,Spinal Cord Injuries,2.0
busulfan,Acquired Immunodeficiency Syndrome,1.0
busulfan,Adrenoleukodystrophy,2.0
busulfan,Anemia,1.0
busulfan,"Anemia, Refractory",3.0
busulfan,"Anemia, Refractory, with Excess of Blasts",3.0
busulfan,"Anemia, Sickle Cell",2.0
busulfan,Blast Crisis,1.0
busulfan,Brain Neoplasms,1.0
busulfan,Breast Neoplasms,3.0
busulfan,"Breast Neoplasms, Male",2.0
busulfan,Central Nervous System Neoplasms,2.0
busulfan,Chordoma,1.0
busulfan,Epidermolysis Bullosa,2.0
busulfan,Fanconi Anemia,2.0
busulfan,Fucosidosis,2.0
busulfan,Ganglioneuroblastoma,3.0
busulfan,"Gangliosidosis, GM1",2.0
busulfan,Gaucher Disease,2.0
busulfan,"Genetic Diseases, Inborn",1.0
busulfan,Glioma,2.0
busulfan,Graft vs Host Disease,3.0
busulfan,"Granulomatous Disease, Chronic",2.0
busulfan,HIV Infections,1.0
busulfan,Hematologic Diseases,2.0
busulfan,Hematologic Neoplasms,2.0
busulfan,Hematopoietic Stem Cell Transplantation,4.0
busulfan,Hemoglobinopathies,2.0
busulfan,"Histiocytosis, Langerhans-Cell",2.0
busulfan,Hodgkin Disease,2.0
busulfan,Immune System Diseases,2.0
busulfan,Immunologic Deficiency Syndromes,2.0
busulfan,Inflammatory Breast Neoplasms,2.0
busulfan,Kidney Neoplasms,2.0
busulfan,Leukemia,4.0
busulfan,"Leukemia, Basophilic, Acute",3.0
busulfan,"Leukemia, Erythroblastic, Acute",3.0
busulfan,"Leukemia, Lymphocytic, Chronic, B-Cell",2.0
busulfan,"Leukemia, Megakaryoblastic, Acute",3.0
busulfan,"Leukemia, Monocytic, Acute",3.0
busulfan,"Leukemia, Myelogenous, Chronic, BCR-ABL Positive",4.0
busulfan,"Leukemia, Myeloid",1.0
busulfan,"Leukemia, Myeloid, Acute",3.0
busulfan,"Leukemia, Myelomonocytic, Acute",3.0
busulfan,"Leukemia, Myelomonocytic, Chronic",3.0
busulfan,"Leukemia, Myelomonocytic, Juvenile",2.0
busulfan,"Leukemia, Plasma Cell",2.0
busulfan,"Leukodystrophy, Globoid Cell",2.0
busulfan,"Leukodystrophy, Metachromatic",2.0
busulfan,Liver Neoplasms,1.0
busulfan,Lymphoma,3.0
busulfan,"Lymphoma, AIDS-Related",2.0
busulfan,"Lymphoma, Follicular",2.0
busulfan,"Lymphoma, Large B-Cell, Diffuse",2.0
busulfan,"Lymphoma, Mantle-Cell",2.0
busulfan,"Lymphoma, Non-Hodgkin",2.0
busulfan,"Lymphoma, T-Cell",2.0
busulfan,Melanoma,1.0
busulfan,Multiple Myeloma,3.0
busulfan,Myelodysplastic Syndromes,3.0
busulfan,Myelodysplastic-Myeloproliferative Diseases,2.0
busulfan,Myeloproliferative Disorders,2.0
busulfan,Neoplasms,4.0
busulfan,"Neoplasms, Germ Cell and Embryonal",1.0
busulfan,"Neoplasms, Plasma Cell",2.0
busulfan,Neuroblastoma,3.0
busulfan,Neuronal Ceroid-Lipofuscinoses,2.0
busulfan,Niemann-Pick Diseases,2.0
busulfan,Osteogenesis Imperfecta,1.0
busulfan,Osteopetrosis,2.0
busulfan,Ovarian Neoplasms,1.0
busulfan,Plasmacytoma,2.0
busulfan,Precursor Cell Lymphoblastic Leukemia-Lymphoma,3.0
busulfan,Primary Myelofibrosis,2.0
busulfan,Retinoblastoma,1.0
busulfan,Sandhoff Disease,2.0
busulfan,Sarcoma,3.0
busulfan,"Sarcoma, Ewing",3.0
busulfan,Severe Combined Immunodeficiency,2.0
busulfan,Signs and Symptoms,2.0
busulfan,Tay-Sachs Disease,2.0
busulfan,Thalassemia,2.0
busulfan,"Thrombocythemia, Essential",3.0
busulfan,Thrombosis,3.0
busulfan,Wiskott-Aldrich Syndrome,1.0
busulfan,Wolman Disease,2.0
busulfan,X-Linked Combined Immunodeficiency Diseases,1.0
busulfan,beta-Thalassemia,2.0
cabazitaxel,Adrenal Cortex Neoplasms,2.0
cabazitaxel,Brain Neoplasms,1.0
cabazitaxel,Breast Neoplasms,2.0
cabazitaxel,"Carcinoma, Non-Small-Cell Lung",2.0
cabazitaxel,"Carcinoma, Squamous Cell",2.0
cabazitaxel,"Carcinoma, Transitional Cell",2.0
cabazitaxel,Colorectal Neoplasms,2.0
cabazitaxel,Glioblastoma,2.0
cabazitaxel,Glioma,1.0
cabazitaxel,Head and Neck Neoplasms,2.0
cabazitaxel,Liposarcoma,2.0
cabazitaxel,Neoplasms,4.0
cabazitaxel,Ovarian Neoplasms,2.0
cabazitaxel,Penile Neoplasms,2.0
cabazitaxel,Prostatic Neoplasms,4.0
cabazitaxel,"Prostatic Neoplasms, Castration-Resistant",4.0
cabazitaxel,Small Cell Lung Carcinoma,2.0
cabazitaxel,Stomach Neoplasms,2.0
cabazitaxel,Testicular Neoplasms,2.0
cabazitaxel,Urinary Bladder Neoplasms,2.0
cabergoline,Breast Neoplasms,0.5
cabergoline,Cocaine-Related Disorders,2.0
cabergoline,Diabetes Mellitus,3.0
cabergoline,Endometriosis,2.0
cabergoline,Infertility,2.0
cabergoline,Obesity,1.0
cabergoline,Ovarian Hyperstimulation Syndrome,3.0
cabergoline,"Paget Disease, Extramammary",2.0
cabergoline,Parkinson Disease,4.0
cabergoline,Pituitary ACTH Hypersecretion,2.0
cabergoline,Pituitary Neoplasms,4.0
cabergoline,Polycystic Ovary Syndrome,2.0
cabergoline,Restless Legs Syndrome,3.0
cabergoline,Substance-Related Disorders,1.0
cabozantinib,"Adenocarcinoma, Follicular",2.0
cabozantinib,Adrenal Cortex Neoplasms,2.0
cabozantinib,Astrocytoma,2.0
cabozantinib,Bile Duct Neoplasms,2.0
cabozantinib,Breast Neoplasms,2.0
cabozantinib,Carcinoid Tumor,2.0
cabozantinib,Carcinoma,2.0
cabozantinib,"Carcinoma, Hepatocellular",3.0
cabozantinib,"Carcinoma, Medullary",3.0
cabozantinib,"Carcinoma, Neuroendocrine",2.0
cabozantinib,"Carcinoma, Non-Small-Cell Lung",3.0
cabozantinib,"Carcinoma, Renal Cell",3.0
cabozantinib,"Carcinoma, Squamous Cell",1.0
cabozantinib,Cholangiocarcinoma,2.0
cabozantinib,Colorectal Neoplasms,2.0
cabozantinib,Gastrointestinal Stromal Tumors,2.0
cabozantinib,Glioblastoma,2.0
cabozantinib,Gliosarcoma,1.0
cabozantinib,Kidney Neoplasms,2.0
cabozantinib,"Leukemia, Myeloid, Acute",1.0
cabozantinib,Liver Diseases,1.0
cabozantinib,Liver Neoplasms,2.0
cabozantinib,Lung Neoplasms,2.0
cabozantinib,Melanoma,2.0
cabozantinib,Meningioma,2.0
cabozantinib,Multiple Myeloma,1.0
cabozantinib,Neoplasms,4.0
cabozantinib,Neuroendocrine Tumors,2.0
cabozantinib,Osteosarcoma,2.0
cabozantinib,Pancreatic Neoplasms,2.0
cabozantinib,Prostatic Neoplasms,2.0
cabozantinib,"Prostatic Neoplasms, Castration-Resistant",2.0
cabozantinib,"Pulmonary Disease, Chronic Obstructive",2.0
cabozantinib,Rectal Neoplasms,2.0
cabozantinib,Retroviridae Infections,2.0
cabozantinib,Salivary Gland Neoplasms,2.0
cabozantinib,Sarcoma,2.0
cabozantinib,Thyroid Neoplasms,3.0
cabozantinib,Urinary Bladder Neoplasms,2.0
cabozantinib,Urogenital Neoplasms,1.0
cabozantinib,Uterine Cervical Neoplasms,2.0
caffeine,Alcoholism,1.0
caffeine,Alzheimer Disease,3.0
caffeine,Amblyopia,1.0
caffeine,Amyotrophic Lateral Sclerosis,1.0
caffeine,Anemia,1.0
caffeine,Apnea,4.0
caffeine,"Arthritis, Rheumatoid",1.0
caffeine,Atrial Fibrillation,3.0
caffeine,Attention Deficit Disorder with Hyperactivity,4.0
caffeine,Back Pain,3.0
caffeine,Breast Neoplasms,2.0
caffeine,Bronchopulmonary Dysplasia,3.0
caffeine,Chronic Pain,1.0
caffeine,Cocaine-Related Disorders,2.0
caffeine,"Colitis, Ulcerative",1.0
caffeine,Common Cold,3.0
caffeine,Communicable Diseases,1.0
caffeine,Coronary Disease,3.0
caffeine,Crohn Disease,1.0
caffeine,"Dermatitis, Atopic",1.0
caffeine,"Diabetes Mellitus, Type 2",1.0
caffeine,Dysmenorrhea,3.0
caffeine,Dyspnea,2.0
caffeine,Endotoxemia,1.0
caffeine,HIV Infections,1.0
caffeine,Headache,3.0
caffeine,"Hepatitis C, Chronic",1.0
caffeine,"Hypotension, Orthostatic",1.0
caffeine,Hypoxia,3.0
caffeine,Intermittent Claudication,3.0
caffeine,Low Back Pain,3.0
caffeine,Melanoma,1.0
caffeine,Migraine Disorders,4.0
caffeine,Migraine with Aura,3.0
caffeine,Migraine without Aura,3.0
caffeine,Mitochondrial Diseases,1.0
caffeine,"Multiple Sclerosis, Relapsing-Remitting",3.0
caffeine,Narcolepsy,1.0
caffeine,Neck Pain,3.0
caffeine,Neoplasm Metastasis,1.0
caffeine,Neoplasms,1.0
caffeine,Non-alcoholic Fatty Liver Disease,1.0
caffeine,Obesity,3.0
caffeine,Pain,4.0
caffeine,Parkinson Disease,3.0
caffeine,"Prostatic Neoplasms, Castration-Resistant",1.0
caffeine,Psoriasis,1.0
caffeine,Severe Acute Respiratory Syndrome,1.0
caffeine,"Sexual Dysfunction, Physiological",1.0
caffeine,Spinal Cord Injuries,1.0
caffeine,Substance-Related Disorders,1.0
caffeine,Tension-Type Headache,2.0
caffeine,Toothache,3.0
caffeine,Voice Disorders,0.5
calcitriol,Acute Kidney Injury,2.0
calcitriol,Adenomatous Polyposis Coli,3.0
calcitriol,Attention Deficit Disorder with Hyperactivity,1.0
calcitriol,Breast Neoplasms,2.0
calcitriol,"Carcinoma, Basal Cell",2.0
calcitriol,"Carcinoma, Non-Small-Cell Lung",1.0
calcitriol,Central Nervous System Neoplasms,1.0
calcitriol,Cholangiocarcinoma,2.0
calcitriol,Chronic Kidney Disease-Mineral and Bone Disorder,2.0
calcitriol,Crohn Disease,1.0
calcitriol,"Diabetes Mellitus, Type 1",2.0
calcitriol,Diabetic Nephropathies,3.0
calcitriol,Familial Hypophosphatemic Rickets,0.5
calcitriol,Fibroma,3.0
calcitriol,"Hyperparathyroidism, Secondary",2.0
calcitriol,Hypertension,2.0
calcitriol,Hypocalcemia,4.0
calcitriol,Hypoparathyroidism,4.0
calcitriol,"Kidney Failure, Chronic",4.0
calcitriol,Klinefelter Syndrome,2.0
calcitriol,"Lupus Erythematosus, Systemic",2.0
calcitriol,Melanoma,1.0
calcitriol,Mouth Neoplasms,1.0
calcitriol,Myelodysplastic Syndromes,2.0
calcitriol,Neoplasms,1.0
calcitriol,Opioid-Related Disorders,1.0
calcitriol,Osteopetrosis,3.0
calcitriol,Osteoporosis,3.0
calcitriol,"Osteoporosis, Postmenopausal",1.0
calcitriol,Pancreatic Neoplasms,2.0
calcitriol,Prediabetic State,1.0
calcitriol,Prostatic Neoplasms,2.0
calcitriol,"Prostatic Neoplasms, Castration-Resistant",3.0
calcitriol,Psoriasis,4.0
calcitriol,"Rickets, Hypophosphatemic",0.5
calcitriol,Sepsis,2.0
calcitriol,Severe Acute Respiratory Syndrome,2.0
camicinal,Gastroparesis,2.0
camostat-mesilate,Protein-Losing Enteropathies,2.0
camostat-mesilate,Severe Acute Respiratory Syndrome,3.0
canagliflozin,Breast Neoplasms,2.0
canagliflozin,Diabetes Mellitus,4.0
canagliflozin,"Diabetes Mellitus, Type 1",2.0
canagliflozin,"Diabetes Mellitus, Type 2",4.0
canagliflozin,Diabetic Nephropathies,3.0
canagliflozin,Heart Failure,3.0
canagliflozin,Obesity,2.0
canagliflozin,Polycystic Ovary Syndrome,1.0
canagliflozin,Renal Insufficiency,1.0
canagliflozin,"Renal Insufficiency, Chronic",2.0
candesartan,Amphetamine-Related Disorders,1.0
candesartan,Aortic Valve Stenosis,3.0
candesartan,Atrial Fibrillation,3.0
candesartan,Barrett Esophagus,0.5
candesartan,Bipolar Disorder,0.5
candesartan,"Cardiomyopathy, Dilated",3.0
candesartan,"Cardiomyopathy, Hypertrophic",2.0
candesartan,Cardiovascular Diseases,3.0
candesartan,Cocaine-Related Disorders,2.0
candesartan,Cognitive Dysfunction,2.0
candesartan,"Diabetes Mellitus, Type 1",3.0
candesartan,"Diabetes Mellitus, Type 2",3.0
candesartan,Essential Hypertension,3.0
candesartan,Heart Diseases,3.0
candesartan,Heart Failure,3.0
candesartan,Hepatitis C,2.0
candesartan,Hypertension,3.0
candesartan,"Hypertrophy, Left Ventricular",3.0
candesartan,"Liver Diseases, Alcoholic",1.0
candesartan,Migraine Disorders,2.0
candesartan,Migraine with Aura,2.0
candesartan,Migraine without Aura,2.0
candesartan,Peripheral Nervous System Diseases,2.0
candesartan,Severe Acute Respiratory Syndrome,3.0
candesartan,Substance-Related Disorders,1.0
capecitabine,Adenocarcinoma,3.0
capecitabine,Anus Neoplasms,2.0
capecitabine,Bile Duct Neoplasms,2.0
capecitabine,Biliary Tract Neoplasms,3.0
capecitabine,Brain Diseases,3.0
capecitabine,Brain Neoplasms,2.0
capecitabine,Breast Neoplasms,4.0
capecitabine,"Breast Neoplasms, Male",2.0
capecitabine,Carcinoma,3.0
capecitabine,"Carcinoma, Hepatocellular",2.0
capecitabine,"Carcinoma, Islet Cell",2.0
capecitabine,"Carcinoma, Merkel Cell",1.0
capecitabine,"Carcinoma, Neuroendocrine",2.0
capecitabine,"Carcinoma, Non-Small-Cell Lung",3.0
capecitabine,"Carcinoma, Pancreatic Ductal",3.0
capecitabine,"Carcinoma, Renal Cell",3.0
capecitabine,"Carcinoma, Squamous Cell",3.0
capecitabine,Central Nervous System Neoplasms,1.0
capecitabine,Cholangiocarcinoma,3.0
capecitabine,Colonic Neoplasms,4.0
capecitabine,Colorectal Neoplasms,4.0
capecitabine,Esophageal Neoplasms,3.0
capecitabine,Fallopian Tube Neoplasms,2.0
capecitabine,Gallbladder Neoplasms,3.0
capecitabine,Glioblastoma,2.0
capecitabine,Glioma,2.0
capecitabine,Hand-Foot Syndrome,3.0
capecitabine,Head and Neck Neoplasms,2.0
capecitabine,Hypopharyngeal Neoplasms,2.0
capecitabine,Inflammatory Breast Neoplasms,2.0
capecitabine,Kidney Neoplasms,2.0
capecitabine,Liver Neoplasms,3.0
capecitabine,Lung Neoplasms,2.0
capecitabine,"Lymphoma, Non-Hodgkin",1.0
capecitabine,Melanoma,1.0
capecitabine,Mesothelioma,2.0
capecitabine,Nasopharyngeal Carcinoma,3.0
capecitabine,Nasopharyngeal Neoplasms,3.0
capecitabine,Neoplasm Metastasis,1.0
capecitabine,Neoplasms,4.0
capecitabine,Neuroendocrine Tumors,3.0
capecitabine,Oropharyngeal Neoplasms,2.0
capecitabine,Ovarian Neoplasms,2.0
capecitabine,Pancreatic Neoplasms,3.0
capecitabine,Paraganglioma,2.0
capecitabine,Peritoneal Neoplasms,2.0
capecitabine,"Prostatic Neoplasms, Castration-Resistant",2.0
capecitabine,Pseudomyxoma Peritonei,2.0
capecitabine,"Pulmonary Disease, Chronic Obstructive",3.0
capecitabine,Rectal Neoplasms,3.0
capecitabine,Skin Neoplasms,2.0
capecitabine,Squamous Cell Carcinoma of Head and Neck,2.0
capecitabine,Stomach Neoplasms,4.0
capecitabine,Thyroid Neoplasms,2.0
capecitabine,Triple Negative Breast Neoplasms,3.0
capecitabine,Urinary Bladder Neoplasms,1.0
capecitabine,Uterine Cervical Neoplasms,2.0
capsaicin,Amyotrophic Lateral Sclerosis,0.5
capsaicin,"Angina, Stable",3.0
capsaicin,Arthralgia,4.0
capsaicin,Arthritis,4.0
capsaicin,Back Pain,4.0
capsaicin,Brain Injuries,0.5
capsaicin,Breast Neoplasms,3.0
capsaicin,Bursitis,4.0
capsaicin,Cardiovascular Diseases,2.0
capsaicin,Common Cold,3.0
capsaicin,Contusions,4.0
capsaicin,Cough,1.0
capsaicin,Diabetic Neuropathies,3.0
capsaicin,Facial Pain,2.0
capsaicin,HIV Infections,2.0
capsaicin,Head and Neck Neoplasms,3.0
capsaicin,Herpes Zoster,3.0
capsaicin,"Hypertension, Pulmonary",2.0
capsaicin,Migraine Disorders,0.5
capsaicin,Morton Neuroma,2.0
capsaicin,Muscle Cramp,4.0
capsaicin,Myalgia,4.0
capsaicin,Myofascial Pain Syndromes,2.0
capsaicin,Nausea,2.0
capsaicin,Neuralgia,4.0
capsaicin,"Neuralgia, Postherpetic",2.0
capsaicin,Neuroma,2.0
capsaicin,Osteoarthritis,4.0
capsaicin,"Osteoarthritis, Knee",3.0
capsaicin,Pain,4.0
capsaicin,Peripheral Nervous System Diseases,3.0
capsaicin,Pruritus,1.0
capsaicin,Sprains and Strains,4.0
capsaicin,Stroke,1.0
capsaicin,Tendinopathy,4.0
capsaicin,Tennis Elbow,2.0
capsaicin,Vomiting,2.0
carbachol,Cataract,4.0
carbachol,Glaucoma,4.0
carbachol,Miosis,4.0
carbachol,Presbyopia,3.0
carbamazepine,Anxiety,3.0
carbamazepine,Bipolar Disorder,4.0
carbamazepine,Cocaine-Related Disorders,2.0
carbamazepine,Dementia,3.0
carbamazepine,Depressive Disorder,3.0
carbamazepine,"Epilepsies, Partial",4.0
carbamazepine,Epilepsy,4.0
carbamazepine,"Epilepsy, Reflex",2.0
carbamazepine,Glossopharyngeal Nerve Diseases,4.0
carbamazepine,HIV Infections,2.0
carbamazepine,"Hepatitis B, Chronic",1.0
carbamazepine,Nausea,2.0
carbamazepine,Parkinson Disease,1.0
carbamazepine,Schizophrenia,3.0
carbamazepine,Seizures,4.0
carbamazepine,Severe Acute Respiratory Syndrome,1.0
carbamazepine,Substance-Related Disorders,2.0
carbamazepine,Trigeminal Neuralgia,4.0
carbenoxolone,Gastroesophageal Reflux,4.0
carbenoxolone,Peptic Ulcer,4.0
carbimazole,Thyroid Diseases,4.0
carbimazole,Thyrotoxicosis,3.0
carfilzomib,Amyloidosis,1.0
carfilzomib,Bronchiolitis Obliterans Syndrome,2.0
carfilzomib,"Carcinoma, Neuroendocrine",2.0
carfilzomib,"Carcinoma, Non-Small-Cell Lung",1.0
carfilzomib,Hodgkin Disease,1.0
carfilzomib,Immunoglobulin Light-chain Amyloidosis,1.0
carfilzomib,Kidney Neoplasms,2.0
carfilzomib,Leukemia,1.0
carfilzomib,"Leukemia, Lymphocytic, Chronic, B-Cell",1.0
carfilzomib,"Leukemia, Myeloid, Acute",1.0
carfilzomib,"Leukemia, Plasma Cell",1.0
carfilzomib,"Leukemia, Prolymphocytic",1.0
carfilzomib,Lymphoma,2.0
carfilzomib,"Lymphoma, Follicular",2.0
carfilzomib,"Lymphoma, Large B-Cell, Diffuse",1.0
carfilzomib,"Lymphoma, Mantle-Cell",2.0
carfilzomib,"Lymphoma, Non-Hodgkin",1.0
carfilzomib,"Lymphoma, T-Cell, Cutaneous",1.0
carfilzomib,"Lymphoma, T-Cell, Peripheral",1.0
carfilzomib,Multiple Myeloma,4.0
carfilzomib,Mycosis Fungoides,1.0
carfilzomib,Neoplasms,4.0
carfilzomib,Plasmacytoma,1.0
carfilzomib,Precursor Cell Lymphoblastic Leukemia-Lymphoma,1.0
carfilzomib,"Prostatic Neoplasms, Castration-Resistant",2.0
carfilzomib,Sezary Syndrome,1.0
carfilzomib,Small Cell Lung Carcinoma,1.0
carfilzomib,Smoldering Multiple Myeloma,2.0
carfilzomib,Waldenstrom Macroglobulinemia,2.0
carglumic-acid,"Amino Acid Metabolism, Inborn Errors",4.0
carglumic-acid,Hyperammonemia,4.0
carglumic-acid,"Metabolism, Inborn Errors",2.0
carglumic-acid,Propionic Acidemia,4.0
cariprazine,Anxiety Disorders,2.0
cariprazine,Bipolar Disorder,3.0
cariprazine,"Child Development Disorders, Pervasive",3.0
cariprazine,Depressive Disorder,3.0
cariprazine,"Depressive Disorder, Major",3.0
cariprazine,Psychotic Disorders,4.0
cariprazine,Schizophrenia,3.0
carisoprodol,Low Back Pain,3.0
carisoprodol,Pain,4.0
carisoprodol,Spasm,4.0
carvedilol,"Angina, Stable",1.0
carvedilol,"Arthritis, Rheumatoid",0.5
carvedilol,Atherosclerosis,3.0
carvedilol,Atrial Fibrillation,3.0
carvedilol,Breast Neoplasms,2.0
carvedilol,Cardiomyopathies,2.0
carvedilol,Cardiovascular Diseases,4.0
carvedilol,Cocaine-Related Disorders,2.0
carvedilol,Coronary Disease,3.0
carvedilol,"Diabetes Mellitus, Type 2",3.0
carvedilol,Epilepsy,2.0
carvedilol,Esophageal and Gastric Varices,2.0
carvedilol,Essential Hypertension,3.0
carvedilol,Glioblastoma,0.5
carvedilol,Heart Failure,4.0
carvedilol,Hematologic Neoplasms,3.0
carvedilol,Hypercholesterolemia,3.0
carvedilol,Hypertension,4.0
carvedilol,"Hypertension, Portal",3.0
carvedilol,"Hypertension, Pulmonary",2.0
carvedilol,"Hypertrophy, Left Ventricular",3.0
carvedilol,Hypoglycemia,2.0
carvedilol,Kidney Diseases,2.0
carvedilol,"Kidney Failure, Chronic",3.0
carvedilol,"Leukemia, Lymphoid",3.0
carvedilol,"Leukemia, Myeloid, Acute",3.0
carvedilol,Lymphoma,3.0
carvedilol,Multiple Myeloma,3.0
carvedilol,Myocardial Infarction,4.0
carvedilol,Neoplasms,2.0
carvedilol,"Prostatic Neoplasms, Castration-Resistant",2.0
carvedilol,"Renal Insufficiency, Chronic",3.0
carvedilol,"Stress Disorders, Post-Traumatic",2.0
carvedilol,Vascular Diseases,1.0
carvedilol,"Ventricular Dysfunction, Left",4.0
cediranib,Biliary Tract Neoplasms,2.0
cediranib,Brain Neoplasms,1.0
cediranib,Breast Neoplasms,2.0
cediranib,"Carcinoma, Non-Small-Cell Lung",2.0
cediranib,"Carcinoma, Renal Cell",2.0
cediranib,Colorectal Neoplasms,2.0
cediranib,Endometrial Neoplasms,1.0
cediranib,Fallopian Tube Neoplasms,1.0
cediranib,Glioblastoma,3.0
cediranib,Leukemia,1.0
cediranib,"Leukemia, Myeloid, Acute",1.0
cediranib,Lung Neoplasms,1.0
cediranib,Melanoma,1.0
cediranib,Neoplasm Metastasis,1.0
cediranib,Neoplasms,3.0
cediranib,Ovarian Neoplasms,3.0
cediranib,Peritoneal Neoplasms,1.0
cediranib,Prostatic Neoplasms,2.0
cediranib,"Prostatic Neoplasms, Castration-Resistant",2.0
cediranib,Rectal Neoplasms,1.0
cediranib,"Sarcoma, Alveolar Soft Part",2.0
cediranib,Small Cell Lung Carcinoma,2.0
cediranib,Stomach Neoplasms,1.0
cediranib,Thyroid Neoplasms,1.0
cediranib,Uterine Cervical Neoplasms,2.0
cefdinir,Appendicitis,0.5
cefdinir,Bacterial Infections,4.0
cefdinir,"Bronchitis, Chronic",4.0
cefdinir,Infections,4.0
cefdinir,Mastitis,2.0
cefdinir,Osteomyelitis,0.5
cefdinir,Otitis Media,4.0
cefdinir,Pharyngitis,4.0
cefdinir,Pneumonia,4.0
cefdinir,Tonsillitis,4.0
cefepime,Bacterial Infections,4.0
cefepime,Communicable Diseases,2.0
cefepime,Enterobacteriaceae Infections,3.0
cefepime,Hematologic Neoplasms,2.0
cefepime,Kidney Diseases,1.0
cefepime,Osteomyelitis,0.5
cefepime,"Pneumonia, Ventilator-Associated",3.0
cefepime,Pyelonephritis,3.0
cefepime,"Shock, Septic",3.0
cefepime,Urinary Tract Infections,3.0
cefoperazone,Bacterial Infections,4.0
cefoperazone,Osteomyelitis,0.5
cefotetan,Bacterial Infections,4.0
cefotetan,Cholecystitis,1.0
cefotetan,Osteomyelitis,0.5
cefozopran,Bacterial Infections,2.0
celecoxib,Acute Pain,4.0
celecoxib,Adenoma,3.0
celecoxib,Adenomatous Polyposis Coli,4.0
celecoxib,Alzheimer Disease,3.0
celecoxib,Amyotrophic Lateral Sclerosis,2.0
celecoxib,Anti-Neutrophil Cytoplasmic Antibody-Associated Vasculitis,1.0
celecoxib,"Arthritis, Juvenile",4.0
celecoxib,"Arthritis, Rheumatoid",4.0
celecoxib,Back Pain,2.0
celecoxib,Bipolar Disorder,3.0
celecoxib,Brain Neoplasms,2.0
celecoxib,Breast Carcinoma In Situ,1.0
celecoxib,Breast Neoplasms,3.0
celecoxib,"Carcinoma, Hepatocellular",1.0
celecoxib,"Carcinoma, Non-Small-Cell Lung",3.0
celecoxib,"Carcinoma, Renal Cell",2.0
celecoxib,Central Nervous System Neoplasms,2.0
celecoxib,Cerebral Hemorrhage,2.0
celecoxib,Chronic Pain,3.0
celecoxib,Colonic Neoplasms,3.0
celecoxib,Colorectal Neoplasms,3.0
celecoxib,"Depression, Postpartum",3.0
celecoxib,Depressive Disorder,3.0
celecoxib,"Depressive Disorder, Major",0.5
celecoxib,Dysmenorrhea,4.0
celecoxib,Endometrial Neoplasms,2.0
celecoxib,Esophageal Neoplasms,2.0
celecoxib,Facial Pain,2.0
celecoxib,"Fractures, Bone",1.0
celecoxib,Glioblastoma,2.0
celecoxib,Gout,3.0
celecoxib,Graves Ophthalmopathy,2.0
celecoxib,Hand-Foot Syndrome,3.0
celecoxib,Head and Neck Neoplasms,3.0
celecoxib,Hemorrhage,4.0
celecoxib,"Hepatitis B, Chronic",2.0
celecoxib,Hepatolenticular Degeneration,1.0
celecoxib,Hypertension,3.0
celecoxib,"Hypotension, Orthostatic",1.0
celecoxib,Inflammation,1.0
celecoxib,"Influenza, Human",3.0
celecoxib,"Keratosis, Actinic",1.0
celecoxib,Liver Neoplasms,3.0
celecoxib,Low Back Pain,3.0
celecoxib,Lung Neoplasms,3.0
celecoxib,Lymphangioleiomyomatosis,2.0
celecoxib,Macular Degeneration,3.0
celecoxib,Medulloblastoma,2.0
celecoxib,Melanoma,2.0
celecoxib,Memory Disorders,3.0
celecoxib,Migraine Disorders,4.0
celecoxib,Mouth Neoplasms,1.0
celecoxib,Multiple Myeloma,2.0
celecoxib,Multiple Sclerosis,2.0
celecoxib,"Muscular Atrophy, Spinal",2.0
celecoxib,Myositis,1.0
celecoxib,Nasopharyngeal Carcinoma,3.0
celecoxib,Neoplasms,4.0
celecoxib,Neuralgia,2.0
celecoxib,Neuroblastoma,1.0
celecoxib,Neurofibromatosis 1,2.0
celecoxib,Obesity,0.5
celecoxib,Obsessive-Compulsive Disorder,2.0
celecoxib,Osteoarthritis,4.0
celecoxib,"Osteoarthritis, Hip",3.0
celecoxib,"Osteoarthritis, Knee",3.0
celecoxib,Ovarian Neoplasms,2.0
celecoxib,Pain,4.0
celecoxib,Pancreatic Neoplasms,3.0
celecoxib,Papilloma,2.0
celecoxib,Paraganglioma,2.0
celecoxib,Paraproteinemias,2.0
celecoxib,Peptic Ulcer,4.0
celecoxib,Peritoneal Neoplasms,2.0
celecoxib,Pharyngitis,3.0
celecoxib,Post-Acute COVID-19 Syndrome,2.0
celecoxib,Pre-Eclampsia,2.0
celecoxib,Prostatic Hyperplasia,2.0
celecoxib,Prostatic Neoplasms,2.0
celecoxib,"Prostatic Neoplasms, Castration-Resistant",2.0
celecoxib,Rectal Neoplasms,3.0
celecoxib,Rheumatic Diseases,4.0
celecoxib,Rotator Cuff Injuries,2.0
celecoxib,Sarcoma,2.0
celecoxib,Schizophrenia,2.0
celecoxib,Severe Acute Respiratory Syndrome,2.0
celecoxib,Spondylitis,4.0
celecoxib,"Spondylitis, Ankylosing",4.0
celecoxib,Squamous Cell Carcinoma of Head and Neck,2.0
celecoxib,Squamous Intraepithelial Lesions,2.0
celecoxib,Stomatitis,2.0
celecoxib,Stroke,4.0
celecoxib,Temporomandibular Joint Disorders,2.0
celecoxib,"Thyroiditis, Subacute",3.0
celecoxib,Tobacco Use Disorder,3.0
celecoxib,Tonsillitis,2.0
celecoxib,Toothache,2.0
celecoxib,Triple Negative Breast Neoplasms,1.0
celecoxib,Tuberculosis,1.0
celecoxib,Urinary Bladder Neoplasms,2.0
celecoxib,Uterine Cervical Dysplasia,2.0
celecoxib,Uterine Cervical Neoplasms,1.0
celecoxib,Uterine Neoplasms,2.0
celecoxib,Wounds and Injuries,3.0
cepharanthine,Severe Acute Respiratory Syndrome,2.0
cevimeline,Xerostomia,0.5
chenodiol,Irritable Bowel Syndrome,2.0
chenodiol,"Metabolism, Inborn Errors",4.0
chenodiol,Paraplegia,2.0
chenodiol,"Xanthomatosis, Cerebrotendinous",4.0
chlorambucil,"Carcinoma, Pancreatic Ductal",2.0
chlorambucil,"Glomerulonephritis, Membranous",3.0
chlorambucil,"Glomerulosclerosis, Focal Segmental",3.0
chlorambucil,Hodgkin Disease,4.0
chlorambucil,Leukemia,3.0
chlorambucil,"Leukemia, Lymphocytic, Chronic, B-Cell",3.0
chlorambucil,Lymphoma,3.0
chlorambucil,"Lymphoma, B-Cell, Marginal Zone",3.0
chlorambucil,"Lymphoma, Mantle-Cell",2.0
chlorambucil,Neoplasms,4.0
chlorambucil,Precursor Cell Lymphoblastic Leukemia-Lymphoma,4.0
chlorambucil,Stomach Neoplasms,3.0
chloramphenicol,Acne Vulgaris,4.0
chloramphenicol,Bacterial Infections,4.0
chloramphenicol,Eye Infections,4.0
chloramphenicol,Osteomyelitis,0.5
chloroquine,Acquired Immunodeficiency Syndrome,2.0
chloroquine,"Anemia, Sickle Cell",2.0
chloroquine,"Arthritis, Rheumatoid",3.0
chloroquine,Brain Diseases,2.0
chloroquine,Breast Neoplasms,2.0
chloroquine,"Carcinoma, Intraductal, Noninfiltrating",1.0
chloroquine,Glioblastoma,3.0
chloroquine,Gliosarcoma,1.0
chloroquine,HIV Infections,2.0
chloroquine,"Influenza, Human",2.0
chloroquine,"Lupus Erythematosus, Systemic",2.0
chloroquine,Malaria,4.0
chloroquine,"Malaria, Falciparum",3.0
chloroquine,"Malaria, Vivax",3.0
chloroquine,Multiple Myeloma,2.0
chloroquine,Neoplasms,1.0
chloroquine,Pancreatic Neoplasms,1.0
chloroquine,Pregnancy,3.0
chloroquine,Severe Acute Respiratory Syndrome,3.0
chloroquine,Severe Dengue,1.0
chloroquine,Small Cell Lung Carcinoma,1.0
chlorphenamine,"Hepatitis B, Chronic",2.0
chlorphenamine,Hypersensitivity,4.0
chlorphenamine,"Influenza, Human",3.0
chlorphenamine,"Rhinitis, Allergic, Seasonal",2.0
chlorphenamine,Sunburn,2.0
chlorpromazine,Colonic Neoplasms,1.0
chlorpromazine,Conduct Disorder,4.0
chlorpromazine,Delirium,2.0
chlorpromazine,Glioblastoma,2.0
chlorpromazine,Neonatal Abstinence Syndrome,3.0
chlorpromazine,Porphyrias,4.0
chlorpromazine,Postoperative Nausea and Vomiting,4.0
chlorpromazine,Psychotic Disorders,4.0
chlorpromazine,Schizophrenia,4.0
chlorpromazine,Severe Acute Respiratory Syndrome,3.0
chlorpropamide,Diabetes Mellitus,4.0
chlorpropamide,"Diabetes Mellitus, Type 2",4.0
chlorprothixene,Anxiety,3.0
chlorprothixene,Dementia,3.0
chlorprothixene,Depressive Disorder,3.0
chlorprothixene,Psychotic Disorders,4.0
chlorprothixene,Schizophrenia,3.0
chlorthalidone,Angina Pectoris,4.0
chlorthalidone,Atherosclerosis,3.0
chlorthalidone,Cardiovascular Diseases,4.0
chlorthalidone,Cerebrovascular Disorders,3.0
chlorthalidone,Coronary Disease,3.0
chlorthalidone,"Death, Sudden, Cardiac",3.0
chlorthalidone,Diabetes Mellitus,3.0
chlorthalidone,"Diabetes Mellitus, Type 1",2.0
chlorthalidone,"Diabetes Mellitus, Type 2",3.0
chlorthalidone,Essential Hypertension,3.0
chlorthalidone,Glomerulonephritis,4.0
chlorthalidone,Heart Diseases,3.0
chlorthalidone,Heart Failure,4.0
chlorthalidone,Hypercholesterolemia,3.0
chlorthalidone,Hypertension,4.0
chlorthalidone,Kidney Calculi,2.0
chlorthalidone,"Kidney Failure, Chronic",4.0
chlorthalidone,Myocardial Infarction,3.0
chlorthalidone,Myocardial Ischemia,3.0
chlorthalidone,Nephrotic Syndrome,4.0
chlorthalidone,Toxemia,4.0
chlorthalidone,Vascular Diseases,3.0
cholic-acid,Digestive System Diseases,4.0
cholic-acid,Fatty Liver,2.0
cholic-acid,Liver Diseases,4.0
cholic-acid,"Metabolism, Inborn Errors",4.0
cholic-acid,Peroxisomal Disorders,4.0
cholic-acid,Smith-Lemli-Opitz Syndrome,1.0
choline-alfoscerate,Cognitive Dysfunction,2.0
choline-alfoscerate,"Diabetes Mellitus, Type 2",3.0
ciclesonide,Asthma,4.0
ciclesonide,Chronic Disease,3.0
ciclesonide,Hypersensitivity,3.0
ciclesonide,"Lung Diseases, Obstructive",4.0
ciclesonide,Nasal Obstruction,4.0
ciclesonide,"Pulmonary Disease, Chronic Obstructive",2.0
ciclesonide,Respiratory Tract Diseases,3.0
ciclesonide,"Rhinitis, Allergic, Perennial",4.0
ciclesonide,"Rhinitis, Allergic, Seasonal",4.0
ciclesonide,Severe Acute Respiratory Syndrome,3.0
cilengitide,Astrocytoma,2.0
cilengitide,Brain Neoplasms,2.0
cilengitide,"Breast Neoplasms, Male",1.0
cilengitide,"Carcinoma, Non-Small-Cell Lung",2.0
cilengitide,"Carcinoma, Squamous Cell",1.0
cilengitide,Central Nervous System Neoplasms,1.0
cilengitide,Diffuse Intrinsic Pontine Glioma,1.0
cilengitide,Glioblastoma,3.0
cilengitide,Gliosarcoma,2.0
cilengitide,Kidney Diseases,1.0
cilengitide,Leukemia,1.0
cilengitide,Melanoma,2.0
cilengitide,Multiple Myeloma,1.0
cilengitide,Myelodysplastic Syndromes,1.0
cilengitide,Myeloproliferative Disorders,1.0
cilengitide,Neoplasms,1.0
cilengitide,Oligodendroglioma,2.0
cilengitide,Paraganglioma,2.0
cilengitide,"Prostatic Neoplasms, Castration-Resistant",2.0
cilengitide,Sarcoma,1.0
cilomilast,"Pulmonary Disease, Chronic Obstructive",3.0
cilostazol,"Arthritis, Rheumatoid",3.0
cilostazol,Atherosclerosis,3.0
cilostazol,CADASIL,1.0
cilostazol,Cardiovascular Diseases,3.0
cilostazol,Cerebral Infarction,3.0
cilostazol,Cerebral Small Vessel Diseases,2.0
cilostazol,Cerebrovascular Disorders,3.0
cilostazol,Cognitive Dysfunction,2.0
cilostazol,Coronary Disease,3.0
cilostazol,Fatty Liver,1.0
cilostazol,Heart Failure,2.0
cilostazol,Intermittent Claudication,2.0
cilostazol,Ischemic Stroke,3.0
cilostazol,Osteoarthritis,1.0
cilostazol,Pain,1.0
cilostazol,Peripheral Arterial Disease,3.0
cilostazol,Peripheral Vascular Diseases,3.0
cilostazol,Stroke,2.0
cilostazol,Thrombosis,4.0
cilostazol,Urticaria,2.0
cilostazol,Wounds and Injuries,2.0
cimetidine,Amyotrophic Lateral Sclerosis,1.0
cimetidine,Anxiety Disorders,1.0
cimetidine,Breast Carcinoma In Situ,2.0
cimetidine,Breast Neoplasms,2.0
cimetidine,"Dermatitis, Atopic",3.0
cimetidine,Duodenal Ulcer,4.0
cimetidine,Endometrial Neoplasms,2.0
cimetidine,Gastroesophageal Reflux,4.0
cimetidine,Gastrointestinal Hemorrhage,3.0
cimetidine,Heartburn,4.0
cimetidine,Hemorrhage,3.0
cimetidine,Infections,1.0
cimetidine,Peptic Ulcer,4.0
cimetidine,"Protoporphyria, Erythropoietic",2.0
cimetidine,"Pulmonary Disease, Chronic Obstructive",1.0
cimetidine,Ulcer,3.0
cinaciguat,Heart Failure,2.0
cinepazide,Cardiovascular Diseases,4.0
cinepazide,Ischemic Stroke,2.0
cinnarizine,Vertigo,4.0
cinoxacin,Bacterial Infections,4.0
cinoxacin,Osteomyelitis,0.5
ciprofloxacin,Amyotrophic Lateral Sclerosis,2.0
ciprofloxacin,Anthrax,2.0
ciprofloxacin,"Arthritis, Rheumatoid",1.0
ciprofloxacin,Bacterial Infections,4.0
ciprofloxacin,Breast Neoplasms,3.0
ciprofloxacin,Bronchiectasis,3.0
ciprofloxacin,"Bronchitis, Chronic",4.0
ciprofloxacin,"Carcinoma, Pancreatic Ductal",1.0
ciprofloxacin,Cataract,2.0
ciprofloxacin,Communicable Diseases,3.0
ciprofloxacin,Corneal Ulcer,2.0
ciprofloxacin,Crohn Disease,2.0
ciprofloxacin,Cystic Fibrosis,2.0
ciprofloxacin,Cystitis,4.0
ciprofloxacin,Diabetic Foot,1.0
ciprofloxacin,Diarrhea,3.0
ciprofloxacin,Digestive System Diseases,3.0
ciprofloxacin,"Dysentery, Bacillary",1.0
ciprofloxacin,Endophthalmitis,2.0
ciprofloxacin,Erectile Dysfunction,0.5
ciprofloxacin,Eye Infections,4.0
ciprofloxacin,Fever,3.0
ciprofloxacin,Gastroenteritis,1.0
ciprofloxacin,Gonorrhea,4.0
ciprofloxacin,Hearing Loss,1.0
ciprofloxacin,Hepatitis C,1.0
ciprofloxacin,"Hepatitis, Alcoholic",0.5
ciprofloxacin,Hypertriglyceridemia,3.0
ciprofloxacin,Infections,4.0
ciprofloxacin,Intraabdominal Infections,4.0
ciprofloxacin,Kidney Calculi,3.0
ciprofloxacin,"Leukemia, Lymphocytic, Chronic, B-Cell",2.0
ciprofloxacin,"Leukemia, Myeloid, Acute",1.0
ciprofloxacin,Lipid Metabolism Disorders,3.0
ciprofloxacin,Liver Abscess,3.0
ciprofloxacin,"Liver Cirrhosis, Alcoholic",0.5
ciprofloxacin,Lung Diseases,1.0
ciprofloxacin,Lymphoma,1.0
ciprofloxacin,Neoplasms,1.0
ciprofloxacin,Neutropenia,3.0
ciprofloxacin,Osteomyelitis,0.5
ciprofloxacin,Otitis Externa,4.0
ciprofloxacin,Otitis Media,3.0
ciprofloxacin,Pancreatic Neoplasms,2.0
ciprofloxacin,Periapical Periodontitis,1.0
ciprofloxacin,Peritonitis,3.0
ciprofloxacin,Plague,3.0
ciprofloxacin,Pneumonia,3.0
ciprofloxacin,"Prostatic Neoplasms, Castration-Resistant",3.0
ciprofloxacin,Prostatitis,4.0
ciprofloxacin,Pseudomonas Infections,1.0
ciprofloxacin,"Pulmonary Disease, Chronic Obstructive",3.0
ciprofloxacin,"Purpura, Thrombocytopenic, Idiopathic",1.0
ciprofloxacin,Pyelonephritis,4.0
ciprofloxacin,Rhinoscleroma,1.0
ciprofloxacin,Sepsis,3.0
ciprofloxacin,Sinusitis,4.0
ciprofloxacin,Typhoid Fever,4.0
ciprofloxacin,Urinary Bladder Neoplasms,3.0
ciprofloxacin,Urinary Tract Infections,4.0
ciprofloxacin,Urolithiasis,3.0
cisapride,Digestive System Diseases,4.0
citalopram,Acute Coronary Syndrome,1.0
citalopram,Alcoholism,2.0
citalopram,Anxiety,3.0
citalopram,Bipolar Disorder,2.0
citalopram,Burning Mouth Syndrome,3.0
citalopram,"Child Development Disorders, Pervasive",1.0
citalopram,Cocaine-Related Disorders,2.0
citalopram,Dementia,3.0
citalopram,Depressive Disorder,4.0
citalopram,"Depressive Disorder, Major",4.0
citalopram,Irritable Bowel Syndrome,2.0
citalopram,Obsessive-Compulsive Disorder,3.0
citalopram,Opioid-Related Disorders,2.0
citalopram,Panic Disorder,2.0
citalopram,Parkinson Disease,2.0
citalopram,Psychomotor Agitation,3.0
citalopram,Schizophrenia,3.0
citalopram,Stroke,3.0
cladribine,Anemia,4.0
cladribine,Central Nervous System Neoplasms,1.0
cladribine,"Cholangitis, Sclerosing",2.0
cladribine,Graft vs Host Disease,1.0
cladribine,Histiocytosis,2.0
cladribine,"Histiocytosis, Langerhans-Cell",2.0
cladribine,Immune System Diseases,4.0
cladribine,Leukemia,3.0
cladribine,"Leukemia, Biphenotypic, Acute",2.0
cladribine,"Leukemia, Hairy Cell",4.0
cladribine,"Leukemia, Lymphocytic, Chronic, B-Cell",3.0
cladribine,"Leukemia, Myeloid",2.0
cladribine,"Leukemia, Myeloid, Acute",3.0
cladribine,Lymphoma,3.0
cladribine,"Lymphoma, B-Cell, Marginal Zone",2.0
cladribine,"Lymphoma, Mantle-Cell",2.0
cladribine,"Lymphoma, T-Cell, Peripheral",3.0
cladribine,"Mastocytosis, Systemic",2.0
cladribine,Multiple Myeloma,1.0
cladribine,Multiple Sclerosis,4.0
cladribine,"Multiple Sclerosis, Chronic Progressive",2.0
cladribine,"Multiple Sclerosis, Relapsing-Remitting",3.0
cladribine,Myelodysplastic Syndromes,2.0
cladribine,Myeloproliferative Disorders,1.0
cladribine,Neoplasms,4.0
cladribine,"Neoplasms, Plasma Cell",1.0
cladribine,Precursor Cell Lymphoblastic Leukemia-Lymphoma,2.0
clarithromycin,Anovulation,1.0
clarithromycin,Asthma,3.0
clarithromycin,Bacterial Infections,4.0
clarithromycin,Bronchiolitis Obliterans,3.0
clarithromycin,"Bronchitis, Chronic",4.0
clarithromycin,Bronchopulmonary Dysplasia,3.0
clarithromycin,Buruli Ulcer,2.0
clarithromycin,"Carcinoma, Non-Small-Cell Lung",2.0
clarithromycin,"Carcinoma, Squamous Cell",2.0
clarithromycin,Crohn Disease,3.0
clarithromycin,Cystic Fibrosis,2.0
clarithromycin,"Depressive Disorder, Major",1.0
clarithromycin,Disorders of Excessive Somnolence,2.0
clarithromycin,Duodenal Ulcer,4.0
clarithromycin,Gastritis,3.0
clarithromycin,HIV Infections,1.0
clarithromycin,Heart Diseases,3.0
clarithromycin,Helicobacter Infections,3.0
clarithromycin,Hemorrhage,3.0
clarithromycin,Idiopathic Hypersomnia,2.0
clarithromycin,Infections,4.0
clarithromycin,"Leukemia, Lymphocytic, Chronic, B-Cell",2.0
clarithromycin,Lung Diseases,2.0
clarithromycin,Lymphoma,2.0
clarithromycin,"Lymphoma, B-Cell, Marginal Zone",2.0
clarithromycin,"Lymphoma, Non-Hodgkin",3.0
clarithromycin,Maxillary Sinusitis,4.0
clarithromycin,Multiple Myeloma,3.0
clarithromycin,Mycobacterium avium-intracellulare Infection,3.0
clarithromycin,Narcolepsy,2.0
clarithromycin,Neoplasm Metastasis,1.0
clarithromycin,Neoplasms,1.0
clarithromycin,Osteomyelitis,0.5
clarithromycin,Otitis Media,4.0
clarithromycin,Parkinson Disease,1.0
clarithromycin,Periodontitis,2.0
clarithromycin,Pharyngitis,4.0
clarithromycin,Pneumonia,4.0
clarithromycin,"Pneumonia, Bacterial",3.0
clarithromycin,"Prostatic Neoplasms, Castration-Resistant",1.0
clarithromycin,Pseudomyxoma Peritonei,2.0
clarithromycin,Sepsis,3.0
clarithromycin,"Shock, Septic",3.0
clarithromycin,Sinusitis,4.0
clarithromycin,Stomach Neoplasms,3.0
clarithromycin,Stomach Ulcer,3.0
clarithromycin,Tonsillitis,4.0
clarithromycin,"Toxoplasmosis, Cerebral",2.0
clarithromycin,Tuberculosis,3.0
clarithromycin,Venous Thromboembolism,1.0
clemizole,"Carcinoma, Hepatocellular",2.0
clemizole,Hepatitis C,1.0
clemizole,Lennox Gastaut Syndrome,2.0
clenbuterol,Amyotrophic Lateral Sclerosis,2.0
clenbuterol,"Bulbo-Spinal Atrophy, X-Linked",2.0
clenbuterol,Glycogen Storage Disease Type II,2.0
clenbuterol,"Lung Diseases, Obstructive",4.0
clenbuterol,Parkinson Disease,2.0
clindamycin,Acne Vulgaris,4.0
clindamycin,Bacterial Infections,4.0
clindamycin,Breast Neoplasms,3.0
clindamycin,"Candidiasis, Vulvovaginal",3.0
clindamycin,"Carcinoma, Non-Small-Cell Lung",2.0
clindamycin,Chorioretinitis,3.0
clindamycin,Endometritis,4.0
clindamycin,Hernia,3.0
clindamycin,"Hernia, Ventral",3.0
clindamycin,Infections,4.0
clindamycin,Intraabdominal Infections,4.0
clindamycin,Kidney Calculi,3.0
clindamycin,Malaria,3.0
clindamycin,Nasal Obstruction,3.0
clindamycin,Osteomyelitis,4.0
clindamycin,Pain,3.0
clindamycin,Periapical Periodontitis,2.0
clindamycin,"Pneumonia, Pneumocystis",3.0
clindamycin,Prediabetic State,2.0
clindamycin,Sepsis,1.0
clindamycin,Severe Acute Respiratory Syndrome,2.0
clindamycin,Skin Diseases,3.0
clindamycin,Staphylococcal Infections,3.0
clindamycin,Vaginitis,0.5
clindamycin,"Vaginosis, Bacterial",3.0
clioquinol,Amebiasis,4.0
clioquinol,Eczema,3.0
clioquinol,Epilepsy,2.0
clioquinol,Hodgkin Disease,1.0
clioquinol,"Leukemia, Lymphocytic, Chronic, B-Cell",1.0
clioquinol,"Leukemia, Myeloid, Acute",1.0
clioquinol,"Lymphoma, Non-Hodgkin",1.0
clioquinol,Multiple Myeloma,1.0
clioquinol,Myelodysplastic Syndromes,1.0
clobetasol,Bronchiolitis Obliterans Syndrome,2.0
clobetasol,Graft vs Host Disease,3.0
clobetasol,Herpes Labialis,2.0
clobetasol,"Lichen Planus, Oral",2.0
clobetasol,Lichen Sclerosus et Atrophicus,3.0
clobetasol,"Pemphigoid, Bullous",2.0
clobetasol,Phlebitis,1.0
clobetasol,Psoriasis,2.0
clobetasol,"Scleroderma, Localized",1.0
clobetasol,Stevens-Johnson Syndrome,1.0
clobetasol,Vulvar Lichen Sclerosus,2.0
clofarabine,Graft vs Host Disease,2.0
clofarabine,Hematologic Diseases,2.0
clofarabine,"Histiocytosis, Langerhans-Cell",2.0
clofarabine,Hodgkin Disease,2.0
clofarabine,Leukemia,3.0
clofarabine,"Leukemia, Biphenotypic, Acute",2.0
clofarabine,"Leukemia, Lymphocytic, Chronic, B-Cell",2.0
clofarabine,"Leukemia, Myelogenous, Chronic, BCR-ABL Positive",2.0
clofarabine,"Leukemia, Myeloid, Acute",3.0
clofarabine,"Leukemia, Myelomonocytic, Chronic",2.0
clofarabine,"Leukemia, Promyelocytic, Acute",1.0
clofarabine,Lymphoma,2.0
clofarabine,"Lymphoma, Follicular",1.0
clofarabine,"Lymphoma, Non-Hodgkin",2.0
clofarabine,Multiple Myeloma,2.0
clofarabine,Myelodysplastic Syndromes,2.0
clofarabine,Neoplasms,4.0
clofarabine,Osteopetrosis,2.0
clofarabine,Precursor Cell Lymphoblastic Leukemia-Lymphoma,4.0
clofazimine,Bacterial Infections,2.0
clofazimine,Crohn Disease,3.0
clofazimine,Cryptosporidiosis,2.0
clofazimine,Leprosy,4.0
clofazimine,Lung Diseases,2.0
clofazimine,Mycobacterium avium-intracellulare Infection,3.0
clofazimine,Tuberculosis,3.0
clofazimine,"Tuberculosis, Multidrug-Resistant",2.0
clofazimine,"Tuberculosis, Pulmonary",3.0
clofibrate,Cardiovascular Diseases,4.0
clofibrate,Coronary Disease,3.0
clofibrate,Heart Diseases,3.0
clofibrate,Myocardial Infarction,3.0
clofibrate,Myocardial Ischemia,3.0
clofoctol,Bacterial Infections,2.0
clomethiazole,Anxiety,3.0
clomethiazole,Dementia,3.0
clomethiazole,Depressive Disorder,3.0
clomethiazole,Schizophrenia,3.0
clomifene,Anovulation,1.0
clomifene,Hypogonadism,2.0
clomipramine,Anxiety,3.0
clomipramine,Dementia,3.0
clomipramine,Depressive Disorder,4.0
clomipramine,Obsessive-Compulsive Disorder,3.0
clomipramine,Premature Ejaculation,3.0
clomipramine,Schizophrenia,3.0
clonazepam,Anxiety,3.0
clonazepam,Burning Mouth Syndrome,0.5
clonazepam,Dementia,3.0
clonazepam,Depressive Disorder,3.0
clonazepam,Epilepsia Partialis Continua,3.0
clonazepam,Epilepsy,4.0
clonazepam,"Epilepsy, Tonic-Clonic",3.0
clonazepam,Marijuana Abuse,2.0
clonazepam,Neuralgia,1.0
clonazepam,Pain,3.0
clonazepam,Panic Disorder,4.0
clonazepam,REM Sleep Behavior Disorder,2.0
clonazepam,Schizophrenia,3.0
clonazepam,Seizures,4.0
clonazepam,Status Epilepticus,3.0
clonidine,Anxiety,2.0
clonidine,Attention Deficit Disorder with Hyperactivity,3.0
clonidine,Back Pain,2.0
clonidine,Brain Injuries,2.0
clonidine,Brain Ischemia,1.0
clonidine,Breast Neoplasms,2.0
clonidine,Cardiovascular Diseases,3.0
clonidine,"Child Development Disorders, Pervasive",2.0
clonidine,Cocaine-Related Disorders,1.0
clonidine,Delirium,3.0
clonidine,"Dermatitis, Atopic",1.0
clonidine,Diabetic Neuropathies,2.0
clonidine,"Dwarfism, Pituitary",3.0
clonidine,Fecal Incontinence,3.0
clonidine,"Genital Neoplasms, Male",3.0
clonidine,Glaucoma,4.0
clonidine,Hemorrhage,1.0
clonidine,Heroin Dependence,1.0
clonidine,Hyperemesis Gravidarum,3.0
clonidine,Hypertension,4.0
clonidine,"Hypotension, Orthostatic",1.0
clonidine,Low Back Pain,2.0
clonidine,Marijuana Abuse,2.0
clonidine,Migraine Disorders,4.0
clonidine,Musculoskeletal Diseases,2.0
clonidine,Neonatal Abstinence Syndrome,3.0
clonidine,Neoplasms,4.0
clonidine,Neuralgia,4.0
clonidine,Opioid-Related Disorders,2.0
clonidine,Orthostatic Intolerance,1.0
clonidine,Pain,3.0
clonidine,Postoperative Complications,3.0
clonidine,Pregnancy,3.0
clonidine,Scoliosis,3.0
clonidine,Sialorrhea,2.0
clonidine,Stomatitis,2.0
clonidine,"Stress Disorders, Post-Traumatic",3.0
clonidine,Substance-Related Disorders,2.0
clotrimazole,"Anemia, Sickle Cell",1.0
clotrimazole,Candidiasis,4.0
clotrimazole,"Candidiasis, Oral",3.0
clotrimazole,"Candidiasis, Vulvovaginal",3.0
clotrimazole,Folliculitis,2.0
clotrimazole,HIV Infections,3.0
clotrimazole,Infections,4.0
clotrimazole,Kidney Diseases,1.0
clotrimazole,Mycoses,4.0
clotrimazole,Otomycosis,3.0
clotrimazole,Pruritus,4.0
clotrimazole,"Skin Diseases, Infectious",4.0
clotrimazole,Tinea,4.0
clotrimazole,Tinea Cruris,4.0
clotrimazole,Tinea Pedis,4.0
clotrimazole,Vaginal Discharge,3.0
clotrimazole,Vaginitis,3.0
clotrimazole,"Vaginosis, Bacterial",3.0
clozapine,Anxiety,3.0
clozapine,Bipolar Disorder,3.0
clozapine,Dementia,3.0
clozapine,Depressive Disorder,3.0
clozapine,Developmental Disabilities,3.0
clozapine,Intellectual Disability,3.0
clozapine,Psychotic Disorders,4.0
clozapine,Schizophrenia,4.0
cobicistat,Acquired Immunodeficiency Syndrome,3.0
cobicistat,"Carcinoma, Non-Small-Cell Lung",0.5
cobicistat,"Carcinoma, Pancreatic Ductal",1.0
cobicistat,HIV Infections,4.0
cobicistat,Infections,4.0
cobicistat,Insulin Resistance,1.0
cobicistat,"Leukemia, Biphenotypic, Acute",1.0
cobicistat,"Leukemia, Myeloid, Acute",2.0
cobicistat,Malaria,1.0
cobicistat,Neoplasms,2.0
cobicistat,Pancreatic Neoplasms,1.0
cobicistat,"Pneumonia, Pneumocystis",3.0
cobicistat,Precursor Cell Lymphoblastic Leukemia-Lymphoma,1.0
cobicistat,Severe Acute Respiratory Syndrome,3.0
cobimetinib,Adenocarcinoma,1.0
cobimetinib,Breast Neoplasms,2.0
cobimetinib,"Carcinoma, Non-Small-Cell Lung",2.0
cobimetinib,"Carcinoma, Pancreatic Ductal",0.5
cobimetinib,Colorectal Neoplasms,3.0
cobimetinib,Craniopharyngioma,2.0
cobimetinib,Esophageal Neoplasms,1.0
cobimetinib,Gallbladder Neoplasms,2.0
cobimetinib,Hematologic Neoplasms,2.0
cobimetinib,Intracranial Arteriovenous Malformations,2.0
cobimetinib,"Leukemia, Myeloid, Acute",1.0
cobimetinib,"Leukemia, Myelomonocytic, Chronic",2.0
cobimetinib,Melanoma,3.0
cobimetinib,Multiple Myeloma,1.0
cobimetinib,Neoplasms,4.0
cobimetinib,Ovarian Neoplasms,1.0
cobimetinib,Pancreatic Neoplasms,0.5
cobimetinib,Sarcoma,1.0
cobimetinib,Skin Neoplasms,1.0
cobimetinib,Stomach Neoplasms,1.0
cobimetinib,Thyroid Neoplasms,2.0
colchicine,Acute Coronary Syndrome,2.0
colchicine,Amyotrophic Lateral Sclerosis,2.0
colchicine,"Arrhythmias, Cardiac",3.0
colchicine,Asthma,3.0
colchicine,Atherosclerosis,2.0
colchicine,Atrial Fibrillation,3.0
colchicine,Behcet Syndrome,2.0
colchicine,Cardiovascular Diseases,3.0
colchicine,Cholangiocarcinoma,2.0
colchicine,Coronary Disease,3.0
colchicine,Coronavirus Infections,2.0
colchicine,Diabetic Nephropathies,2.0
colchicine,Familial Mediterranean Fever,4.0
colchicine,Gout,4.0
colchicine,Heart Diseases,2.0
colchicine,Heart Failure,3.0
colchicine,"Hepatitis C, Chronic",2.0
colchicine,Hypertension,2.0
colchicine,Intracranial Hemorrhages,2.0
colchicine,Liver Cirrhosis,1.0
colchicine,"Liver Cirrhosis, Biliary",3.0
colchicine,Lung Diseases,3.0
colchicine,Multiple Myeloma,3.0
colchicine,Myocardial Infarction,3.0
colchicine,Neoplasms,1.0
colchicine,Non-ST Elevated Myocardial Infarction,3.0
colchicine,"Osteoarthritis, Knee",2.0
colchicine,Pericarditis,3.0
colchicine,Peripheral Arterial Disease,0.5
colchicine,"Pneumonia, Viral",2.0
colchicine,Postpericardiotomy Syndrome,3.0
colchicine,"Prostatic Neoplasms, Castration-Resistant",2.0
colchicine,"Renal Insufficiency, Chronic",2.0
colchicine,Reperfusion Injury,3.0
colchicine,ST Elevation Myocardial Infarction,3.0
colchicine,Severe Acute Respiratory Syndrome,3.0
colchicine,"Stomatitis, Aphthous",2.0
colchicine,Urogenital Neoplasms,1.0
colchicine,Vascular Diseases,2.0
colchicine,Vasculitis,3.0
colchicine,"Vitreoretinopathy, Proliferative",3.0
conivaptan,Brain Injuries,1.0
conivaptan,Cardiovascular Diseases,4.0
conivaptan,Heart Failure,2.0
conivaptan,Hyponatremia,3.0
conivaptan,Liver Cirrhosis,2.0
cordycepin,Leukemia,1.0
crizotinib,Adenocarcinoma,2.0
crizotinib,Adenocarcinoma of Lung,3.0
crizotinib,Bile Duct Neoplasms,2.0
crizotinib,Breast Neoplasms,1.0
crizotinib,Carcinoma,3.0
crizotinib,"Carcinoma, Non-Small-Cell Lung",4.0
crizotinib,"Carcinoma, Renal Cell",2.0
crizotinib,"Carcinoma, Squamous Cell",2.0
crizotinib,Colorectal Neoplasms,1.0
crizotinib,Diffuse Intrinsic Pontine Glioma,1.0
crizotinib,Endometrial Neoplasms,2.0
crizotinib,Gallbladder Neoplasms,2.0
crizotinib,Glioblastoma,1.0
crizotinib,"Granuloma, Plasma Cell",2.0
crizotinib,Kidney Diseases,1.0
crizotinib,"Leukemia, Myeloid, Acute",2.0
crizotinib,Lung Neoplasms,3.0
crizotinib,"Lymphoma, Large-Cell, Anaplastic",2.0
crizotinib,Multiple Myeloma,2.0
crizotinib,Neoplasms,4.0
crizotinib,Neurofibromatosis 2,2.0
crizotinib,"Prostatic Neoplasms, Castration-Resistant",1.0
crizotinib,Stomach Neoplasms,2.0
crizotinib,Uveal Melanoma,2.0
cromoglicic-acid,Alzheimer Disease,1.0
cromoglicic-acid,Amyotrophic Lateral Sclerosis,2.0
cromoglicic-acid,Eczema,4.0
cromoglicic-acid,Eye Manifestations,4.0
cromoglicic-acid,"Lung Diseases, Obstructive",4.0
cromoglicic-acid,Mastocytosis,2.0
cromoglicic-acid,Nasal Obstruction,4.0
cromoglicic-acid,Psoriasis,2.0
cromoglicic-acid,Psychotic Disorders,1.0
cromoglicic-acid,Schizophrenia,1.0
cromoglicic-acid,Stroke,3.0
curcumin,Adenomatous Polyposis Coli,2.0
curcumin,Alzheimer Disease,2.0
curcumin,Asthma,2.0
curcumin,Bipolar Disorder,2.0
curcumin,Breast Neoplasms,2.0
curcumin,"Carcinoma, Non-Small-Cell Lung",1.0
curcumin,"Cholangitis, Sclerosing",1.0
curcumin,Cognition,2.0
curcumin,Cognitive Dysfunction,2.0
curcumin,"Colitis, Ulcerative",3.0
curcumin,Colonic Neoplasms,3.0
curcumin,Colorectal Neoplasms,2.0
curcumin,Condylomata Acuminata,2.0
curcumin,Crohn Disease,3.0
curcumin,"Depressive Disorder, Major",2.0
curcumin,"Diabetes Mellitus, Type 1",2.0
curcumin,Endometrial Neoplasms,2.0
curcumin,"Gastritis, Atrophic",2.0
curcumin,"Hematoma, Subdural, Intracranial",0.5
curcumin,Hypogonadism,1.0
curcumin,"Leukemia, Lymphocytic, Chronic, B-Cell",2.0
curcumin,"Lichen Planus, Oral",2.0
curcumin,"Lupus Erythematosus, Systemic",2.0
curcumin,Lupus Nephritis,2.0
curcumin,"Lymphoma, T-Cell, Cutaneous",2.0
curcumin,Macular Degeneration,2.0
curcumin,Mucositis,1.0
curcumin,Multiple Myeloma,2.0
curcumin,Multiple Sclerosis,2.0
curcumin,Myelodysplastic Syndromes,1.0
curcumin,Neoplasms,2.0
curcumin,"Optic Atrophy, Hereditary, Leber",3.0
curcumin,Oral Submucous Fibrosis,2.0
curcumin,Oral Ulcer,0.5
curcumin,Pancreatic Neoplasms,3.0
curcumin,Periodontitis,3.0
curcumin,Peripheral Nervous System Diseases,2.0
curcumin,Persian Gulf Syndrome,1.0
curcumin,Precursor Cell Lymphoblastic Leukemia-Lymphoma,2.0
curcumin,"Prostatic Neoplasms, Castration-Resistant",3.0
curcumin,Proteinuria,3.0
curcumin,Radiodermatitis,2.0
curcumin,Rectal Neoplasms,2.0
curcumin,"Renal Insufficiency, Chronic",3.0
curcumin,Stomatitis,3.0
curcumin,Tobacco Use Disorder,3.0
curcumin,Uterine Cervical Dysplasia,1.0
curcumin,Uterine Cervical Neoplasms,2.0
cyanocobalamin,Alzheimer Disease,3.0
cyanocobalamin,Amyotrophic Lateral Sclerosis,3.0
cyanocobalamin,Anemia,4.0
cyanocobalamin,"Anemia, Iron-Deficiency",4.0
cyanocobalamin,Arthralgia,2.0
cyanocobalamin,Atherosclerosis,2.0
cyanocobalamin,Autistic Disorder,2.0
cyanocobalamin,Brain Injuries,3.0
cyanocobalamin,Breast Neoplasms,2.0
cyanocobalamin,"Carcinoma, Non-Small-Cell Lung",2.0
cyanocobalamin,Depressive Disorder,2.0
cyanocobalamin,"Diabetes Mellitus, Type 2",4.0
cyanocobalamin,Diabetic Neuropathies,2.0
cyanocobalamin,Fallopian Tube Neoplasms,1.0
cyanocobalamin,Folic Acid Deficiency,4.0
cyanocobalamin,HIV Infections,2.0
cyanocobalamin,Head and Neck Neoplasms,2.0
cyanocobalamin,Heart Diseases,2.0
cyanocobalamin,Heart Failure,2.0
cyanocobalamin,"Kidney Failure, Chronic",4.0
cyanocobalamin,Low Back Pain,3.0
cyanocobalamin,Lung Neoplasms,2.0
cyanocobalamin,Lymphoma,2.0
cyanocobalamin,"Lymphoma, Large-Cell, Anaplastic",1.0
cyanocobalamin,"Lymphoma, T-Cell, Cutaneous",1.0
cyanocobalamin,"Lymphoma, T-Cell, Peripheral",2.0
cyanocobalamin,Meningeal Carcinomatosis,1.0
cyanocobalamin,Mesothelioma,2.0
cyanocobalamin,Mycosis Fungoides,1.0
cyanocobalamin,Myocardial Infarction,2.0
cyanocobalamin,Myocardial Ischemia,2.0
cyanocobalamin,Nasal Obstruction,4.0
cyanocobalamin,Nasopharyngeal Neoplasms,2.0
cyanocobalamin,Osteoporosis,4.0
cyanocobalamin,Ovarian Neoplasms,1.0
cyanocobalamin,Peritoneal Neoplasms,1.0
cyanocobalamin,Pregnancy,3.0
cyanocobalamin,Premature Ejaculation,3.0
cyanocobalamin,"Prostatic Neoplasms, Castration-Resistant",2.0
cyanocobalamin,Psoriasis,3.0
cyanocobalamin,Psychotic Disorders,3.0
cyanocobalamin,Pulmonary Alveolar Proteinosis,1.0
cyanocobalamin,Severe Acute Respiratory Syndrome,2.0
cyanocobalamin,Sezary Syndrome,1.0
cyanocobalamin,Vitamin B 12 Deficiency,2.0
cyanocobalamin,Vitamin B Deficiency,4.0
cyclizine,Hypersensitivity,4.0
cyclobenzaprine,Depressive Disorder,1.0
cyclobenzaprine,Fibromyalgia,3.0
cyclobenzaprine,Liver Cirrhosis,3.0
cyclobenzaprine,Pain,3.0
cyclobenzaprine,"Stress Disorders, Post-Traumatic",3.0
cyclosporin-a,Acute Kidney Injury,2.0
cyclosporin-a,"Anemia, Aplastic",3.0
cyclosporin-a,"Aortic Aneurysm, Abdominal",2.0
cyclosporin-a,"Arthritis, Rheumatoid",4.0
cyclosporin-a,Aspergillosis,1.0
cyclosporin-a,Behcet Syndrome,3.0
cyclosporin-a,Brain Injuries,2.0
cyclosporin-a,Brain Neoplasms,1.0
cyclosporin-a,Breast Neoplasms,3.0
cyclosporin-a,Bronchiolitis Obliterans,3.0
cyclosporin-a,Burkitt Lymphoma,2.0
cyclosporin-a,"Carcinoma, Hepatocellular",3.0
cyclosporin-a,"Carcinoma, Renal Cell",1.0
cyclosporin-a,"Conjunctivitis, Allergic",3.0
cyclosporin-a,"Cystitis, Interstitial",2.0
cyclosporin-a,"Dermatitis, Atopic",3.0
cyclosporin-a,Dermatomyositis,3.0
cyclosporin-a,Diabetes Mellitus,2.0
cyclosporin-a,Dry Eye Syndromes,3.0
cyclosporin-a,Eczema,3.0
cyclosporin-a,Eye Diseases,4.0
cyclosporin-a,Fallopian Tube Neoplasms,2.0
cyclosporin-a,"Glomerulonephritis, Membranous",3.0
cyclosporin-a,"Glomerulosclerosis, Focal Segmental",3.0
cyclosporin-a,Graft vs Host Disease,3.0
cyclosporin-a,HIV Infections,2.0
cyclosporin-a,Heart Arrest,3.0
cyclosporin-a,Heart Diseases,3.0
cyclosporin-a,Hematologic Neoplasms,2.0
cyclosporin-a,Hepatitis C,2.0
cyclosporin-a,"Hepatitis C, Chronic",3.0
cyclosporin-a,"Hepatitis, Autoimmune",3.0
cyclosporin-a,Hodgkin Disease,3.0
cyclosporin-a,Immune System Diseases,4.0
cyclosporin-a,Infections,3.0
cyclosporin-a,Inflammation,4.0
cyclosporin-a,Kidney Diseases,3.0
cyclosporin-a,Kidney Neoplasms,2.0
cyclosporin-a,Lacrimal Apparatus Diseases,2.0
cyclosporin-a,Leprosy,2.0
cyclosporin-a,Leukemia,3.0
cyclosporin-a,"Leukemia, Large Granular Lymphocytic",2.0
cyclosporin-a,"Leukemia, Lymphocytic, Chronic, B-Cell",2.0
cyclosporin-a,"Leukemia, Mast-Cell",2.0
cyclosporin-a,"Leukemia, Myelogenous, Chronic, BCR-ABL Positive",3.0
cyclosporin-a,"Leukemia, Myeloid, Acute",3.0
cyclosporin-a,"Leukemia, Prolymphocytic, B-Cell",2.0
cyclosporin-a,"Leukemia, Prolymphocytic, T-Cell",2.0
cyclosporin-a,Liver Diseases,2.0
cyclosporin-a,Lung Diseases,2.0
cyclosporin-a,Lupus Nephritis,3.0
cyclosporin-a,"Lymphohistiocytosis, Hemophagocytic",3.0
cyclosporin-a,Lymphoma,3.0
cyclosporin-a,"Lymphoma, AIDS-Related",2.0
cyclosporin-a,"Lymphoma, Follicular",2.0
cyclosporin-a,"Lymphoma, Large B-Cell, Diffuse",3.0
cyclosporin-a,"Lymphoma, Mantle-Cell",3.0
cyclosporin-a,"Lymphoma, Non-Hodgkin",3.0
cyclosporin-a,Melanoma,2.0
cyclosporin-a,Multiple Myeloma,3.0
cyclosporin-a,Mycosis Fungoides,1.0
cyclosporin-a,Myelodysplastic Syndromes,3.0
cyclosporin-a,Myeloproliferative Disorders,1.0
cyclosporin-a,Myocardial Infarction,3.0
cyclosporin-a,Myocarditis,2.0
cyclosporin-a,Myositis,2.0
cyclosporin-a,Neoplasm Metastasis,2.0
cyclosporin-a,Neoplasms,2.0
cyclosporin-a,"Neoplasms, Neuroepithelial",0.5
cyclosporin-a,Neuroblastoma,2.0
cyclosporin-a,Neutropenia,1.0
cyclosporin-a,Ovarian Neoplasms,2.0
cyclosporin-a,"Paraparesis, Tropical Spastic",2.0
cyclosporin-a,Periodontitis,2.0
cyclosporin-a,Precursor Cell Lymphoblastic Leukemia-Lymphoma,3.0
cyclosporin-a,"Prostatic Neoplasms, Castration-Resistant",2.0
cyclosporin-a,Psoriasis,4.0
cyclosporin-a,Pterygium,2.0
cyclosporin-a,"Pulmonary Disease, Chronic Obstructive",1.0
cyclosporin-a,"Purpura, Thrombocytopenic, Idiopathic",3.0
cyclosporin-a,"Purpura, Thrombotic Thrombocytopenic",3.0
cyclosporin-a,"Red-Cell Aplasia, Pure",3.0
cyclosporin-a,Renal Insufficiency,3.0
cyclosporin-a,"Renal Insufficiency, Chronic",3.0
cyclosporin-a,Reperfusion Injury,2.0
cyclosporin-a,Respiratory Syncytial Virus Infections,1.0
cyclosporin-a,Sarcoma,2.0
cyclosporin-a,Severe Acute Respiratory Syndrome,2.0
cyclosporin-a,Sezary Syndrome,1.0
cyclosporin-a,Skin Neoplasms,3.0
cyclosporin-a,Stevens-Johnson Syndrome,3.0
cyclosporin-a,Urticaria,1.0
cyclosporin-a,Uveitis,1.0
cyclosporin-a,Venous Thromboembolism,1.0
cyclosporin-a,Waldenstrom Macroglobulinemia,3.0
cyclosporin-a,beta-Thalassemia,1.0
cyproheptadine,Abdominal Pain,2.0
cyproheptadine,Alcoholism,2.0
cyproheptadine,Hypersensitivity,4.0
cyproheptadine,Mitral Valve Insufficiency,2.0
cyproheptadine,Severe Acute Respiratory Syndrome,3.0
cyproheptadine,Stroke,0.5
cyproterone-acetate,Acne Vulgaris,3.0
cyproterone-acetate,Endometriosis,3.0
cyproterone-acetate,Hot Flashes,3.0
cyproterone-acetate,Hyperplasia,0.5
cyproterone-acetate,Menopause,2.0
cyproterone-acetate,Polycystic Ovary Syndrome,2.0
cyproterone-acetate,Prostatic Neoplasms,3.0
cyproterone-acetate,"Prostatic Neoplasms, Castration-Resistant",3.0
cytarabine,"Anemia, Refractory",3.0
cytarabine,"Anemia, Refractory, with Excess of Blasts",3.0
cytarabine,Blast Crisis,2.0
cytarabine,Blastic Plasmacytoid Dendritic Cell Neoplasm,2.0
cytarabine,Brain Neoplasms,1.0
cytarabine,Breast Neoplasms,3.0
cytarabine,Burkitt Lymphoma,2.0
cytarabine,Central Nervous System Neoplasms,2.0
cytarabine,Glioblastoma,1.0
cytarabine,Graft vs Host Disease,3.0
cytarabine,Hematologic Neoplasms,2.0
cytarabine,"Histiocytosis, Langerhans-Cell",3.0
cytarabine,Hodgkin Disease,3.0
cytarabine,Leukemia,3.0
cytarabine,"Leukemia, Basophilic, Acute",3.0
cytarabine,"Leukemia, Biphenotypic, Acute",3.0
cytarabine,"Leukemia, Erythroblastic, Acute",3.0
cytarabine,"Leukemia, Lymphocytic, Chronic, B-Cell",2.0
cytarabine,"Leukemia, Lymphoid",4.0
cytarabine,"Leukemia, Megakaryoblastic, Acute",3.0
cytarabine,"Leukemia, Monocytic, Acute",3.0
cytarabine,"Leukemia, Myelogenous, Chronic, BCR-ABL Positive",3.0
cytarabine,"Leukemia, Myeloid",3.0
cytarabine,"Leukemia, Myeloid, Acute",4.0
cytarabine,"Leukemia, Myelomonocytic, Acute",3.0
cytarabine,"Leukemia, Myelomonocytic, Chronic",3.0
cytarabine,"Leukemia, Myelomonocytic, Juvenile",2.0
cytarabine,"Leukemia, Plasma Cell",1.0
cytarabine,"Leukemia, Promyelocytic, Acute",3.0
cytarabine,"Leukemia-Lymphoma, Adult T-Cell",2.0
cytarabine,"Lupus Erythematosus, Systemic",2.0
cytarabine,Lymphoma,3.0
cytarabine,"Lymphoma, AIDS-Related",2.0
cytarabine,"Lymphoma, Follicular",3.0
cytarabine,"Lymphoma, Large B-Cell, Diffuse",3.0
cytarabine,"Lymphoma, Large-Cell, Anaplastic",2.0
cytarabine,"Lymphoma, Mantle-Cell",3.0
cytarabine,"Lymphoma, Non-Hodgkin",3.0
cytarabine,"Lymphoma, T-Cell, Peripheral",2.0
cytarabine,Malaria,3.0
cytarabine,Medulloblastoma,2.0
cytarabine,Melanoma,3.0
cytarabine,Meningeal Carcinomatosis,4.0
cytarabine,Meningeal Neoplasms,4.0
cytarabine,"Meningitis, Aseptic",2.0
cytarabine,Multiple Myeloma,3.0
cytarabine,"Multiple Sclerosis, Relapsing-Remitting",2.0
cytarabine,Myasthenia Gravis,2.0
cytarabine,Myelodysplastic Syndromes,3.0
cytarabine,Myeloproliferative Disorders,3.0
cytarabine,Neoplasms,4.0
cytarabine,"Neoplasms, Plasma Cell",2.0
cytarabine,Neuromyelitis Optica,2.0
cytarabine,Neutropenia,2.0
cytarabine,Opsoclonus-Myoclonus Syndrome,2.0
cytarabine,Ovarian Neoplasms,2.0
cytarabine,Paraganglioma,1.0
cytarabine,Polycythemia Vera,1.0
cytarabine,"Polyradiculoneuropathy, Chronic Inflammatory Demyelinating",2.0
cytarabine,Precursor Cell Lymphoblastic Leukemia-Lymphoma,4.0
cytarabine,Precursor T-Cell Lymphoblastic Leukemia-Lymphoma,3.0
cytarabine,Primary Myelofibrosis,1.0
cytarabine,"Prostatic Neoplasms, Castration-Resistant",2.0
cytarabine,Sarcoma,2.0
cytarabine,"Sarcoma, Myeloid",3.0
cytarabine,Stiff-Person Syndrome,2.0
cytarabine,"Thrombocythemia, Essential",1.0
cytarabine,Thrombosis,3.0
cytisine,Kidney Diseases,1.0
cytisine,Smoking Cessation,3.0
cytisine,Tobacco Use Disorder,3.0
dabigatran-etexilate,Atrial Fibrillation,3.0
dabigatran-etexilate,"Carcinoma, Non-Small-Cell Lung",1.0
dabigatran-etexilate,Coronary Disease,2.0
dabigatran-etexilate,Hematologic Diseases,1.0
dabigatran-etexilate,Non-alcoholic Fatty Liver Disease,1.0
dabigatran-etexilate,Prostatic Neoplasms,1.0
dabigatran-etexilate,Renal Insufficiency,1.0
dabigatran-etexilate,"Renal Insufficiency, Chronic",1.0
dabigatran-etexilate,Stroke,3.0
dabigatran-etexilate,Thromboembolism,3.0
dabigatran-etexilate,Thrombosis,4.0
dabigatran-etexilate,Venous Thromboembolism,3.0
dabigatran-etexilate,Venous Thrombosis,3.0
dabrafenib,"Adenocarcinoma, Follicular",2.0
dabrafenib,Ameloblastoma,3.0
dabrafenib,Brain Neoplasms,1.0
dabrafenib,Carcinoma,2.0
dabrafenib,"Carcinoma, Non-Small-Cell Lung",2.0
dabrafenib,Craniopharyngioma,2.0
dabrafenib,Erdheim-Chester Disease,2.0
dabrafenib,Glioma,1.0
dabrafenib,Kidney Diseases,1.0
dabrafenib,Liver Diseases,1.0
dabrafenib,Lung Neoplasms,2.0
dabrafenib,Melanoma,3.0
dabrafenib,Multiple Myeloma,1.0
dabrafenib,Neoplasms,4.0
dabrafenib,"Thyroid Carcinoma, Anaplastic",2.0
dabrafenib,Thyroid Neoplasms,3.0
dacarbazine,Breast Neoplasms,1.0
dacarbazine,Colonic Neoplasms,1.0
dacarbazine,Hodgkin Disease,4.0
dacarbazine,Leiomyosarcoma,3.0
dacarbazine,Lung Neoplasms,1.0
dacarbazine,Lymphoma,3.0
dacarbazine,"Lymphoma, T-Cell, Peripheral",3.0
dacarbazine,Melanoma,4.0
dacarbazine,Neoplasms,4.0
dacarbazine,Neuroblastoma,3.0
dacarbazine,Neuroendocrine Tumors,2.0
dacarbazine,Sarcoma,3.0
dacarbazine,"Sarcoma, Alveolar Soft Part",3.0
dacarbazine,"Sarcoma, Synovial",3.0
dacarbazine,Skin Neoplasms,3.0
dacarbazine,Thyroid Neoplasms,1.0
dacarbazine,Uveal Melanoma,3.0
dacomitinib,"Carcinoma, Non-Small-Cell Lung",4.0
dacomitinib,Neoplasms,4.0
dalfampridine,Carpal Tunnel Syndrome,2.0
dalfampridine,Cerebral Palsy,1.0
dalfampridine,Guillain-Barre Syndrome,2.0
dalfampridine,Ischemic Stroke,3.0
dalfampridine,"Memory, Short-Term",2.0
dalfampridine,Motor Neuron Disease,1.0
dalfampridine,Multiple Sclerosis,4.0
dalfampridine,"Multiple Sclerosis, Chronic Progressive",3.0
dalfampridine,"Multiple Sclerosis, Relapsing-Remitting",3.0
dalfampridine,Muscle Spasticity,3.0
dalfampridine,"Muscular Atrophy, Spinal",2.0
dalfampridine,Optic Neuritis,0.5
dalfampridine,Prostatic Diseases,2.0
dalfampridine,Renal Insufficiency,1.0
dalfampridine,"Sleep Apnea, Obstructive",2.0
dalfampridine,Spinal Cord Injuries,3.0
dalfampridine,Stroke,3.0
dalfampridine,"Trauma, Nervous System",2.0
dalfampridine,Wounds and Injuries,2.0
danazol,"Anemia, Aplastic",1.0
danazol,Dyskeratosis Congenita,1.0
danazol,Endometrial Neoplasms,2.0
danazol,Endometriosis,4.0
danazol,Fanconi Anemia,1.0
danazol,Fibrocystic Breast Disease,4.0
danazol,Infertility,3.0
danazol,Mastodynia,2.0
danazol,Myelodysplastic Syndromes,2.0
danazol,"Purpura, Thrombocytopenic, Idiopathic",2.0
danazol,"Purpura, Thrombotic Thrombocytopenic",2.0
danegaptide,"Arrhythmias, Cardiac",1.0
danegaptide,ST Elevation Myocardial Infarction,2.0
dantrolene,Fever,2.0
dantrolene,Multiple Sclerosis,1.0
dantrolene,"Tachycardia, Ventricular",2.0
dantrolene,Wounds and Injuries,2.0
danusertib,Leukemia,2.0
danusertib,Multiple Myeloma,2.0
danusertib,"Prostatic Neoplasms, Castration-Resistant",2.0
dapagliflozin,Acute Kidney Injury,3.0
dapagliflozin,Aging,1.0
dapagliflozin,Albuminuria,2.0
dapagliflozin,Alzheimer Disease,1.0
dapagliflozin,"Amyloidosis, Familial",2.0
dapagliflozin,Atrial Fibrillation,3.0
dapagliflozin,Brain Neoplasms,1.0
dapagliflozin,Breast Neoplasms,2.0
dapagliflozin,Coronary Disease,3.0
dapagliflozin,Cystinuria,2.0
dapagliflozin,Depressive Disorder,2.0
dapagliflozin,Diabetes Mellitus,4.0
dapagliflozin,"Diabetes Mellitus, Type 1",3.0
dapagliflozin,"Diabetes Mellitus, Type 2",4.0
dapagliflozin,Diabetic Nephropathies,2.0
dapagliflozin,Diabetic Neuropathies,2.0
dapagliflozin,Diabetic Retinopathy,3.0
dapagliflozin,Fabry Disease,2.0
dapagliflozin,Fatty Liver,3.0
dapagliflozin,"Glomerulonephritis, IGA",3.0
dapagliflozin,Heart Failure,4.0
dapagliflozin,"Heart Failure, Diastolic",2.0
dapagliflozin,"Hypertension, Pulmonary",2.0
dapagliflozin,Hyperuricemia,2.0
dapagliflozin,Inflammatory Bowel Diseases,2.0
dapagliflozin,Insulin Resistance,3.0
dapagliflozin,"Kidney Failure, Chronic",3.0
dapagliflozin,Liver Cirrhosis,2.0
dapagliflozin,Lupus Nephritis,1.0
dapagliflozin,Metabolic Syndrome,2.0
dapagliflozin,Motor Activity,2.0
dapagliflozin,Myocardial Infarction,2.0
dapagliflozin,Myocardial Ischemia,1.0
dapagliflozin,Non-alcoholic Fatty Liver Disease,3.0
dapagliflozin,Obesity,2.0
dapagliflozin,Pancreatic Neoplasms,1.0
dapagliflozin,Polycystic Ovary Syndrome,3.0
dapagliflozin,Prostatic Neoplasms,1.0
dapagliflozin,"Prostatic Neoplasms, Castration-Resistant",1.0
dapagliflozin,Renal Insufficiency,3.0
dapagliflozin,"Renal Insufficiency, Chronic",4.0
dapagliflozin,Reperfusion Injury,1.0
dapagliflozin,ST Elevation Myocardial Infarction,3.0
dapagliflozin,Severe Acute Respiratory Syndrome,3.0
dapagliflozin,Weight Loss,2.0
dapivirine,Acquired Immunodeficiency Syndrome,1.0
dapivirine,HIV Infections,3.0
dapivirine,Infections,1.0
dapsone,Acne Vulgaris,4.0
dapsone,"Carcinoma, Non-Small-Cell Lung",2.0
dapsone,Dermatitis Herpetiformis,4.0
dapsone,Fever,3.0
dapsone,HIV Infections,3.0
dapsone,Leprosy,4.0
dapsone,Lung Diseases,2.0
dapsone,Malaria,3.0
dapsone,"Malaria, Falciparum",3.0
dapsone,"Malaria, Vivax",3.0
dapsone,"Pemphigoid, Benign Mucous Membrane",2.0
dapsone,Pemphigus,2.0
dapsone,"Pneumonia, Pneumocystis",3.0
dapsone,Pulmonary Fibrosis,2.0
dapsone,Rosacea,2.0
dapsone,Sarcoidosis,2.0
dapsone,Severe Acute Respiratory Syndrome,3.0
dapsone,Stroke,2.0
darapladib,Acute Coronary Syndrome,3.0
darapladib,Atherosclerosis,3.0
darapladib,Diabetic Retinopathy,2.0
darifenacin,Amyotrophic Lateral Sclerosis,2.0
darifenacin,Polyuria,4.0
darifenacin,"Urinary Bladder, Overactive",3.0
darifenacin,Urinary Incontinence,4.0
darunavir,Acquired Immunodeficiency Syndrome,3.0
darunavir,Amyotrophic Lateral Sclerosis,1.0
darunavir,HIV Infections,4.0
darunavir,Hepatitis C,1.0
darunavir,Infections,3.0
darunavir,Insulin Resistance,1.0
darunavir,"Pneumonia, Pneumocystis",3.0
darunavir,Severe Acute Respiratory Syndrome,3.0
darunavir,Virus Diseases,4.0
dasabuvir,"Hepatitis B, Chronic",2.0
dasabuvir,Hepatitis C,3.0
dasabuvir,"Hepatitis C, Chronic",3.0
dasabuvir,Virus Diseases,4.0
dasatinib,"Leukemia, Myelogenous, Chronic, BCR-ABL Positive",4.0
dasatinib,Precursor Cell Lymphoblastic Leukemia-Lymphoma,4.0
daunorubicin,"Anemia, Refractory",2.0
daunorubicin,Hematologic Neoplasms,1.0
daunorubicin,"Hepatitis B, Chronic",3.0
daunorubicin,Leukemia,3.0
daunorubicin,"Leukemia, Biphenotypic, Acute",1.0
daunorubicin,"Leukemia, Lymphoid",2.0
daunorubicin,"Leukemia, Myelogenous, Chronic, BCR-ABL Positive",1.0
daunorubicin,"Leukemia, Myeloid",3.0
daunorubicin,"Leukemia, Myeloid, Acute",4.0
daunorubicin,"Lymphoma, Non-Hodgkin",3.0
daunorubicin,Myelodysplastic Syndromes,2.0
daunorubicin,Neoplasms,4.0
daunorubicin,Polycythemia Vera,1.0
daunorubicin,Precursor Cell Lymphoblastic Leukemia-Lymphoma,3.0
daunorubicin,Precursor T-Cell Lymphoblastic Leukemia-Lymphoma,3.0
daunorubicin,Primary Myelofibrosis,1.0
daunorubicin,"Sarcoma, Kaposi",3.0
daunorubicin,"Thrombocythemia, Essential",1.0
decitabine,"Adenocarcinoma, Follicular",2.0
decitabine,Anemia,4.0
decitabine,"Anemia, Aplastic",2.0
decitabine,"Anemia, Refractory, with Excess of Blasts",4.0
decitabine,"Anemia, Sickle Cell",2.0
decitabine,Breast Neoplasms,2.0
decitabine,Burkitt Lymphoma,1.0
decitabine,"Carcinoma, Non-Small-Cell Lung",2.0
decitabine,"Carcinoma, Renal Cell",2.0
decitabine,"Carcinoma, Squamous Cell",1.0
decitabine,Esophageal Neoplasms,2.0
decitabine,Fallopian Tube Neoplasms,2.0
decitabine,Graft vs Host Disease,3.0
decitabine,"Granuloma, Lethal Midline",2.0
decitabine,HIV Infections,1.0
decitabine,Head and Neck Neoplasms,1.0
decitabine,Hematologic Diseases,3.0
decitabine,Hematologic Neoplasms,1.0
decitabine,Hodgkin Disease,2.0
decitabine,Leukemia,3.0
decitabine,"Leukemia, Myelogenous, Chronic, BCR-ABL Positive",2.0
decitabine,"Leukemia, Myeloid",4.0
decitabine,"Leukemia, Myeloid, Acute",3.0
decitabine,"Leukemia, Myelomonocytic, Chronic",4.0
decitabine,"Leukemia, Promyelocytic, Acute",1.0
decitabine,Lung Neoplasms,2.0
decitabine,Lymphoma,2.0
decitabine,"Lymphoma, Follicular",0.5
decitabine,"Lymphoma, Large B-Cell, Diffuse",3.0
decitabine,"Lymphoma, Mantle-Cell",1.0
decitabine,"Lymphoma, Non-Hodgkin",1.0
decitabine,"Lymphoma, T-Cell, Cutaneous",1.0
decitabine,"Lymphoma, T-Cell, Peripheral",3.0
decitabine,"Mastocytosis, Systemic",1.0
decitabine,Medulloblastoma,1.0
decitabine,Melanoma,2.0
decitabine,Multiple Myeloma,1.0
decitabine,Myelodysplastic Syndromes,4.0
decitabine,Myeloproliferative Disorders,3.0
decitabine,Neoplasms,4.0
decitabine,Neuroblastoma,1.0
decitabine,Ovarian Neoplasms,2.0
decitabine,Paraganglioma,1.0
decitabine,Peritoneal Neoplasms,2.0
decitabine,Precursor Cell Lymphoblastic Leukemia-Lymphoma,1.0
decitabine,Precursor T-Cell Lymphoblastic Leukemia-Lymphoma,1.0
decitabine,Primary Myelofibrosis,2.0
decitabine,Prostatic Neoplasms,1.0
decitabine,"Purpura, Thrombocytopenic, Idiopathic",3.0
decitabine,"Sarcoma, Synovial",1.0
decitabine,Severe Acute Respiratory Syndrome,2.0
decitabine,Thalassemia,2.0
decitabine,Thrombocytopenia,3.0
decitabine,Thyroid Neoplasms,2.0
decitabine,Triple Negative Breast Neoplasms,1.0
defactinib,"Carcinoma, Endometrioid",1.0
defactinib,"Carcinoma, Non-Small-Cell Lung",2.0
defactinib,"Carcinoma, Pancreatic Ductal",2.0
defactinib,Colorectal Neoplasms,2.0
defactinib,"Genital Neoplasms, Female",2.0
defactinib,Glioblastoma,0.5
defactinib,Lung Neoplasms,2.0
defactinib,Melanoma,1.0
defactinib,Mesothelioma,2.0
defactinib,Neoplasms,1.0
defactinib,Ovarian Neoplasms,3.0
defactinib,Pancreatic Neoplasms,2.0
defactinib,Thyroid Neoplasms,2.0
deferasirox,Anemia,2.0
deferasirox,"Anemia, Diamond-Blackfan",3.0
deferasirox,"Anemia, Sickle Cell",3.0
deferasirox,Hemochromatosis,2.0
deferasirox,Hemosiderosis,3.0
deferasirox,Iron Overload,4.0
deferasirox,"Leukemia, Myeloid, Acute",2.0
deferasirox,Liver Diseases,1.0
deferasirox,Mucormycosis,2.0
deferasirox,Myelodysplastic Syndromes,4.0
deferasirox,"Osteoporosis, Postmenopausal",2.0
deferasirox,Porphyria Cutanea Tarda,3.0
deferasirox,Precursor Cell Lymphoblastic Leukemia-Lymphoma,1.0
deferasirox,Thalassemia,3.0
deferasirox,beta-Thalassemia,4.0
deferiprone,Acute Kidney Injury,3.0
deferiprone,Amyotrophic Lateral Sclerosis,2.0
deferiprone,"Anemia, Sickle Cell",4.0
deferiprone,Cerebellar Ataxia,0.5
deferiprone,Cognitive Dysfunction,0.5
deferiprone,Friedreich Ataxia,2.0
deferiprone,HIV Infections,1.0
deferiprone,Hemochromatosis,3.0
deferiprone,Iron Overload,4.0
deferiprone,Myocardial Infarction,1.0
deferiprone,Pantothenate Kinase-Associated Neurodegeneration,3.0
deferiprone,Parkinson Disease,2.0
deferiprone,Stroke,2.0
deferiprone,Thalassemia,4.0
deferiprone,beta-Thalassemia,4.0
dehydroepiandrosterone,Addison Disease,3.0
dehydroepiandrosterone,Adrenal Insufficiency,3.0
dehydroepiandrosterone,Aging,3.0
dehydroepiandrosterone,Anorexia Nervosa,3.0
dehydroepiandrosterone,"Arthritis, Rheumatoid",4.0
dehydroepiandrosterone,Atrophic Vaginitis,4.0
dehydroepiandrosterone,Breast Neoplasms,3.0
dehydroepiandrosterone,Crohn Disease,2.0
dehydroepiandrosterone,Depressive Disorder,2.0
dehydroepiandrosterone,"Diabetes Mellitus, Type 1",0.5
dehydroepiandrosterone,Dysmenorrhea,4.0
dehydroepiandrosterone,Erectile Dysfunction,2.0
dehydroepiandrosterone,"Genital Neoplasms, Female",3.0
dehydroepiandrosterone,HIV Infections,2.0
dehydroepiandrosterone,Hot Flashes,2.0
dehydroepiandrosterone,Infertility,3.0
dehydroepiandrosterone,Low Back Pain,2.0
dehydroepiandrosterone,"Lupus Erythematosus, Systemic",3.0
dehydroepiandrosterone,Malaria,3.0
dehydroepiandrosterone,Menopause,3.0
dehydroepiandrosterone,Multiple Myeloma,2.0
dehydroepiandrosterone,Myotonic Dystrophy,2.0
dehydroepiandrosterone,Osteoarthritis,4.0
dehydroepiandrosterone,Pain,4.0
dehydroepiandrosterone,Primary Ovarian Insufficiency,2.0
dehydroepiandrosterone,"Sarcoma, Synovial",1.0
dehydroepiandrosterone,"Sexual Dysfunction, Physiological",3.0
dehydroepiandrosterone,Skin Aging,3.0
dehydroepiandrosterone,"Stress Disorders, Post-Traumatic",2.0
dehydroepiandrosterone,Substance Withdrawal Syndrome,2.0
delanzomib,Multiple Myeloma,1.0
delivert,Cardiovascular Diseases,4.0
delivert,Hepatorenal Syndrome,1.0
delivert,Hypertension,3.0
delivert,Orthostatic Intolerance,1.0
delivert,Pre-Eclampsia,0.5
delivert,"Shock, Septic",3.0
deoxycholic-acid,Lipoma,2.0
deoxycholic-acid,Neurofibroma,1.0
deoxycholic-acid,Neurofibromatosis 1,1.0
deoxycholic-acid,Obesity,0.5
deoxycholic-acid,Pain,2.0
desmopressin-acetate,Cerebral Hemorrhage,2.0
desmopressin-acetate,Craniocerebral Trauma,4.0
desmopressin-acetate,Diabetes Insipidus,4.0
desmopressin-acetate,"Diabetes Insipidus, Neurogenic",4.0
desmopressin-acetate,Ecchymosis,2.0
desmopressin-acetate,Hemorrhage,4.0
desmopressin-acetate,Hypertension,1.0
desmopressin-acetate,Hyponatremia,3.0
desmopressin-acetate,Nasal Obstruction,4.0
desmopressin-acetate,Nocturia,4.0
desmopressin-acetate,Nocturnal Enuresis,4.0
desmopressin-acetate,von Willebrand Diseases,4.0
desvenlafaxine,Depressive Disorder,4.0
desvenlafaxine,"Depressive Disorder, Major",4.0
desvenlafaxine,Fibromyalgia,2.0
desvenlafaxine,"Hepatitis C, Chronic",2.0
dexamethasone,Acne Vulgaris,4.0
dexamethasone,Addison Disease,4.0
dexamethasone,"Adrenal Hyperplasia, Congenital",4.0
dexamethasone,Adrenal Insufficiency,1.0
dexamethasone,Adrenocortical Hyperfunction,4.0
dexamethasone,Alcoholism,0.5
dexamethasone,Amyloidosis,3.0
dexamethasone,"Amyloidosis, Familial",3.0
dexamethasone,Anaphylaxis,1.0
dexamethasone,Anemia,3.0
dexamethasone,"Anemia, Aplastic",4.0
dexamethasone,"Anemia, Hemolytic",4.0
dexamethasone,"Anemia, Refractory",3.0
dexamethasone,"Anemia, Refractory, with Excess of Blasts",3.0
dexamethasone,"Anemia, Sickle Cell",3.0
dexamethasone,Aortic Coarctation,1.0
dexamethasone,Appendicitis,2.0
dexamethasone,"Arthritis, Gouty",4.0
dexamethasone,"Arthritis, Juvenile",4.0
dexamethasone,"Arthritis, Psoriatic",4.0
dexamethasone,"Arthritis, Rheumatoid",4.0
dexamethasone,Asthma,4.0
dexamethasone,Atrioventricular Block,3.0
dexamethasone,Back Pain,3.0
dexamethasone,Blast Crisis,2.0
dexamethasone,Blastic Plasmacytoid Dendritic Cell Neoplasm,2.0
dexamethasone,Blepharitis,3.0
dexamethasone,Brain Edema,1.0
dexamethasone,Brain Neoplasms,2.0
dexamethasone,Breast Carcinoma In Situ,2.0
dexamethasone,Breast Neoplasms,3.0
dexamethasone,Bronchiolitis,3.0
dexamethasone,Bronchiolitis Obliterans Syndrome,2.0
dexamethasone,Bronchopulmonary Dysplasia,3.0
dexamethasone,Burkitt Lymphoma,2.0
dexamethasone,Bursitis,4.0
dexamethasone,"Carcinoma, Hepatocellular",3.0
dexamethasone,"Carcinoma, Non-Small-Cell Lung",3.0
dexamethasone,"Carcinoma, Renal Cell",2.0
dexamethasone,"Carcinoma, Squamous Cell",2.0
dexamethasone,Castleman Disease,2.0
dexamethasone,Cataract,3.0
dexamethasone,Cholangiocarcinoma,2.0
dexamethasone,Chorioretinitis,4.0
dexamethasone,Choroidal Neovascularization,2.0
dexamethasone,Choroiditis,4.0
dexamethasone,Chronic Pain,3.0
dexamethasone,"Colitis, Ulcerative",4.0
dexamethasone,Colorectal Neoplasms,3.0
dexamethasone,"Conjunctivitis, Allergic",4.0
dexamethasone,"Conjunctivitis, Viral",3.0
dexamethasone,Corneal Edema,3.0
dexamethasone,Corneal Injuries,4.0
dexamethasone,Crohn Disease,4.0
dexamethasone,Croup,1.0
dexamethasone,Cysticercosis,3.0
dexamethasone,Deafness,3.0
dexamethasone,Deglutition Disorders,3.0
dexamethasone,Dermatitis,4.0
dexamethasone,Dermatitis Herpetiformis,4.0
dexamethasone,"Dermatitis, Atopic",4.0
dexamethasone,"Dermatitis, Contact",4.0
dexamethasone,"Dermatitis, Exfoliative",4.0
dexamethasone,"Dermatitis, Seborrheic",4.0
dexamethasone,Diabetic Retinopathy,4.0
dexamethasone,Dry Eye Syndromes,2.0
dexamethasone,Dyspnea,2.0
dexamethasone,"Encephalitis, Herpes Simplex",3.0
dexamethasone,Endocrine Gland Neoplasms,2.0
dexamethasone,Endometrial Neoplasms,2.0
dexamethasone,Erythema Multiforme,4.0
dexamethasone,Esophageal Neoplasms,1.0
dexamethasone,Eye Diseases,4.0
dexamethasone,"Fasciitis, Plantar",2.0
dexamethasone,Fatigue,3.0
dexamethasone,"Genital Neoplasms, Female",3.0
dexamethasone,"Genital Neoplasms, Male",3.0
dexamethasone,Glaucoma,3.0
dexamethasone,Glioblastoma,1.0
dexamethasone,Glomerulonephritis,2.0
dexamethasone,"Glomerulosclerosis, Focal Segmental",3.0
dexamethasone,Gout,2.0
dexamethasone,Graft vs Host Disease,3.0
dexamethasone,"Granuloma, Lethal Midline",3.0
dexamethasone,Graves Disease,1.0
dexamethasone,HELLP Syndrome,3.0
dexamethasone,Head and Neck Neoplasms,1.0
dexamethasone,Headache,3.0
dexamethasone,Hearing Loss,2.0
dexamethasone,"Hearing Loss, Sensorineural",2.0
dexamethasone,Heart Failure,2.0
dexamethasone,Hematologic Neoplasms,2.0
dexamethasone,"Hematoma, Subdural, Intracranial",2.0
dexamethasone,Hemorrhage,2.0
dexamethasone,Hemorrhoids,4.0
dexamethasone,"Hernias, Diaphragmatic, Congenital",3.0
dexamethasone,Herpes Simplex,4.0
dexamethasone,Herpes Zoster Ophthalmicus,4.0
dexamethasone,"Histiocytosis, Langerhans-Cell",2.0
dexamethasone,"Histiocytosis, Sinus",2.0
dexamethasone,Hodgkin Disease,3.0
dexamethasone,Hypercalcemia,4.0
dexamethasone,Hypersensitivity,3.0
dexamethasone,Hypertension,0.5
dexamethasone,Hyperuricemia,1.0
dexamethasone,Hypocalcemia,2.0
dexamethasone,IgA Vasculitis,2.0
dexamethasone,Ileus,1.0
dexamethasone,Immune System Diseases,2.0
dexamethasone,Immunoglobulin Light-chain Amyloidosis,3.0
dexamethasone,Infections,4.0
dexamethasone,Inflammation,4.0
dexamethasone,"Influenza, Human",3.0
dexamethasone,Intestinal Obstruction,2.0
dexamethasone,Intracranial Hypertension,2.0
dexamethasone,Iridocyclitis,4.0
dexamethasone,Iritis,4.0
dexamethasone,Keratitis,4.0
dexamethasone,Keratoconus,1.0
dexamethasone,"Kidney Failure, Chronic",3.0
dexamethasone,Knee Injuries,3.0
dexamethasone,Lacrimal Apparatus Diseases,1.0
dexamethasone,Lassa Fever,2.0
dexamethasone,Leiomyoma,3.0
dexamethasone,Leptospirosis,2.0
dexamethasone,Leukemia,4.0
dexamethasone,"Leukemia, Biphenotypic, Acute",3.0
dexamethasone,"Leukemia, Erythroblastic, Acute",3.0
dexamethasone,"Leukemia, Hairy Cell",1.0
dexamethasone,"Leukemia, Lymphocytic, Chronic, B-Cell",2.0
dexamethasone,"Leukemia, Lymphoid",3.0
dexamethasone,"Leukemia, Megakaryoblastic, Acute",3.0
dexamethasone,"Leukemia, Monocytic, Acute",3.0
dexamethasone,"Leukemia, Myeloid, Acute",3.0
dexamethasone,"Leukemia, Myelomonocytic, Acute",3.0
dexamethasone,"Leukemia, Myelomonocytic, Chronic",3.0
dexamethasone,"Leukemia, Plasma Cell",2.0
dexamethasone,"Leukemia, T-Cell",2.0
dexamethasone,"Leukemia-Lymphoma, Adult T-Cell",2.0
dexamethasone,Lichen Planus,2.0
dexamethasone,"Lichen Planus, Oral",3.0
dexamethasone,"Liposarcoma, Myxoid",2.0
dexamethasone,Liver Cirrhosis,3.0
dexamethasone,Liver Neoplasms,2.0
dexamethasone,"Lung Diseases, Obstructive",2.0
dexamethasone,Lung Neoplasms,2.0
dexamethasone,"Lupus Erythematosus, Systemic",4.0
dexamethasone,"Lymphohistiocytosis, Hemophagocytic",3.0
dexamethasone,Lymphoma,4.0
dexamethasone,"Lymphoma, Follicular",3.0
dexamethasone,"Lymphoma, Large B-Cell, Diffuse",3.0
dexamethasone,"Lymphoma, Large-Cell, Anaplastic",2.0
dexamethasone,"Lymphoma, Mantle-Cell",3.0
dexamethasone,"Lymphoma, Non-Hodgkin",3.0
dexamethasone,"Lymphoma, T-Cell, Cutaneous",1.0
dexamethasone,"Lymphoma, T-Cell, Peripheral",2.0
dexamethasone,Macular Degeneration,2.0
dexamethasone,Macular Edema,4.0
dexamethasone,Malaria,3.0
dexamethasone,Mastoiditis,3.0
dexamethasone,Melanoma,2.0
dexamethasone,Meniere Disease,3.0
dexamethasone,Meningeal Carcinomatosis,1.0
dexamethasone,Meningitis,2.0
dexamethasone,"Meningitis, Cryptococcal",2.0
dexamethasone,Mesothelioma,2.0
dexamethasone,Migraine Disorders,3.0
dexamethasone,Mouth Neoplasms,2.0
dexamethasone,Multiple Myeloma,3.0
dexamethasone,Multiple Sclerosis,4.0
dexamethasone,"Multiple Sclerosis, Chronic Progressive",3.0
dexamethasone,Mycosis Fungoides,4.0
dexamethasone,Myelodysplastic Syndromes,3.0
dexamethasone,Myocarditis,4.0
dexamethasone,Nasal Obstruction,4.0
dexamethasone,Nasopharyngeal Carcinoma,2.0
dexamethasone,Nausea,3.0
dexamethasone,Neck Pain,2.0
dexamethasone,Neoplasm Metastasis,2.0
dexamethasone,Neoplasms,4.0
dexamethasone,"Neoplasms, Plasma Cell",3.0
dexamethasone,Nephrosis,3.0
dexamethasone,Nephrotic Syndrome,4.0
dexamethasone,Nervous System Diseases,2.0
dexamethasone,Neuralgia,3.0
dexamethasone,"Ophthalmia, Sympathetic",4.0
dexamethasone,Optic Neuritis,4.0
dexamethasone,Osteoarthritis,4.0
dexamethasone,"Osteoarthritis, Knee",1.0
dexamethasone,Otitis Externa,3.0
dexamethasone,Otitis Media,3.0
dexamethasone,Ovarian Hyperstimulation Syndrome,3.0
dexamethasone,Ovarian Neoplasms,3.0
dexamethasone,POEMS Syndrome,2.0
dexamethasone,"Paget Disease, Extramammary",2.0
dexamethasone,Pain,3.0
dexamethasone,Pancreatic Neoplasms,2.0
dexamethasone,Papilledema,2.0
dexamethasone,Pelvic Organ Prolapse,3.0
dexamethasone,Pemphigus,4.0
dexamethasone,Peptic Ulcer,4.0
dexamethasone,Pharyngitis,2.0
dexamethasone,Plasmacytoma,3.0
dexamethasone,Pneumonia,4.0
dexamethasone,"Pneumonia, Viral",3.0
dexamethasone,Postoperative Complications,3.0
dexamethasone,Postoperative Nausea and Vomiting,3.0
dexamethasone,Precursor Cell Lymphoblastic Leukemia-Lymphoma,3.0
dexamethasone,Precursor T-Cell Lymphoblastic Leukemia-Lymphoma,3.0
dexamethasone,Pregnancy,3.0
dexamethasone,Premature Birth,2.0
dexamethasone,Prostatic Neoplasms,3.0
dexamethasone,"Prostatic Neoplasms, Castration-Resistant",3.0
dexamethasone,Psoriasis,4.0
dexamethasone,Pulmonary Eosinophilia,4.0
dexamethasone,Pulmonary Fibrosis,2.0
dexamethasone,Pulpitis,1.0
dexamethasone,"Purpura, Thrombocytopenic, Idiopathic",4.0
dexamethasone,"Purpura, Thrombotic Thrombocytopenic",2.0
dexamethasone,Radiculopathy,2.0
dexamethasone,Radius Fractures,1.0
dexamethasone,Rectal Neoplasms,2.0
dexamethasone,"Red-Cell Aplasia, Pure",2.0
dexamethasone,"Renal Insufficiency, Chronic",3.0
dexamethasone,Respiratory Distress Syndrome,3.0
dexamethasone,Respiratory Insufficiency,3.0
dexamethasone,Retinal Vein Occlusion,2.0
dexamethasone,Retinopathy of Prematurity,1.0
dexamethasone,Rhabdomyolysis,1.0
dexamethasone,Rheumatic Diseases,1.0
dexamethasone,"Rhinitis, Allergic",4.0
dexamethasone,"Rhinitis, Allergic, Perennial",3.0
dexamethasone,"Rhinitis, Allergic, Seasonal",4.0
dexamethasone,Rotator Cuff Injuries,3.0
dexamethasone,Sarcoidosis,4.0
dexamethasone,Sarcoma,3.0
dexamethasone,Sciatica,3.0
dexamethasone,Scleritis,1.0
dexamethasone,Sepsis,1.0
dexamethasone,Serum Sickness,4.0
dexamethasone,Severe Acute Respiratory Syndrome,3.0
dexamethasone,Sinusitis,1.0
dexamethasone,"Sleep Apnea, Obstructive",3.0
dexamethasone,Small Cell Lung Carcinoma,3.0
dexamethasone,Smoldering Multiple Myeloma,3.0
dexamethasone,Specific Language Disorder,3.0
dexamethasone,"Spondylitis, Ankylosing",4.0
dexamethasone,Stevens-Johnson Syndrome,4.0
dexamethasone,Stomach Neoplasms,2.0
dexamethasone,Strabismus,3.0
dexamethasone,Subarachnoid Hemorrhage,3.0
dexamethasone,Synovitis,4.0
dexamethasone,Tennis Elbow,4.0
dexamethasone,Tenosynovitis,4.0
dexamethasone,Thrombocytopenia,4.0
dexamethasone,"Thyroiditis, Subacute",4.0
dexamethasone,Tonsillitis,2.0
dexamethasone,Tooth Diseases,0.5
dexamethasone,"Toxoplasmosis, Cerebral",2.0
dexamethasone,Trichinellosis,4.0
dexamethasone,Tuberculosis,2.0
dexamethasone,"Tuberculosis, Meningeal",4.0
dexamethasone,"Tuberculosis, Pulmonary",4.0
dexamethasone,Urinary Bladder Neoplasms,2.0
dexamethasone,Urinary Tract Infections,3.0
dexamethasone,Uveitis,4.0
dexamethasone,"Uveitis, Anterior",3.0
dexamethasone,"Uveitis, Intermediate",2.0
dexamethasone,"Uveitis, Posterior",4.0
dexamethasone,"Vaginosis, Bacterial",3.0
dexamethasone,Vestibular Neuronitis,0.5
dexamethasone,Vitiligo,1.0
dexamethasone,"Vitreoretinopathy, Proliferative",3.0
dexamethasone,Vomiting,3.0
dexamethasone,Waldenstrom Macroglobulinemia,3.0
dexamethasone,Wet Macular Degeneration,2.0
dexamethasone,Wounds and Injuries,3.0
dexamethasone,Wrist Fractures,3.0
dexamethasone,Xerostomia,2.0
dexamethasone-acetate,Leukemia,3.0
dexamethasone-acetate,Lymphoma,1.0
dexamethasone-acetate,Multiple Myeloma,4.0
dexamethasone-acetate,Pancreatitis,2.0
dexamethasone-acetate,Tooth Diseases,0.5
dexfenfluramine,Obesity,4.0
dexloxiglumide,Dyspepsia,2.0
dexloxiglumide,Irritable Bowel Syndrome,3.0
dextromethorphan,Alzheimer Disease,1.0
dextromethorphan,Amyotrophic Lateral Sclerosis,3.0
dextromethorphan,Autistic Disorder,2.0
dextromethorphan,Bipolar Disorder,3.0
dextromethorphan,Cognitive Dysfunction,1.0
dextromethorphan,"Colitis, Ulcerative",1.0
dextromethorphan,Common Cold,1.0
dextromethorphan,Cough,4.0
dextromethorphan,Crohn Disease,1.0
dextromethorphan,Cytomegalovirus Infections,1.0
dextromethorphan,"Depressive Disorder, Major",2.0
dextromethorphan,"Depressive Disorder, Treatment-Resistant",3.0
dextromethorphan,"Diabetes Mellitus, Type 2",2.0
dextromethorphan,Diabetic Neuropathies,2.0
dextromethorphan,Fibromyalgia,2.0
dextromethorphan,HIV Infections,1.0
dextromethorphan,Hypertrophy,2.0
dextromethorphan,Irritable Bowel Syndrome,2.0
dextromethorphan,Malaria,1.0
dextromethorphan,Melanoma,1.0
dextromethorphan,Mitochondrial Diseases,1.0
dextromethorphan,Multiple Sclerosis,3.0
dextromethorphan,"Multiple Sclerosis, Relapsing-Remitting",3.0
dextromethorphan,Neoplasm Metastasis,1.0
dextromethorphan,Neoplasms,1.0
dextromethorphan,Neuralgia,2.0
dextromethorphan,Neurodegenerative Diseases,2.0
dextromethorphan,Opioid-Related Disorders,3.0
dextromethorphan,Parkinson Disease,2.0
dextromethorphan,Peripheral Nervous System Diseases,2.0
dextromethorphan,"Prostatic Neoplasms, Castration-Resistant",1.0
dextromethorphan,Proteinuria,3.0
dextromethorphan,Psoriasis,1.0
dextromethorphan,Rett Syndrome,3.0
dextromethorphan,Schizophrenia,2.0
dextromethorphan,Substance-Related Disorders,2.0
dextromethorphan,Trypanosomiasis,1.0
dextromethorphan,Voice Disorders,1.0
diacerein,"Arthritis, Rheumatoid",2.0
diacerein,"Diabetes Mellitus, Type 2",2.0
diacerein,Epidermolysis Bullosa,2.0
diacerein,Epidermolysis Bullosa Dystrophica,1.0
diacerein,Epidermolysis Bullosa Simplex,2.0
diacerein,"Epidermolysis Bullosa, Junctional",1.0
diacerein,Gout,2.0
diacerein,Osteoarthritis,3.0
diacerein,"Osteoarthritis, Hip",3.0
diacerein,"Osteoarthritis, Knee",3.0
diacerein,"Pemphigoid, Bullous",2.0
diacerein,Rheumatic Diseases,4.0
diacerein,Severe Acute Respiratory Syndrome,2.0
diacerein,Thrombocytopenia,2.0
diazepam,Anxiety,4.0
diazepam,Anxiety Disorders,4.0
diazepam,Cerebral Palsy,4.0
diazepam,Dementia,3.0
diazepam,Depressive Disorder,3.0
diazepam,Epilepsy,4.0
diazepam,"Epilepsy, Complex Partial",3.0
diazepam,Landau-Kleffner Syndrome,2.0
diazepam,Low Back Pain,2.0
diazepam,Mental Disorders,4.0
diazepam,Pain,3.0
diazepam,Psychomotor Agitation,4.0
diazepam,Rotator Cuff Injuries,2.0
diazepam,Schizophrenia,3.0
diazepam,Seizures,3.0
diazepam,Status Epilepticus,3.0
diazepam,Stiff-Person Syndrome,4.0
diazepam,Vertigo,3.0
diazepam,Wounds and Injuries,2.0
diazoxide,"Adenoma, Islet Cell",4.0
diazoxide,Depressive Disorder,1.0
diazoxide,"Diabetes Mellitus, Type 2",2.0
diazoxide,Hyperinsulinism,4.0
diazoxide,Hypertension,4.0
diazoxide,Hypoglycemia,4.0
diazoxide,Obesity,3.0
diclofenac,Acute Pain,4.0
diclofenac,Aging,1.0
diclofenac,Alcoholism,0.5
diclofenac,Arthralgia,4.0
diclofenac,"Arthritis, Rheumatoid",4.0
diclofenac,Bile Duct Diseases,2.0
diclofenac,Carcinoma,2.0
diclofenac,"Carcinoma, Basal Cell",2.0
diclofenac,Cataract,4.0
diclofenac,Depressive Disorder,1.0
diclofenac,Dysmenorrhea,4.0
diclofenac,Eye Diseases,4.0
diclofenac,"Fractures, Bone",1.0
diclofenac,Infertility,3.0
diclofenac,Inflammation,4.0
diclofenac,"Keratosis, Actinic",4.0
diclofenac,Mastodynia,2.0
diclofenac,Migraine Disorders,4.0
diclofenac,Myalgia,4.0
diclofenac,Neoplasms,1.0
diclofenac,Osteoarthritis,4.0
diclofenac,"Osteoarthritis, Hip",3.0
diclofenac,"Osteoarthritis, Knee",3.0
diclofenac,Pancreatitis,1.0
diclofenac,Periodontitis,1.0
diclofenac,Pulmonary Embolism,2.0
diclofenac,Renal Colic,3.0
diclofenac,Rheumatic Diseases,4.0
diclofenac,"Spondylitis, Ankylosing",3.0
diclofenac,Sprains and Strains,4.0
diclofenac,Stomach Ulcer,3.0
diclofenac,Toothache,3.0
diclofenac,Wounds and Injuries,2.0
dicloxacillin,Bacteremia,3.0
dicloxacillin,Bacterial Infections,4.0
dicloxacillin,Gram-Positive Bacterial Infections,3.0
dicloxacillin,Osteomyelitis,0.5
dicoumarol,Thrombosis,4.0
dienogest,Anorexia Nervosa,2.0
dienogest,Dysmenorrhea,3.0
dienogest,Endometriosis,3.0
dienogest,Leiomyoma,2.0
dienogest,Menorrhagia,4.0
dienogest,Metrorrhagia,3.0
diethylcarbamazine,"Elephantiasis, Filarial",3.0
diethylcarbamazine,Helminthiasis,4.0
diethylcarbamazine,Infections,1.0
diethylcarbamazine,Loiasis,2.0
diethylstilbestrol,Neoplasms,4.0
diethylstilbestrol,"Prostatic Neoplasms, Castration-Resistant",3.0
diflunisal,"Amyloid Neuropathies, Familial",2.0
diflunisal,"Arthritis, Rheumatoid",4.0
diflunisal,"Diabetes Mellitus, Type 2",2.0
diflunisal,Fever,4.0
diflunisal,Osteoarthritis,4.0
diflunisal,Pain,4.0
digoxin,"Angioedemas, Hereditary",1.0
digoxin,"Arrhythmias, Cardiac",3.0
digoxin,"Arthritis, Rheumatoid",2.0
digoxin,Atrial Fibrillation,4.0
digoxin,Breast Neoplasms,2.0
digoxin,"Carcinoma, Non-Small-Cell Lung",2.0
digoxin,Cardiovascular Diseases,4.0
digoxin,Cytomegalovirus Infections,1.0
digoxin,Depressive Disorder,1.0
digoxin,"Depressive Disorder, Major",1.0
digoxin,Diabetes Mellitus,1.0
digoxin,"Diabetes Mellitus, Type 2",1.0
digoxin,Epilepsy,1.0
digoxin,Essential Hypertension,1.0
digoxin,HIV Infections,1.0
digoxin,Head and Neck Neoplasms,1.0
digoxin,Heart Failure,4.0
digoxin,"Hepatitis B, Chronic",1.0
digoxin,Hepatitis C,1.0
digoxin,Infections,1.0
digoxin,Inflammation,1.0
digoxin,"Influenza, Human",1.0
digoxin,"Keratosis, Actinic",2.0
digoxin,"Leukemia, Myeloid, Acute",1.0
digoxin,Melanoma,1.0
digoxin,Myelodysplastic Syndromes,1.0
digoxin,Nausea,1.0
digoxin,Neoplasms,1.0
digoxin,Non-alcoholic Fatty Liver Disease,2.0
digoxin,Obesity,1.0
digoxin,Pain,1.0
digoxin,Pancreatic Neoplasms,2.0
digoxin,"Prostatic Neoplasms, Castration-Resistant",2.0
digoxin,"Pulmonary Disease, Chronic Obstructive",1.0
digoxin,"Sarcoma, Kaposi",2.0
digoxin,Substance-Related Disorders,1.0
digoxin,"Tachycardia, Supraventricular",3.0
digoxin,von Hippel-Lindau Disease,1.0
dihydroergocristine,Cardiovascular Diseases,-1.0
dihydroergotamine,Migraine Disorders,4.0
dihydroergotamine,Migraine with Aura,3.0
dihydroergotamine,Migraine without Aura,3.0
dilazep,Cardiovascular Diseases,2.0
diltiazem,Anus Diseases,2.0
diltiazem,"Arrhythmias, Cardiac",3.0
diltiazem,Atherosclerosis,3.0
diltiazem,Atrial Fibrillation,3.0
diltiazem,"Cardiomyopathy, Hypertrophic",2.0
diltiazem,Cardiovascular Diseases,4.0
diltiazem,Constipation,1.0
diltiazem,Coronary Disease,3.0
diltiazem,"Diabetes Mellitus, Type 2",3.0
diltiazem,Fissure in Ano,2.0
diltiazem,Heart Failure,3.0
diltiazem,Hemorrhoids,4.0
diltiazem,Hypercholesterolemia,3.0
diltiazem,Hypertension,3.0
diltiazem,Hypotension,0.5
diltiazem,"Influenza, Human",2.0
diltiazem,Metabolic Syndrome,1.0
diltiazem,Myocardial Ischemia,3.0
diltiazem,Neoplasms,1.0
diltiazem,Postoperative Nausea and Vomiting,2.0
diltiazem,Reperfusion Injury,3.0
diltiazem,Severe Acute Respiratory Syndrome,3.0
diltiazem,Substance-Related Disorders,1.0
diltiazem,Thrombosis,1.0
dimesna,Adenocarcinoma of Lung,2.0
dimesna,"Carcinoma, Non-Small-Cell Lung",3.0
dimethyl-fumarate,"Arthritis, Psoriatic",2.0
dimethyl-fumarate,"Arthritis, Rheumatoid",2.0
dimethyl-fumarate,Cerebral Hemorrhage,2.0
dimethyl-fumarate,Gliosarcoma,1.0
dimethyl-fumarate,Immune System Diseases,4.0
dimethyl-fumarate,Ischemic Stroke,2.0
dimethyl-fumarate,"Leukemia, Lymphocytic, Chronic, B-Cell",1.0
dimethyl-fumarate,"Lymphoma, T-Cell, Cutaneous",2.0
dimethyl-fumarate,Multiple Sclerosis,4.0
dimethyl-fumarate,"Multiple Sclerosis, Chronic Progressive",3.0
dimethyl-fumarate,"Multiple Sclerosis, Relapsing-Remitting",4.0
dimethyl-fumarate,Psoriasis,4.0
dimethyl-fumarate,Severe Acute Respiratory Syndrome,3.0
dimethyl-fumarate,"Sleep Apnea, Obstructive",2.0
dinaciclib,Breast Neoplasms,1.0
dinaciclib,"Breast Neoplasms, Male",1.0
dinaciclib,"Leukemia, Lymphocytic, Chronic, B-Cell",3.0
dinaciclib,"Leukemia, Lymphoid",1.0
dinaciclib,"Leukemia, Myeloid, Acute",2.0
dinaciclib,"Leukemia, Prolymphocytic",1.0
dinaciclib,"Lymphoma, Non-Hodgkin",1.0
dinaciclib,Melanoma,1.0
dinaciclib,Multiple Myeloma,2.0
dinaciclib,Neoplasms,1.0
dinaciclib,Pancreatic Neoplasms,1.0
dinaciclib,Precursor Cell Lymphoblastic Leukemia-Lymphoma,2.0
diosmin,"Arthritis, Rheumatoid",3.0
diosmin,Cardiovascular Diseases,4.0
diosmin,"Colitis, Ulcerative",3.0
diosmin,Infertility,2.0
diosmin,Menorrhagia,1.0
diosmin,Non-alcoholic Fatty Liver Disease,3.0
diosmin,Peptic Ulcer,3.0
diosmin,Venous Insufficiency,3.0
diphenylpyraline,Hypersensitivity,4.0
dipraglurant,Blepharospasm,2.0
dipraglurant,Parkinson Disease,2.0
dipyridamole,"Anemia, Sickle Cell",2.0
dipyridamole,"Angina, Stable",3.0
dipyridamole,"Arthritis, Rheumatoid",2.0
dipyridamole,Cardiovascular Diseases,3.0
dipyridamole,Carotid Stenosis,2.0
dipyridamole,Coronary Artery Disease,4.0
dipyridamole,HIV Infections,1.0
dipyridamole,Heart Diseases,3.0
dipyridamole,Hypertension,1.0
dipyridamole,IgA Vasculitis,1.0
dipyridamole,Myocardial Ischemia,3.0
dipyridamole,Ovarian Neoplasms,2.0
dipyridamole,Pancreatic Neoplasms,2.0
dipyridamole,Severe Acute Respiratory Syndrome,3.0
dipyridamole,Stroke,4.0
dipyridamole,Thrombosis,4.0
disopyramide,"Arrhythmias, Cardiac",4.0
disopyramide,Atrial Fibrillation,3.0
disopyramide,Heart Failure,3.0
disulfiram,Alcohol-Related Disorders,2.0
disulfiram,Alcoholism,4.0
disulfiram,Amphetamine-Related Disorders,1.0
disulfiram,Breast Neoplasms,2.0
disulfiram,"Carcinoma, Non-Small-Cell Lung",2.0
disulfiram,Cocaine-Related Disorders,2.0
disulfiram,Ectoparasitic Infestations,4.0
disulfiram,Fatigue,1.0
disulfiram,Glioblastoma,2.0
disulfiram,HIV Infections,1.0
disulfiram,Melanoma,2.0
disulfiram,Multiple Myeloma,1.0
disulfiram,Neoplasms,1.0
disulfiram,"Neoplasms, Germ Cell and Embryonal",2.0
disulfiram,Obesity,0.5
disulfiram,Opioid-Related Disorders,2.0
disulfiram,Pancreatic Neoplasms,2.0
disulfiram,Paraganglioma,2.0
disulfiram,"Prostatic Neoplasms, Castration-Resistant",1.0
disulfiram,Retinal Dystrophies,1.0
disulfiram,Sarcoma,1.0
disulfiram,Severe Acute Respiratory Syndrome,2.0
docetaxel,Adenocarcinoma,4.0
docetaxel,Adenocarcinoma of Lung,3.0
docetaxel,Anorexia,3.0
docetaxel,Biliary Tract Neoplasms,2.0
docetaxel,Breast Neoplasms,4.0
docetaxel,"Breast Neoplasms, Male",1.0
docetaxel,Cachexia,3.0
docetaxel,Carcinoma,3.0
docetaxel,"Carcinoma, Endometrioid",1.0
docetaxel,"Carcinoma, Hepatocellular",2.0
docetaxel,"Carcinoma, Intraductal, Noninfiltrating",2.0
docetaxel,"Carcinoma, Large Cell",2.0
docetaxel,"Carcinoma, Neuroendocrine",2.0
docetaxel,"Carcinoma, Non-Small-Cell Lung",4.0
docetaxel,"Carcinoma, Ovarian Epithelial",2.0
docetaxel,"Carcinoma, Renal Cell",1.0
docetaxel,"Carcinoma, Squamous Cell",3.0
docetaxel,"Carcinoma, Transitional Cell",2.0
docetaxel,Colonic Neoplasms,1.0
docetaxel,Colorectal Neoplasms,2.0
docetaxel,"Cystadenoma, Serous",1.0
docetaxel,Digestive System Diseases,1.0
docetaxel,Endometrial Neoplasms,3.0
docetaxel,Esophageal Neoplasms,3.0
docetaxel,Fallopian Tube Neoplasms,3.0
docetaxel,Fatigue,3.0
docetaxel,Gastrointestinal Stromal Tumors,2.0
docetaxel,"Genital Neoplasms, Male",3.0
docetaxel,Head and Neck Neoplasms,4.0
docetaxel,Hereditary Breast and Ovarian Cancer Syndrome,2.0
docetaxel,Hypersensitivity,3.0
docetaxel,Hypopharyngeal Neoplasms,3.0
docetaxel,Inflammatory Breast Neoplasms,3.0
docetaxel,Kidney Neoplasms,3.0
docetaxel,Laryngeal Neoplasms,3.0
docetaxel,Leiomyosarcoma,2.0
docetaxel,Leukemia,2.0
docetaxel,Liver Neoplasms,2.0
docetaxel,Lung Neoplasms,3.0
docetaxel,Lymphoma,1.0
docetaxel,Mediastinal Neoplasms,2.0
docetaxel,Melanoma,2.0
docetaxel,Mouth Neoplasms,3.0
docetaxel,Multiple Myeloma,1.0
docetaxel,Myelodysplastic Syndromes,1.0
docetaxel,Myeloproliferative Disorders,1.0
docetaxel,Nasopharyngeal Carcinoma,3.0
docetaxel,Nasopharyngeal Neoplasms,3.0
docetaxel,Nausea,1.0
docetaxel,Neoplasm Metastasis,3.0
docetaxel,Neoplasms,4.0
docetaxel,"Neoplasms, Plasma Cell",1.0
docetaxel,Neutropenia,3.0
docetaxel,Oropharyngeal Neoplasms,3.0
docetaxel,Osteosarcoma,2.0
docetaxel,Ovarian Neoplasms,3.0
docetaxel,Pancreatic Neoplasms,2.0
docetaxel,Paranasal Sinus Neoplasms,3.0
docetaxel,Penile Neoplasms,2.0
docetaxel,Peritoneal Neoplasms,3.0
docetaxel,Pharyngeal Neoplasms,3.0
docetaxel,Prostatic Neoplasms,4.0
docetaxel,"Prostatic Neoplasms, Castration-Resistant",3.0
docetaxel,Retroviridae Infections,2.0
docetaxel,Salivary Gland Neoplasms,2.0
docetaxel,Sarcoma,3.0
docetaxel,"Sarcoma, Ewing",2.0
docetaxel,"Sarcoma, Synovial",1.0
docetaxel,Small Cell Lung Carcinoma,2.0
docetaxel,Squamous Cell Carcinoma of Head and Neck,3.0
docetaxel,Stomach Neoplasms,4.0
docetaxel,Testicular Neoplasms,2.0
docetaxel,"Thyroid Carcinoma, Anaplastic",2.0
docetaxel,Tonsillar Neoplasms,2.0
docetaxel,Triple Negative Breast Neoplasms,2.0
docetaxel,Urethral Neoplasms,2.0
docetaxel,Urinary Bladder Neoplasms,3.0
docetaxel,Urogenital Neoplasms,3.0
docetaxel,Uterine Cervical Neoplasms,3.0
docetaxel,Uterine Neoplasms,2.0
docetaxel,Vaginal Neoplasms,1.0
docetaxel,Vulvar Neoplasms,1.0
dofequidar,Neoplasms,1.0
dolasetron,Fibromyalgia,3.0
dolasetron,Nausea,4.0
dolastatin-10,Gallbladder Neoplasms,2.0
dolastatin-10,Kidney Neoplasms,2.0
dolastatin-10,Leukemia,2.0
dolastatin-10,Lymphoma,2.0
dolastatin-10,Myelodysplastic Syndromes,1.0
dolastatin-10,Ovarian Neoplasms,2.0
dolastatin-10,Pancreatic Neoplasms,2.0
dolastatin-10,"Prostatic Neoplasms, Castration-Resistant",2.0
dolastatin-10,Sarcoma,2.0
dolutegravir,Acquired Immunodeficiency Syndrome,3.0
dolutegravir,Amyotrophic Lateral Sclerosis,1.0
dolutegravir,HIV Infections,3.0
dolutegravir,Infections,3.0
dolutegravir,Malaria,1.0
dolutegravir,Virus Diseases,3.0
dolutegravir,Weight Gain,2.0
donepezil,Alzheimer Disease,3.0
donepezil,Amblyopia,1.0
donepezil,Anxiety,3.0
donepezil,Aphasia,3.0
donepezil,Central Nervous System Diseases,1.0
donepezil,"Child Development Disorders, Pervasive",2.0
donepezil,Cocaine-Related Disorders,2.0
donepezil,Cognitive Dysfunction,3.0
donepezil,Delirium,2.0
donepezil,Dementia,4.0
donepezil,"Dementia, Vascular",3.0
donepezil,Depressive Disorder,3.0
donepezil,"Diabetes Mellitus, Type 2",2.0
donepezil,Fragile X Syndrome,2.0
donepezil,"Hearing Loss, Sensorineural",0.5
donepezil,Ischemic Stroke,3.0
donepezil,Multiple Sclerosis,3.0
donepezil,Neoplasms,3.0
donepezil,Neuralgia,2.0
donepezil,Parkinson Disease,3.0
donepezil,Schizophrenia,3.0
donepezil,Skin Diseases,1.0
donepezil,Stroke,3.0
donepezil,"Supranuclear Palsy, Progressive",2.0
donepezil,Tobacco Use Disorder,2.0
donepezil,Urinary Retention,0.5
donepezil,Wounds and Injuries,2.0
dopamine,Cardiovascular Diseases,4.0
dopamine,Cognitive Dysfunction,2.0
dopamine,Depressive Disorder,1.0
dopamine,Diabetes Mellitus,1.0
dopamine,Heart Failure,2.0
dopamine,"Hernias, Diaphragmatic, Congenital",3.0
dopamine,Parkinson Disease,3.0
dopamine,Premature Birth,2.0
dopamine,Shock,3.0
dopamine,"Shock, Septic",3.0
doramapimod,"Arthritis, Rheumatoid",2.0
doramapimod,Psoriasis,2.0
dorzolamide,Glaucoma,4.0
dorzolamide,"Glaucoma, Open-Angle",3.0
dorzolamide,Macular Degeneration,2.0
dorzolamide,Ocular Hypertension,3.0
dorzolamide,Wet Macular Degeneration,2.0
dosulepin,Depressive Disorder,4.0
dovitinib,Adrenal Cortex Neoplasms,2.0
dovitinib,Brain Neoplasms,2.0
dovitinib,Breast Neoplasms,2.0
dovitinib,"Carcinoma, Adenoid Cystic",2.0
dovitinib,"Carcinoma, Hepatocellular",2.0
dovitinib,"Carcinoma, Non-Small-Cell Lung",2.0
dovitinib,"Carcinoma, Renal Cell",3.0
dovitinib,Endometrial Neoplasms,2.0
dovitinib,Gastrointestinal Stromal Tumors,2.0
dovitinib,Glioblastoma,2.0
dovitinib,Gliosarcoma,2.0
dovitinib,"Leukemia, Myeloid, Acute",1.0
dovitinib,Melanoma,1.0
dovitinib,Mesothelioma,2.0
dovitinib,Multiple Myeloma,2.0
dovitinib,Neoplasms,2.0
dovitinib,Pheochromocytoma,2.0
dovitinib,"Prostatic Neoplasms, Castration-Resistant",2.0
dovitinib,Stomach Neoplasms,2.0
dovitinib,Thyroid Neoplasms,2.0
dovitinib,Urinary Bladder Neoplasms,2.0
dovitinib,Urogenital Neoplasms,2.0
dovitinib,von Hippel-Lindau Disease,2.0
doxapram,Panic Disorder,2.0
doxapram,Respiratory Tract Diseases,4.0
doxazosin,Alcoholism,2.0
doxazosin,Cardiovascular Diseases,2.0
doxazosin,Cocaine-Related Disorders,2.0
doxazosin,Diabetes Mellitus,3.0
doxazosin,Erectile Dysfunction,1.0
doxazosin,Heart Diseases,2.0
doxazosin,Heart Failure,3.0
doxazosin,Hypercholesterolemia,3.0
doxazosin,Hypertension,4.0
doxazosin,Kidney Calculi,3.0
doxazosin,Myocardial Infarction,3.0
doxazosin,Myocardial Ischemia,3.0
doxazosin,Paraganglioma,3.0
doxazosin,Pheochromocytoma,3.0
doxazosin,Prostatic Hyperplasia,3.0
doxazosin,"Stress Disorders, Post-Traumatic",2.0
doxazosin,Substance-Related Disorders,1.0
doxazosin,Tobacco Use Disorder,2.0
doxazosin,Vascular Diseases,2.0
doxepin,Anxiety,3.0
doxepin,Breast Neoplasms,2.0
doxepin,Dementia,3.0
doxepin,Depressive Disorder,4.0
doxepin,Irritable Bowel Syndrome,2.0
doxepin,Pruritus,4.0
doxepin,Schizophrenia,3.0
doxepin,Sleep Wake Disorders,2.0
doxepin,Urticaria,3.0
doxifluridine,Stomach Neoplasms,3.0
doxofylline,Asthma,3.0
doxofylline,"Lung Diseases, Obstructive",3.0
doxorubicin,Adrenal Cortex Neoplasms,2.0
doxorubicin,Astrocytoma,2.0
doxorubicin,Blast Crisis,2.0
doxorubicin,Blastic Plasmacytoid Dendritic Cell Neoplasm,2.0
doxorubicin,Bone Neoplasms,2.0
doxorubicin,Brain Neoplasms,3.0
doxorubicin,Breast Carcinoma In Situ,1.0
doxorubicin,Breast Neoplasms,3.0
doxorubicin,"Breast Neoplasms, Male",1.0
doxorubicin,Burkitt Lymphoma,2.0
doxorubicin,Carcinoma,3.0
doxorubicin,"Carcinoma, Adenoid Cystic",2.0
doxorubicin,"Carcinoma, Hepatocellular",3.0
doxorubicin,"Carcinoma, Intraductal, Noninfiltrating",2.0
doxorubicin,"Carcinoma, Non-Small-Cell Lung",2.0
doxorubicin,"Carcinoma, Ovarian Epithelial",2.0
doxorubicin,"Carcinoma, Pancreatic Ductal",1.0
doxorubicin,"Carcinoma, Renal Cell",2.0
doxorubicin,Carcinosarcoma,2.0
doxorubicin,Castleman Disease,1.0
doxorubicin,Cholangiocarcinoma,2.0
doxorubicin,Choroid Plexus Neoplasms,3.0
doxorubicin,Desmoid Tumors,3.0
doxorubicin,Endometrial Neoplasms,3.0
doxorubicin,Fallopian Tube Neoplasms,3.0
doxorubicin,Ganglioneuroblastoma,3.0
doxorubicin,Glioblastoma,2.0
doxorubicin,Glioma,2.0
doxorubicin,"Granuloma, Lethal Midline",3.0
doxorubicin,Hemangiosarcoma,2.0
doxorubicin,Hematologic Diseases,1.0
doxorubicin,Hematologic Neoplasms,2.0
doxorubicin,Hepatoblastoma,3.0
doxorubicin,Hereditary Breast and Ovarian Cancer Syndrome,2.0
doxorubicin,Hodgkin Disease,3.0
doxorubicin,Immunoblastic Lymphadenopathy,3.0
doxorubicin,Immunoglobulin Light-chain Amyloidosis,1.0
doxorubicin,Inflammatory Breast Neoplasms,3.0
doxorubicin,Kidney Neoplasms,3.0
doxorubicin,Leiomyosarcoma,3.0
doxorubicin,Leukemia,3.0
doxorubicin,"Leukemia, Biphenotypic, Acute",3.0
doxorubicin,"Leukemia, Lymphocytic, Chronic, B-Cell",3.0
doxorubicin,"Leukemia, Lymphoid",2.0
doxorubicin,"Leukemia, Myeloid, Acute",2.0
doxorubicin,"Leukemia, Plasma Cell",2.0
doxorubicin,"Leukemia-Lymphoma, Adult T-Cell",3.0
doxorubicin,Liposarcoma,2.0
doxorubicin,Liver Neoplasms,3.0
doxorubicin,Lung Neoplasms,2.0
doxorubicin,"Lymphohistiocytosis, Hemophagocytic",3.0
doxorubicin,Lymphoma,3.0
doxorubicin,"Lymphoma, AIDS-Related",2.0
doxorubicin,"Lymphoma, B-Cell",1.0
doxorubicin,"Lymphoma, B-Cell, Marginal Zone",3.0
doxorubicin,"Lymphoma, Follicular",3.0
doxorubicin,"Lymphoma, Large B-Cell, Diffuse",3.0
doxorubicin,"Lymphoma, Large-Cell, Anaplastic",2.0
doxorubicin,"Lymphoma, Mantle-Cell",3.0
doxorubicin,"Lymphoma, Non-Hodgkin",3.0
doxorubicin,"Lymphoma, Primary Effusion",1.0
doxorubicin,"Lymphoma, T-Cell",2.0
doxorubicin,"Lymphoma, T-Cell, Cutaneous",1.0
doxorubicin,"Lymphoma, T-Cell, Peripheral",3.0
doxorubicin,Melanoma,1.0
doxorubicin,Mesothelioma,2.0
doxorubicin,Mouth Neoplasms,2.0
doxorubicin,Multiple Myeloma,3.0
doxorubicin,Myelodysplastic Syndromes,2.0
doxorubicin,Nasopharyngeal Neoplasms,2.0
doxorubicin,Neoplasm Metastasis,2.0
doxorubicin,Neoplasms,4.0
doxorubicin,"Neoplasms, Plasma Cell",2.0
doxorubicin,Neuroblastoma,3.0
doxorubicin,Neuroendocrine Tumors,2.0
doxorubicin,Neutropenia,3.0
doxorubicin,Oligodendroglioma,2.0
doxorubicin,Optic Nerve Glioma,2.0
doxorubicin,Osteosarcoma,3.0
doxorubicin,Ovarian Neoplasms,3.0
doxorubicin,Pancreatic Neoplasms,2.0
doxorubicin,Paraganglioma,2.0
doxorubicin,Peritoneal Neoplasms,3.0
doxorubicin,Postoperative Nausea and Vomiting,3.0
doxorubicin,Precursor Cell Lymphoblastic Leukemia-Lymphoma,3.0
doxorubicin,Precursor T-Cell Lymphoblastic Leukemia-Lymphoma,3.0
doxorubicin,Prostatic Neoplasms,2.0
doxorubicin,"Prostatic Neoplasms, Castration-Resistant",2.0
doxorubicin,Retinoblastoma,3.0
doxorubicin,Rhabdomyosarcoma,2.0
doxorubicin,Salivary Gland Neoplasms,2.0
doxorubicin,Sarcoma,3.0
doxorubicin,"Sarcoma, Ewing",3.0
doxorubicin,"Sarcoma, Kaposi",3.0
doxorubicin,Small Cell Lung Carcinoma,3.0
doxorubicin,Stomach Neoplasms,2.0
doxorubicin,Thymoma,1.0
doxorubicin,Thyroid Neoplasms,2.0
doxorubicin,Triple Negative Breast Neoplasms,3.0
doxorubicin,Urethral Neoplasms,1.0
doxorubicin,Urinary Bladder Neoplasms,3.0
doxorubicin,Uterine Cervical Neoplasms,2.0
doxorubicin,Waldenstrom Macroglobulinemia,3.0
doxorubicin,Wilms Tumor,2.0
doxycycline,Acne Vulgaris,4.0
doxycycline,Adenomatous Polyposis Coli,2.0
doxycycline,Alzheimer Disease,3.0
doxycycline,"Amyloid Neuropathies, Familial",2.0
doxycycline,Amyloidosis,2.0
doxycycline,"Amyloidosis, Familial",2.0
doxycycline,Aneurysm,2.0
doxycycline,Anthrax,4.0
doxycycline,"Aortic Aneurysm, Abdominal",2.0
doxycycline,"Arthritis, Reactive",3.0
doxycycline,Bacterial Infections,4.0
doxycycline,Blepharitis,2.0
doxycycline,Borrelia Infections,3.0
doxycycline,Brucellosis,4.0
doxycycline,"Carcinoma, Non-Small-Cell Lung",2.0
doxycycline,Chlamydia Infections,3.0
doxycycline,Cholera,4.0
doxycycline,"Colitis, Ulcerative",2.0
doxycycline,Colorectal Neoplasms,2.0
doxycycline,Crohn Disease,2.0
doxycycline,Cystic Fibrosis,2.0
doxycycline,Dermatitis,2.0
doxycycline,Diabetic Foot,2.0
doxycycline,Diabetic Retinopathy,2.0
doxycycline,Dry Eye Syndromes,2.0
doxycycline,Eczema,2.0
doxycycline,"Elephantiasis, Filarial",3.0
doxycycline,Emphysema,2.0
doxycycline,Erectile Dysfunction,0.5
doxycycline,Eye Burns,2.0
doxycycline,Gonorrhea,4.0
doxycycline,Graves Ophthalmopathy,2.0
doxycycline,Hemorrhage,3.0
doxycycline,Idiopathic Pulmonary Fibrosis,3.0
doxycycline,Immunoglobulin Light-chain Amyloidosis,2.0
doxycycline,Infections,4.0
doxycycline,Leishmaniasis,3.0
doxycycline,"Lichen Planus, Oral",2.0
doxycycline,Lung Diseases,2.0
doxycycline,Lyme Disease,3.0
doxycycline,Lymphoma,3.0
doxycycline,"Lymphoma, Follicular",2.0
doxycycline,"Lymphoma, Non-Hodgkin",2.0
doxycycline,"Lymphoma, T-Cell, Cutaneous",0.5
doxycycline,Malaria,4.0
doxycycline,Mansonelliasis,2.0
doxycycline,Marfan Syndrome,2.0
doxycycline,Melanoma,1.0
doxycycline,Mycosis Fungoides,2.0
doxycycline,Myocardial Infarction,2.0
doxycycline,Neoplasms,2.0
doxycycline,Neurofibromatosis 2,1.0
doxycycline,Osteoarthritis,3.0
doxycycline,Osteomyelitis,0.5
doxycycline,Pain,2.0
doxycycline,Pancreatic Neoplasms,2.0
doxycycline,Parkinson Disease,2.0
doxycycline,Pelvic Inflammatory Disease,2.0
doxycycline,Periodontal Diseases,2.0
doxycycline,Periodontitis,4.0
doxycycline,Persian Gulf Syndrome,3.0
doxycycline,Plague,2.0
doxycycline,Pleural Effusion,3.0
doxycycline,Pneumonia,4.0
doxycycline,Psittacosis,4.0
doxycycline,"Pulmonary Disease, Chronic Obstructive",3.0
doxycycline,Reperfusion Injury,2.0
doxycycline,Rhinoscleroma,1.0
doxycycline,Rocky Mountain Spotted Fever,4.0
doxycycline,Rosacea,4.0
doxycycline,Scrub Typhus,3.0
doxycycline,Seizures,2.0
doxycycline,Severe Acute Respiratory Syndrome,3.0
doxycycline,Sezary Syndrome,2.0
doxycycline,Skin Diseases,2.0
doxycycline,Spotted Fever Group Rickettsiosis,4.0
doxycycline,Squamous Cell Carcinoma of Head and Neck,2.0
doxycycline,Syphilis,3.0
doxycycline,Tuberculosis,3.0
doxycycline,Tularemia,4.0
doxycycline,"Typhus, Epidemic Louse-Borne",4.0
doxycycline,Urethritis,3.0
dronedarone,"Arrhythmias, Cardiac",3.0
dronedarone,Atrial Fibrillation,3.0
dronedarone,Atrial Flutter,3.0
dronedarone,Heart Failure,3.0
droperidol,Pain,3.0
droperidol,Postoperative Nausea and Vomiting,4.0
droperidol,Psychotic Disorders,4.0
drospirenone,Acne Vulgaris,4.0
drospirenone,Bulimia,2.0
drospirenone,Bulimia Nervosa,2.0
drospirenone,Depressive Disorder,2.0
drospirenone,Dysmenorrhea,3.0
drospirenone,Hidradenitis Suppurativa,2.0
drospirenone,Obesity,1.0
drospirenone,Polycystic Ovary Syndrome,3.0
drospirenone,Premenstrual Syndrome,2.0
duloxetine,Alcoholism,2.0
duloxetine,Amphetamine-Related Disorders,1.0
duloxetine,Anxiety,3.0
duloxetine,Anxiety Disorders,3.0
duloxetine,Attention Deficit Disorder with Hyperactivity,2.0
duloxetine,Back Pain,3.0
duloxetine,Biliary Dyskinesia,3.0
duloxetine,Burning Mouth Syndrome,3.0
duloxetine,Cognitive Dysfunction,3.0
duloxetine,Colorectal Neoplasms,2.0
duloxetine,Dementia,3.0
duloxetine,Depressive Disorder,3.0
duloxetine,"Depressive Disorder, Major",3.0
duloxetine,Diabetes Mellitus,2.0
duloxetine,Diabetic Nephropathies,2.0
duloxetine,Diabetic Neuropathies,3.0
duloxetine,Emergence Delirium,1.0
duloxetine,"Fatigue Syndrome, Chronic",2.0
duloxetine,Fibromyalgia,3.0
duloxetine,Low Back Pain,3.0
duloxetine,"Lung Diseases, Interstitial",2.0
duloxetine,Multiple Sclerosis,2.0
duloxetine,Myalgia,2.0
duloxetine,Neuralgia,2.0
duloxetine,Osteoarthritis,3.0
duloxetine,"Osteoarthritis, Knee",3.0
duloxetine,Pain,2.0
duloxetine,Parkinson Disease,3.0
duloxetine,Peripheral Nervous System Diseases,3.0
duloxetine,Schizophrenia,3.0
duloxetine,Shoulder Pain,3.0
duloxetine,"Stress Disorders, Post-Traumatic",0.5
duloxetine,Stroke,0.5
duloxetine,Urinary Incontinence,3.0
duloxetine,"Urinary Incontinence, Stress",3.0
dutasteride,Aging,1.0
dutasteride,Alopecia,3.0
dutasteride,Amyotrophic Lateral Sclerosis,2.0
dutasteride,"Bulbo-Spinal Atrophy, X-Linked",2.0
dutasteride,Hypogonadism,3.0
dutasteride,Prostatic Hyperplasia,4.0
dutasteride,Prostatic Neoplasms,4.0
dutasteride,"Prostatic Neoplasms, Castration-Resistant",3.0
dutasteride,Prostatitis,2.0
dutasteride,Severe Acute Respiratory Syndrome,2.0
ebselen,Bipolar Disorder,2.0
ebselen,Depressive Disorder,1.0
ebselen,"Diabetes Mellitus, Type 1",2.0
ebselen,"Diabetes Mellitus, Type 2",2.0
ebselen,Hearing Loss,2.0
ebselen,Meniere Disease,3.0
ebselen,Ototoxicity,2.0
ebselen,Severe Acute Respiratory Syndrome,2.0
ecabet,Dry Eye Syndromes,2.0
econazole,Tinea Pedis,3.0
edoxaban,Aortic Valve Stenosis,3.0
edoxaban,Atrial Fibrillation,3.0
edoxaban,Blood Coagulation Disorders,2.0
edoxaban,Coronary Disease,2.0
edoxaban,Heart Diseases,3.0
edoxaban,Hemorrhage,2.0
edoxaban,Ischemic Stroke,2.0
edoxaban,Liver Cirrhosis,2.0
edoxaban,Myocardial Infarction,2.0
edoxaban,Peripheral Arterial Disease,2.0
edoxaban,Severe Acute Respiratory Syndrome,3.0
edoxaban,Stroke,3.0
edoxaban,Thrombosis,4.0
edoxaban,Venous Thromboembolism,3.0
edoxudine,Virus Diseases,2.0
efaproxiral,Breast Neoplasms,3.0
efaproxiral,Central Nervous System Neoplasms,1.0
efaproxiral,Lung Neoplasms,3.0
efaproxiral,Neoplasms,3.0
efatutazone,"Carcinoma, Non-Small-Cell Lung",2.0
efatutazone,Colorectal Neoplasms,2.0
efatutazone,Liposarcoma,2.0
efatutazone,Multiple Myeloma,1.0
efatutazone,Neoplasms,1.0
efatutazone,Thyroid Neoplasms,2.0
efavirenz,Acquired Immunodeficiency Syndrome,3.0
efavirenz,Autoimmune Diseases,4.0
efavirenz,"Diabetes Mellitus, Type 2",1.0
efavirenz,HIV Infections,4.0
efavirenz,Hepatitis C,1.0
efavirenz,Infections,4.0
efavirenz,"Lymphoma, Non-Hodgkin",1.0
efavirenz,Malaria,1.0
efavirenz,Neoplasms,1.0
efavirenz,Pancreatic Neoplasms,2.0
efavirenz,"Prostatic Neoplasms, Castration-Resistant",2.0
efavirenz,Triple Negative Breast Neoplasms,2.0
efavirenz,Tuberculosis,3.0
efavirenz,Virus Diseases,4.0
eflornithine,Adenomatous Polyposis Coli,3.0
eflornithine,Astrocytoma,3.0
eflornithine,Carcinoma,1.0
eflornithine,Colorectal Neoplasms,3.0
eflornithine,"Diabetes Mellitus, Type 1",2.0
eflornithine,Esophageal Neoplasms,2.0
eflornithine,Glioblastoma,1.0
eflornithine,Glioma,0.5
eflornithine,Leishmaniasis,3.0
eflornithine,Neoplasms,3.0
eflornithine,Neuroblastoma,2.0
eflornithine,Paraganglioma,0.5
eflornithine,Precancerous Conditions,3.0
eflornithine,"Prostatic Neoplasms, Castration-Resistant",2.0
eflornithine,Stomach Neoplasms,2.0
eflornithine,Trypanosomiasis,3.0
eflornithine,"Trypanosomiasis, African",2.0
eflornithine,Urinary Bladder Neoplasms,3.0
eflornithine,Uterine Cervical Neoplasms,2.0
elesclomol,"Leukemia, Myeloid, Acute",1.0
elesclomol,Melanoma,3.0
elesclomol,Neoplasms,1.0
elesclomol,"Prostatic Neoplasms, Castration-Resistant",1.0
elesclomol,Sarcoma,2.0
ellagic-acid,"Lymphoma, Follicular",2.0
ellagic-acid,Metabolic Syndrome,2.0
elvitegravir,Acquired Immunodeficiency Syndrome,3.0
elvitegravir,HIV Infections,4.0
elvitegravir,Insulin Resistance,1.0
elvitegravir,Virus Diseases,4.0
emedastine,Eye Manifestations,4.0
empagliflozin,Acute Kidney Injury,1.0
empagliflozin,Ascites,2.0
empagliflozin,Cardiotoxicity,3.0
empagliflozin,"Colitis, Ulcerative",2.0
empagliflozin,Crohn Disease,1.0
empagliflozin,"Depressive Disorder, Major",2.0
empagliflozin,Diabetes Mellitus,4.0
empagliflozin,"Diabetes Mellitus, Type 1",3.0
empagliflozin,"Diabetes Mellitus, Type 2",4.0
empagliflozin,"Diabetes, Gestational",3.0
empagliflozin,Diabetic Nephropathies,3.0
empagliflozin,Diabetic Neuropathies,1.0
empagliflozin,Epilepsy,0.5
empagliflozin,Familial Primary Pulmonary Hypertension,2.0
empagliflozin,Glycogen Storage Disease Type I,2.0
empagliflozin,Heart Failure,4.0
empagliflozin,"Hypertension, Portal",2.0
empagliflozin,Hypoglycemia,2.0
empagliflozin,Hyponatremia,2.0
empagliflozin,Inappropriate ADH Syndrome,2.0
empagliflozin,Inflammatory Bowel Diseases,1.0
empagliflozin,Insulin Resistance,3.0
empagliflozin,Kidney Calculi,2.0
empagliflozin,Kidney Diseases,2.0
empagliflozin,"Kidney Failure, Chronic",2.0
empagliflozin,Metabolic Syndrome,3.0
empagliflozin,Myocardial Infarction,3.0
empagliflozin,Neoplasms,2.0
empagliflozin,Non-alcoholic Fatty Liver Disease,3.0
empagliflozin,"Polycystic Kidney, Autosomal Dominant",2.0
empagliflozin,Polycystic Ovary Syndrome,2.0
empagliflozin,Prediabetic State,2.0
empagliflozin,"Renal Insufficiency, Chronic",4.0
empagliflozin,ST Elevation Myocardial Infarction,2.0
empagliflozin,Severe Acute Respiratory Syndrome,3.0
empagliflozin,Shock,3.0
emtricitabine,Acquired Immunodeficiency Syndrome,3.0
emtricitabine,HIV Infections,4.0
emtricitabine,"Hepatitis B, Chronic",3.0
emtricitabine,Hepatitis C,1.0
emtricitabine,Infections,3.0
emtricitabine,Insulin Resistance,1.0
emtricitabine,"Liver Cirrhosis, Biliary",2.0
emtricitabine,Multiple Sclerosis,2.0
emtricitabine,Severe Acute Respiratory Syndrome,3.0
emtricitabine,Tuberculosis,1.0
emtricitabine,Virus Diseases,4.0
enalapril,Barrett Esophagus,0.5
enalapril,Cardiomyopathies,3.0
enalapril,Cardiotoxicity,3.0
enalapril,Cardiovascular Diseases,4.0
enalapril,Cerebral Hemorrhage,2.0
enalapril,Chagas Cardiomyopathy,3.0
enalapril,Coronary Disease,3.0
enalapril,"Diabetes Mellitus, Type 1",2.0
enalapril,Erectile Dysfunction,1.0
enalapril,Essential Hypertension,2.0
enalapril,"Glomerulonephritis, IGA",2.0
enalapril,Heart Diseases,2.0
enalapril,Heart Failure,3.0
enalapril,Hematologic Neoplasms,3.0
enalapril,Hypertension,3.0
enalapril,"Influenza, Human",3.0
enalapril,Ischemia,1.0
enalapril,"Leukemia, Lymphoid",3.0
enalapril,"Leukemia, Myeloid, Acute",3.0
enalapril,Lymphoma,3.0
enalapril,Melanoma,2.0
enalapril,Multiple Myeloma,3.0
enalapril,Myocardial Ischemia,3.0
enalapril,Neoplasms,3.0
enalapril,Pneumonia,3.0
enalapril,Pseudohypoaldosteronism,2.0
enalapril,"Renal Insufficiency, Chronic",1.0
enalapril,ST Elevation Myocardial Infarction,3.0
enalapril,Severe Acute Respiratory Syndrome,3.0
enalapril,Stroke,2.0
enalapril,Vascular Diseases,2.0
enoxacin,Amyotrophic Lateral Sclerosis,1.0
enoxacin,Bacterial Infections,4.0
enoxacin,Osteomyelitis,0.5
enoxolone,"Depressive Disorder, Major",1.0
enoxolone,"Mineralocorticoid Excess Syndrome, Apparent",2.0
enoxolone,Skin Ulcer,2.0
entecavir,"Carcinoma, Hepatocellular",3.0
entecavir,Colorectal Neoplasms,2.0
entecavir,Hepatitis B,4.0
entecavir,"Hepatitis B, Chronic",4.0
entecavir,"Hepatitis C, Chronic",2.0
entecavir,Hepatitis D,2.0
entecavir,Infections,2.0
entecavir,Liver Diseases,4.0
entecavir,Liver Failure,2.0
entecavir,Liver Neoplasms,2.0
entecavir,Stomach Neoplasms,2.0
entecavir,Virus Diseases,4.0
entinostat,Breast Neoplasms,3.0
entinostat,"Breast Neoplasms, Male",2.0
entinostat,"Carcinoma, Non-Small-Cell Lung",2.0
entinostat,"Carcinoma, Renal Cell",2.0
entinostat,Colonic Neoplasms,2.0
entinostat,Colorectal Neoplasms,1.0
entinostat,Esophageal Neoplasms,1.0
entinostat,Fallopian Tube Neoplasms,1.0
entinostat,Glioma,1.0
entinostat,Head and Neck Neoplasms,1.0
entinostat,Hodgkin Disease,2.0
entinostat,Kidney Diseases,1.0
entinostat,Kidney Neoplasms,1.0
entinostat,Leukemia,1.0
entinostat,"Leukemia, Myeloid, Acute",2.0
entinostat,Lung Neoplasms,1.0
entinostat,Lymphoma,2.0
entinostat,Melanoma,2.0
entinostat,Myelodysplastic Syndromes,2.0
entinostat,Neoplasms,3.0
entinostat,Neuroendocrine Tumors,2.0
entinostat,Oropharyngeal Neoplasms,1.0
entinostat,Ovarian Neoplasms,1.0
entinostat,Pancreatic Neoplasms,1.0
entinostat,Penile Neoplasms,1.0
entinostat,Peritoneal Neoplasms,1.0
entinostat,Prostatic Neoplasms,1.0
entinostat,Rectal Neoplasms,2.0
entinostat,Triple Negative Breast Neoplasms,2.0
entinostat,Urinary Bladder Neoplasms,2.0
entinostat,Uterine Cervical Neoplasms,1.0
entinostat,Uveal Melanoma,2.0
entinostat,Vaginal Neoplasms,1.0
enzalutamide,Adenocarcinoma,2.0
enzalutamide,Breast Neoplasms,3.0
enzalutamide,Carcinoma,2.0
enzalutamide,"Carcinoma, Hepatocellular",2.0
enzalutamide,"Carcinoma, Renal Cell",0.5
enzalutamide,Endometrial Neoplasms,2.0
enzalutamide,Kidney Diseases,1.0
enzalutamide,Liver Diseases,1.0
enzalutamide,"Lymphoma, Mantle-Cell",2.0
enzalutamide,Neoplasms,4.0
enzalutamide,Ovarian Neoplasms,2.0
enzalutamide,Pancreatic Neoplasms,1.0
enzalutamide,Prostatic Neoplasms,4.0
enzalutamide,Severe Acute Respiratory Syndrome,2.0
enzalutamide,Triple Negative Breast Neoplasms,2.0
enzalutamide,Urinary Bladder Neoplasms,2.0
enzalutamide,Uterine Neoplasms,2.0
enzastaurin,Breast Neoplasms,2.0
enzastaurin,"Carcinoma, Non-Small-Cell Lung",2.0
enzastaurin,"Carcinoma, Renal Cell",2.0
enzastaurin,Colorectal Neoplasms,2.0
enzastaurin,Ehlers-Danlos Syndrome,3.0
enzastaurin,Fallopian Tube Neoplasms,2.0
enzastaurin,Glioblastoma,3.0
enzastaurin,Glioma,2.0
enzastaurin,Gliosarcoma,1.0
enzastaurin,"Leukemia, Lymphoid",1.0
enzastaurin,Lung Neoplasms,2.0
enzastaurin,Lymphoma,2.0
enzastaurin,"Lymphoma, Follicular",2.0
enzastaurin,"Lymphoma, Large B-Cell, Diffuse",2.0
enzastaurin,"Lymphoma, Mantle-Cell",2.0
enzastaurin,"Lymphoma, Non-Hodgkin",3.0
enzastaurin,"Lymphoma, T-Cell, Cutaneous",2.0
enzastaurin,Multiple Myeloma,2.0
enzastaurin,Neoplasms,2.0
enzastaurin,Ovarian Neoplasms,2.0
enzastaurin,Pancreatic Neoplasms,2.0
enzastaurin,Paraganglioma,1.0
enzastaurin,Peritoneal Neoplasms,2.0
enzastaurin,"Prostatic Neoplasms, Castration-Resistant",2.0
enzastaurin,Small Cell Lung Carcinoma,2.0
enzastaurin,Waldenstrom Macroglobulinemia,2.0
epinastine,Eye Manifestations,4.0
epinastine,Hypersensitivity,4.0
epinastine,"Rhinitis, Allergic, Perennial",3.0
epinastine,"Rhinitis, Allergic, Seasonal",3.0
epinephrine,Acute Lung Injury,2.0
epinephrine,Anaphylaxis,1.0
epinephrine,Angioedema,4.0
epinephrine,Appendicitis,2.0
epinephrine,Asthma,4.0
epinephrine,Breast Neoplasms,2.0
epinephrine,Bronchial Spasm,4.0
epinephrine,Bronchiolitis,3.0
epinephrine,"Carcinoma, Non-Small-Cell Lung",3.0
epinephrine,Cardiovascular Diseases,4.0
epinephrine,Chronic Pain,1.0
epinephrine,Cognitive Dysfunction,2.0
epinephrine,"Death, Sudden, Cardiac",2.0
epinephrine,Depressive Disorder,0.5
epinephrine,Diabetes Mellitus,0.5
epinephrine,Epistaxis,3.0
epinephrine,"Fractures, Bone",3.0
epinephrine,Gastrointestinal Hemorrhage,3.0
epinephrine,"Genital Neoplasms, Male",3.0
epinephrine,Glaucoma,4.0
epinephrine,Heart Arrest,4.0
epinephrine,Heart Failure,3.0
epinephrine,Hemoptysis,2.0
epinephrine,Hemorrhage,4.0
epinephrine,Hypersensitivity,4.0
epinephrine,Hypospadias,2.0
epinephrine,Hypotension,2.0
epinephrine,Infections,1.0
epinephrine,"Leukemia, Hairy Cell",2.0
epinephrine,"Lung Diseases, Obstructive",4.0
epinephrine,Lung Neoplasms,3.0
epinephrine,Muscle Cramp,4.0
epinephrine,Musculoskeletal Diseases,2.0
epinephrine,Mydriasis,4.0
epinephrine,Myoma,3.0
epinephrine,Nasal Obstruction,4.0
epinephrine,"Osteoarthritis, Knee",3.0
epinephrine,Pain,3.0
epinephrine,Parathyroid Neoplasms,0.5
epinephrine,Pulpitis,3.0
epinephrine,"Rhinitis, Allergic, Perennial",3.0
epinephrine,"Rhinitis, Allergic, Seasonal",4.0
epinephrine,Rotator Cuff Injuries,2.0
epinephrine,Sepsis,2.0
epinephrine,Serum Sickness,4.0
epinephrine,Shock,2.0
epinephrine,"Shock, Septic",4.0
epinephrine,Sinusitis,4.0
epinephrine,Skin Neoplasms,0.5
epinephrine,Stomach Neoplasms,3.0
epinephrine,Stroke,3.0
epinephrine,"Tachycardia, Ventricular",2.0
epinephrine,Tachypnea,1.0
epinephrine,Urticaria,4.0
epinephrine,Ventricular Fibrillation,2.0
epinephrine,Wounds and Injuries,2.0
epirubicin,Adenocarcinoma,2.0
epirubicin,Breast Neoplasms,3.0
epirubicin,"Carcinoma, Hepatocellular",3.0
epirubicin,"Carcinoma, Non-Small-Cell Lung",2.0
epirubicin,Esophageal Neoplasms,2.0
epirubicin,Hodgkin Disease,2.0
epirubicin,Inflammatory Breast Neoplasms,3.0
epirubicin,"Lymphoma, Follicular",2.0
epirubicin,"Lymphoma, Large B-Cell, Diffuse",3.0
epirubicin,"Lymphoma, Non-Hodgkin",2.0
epirubicin,"Lymphoma, T-Cell, Peripheral",3.0
epirubicin,Nasopharyngeal Carcinoma,3.0
epirubicin,Neoplasms,4.0
epirubicin,"Neoplasms, Germ Cell and Embryonal",2.0
epirubicin,Ovarian Neoplasms,2.0
epirubicin,Pancreatic Neoplasms,2.0
epirubicin,"Prostatic Neoplasms, Castration-Resistant",2.0
epirubicin,Sarcoma,3.0
epirubicin,Sepsis,2.0
epirubicin,Small Cell Lung Carcinoma,2.0
epirubicin,Stomach Neoplasms,3.0
epirubicin,Testicular Neoplasms,2.0
epirubicin,Thrombosis,3.0
epirubicin,Thymoma,2.0
epirubicin,Triple Negative Breast Neoplasms,3.0
epirubicin,Urinary Bladder Neoplasms,3.0
eplerenone,Atrial Fibrillation,2.0
eplerenone,Breast Neoplasms,2.0
eplerenone,Cardiomyopathies,3.0
eplerenone,Cardiovascular Diseases,4.0
eplerenone,Central Serous Chorioretinopathy,2.0
eplerenone,"Diabetes Mellitus, Type 2",1.0
eplerenone,Diabetic Nephropathies,2.0
eplerenone,Essential Hypertension,3.0
eplerenone,Heart Failure,4.0
eplerenone,"Hyperparathyroidism, Primary",2.0
eplerenone,Hypertension,4.0
eplerenone,"Muscular Dystrophy, Duchenne",3.0
eplerenone,Myocardial Infarction,4.0
eplerenone,"Renal Insufficiency, Chronic",3.0
eplerenone,Stroke,4.0
epothilone-b,Breast Neoplasms,2.0
epothilone-b,Carcinoid Tumor,2.0
epothilone-b,"Carcinoma, Hepatocellular",2.0
epothilone-b,"Carcinoma, Non-Small-Cell Lung",1.0
epothilone-b,Colonic Neoplasms,2.0
epothilone-b,Fallopian Tube Neoplasms,3.0
epothilone-b,Glioblastoma,1.0
epothilone-b,Kidney Neoplasms,2.0
epothilone-b,Melanoma,2.0
epothilone-b,Neoplasms,1.0
epothilone-b,Neuroendocrine Tumors,2.0
epothilone-b,Ovarian Neoplasms,3.0
epothilone-b,Peritoneal Neoplasms,3.0
epothilone-b,Prostatic Neoplasms,2.0
epothilone-b,"Prostatic Neoplasms, Castration-Resistant",2.0
eptifibatide,Acute Coronary Syndrome,4.0
eptifibatide,"Anemia, Sickle Cell",1.0
eptifibatide,"Angina, Unstable",4.0
eptifibatide,Brain Infarction,2.0
eptifibatide,Cardiovascular Diseases,3.0
eptifibatide,Coronary Disease,2.0
eptifibatide,Ischemic Stroke,3.0
eptifibatide,Myocardial Infarction,4.0
eptifibatide,Myocardial Ischemia,3.0
eptifibatide,Pneumonia,2.0
eptifibatide,ST Elevation Myocardial Infarction,2.0
eptifibatide,"Shock, Septic",2.0
eptifibatide,Stroke,2.0
eptifibatide,Thrombosis,4.0
epz-5676,"Leukemia, Myeloid, Acute",1.0
epz-5676,Precursor Cell Lymphoblastic Leukemia-Lymphoma,1.0
erlotinib,Adenocarcinoma of Lung,1.0
erlotinib,"Adenocarcinoma, Bronchiolo-Alveolar",2.0
erlotinib,Adenomatous Polyposis Coli,2.0
erlotinib,Astrocytoma,1.0
erlotinib,Biliary Tract Neoplasms,3.0
erlotinib,Brain Neoplasms,1.0
erlotinib,Breast Neoplasms,2.0
erlotinib,Carcinoma,2.0
erlotinib,"Carcinoma, Hepatocellular",3.0
erlotinib,"Carcinoma, Large Cell",3.0
erlotinib,"Carcinoma, Non-Small-Cell Lung",3.0
erlotinib,"Carcinoma, Renal Cell",1.0
erlotinib,"Carcinoma, Squamous Cell",3.0
erlotinib,Central Nervous System Neoplasms,1.0
erlotinib,Colonic Neoplasms,1.0
erlotinib,Colorectal Neoplasms,3.0
erlotinib,Diffuse Intrinsic Pontine Glioma,2.0
erlotinib,Digestive System Diseases,2.0
erlotinib,Ependymoma,2.0
erlotinib,Esophageal Neoplasms,2.0
erlotinib,Fallopian Tube Neoplasms,2.0
erlotinib,Glioblastoma,2.0
erlotinib,Glioma,1.0
erlotinib,Gliosarcoma,2.0
erlotinib,Head and Neck Neoplasms,3.0
erlotinib,Hematologic Neoplasms,2.0
erlotinib,"Hemorrhagic Fever, Ebola",1.0
erlotinib,"Hepatitis C, Chronic",1.0
erlotinib,Leukemia,2.0
erlotinib,"Leukemia, Myeloid, Acute",2.0
erlotinib,Liver Neoplasms,2.0
erlotinib,Lung Neoplasms,3.0
erlotinib,Melanoma,1.0
erlotinib,Mesothelioma,2.0
erlotinib,Mouth Neoplasms,3.0
erlotinib,Multiple Myeloma,1.0
erlotinib,Myelodysplastic Syndromes,2.0
erlotinib,Nasopharyngeal Neoplasms,2.0
erlotinib,Neoplasm Metastasis,3.0
erlotinib,Neoplasms,3.0
erlotinib,"Neoplasms, Germ Cell and Embryonal",2.0
erlotinib,Neuroendocrine Tumors,2.0
erlotinib,Oligodendroglioma,1.0
erlotinib,Ovarian Neoplasms,2.0
erlotinib,Pancreatic Neoplasms,3.0
erlotinib,Pharyngeal Neoplasms,0.5
erlotinib,Polycythemia Vera,2.0
erlotinib,"Prostatic Neoplasms, Castration-Resistant",2.0
erlotinib,Psoriasis,2.0
erlotinib,Rectal Neoplasms,1.0
erlotinib,Skin Neoplasms,2.0
erlotinib,Thymoma,2.0
erlotinib,Urinary Bladder Neoplasms,2.0
erteberel,Prostatic Hyperplasia,2.0
erteberel,Schizophrenia,2.0
erythromycin,Acne Vulgaris,4.0
erythromycin,Bacterial Infections,4.0
erythromycin,Bulimia Nervosa,2.0
erythromycin,"Carcinoma, Non-Small-Cell Lung",3.0
erythromycin,Chlamydia Infections,3.0
erythromycin,Colorectal Neoplasms,2.0
erythromycin,Epidermolysis Bullosa,3.0
erythromycin,Erectile Dysfunction,1.0
erythromycin,Eye Infections,4.0
erythromycin,Feeding and Eating Disorders,2.0
erythromycin,Gastrointestinal Hemorrhage,3.0
erythromycin,Gastroparesis,2.0
erythromycin,HIV Infections,3.0
erythromycin,Hematemesis,3.0
erythromycin,Hepatitis C,1.0
erythromycin,Infections,4.0
erythromycin,"Leukemia, Lymphocytic, Chronic, B-Cell",1.0
erythromycin,Osteomyelitis,0.5
erythromycin,Pneumonia,3.0
erythromycin,"Pulmonary Disease, Chronic Obstructive",2.0
erythromycin,Renal Insufficiency,1.0
erythromycin,Stomach Neoplasms,2.0
erythromycin,Whooping Cough,4.0
erythromycin-ethylsuccinate,Amyotrophic Lateral Sclerosis,1.0
erythromycin-ethylsuccinate,"Diabetes Mellitus, Type 1",1.0
erythromycin-ethylsuccinate,Infections,4.0
erythromycin-ethylsuccinate,Osteomyelitis,0.5
erythromycin-ethylsuccinate,Whooping Cough,4.0
escitalopram,Alzheimer Disease,1.0
escitalopram,Anxiety,3.0
escitalopram,Anxiety Disorders,3.0
escitalopram,Aphasia,2.0
escitalopram,"Arthritis, Rheumatoid",3.0
escitalopram,Bipolar Disorder,3.0
escitalopram,Borderline Personality Disorder,2.0
escitalopram,Burning Mouth Syndrome,3.0
escitalopram,Carcinoma,3.0
escitalopram,Cocaine-Related Disorders,2.0
escitalopram,Dementia,3.0
escitalopram,Depressive Disorder,4.0
escitalopram,"Depressive Disorder, Major",4.0
escitalopram,Digestive System Diseases,2.0
escitalopram,Fibromyalgia,2.0
escitalopram,Hepatitis C,1.0
escitalopram,"Hypertension, Pulmonary",3.0
escitalopram,Neoplasms,3.0
escitalopram,Obsessive-Compulsive Disorder,3.0
escitalopram,Panic Disorder,2.0
escitalopram,"Phobia, Social",2.0
escitalopram,Phobic Disorders,2.0
escitalopram,Premature Ejaculation,0.5
escitalopram,"Renal Insufficiency, Chronic",2.0
escitalopram,Schizophrenia,3.0
escitalopram,"Stress Disorders, Post-Traumatic",2.0
escitalopram,Stroke,2.0
escitalopram,Substance-Related Disorders,2.0
esmolol,Aging,0.5
esmolol,Atrial Fibrillation,2.0
esmolol,Brain Neoplasms,1.0
esmolol,Cardiovascular Diseases,4.0
esmolol,Cerebral Arterial Diseases,3.0
esmolol,Coronary Disease,3.0
esmolol,Intracranial Aneurysm,3.0
esmolol,Ovarian Cysts,1.0
esmolol,Pain,2.0
esmolol,Reperfusion Injury,1.0
esmolol,Respiratory Distress Syndrome,3.0
esmolol,"Shock, Septic",3.0
esmolol,Sinusitis,2.0
estradiol,Aging,2.0
estradiol,Alzheimer Disease,2.0
estradiol,Amenorrhea,3.0
estradiol,Anorexia Nervosa,3.0
estradiol,Atherosclerosis,2.0
estradiol,Atrophic Vaginitis,4.0
estradiol,Atrophy,4.0
estradiol,Blood Coagulation Disorders,0.5
estradiol,"Bone Diseases, Metabolic",3.0
estradiol,Breast Neoplasms,4.0
estradiol,Bulimia Nervosa,2.0
estradiol,Carcinoid Tumor,2.0
estradiol,Cerebral Arterial Diseases,0.5
estradiol,Coronary Disease,3.0
estradiol,"Depression, Postpartum",2.0
estradiol,Depressive Disorder,2.0
estradiol,Diabetes Mellitus,1.0
estradiol,"Diabetes Mellitus, Type 1",1.0
estradiol,"Diabetes Mellitus, Type 2",1.0
estradiol,Dry Eye Syndromes,2.0
estradiol,Dysmenorrhea,3.0
estradiol,Dyspareunia,4.0
estradiol,Endometriosis,3.0
estradiol,HIV Infections,2.0
estradiol,Heart Diseases,3.0
estradiol,Hereditary Breast and Ovarian Cancer Syndrome,2.0
estradiol,Hot Flashes,3.0
estradiol,Hypogonadism,4.0
estradiol,Infertility,3.0
estradiol,Menopause,4.0
estradiol,Migraine Disorders,2.0
estradiol,Multiple Sclerosis,3.0
estradiol,Myocardial Ischemia,3.0
estradiol,Non-alcoholic Fatty Liver Disease,3.0
estradiol,Obesity,3.0
estradiol,Osteoporosis,4.0
estradiol,"Osteoporosis, Postmenopausal",4.0
estradiol,Pain,3.0
estradiol,Polycystic Ovary Syndrome,1.0
estradiol,Primary Ovarian Insufficiency,4.0
estradiol,Prostatic Neoplasms,2.0
estradiol,"Prostatic Neoplasms, Castration-Resistant",3.0
estradiol,Psychotic Disorders,2.0
estradiol,Schizophrenia,2.0
estradiol,Severe Acute Respiratory Syndrome,2.0
estradiol,"Sexual Dysfunction, Physiological",3.0
estradiol,"Stress Disorders, Post-Traumatic",3.0
estradiol,Triple Negative Breast Neoplasms,2.0
estradiol,Turner Syndrome,3.0
estradiol,Urinary Tract Infections,2.0
estramustine,Breast Neoplasms,2.0
estramustine,Neoplasms,3.0
estramustine,Prostatic Neoplasms,3.0
estramustine,"Prostatic Neoplasms, Castration-Resistant",3.0
estramustine-phosphate,"Prostatic Neoplasms, Castration-Resistant",2.0
estriol,Atrophic Vaginitis,3.0
estriol,Menopause,2.0
estriol,"Multiple Sclerosis, Chronic Progressive",2.0
estriol,"Multiple Sclerosis, Relapsing-Remitting",2.0
estriol,Pregnancy,1.0
estrone,Obesity,2.0
estrone,Premenstrual Syndrome,3.0
etacrynic-acid,Cardiovascular Diseases,4.0
etacrynic-acid,Fibrosis,4.0
etacrynic-acid,Glaucoma,1.0
etacrynic-acid,Heart Failure,4.0
etacrynic-acid,Kidney Diseases,4.0
etacrynic-acid,Nephrotic Syndrome,4.0
etacrynic-acid,Pulmonary Edema,4.0
etacrynic-acid,Urinary Bladder Neoplasms,1.0
etanercept,Acquired Hyperostosis Syndrome,2.0
etanercept,Alzheimer Disease,2.0
etanercept,Anorexia,3.0
etanercept,Arthritis,3.0
etanercept,"Arthritis, Juvenile",4.0
etanercept,"Arthritis, Psoriatic",4.0
etanercept,"Arthritis, Rheumatoid",4.0
etanercept,Asthma,2.0
etanercept,Cachexia,3.0
etanercept,Chronic Urticaria,2.0
etanercept,Dermatomyositis,2.0
etanercept,"Diabetes Mellitus, Type 1",3.0
etanercept,Fanconi Anemia,0.5
etanercept,Graft vs Host Disease,2.0
etanercept,Granulomatosis with Polyangiitis,2.0
etanercept,HIV Infections,1.0
etanercept,Hidradenitis Suppurativa,2.0
etanercept,Histiocytosis,2.0
etanercept,Immune System Diseases,4.0
etanercept,Immunoglobulin Light-chain Amyloidosis,2.0
etanercept,Inflammation,3.0
etanercept,Leukemia,2.0
etanercept,"Leukemia, Lymphocytic, Chronic, B-Cell",1.0
etanercept,Lichen Planus,2.0
etanercept,"Lupus Erythematosus, Cutaneous",2.0
etanercept,Lupus Nephritis,2.0
etanercept,Metabolic Syndrome,2.0
etanercept,Mucocutaneous Lymph Node Syndrome,2.0
etanercept,Myelodysplastic Syndromes,1.0
etanercept,"Myositis, Inclusion Body",0.5
etanercept,Neoplasms,1.0
etanercept,Pemphigus,2.0
etanercept,Persian Gulf Syndrome,1.0
etanercept,Pneumonia,3.0
etanercept,Polymyalgia Rheumatica,3.0
etanercept,"Prostatic Neoplasms, Castration-Resistant",1.0
etanercept,Psoriasis,4.0
etanercept,"Pulmonary Disease, Chronic Obstructive",2.0
etanercept,Pulmonary Fibrosis,2.0
etanercept,Radiculopathy,2.0
etanercept,"Renal Insufficiency, Chronic",2.0
etanercept,Reperfusion Injury,2.0
etanercept,Sciatica,1.0
etanercept,Sjogren's Syndrome,2.0
etanercept,Spondylarthropathies,4.0
etanercept,Spondylitis,4.0
etanercept,"Spondylitis, Ankylosing",4.0
etanercept,Stevens-Johnson Syndrome,3.0
etanercept,Stomatitis,2.0
etanercept,Subarachnoid Hemorrhage,1.0
etanercept,Synovitis,2.0
etanercept,Temporomandibular Joint Disorders,2.0
etanercept,Tinnitus,2.0
etanercept,Vitiligo,2.0
etazolate,Alzheimer Disease,2.0
ethinyl-estradiol,Acne Vulgaris,4.0
ethinyl-estradiol,Amenorrhea,3.0
ethinyl-estradiol,Anorexia Nervosa,3.0
ethinyl-estradiol,"Bone Diseases, Metabolic",3.0
ethinyl-estradiol,Breast Neoplasms,3.0
ethinyl-estradiol,Bulimia,2.0
ethinyl-estradiol,Bulimia Nervosa,2.0
ethinyl-estradiol,Cystic Fibrosis,1.0
ethinyl-estradiol,Depressive Disorder,2.0
ethinyl-estradiol,"Diabetes Mellitus, Type 2",1.0
ethinyl-estradiol,Dysmenorrhea,3.0
ethinyl-estradiol,Endometrial Neoplasms,2.0
ethinyl-estradiol,Endometriosis,3.0
ethinyl-estradiol,HIV Infections,1.0
ethinyl-estradiol,"Hepatitis B, Chronic",1.0
ethinyl-estradiol,Hepatitis C,1.0
ethinyl-estradiol,"Hepatitis C, Chronic",1.0
ethinyl-estradiol,Hidradenitis Suppurativa,2.0
ethinyl-estradiol,Hyperandrogenism,2.0
ethinyl-estradiol,"Infertility, Female",1.0
ethinyl-estradiol,"Leukemia, Lymphocytic, Chronic, B-Cell",1.0
ethinyl-estradiol,Metrorrhagia,2.0
ethinyl-estradiol,Migraine Disorders,3.0
ethinyl-estradiol,Neoplasms,4.0
ethinyl-estradiol,Neural Tube Defects,3.0
ethinyl-estradiol,Non-alcoholic Fatty Liver Disease,1.0
ethinyl-estradiol,Obesity,1.0
ethinyl-estradiol,Osteoporosis,2.0
ethinyl-estradiol,Polycystic Ovary Syndrome,3.0
ethinyl-estradiol,Pregnancy,3.0
ethinyl-estradiol,Premenstrual Syndrome,2.0
ethinyl-estradiol,Turner Syndrome,3.0
etizolam,Anxiety,2.0
etodolac,Acute Pain,4.0
etodolac,"Arthritis, Juvenile",4.0
etodolac,"Arthritis, Rheumatoid",4.0
etodolac,"Carcinoma, Hepatocellular",2.0
etodolac,Colorectal Neoplasms,3.0
etodolac,Lecithin Cholesterol Acyltransferase Deficiency,1.0
etodolac,Muscular Diseases,3.0
etodolac,Osteoarthritis,4.0
etodolac,Pain,3.0
etodolac,Pancreatic Neoplasms,2.0
etodolac,Rheumatic Diseases,4.0
etodolac,Sprains and Strains,3.0
etofenamate,Arthralgia,2.0
etofenamate,Myalgia,2.0
etomidate,Hypertension,3.0
etomidate,Respiratory Insufficiency,2.0
etomidate,Stroke,3.0
etoposide,Acquired Immunodeficiency Syndrome,2.0
etoposide,Adenocarcinoma of Lung,3.0
etoposide,Adrenal Cortex Neoplasms,3.0
etoposide,"Anemia, Refractory",3.0
etoposide,"Anemia, Refractory, with Excess of Blasts",3.0
etoposide,Astrocytoma,2.0
etoposide,Brain Neoplasms,3.0
etoposide,Breast Neoplasms,3.0
etoposide,Burkitt Lymphoma,3.0
etoposide,Carcinoid Tumor,2.0
etoposide,Carcinoma,3.0
etoposide,"Carcinoma, Embryonal",3.0
etoposide,"Carcinoma, Hepatocellular",2.0
etoposide,"Carcinoma, Islet Cell",2.0
etoposide,"Carcinoma, Large Cell",2.0
etoposide,"Carcinoma, Merkel Cell",2.0
etoposide,"Carcinoma, Neuroendocrine",2.0
etoposide,"Carcinoma, Non-Small-Cell Lung",3.0
etoposide,"Carcinoma, Small Cell",4.0
etoposide,"Carcinoma, Squamous Cell",3.0
etoposide,Castleman Disease,2.0
etoposide,Central Nervous System Neoplasms,3.0
etoposide,Choriocarcinoma,3.0
etoposide,Choroid Plexus Neoplasms,3.0
etoposide,Colorectal Neoplasms,3.0
etoposide,Endodermal Sinus Tumor,3.0
etoposide,Ependymoma,3.0
etoposide,"Esthesioneuroblastoma, Olfactory",2.0
etoposide,Fallopian Tube Neoplasms,1.0
etoposide,Ganglioneuroblastoma,3.0
etoposide,Gestational Trophoblastic Disease,3.0
etoposide,Glioblastoma,2.0
etoposide,Glioma,2.0
etoposide,Gliosarcoma,2.0
etoposide,Graft vs Host Disease,2.0
etoposide,"Granuloma, Lethal Midline",3.0
etoposide,HIV Infections,3.0
etoposide,Hematologic Diseases,2.0
etoposide,Hematologic Neoplasms,2.0
etoposide,Hepatoblastoma,3.0
etoposide,Hodgkin Disease,3.0
etoposide,Kidney Neoplasms,3.0
etoposide,Leukemia,3.0
etoposide,"Leukemia, Basophilic, Acute",3.0
etoposide,"Leukemia, Biphenotypic, Acute",3.0
etoposide,"Leukemia, Erythroblastic, Acute",3.0
etoposide,"Leukemia, Lymphocytic, Chronic, B-Cell",2.0
etoposide,"Leukemia, Lymphoid",3.0
etoposide,"Leukemia, Megakaryoblastic, Acute",3.0
etoposide,"Leukemia, Monocytic, Acute",3.0
etoposide,"Leukemia, Myelogenous, Chronic, BCR-ABL Positive",1.0
etoposide,"Leukemia, Myeloid, Acute",3.0
etoposide,"Leukemia, Myelomonocytic, Acute",3.0
etoposide,"Leukemia, Myelomonocytic, Chronic",3.0
etoposide,"Leukemia, Plasma Cell",1.0
etoposide,"Leukemia-Lymphoma, Adult T-Cell",3.0
etoposide,Lung Neoplasms,4.0
etoposide,"Lymphohistiocytosis, Hemophagocytic",3.0
etoposide,Lymphoma,3.0
etoposide,"Lymphoma, AIDS-Related",2.0
etoposide,"Lymphoma, B-Cell, Marginal Zone",2.0
etoposide,"Lymphoma, Follicular",3.0
etoposide,"Lymphoma, Large B-Cell, Diffuse",3.0
etoposide,"Lymphoma, Large-Cell, Anaplastic",2.0
etoposide,"Lymphoma, Mantle-Cell",3.0
etoposide,"Lymphoma, Non-Hodgkin",3.0
etoposide,"Lymphoma, Primary Effusion",1.0
etoposide,"Lymphoma, T-Cell",2.0
etoposide,"Lymphoma, T-Cell, Peripheral",3.0
etoposide,Mediastinal Neoplasms,3.0
etoposide,Medulloblastoma,3.0
etoposide,Multiple Myeloma,3.0
etoposide,"Multiple Sclerosis, Relapsing-Remitting",2.0
etoposide,Myasthenia Gravis,2.0
etoposide,Myelodysplastic Syndromes,3.0
etoposide,Myelodysplastic-Myeloproliferative Diseases,1.0
etoposide,Myeloproliferative Disorders,3.0
etoposide,Neoplasms,4.0
etoposide,"Neoplasms, Germ Cell and Embryonal",3.0
etoposide,"Neoplasms, Neuroepithelial",0.5
etoposide,"Neoplasms, Plasma Cell",2.0
etoposide,Neuroblastoma,3.0
etoposide,"Neuroectodermal Tumors, Primitive",3.0
etoposide,Neuroendocrine Tumors,1.0
etoposide,Neuromyelitis Optica,2.0
etoposide,Neutropenia,2.0
etoposide,Oligodendroglioma,2.0
etoposide,Opsoclonus-Myoclonus Syndrome,2.0
etoposide,Optic Nerve Glioma,2.0
etoposide,Oropharyngeal Neoplasms,2.0
etoposide,Osteosarcoma,3.0
etoposide,Ovarian Neoplasms,3.0
etoposide,Pancreatic Neoplasms,2.0
etoposide,Paraganglioma,2.0
etoposide,Peritoneal Neoplasms,1.0
etoposide,"Polyradiculoneuropathy, Chronic Inflammatory Demyelinating",2.0
etoposide,Precursor Cell Lymphoblastic Leukemia-Lymphoma,3.0
etoposide,Precursor T-Cell Lymphoblastic Leukemia-Lymphoma,3.0
etoposide,Prostatic Neoplasms,2.0
etoposide,"Prostatic Neoplasms, Castration-Resistant",3.0
etoposide,Retinoblastoma,3.0
etoposide,Rhabdomyosarcoma,3.0
etoposide,"Rhabdomyosarcoma, Alveolar",2.0
etoposide,"Rhabdomyosarcoma, Embryonal",2.0
etoposide,Sarcoma,3.0
etoposide,"Sarcoma, Ewing",3.0
etoposide,"Sarcoma, Kaposi",1.0
etoposide,"Sarcoma, Myeloid",3.0
etoposide,Seminoma,3.0
etoposide,Severe Acute Respiratory Syndrome,2.0
etoposide,Sex Cord-Gonadal Stromal Tumors,3.0
etoposide,Small Cell Lung Carcinoma,4.0
etoposide,Stiff-Person Syndrome,2.0
etoposide,Stomach Neoplasms,3.0
etoposide,Teratoma,3.0
etoposide,Testicular Neoplasms,3.0
etoposide,Thymoma,2.0
etoposide,Thymus Neoplasms,3.0
etoposide,Waldenstrom Macroglobulinemia,2.0
etoposide,Wilms Tumor,3.0
etoricoxib,"Arthritis, Rheumatoid",3.0
etoricoxib,Bone Neoplasms,2.0
etoricoxib,Dysmenorrhea,3.0
etoricoxib,HIV Infections,2.0
etoricoxib,Low Back Pain,3.0
etoricoxib,Melanoma,1.0
etoricoxib,Osteoarthritis,3.0
etoricoxib,"Osteoarthritis, Knee",3.0
etoricoxib,Pain,3.0
etoricoxib,"Prostatic Neoplasms, Castration-Resistant",2.0
etoricoxib,Rheumatic Diseases,4.0
etoricoxib,"Spondylitis, Ankylosing",3.0
etoricoxib,Toothache,3.0
etoricoxib,Tuberculosis,1.0
etoricoxib,Wounds and Injuries,3.0
etravirine,Acquired Immunodeficiency Syndrome,2.0
etravirine,Friedreich Ataxia,2.0
etravirine,HIV,4.0
etravirine,HIV Infections,4.0
etravirine,Infections,1.0
etravirine,Virus Diseases,4.0
everolimus,Acute Coronary Syndrome,1.0
everolimus,Adenocarcinoma,1.0
everolimus,"Adenoma, Islet Cell",2.0
everolimus,Aging,1.0
everolimus,Angiomyolipoma,4.0
everolimus,Astrocytoma,4.0
everolimus,Bile Duct Neoplasms,2.0
everolimus,Brain Neoplasms,2.0
everolimus,Breast Neoplasms,4.0
everolimus,"Breast Neoplasms, Male",1.0
everolimus,Carcinoid Tumor,3.0
everolimus,Carcinoma,3.0
everolimus,"Carcinoma, Adenoid Cystic",2.0
everolimus,"Carcinoma, Hepatocellular",2.0
everolimus,"Carcinoma, Medullary",2.0
everolimus,"Carcinoma, Neuroendocrine",2.0
everolimus,"Carcinoma, Non-Small-Cell Lung",2.0
everolimus,"Carcinoma, Ovarian Epithelial",1.0
everolimus,"Carcinoma, Renal Cell",4.0
everolimus,"Carcinoma, Squamous Cell",2.0
everolimus,"Carcinoma, Transitional Cell",2.0
everolimus,Central Nervous System Neoplasms,1.0
everolimus,Cholangiocarcinoma,2.0
everolimus,Chondrosarcoma,2.0
everolimus,Colonic Neoplasms,2.0
everolimus,Colorectal Neoplasms,2.0
everolimus,Coronary Disease,3.0
everolimus,Coronary Restenosis,3.0
everolimus,Cytomegalovirus Infections,3.0
everolimus,Diffuse Intrinsic Pontine Glioma,2.0
everolimus,Endocardial Cushion Defects,3.0
everolimus,Endometrial Neoplasms,2.0
everolimus,Ependymoma,2.0
everolimus,Epilepsy,2.0
everolimus,Esophageal Neoplasms,1.0
everolimus,Fallopian Tube Neoplasms,1.0
everolimus,Gallbladder Neoplasms,2.0
everolimus,Gastrointestinal Stromal Tumors,1.0
everolimus,Glioblastoma,2.0
everolimus,Glioma,2.0
everolimus,Graft vs Host Disease,3.0
everolimus,"Hamartoma Syndrome, Multiple",1.0
everolimus,Head and Neck Neoplasms,2.0
everolimus,Hematologic Diseases,1.0
everolimus,Hepatitis C,2.0
everolimus,Hodgkin Disease,2.0
everolimus,Hyperaldosteronism,2.0
everolimus,Infections,3.0
everolimus,Kidney Diseases,2.0
everolimus,"Kidney Failure, Chronic",3.0
everolimus,Kidney Neoplasms,3.0
everolimus,Leukemia,1.0
everolimus,"Leukemia, Lymphoid",1.0
everolimus,"Leukemia, Myelogenous, Chronic, BCR-ABL Positive",1.0
everolimus,"Leukemia, Myeloid, Acute",2.0
everolimus,Liver Neoplasms,2.0
everolimus,Lung Neoplasms,2.0
everolimus,Lymphangioleiomyomatosis,2.0
everolimus,Lymphoma,2.0
everolimus,"Lymphoma, B-Cell, Marginal Zone",2.0
everolimus,"Lymphoma, Large B-Cell, Diffuse",3.0
everolimus,"Lymphoma, Mantle-Cell",2.0
everolimus,"Lymphoma, Non-Hodgkin",1.0
everolimus,"Lymphoma, T-Cell, Cutaneous",2.0
everolimus,Macular Degeneration,2.0
everolimus,Malignant Carcinoid Syndrome,3.0
everolimus,"Mastocytosis, Systemic",2.0
everolimus,Melanoma,2.0
everolimus,Meningioma,2.0
everolimus,Mesothelioma,2.0
everolimus,Multiple Myeloma,2.0
everolimus,Myelodysplastic Syndromes,2.0
everolimus,Nasopharyngeal Neoplasms,1.0
everolimus,Neoplasm Metastasis,1.0
everolimus,Neoplasms,4.0
everolimus,"Neoplasms, Germ Cell and Embryonal",2.0
everolimus,"Neoplasms, Plasma Cell",1.0
everolimus,Neurilemmoma,2.0
everolimus,Neuroendocrine Tumors,4.0
everolimus,Neurofibromatosis 1,2.0
everolimus,Neurofibromatosis 2,2.0
everolimus,Oligodendroglioma,2.0
everolimus,Osteosarcoma,2.0
everolimus,Ovarian Neoplasms,2.0
everolimus,Pancreatic Neoplasms,4.0
everolimus,Paraganglioma,2.0
everolimus,Peritoneal Neoplasms,1.0
everolimus,Peutz-Jeghers Syndrome,2.0
everolimus,Polycystic Kidney Diseases,2.0
everolimus,"Polycystic Kidney, Autosomal Dominant",3.0
everolimus,Precursor Cell Lymphoblastic Leukemia-Lymphoma,1.0
everolimus,Progeria,1.0
everolimus,"Prostatic Neoplasms, Castration-Resistant",3.0
everolimus,Renal Insufficiency,3.0
everolimus,"Renal Insufficiency, Chronic",3.0
everolimus,Sarcoma,2.0
everolimus,"Sarcoma, Kaposi",2.0
everolimus,"Sarcoma, Synovial",1.0
everolimus,Skin Neoplasms,3.0
everolimus,Small Cell Lung Carcinoma,2.0
everolimus,Stomach Neoplasms,3.0
everolimus,Sturge-Weber Syndrome,2.0
everolimus,Thymus Neoplasms,2.0
everolimus,Thyroid Neoplasms,2.0
everolimus,Triple Negative Breast Neoplasms,2.0
everolimus,Tuberculosis,2.0
everolimus,Tuberous Sclerosis,4.0
everolimus,Urinary Bladder Neoplasms,2.0
everolimus,Uterine Cervical Neoplasms,1.0
everolimus,Uterine Neoplasms,2.0
everolimus,Uveal Melanoma,2.0
everolimus,Uveitis,2.0
everolimus,Waldenstrom Macroglobulinemia,2.0
exemestane,Breast Carcinoma In Situ,2.0
exemestane,Breast Neoplasms,4.0
exemestane,"Breast Neoplasms, Male",3.0
exemestane,"Carcinoma, Intraductal, Noninfiltrating",3.0
exemestane,"Carcinoma, Non-Small-Cell Lung",2.0
exemestane,Endometrial Hyperplasia,2.0
exemestane,Endometrial Neoplasms,2.0
exemestane,Granulosa Cell Tumor,2.0
exemestane,Lung Neoplasms,1.0
exemestane,Lymphoma,1.0
exemestane,Neoplasms,4.0
exemestane,Ovarian Neoplasms,3.0
exemestane,"Prostatic Neoplasms, Castration-Resistant",2.0
exemestane,Triple Negative Breast Neoplasms,2.0
exherin,Neoplasms,1.0
famciclovir,Autoimmune Diseases,4.0
famciclovir,Eye Infections,4.0
famciclovir,Herpes Genitalis,4.0
famciclovir,Herpes Labialis,4.0
famciclovir,Herpes Simplex,3.0
famciclovir,Herpes Zoster,4.0
famciclovir,Meniere Disease,3.0
famciclovir,Multiple Sclerosis,2.0
famciclovir,Virus Diseases,4.0
famotidine,"Anemia, Sickle Cell",2.0
famotidine,"Arthritis, Rheumatoid",4.0
famotidine,Breast Carcinoma In Situ,2.0
famotidine,Breast Neoplasms,2.0
famotidine,"Carcinoma, Non-Small-Cell Lung",1.0
famotidine,Chest Pain,4.0
famotidine,Colorectal Neoplasms,1.0
famotidine,Duodenal Ulcer,4.0
famotidine,Eosinophilic Esophagitis,2.0
famotidine,Esophagitis,4.0
famotidine,Fibrosis,1.0
famotidine,Gastroesophageal Reflux,4.0
famotidine,Gastrointestinal Hemorrhage,3.0
famotidine,Glycogen Storage Disease Type III,1.0
famotidine,HIV Infections,1.0
famotidine,Heartburn,4.0
famotidine,Immunoglobulin G4-Related Disease,2.0
famotidine,"Leukemia, Hairy Cell",1.0
famotidine,"Lupus Erythematosus, Systemic",1.0
famotidine,Melanoma,1.0
famotidine,Mesothelioma,1.0
famotidine,Movement Disorders,2.0
famotidine,Neoplasms,1.0
famotidine,Osteoarthritis,4.0
famotidine,Peptic Ulcer,4.0
famotidine,Psoriasis,1.0
famotidine,Schizophrenia,2.0
famotidine,Severe Acute Respiratory Syndrome,3.0
famotidine,Stomach Neoplasms,2.0
famotidine,Stomach Ulcer,4.0
famotidine,Thyroid Neoplasms,1.0
famotidine,Ulcer,4.0
faropenem,Bacterial Infections,3.0
faropenem,Pneumonia,3.0
faropenem,Tuberculosis,1.0
faropenem,"Tuberculosis, Pulmonary",2.0
fasudil,Amyotrophic Lateral Sclerosis,2.0
fasudil,Cardiovascular Diseases,3.0
fasudil,Dementia,2.0
fasudil,Retinal Vein Occlusion,2.0
fasudil,Retinopathy of Prematurity,2.0
favipiravir,Communicable Diseases,1.0
favipiravir,"Hemorrhagic Fever, Ebola",2.0
favipiravir,"Influenza, Human",3.0
favipiravir,Lassa Fever,2.0
favipiravir,Liver Diseases,1.0
favipiravir,"Pneumonia, Viral",1.0
favipiravir,Severe Acute Respiratory Syndrome,3.0
favipiravir,Virus Diseases,3.0
febuxostat,"Angina, Stable",2.0
febuxostat,"Arthritis, Gouty",4.0
febuxostat,Cardiovascular Diseases,3.0
febuxostat,Gout,4.0
febuxostat,Hypertension,2.0
febuxostat,Hyperuricemia,4.0
febuxostat,Kidney Calculi,2.0
febuxostat,Kidney Diseases,2.0
febuxostat,Non-alcoholic Fatty Liver Disease,2.0
febuxostat,Tumor Lysis Syndrome,3.0
felbamate,Anemia,4.0
felbamate,Bipolar Disorder,2.0
felbamate,Epilepsy,4.0
felbamate,Seizures,4.0
felbinac,Acute Kidney Injury,1.0
felbinac,Arthralgia,4.0
felbinac,Myalgia,4.0
felbinac,Neoplasms,2.0
felbinac,Pain,3.0
felbinac,Thromboembolism,3.0
felodipine,Atherosclerosis,3.0
felodipine,Cardiovascular Diseases,4.0
felodipine,Coronary Disease,3.0
felodipine,Diabetes Mellitus,4.0
felodipine,"Diabetes Mellitus, Type 2",3.0
felodipine,Hypercholesterolemia,3.0
felodipine,Hypertension,4.0
fenobam,Fragile X Syndrome,1.0
fenoldopam,Acute Kidney Injury,3.0
fenoldopam,Cardiovascular Diseases,4.0
fenoldopam,Hypertension,1.0
fenoldopam,"Kidney Failure, Chronic",2.0
fenoldopam,Renal Insufficiency,3.0
fenoterol,Asthma,3.0
fenoterol,Heart Failure,1.0
fenoterol,"Lung Diseases, Obstructive",4.0
fenoterol,"Pulmonary Disease, Chronic Obstructive",3.0
fentiazac,Arthralgia,2.0
fentiazac,Myalgia,2.0
fentiazac,Rheumatic Diseases,2.0
fexofenadine,"Arthritis, Rheumatoid",1.0
fexofenadine,Asthma,3.0
fexofenadine,"Carcinoma, Non-Small-Cell Lung",1.0
fexofenadine,"Dermatitis, Atopic",2.0
fexofenadine,Diabetic Nephropathies,3.0
fexofenadine,Edema,2.0
fexofenadine,Gastroesophageal Reflux,2.0
fexofenadine,Hypersensitivity,4.0
fexofenadine,Prostatic Neoplasms,1.0
fexofenadine,Pruritus,3.0
fexofenadine,"Rhinitis, Allergic, Perennial",2.0
fexofenadine,"Rhinitis, Allergic, Seasonal",3.0
fidaxomicin,Clostridium Infections,4.0
fidaxomicin,Diarrhea,4.0
fidaxomicin,Infections,4.0
filgotinib,"Arthritis, Juvenile",1.0
filgotinib,"Arthritis, Psoriatic",3.0
filgotinib,"Arthritis, Rheumatoid",3.0
filgotinib,"Colitis, Ulcerative",3.0
filgotinib,Crohn Disease,3.0
filgotinib,Inflammatory Bowel Diseases,2.0
filgotinib,Kidney Diseases,1.0
filgotinib,"Lupus Erythematosus, Cutaneous",2.0
filgotinib,"Lupus Erythematosus, Systemic",2.0
filgotinib,Sjogren's Syndrome,2.0
filgotinib,Spondylarthropathies,3.0
filgotinib,"Spondylitis, Ankylosing",3.0
filgotinib,Uveitis,2.0
finasteride,Acne Vulgaris,2.0
finasteride,Alopecia,4.0
finasteride,"Carcinoma, Non-Small-Cell Lung",2.0
finasteride,Hyperplasia,0.5
finasteride,Hypogonadism,1.0
finasteride,Prostatic Hyperplasia,4.0
finasteride,Prostatic Neoplasms,4.0
finasteride,"Prostatic Neoplasms, Castration-Resistant",2.0
finasteride,Retinal Diseases,2.0
fingolimod,Asthma,2.0
fingolimod,Astrocytoma,0.5
fingolimod,Breast Neoplasms,1.0
fingolimod,Cerebral Hemorrhage,1.0
fingolimod,Glioblastoma,0.5
fingolimod,Multiple Sclerosis,3.0
fingolimod,"Multiple Sclerosis, Chronic Progressive",3.0
fingolimod,"Multiple Sclerosis, Relapsing-Remitting",3.0
fingolimod,Optic Neuritis,2.0
fingolimod,"Polyradiculoneuropathy, Chronic Inflammatory Demyelinating",3.0
fingolimod,Renal Insufficiency,1.0
fingolimod,Rett Syndrome,1.0
fingolimod,Schizophrenia,2.0
fingolimod,Severe Acute Respiratory Syndrome,2.0
fingolimod,Stroke,2.0
fingolimod,Uveitis,2.0
firategrast,Multiple Sclerosis,2.0
firategrast,"Multiple Sclerosis, Relapsing-Remitting",1.0
flavoxate,Polyuria,2.0
flavoxate,Urinary Incontinence,2.0
flecainide,"Arrhythmias, Cardiac",4.0
flecainide,Arrhythmogenic Right Ventricular Dysplasia,2.0
flecainide,Atrial Fibrillation,3.0
floxuridine,Carcinoid Tumor,2.0
floxuridine,"Carcinoma, Hepatocellular",2.0
floxuridine,Cholangiocarcinoma,2.0
floxuridine,Colonic Neoplasms,1.0
floxuridine,Colorectal Neoplasms,3.0
floxuridine,Esophageal Neoplasms,2.0
floxuridine,Fallopian Tube Neoplasms,1.0
floxuridine,Gastrointestinal Stromal Tumors,2.0
floxuridine,Liver Neoplasms,2.0
floxuridine,Neoplasms,4.0
floxuridine,Ovarian Neoplasms,2.0
floxuridine,Peritoneal Neoplasms,2.0
floxuridine,Rectal Neoplasms,1.0
floxuridine,Stomach Neoplasms,2.0
fluconazole,Alzheimer Disease,1.0
fluconazole,Aspergillosis,3.0
fluconazole,Bacterial Infections,3.0
fluconazole,Blastomycosis,2.0
fluconazole,Candidemia,3.0
fluconazole,Candidiasis,4.0
fluconazole,"Candidiasis, Invasive",3.0
fluconazole,"Candidiasis, Oral",3.0
fluconazole,"Candidiasis, Vulvovaginal",4.0
fluconazole,Coccidioidomycosis,3.0
fluconazole,Crohn Disease,3.0
fluconazole,Graft vs Host Disease,1.0
fluconazole,HIV Infections,3.0
fluconazole,Histoplasmosis,2.0
fluconazole,Infections,3.0
fluconazole,Inflammatory Bowel Diseases,3.0
fluconazole,Intracranial Hypertension,2.0
fluconazole,"Leishmaniasis, Cutaneous",3.0
fluconazole,"Leukemia, Myeloid, Acute",1.0
fluconazole,Leukopenia,3.0
fluconazole,Lymphoma,1.0
fluconazole,"Meningitis, Cryptococcal",4.0
fluconazole,Mycoses,3.0
fluconazole,Neoplasms,3.0
fluconazole,Non-alcoholic Fatty Liver Disease,1.0
fluconazole,Premature Birth,2.0
fluconazole,"Pulmonary Disease, Chronic Obstructive",1.0
fluconazole,Respiratory Syncytial Virus Infections,1.0
fluconazole,Sporotrichosis,2.0
fluconazole,Tinea Pedis,3.0
fluconazole,Tinea Versicolor,1.0
fluconazole,"Urinary Bladder, Overactive",1.0
fluconazole,Urinary Tract Infections,4.0
fluconazole,Vaginal Discharge,3.0
fluconazole,Vaginitis,3.0
fluconazole,"Vaginosis, Bacterial",3.0
fluconazole,Vulvovaginitis,2.0
fludarabine-phosphate,"Anemia, Aplastic",3.0
fludarabine-phosphate,"Anemia, Diamond-Blackfan",2.0
fludarabine-phosphate,"Anemia, Refractory",3.0
fludarabine-phosphate,"Anemia, Refractory, with Excess of Blasts",3.0
fludarabine-phosphate,"Anemia, Sickle Cell",2.0
fludarabine-phosphate,Blast Crisis,1.0
fludarabine-phosphate,Bone Marrow Failure Disorders,3.0
fludarabine-phosphate,Breast Neoplasms,2.0
fludarabine-phosphate,Burkitt Lymphoma,2.0
fludarabine-phosphate,"Carcinoma, Renal Cell",1.0
fludarabine-phosphate,Crohn Disease,2.0
fludarabine-phosphate,Fallopian Tube Neoplasms,2.0
fludarabine-phosphate,Fanconi Anemia,2.0
fludarabine-phosphate,Graft vs Host Disease,2.0
fludarabine-phosphate,"Granuloma, Lethal Midline",2.0
fludarabine-phosphate,Head and Neck Neoplasms,1.0
fludarabine-phosphate,Hematologic Neoplasms,2.0
fludarabine-phosphate,Hemoglobinuria,2.0
fludarabine-phosphate,Histiocytosis,2.0
fludarabine-phosphate,Hodgkin Disease,3.0
fludarabine-phosphate,Immunoblastic Lymphadenopathy,2.0
fludarabine-phosphate,Kidney Neoplasms,2.0
fludarabine-phosphate,Leukemia,3.0
fludarabine-phosphate,"Leukemia, Biphenotypic, Acute",1.0
fludarabine-phosphate,"Leukemia, Erythroblastic, Acute",3.0
fludarabine-phosphate,"Leukemia, Large Granular Lymphocytic",2.0
fludarabine-phosphate,"Leukemia, Lymphocytic, Chronic, B-Cell",4.0
fludarabine-phosphate,"Leukemia, Lymphoid",2.0
fludarabine-phosphate,"Leukemia, Megakaryoblastic, Acute",3.0
fludarabine-phosphate,"Leukemia, Monocytic, Acute",3.0
fludarabine-phosphate,"Leukemia, Myelogenous, Chronic, BCR-ABL Positive",3.0
fludarabine-phosphate,"Leukemia, Myeloid, Acute",3.0
fludarabine-phosphate,"Leukemia, Myelomonocytic, Acute",3.0
fludarabine-phosphate,"Leukemia, Myelomonocytic, Chronic",3.0
fludarabine-phosphate,"Leukemia, Myelomonocytic, Juvenile",2.0
fludarabine-phosphate,"Leukemia, Plasma Cell",1.0
fludarabine-phosphate,"Leukemia, Prolymphocytic",2.0
fludarabine-phosphate,"Leukemia, Prolymphocytic, B-Cell",2.0
fludarabine-phosphate,"Leukemia, Prolymphocytic, T-Cell",2.0
fludarabine-phosphate,"Leukemia-Lymphoma, Adult T-Cell",2.0
fludarabine-phosphate,Liver Neoplasms,1.0
fludarabine-phosphate,"Lupus Erythematosus, Systemic",2.0
fludarabine-phosphate,Lymphoma,3.0
fludarabine-phosphate,"Lymphoma, B-Cell, Marginal Zone",2.0
fludarabine-phosphate,"Lymphoma, Follicular",3.0
fludarabine-phosphate,"Lymphoma, Large B-Cell, Diffuse",3.0
fludarabine-phosphate,"Lymphoma, Large-Cell, Anaplastic",2.0
fludarabine-phosphate,"Lymphoma, Mantle-Cell",3.0
fludarabine-phosphate,"Lymphoma, Non-Hodgkin",2.0
fludarabine-phosphate,"Lymphoma, T-Cell, Peripheral",2.0
fludarabine-phosphate,Melanoma,2.0
fludarabine-phosphate,Multiple Myeloma,3.0
fludarabine-phosphate,Multiple Sclerosis,1.0
fludarabine-phosphate,Mycosis Fungoides,2.0
fludarabine-phosphate,Myelodysplastic Syndromes,3.0
fludarabine-phosphate,Myelodysplastic-Myeloproliferative Diseases,2.0
fludarabine-phosphate,Myeloproliferative Disorders,3.0
fludarabine-phosphate,Neoplasm Metastasis,1.0
fludarabine-phosphate,Neoplasms,4.0
fludarabine-phosphate,"Neoplasms, Plasma Cell",2.0
fludarabine-phosphate,Neuroblastoma,2.0
fludarabine-phosphate,Osteopetrosis,2.0
fludarabine-phosphate,Ovarian Neoplasms,2.0
fludarabine-phosphate,Peritoneal Neoplasms,2.0
fludarabine-phosphate,Polycythemia Vera,2.0
fludarabine-phosphate,Precursor Cell Lymphoblastic Leukemia-Lymphoma,3.0
fludarabine-phosphate,Primary Myelofibrosis,2.0
fludarabine-phosphate,Prostatic Neoplasms,1.0
fludarabine-phosphate,Sarcoma,2.0
fludarabine-phosphate,"Scleroderma, Systemic",2.0
fludarabine-phosphate,Severe Combined Immunodeficiency,2.0
fludarabine-phosphate,Sezary Syndrome,2.0
fludarabine-phosphate,Shwachman-Diamond Syndrome,2.0
fludarabine-phosphate,Skin Neoplasms,2.0
fludarabine-phosphate,Waldenstrom Macroglobulinemia,3.0
fludarabine-phosphate,Wiskott-Aldrich Syndrome,2.0
fludroxycortide,"Kidney Failure, Chronic",3.0
fludroxycortide,Skin Diseases,4.0
flumatinib,"Leukemia, Myelogenous, Chronic, BCR-ABL Positive",3.0
flumatinib,Precursor Cell Lymphoblastic Leukemia-Lymphoma,3.0
flumazenil,Alcoholism,2.0
flumazenil,Anxiety,1.0
flumazenil,Dental Anxiety,1.0
flumazenil,Disorders of Excessive Somnolence,1.0
flumazenil,Fragile X Syndrome,1.0
flumazenil,Idiopathic Hypersomnia,1.0
flumazenil,Narcolepsy,1.0
flumazenil,Obsessive-Compulsive Disorder,2.0
flumazenil,Parkinson Disease,1.0
flumazenil,Sleep Initiation and Maintenance Disorders,1.0
flumazenil,Substance-Related Disorders,2.0
fluocinolone-acetonide,"Dermatitis, Atopic",4.0
fluocinolone-acetonide,"Dermatitis, Seborrheic",4.0
fluocinolone-acetonide,Eye Diseases,4.0
fluocinolone-acetonide,Glaucoma,0.5
fluocinolone-acetonide,Hemorrhoids,4.0
fluocinolone-acetonide,Infections,4.0
fluocinolone-acetonide,Macular Degeneration,2.0
fluocinolone-acetonide,Macular Edema,4.0
fluocinolone-acetonide,Melanosis,4.0
fluocinolone-acetonide,Psoriasis,4.0
fluocinolone-acetonide,Retinal Diseases,2.0
fluocinolone-acetonide,Skin Diseases,4.0
fluocinolone-acetonide,Uveitis,4.0
fluocinolone-acetonide,"Uveitis, Anterior",3.0
fluocinolone-acetonide,"Uveitis, Intermediate",3.0
fluocinolone-acetonide,"Uveitis, Posterior",3.0
fluorometholone,Acne Vulgaris,4.0
fluorometholone,Corneal Opacity,2.0
fluorometholone,Dry Eye Syndromes,3.0
fluorometholone,Eye Diseases,4.0
fluorometholone,Hemorrhoids,4.0
fluorometholone,Inflammation,4.0
fluorouracil,Adenocarcinoma,4.0
fluorouracil,Anus Neoplasms,3.0
fluorouracil,Bile Duct Neoplasms,2.0
fluorouracil,Biliary Tract Neoplasms,3.0
fluorouracil,Breast Neoplasms,3.0
fluorouracil,Carcinoid Tumor,2.0
fluorouracil,Carcinoma,3.0
fluorouracil,"Carcinoma, Basal Cell",4.0
fluorouracil,"Carcinoma, Hepatocellular",3.0
fluorouracil,"Carcinoma, Islet Cell",2.0
fluorouracil,"Carcinoma, Merkel Cell",2.0
fluorouracil,"Carcinoma, Neuroendocrine",3.0
fluorouracil,"Carcinoma, Non-Small-Cell Lung",2.0
fluorouracil,"Carcinoma, Pancreatic Ductal",3.0
fluorouracil,"Carcinoma, Renal Cell",1.0
fluorouracil,"Carcinoma, Squamous Cell",3.0
fluorouracil,Chalazion,3.0
fluorouracil,Cholangiocarcinoma,3.0
fluorouracil,Colonic Neoplasms,3.0
fluorouracil,Colorectal Neoplasms,3.0
fluorouracil,"Colorectal Neoplasms, Hereditary Nonpolyposis",3.0
fluorouracil,Digestive System Diseases,2.0
fluorouracil,Digestive System Neoplasms,2.0
fluorouracil,Ependymoma,1.0
fluorouracil,Esophageal Neoplasms,3.0
fluorouracil,Fallopian Tube Neoplasms,1.0
fluorouracil,Gallbladder Neoplasms,2.0
fluorouracil,Gastrointestinal Stromal Tumors,1.0
fluorouracil,Glaucoma,3.0
fluorouracil,Glioma,1.0
fluorouracil,Head and Neck Neoplasms,3.0
fluorouracil,Hepatoblastoma,3.0
fluorouracil,Hypopharyngeal Neoplasms,3.0
fluorouracil,Inflammatory Breast Neoplasms,3.0
fluorouracil,Intestinal Neoplasms,3.0
fluorouracil,Keratosis,4.0
fluorouracil,"Keratosis, Actinic",4.0
fluorouracil,Kidney Neoplasms,3.0
fluorouracil,Klatskin Tumor,2.0
fluorouracil,Laryngeal Neoplasms,3.0
fluorouracil,Leukemia,1.0
fluorouracil,"Leukoplakia, Oral",1.0
fluorouracil,Liver Neoplasms,3.0
fluorouracil,Lymphoma,1.0
fluorouracil,"Lymphoma, AIDS-Related",2.0
fluorouracil,"Lymphoma, Non-Hodgkin",1.0
fluorouracil,Melanoma,1.0
fluorouracil,Mouth Neoplasms,3.0
fluorouracil,Multiple Myeloma,1.0
fluorouracil,Myelodysplastic Syndromes,1.0
fluorouracil,Myeloproliferative Disorders,1.0
fluorouracil,Nasopharyngeal Carcinoma,3.0
fluorouracil,Nasopharyngeal Neoplasms,3.0
fluorouracil,Neoplasm Metastasis,3.0
fluorouracil,Neoplasms,4.0
fluorouracil,"Neoplasms, Plasma Cell",1.0
fluorouracil,Neuroendocrine Tumors,3.0
fluorouracil,Ovarian Neoplasms,2.0
fluorouracil,Pancreatic Neoplasms,3.0
fluorouracil,Paranasal Sinus Neoplasms,3.0
fluorouracil,Peripheral Nervous System Diseases,2.0
fluorouracil,Peritoneal Neoplasms,2.0
fluorouracil,Pharyngeal Neoplasms,3.0
fluorouracil,"Pulmonary Disease, Chronic Obstructive",3.0
fluorouracil,Rectal Neoplasms,3.0
fluorouracil,Skin Neoplasms,2.0
fluorouracil,Squamous Cell Carcinoma of Head and Neck,2.0
fluorouracil,Squamous Intraepithelial Lesions,3.0
fluorouracil,Stomach Neoplasms,3.0
fluorouracil,Thrombosis,2.0
fluorouracil,Triple Negative Breast Neoplasms,1.0
fluorouracil,Urethral Neoplasms,2.0
fluorouracil,Urinary Bladder Neoplasms,3.0
fluorouracil,Uterine Cervical Dysplasia,3.0
fluorouracil,Uterine Cervical Neoplasms,3.0
fluorouracil,Uterine Neoplasms,2.0
fluorouracil,Vitiligo,2.0
fluorouracil,"Vitreoretinopathy, Proliferative",3.0
fluoxetine,Anxiety,3.0
fluoxetine,Autistic Disorder,3.0
fluoxetine,Bipolar Disorder,3.0
fluoxetine,Brain Neoplasms,0.5
fluoxetine,Cerebral Hemorrhage,3.0
fluoxetine,Cocaine-Related Disorders,2.0
fluoxetine,Cognitive Dysfunction,0.5
fluoxetine,Colorectal Neoplasms,1.0
fluoxetine,Dementia,3.0
fluoxetine,Depressive Disorder,3.0
fluoxetine,"Depressive Disorder, Major",3.0
fluoxetine,"Depressive Disorder, Treatment-Resistant",3.0
fluoxetine,"Diabetes Mellitus, Type 1",0.5
fluoxetine,Dysthymic Disorder,1.0
fluoxetine,Enuresis,3.0
fluoxetine,Epilepsy,2.0
fluoxetine,Fibromyalgia,3.0
fluoxetine,Gastroesophageal Reflux,2.0
fluoxetine,"Hypertension, Pulmonary",2.0
fluoxetine,"Influenza, Human",3.0
fluoxetine,Ischemic Stroke,2.0
fluoxetine,Marijuana Abuse,2.0
fluoxetine,"Multiple Sclerosis, Chronic Progressive",2.0
fluoxetine,Multiple System Atrophy,2.0
fluoxetine,Obesity,2.0
fluoxetine,Obsessive-Compulsive Disorder,3.0
fluoxetine,Panic Disorder,2.0
fluoxetine,"Phobia, Social",3.0
fluoxetine,Schizophrenia,3.0
fluoxetine,Sciatica,2.0
fluoxetine,Severe Acute Respiratory Syndrome,3.0
fluoxetine,"Stress Disorders, Post-Traumatic",3.0
fluoxetine,Stroke,3.0
fluoxetine,Tobacco Use Disorder,3.0
fluoxetine,Wounds and Injuries,0.5
fluphenazine,Psychotic Disorders,4.0
fluphenazine,Schizophrenia,3.0
fluspirilene,Anxiety,3.0
fluspirilene,Dementia,3.0
fluspirilene,Depressive Disorder,3.0
fluspirilene,Psychotic Disorders,4.0
fluspirilene,Schizophrenia,3.0
flutamide,Carcinoma,4.0
flutamide,Neoplasms,4.0
flutamide,Ovarian Neoplasms,2.0
flutamide,Polycystic Ovary Syndrome,2.0
flutamide,Prostatic Neoplasms,4.0
flutamide,"Prostatic Neoplasms, Castration-Resistant",3.0
fluticasone-propionate,Adenomatous Polyposis Coli,2.0
fluticasone-propionate,Asthma,4.0
fluticasone-propionate,Blepharitis,2.0
fluticasone-propionate,Bronchiolitis,2.0
fluticasone-propionate,Bronchiolitis Obliterans,3.0
fluticasone-propionate,"Bronchitis, Chronic",4.0
fluticasone-propionate,"Carcinoma, Bronchogenic",2.0
fluticasone-propionate,Chronic Disease,3.0
fluticasone-propionate,"Dermatitis, Atopic",4.0
fluticasone-propionate,Emphysema,4.0
fluticasone-propionate,Eosinophilic Esophagitis,3.0
fluticasone-propionate,"Lung Diseases, Obstructive",4.0
fluticasone-propionate,Nasal Obstruction,4.0
fluticasone-propionate,Nasal Polyps,4.0
fluticasone-propionate,"Pulmonary Disease, Chronic Obstructive",4.0
fluticasone-propionate,Respiratory Sounds,3.0
fluticasone-propionate,Rhinitis,2.0
fluticasone-propionate,"Rhinitis, Allergic, Perennial",3.0
fluticasone-propionate,"Rhinitis, Allergic, Seasonal",4.0
fluticasone-propionate,Severe Acute Respiratory Syndrome,2.0
fluticasone-propionate,Sinusitis,3.0
fluticasone-propionate,Skin Diseases,4.0
fluvoxamine,Anxiety,3.0
fluvoxamine,Anxiety Disorders,3.0
fluvoxamine,"Anxiety, Separation",3.0
fluvoxamine,Autistic Disorder,3.0
fluvoxamine,Dementia,3.0
fluvoxamine,Depressive Disorder,4.0
fluvoxamine,Neoplasms,1.0
fluvoxamine,Obsessive-Compulsive Disorder,3.0
fluvoxamine,Panic Disorder,2.0
fluvoxamine,"Phobia, Social",3.0
fluvoxamine,Post-Acute COVID-19 Syndrome,2.0
fluvoxamine,Schizophrenia,3.0
fluvoxamine,Severe Acute Respiratory Syndrome,3.0
folic-acid,"Abortion, Habitual",2.0
folic-acid,Acne Vulgaris,4.0
folic-acid,Alzheimer Disease,3.0
folic-acid,Anemia,4.0
folic-acid,"Anemia, Iron-Deficiency",4.0
folic-acid,"Anemia, Sickle Cell",2.0
folic-acid,"Arthritis, Rheumatoid",3.0
folic-acid,Atherosclerosis,2.0
folic-acid,Autistic Disorder,2.0
folic-acid,Breast Neoplasms,2.0
folic-acid,"Carcinoma, Non-Small-Cell Lung",3.0
folic-acid,Cleft Lip,3.0
folic-acid,Cleft Palate,3.0
folic-acid,Colorectal Neoplasms,3.0
folic-acid,Coronary Disease,2.0
folic-acid,Depressive Disorder,4.0
folic-acid,"Diabetes Mellitus, Type 1",3.0
folic-acid,"Diabetes Mellitus, Type 2",4.0
folic-acid,Diabetic Nephropathies,2.0
folic-acid,Epilepsy,3.0
folic-acid,Esophageal Neoplasms,2.0
folic-acid,Fallopian Tube Neoplasms,1.0
folic-acid,Folic Acid Deficiency,4.0
folic-acid,Gingival Overgrowth,3.0
folic-acid,HIV Infections,2.0
folic-acid,Head and Neck Neoplasms,2.0
folic-acid,Heart Diseases,3.0
folic-acid,Heart Failure,2.0
folic-acid,Heavy Metal Poisoning,2.0
folic-acid,Hemorrhage,3.0
folic-acid,Hypertension,3.0
folic-acid,Infertility,2.0
folic-acid,"Infertility, Male",3.0
folic-acid,"Kidney Failure, Chronic",4.0
folic-acid,Lung Neoplasms,2.0
folic-acid,"Lupus Erythematosus, Systemic",3.0
folic-acid,Lymphoma,2.0
folic-acid,"Lymphoma, Large-Cell, Anaplastic",1.0
folic-acid,"Lymphoma, T-Cell, Cutaneous",1.0
folic-acid,"Lymphoma, T-Cell, Peripheral",2.0
folic-acid,Malaria,3.0
folic-acid,Meningeal Carcinomatosis,1.0
folic-acid,Mesothelioma,2.0
folic-acid,Mucositis,2.0
folic-acid,Mycosis Fungoides,1.0
folic-acid,Myocardial Infarction,2.0
folic-acid,Myocardial Ischemia,2.0
folic-acid,Neoplasms,1.0
folic-acid,Neural Tube Defects,3.0
folic-acid,Oral Ulcer,0.5
folic-acid,Osteoporosis,4.0
folic-acid,Ovarian Neoplasms,1.0
folic-acid,Parkinson Disease,2.0
folic-acid,Peritoneal Neoplasms,1.0
folic-acid,Polycystic Ovary Syndrome,1.0
folic-acid,Premature Ejaculation,3.0
folic-acid,"Prostatic Neoplasms, Castration-Resistant",2.0
folic-acid,Psychotic Disorders,2.0
folic-acid,Pulmonary Alveolar Proteinosis,1.0
folic-acid,Rectal Neoplasms,2.0
folic-acid,"Renal Insufficiency, Chronic",3.0
folic-acid,Severe Acute Respiratory Syndrome,3.0
folic-acid,Sezary Syndrome,1.0
folic-acid,Tuberculosis,3.0
folic-acid,Uterine Cervical Neoplasms,2.0
folic-acid,Uveitis,2.0
fomepizole,Macular Degeneration,1.0
foretinib,Breast Neoplasms,2.0
foretinib,"Carcinoma, Hepatocellular",1.0
foretinib,"Carcinoma, Renal Cell",2.0
foretinib,Head and Neck Neoplasms,2.0
foretinib,Lung Neoplasms,1.0
foretinib,Neoplasms,2.0
formestane,Neoplasms,4.0
formoterol,Alzheimer Disease,2.0
formoterol,Asthma,3.0
formoterol,Bronchiectasis,3.0
formoterol,Bronchiolitis Obliterans,2.0
formoterol,Bronchitis,3.0
formoterol,Emphysema,3.0
formoterol,Hypersensitivity,2.0
formoterol,"Lung Diseases, Obstructive",4.0
formoterol,"Pulmonary Disease, Chronic Obstructive",3.0
formoterol,Respiratory Distress Syndrome,2.0
formoterol,Severe Acute Respiratory Syndrome,2.0
fosfomycin,Appendicitis,2.0
fosfomycin,Bacterial Infections,4.0
fosfomycin,Gonorrhea,3.0
fosfomycin,Infections,0.5
fosfomycin,Neonatal Sepsis,2.0
fosfomycin,Neoplasms,2.0
fosfomycin,Osteomyelitis,0.5
fosfomycin,"Pneumonia, Bacterial",2.0
fosfomycin,Pouchitis,1.0
fosfomycin,Precursor Cell Lymphoblastic Leukemia-Lymphoma,1.0
fosfomycin,Pseudomonas Infections,1.0
fosfomycin,Staphylococcal Infections,3.0
fosfomycin,Urinary Tract Infections,3.0
fosinopril,Cardiovascular Diseases,4.0
fosinopril,Diabetic Nephropathies,2.0
fosinopril,Heart Diseases,2.0
fosinopril,Hypertension,2.0
fostamatinib,"Anemia, Hemolytic, Autoimmune",2.0
fostamatinib,"Arthritis, Rheumatoid",3.0
fostamatinib,Bronchiolitis Obliterans Syndrome,1.0
fostamatinib,"Glomerulonephritis, IGA",2.0
fostamatinib,Hematologic Neoplasms,1.0
fostamatinib,Hemorrhage,4.0
fostamatinib,Hidradenitis Suppurativa,2.0
fostamatinib,Lymphoma,1.0
fostamatinib,"Lymphoma, Large B-Cell, Diffuse",2.0
fostamatinib,Ovarian Neoplasms,1.0
fostamatinib,Pneumonia,1.0
fostamatinib,Primary Myelofibrosis,2.0
fostamatinib,"Purpura, Thrombocytopenic, Idiopathic",3.0
fostamatinib,Severe Acute Respiratory Syndrome,2.0
ftorafur,Adenocarcinoma,3.0
ftorafur,Biliary Tract Neoplasms,3.0
ftorafur,Breast Neoplasms,3.0
ftorafur,"Carcinoma, Hepatocellular",2.0
ftorafur,"Carcinoma, Neuroendocrine",2.0
ftorafur,"Carcinoma, Non-Small-Cell Lung",2.0
ftorafur,"Carcinoma, Pancreatic Ductal",2.0
ftorafur,"Carcinoma, Squamous Cell",2.0
ftorafur,Cholangiocarcinoma,3.0
ftorafur,Colorectal Neoplasms,3.0
ftorafur,Esophageal Neoplasms,3.0
ftorafur,Gallbladder Neoplasms,2.0
ftorafur,Head and Neck Neoplasms,3.0
ftorafur,Kidney Diseases,1.0
ftorafur,Liver Diseases,1.0
ftorafur,Liver Neoplasms,2.0
ftorafur,Nasopharyngeal Carcinoma,2.0
ftorafur,Neoplasms,4.0
ftorafur,Neuroendocrine Tumors,2.0
ftorafur,Pancreatic Neoplasms,3.0
ftorafur,Rectal Neoplasms,3.0
ftorafur,Small Cell Lung Carcinoma,2.0
ftorafur,Squamous Cell Carcinoma of Head and Neck,2.0
ftorafur,Stomach Neoplasms,3.0
ftorafur,Urinary Bladder Neoplasms,3.0
ftorafur,Uterine Cervical Neoplasms,1.0
fulvestrant,Breast Neoplasms,4.0
fulvestrant,Carcinoma,2.0
fulvestrant,"Carcinoma, Ductal",1.0
fulvestrant,"Carcinoma, Intraductal, Noninfiltrating",2.0
fulvestrant,"Carcinoma, Lobular",3.0
fulvestrant,"Carcinoma, Non-Small-Cell Lung",2.0
fulvestrant,"Carcinoma, Squamous Cell",1.0
fulvestrant,Colorectal Neoplasms,1.0
fulvestrant,Endometrial Neoplasms,2.0
fulvestrant,"Fibrous Dysplasia, Polyostotic",2.0
fulvestrant,"Genital Neoplasms, Female",2.0
fulvestrant,Hereditary Breast and Ovarian Cancer Syndrome,1.0
fulvestrant,"Hypertension, Pulmonary",2.0
fulvestrant,Lung Neoplasms,2.0
fulvestrant,"Lupus Erythematosus, Systemic",2.0
fulvestrant,Lymphoma,1.0
fulvestrant,"Lymphoma, Non-Hodgkin",1.0
fulvestrant,Mesothelioma,1.0
fulvestrant,Neoplasm Metastasis,3.0
fulvestrant,Neoplasms,4.0
fulvestrant,Ovarian Neoplasms,2.0
fulvestrant,Pancreatic Neoplasms,1.0
fulvestrant,Prostatic Neoplasms,2.0
fulvestrant,"Prostatic Neoplasms, Castration-Resistant",2.0
fulvestrant,"Puberty, Precocious",2.0
fulvestrant,"Sarcoma, Endometrial Stromal",2.0
fulvestrant,Small Cell Lung Carcinoma,1.0
fulvestrant,Urinary Bladder Neoplasms,1.0
furosemide,Acute Kidney Injury,2.0
furosemide,Acute Lung Injury,2.0
furosemide,"Anemia, Sickle Cell",1.0
furosemide,Atherosclerosis,3.0
furosemide,Bronchiolitis,3.0
furosemide,Bronchopulmonary Dysplasia,2.0
furosemide,Cardiovascular Diseases,4.0
furosemide,Coronary Disease,3.0
furosemide,Diabetes Mellitus,1.0
furosemide,"Diabetes Mellitus, Type 2",3.0
furosemide,Dyspnea,2.0
furosemide,Edema,1.0
furosemide,Essential Hypertension,3.0
furosemide,Fibrosis,4.0
furosemide,Heart Failure,4.0
furosemide,Hypercholesterolemia,3.0
furosemide,Hypertension,4.0
furosemide,"Hypertension, Pregnancy-Induced",2.0
furosemide,"Keratosis, Actinic",2.0
furosemide,Kidney Calculi,3.0
furosemide,Kidney Diseases,3.0
furosemide,Leukemia,1.0
furosemide,"Leukemia, Myeloid, Acute",1.0
furosemide,Liver Cirrhosis,4.0
furosemide,Lung Diseases,3.0
furosemide,Melanoma,1.0
furosemide,Myocardial Infarction,3.0
furosemide,Nasal Polyps,2.0
furosemide,Neoplasms,2.0
furosemide,Nephrotic Syndrome,4.0
furosemide,Non-alcoholic Fatty Liver Disease,2.0
furosemide,Pre-Eclampsia,3.0
furosemide,Premature Birth,0.5
furosemide,Prostatic Neoplasms,2.0
furosemide,"Pulmonary Disease, Chronic Obstructive",3.0
furosemide,Pulmonary Edema,4.0
furosemide,Pulmonary Embolism,3.0
furosemide,Renal Insufficiency,3.0
furosemide,"Renal Insufficiency, Chronic",2.0
furosemide,Schizophrenia,1.0
furosemide,Syndrome,4.0
furosemide,Tachypnea,3.0
furosemide,Warts,3.0
fusidic-acid,Bacterial Infections,4.0
fusidic-acid,"Carcinoma, Non-Small-Cell Lung",3.0
fusidic-acid,Eye Infections,4.0
fusidic-acid,Infections,2.0
fusidic-acid,Keloid,3.0
fusidic-acid,Skin Diseases,2.0
gabapentin,"Abortion, Spontaneous",2.0
gabapentin,Alcohol Drinking,3.0
gabapentin,Alcoholism,3.0
gabapentin,Alopecia,0.5
gabapentin,"Anemia, Sickle Cell",2.0
gabapentin,Anxiety,3.0
gabapentin,Azoospermia,3.0
gabapentin,Brain Injuries,3.0
gabapentin,Breast Neoplasms,2.0
gabapentin,Carpal Tunnel Syndrome,3.0
gabapentin,"Child Development Disorders, Pervasive",0.5
gabapentin,Chronic Pain,3.0
gabapentin,"Cystitis, Interstitial",3.0
gabapentin,Delirium,3.0
gabapentin,Dementia,3.0
gabapentin,Depressive Disorder,3.0
gabapentin,Diabetic Neuropathies,3.0
gabapentin,Dyspepsia,3.0
gabapentin,"Epilepsies, Partial",3.0
gabapentin,Epilepsy,4.0
gabapentin,Fibromyalgia,3.0
gabapentin,Glioblastoma,1.0
gabapentin,HIV Infections,2.0
gabapentin,Head and Neck Neoplasms,3.0
gabapentin,Herpes Zoster,3.0
gabapentin,Hot Flashes,3.0
gabapentin,Hyperemesis Gravidarum,2.0
gabapentin,Intervertebral Disc Degeneration,3.0
gabapentin,Intervertebral Disc Displacement,2.0
gabapentin,Liver Cirrhosis,3.0
gabapentin,Low Back Pain,2.0
gabapentin,Lung Diseases,3.0
gabapentin,Marijuana Abuse,2.0
gabapentin,Mucositis,2.0
gabapentin,Multiple Sclerosis,2.0
gabapentin,Neoplasms,2.0
gabapentin,Neuralgia,3.0
gabapentin,"Neuralgia, Postherpetic",4.0
gabapentin,Opioid-Related Disorders,3.0
gabapentin,Oropharyngeal Neoplasms,3.0
gabapentin,"Paget Disease, Extramammary",2.0
gabapentin,Pain,3.0
gabapentin,Pelvic Organ Prolapse,3.0
gabapentin,Peripheral Nervous System Diseases,2.0
gabapentin,Postoperative Complications,2.0
gabapentin,Postoperative Nausea and Vomiting,3.0
gabapentin,Premature Birth,1.0
gabapentin,"Prostatic Neoplasms, Castration-Resistant",2.0
gabapentin,Pruritus,3.0
gabapentin,Psychotic Disorders,1.0
gabapentin,Restless Legs Syndrome,4.0
gabapentin,Rotator Cuff Injuries,2.0
gabapentin,Schizophrenia,3.0
gabapentin,Scoliosis,3.0
gabapentin,Seizures,4.0
gabapentin,Sleep Initiation and Maintenance Disorders,3.0
gabapentin,Sleep Wake Disorders,2.0
gabapentin,Substance Withdrawal Syndrome,2.0
gabapentin,Substance-Related Disorders,2.0
gabapentin,Tinnitus,2.0
gabapentin,Tobacco Use Disorder,2.0
gabapentin,Tremor,3.0
gabapentin,Urinary Bladder Neoplasms,2.0
gabapentin,Vomiting,3.0
gabapentin,Wounds and Injuries,2.0
gaboxadol,Angelman Syndrome,3.0
gaboxadol,"Depressive Disorder, Major",2.0
gaboxadol,Fragile X Syndrome,2.0
gaboxadol,Sleep Initiation and Maintenance Disorders,3.0
galeterone,Pancreatic Neoplasms,2.0
galeterone,"Prostatic Neoplasms, Castration-Resistant",3.0
gallopamil,Asthma,2.0
gallopamil,Cardiovascular Diseases,2.0
ganaxolone,"Epilepsies, Partial",2.0
ganaxolone,Epilepsy,4.0
ganaxolone,"Epilepsy, Complex Partial",2.0
ganaxolone,Epileptic Syndromes,4.0
ganaxolone,Fragile X Syndrome,2.0
ganaxolone,Seizures,4.0
ganaxolone,Smoking Cessation,2.0
ganaxolone,"Spasms, Infantile",4.0
ganaxolone,Status Epilepticus,3.0
ganaxolone,"Stress Disorders, Post-Traumatic",2.0
ganaxolone,Tuberous Sclerosis,3.0
ganciclovir,"Carcinoma, Hepatocellular",2.0
ganciclovir,Central Nervous System Neoplasms,1.0
ganciclovir,Conjunctivitis,3.0
ganciclovir,Cytomegalovirus Infections,3.0
ganciclovir,Cytomegalovirus Retinitis,4.0
ganciclovir,"Diabetes Mellitus, Type 1",2.0
ganciclovir,Eye Infections,4.0
ganciclovir,Fallopian Tube Neoplasms,2.0
ganciclovir,Glioblastoma,2.0
ganciclovir,Graft vs Host Disease,2.0
ganciclovir,HIV Infections,4.0
ganciclovir,Infections,3.0
ganciclovir,Kidney Diseases,1.0
ganciclovir,Lymphoma,2.0
ganciclovir,Melanoma,1.0
ganciclovir,Mesothelioma,1.0
ganciclovir,Neuroblastoma,1.0
ganciclovir,Ovarian Neoplasms,2.0
ganciclovir,Peritoneal Neoplasms,2.0
ganciclovir,Virus Diseases,4.0
ganetespib,Adenocarcinoma,1.0
ganetespib,Adenocarcinoma of Lung,3.0
ganetespib,Breast Neoplasms,2.0
ganetespib,"Breast Neoplasms, Male",1.0
ganetespib,"Carcinoma, Hepatocellular",1.0
ganetespib,"Carcinoma, Non-Small-Cell Lung",3.0
ganetespib,Colonic Neoplasms,2.0
ganetespib,Esophageal Neoplasms,1.0
ganetespib,Fallopian Tube Neoplasms,1.0
ganetespib,Gastrointestinal Stromal Tumors,2.0
ganetespib,Hemangiosarcoma,2.0
ganetespib,"Leukemia, Myeloid, Acute",1.0
ganetespib,Lung Neoplasms,1.0
ganetespib,Melanoma,2.0
ganetespib,Mesothelioma,1.0
ganetespib,Multiple Myeloma,1.0
ganetespib,Myelodysplastic Syndromes,1.0
ganetespib,Neoplasms,1.0
ganetespib,Neurilemmoma,1.0
ganetespib,Ovarian Neoplasms,1.0
ganetespib,Pancreatic Neoplasms,2.0
ganetespib,Prostatic Neoplasms,2.0
ganetespib,Rectal Neoplasms,2.0
ganetespib,Small Cell Lung Carcinoma,2.0
ganetespib,Stomach Neoplasms,2.0
gatifloxacin,Bacterial Infections,4.0
gatifloxacin,Cataract,1.0
gatifloxacin,"Conjunctivitis, Bacterial",4.0
gatifloxacin,Corneal Ulcer,2.0
gatifloxacin,Eye Infections,4.0
gatifloxacin,Infections,4.0
gatifloxacin,Osteomyelitis,0.5
gatifloxacin,Tuberculosis,3.0
gefitinib,Adenocarcinoma of Lung,3.0
gefitinib,"Adenocarcinoma, Bronchiolo-Alveolar",3.0
gefitinib,Bile Duct Neoplasms,2.0
gefitinib,Breast Neoplasms,3.0
gefitinib,"Breast Neoplasms, Male",2.0
gefitinib,Carcinoma,1.0
gefitinib,"Carcinoma, Non-Small-Cell Lung",4.0
gefitinib,"Carcinoma, Renal Cell",1.0
gefitinib,"Carcinoma, Squamous Cell",3.0
gefitinib,Central Nervous System Neoplasms,2.0
gefitinib,Colorectal Neoplasms,2.0
gefitinib,Esophageal Neoplasms,2.0
gefitinib,Fallopian Tube Neoplasms,2.0
gefitinib,Gallbladder Neoplasms,2.0
gefitinib,Glioblastoma,2.0
gefitinib,Gliosarcoma,2.0
gefitinib,Head and Neck Neoplasms,3.0
gefitinib,Kidney Neoplasms,2.0
gefitinib,"Leukemia, Myeloid, Acute",2.0
gefitinib,Liver Neoplasms,2.0
gefitinib,Lung Neoplasms,3.0
gefitinib,Mesothelioma,2.0
gefitinib,Nasopharyngeal Carcinoma,1.0
gefitinib,Neoplasms,4.0
gefitinib,"Neoplasms, Germ Cell and Embryonal",2.0
gefitinib,Neuroblastoma,2.0
gefitinib,Ovarian Neoplasms,2.0
gefitinib,Pancreatic Neoplasms,1.0
gefitinib,Peritoneal Neoplasms,2.0
gefitinib,Prostatic Neoplasms,1.0
gefitinib,"Prostatic Neoplasms, Castration-Resistant",2.0
gefitinib,Salivary Gland Neoplasms,2.0
gefitinib,Sarcoma,2.0
gefitinib,Skin Neoplasms,2.0
gefitinib,Small Cell Lung Carcinoma,2.0
gefitinib,Stomach Neoplasms,2.0
gefitinib,Urethral Neoplasms,2.0
gefitinib,Urinary Bladder Neoplasms,3.0
gefitinib,Uterine Cervical Neoplasms,2.0
gefitinib,Uterine Neoplasms,2.0
geldanamycin,Hodgkin Disease,2.0
geldanamycin,Kidney Neoplasms,2.0
geldanamycin,von Hippel-Lindau Disease,2.0
gemcitabine,Adenocarcinoma,2.0
gemcitabine,Adenocarcinoma of Lung,2.0
gemcitabine,Anxiety,2.0
gemcitabine,Bile Duct Neoplasms,2.0
gemcitabine,Biliary Tract Diseases,2.0
gemcitabine,Biliary Tract Neoplasms,3.0
gemcitabine,Bone Neoplasms,2.0
gemcitabine,Brain Neoplasms,1.0
gemcitabine,Breast Neoplasms,3.0
gemcitabine,Carcinoma,3.0
gemcitabine,"Carcinoma, Hepatocellular",3.0
gemcitabine,"Carcinoma, Large Cell",2.0
gemcitabine,"Carcinoma, Non-Small-Cell Lung",3.0
gemcitabine,"Carcinoma, Ovarian Epithelial",2.0
gemcitabine,"Carcinoma, Pancreatic Ductal",3.0
gemcitabine,"Carcinoma, Renal Cell",2.0
gemcitabine,"Carcinoma, Squamous Cell",3.0
gemcitabine,Cholangiocarcinoma,3.0
gemcitabine,Colonic Neoplasms,2.0
gemcitabine,Colorectal Neoplasms,2.0
gemcitabine,Diffuse Intrinsic Pontine Glioma,0.5
gemcitabine,Digestive System Diseases,2.0
gemcitabine,Endometrial Neoplasms,2.0
gemcitabine,Esophageal Neoplasms,2.0
gemcitabine,"Esthesioneuroblastoma, Olfactory",2.0
gemcitabine,Fallopian Tube Neoplasms,3.0
gemcitabine,Gallbladder Neoplasms,3.0
gemcitabine,Gastrointestinal Stromal Tumors,2.0
gemcitabine,"Genital Neoplasms, Female",3.0
gemcitabine,Glioma,2.0
gemcitabine,"Granuloma, Lethal Midline",3.0
gemcitabine,Head and Neck Neoplasms,2.0
gemcitabine,Hepatoblastoma,3.0
gemcitabine,Hernia,3.0
gemcitabine,"Hernia, Ventral",3.0
gemcitabine,Hodgkin Disease,3.0
gemcitabine,Immunoblastic Lymphadenopathy,3.0
gemcitabine,Kidney Neoplasms,2.0
gemcitabine,Leiomyosarcoma,2.0
gemcitabine,Leukemia,1.0
gemcitabine,"Leukemia, Myeloid, Acute",1.0
gemcitabine,"Leukemia-Lymphoma, Adult T-Cell",2.0
gemcitabine,Liver Neoplasms,2.0
gemcitabine,Lung Neoplasms,3.0
gemcitabine,Lymphoma,3.0
gemcitabine,"Lymphoma, Follicular",3.0
gemcitabine,"Lymphoma, Large B-Cell, Diffuse",3.0
gemcitabine,"Lymphoma, Large-Cell, Anaplastic",2.0
gemcitabine,"Lymphoma, Mantle-Cell",2.0
gemcitabine,"Lymphoma, Non-Hodgkin",3.0
gemcitabine,"Lymphoma, T-Cell",2.0
gemcitabine,"Lymphoma, T-Cell, Cutaneous",1.0
gemcitabine,"Lymphoma, T-Cell, Peripheral",3.0
gemcitabine,Medulloblastoma,2.0
gemcitabine,Melanoma,2.0
gemcitabine,Mesothelioma,3.0
gemcitabine,Multiple Myeloma,2.0
gemcitabine,Nasopharyngeal Carcinoma,3.0
gemcitabine,Nasopharyngeal Neoplasms,3.0
gemcitabine,Neoplasm Metastasis,3.0
gemcitabine,Neoplasms,4.0
gemcitabine,"Neoplasms, Germ Cell and Embryonal",2.0
gemcitabine,Osteosarcoma,2.0
gemcitabine,Ovarian Neoplasms,3.0
gemcitabine,Pancreatic Neoplasms,3.0
gemcitabine,Peritoneal Neoplasms,3.0
gemcitabine,Precursor Cell Lymphoblastic Leukemia-Lymphoma,2.0
gemcitabine,"Prostatic Neoplasms, Castration-Resistant",2.0
gemcitabine,Rectal Neoplasms,2.0
gemcitabine,Sarcoma,3.0
gemcitabine,"Sarcoma, Ewing",2.0
gemcitabine,"Sarcoma, Synovial",1.0
gemcitabine,Small Cell Lung Carcinoma,2.0
gemcitabine,Stomach Neoplasms,1.0
gemcitabine,Testicular Neoplasms,2.0
gemcitabine,Thyroid Neoplasms,2.0
gemcitabine,Triple Negative Breast Neoplasms,3.0
gemcitabine,Urethral Neoplasms,2.0
gemcitabine,Urinary Bladder Neoplasms,3.0
gemcitabine,Urogenital Neoplasms,3.0
gemcitabine,Uterine Cervical Neoplasms,3.0
gemfibrozil,Abdominal Pain,4.0
gemfibrozil,Alcoholism,2.0
gemfibrozil,Alzheimer Disease,0.5
gemfibrozil,Anemia,1.0
gemfibrozil,Cardiovascular Diseases,4.0
gemfibrozil,Coronary Disease,4.0
gemfibrozil,"Diabetes Mellitus, Type 2",1.0
gemfibrozil,HIV Infections,1.0
gemfibrozil,Hypertriglyceridemia,1.0
gemfibrozil,Multiple Sclerosis,1.0
gemfibrozil,Myocardial Ischemia,2.0
gemfibrozil,Neoplasms,1.0
gemfibrozil,Parkinson Disease,2.0
gemfibrozil,Smoking Cessation,2.0
gemfibrozil,Tobacco Use Disorder,2.0
gemifloxacin,Bacterial Infections,4.0
gemifloxacin,Helicobacter Infections,3.0
gemifloxacin,Hypoglycemia,1.0
gemifloxacin,Peritonitis,3.0
gemifloxacin,Rhinoscleroma,0.5
genistein,Breast Neoplasms,2.0
genistein,"Carcinoma, Non-Small-Cell Lung",1.0
genistein,Colonic Neoplasms,1.0
genistein,Colorectal Neoplasms,1.0
genistein,Coronary Disease,2.0
genistein,Cystic Fibrosis,1.0
genistein,Metabolic Syndrome,2.0
genistein,Neoplasms,1.0
genistein,Osteoporosis,2.0
genistein,Pancreatic Neoplasms,2.0
genistein,Post-Acute COVID-19 Syndrome,2.0
genistein,Prostatic Neoplasms,2.0
genistein,"Prostatic Neoplasms, Castration-Resistant",2.0
genistein,Pulmonary Fibrosis,2.0
genistein,Rectal Neoplasms,1.0
genistein,Severe Acute Respiratory Syndrome,2.0
genistein,Urinary Bladder Neoplasms,2.0
genz-644282,Neoplasms,1.0
gimeracil,Adenocarcinoma,3.0
gimeracil,Biliary Tract Neoplasms,3.0
gimeracil,Breast Neoplasms,2.0
gimeracil,"Carcinoma, Hepatocellular",2.0
gimeracil,"Carcinoma, Neuroendocrine",2.0
gimeracil,"Carcinoma, Non-Small-Cell Lung",2.0
gimeracil,"Carcinoma, Pancreatic Ductal",2.0
gimeracil,"Carcinoma, Squamous Cell",2.0
gimeracil,Cholangiocarcinoma,3.0
gimeracil,Colorectal Neoplasms,3.0
gimeracil,Esophageal Neoplasms,3.0
gimeracil,Head and Neck Neoplasms,3.0
gimeracil,Kidney Diseases,1.0
gimeracil,Liver Diseases,1.0
gimeracil,Nasopharyngeal Carcinoma,2.0
gimeracil,Neoplasms,2.0
gimeracil,Pancreatic Neoplasms,3.0
gimeracil,Rectal Neoplasms,2.0
gimeracil,Small Cell Lung Carcinoma,2.0
gimeracil,Stomach Neoplasms,3.0
gimeracil,Uterine Cervical Neoplasms,1.0
glafenine,Fever,4.0
glafenine,Pain,4.0
glasdegib,Bronchiolitis Obliterans Syndrome,1.0
glasdegib,Glioblastoma,1.0
glasdegib,"Leukemia, Myeloid, Acute",3.0
glasdegib,Myelodysplastic Syndromes,1.0
glasdegib,Neoplasms,4.0
glasdegib,Sarcoma,3.0
glibenclamide,"Angina, Stable",1.0
glibenclamide,Brain Injuries,2.0
glibenclamide,Diabetes Mellitus,4.0
glibenclamide,"Diabetes Mellitus, Type 1",2.0
glibenclamide,"Diabetes Mellitus, Type 2",4.0
glibenclamide,"Diabetes, Gestational",3.0
glibenclamide,Ischemic Stroke,1.0
glibenclamide,Spinal Cord Injuries,1.0
glibenclamide,Stroke,2.0
gliclazide,Diabetes Mellitus,4.0
gliclazide,"Diabetes Mellitus, Type 2",3.0
gliclazide,Epilepsy,1.0
glimepiride,Atherosclerosis,3.0
glimepiride,Coronary Disease,3.0
glimepiride,Diabetes Mellitus,4.0
glimepiride,"Diabetes Mellitus, Type 2",4.0
glimepiride,Hypercholesterolemia,3.0
glimepiride,Hypertension,3.0
glipizide,Atherosclerosis,3.0
glipizide,Diabetes Mellitus,4.0
glipizide,"Diabetes Mellitus, Type 2",4.0
glipizide,Pancreatic Neoplasms,2.0
glipizide,"Renal Insufficiency, Chronic",3.0
gliquidone,Diabetes Mellitus,4.0
glycopyrrolate,Asthma,3.0
glycopyrrolate,"Bronchitis, Chronic",4.0
glycopyrrolate,Burns,3.0
glycopyrrolate,Depressive Disorder,1.0
glycopyrrolate,Digestive System Diseases,4.0
glycopyrrolate,Headache,2.0
glycopyrrolate,Hyperhidrosis,2.0
glycopyrrolate,Kidney Diseases,1.0
glycopyrrolate,"Lung Diseases, Obstructive",4.0
glycopyrrolate,Postoperative Nausea and Vomiting,1.0
glycopyrrolate,"Pulmonary Disease, Chronic Obstructive",4.0
glycopyrrolate,Sialorrhea,4.0
golvatinib,"Carcinoma, Squamous Cell",1.0
golvatinib,Neoplasms,1.0
golvatinib,Stomach Neoplasms,1.0
goserelin-acetate,Breast Neoplasms,4.0
goserelin-acetate,"Breast Neoplasms, Male",1.0
goserelin-acetate,Carcinoma,4.0
goserelin-acetate,Fallopian Tube Neoplasms,2.0
goserelin-acetate,Infertility,3.0
goserelin-acetate,Menopause,3.0
goserelin-acetate,Metabolic Syndrome,1.0
goserelin-acetate,Ovarian Neoplasms,2.0
goserelin-acetate,Peritoneal Neoplasms,2.0
goserelin-acetate,Prostatic Neoplasms,3.0
goserelin-acetate,"Prostatic Neoplasms, Castration-Resistant",3.0
goserelin-acetate,Salivary Gland Neoplasms,2.0
granisetron,"Carcinoma, Hepatocellular",3.0
granisetron,Gastroparesis,2.0
granisetron,Glioma,2.0
granisetron,"Leukemia, Mast-Cell",2.0
granisetron,Lymphoma,2.0
granisetron,Nausea,4.0
granisetron,Neoplasms,4.0
granisetron,Pain,3.0
granisetron,Postoperative Nausea and Vomiting,4.0
granisetron,Pruritus,2.0
granisetron,Uterine Cervical Neoplasms,3.0
granisetron,Vomiting,4.0
grazoprevir,Virus Diseases,3.0
griseofulvin,Candidiasis,4.0
griseofulvin,Infections,4.0
griseofulvin,Tinea,4.0
griseofulvin,Tinea Capitis,4.0
griseofulvin,Tinea Pedis,4.0
guanethidine,Glaucoma,4.0
guanethidine,Hypertension,4.0
halcinonide,Skin Diseases,4.0
halofantrine,Malaria,4.0
haloperidol,Aggression,2.0
haloperidol,Alzheimer Disease,3.0
haloperidol,Amphetamine-Related Disorders,2.0
haloperidol,Anxiety,3.0
haloperidol,Bipolar Disorder,3.0
haloperidol,Conduct Disorder,4.0
haloperidol,Delirium,3.0
haloperidol,Dementia,3.0
haloperidol,Depressive Disorder,3.0
haloperidol,Emergence Delirium,3.0
haloperidol,Huntington Disease,1.0
haloperidol,Mood Disorders,2.0
haloperidol,Nausea,3.0
haloperidol,Pain,2.0
haloperidol,Postoperative Complications,3.0
haloperidol,Psychomotor Agitation,3.0
haloperidol,Psychotic Disorders,4.0
haloperidol,Schizophrenia,4.0
haloperidol,Tics,4.0
haloperidol,Tobacco Use Disorder,1.0
haloperidol,Tourette Syndrome,4.0
hesperidin,"Arthritis, Rheumatoid",3.0
hesperidin,Osteoporosis,3.0
histamine,Asthma,1.0
histamine,Chronic Urticaria,3.0
histamine,Hypersensitivity,0.5
histamine,Inflammation,3.0
histamine,"Lymphoma, Non-Hodgkin",3.0
histamine,Multiple Sclerosis,2.0
histamine,"Osteoarthritis, Knee",3.0
histamine,Pterygium,3.0
histamine,"Rhinitis, Allergic, Seasonal",2.0
homoharringtonine,Leukemia,3.0
homoharringtonine,"Leukemia, Myelogenous, Chronic, BCR-ABL Positive",2.0
homoharringtonine,"Leukemia, Myeloid, Acute",3.0
homoharringtonine,Myelodysplastic Syndromes,1.0
homoharringtonine,Neoplasms,4.0
hydrocortisone,Addison Disease,2.0
hydrocortisone,Adrenal Cortex Neoplasms,2.0
hydrocortisone,"Adrenal Hyperplasia, Congenital",4.0
hydrocortisone,Adrenal Insufficiency,4.0
hydrocortisone,Aging,2.0
hydrocortisone,Alcoholism,3.0
hydrocortisone,Alopecia Areata,3.0
hydrocortisone,"Anemia, Refractory",3.0
hydrocortisone,"Anemia, Refractory, with Excess of Blasts",3.0
hydrocortisone,"Arthritis, Juvenile",4.0
hydrocortisone,"Arthritis, Psoriatic",4.0
hydrocortisone,"Arthritis, Rheumatoid",4.0
hydrocortisone,Asthma,4.0
hydrocortisone,Atrial Fibrillation,2.0
hydrocortisone,Borderline Personality Disorder,2.0
hydrocortisone,Bronchopulmonary Dysplasia,3.0
hydrocortisone,Bursitis,4.0
hydrocortisone,Central Nervous System Neoplasms,2.0
hydrocortisone,"Colitis, Ulcerative",4.0
hydrocortisone,"Conjunctivitis, Allergic",4.0
hydrocortisone,Crohn Disease,4.0
hydrocortisone,Dermatitis,4.0
hydrocortisone,"Dermatitis, Atopic",4.0
hydrocortisone,"Dermatitis, Seborrheic",4.0
hydrocortisone,"Diabetes Mellitus, Type 1",1.0
hydrocortisone,Eczema,3.0
hydrocortisone,Endocrine System Diseases,4.0
hydrocortisone,Exanthema,4.0
hydrocortisone,Eye Diseases,4.0
hydrocortisone,Fibromyalgia,0.5
hydrocortisone,"Granuloma, Pyogenic",2.0
hydrocortisone,HIV Infections,0.5
hydrocortisone,Heart Arrest,3.0
hydrocortisone,Heart Failure,2.0
hydrocortisone,Hemorrhoids,4.0
hydrocortisone,Herpes Labialis,4.0
hydrocortisone,Hypotension,3.0
hydrocortisone,Hypoxia,3.0
hydrocortisone,Infections,1.0
hydrocortisone,Inflammation,4.0
hydrocortisone,Inflammatory Bowel Diseases,2.0
hydrocortisone,"Influenza, Human",3.0
hydrocortisone,Insulin Resistance,0.5
hydrocortisone,Leukemia,4.0
hydrocortisone,"Leukemia, Biphenotypic, Acute",3.0
hydrocortisone,"Leukemia, Erythroblastic, Acute",3.0
hydrocortisone,"Leukemia, Lymphoid",3.0
hydrocortisone,"Leukemia, Mast-Cell",2.0
hydrocortisone,"Leukemia, Megakaryoblastic, Acute",3.0
hydrocortisone,"Leukemia, Monocytic, Acute",3.0
hydrocortisone,"Leukemia, Myeloid, Acute",3.0
hydrocortisone,"Leukemia, Myelomonocytic, Acute",3.0
hydrocortisone,"Leukemia, Myelomonocytic, Chronic",3.0
hydrocortisone,Liver Cirrhosis,3.0
hydrocortisone,"Lymphohistiocytosis, Hemophagocytic",2.0
hydrocortisone,Lymphoma,4.0
hydrocortisone,"Lymphoma, Large B-Cell, Diffuse",2.0
hydrocortisone,"Lymphoma, Large-Cell, Anaplastic",1.0
hydrocortisone,Melanoma,2.0
hydrocortisone,Memory Disorders,2.0
hydrocortisone,Multiple Myeloma,2.0
hydrocortisone,Myelodysplastic Syndromes,3.0
hydrocortisone,Myeloproliferative Disorders,3.0
hydrocortisone,Myocardial Infarction,2.0
hydrocortisone,Nasal Obstruction,4.0
hydrocortisone,Neoplasms,4.0
hydrocortisone,"Neoplasms, Plasma Cell",2.0
hydrocortisone,Obesity,1.0
hydrocortisone,Opioid-Related Disorders,2.0
hydrocortisone,Oral Submucous Fibrosis,3.0
hydrocortisone,Osteoarthritis,4.0
hydrocortisone,Otitis Externa,4.0
hydrocortisone,Pain,3.0
hydrocortisone,Pancreatitis,2.0
hydrocortisone,Phobic Disorders,2.0
hydrocortisone,Pneumonia,4.0
hydrocortisone,"Pneumonia, Viral",3.0
hydrocortisone,Precursor Cell Lymphoblastic Leukemia-Lymphoma,3.0
hydrocortisone,Prostatic Neoplasms,3.0
hydrocortisone,"Prostatic Neoplasms, Castration-Resistant",3.0
hydrocortisone,Pruritus,4.0
hydrocortisone,Psoriasis,4.0
hydrocortisone,Sepsis,3.0
hydrocortisone,Serum Sickness,4.0
hydrocortisone,Severe Acute Respiratory Syndrome,3.0
hydrocortisone,"Shock, Septic",3.0
hydrocortisone,Skin Diseases,4.0
hydrocortisone,Spondylitis,4.0
hydrocortisone,Tenosynovitis,4.0
hydrocortisone,Tobacco Use Disorder,1.0
hydrocortisone,Wounds and Injuries,2.0
hydroflumethiazide,Cardiovascular Diseases,4.0
hydroxyurea,"Anemia, Sickle Cell",4.0
hydroxyurea,Astrocytoma,3.0
hydroxyurea,Carcinoma,3.0
hydroxyurea,"Carcinoma, Squamous Cell",4.0
hydroxyurea,Central Nervous System Neoplasms,2.0
hydroxyurea,Desmoid Tumors,2.0
hydroxyurea,Esophageal Neoplasms,2.0
hydroxyurea,Fibroma,2.0
hydroxyurea,Glioblastoma,3.0
hydroxyurea,Gliosarcoma,2.0
hydroxyurea,HIV Infections,3.0
hydroxyurea,Head and Neck Neoplasms,2.0
hydroxyurea,Hematologic Diseases,3.0
hydroxyurea,Hemochromatosis,3.0
hydroxyurea,Hemoglobin SC Disease,2.0
hydroxyurea,Hemoglobinopathies,3.0
hydroxyurea,"Hypertension, Pulmonary",0.5
hydroxyurea,Laryngeal Neoplasms,3.0
hydroxyurea,Leukemia,3.0
hydroxyurea,"Leukemia, Myelogenous, Chronic, BCR-ABL Positive",4.0
hydroxyurea,"Leukemia, Myeloid, Acute",2.0
hydroxyurea,"Leukemia, Promyelocytic, Acute",3.0
hydroxyurea,Lung Neoplasms,1.0
hydroxyurea,Lymphoma,2.0
hydroxyurea,Melanoma,4.0
hydroxyurea,Meningioma,2.0
hydroxyurea,Mouth Neoplasms,3.0
hydroxyurea,Multiple Sclerosis,2.0
hydroxyurea,"Muscular Atrophy, Spinal",2.0
hydroxyurea,Myelodysplastic Syndromes,3.0
hydroxyurea,Myeloproliferative Disorders,3.0
hydroxyurea,Neoplasms,4.0
hydroxyurea,Paraganglioma,1.0
hydroxyurea,Paranasal Sinus Neoplasms,3.0
hydroxyurea,Pharyngeal Neoplasms,3.0
hydroxyurea,Polycythemia Vera,3.0
hydroxyurea,Precursor Cell Lymphoblastic Leukemia-Lymphoma,2.0
hydroxyurea,Primary Myelofibrosis,3.0
hydroxyurea,Stomach Neoplasms,2.0
hydroxyurea,Stroke,3.0
hydroxyurea,Thalassemia,2.0
hydroxyurea,"Thrombocythemia, Essential",3.0
hydroxyurea,beta-Thalassemia,2.0
hymecromone,"Cholangitis, Sclerosing",2.0
hymecromone,"Hypertension, Pulmonary",2.0
hymecromone,Respiratory Tract Diseases,1.0
hypericin,HIV Infections,1.0
hypericin,"Lymphoma, T-Cell",1.0
hypericin,"Lymphoma, T-Cell, Cutaneous",3.0
hypericin,Mycosis Fungoides,3.0
hypericin,Photochemotherapy,1.0
hypericin,Psoriasis,2.0
ibrutinib,Amyloidosis,2.0
ibrutinib,Anaphylaxis,2.0
ibrutinib,"Anemia, Hemolytic, Autoimmune",2.0
ibrutinib,Breast Neoplasms,1.0
ibrutinib,Bronchiolitis Obliterans Syndrome,3.0
ibrutinib,Burkitt Lymphoma,2.0
ibrutinib,Carcinoid Tumor,2.0
ibrutinib,"Carcinoma, Non-Small-Cell Lung",2.0
ibrutinib,"Carcinoma, Renal Cell",1.0
ibrutinib,"Carcinoma, Squamous Cell",2.0
ibrutinib,Colonic Neoplasms,1.0
ibrutinib,Colorectal Neoplasms,1.0
ibrutinib,Esophageal Neoplasms,2.0
ibrutinib,Food Hypersensitivity,2.0
ibrutinib,Glioblastoma,1.0
ibrutinib,Graft vs Host Disease,3.0
ibrutinib,Head and Neck Neoplasms,2.0
ibrutinib,Hematologic Neoplasms,2.0
ibrutinib,Hodgkin Disease,2.0
ibrutinib,Leukemia,2.0
ibrutinib,"Leukemia, Lymphocytic, Chronic, B-Cell",4.0
ibrutinib,"Leukemia, Lymphoid",2.0
ibrutinib,"Leukemia, Mast-Cell",2.0
ibrutinib,"Leukemia, Myeloid, Acute",2.0
ibrutinib,"Leukemia, Prolymphocytic",2.0
ibrutinib,"Leukemia, Prolymphocytic, T-Cell",2.0
ibrutinib,Liver Diseases,1.0
ibrutinib,Lung Neoplasms,1.0
ibrutinib,Lymphoma,3.0
ibrutinib,"Lymphoma, B-Cell, Marginal Zone",3.0
ibrutinib,"Lymphoma, Follicular",3.0
ibrutinib,"Lymphoma, Large B-Cell, Diffuse",3.0
ibrutinib,"Lymphoma, Mantle-Cell",4.0
ibrutinib,"Lymphoma, Non-Hodgkin",3.0
ibrutinib,"Mastocytosis, Systemic",2.0
ibrutinib,Melanoma,2.0
ibrutinib,Multiple Myeloma,2.0
ibrutinib,Myelodysplastic Syndromes,1.0
ibrutinib,Neoplasms,4.0
ibrutinib,Precursor Cell Lymphoblastic Leukemia-Lymphoma,1.0
ibrutinib,"Prostatic Neoplasms, Castration-Resistant",2.0
ibrutinib,Severe Acute Respiratory Syndrome,2.0
ibrutinib,Waldenstrom Macroglobulinemia,4.0
ibudilast,Alcoholism,2.0
ibudilast,Amphetamine-Related Disorders,2.0
ibudilast,Amyotrophic Lateral Sclerosis,2.0
ibudilast,Diabetic Neuropathies,1.0
ibudilast,Glioblastoma,1.0
ibudilast,"Lung Diseases, Obstructive",4.0
ibudilast,Migraine Disorders,1.0
ibudilast,"Multiple Sclerosis, Chronic Progressive",2.0
ibudilast,Opioid-Related Disorders,2.0
ibudilast,Pain,1.0
ibudilast,"Pneumonia, Viral",2.0
ibudilast,Post-Acute COVID-19 Syndrome,2.0
ibudilast,Spinal Cord Diseases,3.0
ibudilast,Substance-Related Disorders,1.0
ibuprofen,Acute Kidney Injury,1.0
ibuprofen,Acute Pain,4.0
ibuprofen,Altitude Sickness,3.0
ibuprofen,Alzheimer Disease,1.0
ibuprofen,Ankle Fractures,0.5
ibuprofen,Arthralgia,4.0
ibuprofen,Arthritis,4.0
ibuprofen,"Arthritis, Juvenile",4.0
ibuprofen,"Arthritis, Rheumatoid",4.0
ibuprofen,Back Pain,4.0
ibuprofen,Bipolar Disorder,1.0
ibuprofen,Brachial Plexus Neuritis,2.0
ibuprofen,Breast Neoplasms,3.0
ibuprofen,Bronchopulmonary Dysplasia,2.0
ibuprofen,Burns,3.0
ibuprofen,Cardiovascular Diseases,4.0
ibuprofen,Causalgia,3.0
ibuprofen,Cerebral Palsy,3.0
ibuprofen,Chronic Pain,3.0
ibuprofen,Cognitive Dysfunction,2.0
ibuprofen,Common Cold,4.0
ibuprofen,"Depressive Disorder, Major",2.0
ibuprofen,"Diabetes Mellitus, Type 1",2.0
ibuprofen,"Ductus Arteriosus, Patent",4.0
ibuprofen,Dysmenorrhea,4.0
ibuprofen,Emphysema,2.0
ibuprofen,Enuresis,2.0
ibuprofen,"Epilepsies, Partial",2.0
ibuprofen,Epilepsy,2.0
ibuprofen,Fever,4.0
ibuprofen,"Fractures, Bone",3.0
ibuprofen,Glioma,2.0
ibuprofen,Glycogen Storage Disease Type III,1.0
ibuprofen,"Granulomatous Disease, Chronic",2.0
ibuprofen,HIV Infections,3.0
ibuprofen,Headache,4.0
ibuprofen,Hemorrhage,2.0
ibuprofen,Hypertension,2.0
ibuprofen,Hypospadias,3.0
ibuprofen,"Hypotension, Orthostatic",1.0
ibuprofen,Infections,3.0
ibuprofen,"Influenza, Human",4.0
ibuprofen,Kidney Neoplasms,2.0
ibuprofen,Low Back Pain,3.0
ibuprofen,Malaria,1.0
ibuprofen,Migraine Disorders,4.0
ibuprofen,Mucopolysaccharidosis I,3.0
ibuprofen,Multiple Sclerosis,3.0
ibuprofen,Muscle Cramp,4.0
ibuprofen,Muscular Diseases,2.0
ibuprofen,"Muscular Dystrophy, Duchenne",1.0
ibuprofen,Myalgia,4.0
ibuprofen,Neck Pain,3.0
ibuprofen,Osteoarthritis,4.0
ibuprofen,"Osteoarthritis, Knee",1.0
ibuprofen,Pain,4.0
ibuprofen,Pancreatitis,2.0
ibuprofen,Peptic Ulcer,3.0
ibuprofen,Periodontitis,2.0
ibuprofen,Pharyngitis,4.0
ibuprofen,Pre-Eclampsia,2.0
ibuprofen,Premature Birth,1.0
ibuprofen,Pulpitis,3.0
ibuprofen,Respiratory Distress Syndrome,3.0
ibuprofen,Retinopathy of Prematurity,2.0
ibuprofen,Rheumatic Diseases,4.0
ibuprofen,"Rhinitis, Allergic, Seasonal",1.0
ibuprofen,"Shock, Septic",3.0
ibuprofen,Sinusitis,2.0
ibuprofen,"Sleep Apnea, Obstructive",3.0
ibuprofen,Spondylarthropathies,2.0
ibuprofen,Spondylosis,2.0
ibuprofen,Sprains and Strains,3.0
ibuprofen,"Stomatitis, Aphthous",2.0
ibuprofen,Sunburn,2.0
ibuprofen,Temporomandibular Joint Disorders,2.0
ibuprofen,Tension-Type Headache,2.0
ibuprofen,Tibial Fractures,3.0
ibuprofen,Tooth Diseases,2.0
ibuprofen,Toothache,4.0
ibuprofen,Tuberculosis,2.0
ibuprofen,Uveal Melanoma,1.0
ibuprofen,Vaginitis,4.0
ibuprofen,Vasculitis,3.0
ibuprofen,Wounds and Injuries,2.0
ibutamoren,Aging,1.0
ibutilide,"Arrhythmias, Cardiac",4.0
idalopirdine,Alzheimer Disease,3.0
idalopirdine,Cognitive Dysfunction,2.0
idalopirdine,Schizophrenia,2.0
idasanutlin,Breast Neoplasms,1.0
idasanutlin,Colorectal Neoplasms,1.0
idasanutlin,Glioblastoma,1.0
idasanutlin,"Leukemia, Myeloid, Acute",3.0
idasanutlin,"Lymphoma, Follicular",1.0
idasanutlin,"Lymphoma, Large B-Cell, Diffuse",1.0
idasanutlin,"Lymphoma, Non-Hodgkin",1.0
idasanutlin,Multiple Myeloma,1.0
idasanutlin,Neoplasms,2.0
idasanutlin,Polycythemia Vera,2.0
idasanutlin,"Thrombocythemia, Essential",1.0
idebenone,Attention Deficit Disorder with Hyperactivity,4.0
idebenone,Friedreich Ataxia,3.0
idebenone,Huntington Disease,1.0
idebenone,MELAS Syndrome,2.0
idebenone,"Multiple Sclerosis, Chronic Progressive",1.0
idebenone,"Muscular Dystrophy, Duchenne",3.0
idebenone,Non-alcoholic Fatty Liver Disease,1.0
idebenone,"Optic Atrophy, Hereditary, Leber",4.0
idelalisib,Amyloidosis,2.0
idelalisib,"Carcinoma, Pancreatic Ductal",1.0
idelalisib,Hodgkin Disease,2.0
idelalisib,"Leukemia, Lymphocytic, Chronic, B-Cell",4.0
idelalisib,"Leukemia, Myeloid, Acute",1.0
idelalisib,Lymphoma,3.0
idelalisib,"Lymphoma, Follicular",3.0
idelalisib,"Lymphoma, Large B-Cell, Diffuse",2.0
idelalisib,"Lymphoma, Mantle-Cell",2.0
idelalisib,"Lymphoma, Non-Hodgkin",4.0
idelalisib,Multiple Myeloma,1.0
idelalisib,Neoplasms,4.0
idelalisib,Precursor Cell Lymphoblastic Leukemia-Lymphoma,1.0
idelalisib,Primary Myelofibrosis,1.0
idelalisib,"Rhinitis, Allergic, Seasonal",1.0
idelalisib,Waldenstrom Macroglobulinemia,2.0
ifenprodil,Cardiovascular Diseases,4.0
ifenprodil,Idiopathic Pulmonary Fibrosis,2.0
ifenprodil,"Multiple Sclerosis, Relapsing-Remitting",2.0
ifenprodil,Severe Acute Respiratory Syndrome,2.0
ifosfamide,Breast Neoplasms,2.0
ifosfamide,Burkitt Lymphoma,2.0
ifosfamide,Carcinoma,3.0
ifosfamide,"Carcinoma, Non-Small-Cell Lung",3.0
ifosfamide,Central Nervous System Neoplasms,3.0
ifosfamide,Dermatofibrosarcoma,3.0
ifosfamide,Endometrial Neoplasms,3.0
ifosfamide,Fallopian Tube Neoplasms,3.0
ifosfamide,Fibrosarcoma,3.0
ifosfamide,Hemangiosarcoma,3.0
ifosfamide,Histiocytoma,3.0
ifosfamide,Hodgkin Disease,3.0
ifosfamide,Kidney Neoplasms,3.0
ifosfamide,Leiomyosarcoma,3.0
ifosfamide,Leukemia,3.0
ifosfamide,"Leukemia, Biphenotypic, Acute",3.0
ifosfamide,"Leukemia, Myeloid, Acute",2.0
ifosfamide,Liposarcoma,3.0
ifosfamide,Lung Neoplasms,3.0
ifosfamide,Lymphoma,3.0
ifosfamide,"Lymphoma, AIDS-Related",2.0
ifosfamide,"Lymphoma, B-Cell",2.0
ifosfamide,"Lymphoma, Follicular",3.0
ifosfamide,"Lymphoma, Large B-Cell, Diffuse",3.0
ifosfamide,"Lymphoma, Large-Cell, Anaplastic",2.0
ifosfamide,"Lymphoma, Mantle-Cell",2.0
ifosfamide,"Lymphoma, Non-Hodgkin",3.0
ifosfamide,"Lymphoma, T-Cell, Peripheral",3.0
ifosfamide,Mediastinal Neoplasms,3.0
ifosfamide,Multiple Myeloma,1.0
ifosfamide,Myelodysplastic Syndromes,1.0
ifosfamide,Myeloproliferative Disorders,1.0
ifosfamide,Nasopharyngeal Neoplasms,2.0
ifosfamide,Neoplasm Metastasis,1.0
ifosfamide,Neoplasms,4.0
ifosfamide,"Neoplasms, Germ Cell and Embryonal",3.0
ifosfamide,"Neoplasms, Plasma Cell",1.0
ifosfamide,Neurilemmoma,3.0
ifosfamide,Neuroblastoma,3.0
ifosfamide,Osteosarcoma,3.0
ifosfamide,Ovarian Neoplasms,3.0
ifosfamide,Pancreatic Neoplasms,2.0
ifosfamide,Penile Neoplasms,2.0
ifosfamide,Peritoneal Neoplasms,2.0
ifosfamide,Pheochromocytoma,3.0
ifosfamide,Precursor Cell Lymphoblastic Leukemia-Lymphoma,3.0
ifosfamide,Precursor T-Cell Lymphoblastic Leukemia-Lymphoma,3.0
ifosfamide,Retroviridae Infections,3.0
ifosfamide,Rhabdomyosarcoma,3.0
ifosfamide,"Rhabdomyosarcoma, Alveolar",2.0
ifosfamide,"Rhabdomyosarcoma, Embryonal",2.0
ifosfamide,Sarcoma,3.0
ifosfamide,"Sarcoma, Alveolar Soft Part",3.0
ifosfamide,"Sarcoma, Ewing",3.0
ifosfamide,"Sarcoma, Synovial",3.0
ifosfamide,Small Cell Lung Carcinoma,3.0
ifosfamide,Teratoma,3.0
ifosfamide,Testicular Neoplasms,4.0
ifosfamide,Urethral Neoplasms,2.0
ifosfamide,Urinary Bladder Neoplasms,2.0
ifosfamide,Uterine Cervical Neoplasms,3.0
ifosfamide,Uterine Neoplasms,2.0
ifosfamide,Wilms Tumor,2.0
iguratimod,"Arthritis, Rheumatoid",3.0
iguratimod,Graft vs Host Disease,3.0
iguratimod,Lupus Nephritis,2.0
iguratimod,"Purpura, Thrombocytopenic, Idiopathic",2.0
iguratimod,Sjogren's Syndrome,2.0
imatinib,Acute Lung Injury,1.0
imatinib,"Arthritis, Rheumatoid",2.0
imatinib,Breast Neoplasms,2.0
imatinib,"Carcinoma, Renal Cell",1.0
imatinib,"Carcinoma, Squamous Cell",0.5
imatinib,Chordoma,2.0
imatinib,Colonic Neoplasms,2.0
imatinib,Colorectal Neoplasms,1.0
imatinib,Desmoid Tumors,2.0
imatinib,Desmoplastic Small Round Cell Tumor,1.0
imatinib,Fibroma,2.0
imatinib,Fibrosarcoma,1.0
imatinib,Gastrointestinal Stromal Tumors,3.0
imatinib,Glioblastoma,2.0
imatinib,Graft vs Host Disease,3.0
imatinib,Head and Neck Neoplasms,0.5
imatinib,Hematologic Neoplasms,1.0
imatinib,Hypereosinophilic Syndrome,2.0
imatinib,"Hypertension, Pulmonary",3.0
imatinib,"Influenza, Human",3.0
imatinib,Leukemia,3.0
imatinib,"Leukemia, Lymphoid",2.0
imatinib,"Leukemia, Myelogenous, Chronic, BCR-ABL Positive",3.0
imatinib,"Leukemia, Myeloid",3.0
imatinib,"Leukemia, Myeloid, Acute",2.0
imatinib,Liver Cirrhosis,1.0
imatinib,Lung Neoplasms,2.0
imatinib,"Lymphoma, Large-Cell, Anaplastic",1.0
imatinib,"Lymphoma, Non-Hodgkin",1.0
imatinib,"Malaria, Falciparum",2.0
imatinib,Melanoma,2.0
imatinib,Neoplasms,3.0
imatinib,Pancreatic Neoplasms,1.0
imatinib,Pneumonia,3.0
imatinib,Precursor Cell Lymphoblastic Leukemia-Lymphoma,3.0
imatinib,"Rhinitis, Allergic, Seasonal",1.0
imatinib,Sarcoma,3.0
imatinib,"Scleroderma, Systemic",2.0
imatinib,Severe Acute Respiratory Syndrome,3.0
imatinib,Spinal Cord Injuries,2.0
imatinib,Stomach Neoplasms,2.0
imatinib,Stroke,3.0
imatinib,Thymoma,1.0
imatinib,Thyroid Neoplasms,2.0
imatinib,Tuberculosis,2.0
imexon,Burkitt Lymphoma,2.0
imexon,"Carcinoma, Non-Small-Cell Lung",2.0
imexon,"Leukemia, Lymphocytic, Chronic, B-Cell",2.0
imexon,"Lymphoma, Follicular",2.0
imexon,"Lymphoma, Large B-Cell, Diffuse",2.0
imexon,"Lymphoma, Mantle-Cell",2.0
imexon,Melanoma,1.0
imexon,Multiple Myeloma,1.0
imexon,Neoplasm Metastasis,1.0
imexon,Pancreatic Neoplasms,2.0
imexon,Waldenstrom Macroglobulinemia,2.0
imipramine,Anxiety,3.0
imipramine,Breast Neoplasms,0.5
imipramine,Chest Pain,3.0
imipramine,"Death, Sudden, Cardiac",3.0
imipramine,Dementia,3.0
imipramine,Depressive Disorder,4.0
imipramine,Digestive System Diseases,3.0
imipramine,Dysthymic Disorder,1.0
imipramine,Gastroesophageal Reflux,3.0
imipramine,Low Back Pain,3.0
imipramine,Myocardial Infarction,3.0
imipramine,Photosensitivity Disorders,1.0
imipramine,Rosacea,2.0
imipramine,Schizophrenia,3.0
imipramine,Somatoform Disorders,2.0
imipramine,"Urinary Incontinence, Stress",3.0
imipramine,Ventricular Fibrillation,3.0
imiquimod,Astrocytoma,1.0
imiquimod,Bowen's Disease,2.0
imiquimod,Brain Neoplasms,1.0
imiquimod,Breast Neoplasms,2.0
imiquimod,Carcinoma in Situ,2.0
imiquimod,"Carcinoma, Basal Cell",4.0
imiquimod,"Carcinoma, Non-Small-Cell Lung",2.0
imiquimod,"Carcinoma, Squamous Cell",1.0
imiquimod,Cheilitis,1.0
imiquimod,Colorectal Neoplasms,1.0
imiquimod,Condylomata Acuminata,4.0
imiquimod,Diffuse Intrinsic Pontine Glioma,1.0
imiquimod,Ependymoma,1.0
imiquimod,Glioblastoma,1.0
imiquimod,Glioma,1.0
imiquimod,Hemangioma,2.0
imiquimod,"Hepatitis B, Chronic",2.0
imiquimod,Influenza in Birds,1.0
imiquimod,"Influenza, Human",3.0
imiquimod,Keloid,2.0
imiquimod,Keratosis,4.0
imiquimod,"Keratosis, Actinic",4.0
imiquimod,"Leishmaniasis, Cutaneous",3.0
imiquimod,Leukemia,2.0
imiquimod,"Leukemia, Lymphocytic, Chronic, B-Cell",2.0
imiquimod,Liver Cirrhosis,2.0
imiquimod,"Lymphoma, T-Cell, Cutaneous",0.5
imiquimod,"Malaria, Falciparum",0.5
imiquimod,Medulloblastoma,1.0
imiquimod,Melanoma,2.0
imiquimod,Mouth Neoplasms,0.5
imiquimod,Mycosis Fungoides,0.5
imiquimod,Neoplasms,1.0
imiquimod,Osteosarcoma,1.0
imiquimod,"Paget Disease, Extramammary",3.0
imiquimod,Papillomavirus Infections,3.0
imiquimod,Paraganglioma,1.0
imiquimod,Port-Wine Stain,2.0
imiquimod,Precursor Cell Lymphoblastic Leukemia-Lymphoma,1.0
imiquimod,Prostatic Neoplasms,1.0
imiquimod,"Prostatic Neoplasms, Castration-Resistant",1.0
imiquimod,Renal Insufficiency,2.0
imiquimod,Sarcoma,1.0
imiquimod,"Scleroderma, Localized",3.0
imiquimod,Squamous Intraepithelial Lesions,3.0
imiquimod,Uterine Cervical Dysplasia,3.0
imiquimod,Uterine Cervical Neoplasms,2.0
imiquimod,Virus Diseases,4.0
imiquimod,Vulvar Neoplasms,3.0
indacaterol,Asthma,3.0
indacaterol,Heart Failure,3.0
indacaterol,Lung Diseases,2.0
indacaterol,"Lung Diseases, Obstructive",4.0
indacaterol,"Pulmonary Disease, Chronic Obstructive",3.0
indapamide,Cardiovascular Diseases,4.0
indapamide,"Diabetes Mellitus, Type 2",3.0
indapamide,Essential Hypertension,3.0
indapamide,Heart Failure,4.0
indapamide,Hypertension,4.0
indapamide,"Multiple Sclerosis, Chronic Progressive",2.0
indapamide,Toxemia,4.0
indibulin,Breast Neoplasms,1.0
indibulin,Neoplasms,1.0
indinavir,Acquired Immunodeficiency Syndrome,3.0
indinavir,HIV Infections,3.0
indinavir,"Sarcoma, Kaposi",2.0
indinavir,Virus Diseases,4.0
indiplon,Depressive Disorder,3.0
indiplon,Sleep Initiation and Maintenance Disorders,3.0
indirubin,Psoriasis,2.0
indobufen,Atrial Fibrillation,3.0
indobufen,Thrombosis,3.0
indole-3-carbinol,Breast Neoplasms,1.0
indole-3-carbinol,Neoplasms,1.0
indole-3-carbinol,Obesity,2.0
indole-3-carbinol,Tobacco Use Disorder,1.0
indometacin,Acute Pain,4.0
indometacin,Alzheimer Disease,3.0
indometacin,Arthralgia,4.0
indometacin,"Arthritis, Gouty",4.0
indometacin,"Arthritis, Rheumatoid",4.0
indometacin,Asthma,1.0
indometacin,Breast Neoplasms,1.0
indometacin,"Carcinoma, Squamous Cell",2.0
indometacin,Cardiovascular Diseases,4.0
indometacin,"Colitis, Ulcerative",1.0
indometacin,"Ductus Arteriosus, Patent",4.0
indometacin,Eye Diseases,4.0
indometacin,Hemorrhage,3.0
indometacin,"Histiocytosis, Langerhans-Cell",2.0
indometacin,"Hypotension, Orthostatic",1.0
indometacin,Inflammation,3.0
indometacin,Lecithin Cholesterol Acyltransferase Deficiency,1.0
indometacin,Melanoma,2.0
indometacin,Myalgia,4.0
indometacin,Osteoarthritis,4.0
indometacin,Pancreatitis,3.0
indometacin,"Pancreatitis, Chronic",1.0
indometacin,Premature Birth,3.0
indometacin,Prostatic Neoplasms,2.0
indometacin,"Prostatic Neoplasms, Castration-Resistant",2.0
indometacin,Renal Colic,3.0
indometacin,Rheumatic Diseases,4.0
indometacin,Severe Acute Respiratory Syndrome,3.0
indometacin,Spondylitis,4.0
indometacin,"Spondylitis, Ankylosing",4.0
indometacin,Squamous Cell Carcinoma of Head and Neck,3.0
indometacin,Squamous Intraepithelial Lesions,2.0
indometacin,Toothache,2.0
indoprofen,Rheumatic Diseases,4.0
indoramin,Hypertension,4.0
indoximod,Brain Neoplasms,1.0
indoximod,Breast Neoplasms,2.0
indoximod,"Carcinoma, Non-Small-Cell Lung",1.0
indoximod,Ependymoma,1.0
indoximod,Glioblastoma,1.0
indoximod,Gliosarcoma,1.0
indoximod,"Leukemia, Myeloid, Acute",1.0
indoximod,Medulloblastoma,1.0
indoximod,Melanoma,2.0
indoximod,Neoplasms,1.0
indoximod,Pancreatic Neoplasms,1.0
indoximod,Paraganglioma,1.0
indoximod,Prostatic Neoplasms,2.0
infliximab,Anorexia,3.0
infliximab,"Arthritis, Juvenile",3.0
infliximab,"Arthritis, Psoriatic",4.0
infliximab,"Arthritis, Reactive",2.0
infliximab,"Arthritis, Rheumatoid",4.0
infliximab,Behcet Syndrome,3.0
infliximab,Berylliosis,1.0
infliximab,Bipolar Disorder,2.0
infliximab,Cachexia,3.0
infliximab,Choroidal Neovascularization,2.0
infliximab,Colitis,3.0
infliximab,"Colitis, Ulcerative",4.0
infliximab,Crohn Disease,4.0
infliximab,Dermatomyositis,2.0
infliximab,"Diabetes Mellitus, Type 1",2.0
infliximab,Endometriosis,2.0
infliximab,Eosinophilic Esophagitis,2.0
infliximab,Fatigue,3.0
infliximab,Giant Cell Arteritis,2.0
infliximab,Glaucoma,1.0
infliximab,Graft vs Host Disease,3.0
infliximab,Granulomatosis with Polyangiitis,2.0
infliximab,"Granulomatous Disease, Chronic",1.0
infliximab,Hepatitis C,2.0
infliximab,"Hepatitis C, Chronic",3.0
infliximab,Hidradenitis Suppurativa,2.0
infliximab,Immune System Diseases,4.0
infliximab,Inflammatory Bowel Diseases,3.0
infliximab,Low Back Pain,3.0
infliximab,Lung Neoplasms,3.0
infliximab,Macular Degeneration,2.0
infliximab,Melanoma,2.0
infliximab,Microscopic Polyangiitis,2.0
infliximab,Mucocutaneous Lymph Node Syndrome,3.0
infliximab,Myelodysplastic Syndromes,2.0
infliximab,Myositis,2.0
infliximab,Osteoarthritis,2.0
infliximab,"Paraparesis, Tropical Spastic",2.0
infliximab,Parapsoriasis,3.0
infliximab,Pemphigus,2.0
infliximab,Polymyalgia Rheumatica,3.0
infliximab,Polymyositis,2.0
infliximab,Psoriasis,4.0
infliximab,"Pulmonary Disease, Chronic Obstructive",3.0
infliximab,Reperfusion Injury,2.0
infliximab,Sarcoidosis,3.0
infliximab,Scleritis,3.0
infliximab,Severe Acute Respiratory Syndrome,3.0
infliximab,Spondylarthropathies,2.0
infliximab,"Spondylitis, Ankylosing",4.0
infliximab,Stevens-Johnson Syndrome,2.0
infliximab,Takayasu Arteritis,2.0
ingenol-mebutate,Carcinoma,2.0
ingenol-mebutate,"Carcinoma, Basal Cell",2.0
ingenol-mebutate,"Carcinoma, Squamous Cell",2.0
ingenol-mebutate,Cheilitis,1.0
ingenol-mebutate,Condylomata Acuminata,2.0
ingenol-mebutate,Keratosis,2.0
ingenol-mebutate,"Keratosis, Actinic",4.0
ingenol-mebutate,"Keratosis, Seborrheic",2.0
ingenol-mebutate,Molluscum Contagiosum,0.5
ingenol-mebutate,Skin Diseases,2.0
ingenol-mebutate,Warts,1.0
iniparib,Breast Neoplasms,3.0
iniparib,"Carcinoma, Non-Small-Cell Lung",2.0
iniparib,"Carcinoma, Squamous Cell",3.0
iniparib,Neoplasms,3.0
iniparib,Ovarian Neoplasms,2.0
iniparib,Retroviridae Infections,2.0
inosine,Amyotrophic Lateral Sclerosis,2.0
inosine,Diabetic Neuropathies,3.0
inosine,Eye Diseases,3.0
inosine,HIV Infections,1.0
inosine,"Jaundice, Obstructive",3.0
inosine,Melanoma,1.0
inosine,"Multiple Sclerosis, Relapsing-Remitting",2.0
inosine,Multiple System Atrophy,2.0
inosine,Myocardial Infarction,2.0
inosine,Neoplasms,2.0
inosine,Parkinson Disease,3.0
inosine,Stroke,3.0
inosine,Triple Negative Breast Neoplasms,2.0
inosine,Virus Diseases,3.0
inositol,Alzheimer Disease,2.0
inositol,"Carcinoma, Non-Small-Cell Lung",2.0
inositol,"Diabetes Mellitus, Type 1",3.0
inositol,Hemorrhage,2.0
inositol,Lung Neoplasms,1.0
inositol,Metabolic Syndrome,2.0
inositol,Neural Tube Defects,1.0
inositol,Polycystic Ovary Syndrome,0.5
inositol,Retinopathy of Prematurity,3.0
inositol,Trichotillomania,2.0
ipratropium,"Pulmonary Disease, Chronic Obstructive",3.0
ipratropium,Status Asthmaticus,1.0
ipriflavone,Bone Diseases,2.0
irbesartan,Acute Kidney Injury,3.0
irbesartan,Atrial Fibrillation,3.0
irbesartan,Cardiovascular Diseases,4.0
irbesartan,"Diabetes Mellitus, Type 2",4.0
irbesartan,Diabetic Nephropathies,4.0
irbesartan,Ehlers-Danlos Syndrome,3.0
irbesartan,Essential Hypertension,3.0
irbesartan,"Glomerulonephritis, IGA",3.0
irbesartan,"Glomerulosclerosis, Focal Segmental",3.0
irbesartan,Heart Failure,3.0
irbesartan,"Hemorrhagic Fever, Ebola",1.0
irbesartan,"Hepatitis C, Chronic",3.0
irbesartan,Hypercholesterolemia,3.0
irbesartan,Hypertension,4.0
irbesartan,"Kidney Failure, Chronic",4.0
irbesartan,Marfan Syndrome,2.0
irbesartan,Myocardial Ischemia,3.0
irbesartan,"Renal Insufficiency, Chronic",3.0
irbesartan,Sepsis,3.0
irbesartan,Severe Acute Respiratory Syndrome,3.0
irinotecan,Adenocarcinoma,2.0
irinotecan,Astrocytoma,2.0
irinotecan,Bile Duct Neoplasms,2.0
irinotecan,Biliary Tract Neoplasms,2.0
irinotecan,Bone Neoplasms,2.0
irinotecan,Brain Neoplasms,3.0
irinotecan,Breast Neoplasms,3.0
irinotecan,Carcinoid Tumor,1.0
irinotecan,Carcinoma,2.0
irinotecan,"Carcinoma, Hepatocellular",3.0
irinotecan,"Carcinoma, Islet Cell",2.0
irinotecan,"Carcinoma, Neuroendocrine",3.0
irinotecan,"Carcinoma, Non-Small-Cell Lung",2.0
irinotecan,"Carcinoma, Pancreatic Ductal",3.0
irinotecan,"Carcinoma, Squamous Cell",2.0
irinotecan,Central Nervous System Neoplasms,2.0
irinotecan,Cholangiocarcinoma,3.0
irinotecan,Choroid Plexus Neoplasms,3.0
irinotecan,Colonic Neoplasms,3.0
irinotecan,Colorectal Neoplasms,3.0
irinotecan,Desmoplastic Small Round Cell Tumor,0.5
irinotecan,Diffuse Intrinsic Pontine Glioma,1.0
irinotecan,Endometrial Neoplasms,1.0
irinotecan,Esophageal Neoplasms,3.0
irinotecan,Fallopian Tube Neoplasms,2.0
irinotecan,Gallbladder Neoplasms,2.0
irinotecan,Ganglioneuroblastoma,3.0
irinotecan,Glioblastoma,2.0
irinotecan,Glioma,2.0
irinotecan,Gliosarcoma,2.0
irinotecan,Head and Neck Neoplasms,2.0
irinotecan,Hemangiosarcoma,2.0
irinotecan,Hepatoblastoma,3.0
irinotecan,Hereditary Breast and Ovarian Cancer Syndrome,1.0
irinotecan,Kidney Neoplasms,2.0
irinotecan,Leukemia,2.0
irinotecan,Liver Neoplasms,1.0
irinotecan,Lung Neoplasms,3.0
irinotecan,Lymphoma,2.0
irinotecan,"Lymphoma, Non-Hodgkin",2.0
irinotecan,Medulloblastoma,2.0
irinotecan,Mesothelioma,1.0
irinotecan,Neoplasm Metastasis,3.0
irinotecan,Neoplasms,4.0
irinotecan,Neuroblastoma,3.0
irinotecan,Oligodendroglioma,1.0
irinotecan,Ovarian Neoplasms,2.0
irinotecan,Pancreatic Neoplasms,3.0
irinotecan,Paraganglioma,2.0
irinotecan,Peritoneal Neoplasms,2.0
irinotecan,Pinealoma,2.0
irinotecan,"Pulmonary Disease, Chronic Obstructive",1.0
irinotecan,Rectal Neoplasms,3.0
irinotecan,Rhabdomyosarcoma,2.0
irinotecan,Sarcoma,2.0
irinotecan,"Sarcoma, Ewing",3.0
irinotecan,Small Cell Lung Carcinoma,3.0
irinotecan,Stomach Neoplasms,3.0
irinotecan,Uterine Cervical Neoplasms,3.0
irinotecan,Wilms Tumor,2.0
irsogladine,Gastroesophageal Reflux,2.0
irsogladine,Peptic Ulcer,2.0
isoniazid,Acquired Immunodeficiency Syndrome,2.0
isoniazid,Diabetic Foot,2.0
isoniazid,HIV Infections,4.0
isoniazid,Melanoma,1.0
isoniazid,Meningitis,3.0
isoniazid,Osteomyelitis,0.5
isoniazid,Silicosis,4.0
isoniazid,Tuberculosis,4.0
isoniazid,"Tuberculosis, Multidrug-Resistant",2.0
isoniazid,"Tuberculosis, Pulmonary",4.0
isoniazid,Ulcer,2.0
isosorbide-mononitrate,Angina Pectoris,4.0
isosorbide-mononitrate,Cardiovascular Diseases,4.0
isosorbide-mononitrate,Coronary Artery Disease,4.0
isosorbide-mononitrate,"Fetal Membranes, Premature Rupture",3.0
isosorbide-mononitrate,Fissure in Ano,1.0
isosorbide-mononitrate,Heart Failure,2.0
isosorbide-mononitrate,Hypertension,2.0
isosorbide-mononitrate,Oligohydramnios,2.0
isosorbide-mononitrate,Pregnancy,0.5
isosorbide-mononitrate,Stroke,2.0
isosorbide-mononitrate,Vascular Diseases,1.0
isradipine,Bipolar Disorder,2.0
isradipine,Cardiovascular Diseases,4.0
isradipine,Hypertension,4.0
isradipine,Opioid-Related Disorders,1.0
isradipine,Parkinson Disease,3.0
isradipine,Smoking Cessation,0.5
isradipine,Substance-Related Disorders,1.0
isradipine,Tobacco Use Disorder,0.5
istaroxime,Heart Failure,2.0
istaroxime,Shock,2.0
itopride,Constipation,2.0
itopride,Digestive System Diseases,3.0
itopride,Dyspepsia,3.0
itopride,Gastroparesis,1.0
itopride,Irritable Bowel Syndrome,2.0
itopride,Peritonitis,3.0
itraconazole,Alzheimer Disease,1.0
itraconazole,Amyotrophic Lateral Sclerosis,1.0
itraconazole,Anti-Neutrophil Cytoplasmic Antibody-Associated Vasculitis,1.0
itraconazole,Aspergillosis,4.0
itraconazole,"Aspergillosis, Allergic Bronchopulmonary",3.0
itraconazole,Asthma,1.0
itraconazole,Bacterial Infections,1.0
itraconazole,Blastomycosis,4.0
itraconazole,Bronchiectasis,3.0
itraconazole,Burns,2.0
itraconazole,Cachexia,1.0
itraconazole,Candidiasis,4.0
itraconazole,"Carcinoma, Basal Cell",2.0
itraconazole,"Carcinoma, Non-Small-Cell Lung",2.0
itraconazole,Celiac Disease,1.0
itraconazole,Coccidioidomycosis,2.0
itraconazole,Crohn Disease,2.0
itraconazole,Cryptococcosis,3.0
itraconazole,Cystic Fibrosis,1.0
itraconazole,Diabetic Foot,0.5
itraconazole,Erectile Dysfunction,1.0
itraconazole,Esophageal Neoplasms,0.5
itraconazole,Glioblastoma,1.0
itraconazole,Heart Failure,1.0
itraconazole,Hematologic Diseases,2.0
itraconazole,"Hepatitis B, Chronic",1.0
itraconazole,"Hepatitis C, Chronic",1.0
itraconazole,Histoplasmosis,3.0
itraconazole,Infections,1.0
itraconazole,Inflammatory Bowel Diseases,1.0
itraconazole,"Leukemia, Myeloid, Acute",2.0
itraconazole,Lung Diseases,4.0
itraconazole,Lung Neoplasms,2.0
itraconazole,Lymphoma,1.0
itraconazole,"Lymphoma, Non-Hodgkin",1.0
itraconazole,Malaria,1.0
itraconazole,Melanoma,1.0
itraconazole,"Meningitis, Cryptococcal",2.0
itraconazole,Multiple Myeloma,1.0
itraconazole,"Muscular Atrophy, Spinal",1.0
itraconazole,Mycetoma,2.0
itraconazole,Mycoses,4.0
itraconazole,Myelodysplastic Syndromes,1.0
itraconazole,Neoplasm Metastasis,1.0
itraconazole,Neoplasms,3.0
itraconazole,Neuralgia,1.0
itraconazole,Obesity,1.0
itraconazole,Onychomycosis,4.0
itraconazole,Opioid-Related Disorders,2.0
itraconazole,Ovarian Neoplasms,2.0
itraconazole,Pain,1.0
itraconazole,Polycystic Ovary Syndrome,1.0
itraconazole,Primary Myelofibrosis,1.0
itraconazole,Prostatic Neoplasms,2.0
itraconazole,"Prostatic Neoplasms, Castration-Resistant",2.0
itraconazole,"Pulmonary Disease, Chronic Obstructive",1.0
itraconazole,"Renal Insufficiency, Chronic",1.0
itraconazole,Respiratory Syncytial Virus Infections,1.0
itraconazole,Severe Acute Respiratory Syndrome,1.0
itraconazole,Sinusitis,2.0
itraconazole,Skin Neoplasms,2.0
itraconazole,Sporotrichosis,1.0
itraconazole,Thrombosis,1.0
itraconazole,Tinea Pedis,2.0
itraconazole,Tinea Versicolor,2.0
ivabradine,Aging,3.0
ivabradine,"Angina, Stable",3.0
ivabradine,Atrial Fibrillation,3.0
ivabradine,Cardiovascular Diseases,4.0
ivabradine,Coronary Disease,3.0
ivabradine,Diabetic Nephropathies,3.0
ivabradine,Heart Failure,4.0
ivabradine,"Heart Failure, Diastolic",2.0
ivabradine,"Heart Failure, Systolic",2.0
ivabradine,Hypotension,2.0
ivabradine,"Hypotension, Orthostatic",2.0
ivabradine,Lymphoma,2.0
ivabradine,Mitral Valve Stenosis,3.0
ivabradine,Multiple Organ Failure,2.0
ivabradine,Neoplasms,3.0
ivabradine,Non-ST Elevated Myocardial Infarction,2.0
ivabradine,Orthostatic Intolerance,3.0
ivabradine,Post-Acute COVID-19 Syndrome,2.0
ivabradine,"Shock, Septic",3.0
ivabradine,Tachycardia,3.0
ivacaftor,"Bronchitis, Chronic",2.0
ivacaftor,Ciliary Motility Disorders,2.0
ivacaftor,Cystic Fibrosis,4.0
ivacaftor,Liver Diseases,1.0
ivacaftor,"Pulmonary Disease, Chronic Obstructive",2.0
ivacaftor,Respiratory Tract Diseases,4.0
ivacaftor,Sinusitis,0.5
ivermectin,Acne Vulgaris,2.0
ivermectin,Alcoholism,1.0
ivermectin,Anosmia,2.0
ivermectin,Blepharitis,3.0
ivermectin,Dengue,2.0
ivermectin,"Dermatitis, Atopic",2.0
ivermectin,"Elephantiasis, Filarial",3.0
ivermectin,Helminthiasis,4.0
ivermectin,Infections,1.0
ivermectin,"Influenza, Human",3.0
ivermectin,Leishmaniasis,0.5
ivermectin,Lice Infestations,4.0
ivermectin,Malaria,3.0
ivermectin,Onchocerciasis,4.0
ivermectin,"Onchocerciasis, Ocular",2.0
ivermectin,Pneumonia,3.0
ivermectin,Rosacea,4.0
ivermectin,Severe Acute Respiratory Syndrome,3.0
ivermectin,Severe Dengue,2.0
ivermectin,Strongyloidiasis,4.0
ivermectin,Trichuriasis,2.0
ivermectin,Triple Negative Breast Neoplasms,1.0
ixabepilone,Astrocytoma,1.0
ixabepilone,Bile Duct Neoplasms,2.0
ixabepilone,Breast Neoplasms,4.0
ixabepilone,"Breast Neoplasms, Male",2.0
ixabepilone,Burkitt Lymphoma,2.0
ixabepilone,"Carcinoma, Non-Small-Cell Lung",2.0
ixabepilone,"Carcinoma, Renal Cell",2.0
ixabepilone,"Carcinoma, Verrucous",2.0
ixabepilone,Cholangiocarcinoma,2.0
ixabepilone,Colorectal Neoplasms,2.0
ixabepilone,Endometrial Neoplasms,3.0
ixabepilone,Gallbladder Neoplasms,2.0
ixabepilone,Gliosarcoma,1.0
ixabepilone,Head and Neck Neoplasms,1.0
ixabepilone,Hypopharyngeal Neoplasms,2.0
ixabepilone,Leukemia,2.0
ixabepilone,Liver Neoplasms,2.0
ixabepilone,Lung Neoplasms,2.0
ixabepilone,Lymphoma,2.0
ixabepilone,"Lymphoma, Follicular",2.0
ixabepilone,"Lymphoma, Large B-Cell, Diffuse",2.0
ixabepilone,"Lymphoma, Large-Cell, Anaplastic",2.0
ixabepilone,"Lymphoma, Mantle-Cell",2.0
ixabepilone,Melanoma,2.0
ixabepilone,Neoplasms,4.0
ixabepilone,Oropharyngeal Neoplasms,2.0
ixabepilone,Ovarian Neoplasms,2.0
ixabepilone,Pancreatic Neoplasms,2.0
ixabepilone,Peritoneal Neoplasms,2.0
ixabepilone,Prostatic Neoplasms,2.0
ixabepilone,"Prostatic Neoplasms, Castration-Resistant",2.0
ixabepilone,Retroviridae Infections,2.0
ixabepilone,Sarcoma,2.0
ixabepilone,Squamous Cell Carcinoma of Head and Neck,2.0
ixabepilone,Stomach Neoplasms,2.0
ixabepilone,Tongue Neoplasms,2.0
ixabepilone,Urethral Neoplasms,2.0
ixabepilone,Urinary Bladder Neoplasms,2.0
ixazomib,"Amyloidosis, Familial",3.0
ixazomib,"Anemia, Hemolytic, Autoimmune",2.0
ixazomib,"Carcinoma, Renal Cell",1.0
ixazomib,HIV Infections,1.0
ixazomib,Hematologic Neoplasms,2.0
ixazomib,Leukemia,2.0
ixazomib,"Leukemia, Myeloid, Acute",1.0
ixazomib,Lupus Nephritis,1.0
ixazomib,Lymphoma,1.0
ixazomib,"Lymphoma, Follicular",2.0
ixazomib,"Lymphoma, Mantle-Cell",2.0
ixazomib,Multiple Myeloma,3.0
ixazomib,Neoplasms,4.0
ixazomib,Plasmacytoma,3.0
ixazomib,Precursor Cell Lymphoblastic Leukemia-Lymphoma,1.0
ixazomib,"Purpura, Thrombocytopenic, Idiopathic",2.0
ixazomib,"Renal Insufficiency, Chronic",2.0
ixazomib,Triple Negative Breast Neoplasms,1.0
ixazomib,Waldenstrom Macroglobulinemia,2.0
ixazomib-citrate,"Amyloidosis, Familial",1.0
ixazomib-citrate,Breast Neoplasms,1.0
ixazomib-citrate,Bronchiolitis Obliterans Syndrome,2.0
ixazomib-citrate,Glioblastoma,0.5
ixazomib-citrate,"Leukemia, Myeloid, Acute",1.0
ixazomib-citrate,"Leukemia, Plasma Cell",2.0
ixazomib-citrate,Lymphoma,2.0
ixazomib-citrate,"Lymphoma, Mantle-Cell",2.0
ixazomib-citrate,Multiple Myeloma,4.0
ixazomib-citrate,Neoplasms,1.0
ixazomib-citrate,Plasmacytoma,2.0
ixazomib-citrate,Precursor Cell Lymphoblastic Leukemia-Lymphoma,1.0
ixazomib-citrate,"Sarcoma, Kaposi",2.0
ixazomib-citrate,Waldenstrom Macroglobulinemia,2.0
josamycin,Bacterial Infections,3.0
josamycin,Premature Birth,3.0
kakonein,Alcoholism,2.0
kakonein,"Arthritis, Rheumatoid",2.0
kakonein,Cardiovascular Diseases,2.0
ketanserin,Acute Kidney Injury,3.0
ketanserin,Diabetic Foot,1.0
ketanserin,Hypertension,4.0
ketoconazole,Acne Vulgaris,3.0
ketoconazole,Adrenal Gland Diseases,4.0
ketoconazole,Alzheimer Disease,1.0
ketoconazole,Asthma,1.0
ketoconazole,Blastomycosis,4.0
ketoconazole,Breast Neoplasms,2.0
ketoconazole,Burns,2.0
ketoconazole,"Candidiasis, Vulvovaginal",3.0
ketoconazole,Cushing Syndrome,4.0
ketoconazole,Dermatitis,3.0
ketoconazole,"Dermatitis, Seborrheic",4.0
ketoconazole,"Diabetes Mellitus, Type 2",1.0
ketoconazole,Erectile Dysfunction,1.0
ketoconazole,Essential Hypertension,1.0
ketoconazole,Gastroparesis,1.0
ketoconazole,Glioblastoma,0.5
ketoconazole,Hematologic Neoplasms,1.0
ketoconazole,Hepatitis C,1.0
ketoconazole,Hypogonadism,2.0
ketoconazole,Immune System Diseases,1.0
ketoconazole,Insulin Resistance,0.5
ketoconazole,"Leukemia, Lymphocytic, Chronic, B-Cell",1.0
ketoconazole,"Leukemia, Myelogenous, Chronic, BCR-ABL Positive",2.0
ketoconazole,Lymphoma,1.0
ketoconazole,"Lymphoma, Non-Hodgkin",1.0
ketoconazole,Melanoma,1.0
ketoconazole,Multiple Sclerosis,1.0
ketoconazole,Nausea,1.0
ketoconazole,Neoplasms,2.0
ketoconazole,Neuroblastoma,1.0
ketoconazole,Onychomycosis,1.0
ketoconazole,Osteoporosis,1.0
ketoconazole,Premature Birth,1.0
ketoconazole,Prostatic Neoplasms,2.0
ketoconazole,"Prostatic Neoplasms, Castration-Resistant",3.0
ketoconazole,Psoriasis,2.0
ketoconazole,"Pulmonary Disease, Chronic Obstructive",1.0
ketoconazole,Respiratory Distress Syndrome,3.0
ketoconazole,Tinea,4.0
ketoconazole,Tinea Pedis,4.0
ketoconazole,Tinea Versicolor,1.0
ketoconazole,"Vaginosis, Bacterial",3.0
ketoprofen,Acute Pain,4.0
ketoprofen,Arthralgia,4.0
ketoprofen,"Arthritis, Rheumatoid",4.0
ketoprofen,Bursitis,3.0
ketoprofen,Dysmenorrhea,4.0
ketoprofen,Inflammation,3.0
ketoprofen,Kidney Calculi,1.0
ketoprofen,Low Back Pain,3.0
ketoprofen,Migraine Disorders,3.0
ketoprofen,Multiple Sclerosis,2.0
ketoprofen,Myalgia,4.0
ketoprofen,Osteoarthritis,4.0
ketoprofen,"Osteoarthritis, Knee",3.0
ketoprofen,"Paget Disease, Extramammary",2.0
ketoprofen,Periodontitis,2.0
ketoprofen,Postoperative Nausea and Vomiting,3.0
ketoprofen,Renal Colic,1.0
ketoprofen,Rheumatic Diseases,4.0
ketoprofen,Sprains and Strains,3.0
ketoprofen,Tendinopathy,3.0
ketoprofen,Wounds and Injuries,3.0
ketorolac,Abdominal Pain,3.0
ketorolac,Back Pain,3.0
ketorolac,Breast Neoplasms,3.0
ketorolac,Cataract,3.0
ketorolac,Chronic Pain,1.0
ketorolac,"Conjunctivitis, Viral",2.0
ketorolac,Deglutition Disorders,3.0
ketorolac,Diabetic Retinopathy,1.0
ketorolac,Eye Diseases,4.0
ketorolac,Fallopian Tube Neoplasms,0.5
ketorolac,Headache,3.0
ketorolac,Heart Diseases,2.0
ketorolac,Hypoxia,1.0
ketorolac,Inflammation,3.0
ketorolac,Kidney Calculi,3.0
ketorolac,Kidney Neoplasms,2.0
ketorolac,Migraine Disorders,3.0
ketorolac,Miosis,2.0
ketorolac,Musculoskeletal Diseases,2.0
ketorolac,Osteoarthritis,3.0
ketorolac,"Osteoarthritis, Knee",2.0
ketorolac,Ovarian Neoplasms,0.5
ketorolac,Pain,3.0
ketorolac,Pancreatitis,2.0
ketorolac,Periodontitis,2.0
ketorolac,Peritoneal Neoplasms,0.5
ketorolac,Pre-Eclampsia,2.0
ketorolac,Renal Colic,0.5
ketorolac,Retinopathy of Prematurity,2.0
ketorolac,Rheumatic Diseases,4.0
ketorolac,Rotator Cuff Injuries,2.0
ketorolac,Scoliosis,2.0
ketorolac,Tonsillitis,2.0
ketorolac,Wounds and Injuries,3.0
ketotifen,"Conjunctivitis, Allergic",3.0
ketotifen,Contracture,2.0
ketotifen,Dyspepsia,3.0
ketotifen,Eye Manifestations,4.0
ketotifen,Fibromyalgia,3.0
ketotifen,Hypersensitivity,4.0
ketotifen,Peanut Hypersensitivity,2.0
ketotifen,Peripheral Nervous System Diseases,3.0
ketotifen,"Rhinitis, Allergic, Perennial",3.0
ketotifen,Severe Acute Respiratory Syndrome,3.0
labetalol,Cardiovascular Diseases,4.0
labetalol,Cerebral Hemorrhage,2.0
labetalol,Cocaine-Related Disorders,2.0
labetalol,Hypertension,3.0
labetalol,Hypotension,0.5
labetalol,Pain,1.0
labetalol,Pre-Eclampsia,3.0
labetalol,Sinusitis,2.0
labetalol,Stroke,2.0
labetalol,Tobacco Use Disorder,2.0
lacidipine,"Angina, Stable",2.0
lacidipine,Cardiovascular Diseases,4.0
lacidipine,Hypertension,3.0
lacosamide,Alcoholism,2.0
lacosamide,Amyotrophic Lateral Sclerosis,1.0
lacosamide,Anxiety,3.0
lacosamide,Brain Neoplasms,2.0
lacosamide,Dementia,3.0
lacosamide,Depressive Disorder,3.0
lacosamide,Diabetic Neuropathies,3.0
lacosamide,"Epilepsies, Partial",4.0
lacosamide,Epilepsy,4.0
lacosamide,Erythromelalgia,3.0
lacosamide,Fibromyalgia,2.0
lacosamide,Kidney Diseases,1.0
lacosamide,Migraine Disorders,3.0
lacosamide,Neuralgia,2.0
lacosamide,"Neuralgia, Postherpetic",2.0
lacosamide,Osteoarthritis,2.0
lacosamide,Paraganglioma,2.0
lacosamide,Schizophrenia,3.0
lacosamide,Sciatica,3.0
lacosamide,Seizures,4.0
lacosamide,Status Epilepticus,3.0
lafutidine,Gastritis,1.0
lafutidine,Gastroesophageal Reflux,3.0
lafutidine,Peptic Ulcer,3.0
lafutidine,Stomach Ulcer,1.0
lamivudine,AIDS-Associated Nephropathy,3.0
lamivudine,Acquired Immunodeficiency Syndrome,3.0
lamivudine,Alzheimer Disease,1.0
lamivudine,Autoimmune Diseases,4.0
lamivudine,"Carcinoma, Hepatocellular",3.0
lamivudine,Colorectal Neoplasms,2.0
lamivudine,Diarrhea,3.0
lamivudine,Glioma,1.0
lamivudine,HIV Infections,4.0
lamivudine,Hepatitis,4.0
lamivudine,Hepatitis B,4.0
lamivudine,"Hepatitis B, Chronic",4.0
lamivudine,Infections,4.0
lamivudine,Inflammation,4.0
lamivudine,Liver Cirrhosis,3.0
lamivudine,Lymphoma,2.0
lamivudine,"Lymphoma, Non-Hodgkin",2.0
lamivudine,"Paraparesis, Tropical Spastic",2.0
lamivudine,"Sarcoma, Kaposi",2.0
lamivudine,Small Cell Lung Carcinoma,2.0
lamivudine,Tuberculosis,3.0
lamivudine,Virus Diseases,4.0
lamotrigine,Alcoholism,2.0
lamotrigine,Anxiety,3.0
lamotrigine,Bipolar Disorder,4.0
lamotrigine,Cocaine-Related Disorders,2.0
lamotrigine,Cognitive Dysfunction,2.0
lamotrigine,Dementia,3.0
lamotrigine,Depressive Disorder,4.0
lamotrigine,"Epilepsies, Partial",4.0
lamotrigine,Epilepsy,4.0
lamotrigine,"Epilepsy, Absence",3.0
lamotrigine,"Epilepsy, Tonic-Clonic",4.0
lamotrigine,Fasting,1.0
lamotrigine,Feeding and Eating Disorders,3.0
lamotrigine,HIV Infections,1.0
lamotrigine,Lecithin Cholesterol Acyltransferase Deficiency,1.0
lamotrigine,Lennox Gastaut Syndrome,4.0
lamotrigine,Mental Disorders,1.0
lamotrigine,Mood Disorders,3.0
lamotrigine,"Multiple Sclerosis, Chronic Progressive",2.0
lamotrigine,"Multiple Sclerosis, Relapsing-Remitting",2.0
lamotrigine,"Neuralgia, Postherpetic",2.0
lamotrigine,Neurofibromatosis 1,2.0
lamotrigine,Obesity,3.0
lamotrigine,Opioid-Related Disorders,2.0
lamotrigine,Pain,3.0
lamotrigine,Peripheral Nervous System Diseases,3.0
lamotrigine,Schizophrenia,3.0
lamotrigine,Seizures,4.0
lamotrigine,Substance-Related Disorders,2.0
lapatinib,Adenocarcinoma,2.0
lapatinib,Bile Duct Neoplasms,2.0
lapatinib,Brain Diseases,3.0
lapatinib,Brain Neoplasms,2.0
lapatinib,Breast Neoplasms,3.0
lapatinib,"Carcinoma, Ductal",2.0
lapatinib,"Carcinoma, Non-Small-Cell Lung",2.0
lapatinib,"Carcinoma, Renal Cell",1.0
lapatinib,"Carcinoma, Squamous Cell",2.0
lapatinib,Colorectal Neoplasms,2.0
lapatinib,Endometrial Neoplasms,1.0
lapatinib,Esophageal Neoplasms,2.0
lapatinib,Gallbladder Neoplasms,2.0
lapatinib,Head and Neck Neoplasms,3.0
lapatinib,Melanoma,2.0
lapatinib,Neoplasms,3.0
lapatinib,Ovarian Neoplasms,2.0
lapatinib,Pancreatic Neoplasms,2.0
lapatinib,Paraganglioma,2.0
lapatinib,Peritoneal Neoplasms,2.0
lapatinib,Pituitary Neoplasms,2.0
lapatinib,"Prostatic Neoplasms, Castration-Resistant",1.0
lapatinib,"Renal Insufficiency, Chronic",1.0
lapatinib,Sarcoma,3.0
lapatinib,Stomach Neoplasms,2.0
lapatinib,Thyroid Neoplasms,1.0
lapatinib,Urinary Bladder Neoplasms,0.5
lapatinib,Uterine Cervical Neoplasms,2.0
laropiprant,"Diabetes Mellitus, Type 2",3.0
laropiprant,Flushing,2.0
laropiprant,Hypercholesterolemia,3.0
laropiprant,"Hyperlipidemia, Familial Combined",3.0
laropiprant,Hyperlipidemias,3.0
laropiprant,Hyperlipoproteinemia Type II,3.0
laropiprant,Lipid Metabolism Disorders,3.0
laropiprant,Rosacea,1.0
latanoprost,Alopecia Areata,1.0
latanoprost,Glaucoma,4.0
latanoprost,"Glaucoma, Open-Angle",4.0
latanoprost,Hypertension,4.0
latanoprost,Meniere Disease,2.0
latanoprost,Ocular Hypertension,4.0
latanoprost,Vitiligo,2.0
ledipasvir,"Hepatitis B, Chronic",2.0
ledipasvir,Hepatitis C,4.0
ledipasvir,"Hepatitis C, Chronic",4.0
ledipasvir,Infections,3.0
ledipasvir,Lymphoma,2.0
ledipasvir,Severe Acute Respiratory Syndrome,3.0
leflunomide,"Arthritis, Psoriatic",4.0
leflunomide,"Arthritis, Rheumatoid",4.0
leflunomide,Breast Diseases,1.0
leflunomide,Breast Neoplasms,1.0
leflunomide,Bronchiolitis Obliterans Syndrome,1.0
leflunomide,Central Nervous System Neoplasms,3.0
leflunomide,HIV Infections,1.0
leflunomide,Hemosiderosis,1.0
leflunomide,IgA Vasculitis,2.0
leflunomide,"Lupus Erythematosus, Systemic",2.0
leflunomide,Lupus Nephritis,3.0
leflunomide,Lymphoproliferative Disorders,2.0
leflunomide,Melanoma,1.0
leflunomide,Multiple Myeloma,2.0
leflunomide,Myasthenia Gravis,3.0
leflunomide,Neoplasms,1.0
leflunomide,"Pemphigoid, Bullous",2.0
leflunomide,Polymyalgia Rheumatica,3.0
leflunomide,"Prostatic Neoplasms, Castration-Resistant",2.0
leflunomide,Severe Acute Respiratory Syndrome,3.0
leflunomide,Sjogren's Syndrome,2.0
leflunomide,Smoldering Multiple Myeloma,2.0
leflunomide,Uveitis,2.0
lenalidomide,Amyloidosis,3.0
lenalidomide,"Amyloidosis, Familial",3.0
lenalidomide,Anemia,4.0
lenalidomide,Astrocytoma,1.0
lenalidomide,Autistic Disorder,2.0
lenalidomide,Burkitt Lymphoma,1.0
lenalidomide,Cachexia,1.0
lenalidomide,"Carcinoma, Hepatocellular",2.0
lenalidomide,"Carcinoma, Non-Small-Cell Lung",2.0
lenalidomide,"Carcinoma, Pancreatic Ductal",1.0
lenalidomide,"Carcinoma, Renal Cell",1.0
lenalidomide,"Carcinoma, Squamous Cell",2.0
lenalidomide,Central Nervous System Neoplasms,1.0
lenalidomide,Colonic Neoplasms,1.0
lenalidomide,Colorectal Neoplasms,2.0
lenalidomide,Complex Regional Pain Syndromes,2.0
lenalidomide,Crohn Disease,2.0
lenalidomide,Diffuse Intrinsic Pontine Glioma,1.0
lenalidomide,Epstein-Barr Virus Infections,3.0
lenalidomide,Fallopian Tube Neoplasms,1.0
lenalidomide,Glioma,2.0
lenalidomide,Gliosarcoma,2.0
lenalidomide,Graft vs Host Disease,2.0
lenalidomide,HIV Infections,2.0
lenalidomide,Hematologic Diseases,2.0
lenalidomide,Hematologic Neoplasms,2.0
lenalidomide,"Histiocytosis, Sinus",2.0
lenalidomide,Hodgkin Disease,2.0
lenalidomide,Immune System Diseases,4.0
lenalidomide,Immunoglobulin Light-chain Amyloidosis,2.0
lenalidomide,Kidney Neoplasms,2.0
lenalidomide,Leukemia,2.0
lenalidomide,"Leukemia, Biphenotypic, Acute",2.0
lenalidomide,"Leukemia, Lymphocytic, Chronic, B-Cell",3.0
lenalidomide,"Leukemia, Lymphoid",2.0
lenalidomide,"Leukemia, Myelogenous, Chronic, BCR-ABL Positive",1.0
lenalidomide,"Leukemia, Myeloid, Acute",3.0
lenalidomide,"Leukemia, Myelomonocytic, Chronic",2.0
lenalidomide,"Leukemia, Plasma Cell",2.0
lenalidomide,"Leukemia, Prolymphocytic",2.0
lenalidomide,"Leukemia-Lymphoma, Adult T-Cell",2.0
lenalidomide,Liver Neoplasms,2.0
lenalidomide,Lymphoma,3.0
lenalidomide,"Lymphoma, B-Cell",1.0
lenalidomide,"Lymphoma, B-Cell, Marginal Zone",3.0
lenalidomide,"Lymphoma, Follicular",3.0
lenalidomide,"Lymphoma, Large B-Cell, Diffuse",3.0
lenalidomide,"Lymphoma, Mantle-Cell",4.0
lenalidomide,"Lymphoma, Non-Hodgkin",3.0
lenalidomide,"Lymphoma, Primary Effusion",1.0
lenalidomide,"Lymphoma, T-Cell",2.0
lenalidomide,"Lymphoma, T-Cell, Cutaneous",2.0
lenalidomide,"Lymphoma, T-Cell, Peripheral",2.0
lenalidomide,Melanoma,3.0
lenalidomide,Multiple Myeloma,4.0
lenalidomide,Myelodysplastic Syndromes,4.0
lenalidomide,Myeloproliferative Disorders,2.0
lenalidomide,Neoplasm Metastasis,3.0
lenalidomide,Neoplasms,1.0
lenalidomide,"Neoplasms, Plasma Cell",3.0
lenalidomide,Neuroblastoma,1.0
lenalidomide,Ovarian Neoplasms,1.0
lenalidomide,POEMS Syndrome,2.0
lenalidomide,Pancreatic Neoplasms,2.0
lenalidomide,Peritoneal Neoplasms,1.0
lenalidomide,Plasmacytoma,3.0
lenalidomide,Polycythemia Vera,2.0
lenalidomide,Precursor Cell Lymphoblastic Leukemia-Lymphoma,2.0
lenalidomide,Primary Myelofibrosis,2.0
lenalidomide,Prostatic Neoplasms,2.0
lenalidomide,"Prostatic Neoplasms, Castration-Resistant",3.0
lenalidomide,Radiculopathy,2.0
lenalidomide,Rectal Neoplasms,1.0
lenalidomide,"Sarcoma, Kaposi",1.0
lenalidomide,Smoldering Multiple Myeloma,3.0
lenalidomide,"Thrombocythemia, Essential",2.0
lenalidomide,Thyroid Neoplasms,2.0
lenalidomide,Urethral Neoplasms,1.0
lenalidomide,Urinary Bladder Neoplasms,2.0
lenalidomide,Waldenstrom Macroglobulinemia,2.0
lenvatinib,Adenocarcinoma,2.0
lenvatinib,Adenocarcinoma of Lung,2.0
lenvatinib,"Adenocarcinoma, Follicular",2.0
lenvatinib,Adrenal Cortex Neoplasms,2.0
lenvatinib,Biliary Tract Neoplasms,2.0
lenvatinib,Breast Neoplasms,2.0
lenvatinib,"Carcinoma, Adenoid Cystic",2.0
lenvatinib,"Carcinoma, Hepatocellular",3.0
lenvatinib,"Carcinoma, Merkel Cell",2.0
lenvatinib,"Carcinoma, Neuroendocrine",2.0
lenvatinib,"Carcinoma, Non-Small-Cell Lung",3.0
lenvatinib,"Carcinoma, Pancreatic Ductal",1.0
lenvatinib,"Carcinoma, Renal Cell",3.0
lenvatinib,"Carcinoma, Squamous Cell",3.0
lenvatinib,Central Nervous System Neoplasms,1.0
lenvatinib,Cholangiocarcinoma,3.0
lenvatinib,Colorectal Neoplasms,3.0
lenvatinib,Endometrial Neoplasms,3.0
lenvatinib,Esophageal Neoplasms,3.0
lenvatinib,Glioblastoma,1.0
lenvatinib,Kidney Diseases,1.0
lenvatinib,Kidney Neoplasms,2.0
lenvatinib,Liver Diseases,1.0
lenvatinib,Liver Neoplasms,2.0
lenvatinib,Lymphoma,1.0
lenvatinib,Melanoma,3.0
lenvatinib,Meningeal Carcinomatosis,2.0
lenvatinib,Mesothelioma,2.0
lenvatinib,Neoplasms,4.0
lenvatinib,Neuroendocrine Tumors,2.0
lenvatinib,Osteosarcoma,2.0
lenvatinib,Ovarian Neoplasms,2.0
lenvatinib,Paraganglioma,2.0
lenvatinib,Rectal Neoplasms,1.0
lenvatinib,Retroviridae Infections,2.0
lenvatinib,Sarcoma,2.0
lenvatinib,"Sarcoma, Kaposi",2.0
lenvatinib,Small Cell Lung Carcinoma,2.0
lenvatinib,Stomach Neoplasms,2.0
lenvatinib,Thymoma,2.0
lenvatinib,Thyroid Neoplasms,3.0
lenvatinib,Urinary Bladder Neoplasms,3.0
lenvatinib,Uterine Cervical Neoplasms,2.0
lenvatinib,Vulvar Neoplasms,2.0
lerisetron,Postoperative Nausea and Vomiting,3.0
lersivirine,HIV Infections,2.0
lesinurad,Gout,4.0
lesinurad,Hyperuricemia,4.0
lestaurtinib,Leukemia,2.0
lestaurtinib,"Leukemia, Myeloid, Acute",2.0
lestaurtinib,Multiple Myeloma,2.0
lestaurtinib,Neuroblastoma,1.0
lestaurtinib,Polycythemia Vera,2.0
lestaurtinib,Precursor Cell Lymphoblastic Leukemia-Lymphoma,3.0
lestaurtinib,Primary Myelofibrosis,1.0
lestaurtinib,"Prostatic Neoplasms, Castration-Resistant",2.0
lestaurtinib,Psoriasis,2.0
lestaurtinib,"Thrombocythemia, Essential",2.0
letermovir,Cytomegalovirus Infections,4.0
letermovir,Graft vs Host Disease,2.0
letermovir,Infections,4.0
letermovir,Pregnancy,3.0
letermovir,Virus Diseases,4.0
letrozole,"Abortion, Spontaneous",3.0
letrozole,Adenomyosis,2.0
letrozole,Anovulation,2.0
letrozole,Azoospermia,3.0
letrozole,Brain Neoplasms,0.5
letrozole,Breast Neoplasms,4.0
letrozole,Carcinoma,2.0
letrozole,"Carcinoma, Endometrioid",1.0
letrozole,"Carcinoma, Intraductal, Noninfiltrating",3.0
letrozole,"Carcinoma, Lobular",2.0
letrozole,"Carcinoma, Non-Small-Cell Lung",1.0
letrozole,Dwarfism,2.0
letrozole,Endometrial Neoplasms,3.0
letrozole,Endometriosis,2.0
letrozole,Fallopian Tube Neoplasms,2.0
letrozole,Follicular Cyst,3.0
letrozole,Hemangiosarcoma,2.0
letrozole,Hereditary Breast and Ovarian Cancer Syndrome,3.0
letrozole,Hermanski-Pudlak Syndrome,2.0
letrozole,Hypogonadism,3.0
letrozole,Infertility,3.0
letrozole,"Infertility, Male",2.0
letrozole,Inflammatory Breast Neoplasms,2.0
letrozole,Leiomyoma,1.0
letrozole,Leiomyosarcoma,2.0
letrozole,Liver Neoplasms,2.0
letrozole,Lymphangioleiomyomatosis,2.0
letrozole,"Lymphoma, Non-Hodgkin",1.0
letrozole,Menopause,3.0
letrozole,Mesothelioma,1.0
letrozole,Neoplasm Metastasis,3.0
letrozole,Neoplasms,4.0
letrozole,Osteoporosis,3.0
letrozole,Ovarian Hyperstimulation Syndrome,3.0
letrozole,Ovarian Neoplasms,3.0
letrozole,Peritoneal Neoplasms,2.0
letrozole,Polycystic Ovary Syndrome,3.0
letrozole,Pregnancy,3.0
letrozole,"Pregnancy, Ectopic",1.0
letrozole,Triple Negative Breast Neoplasms,2.0
letrozole,Uterine Cervical Neoplasms,2.0
letrozole,Uterine Neoplasms,2.0
levalbuterol,Asthma,3.0
levalbuterol,"Pulmonary Disease, Chronic Obstructive",3.0
levamisole,Acne Vulgaris,2.0
levamisole,"Anemia, Aplastic",2.0
levamisole,"Carcinoma, Hepatocellular",3.0
levamisole,Helminthiasis,4.0
levamisole,Severe Acute Respiratory Syndrome,3.0
levetiracetam,Alcoholism,3.0
levetiracetam,Alzheimer Disease,2.0
levetiracetam,"Anemia, Sickle Cell",2.0
levetiracetam,Anxiety,3.0
levetiracetam,Aphasia,1.0
levetiracetam,Bipolar Disorder,2.0
levetiracetam,Brain Neoplasms,2.0
levetiracetam,Canavan Disease,1.0
levetiracetam,Cocaine-Related Disorders,2.0
levetiracetam,Cognitive Dysfunction,2.0
levetiracetam,Dementia,3.0
levetiracetam,Depressive Disorder,3.0
levetiracetam,"Dyskinesia, Drug-Induced",2.0
levetiracetam,"Epilepsies, Partial",3.0
levetiracetam,Epilepsy,4.0
levetiracetam,"Epilepsy, Absence",2.0
levetiracetam,"Epilepsy, Reflex",2.0
levetiracetam,"Epilepsy, Tonic-Clonic",4.0
levetiracetam,Essential Tremor,1.0
levetiracetam,Glioblastoma,2.0
levetiracetam,"Leukemia, Myeloid, Acute",2.0
levetiracetam,"Lymphoma, Follicular",1.0
levetiracetam,Movement Disorders,3.0
levetiracetam,"Neuralgia, Postherpetic",2.0
levetiracetam,Neuroblastoma,2.0
levetiracetam,Obsessive-Compulsive Disorder,2.0
levetiracetam,Opioid-Related Disorders,2.0
levetiracetam,Panic Disorder,3.0
levetiracetam,Paraganglioma,2.0
levetiracetam,Parkinson Disease,2.0
levetiracetam,Polyneuropathies,2.0
levetiracetam,Psychotic Disorders,2.0
levetiracetam,Restless Legs Syndrome,2.0
levetiracetam,Schizophrenia,3.0
levetiracetam,Seizures,4.0
levetiracetam,Status Epilepticus,3.0
levetiracetam,"Stress Disorders, Post-Traumatic",2.0
levetiracetam,Stroke,1.0
levetiracetam,Subarachnoid Hemorrhage,3.0
levetiracetam,Substance Withdrawal Syndrome,3.0
levetiracetam,Torticollis,2.0
levobunolol,Glaucoma,4.0
levocabastine,Eye Manifestations,4.0
levocabastine,Nasal Obstruction,4.0
levocabastine,"Rhinitis, Allergic, Perennial",2.0
levocabastine,"Rhinitis, Allergic, Seasonal",2.0
levocetirizine,Asthma,3.0
levocetirizine,Colorectal Neoplasms,2.0
levocetirizine,Dermatitis,3.0
levocetirizine,Diabetic Nephropathies,2.0
levocetirizine,Eczema,3.0
levocetirizine,Hypersensitivity,4.0
levocetirizine,Rhinitis,3.0
levocetirizine,"Rhinitis, Allergic, Perennial",3.0
levocetirizine,"Rhinitis, Allergic, Seasonal",3.0
levocetirizine,"Rhinitis, Vasomotor",3.0
levocetirizine,Urticaria,3.0
levofloxacin,Appendicitis,2.0
levofloxacin,Bacterial Infections,4.0
levofloxacin,Bronchitis,3.0
levofloxacin,"Bronchitis, Chronic",4.0
levofloxacin,Cataract,3.0
levofloxacin,Cellulitis,2.0
levofloxacin,"Conjunctivitis, Bacterial",4.0
levofloxacin,Cystic Fibrosis,4.0
levofloxacin,Diabetic Foot,2.0
levofloxacin,Dyspepsia,3.0
levofloxacin,Endocarditis,3.0
levofloxacin,Endophthalmitis,1.0
levofloxacin,Escherichia coli Infections,1.0
levofloxacin,Eye Infections,4.0
levofloxacin,Fever,3.0
levofloxacin,HIV Infections,1.0
levofloxacin,Helicobacter Infections,3.0
levofloxacin,Hot Flashes,3.0
levofloxacin,Infections,4.0
levofloxacin,"Influenza, Human",3.0
levofloxacin,Kidney Diseases,1.0
levofloxacin,"Lymphoma, Non-Hodgkin",2.0
levofloxacin,Maxillary Sinusitis,3.0
levofloxacin,Neoplasms,2.0
levofloxacin,Neutropenia,3.0
levofloxacin,Otitis Media,3.0
levofloxacin,Pelvic Inflammatory Disease,3.0
levofloxacin,Pneumonia,4.0
levofloxacin,"Pneumonia, Bacterial",3.0
levofloxacin,Prostatic Hyperplasia,3.0
levofloxacin,Prostatitis,3.0
levofloxacin,"Pulmonary Disease, Chronic Obstructive",3.0
levofloxacin,Pyelonephritis,3.0
levofloxacin,Respiratory Tract Infections,4.0
levofloxacin,Sarcoidosis,2.0
levofloxacin,Severe Acute Respiratory Syndrome,3.0
levofloxacin,Sinusitis,4.0
levofloxacin,Skin Diseases,3.0
levofloxacin,Staphylococcal Infections,3.0
levofloxacin,Tuberculosis,3.0
levofloxacin,"Tuberculosis, Multidrug-Resistant",2.0
levofloxacin,"Tuberculosis, Pulmonary",3.0
levofloxacin,Urinary Tract Infections,4.0
levonorgestrel,Adenomyosis,2.0
levonorgestrel,Anorexia Nervosa,3.0
levonorgestrel,"Bone Diseases, Metabolic",3.0
levonorgestrel,Diabetes Mellitus,1.0
levonorgestrel,"Diabetes Mellitus, Type 2",1.0
levonorgestrel,Dysmenorrhea,3.0
levonorgestrel,Endometrial Neoplasms,2.0
levonorgestrel,Endometriosis,3.0
levonorgestrel,HIV Infections,2.0
levonorgestrel,Hemorrhage,3.0
levonorgestrel,"Hepatitis B, Chronic",1.0
levonorgestrel,"Hepatitis C, Chronic",1.0
levonorgestrel,"Leukemia, Lymphocytic, Chronic, B-Cell",1.0
levonorgestrel,Menorrhagia,4.0
levonorgestrel,Migraine Disorders,3.0
levonorgestrel,Neoplasms,1.0
levonorgestrel,Non-alcoholic Fatty Liver Disease,1.0
levonorgestrel,Ovarian Neoplasms,2.0
levonorgestrel,Pain,2.0
levonorgestrel,Pregnancy,2.0
levosimendan,Acute Kidney Injury,2.0
levosimendan,Amyotrophic Lateral Sclerosis,3.0
levosimendan,Cardiovascular Diseases,3.0
levosimendan,Coronary Disease,2.0
levosimendan,Heart Diseases,2.0
levosimendan,Heart Failure,3.0
levosimendan,Hemorrhage,2.0
levosimendan,"Hernias, Diaphragmatic, Congenital",2.0
levosimendan,"Ischemic Attack, Transient",2.0
levosimendan,Muscular Diseases,2.0
levosimendan,ST Elevation Myocardial Infarction,3.0
levosimendan,Severe Acute Respiratory Syndrome,3.0
levosimendan,Shock,3.0
levosimendan,"Shock, Septic",2.0
levosimendan,Stroke,2.0
levothyroxine,Bipolar Disorder,2.0
levothyroxine,Congenital Hypothyroidism,3.0
levothyroxine,Diabetes Mellitus,1.0
levothyroxine,Graves Disease,2.0
levothyroxine,Hypothyroidism,3.0
levothyroxine,Infections,1.0
levothyroxine,Lipid Metabolism Disorders,3.0
levothyroxine,Pregnancy,0.5
licarbazepine,Bipolar Disorder,3.0
licarbazepine,Epilepsy,1.0
lidocaine,"Abortion, Spontaneous",1.0
lidocaine,Analgesia,3.0
lidocaine,Anus Diseases,2.0
lidocaine,Anxiety,2.0
lidocaine,"Arrhythmias, Cardiac",4.0
lidocaine,Arthritis,4.0
lidocaine,Attention Deficit Disorder with Hyperactivity,0.5
lidocaine,Back Pain,4.0
lidocaine,Brain Neoplasms,1.0
lidocaine,Breast Neoplasms,3.0
lidocaine,Burns,4.0
lidocaine,Bursitis,4.0
lidocaine,Cancer Pain,2.0
lidocaine,Carcinoma,2.0
lidocaine,"Carcinoma, Squamous Cell",1.0
lidocaine,Carpal Tunnel Syndrome,3.0
lidocaine,Chronic Pain,3.0
lidocaine,Cicatrix,0.5
lidocaine,Cocaine-Related Disorders,2.0
lidocaine,Cognitive Dysfunction,2.0
lidocaine,Colorectal Neoplasms,3.0
lidocaine,Common Cold,3.0
lidocaine,Complex Regional Pain Syndromes,0.5
lidocaine,Cough,3.0
lidocaine,"Cystitis, Interstitial",2.0
lidocaine,Diabetic Neuropathies,2.0
lidocaine,Dysmenorrhea,2.0
lidocaine,Dysphonia,2.0
lidocaine,Dysuria,3.0
lidocaine,Fibromyalgia,3.0
lidocaine,"Fractures, Bone",3.0
lidocaine,Geographic Atrophy,2.0
lidocaine,Glioblastoma,1.0
lidocaine,Glycogen Storage Disease Type II,1.0
lidocaine,Headache,3.0
lidocaine,Heart Arrest,3.0
lidocaine,Heart Diseases,2.0
lidocaine,Hemorrhage,3.0
lidocaine,Hemorrhoids,4.0
lidocaine,Humeral Fractures,2.0
lidocaine,"Hypertension, Pulmonary",1.0
lidocaine,Ileus,3.0
lidocaine,Infertility,2.0
lidocaine,Inflammation,4.0
lidocaine,Insect Bites and Stings,4.0
lidocaine,Irritable Bowel Syndrome,2.0
lidocaine,"Keratosis, Actinic",1.0
lidocaine,Leiomyoma,2.0
lidocaine,Low Back Pain,3.0
lidocaine,Lung Neoplasms,1.0
lidocaine,Migraine Disorders,3.0
lidocaine,Morton Neuroma,0.5
lidocaine,Muscle Cramp,4.0
lidocaine,Muscular Diseases,3.0
lidocaine,Myalgia,4.0
lidocaine,Myofascial Pain Syndromes,2.0
lidocaine,Neoplasms,2.0
lidocaine,"Neoplasms, Cystic, Mucinous, and Serous",1.0
lidocaine,Neuralgia,4.0
lidocaine,"Neuralgia, Postherpetic",4.0
lidocaine,Neuroma,1.0
lidocaine,Nutrition Disorders,3.0
lidocaine,Obesity,3.0
lidocaine,"Obesity, Morbid",3.0
lidocaine,Osteoarthritis,4.0
lidocaine,"Osteoarthritis, Knee",3.0
lidocaine,"Osteoporosis, Postmenopausal",3.0
lidocaine,"Paget Disease, Extramammary",3.0
lidocaine,Pain,4.0
lidocaine,Parathyroid Diseases,3.0
lidocaine,Parathyroid Neoplasms,0.5
lidocaine,Periarthritis,3.0
lidocaine,Peripheral Nervous System Diseases,3.0
lidocaine,Pharyngitis,3.0
lidocaine,Pre-Eclampsia,3.0
lidocaine,Pregnancy,3.0
lidocaine,Premature Birth,1.0
lidocaine,Premature Ejaculation,4.0
lidocaine,Pruritus,4.0
lidocaine,Pulpitis,3.0
lidocaine,Radius Fractures,0.5
lidocaine,Rectal Diseases,4.0
lidocaine,Renal Colic,2.0
lidocaine,Rib Fractures,2.0
lidocaine,"Scleroderma, Localized",2.0
lidocaine,Scoliosis,3.0
lidocaine,Severe Acute Respiratory Syndrome,2.0
lidocaine,"Shock, Septic",3.0
lidocaine,Shoulder Impingement Syndrome,2.0
lidocaine,Shoulder Pain,2.0
lidocaine,Sinusitis,3.0
lidocaine,Skin Diseases,2.0
lidocaine,Skin Neoplasms,0.5
lidocaine,Spinal Fractures,0.5
lidocaine,Sprains and Strains,4.0
lidocaine,Stomatitis,3.0
lidocaine,Stroke,3.0
lidocaine,Sunburn,4.0
lidocaine,Temporomandibular Joint Disorders,2.0
lidocaine,Tendinopathy,4.0
lidocaine,Tennis Elbow,3.0
lidocaine,Thromboembolism,1.0
lidocaine,Tinnitus,0.5
lidocaine,Trigeminal Neuralgia,2.0
lidocaine,Urethritis,4.0
lidocaine,Urinary Bladder Neoplasms,3.0
lidocaine,"Urinary Bladder, Overactive",3.0
lidocaine,Urinary Incontinence,2.0
lidocaine,Urinary Tract Infections,2.0
lidocaine,Uterine Cervical Dysplasia,3.0
lidocaine,Wounds and Injuries,3.0
lidoflazine,Cardiovascular Diseases,4.0
linagliptin,Adenocarcinoma,1.0
linagliptin,"Carcinoma, Non-Small-Cell Lung",1.0
linagliptin,Diabetes Mellitus,4.0
linagliptin,"Diabetes Mellitus, Type 2",4.0
linagliptin,Esophageal Neoplasms,1.0
linagliptin,Hypertension,1.0
linagliptin,Renal Insufficiency,1.0
linagliptin,Respiratory Tract Diseases,3.0
linagliptin,Schizophrenia,1.0
linagliptin,Severe Acute Respiratory Syndrome,3.0
linagliptin,Stomach Neoplasms,1.0
linezolid,Abscess,3.0
linezolid,Bacteremia,4.0
linezolid,Bacterial Infections,4.0
linezolid,Burns,1.0
linezolid,Cellulitis,3.0
linezolid,Cystic Fibrosis,2.0
linezolid,Gram-Positive Bacterial Infections,3.0
linezolid,Hematologic Neoplasms,2.0
linezolid,Infections,4.0
linezolid,Lung Diseases,2.0
linezolid,Meningitis,2.0
linezolid,Optic Nerve Diseases,3.0
linezolid,Osteomyelitis,4.0
linezolid,Pneumonia,4.0
linezolid,"Pneumonia, Bacterial",3.0
linezolid,"Pneumonia, Pneumococcal",3.0
linezolid,Skin Diseases,3.0
linezolid,Staphylococcal Infections,3.0
linezolid,Syphilis,3.0
linezolid,Tuberculosis,3.0
linezolid,"Tuberculosis, Multidrug-Resistant",2.0
linezolid,"Tuberculosis, Pulmonary",3.0
linifanib,Breast Neoplasms,2.0
linifanib,"Carcinoma, Hepatocellular",3.0
linifanib,"Carcinoma, Non-Small-Cell Lung",2.0
linifanib,"Carcinoma, Renal Cell",2.0
linifanib,Colonic Neoplasms,2.0
linifanib,Colorectal Neoplasms,2.0
linifanib,Endometriosis,1.0
linifanib,Macular Degeneration,2.0
linifanib,Neoplasms,1.0
linifanib,Rectal Neoplasms,2.0
linopirdine,Attention Deficit Disorder with Hyperactivity,2.0
linsidomine,Cardiovascular Diseases,2.0
linsitinib,Adrenal Cortex Neoplasms,3.0
linsitinib,Breast Neoplasms,2.0
linsitinib,"Carcinoma, Hepatocellular",2.0
linsitinib,"Carcinoma, Non-Small-Cell Lung",2.0
linsitinib,"Carcinoma, Squamous Cell",1.0
linsitinib,Colorectal Neoplasms,1.0
linsitinib,Head and Neck Neoplasms,2.0
linsitinib,Neoplasms,2.0
linsitinib,Ovarian Neoplasms,1.0
linsitinib,Prostatic Neoplasms,2.0
linsitinib,"Prostatic Neoplasms, Castration-Resistant",2.0
linsitinib,"Sarcoma, Ewing",2.0
linsitinib,Skin Neoplasms,1.0
linsitinib,Small Cell Lung Carcinoma,2.0
lisinopril,Cardiovascular Diseases,4.0
lisinopril,Diabetes Mellitus,4.0
lisinopril,Heart Failure,4.0
lisinopril,Hypertension,4.0
lisinopril,Myocardial Infarction,4.0
lisinopril,Stroke,4.0
lisofylline,"Diabetes Mellitus, Type 1",2.0
lodoxamide,Eye Manifestations,4.0
lofexidine,Cocaine-Related Disorders,1.0
lofexidine,Heroin Dependence,1.0
lofexidine,Liver Failure,1.0
lofexidine,Marijuana Abuse,2.0
lofexidine,Opioid-Related Disorders,3.0
lofexidine,Substance-Related Disorders,4.0
lomitapide,Cardiovascular Diseases,3.0
lomitapide,Hyperlipoproteinemia Type II,3.0
lonafarnib,Astrocytoma,1.0
lonafarnib,Breast Neoplasms,2.0
lonafarnib,"Carcinoma, Non-Small-Cell Lung",3.0
lonafarnib,Central Nervous System Neoplasms,1.0
lonafarnib,Colorectal Neoplasms,1.0
lonafarnib,Glioblastoma,1.0
lonafarnib,Gliosarcoma,1.0
lonafarnib,Head and Neck Neoplasms,1.0
lonafarnib,Hepatitis D,3.0
lonafarnib,Laminopathies,4.0
lonafarnib,"Leukemia, Myelogenous, Chronic, BCR-ABL Positive",2.0
lonafarnib,"Leukemia, Myelomonocytic, Chronic",3.0
lonafarnib,Liver Neoplasms,2.0
lonafarnib,Lymphoma,1.0
lonafarnib,Myelodysplastic Syndromes,3.0
lonafarnib,Neoplasm Metastasis,3.0
lonafarnib,Ovarian Neoplasms,2.0
lonafarnib,Progeria,4.0
lonafarnib,Urethral Neoplasms,2.0
lonafarnib,Urinary Bladder Neoplasms,2.0
lonidamine,Neoplasms,3.0
lonidamine,Prostatic Hyperplasia,3.0
loperamide,Breast Neoplasms,2.0
loperamide,"Carcinoma, Non-Small-Cell Lung",3.0
loperamide,Clostridium Infections,2.0
loperamide,Diarrhea,3.0
loperamide,Eczema,2.0
loperamide,Fecal Incontinence,3.0
loperamide,Intestinal Obstruction,1.0
loperamide,Neoplasms,2.0
loperamide,"Paget Disease, Extramammary",2.0
loperamide,Pain,0.5
lopinavir,Acquired Immunodeficiency Syndrome,3.0
lopinavir,Anus Neoplasms,1.0
lopinavir,Coronavirus Infections,3.0
lopinavir,HIV Infections,4.0
lopinavir,Hepatitis C,1.0
lopinavir,Infections,2.0
lopinavir,"Influenza, Human",3.0
lopinavir,Insulin Resistance,1.0
lopinavir,Pneumonia,3.0
lopinavir,Pregnancy,2.0
lopinavir,Respiratory Distress Syndrome,1.0
lopinavir,"Sarcoma, Kaposi",2.0
lopinavir,Severe Acute Respiratory Syndrome,3.0
lopinavir,Tuberculosis,1.0
loratadine,"Arthritis, Rheumatoid",1.0
loratadine,Asthma,3.0
loratadine,Back Pain,2.0
loratadine,Breast Neoplasms,2.0
loratadine,"Dermatitis, Atopic",1.0
loratadine,Eosinophilic Esophagitis,2.0
loratadine,Hypersensitivity,4.0
loratadine,Lymphangioleiomyomatosis,2.0
loratadine,Lymphoma,0.5
loratadine,Multiple Myeloma,0.5
loratadine,Multiple Sclerosis,1.0
loratadine,Pruritus,4.0
loratadine,"Rhinitis, Allergic, Perennial",4.0
loratadine,"Rhinitis, Allergic, Seasonal",4.0
loratadine,Severe Acute Respiratory Syndrome,2.0
loratadine,Urticaria,4.0
lorazepam,Alcoholism,2.0
lorazepam,Alzheimer Disease,1.0
lorazepam,Amphetamine-Related Disorders,2.0
lorazepam,Anxiety,4.0
lorazepam,Anxiety Disorders,4.0
lorazepam,Cocaine-Related Disorders,2.0
lorazepam,Delirium,2.0
lorazepam,Dementia,3.0
lorazepam,Depression,4.0
lorazepam,Depressive Disorder,3.0
lorazepam,Down Syndrome,2.0
lorazepam,Epidermolysis Bullosa,0.5
lorazepam,Epilepsia Partialis Continua,3.0
lorazepam,Epilepsy,3.0
lorazepam,"Epilepsy, Reflex",2.0
lorazepam,Obsessive-Compulsive Disorder,1.0
lorazepam,Pain,2.0
lorazepam,Psychomotor Agitation,3.0
lorazepam,Psychotic Disorders,3.0
lorazepam,Schizophrenia,3.0
lorazepam,Seizures,2.0
lorazepam,Status Epilepticus,4.0
lorazepam,Substance Withdrawal Syndrome,2.0
lorazepam,Substance-Related Disorders,1.0
lorazepam,Vertigo,3.0
lorazepam,Voice Disorders,1.0
lorcaserin,Cardiovascular Diseases,1.0
lorcaserin,Cocaine-Related Disorders,2.0
lorcaserin,Kidney Diseases,1.0
lorcaserin,Liver Diseases,1.0
lorcaserin,Marijuana Abuse,1.0
lorcaserin,Obesity,4.0
lorcaserin,Opioid-Related Disorders,2.0
lorcaserin,Peripheral Nervous System Diseases,2.0
lorcaserin,Substance-Related Disorders,1.0
lorcaserin,Tobacco Use Disorder,2.0
losartan,Aging,1.0
losartan,"Anemia, Sickle Cell",2.0
losartan,Aortic Valve Insufficiency,2.0
losartan,Breast Neoplasms,2.0
losartan,"Carcinoma, Squamous Cell",1.0
losartan,"Cardiomyopathy, Hypertrophic",2.0
losartan,Cardiovascular Diseases,4.0
losartan,"Constriction, Pathologic",1.0
losartan,Cystic Fibrosis,2.0
losartan,"Diabetes Mellitus, Type 1",2.0
losartan,"Diabetes Mellitus, Type 2",1.0
losartan,Diabetic Nephropathies,3.0
losartan,Essential Hypertension,3.0
losartan,Glioblastoma,3.0
losartan,"Glomerulonephritis, IGA",3.0
losartan,"Glomerulosclerosis, Focal Segmental",2.0
losartan,HIV Infections,2.0
losartan,Heart Failure,3.0
losartan,"Hyperoxaluria, Primary",3.0
losartan,Hypertension,3.0
losartan,"Hypertension, Pulmonary",3.0
losartan,"Hypertrophy, Left Ventricular",3.0
losartan,Idiopathic Pulmonary Fibrosis,2.0
losartan,Inflammation,2.0
losartan,Keloid,1.0
losartan,Kidney Diseases,3.0
losartan,Marfan Syndrome,3.0
losartan,Melanoma,1.0
losartan,Neurilemmoma,2.0
losartan,"Neuroma, Acoustic",2.0
losartan,Non-alcoholic Fatty Liver Disease,3.0
losartan,"Osteoarthritis, Knee",1.0
losartan,Osteosarcoma,1.0
losartan,Pancreatic Neoplasms,2.0
losartan,Peripheral Arterial Disease,0.5
losartan,Peripheral Nervous System Diseases,2.0
losartan,Proteinuria,3.0
losartan,"Renal Insufficiency, Chronic",3.0
losartan,Respiratory Distress Syndrome,2.0
losartan,Sarcopenia,2.0
losartan,Severe Acute Respiratory Syndrome,3.0
losartan,"Stress Disorders, Post-Traumatic",2.0
losartan,Wounds and Injuries,1.0
losmapimod,Acute Coronary Syndrome,3.0
losmapimod,"Arthritis, Rheumatoid",2.0
losmapimod,Atherosclerosis,2.0
losmapimod,Cardiovascular Diseases,1.0
losmapimod,"Depressive Disorder, Major",2.0
losmapimod,"Glomerulosclerosis, Focal Segmental",2.0
losmapimod,Lipid Metabolism Disorders,2.0
losmapimod,"Muscular Dystrophy, Facioscapulohumeral",3.0
losmapimod,Neuralgia,2.0
losmapimod,"Pulmonary Disease, Chronic Obstructive",2.0
losmapimod,Severe Acute Respiratory Syndrome,3.0
loxoprofen,Arthralgia,4.0
loxoprofen,"Arthritis, Rheumatoid",2.0
loxoprofen,Low Back Pain,3.0
loxoprofen,Muscular Diseases,2.0
loxoprofen,Myalgia,4.0
loxoprofen,Neck Pain,2.0
loxoprofen,Pain,3.0
loxoprofen,Rheumatic Diseases,4.0
lucitanib,Breast Neoplasms,2.0
lucitanib,"Carcinoma, Non-Small-Cell Lung",2.0
lucitanib,"Genital Neoplasms, Female",1.0
lucitanib,Lung Neoplasms,2.0
lucitanib,Neoplasms,2.0
lucitanib,Small Cell Lung Carcinoma,2.0
luliconazole,Onychomycosis,2.0
luliconazole,Tinea,4.0
luliconazole,Tinea Pedis,4.0
lumacaftor,Cystic Fibrosis,4.0
lumacaftor,Liver Diseases,1.0
lurasidone,Autistic Disorder,3.0
lurasidone,Bipolar Disorder,3.0
lurasidone,Depressive Disorder,3.0
lurasidone,"Depressive Disorder, Major",3.0
lurasidone,Psychotic Disorders,3.0
lurasidone,Schizophrenia,3.0
mCPP,Alcoholism,2.0
mCPP,Cocaine-Related Disorders,2.0
macitentan,Familial Primary Pulmonary Hypertension,4.0
macitentan,Glioblastoma,1.0
macitentan,Heart Failure,2.0
macitentan,"Hernias, Diaphragmatic, Congenital",3.0
macitentan,Hypertension,4.0
macitentan,"Hypertension, Pulmonary",4.0
macitentan,Idiopathic Pulmonary Fibrosis,2.0
macitentan,Pulmonary Embolism,3.0
macitentan,"Scleroderma, Systemic",3.0
macitentan,Ulcer,3.0
maprotiline,Anxiety,3.0
maprotiline,Brain Neoplasms,1.0
maprotiline,Dementia,3.0
maprotiline,Depressive Disorder,4.0
maprotiline,Glioblastoma,1.0
maprotiline,Schizophrenia,3.0
maraviroc,AIDS Dementia Complex,2.0
maraviroc,Acquired Immunodeficiency Syndrome,3.0
maraviroc,"Arthritis, Rheumatoid",2.0
maraviroc,Cognitive Dysfunction,2.0
maraviroc,Graft vs Host Disease,2.0
maraviroc,HIV Infections,4.0
maraviroc,Hematologic Neoplasms,2.0
maraviroc,Hodgkin Disease,2.0
maraviroc,Hypertriglyceridemia,1.0
maraviroc,Infections,3.0
maraviroc,"Leukemia, Lymphocytic, Chronic, B-Cell",2.0
maraviroc,"Leukemia, Myelogenous, Chronic, BCR-ABL Positive",2.0
maraviroc,"Lymphoma, Follicular",2.0
maraviroc,"Lymphoma, Large B-Cell, Diffuse",2.0
maraviroc,Myelodysplastic Syndromes,2.0
maraviroc,"Sarcoma, Kaposi",2.0
maraviroc,Severe Acute Respiratory Syndrome,2.0
maraviroc,Stroke,2.0
maraviroc,Virus Diseases,4.0
maribavir,Cytomegalovirus Infections,4.0
maribavir,Virus Diseases,4.0
marimastat,Breast Neoplasms,3.0
marimastat,Lung Neoplasms,3.0
masitinib,Alzheimer Disease,3.0
masitinib,Amyotrophic Lateral Sclerosis,3.0
masitinib,"Arthritis, Rheumatoid",2.0
masitinib,Asthma,3.0
masitinib,Gastrointestinal Stromal Tumors,3.0
masitinib,Mastocytosis,2.0
masitinib,"Mastocytosis, Systemic",3.0
masitinib,Melanoma,3.0
masitinib,Multiple Myeloma,3.0
masitinib,Multiple Sclerosis,3.0
masitinib,"Multiple Sclerosis, Chronic Progressive",3.0
masitinib,Neoplasms,4.0
masitinib,Ovarian Neoplasms,2.0
masitinib,Pancreatic Neoplasms,3.0
masitinib,"Prostatic Neoplasms, Castration-Resistant",3.0
masitinib,Psoriasis,2.0
masitinib,Severe Acute Respiratory Syndrome,2.0
masoprocol,Neoplasms,4.0
masoprocol,"Prostatic Neoplasms, Castration-Resistant",2.0
maxacalcitol,"Hyperparathyroidism, Secondary",3.0
mazindol,Attention Deficit Disorder with Hyperactivity,2.0
mazindol,Cocaine-Related Disorders,2.0
mazindol,Narcolepsy,2.0
mazindol,Obesity,4.0
mebendazole,Anemia,3.0
mebendazole,Colorectal Neoplasms,3.0
mebendazole,Glioma,1.0
mebendazole,Helminthiasis,4.0
mebendazole,Hookworm Infections,2.0
mebendazole,Necatoriasis,3.0
mebendazole,Pruritus,2.0
mecamylamine,Aging,1.0
mecamylamine,Alcoholism,2.0
mecamylamine,Autistic Disorder,1.0
mecamylamine,"Child Development Disorders, Pervasive",1.0
mecamylamine,Cognitive Dysfunction,0.5
mecamylamine,"Depressive Disorder, Major",2.0
mecamylamine,Hypertension,4.0
mecamylamine,Macular Degeneration,2.0
mecamylamine,Tobacco Use Disorder,2.0
meclizine,"Carcinoma, Hepatocellular",1.0
meclizine,Hypersensitivity,4.0
meclizine,Motion Sickness,2.0
meclizine,Smoking Cessation,2.0
meclizine,Vertigo,3.0
meclofenamic-acid,Arthralgia,4.0
meclofenamic-acid,Myalgia,4.0
meclofenamic-acid,Rheumatic Diseases,4.0
medroxyprogesterone-acetate,Alzheimer Disease,2.0
medroxyprogesterone-acetate,Bone Diseases,3.0
medroxyprogesterone-acetate,Breast Neoplasms,2.0
medroxyprogesterone-acetate,"Carcinoma, Renal Cell",4.0
medroxyprogesterone-acetate,Cardiovascular Diseases,3.0
medroxyprogesterone-acetate,Coronary Disease,3.0
medroxyprogesterone-acetate,Diabetes Mellitus,3.0
medroxyprogesterone-acetate,Endometrial Neoplasms,3.0
medroxyprogesterone-acetate,Endometriosis,4.0
medroxyprogesterone-acetate,HIV Infections,2.0
medroxyprogesterone-acetate,Heart Diseases,3.0
medroxyprogesterone-acetate,Hot Flashes,3.0
medroxyprogesterone-acetate,Hypercholesterolemia,3.0
medroxyprogesterone-acetate,Hyperplasia,4.0
medroxyprogesterone-acetate,Hypertension,3.0
medroxyprogesterone-acetate,Infertility,3.0
medroxyprogesterone-acetate,Kidney Neoplasms,3.0
medroxyprogesterone-acetate,"Lupus Erythematosus, Systemic",3.0
medroxyprogesterone-acetate,Menopause,3.0
medroxyprogesterone-acetate,Menorrhagia,3.0
medroxyprogesterone-acetate,Myocardial Ischemia,3.0
medroxyprogesterone-acetate,Neoplasms,4.0
medroxyprogesterone-acetate,Osteoporosis,3.0
medroxyprogesterone-acetate,Pain,2.0
medroxyprogesterone-acetate,Pregnancy,1.0
medroxyprogesterone-acetate,Primary Ovarian Insufficiency,2.0
medroxyprogesterone-acetate,Prostatic Neoplasms,3.0
medroxyprogesterone-acetate,Sleep Apnea Syndromes,2.0
medroxyprogesterone-acetate,Thrombosis,3.0
medroxyprogesterone-acetate,Turner Syndrome,3.0
medroxyprogesterone-acetate,Uterine Hemorrhage,4.0
medrysone,Eye Diseases,4.0
mefloquine,Glioblastoma,1.0
mefloquine,Gliosarcoma,1.0
mefloquine,"Leukoencephalopathy, Progressive Multifocal",1.0
mefloquine,Malaria,4.0
mefloquine,"Malaria, Falciparum",3.0
mefloquine,"Pneumonia, Viral",2.0
mefloquine,Respiratory Insufficiency,2.0
mefloquine,Schistosomiasis haematobia,3.0
mefloquine,Severe Acute Respiratory Syndrome,2.0
melatonin,Acute Kidney Injury,3.0
melatonin,Alcohol-Related Disorders,2.0
melatonin,Anxiety,3.0
melatonin,Aortic Aneurysm,2.0
melatonin,Atrial Fibrillation,2.0
melatonin,Attention Deficit Disorder with Hyperactivity,3.0
melatonin,Autistic Disorder,4.0
melatonin,Barrett Esophagus,3.0
melatonin,Bipolar Disorder,2.0
melatonin,"Bone Diseases, Metabolic",0.5
melatonin,Brain Injuries,3.0
melatonin,Brain Ischemia,1.0
melatonin,Breast Neoplasms,3.0
melatonin,Burns,2.0
melatonin,"Carcinoma, Non-Small-Cell Lung",3.0
melatonin,"Child Development Disorders, Pervasive",3.0
melatonin,Cognitive Dysfunction,2.0
melatonin,"Colitis, Ulcerative",2.0
melatonin,Delirium,3.0
melatonin,Dementia,3.0
melatonin,Dengue,2.0
melatonin,Depressive Disorder,3.0
melatonin,"Depressive Disorder, Major",2.0
melatonin,"Dermatitis, Atopic",2.0
melatonin,Diabetes Mellitus,0.5
melatonin,"Enterocolitis, Necrotizing",1.0
melatonin,Enuresis,2.0
melatonin,Epilepsy,2.0
melatonin,Essential Hypertension,2.0
melatonin,Eye Neoplasms,3.0
melatonin,Fatigue,2.0
melatonin,Fibromyalgia,2.0
melatonin,Gastroesophageal Reflux,3.0
melatonin,Head and Neck Neoplasms,2.0
melatonin,Hemorrhage,2.0
melatonin,Hot Flashes,1.0
melatonin,Hypertension,2.0
melatonin,"Hypoxia-Ischemia, Brain",1.0
melatonin,Irritable Bowel Syndrome,3.0
melatonin,"Keratosis, Actinic",2.0
melatonin,Melanoma,2.0
melatonin,Menopause,2.0
melatonin,Metabolic Diseases,1.0
melatonin,Metabolic Syndrome,2.0
melatonin,Migraine Disorders,3.0
melatonin,Multiple Sclerosis,1.0
melatonin,"Multiple Sclerosis, Relapsing-Remitting",2.0
melatonin,Myocardial Infarction,2.0
melatonin,Neonatal Sepsis,1.0
melatonin,Neoplasms,3.0
melatonin,Pain,2.0
melatonin,Parkinson Disease,2.0
melatonin,Periodontal Diseases,1.0
melatonin,Periodontitis,2.0
melatonin,Postpartum Hemorrhage,1.0
melatonin,Prediabetic State,2.0
melatonin,Prognathism,2.0
melatonin,Reperfusion Injury,2.0
melatonin,Schizophrenia,3.0
melatonin,Sepsis,1.0
melatonin,Severe Acute Respiratory Syndrome,2.0
melatonin,Skin Diseases,1.0
melatonin,"Sleep Apnea, Obstructive",0.5
melatonin,Sleep Initiation and Maintenance Disorders,4.0
melatonin,Sleep Wake Disorders,3.0
melatonin,Squamous Cell Carcinoma of Head and Neck,3.0
melatonin,Stomatitis,1.0
melatonin,Stroke,3.0
melatonin,Substance Withdrawal Syndrome,1.0
melatonin,Sunburn,1.0
melatonin,Tooth Diseases,3.0
melatonin,Uveal Melanoma,3.0
melatonin,Wounds and Injuries,2.0
meloxicam,"Arthritis, Juvenile",4.0
meloxicam,"Arthritis, Rheumatoid",4.0
meloxicam,Dysmenorrhea,2.0
meloxicam,Low Back Pain,3.0
meloxicam,"Lupus Erythematosus, Systemic",1.0
meloxicam,Migraine Disorders,3.0
meloxicam,Osteoarthritis,4.0
meloxicam,"Osteoarthritis, Knee",2.0
meloxicam,Pain,3.0
meloxicam,Pharyngitis,2.0
meloxicam,Pregnancy,2.0
meloxicam,Prostatic Neoplasms,3.0
meloxicam,Rheumatic Diseases,4.0
meloxicam,Shoulder Pain,3.0
meloxicam,"Spondylitis, Ankylosing",3.0
meloxicam,Toothache,2.0
meloxicam,Tuberculosis,3.0
melperone,Anxiety,3.0
melperone,Dementia,3.0
melperone,Depressive Disorder,3.0
melperone,Psychotic Disorders,3.0
melperone,Schizophrenia,3.0
menadione,Hemorrhage,4.0
mepacrine,Amebiasis,4.0
mepacrine,"Carcinoma, Non-Small-Cell Lung",1.0
mepacrine,"Carcinoma, Renal Cell",2.0
mepacrine,Colorectal Neoplasms,1.0
mepacrine,Creutzfeldt-Jakob Syndrome,2.0
mepacrine,"Prostatic Neoplasms, Castration-Resistant",2.0
mephentermine,Cardiovascular Diseases,4.0
mepivacaine,Compartment Syndromes,1.0
mepivacaine,"Osteoarthritis, Hip",2.0
mepivacaine,"Osteoarthritis, Knee",2.0
mepivacaine,Pain,3.0
meptazinol,Pain,4.0
mepyramine,Hypersensitivity,4.0
mepyramine,Pruritus,4.0
mercaptopurine,Astrocytoma,2.0
mercaptopurine,Blastic Plasmacytoid Dendritic Cell Neoplasm,2.0
mercaptopurine,Brain Neoplasms,2.0
mercaptopurine,Burkitt Lymphoma,1.0
mercaptopurine,Colitis,2.0
mercaptopurine,"Colitis, Ulcerative",3.0
mercaptopurine,Crohn Disease,3.0
mercaptopurine,Glioblastoma,2.0
mercaptopurine,Glioma,2.0
mercaptopurine,"Histiocytosis, Langerhans-Cell",3.0
mercaptopurine,Leukemia,3.0
mercaptopurine,"Leukemia, Biphenotypic, Acute",3.0
mercaptopurine,"Leukemia, Lymphoid",4.0
mercaptopurine,"Leukemia, Myeloid, Acute",3.0
mercaptopurine,"Leukemia, Promyelocytic, Acute",3.0
mercaptopurine,Lymphoma,3.0
mercaptopurine,Neoplasms,4.0
mercaptopurine,Oligodendroglioma,2.0
mercaptopurine,Precursor Cell Lymphoblastic Leukemia-Lymphoma,4.0
mercaptopurine,Precursor T-Cell Lymphoblastic Leukemia-Lymphoma,3.0
mericitabine,Hepatitis C,2.0
mericitabine,"Hepatitis C, Chronic",2.0
merimepodib,Severe Acute Respiratory Syndrome,2.0
mestinon,Glycogen Storage Disease Type II,0.5
mestinon,Heart Failure,2.0
mestinon,Hypotension,2.0
mestinon,"Hypotension, Orthostatic",1.0
mestinon,Ileus,2.0
mestinon,Myasthenia Gravis,4.0
mestinon,Parkinson Disease,2.0
mestinon,Severe Acute Respiratory Syndrome,2.0
mestinon,Spinal Muscular Atrophies of Childhood,2.0
metformin,Acne Vulgaris,2.0
metformin,Acute Coronary Syndrome,3.0
metformin,Adenocarcinoma,2.0
metformin,Adenocarcinoma of Lung,2.0
metformin,"Adenocarcinoma, Bronchiolo-Alveolar",2.0
metformin,Adenomatous Polyposis Coli,2.0
metformin,Aging,3.0
metformin,Alopecia Areata,1.0
metformin,"Anemia, Sickle Cell",1.0
metformin,Anxiety Disorders,1.0
metformin,"Aortic Aneurysm, Abdominal",2.0
metformin,"Arthritis, Rheumatoid",2.0
metformin,Atherosclerosis,3.0
metformin,Atrial Fibrillation,2.0
metformin,Bardet-Biedl Syndrome,2.0
metformin,Barrett Esophagus,0.5
metformin,Bipolar Disorder,3.0
metformin,Blindness,2.0
metformin,Brain Neoplasms,3.0
metformin,Breast Carcinoma In Situ,1.0
metformin,Breast Neoplasms,2.0
metformin,Burns,2.0
metformin,Carcinoma,2.0
metformin,"Carcinoma, Hepatocellular",2.0
metformin,"Carcinoma, Large Cell",2.0
metformin,"Carcinoma, Non-Small-Cell Lung",2.0
metformin,"Carcinoma, Squamous Cell",2.0
metformin,Cardiovascular Diseases,0.5
metformin,Cerebral Palsy,2.0
metformin,Cognitive Dysfunction,3.0
metformin,"Colitis, Ulcerative",2.0
metformin,Colonic Neoplasms,1.0
metformin,Colorectal Neoplasms,3.0
metformin,Coronary Disease,3.0
metformin,"Depressive Disorder, Major",1.0
metformin,Diabetes Insipidus,1.0
metformin,Diabetes Mellitus,4.0
metformin,"Diabetes Mellitus, Type 1",3.0
metformin,"Diabetes Mellitus, Type 2",3.0
metformin,"Diabetes, Gestational",3.0
metformin,Diabetic Foot,2.0
metformin,Diabetic Retinopathy,0.5
metformin,Endocrine Gland Neoplasms,2.0
metformin,Endometrial Neoplasms,3.0
metformin,Epilepsy,3.0
metformin,Esophageal Neoplasms,2.0
metformin,Fatty Liver,3.0
metformin,Fibromyalgia,2.0
metformin,Fragile X Syndrome,2.0
metformin,Frontotemporal Dementia,2.0
metformin,Geographic Atrophy,2.0
metformin,Glaucoma,3.0
metformin,Glioblastoma,2.0
metformin,"Glomerulosclerosis, Focal Segmental",1.0
metformin,Glucose Intolerance,3.0
metformin,HIV Infections,1.0
metformin,HIV-Associated Lipodystrophy Syndrome,2.0
metformin,Head and Neck Neoplasms,1.0
metformin,Heart Failure,2.0
metformin,"Heart Failure, Systolic",2.0
metformin,Hemangiosarcoma,2.0
metformin,Hepatitis,2.0
metformin,Hidradenitis Suppurativa,3.0
metformin,Huntington Disease,3.0
metformin,Hypercholesterolemia,3.0
metformin,Hypertension,3.0
metformin,"Hypertension, Pulmonary",2.0
metformin,Infertility,3.0
metformin,Inflammatory Bowel Diseases,2.0
metformin,Insulin Resistance,3.0
metformin,Intellectual Disability,2.0
metformin,Intermittent Claudication,3.0
metformin,Leprosy,2.0
metformin,"Leukemia, Lymphocytic, Chronic, B-Cell",2.0
metformin,"Leukoplakia, Oral",2.0
metformin,Li-Fraumeni Syndrome,1.0
metformin,Lipid Metabolism Disorders,3.0
metformin,Liver Diseases,1.0
metformin,Liver Neoplasms,3.0
metformin,Low Back Pain,2.0
metformin,Lung Neoplasms,2.0
metformin,"Lymphoma, Follicular",2.0
metformin,"Lymphoma, Large B-Cell, Diffuse",2.0
metformin,Malaria,1.0
metformin,Melanoma,2.0
metformin,Melanosis,2.0
metformin,Metabolic Diseases,3.0
metformin,Metabolic Syndrome,3.0
metformin,Migraine Disorders,3.0
metformin,Motor Activity,2.0
metformin,Multiple Myeloma,2.0
metformin,Multiple Sclerosis,2.0
metformin,"Multiple Sclerosis, Chronic Progressive",0.5
metformin,Muscular Dystrophies,3.0
metformin,"Muscular Dystrophy, Duchenne",1.0
metformin,Neoplasms,2.0
metformin,Neuralgia,1.0
metformin,Neurobehavioral Manifestations,2.0
metformin,Neuroendocrine Tumors,2.0
metformin,Non-alcoholic Fatty Liver Disease,3.0
metformin,Obesity,3.0
metformin,Osteoarthritis,3.0
metformin,Ovarian Neoplasms,2.0
metformin,Pancreatic Neoplasms,2.0
metformin,Parkinson Disease,2.0
metformin,Periodontitis,2.0
metformin,Peripheral Arterial Disease,3.0
metformin,Peripheral Nervous System Diseases,2.0
metformin,"Polycystic Kidney, Autosomal Dominant",3.0
metformin,Polycystic Ovary Syndrome,3.0
metformin,Post-Acute COVID-19 Syndrome,3.0
metformin,Pre-Eclampsia,3.0
metformin,Precursor Cell Lymphoblastic Leukemia-Lymphoma,1.0
metformin,Prediabetic State,3.0
metformin,Pregnancy,2.0
metformin,Prostatic Neoplasms,2.0
metformin,"Prostatic Neoplasms, Castration-Resistant",3.0
metformin,Psoriasis,3.0
metformin,Psychotic Disorders,3.0
metformin,"Pulmonary Disease, Chronic Obstructive",2.0
metformin,Rectal Neoplasms,2.0
metformin,"Renal Insufficiency, Chronic",2.0
metformin,Reperfusion Injury,3.0
metformin,Sarcoidosis,2.0
metformin,Schizophrenia,3.0
metformin,Sepsis,3.0
metformin,Severe Acute Respiratory Syndrome,3.0
metformin,Sex Chromosome Disorders of Sex Development,2.0
metformin,"Sleep Apnea, Obstructive",1.0
metformin,Small Cell Lung Carcinoma,2.0
metformin,Squamous Cell Carcinoma of Head and Neck,2.0
metformin,Thoracic Neoplasms,0.5
metformin,Thyroid Neoplasms,3.0
metformin,Triple Negative Breast Neoplasms,2.0
metformin,Tuberculosis,1.0
metformin,Urinary Bladder Neoplasms,2.0
metformin,Uterine Cervical Neoplasms,2.0
metformin,Weight Gain,2.0
methazolamide,Altitude Sickness,1.0
methazolamide,Essential Tremor,2.0
methazolamide,Glaucoma,4.0
methazolamide,"Glaucoma, Open-Angle",4.0
methazolamide,Uterine Cervical Neoplasms,2.0
methimazole,Dermatomyositis,2.0
methimazole,Glioblastoma,2.0
methimazole,Gliosarcoma,0.5
methimazole,Graves Disease,2.0
methimazole,Graves Ophthalmopathy,3.0
methimazole,Hyperthyroidism,4.0
methimazole,Polymyositis,2.0
methimazole,Thyroid Diseases,4.0
methocarbamol,Liver Cirrhosis,3.0
methocarbamol,Pain,3.0
methotrexate,Alopecia Areata,3.0
methotrexate,"Anemia, Aplastic",3.0
methotrexate,"Anemia, Diamond-Blackfan",2.0
methotrexate,"Anemia, Refractory",3.0
methotrexate,"Anemia, Refractory, with Excess of Blasts",3.0
methotrexate,"Anemia, Sickle Cell",2.0
methotrexate,Arthritis,4.0
methotrexate,"Arthritis, Juvenile",4.0
methotrexate,"Arthritis, Psoriatic",4.0
methotrexate,"Arthritis, Rheumatoid",4.0
methotrexate,Asthma,3.0
methotrexate,Blast Crisis,2.0
methotrexate,Blastic Plasmacytoid Dendritic Cell Neoplasm,2.0
methotrexate,Bone Marrow Failure Disorders,2.0
methotrexate,Brain Neoplasms,3.0
methotrexate,Breast Neoplasms,4.0
methotrexate,Burkitt Lymphoma,2.0
methotrexate,"Carcinoma, Merkel Cell",2.0
methotrexate,"Carcinoma, Non-Small-Cell Lung",2.0
methotrexate,"Carcinoma, Squamous Cell",3.0
methotrexate,Cardiovascular Diseases,3.0
methotrexate,Central Nervous System Neoplasms,3.0
methotrexate,Central Serous Chorioretinopathy,2.0
methotrexate,Choriocarcinoma,3.0
methotrexate,Choroid Plexus Neoplasms,3.0
methotrexate,"Colitis, Ulcerative",2.0
methotrexate,Colorectal Neoplasms,2.0
methotrexate,"Constriction, Pathologic",2.0
methotrexate,Coronary Disease,2.0
methotrexate,Crohn Disease,3.0
methotrexate,Dermatitis,0.5
methotrexate,"Dermatitis, Atopic",3.0
methotrexate,Dermatomyositis,3.0
methotrexate,Desmoid Tumors,2.0
methotrexate,Ependymoma,2.0
methotrexate,Fanconi Anemia,1.0
methotrexate,Gestational Trophoblastic Disease,3.0
methotrexate,Giant Cell Arteritis,3.0
methotrexate,Gout,1.0
methotrexate,Graft vs Host Disease,3.0
methotrexate,"Granuloma, Lethal Midline",3.0
methotrexate,Granulomatosis with Polyangiitis,3.0
methotrexate,HIV Infections,1.0
methotrexate,Head and Neck Neoplasms,3.0
methotrexate,"Hearing Loss, Sensorineural",3.0
methotrexate,Hematologic Neoplasms,2.0
methotrexate,Hemoglobinuria,2.0
methotrexate,"Histiocytosis, Langerhans-Cell",2.0
methotrexate,Hodgkin Disease,3.0
methotrexate,Hydatidiform Mole,3.0
methotrexate,Immune System Diseases,4.0
methotrexate,Immunoblastic Lymphadenopathy,2.0
methotrexate,Inflammation,1.0
methotrexate,Kidney Neoplasms,2.0
methotrexate,Leukemia,3.0
methotrexate,"Leukemia, Biphenotypic, Acute",3.0
methotrexate,"Leukemia, Erythroblastic, Acute",3.0
methotrexate,"Leukemia, Large Granular Lymphocytic",2.0
methotrexate,"Leukemia, Lymphocytic, Chronic, B-Cell",2.0
methotrexate,"Leukemia, Lymphoid",3.0
methotrexate,"Leukemia, Megakaryoblastic, Acute",3.0
methotrexate,"Leukemia, Monocytic, Acute",3.0
methotrexate,"Leukemia, Myelogenous, Chronic, BCR-ABL Positive",3.0
methotrexate,"Leukemia, Myeloid, Acute",3.0
methotrexate,"Leukemia, Myelomonocytic, Acute",3.0
methotrexate,"Leukemia, Myelomonocytic, Chronic",3.0
methotrexate,"Leukemia, Myelomonocytic, Juvenile",2.0
methotrexate,"Leukemia, Plasma Cell",1.0
methotrexate,"Leukemia, Promyelocytic, Acute",3.0
methotrexate,"Leukemia-Lymphoma, Adult T-Cell",2.0
methotrexate,"Liver Cirrhosis, Biliary",3.0
methotrexate,"Lupus Erythematosus, Systemic",3.0
methotrexate,"Lymphohistiocytosis, Hemophagocytic",2.0
methotrexate,Lymphoma,3.0
methotrexate,"Lymphoma, AIDS-Related",2.0
methotrexate,"Lymphoma, B-Cell, Marginal Zone",2.0
methotrexate,"Lymphoma, Follicular",3.0
methotrexate,"Lymphoma, Large B-Cell, Diffuse",3.0
methotrexate,"Lymphoma, Large-Cell, Anaplastic",3.0
methotrexate,"Lymphoma, Mantle-Cell",2.0
methotrexate,"Lymphoma, Non-Hodgkin",4.0
methotrexate,"Lymphoma, T-Cell, Cutaneous",3.0
methotrexate,"Lymphoma, T-Cell, Peripheral",2.0
methotrexate,Macular Edema,3.0
methotrexate,Malaria,1.0
methotrexate,Medulloblastoma,3.0
methotrexate,Melanoma,1.0
methotrexate,Meningeal Carcinomatosis,4.0
methotrexate,Mesothelioma,2.0
methotrexate,Multiple Myeloma,2.0
methotrexate,Multiple Sclerosis,3.0
methotrexate,Myasthenia Gravis,2.0
methotrexate,Mycosis Fungoides,4.0
methotrexate,Myelodysplastic Syndromes,3.0
methotrexate,Myelodysplastic-Myeloproliferative Diseases,2.0
methotrexate,Myeloproliferative Disorders,3.0
methotrexate,Myocardial Infarction,2.0
methotrexate,Neoplasm Metastasis,2.0
methotrexate,Neoplasms,4.0
methotrexate,"Neoplasms, Plasma Cell",2.0
methotrexate,Neuroblastoma,2.0
methotrexate,"Neuroectodermal Tumors, Primitive",3.0
methotrexate,Neurofibromatosis 1,2.0
methotrexate,Osteoarthritis,3.0
methotrexate,Osteopetrosis,2.0
methotrexate,Osteosarcoma,3.0
methotrexate,Ovarian Neoplasms,2.0
methotrexate,"Pemphigoid, Bullous",3.0
methotrexate,Polycythemia Vera,2.0
methotrexate,Precursor Cell Lymphoblastic Leukemia-Lymphoma,4.0
methotrexate,Precursor T-Cell Lymphoblastic Leukemia-Lymphoma,3.0
methotrexate,"Pregnancy, Ectopic",3.0
methotrexate,Primary Myelofibrosis,2.0
methotrexate,Psoriasis,4.0
methotrexate,Retinitis Pigmentosa,2.0
methotrexate,Retroperitoneal Fibrosis,3.0
methotrexate,Sarcoma,3.0
methotrexate,Schizophrenia,2.0
methotrexate,"Scleroderma, Systemic",1.0
methotrexate,Severe Acute Respiratory Syndrome,1.0
methotrexate,Severe Combined Immunodeficiency,2.0
methotrexate,Sezary Syndrome,2.0
methotrexate,Shwachman-Diamond Syndrome,2.0
methotrexate,"Spondylitis, Ankylosing",3.0
methotrexate,Testicular Neoplasms,2.0
methotrexate,Urethral Neoplasms,3.0
methotrexate,Urinary Bladder Neoplasms,3.0
methotrexate,Urticaria,2.0
methotrexate,Uterine Cervical Neoplasms,3.0
methotrexate,Uveitis,3.0
methotrexate,"Uveitis, Intermediate",3.0
methotrexate,Vasculitis,3.0
methotrexate,Vitiligo,3.0
methotrexate,"Vitreoretinopathy, Proliferative",3.0
methotrexate,Waldenstrom Macroglobulinemia,2.0
methotrexate,Wiskott-Aldrich Syndrome,2.0
methoxsalen,"Arthritis, Rheumatoid",2.0
methoxsalen,Bronchiolitis Obliterans Syndrome,2.0
methoxsalen,Crohn Disease,2.0
methoxsalen,Epidermolysis Bullosa Acquisita,2.0
methoxsalen,Graft vs Host Disease,3.0
methoxsalen,Hematologic Neoplasms,1.0
methoxsalen,Lymphoma,3.0
methoxsalen,"Lymphoma, T-Cell",4.0
methoxsalen,Mycosis Fungoides,3.0
methoxsalen,Pancreatic Neoplasms,2.0
methoxsalen,Psoriasis,4.0
methoxsalen,"Scleroderma, Diffuse",2.0
methoxsalen,Sezary Syndrome,2.0
methyldopa,"Diabetes Mellitus, Type 1",2.0
methyldopa,Hypertension,4.0
methyldopa,Pre-Eclampsia,2.0
methylnaltrexone,Constipation,3.0
methylnaltrexone,Enteral Nutrition,3.0
methylnaltrexone,Gastroparesis,2.0
methylnaltrexone,Ileus,3.0
methylnaltrexone,Intestinal Obstruction,1.0
methylnaltrexone,Kidney Diseases,1.0
methylnaltrexone,Liver Diseases,1.0
methylnaltrexone,Opioid-Related Disorders,1.0
methylnaltrexone,Pancreatitis,2.0
methylprednisolone,Abdominal Pain,3.0
methylprednisolone,Acne Vulgaris,4.0
methylprednisolone,Adenomatous Polyposis Coli,2.0
methylprednisolone,Aging,3.0
methylprednisolone,Amyotrophic Lateral Sclerosis,2.0
methylprednisolone,"Anemia, Aplastic",2.0
methylprednisolone,Anti-Neutrophil Cytoplasmic Antibody-Associated Vasculitis,3.0
methylprednisolone,Appendicitis,2.0
methylprednisolone,"Arthritis, Juvenile",4.0
methylprednisolone,"Arthritis, Psoriatic",4.0
methylprednisolone,"Arthritis, Rheumatoid",4.0
methylprednisolone,Asthma,4.0
methylprednisolone,Atherosclerosis,1.0
methylprednisolone,Bell Palsy,3.0
methylprednisolone,Blastic Plasmacytoid Dendritic Cell Neoplasm,2.0
methylprednisolone,Breast Neoplasms,2.0
methylprednisolone,Bronchiolitis Obliterans Syndrome,2.0
methylprednisolone,Bronchopulmonary Dysplasia,3.0
methylprednisolone,Burkitt Lymphoma,2.0
methylprednisolone,Bursitis,4.0
methylprednisolone,"Carcinoma, Non-Small-Cell Lung",2.0
methylprednisolone,Carpal Tunnel Syndrome,3.0
methylprednisolone,Chemical and Drug Induced Liver Injury,1.0
methylprednisolone,Cognitive Dysfunction,1.0
methylprednisolone,Colitis,3.0
methylprednisolone,"Colitis, Ulcerative",4.0
methylprednisolone,Coronavirus Infections,2.0
methylprednisolone,Crohn Disease,4.0
methylprednisolone,"Death, Sudden, Cardiac",2.0
methylprednisolone,Deglutition Disorders,3.0
methylprednisolone,"Dermatitis, Atopic",4.0
methylprednisolone,Dermatomyositis,3.0
methylprednisolone,DiGeorge Syndrome,1.0
methylprednisolone,Edema,3.0
methylprednisolone,Endocrine System Diseases,4.0
methylprednisolone,Erythema Multiforme,3.0
methylprednisolone,Fallopian Tube Neoplasms,2.0
methylprednisolone,Fanconi Anemia,2.0
methylprednisolone,"Fasciitis, Plantar",2.0
methylprednisolone,Friedreich Ataxia,0.5
methylprednisolone,Frontotemporal Dementia,1.0
methylprednisolone,Gangliosidoses,1.0
methylprednisolone,Gaucher Disease,1.0
methylprednisolone,"Glomerulonephritis, IGA",3.0
methylprednisolone,"Glomerulonephritis, Membranous",3.0
methylprednisolone,Graft vs Host Disease,3.0
methylprednisolone,Granulomatosis with Polyangiitis,3.0
methylprednisolone,Graves Ophthalmopathy,2.0
methylprednisolone,Hantavirus Infections,2.0
methylprednisolone,"Hearing Loss, Noise-Induced",1.0
methylprednisolone,Heart Arrest,3.0
methylprednisolone,Heart Diseases,3.0
methylprednisolone,Hematologic Neoplasms,3.0
methylprednisolone,"Hematoma, Subdural, Intracranial",3.0
methylprednisolone,"Hepatitis, Alcoholic",2.0
methylprednisolone,Hodgkin Disease,3.0
methylprednisolone,Hyperlipoproteinemia Type I,2.0
methylprednisolone,Hyperuricemia,1.0
methylprednisolone,Idiopathic Pulmonary Fibrosis,3.0
methylprednisolone,IgA Vasculitis,2.0
methylprednisolone,Immune System Diseases,1.0
methylprednisolone,Immunoblastic Lymphadenopathy,2.0
methylprednisolone,Immunoglobulin G4-Related Disease,2.0
methylprednisolone,Inflammation,4.0
methylprednisolone,Intussusception,1.0
methylprednisolone,Ischemic Stroke,3.0
methylprednisolone,Kidney Diseases,3.0
methylprednisolone,"Kidney Failure, Chronic",2.0
methylprednisolone,Language Disorders,3.0
methylprednisolone,Leukemia,3.0
methylprednisolone,"Leukemia, Biphenotypic, Acute",3.0
methylprednisolone,"Leukemia, Lymphocytic, Chronic, B-Cell",2.0
methylprednisolone,"Lupus Erythematosus, Systemic",3.0
methylprednisolone,Lupus Nephritis,3.0
methylprednisolone,"Lymphohistiocytosis, Hemophagocytic",3.0
methylprednisolone,Lymphoma,3.0
methylprednisolone,"Lymphoma, AIDS-Related",2.0
methylprednisolone,"Lymphoma, Follicular",1.0
methylprednisolone,"Lymphoma, Large B-Cell, Diffuse",2.0
methylprednisolone,"Lymphoma, Large-Cell, Anaplastic",2.0
methylprednisolone,"Lymphoma, Non-Hodgkin",2.0
methylprednisolone,"Lymphoma, T-Cell, Peripheral",2.0
methylprednisolone,Lymphoproliferative Disorders,2.0
methylprednisolone,Macrophage Activation Syndrome,3.0
methylprednisolone,Melanoma,2.0
methylprednisolone,Meniere Disease,3.0
methylprednisolone,Microscopic Polyangiitis,3.0
methylprednisolone,Migraine Disorders,2.0
methylprednisolone,Mucocutaneous Lymph Node Syndrome,1.0
methylprednisolone,Multiple Myeloma,3.0
methylprednisolone,Multiple Sclerosis,4.0
methylprednisolone,"Multiple Sclerosis, Chronic Progressive",3.0
methylprednisolone,"Multiple Sclerosis, Relapsing-Remitting",3.0
methylprednisolone,Muscular Diseases,1.0
methylprednisolone,Myasthenia Gravis,1.0
methylprednisolone,Myelodysplastic Syndromes,2.0
methylprednisolone,Myelodysplastic-Myeloproliferative Diseases,2.0
methylprednisolone,Myeloproliferative Disorders,2.0
methylprednisolone,Myocarditis,3.0
methylprednisolone,Nasal Polyps,2.0
methylprednisolone,Neoplasms,2.0
methylprednisolone,"Neoplasms, Plasma Cell",2.0
methylprednisolone,Neuromyelitis Optica,2.0
methylprednisolone,Optic Nerve Diseases,1.0
methylprednisolone,Optic Neuritis,3.0
methylprednisolone,"Optic Neuropathy, Ischemic",3.0
methylprednisolone,Osteoarthritis,4.0
methylprednisolone,"Osteoarthritis, Knee",2.0
methylprednisolone,Ovarian Hyperstimulation Syndrome,1.0
methylprednisolone,Ovarian Neoplasms,2.0
methylprednisolone,Pain,3.0
methylprednisolone,Parkinson Disease,1.0
methylprednisolone,Pneumonia,4.0
methylprednisolone,"Pneumonia, Pneumocystis",3.0
methylprednisolone,Precursor Cell Lymphoblastic Leukemia-Lymphoma,3.0
methylprednisolone,Prostatic Neoplasms,2.0
methylprednisolone,"Prostatic Neoplasms, Castration-Resistant",3.0
methylprednisolone,"Pulmonary Disease, Chronic Obstructive",3.0
methylprednisolone,Pulpitis,3.0
methylprednisolone,"Purpura, Thrombocytopenic, Idiopathic",3.0
methylprednisolone,"Purpura, Thrombotic Thrombocytopenic",2.0
methylprednisolone,Radiculopathy,2.0
methylprednisolone,Radius Fractures,1.0
methylprednisolone,Renal Insufficiency,3.0
methylprednisolone,"Renal Insufficiency, Chronic",3.0
methylprednisolone,Respiratory Distress Syndrome,3.0
methylprednisolone,Respiratory Tract Diseases,3.0
methylprednisolone,"Scleroderma, Systemic",3.0
methylprednisolone,Severe Acute Respiratory Syndrome,3.0
methylprednisolone,Shoulder Pain,0.5
methylprednisolone,Sinusitis,2.0
methylprednisolone,"Spasms, Infantile",2.0
methylprednisolone,Specific Language Disorder,3.0
methylprednisolone,Spinal Cord Injuries,3.0
methylprednisolone,Spondylarthropathies,2.0
methylprednisolone,"Spondylitis, Ankylosing",2.0
methylprednisolone,Stiff-Person Syndrome,1.0
methylprednisolone,Stroke,3.0
methylprednisolone,Tenosynovitis,4.0
methylprednisolone,Thrombocytopenia,3.0
methylprednisolone,Urinary Tract Infections,3.0
methylprednisolone,"Uveitis, Posterior",4.0
methylprednisolone,Vestibular Neuronitis,3.0
methylprednisolone,Wounds and Injuries,3.0
metixene,Parkinson Disease,4.0
metoclopramide,Digestive System Diseases,4.0
metoclopramide,Gastroenteritis,3.0
metoclopramide,Gastrointestinal Hemorrhage,3.0
metoclopramide,Gastroparesis,3.0
metoclopramide,Gastroschisis,3.0
metoclopramide,HIV Infections,3.0
metoclopramide,Headache,3.0
metoclopramide,Hyperemesis Gravidarum,2.0
metoclopramide,Hypoglycemia,2.0
metoclopramide,"Hypotension, Orthostatic",1.0
metoclopramide,Intestinal Obstruction,2.0
metoclopramide,Migraine Disorders,3.0
metoclopramide,Myelodysplastic Syndromes,2.0
metoclopramide,Nausea,3.0
metoclopramide,Neoplasms,3.0
metoclopramide,Orthostatic Intolerance,1.0
metoclopramide,Pain,2.0
metoclopramide,Postoperative Nausea and Vomiting,3.0
metoclopramide,"Prostatic Neoplasms, Castration-Resistant",1.0
metoclopramide,Sepsis,3.0
metoclopramide,Vomiting,3.0
metoclopramide,Wounds and Injuries,2.0
metolazone,Cardiovascular Diseases,4.0
metolazone,Heart Failure,4.0
metolazone,Hypertension,4.0
metolazone,"Renal Insufficiency, Chronic",2.0
metolazone,Toxemia,4.0
metoprolol,"Arrhythmias, Cardiac",2.0
metoprolol,Atherosclerosis,3.0
metoprolol,Atrial Fibrillation,3.0
metoprolol,Breast Neoplasms,3.0
metoprolol,Cardiovascular Diseases,4.0
metoprolol,Coronary Disease,3.0
metoprolol,"Death, Sudden, Cardiac",2.0
metoprolol,"Dermatitis, Atopic",1.0
metoprolol,"Diabetes Mellitus, Type 2",3.0
metoprolol,HIV Infections,1.0
metoprolol,Heart Arrest,2.0
metoprolol,Heart Diseases,2.0
metoprolol,Heart Failure,3.0
metoprolol,Hypercholesterolemia,3.0
metoprolol,Hypertension,3.0
metoprolol,Myocardial Infarction,3.0
metoprolol,Neoplasms,1.0
metoprolol,Non-ST Elevated Myocardial Infarction,3.0
metoprolol,Obesity,2.0
metoprolol,Orthostatic Intolerance,2.0
metoprolol,Prader-Willi Syndrome,2.0
metoprolol,Premature Birth,2.0
metoprolol,Psoriasis,1.0
metoprolol,Respiratory Distress Syndrome,3.0
metoprolol,ST Elevation Myocardial Infarction,3.0
metoprolol,"Tachycardia, Ventricular",2.0
metoprolol,Takotsubo Cardiomyopathy,1.0
metoprolol,Vascular Diseases,2.0
metoprolol,Ventricular Fibrillation,2.0
metoprolol,beta-Thalassemia,2.0
metronidazole,Abscess,3.0
metronidazole,Amebiasis,4.0
metronidazole,Appendicitis,2.0
metronidazole,Bacterial Infections,4.0
metronidazole,Blepharitis,3.0
metronidazole,Brain Diseases,2.0
metronidazole,Candidiasis,3.0
metronidazole,"Carcinoma, Non-Small-Cell Lung",2.0
metronidazole,Central Serous Chorioretinopathy,1.0
metronidazole,"Cholangitis, Sclerosing",1.0
metronidazole,Clostridium Infections,2.0
metronidazole,"Colitis, Ulcerative",2.0
metronidazole,Colorectal Neoplasms,3.0
metronidazole,Crohn Disease,3.0
metronidazole,Diarrhea,3.0
metronidazole,Duodenal Ulcer,4.0
metronidazole,"Enterocolitis, Pseudomembranous",3.0
metronidazole,Fecal Incontinence,3.0
metronidazole,Giardiasis,2.0
metronidazole,Gingivitis,3.0
metronidazole,HIV Infections,3.0
metronidazole,Helicobacter Infections,3.0
metronidazole,Hemorrhoids,3.0
metronidazole,Hidradenitis Suppurativa,3.0
metronidazole,Infections,4.0
metronidazole,Intraabdominal Infections,4.0
metronidazole,"Leukemia, Lymphocytic, Chronic, B-Cell",2.0
metronidazole,"Lichen Planus, Oral",2.0
metronidazole,"Lymphoma, Non-Hodgkin",3.0
metronidazole,Malnutrition,2.0
metronidazole,Mycoses,3.0
metronidazole,Osteomyelitis,0.5
metronidazole,Pain,3.0
metronidazole,Pancreatic Neoplasms,2.0
metronidazole,Pelvic Inflammatory Disease,3.0
metronidazole,Periapical Periodontitis,1.0
metronidazole,Periodontal Diseases,2.0
metronidazole,Periodontitis,3.0
metronidazole,Pilonidal Sinus,2.0
metronidazole,Pneumonia,4.0
metronidazole,Pouchitis,1.0
metronidazole,"Prostatic Neoplasms, Castration-Resistant",1.0
metronidazole,Rectal Neoplasms,2.0
metronidazole,Rosacea,4.0
metronidazole,Sepsis,4.0
metronidazole,Skin Diseases,3.0
metronidazole,Trichomonas Infections,4.0
metronidazole,Trichomonas Vaginitis,3.0
metronidazole,Tuberculosis,2.0
metronidazole,"Tuberculosis, Multidrug-Resistant",2.0
metronidazole,Uterine Cervical Neoplasms,2.0
metronidazole,Uterine Cervicitis,4.0
metronidazole,Vaginal Discharge,3.0
metronidazole,Vaginitis,3.0
metronidazole,"Vaginosis, Bacterial",4.0
mianserin,Anxiety,3.0
mianserin,Dementia,3.0
mianserin,Depressive Disorder,4.0
mianserin,Schizophrenia,3.0
mibampator,Alzheimer Disease,2.0
mibefradil,Cardiovascular Diseases,4.0
mibefradil,Central Nervous System Neoplasms,1.0
mibefradil,Glioblastoma,1.0
miconazole,HIV Infections,3.0
miconazole,Infections,4.0
miconazole,Intertrigo,0.5
miconazole,Mycoses,4.0
miconazole,Otomycosis,3.0
miconazole,Pruritus,4.0
miconazole,Stomatitis,2.0
miconazole,Tinea,4.0
miconazole,Tinea Pedis,4.0
midodrine,Ascites,3.0
midodrine,Cardiovascular Diseases,4.0
midodrine,Hepatopulmonary Syndrome,1.0
midodrine,Hypotension,3.0
midodrine,"Hypotension, Orthostatic",2.0
midodrine,Ischemic Stroke,2.0
midodrine,"Shock, Septic",3.0
midodrine,Spinal Cord Injuries,3.0
midostaurin,Leukemia,3.0
midostaurin,"Leukemia, Mast-Cell",4.0
midostaurin,"Leukemia, Myeloid, Acute",4.0
midostaurin,Liver Diseases,1.0
midostaurin,Mastocytosis,4.0
midostaurin,"Mastocytosis, Systemic",4.0
midostaurin,Myelodysplastic Syndromes,2.0
midostaurin,Neoplasms,4.0
midostaurin,Precursor Cell Lymphoblastic Leukemia-Lymphoma,1.0
midostaurin,Rectal Neoplasms,1.0
miglitol,Diabetes Mellitus,4.0
miglitol,"Diabetes Mellitus, Type 1",3.0
miglitol,"Diabetes Mellitus, Type 2",4.0
miglustat,Cystic Fibrosis,2.0
miglustat,Diarrhea,1.0
miglustat,"Gangliosidoses, GM2",3.0
miglustat,Gaucher Disease,4.0
miglustat,Glycogen Storage Disease,3.0
miglustat,Glycogen Storage Disease Type II,4.0
miglustat,HIV Infections,2.0
miglustat,Neuronal Ceroid-Lipofuscinoses,1.0
miglustat,"Niemann-Pick Disease, Type C",3.0
miglustat,Niemann-Pick Diseases,4.0
miglustat,Sandhoff Disease,3.0
miglustat,"Spastic Paraplegia, Hereditary",2.0
milnacipran,Depressive Disorder,4.0
milnacipran,Fibromyalgia,3.0
milnacipran,Irritable Bowel Syndrome,2.0
milnacipran,Low Back Pain,2.0
milnacipran,Neuralgia,2.0
milnacipran,Peripheral Nervous System Diseases,3.0
milrinone,Cardiovascular Diseases,4.0
milrinone,"Heart Defects, Congenital",2.0
milrinone,Heart Failure,3.0
milrinone,"Hernias, Diaphragmatic, Congenital",2.0
milrinone,"Hypertension, Pulmonary",2.0
milrinone,Muscle Cramp,2.0
milrinone,Reperfusion Injury,1.0
milrinone,"Shock, Septic",2.0
milrinone,Subarachnoid Hemorrhage,2.0
milrinone,"Vasospasm, Intracranial",2.0
miltefosine,Bipolar Disorder,3.0
miltefosine,Leishmaniasis,4.0
miltefosine,"Leishmaniasis, Cutaneous",4.0
miltefosine,"Leishmaniasis, Mucocutaneous",4.0
miltefosine,"Leishmaniasis, Visceral",4.0
miltefosine,Trypanosomiasis,4.0
miltefosine,Urticaria,2.0
minaprine,Depressive Disorder,4.0
minoxidil,Acne Vulgaris,1.0
minoxidil,Alopecia,4.0
minoxidil,Hypertension,4.0
minoxidil,Ovarian Neoplasms,2.0
mirtazapine,Alcoholism,2.0
mirtazapine,Amphetamine-Related Disorders,2.0
mirtazapine,Anorexia,2.0
mirtazapine,Anorexia Nervosa,2.0
mirtazapine,Anxiety,3.0
mirtazapine,Cachexia,2.0
mirtazapine,"Child Development Disorders, Pervasive",3.0
mirtazapine,Cocaine-Related Disorders,2.0
mirtazapine,Dementia,3.0
mirtazapine,Depressive Disorder,4.0
mirtazapine,"Depressive Disorder, Major",4.0
mirtazapine,Fibromyalgia,2.0
mirtazapine,Heroin Dependence,3.0
mirtazapine,Nausea,3.0
mirtazapine,Paraganglioma,2.0
mirtazapine,Postoperative Nausea and Vomiting,0.5
mirtazapine,Schizophrenia,3.0
mirtazapine,"Sleep Apnea, Obstructive",1.0
mirtazapine,Sleep Initiation and Maintenance Disorders,4.0
mirtazapine,Stomach Diseases,1.0
mirtazapine,Substance-Related Disorders,2.0
mirtazapine,Weight Loss,2.0
mitiglinide,Diabetes Mellitus,3.0
mitiglinide,"Diabetes Mellitus, Type 2",3.0
mitomycin-c,Adenocarcinoma,4.0
mitomycin-c,Anus Neoplasms,3.0
mitomycin-c,Appendiceal Neoplasms,2.0
mitomycin-c,Biliary Tract Neoplasms,2.0
mitomycin-c,Breast Neoplasms,3.0
mitomycin-c,Carcinoma,3.0
mitomycin-c,Carcinoma in Situ,3.0
mitomycin-c,"Carcinoma, Hepatocellular",3.0
mitomycin-c,"Carcinoma, Non-Small-Cell Lung",3.0
mitomycin-c,"Carcinoma, Squamous Cell",2.0
mitomycin-c,"Carcinoma, Transitional Cell",3.0
mitomycin-c,Cholangiocarcinoma,2.0
mitomycin-c,"Cholangitis, Sclerosing",2.0
mitomycin-c,Colorectal Neoplasms,3.0
mitomycin-c,Corneal Opacity,2.0
mitomycin-c,Esophageal Stenosis,2.0
mitomycin-c,Glaucoma,4.0
mitomycin-c,"Glaucoma, Neovascular",2.0
mitomycin-c,"Glaucoma, Open-Angle",2.0
mitomycin-c,Head and Neck Neoplasms,3.0
mitomycin-c,Keratoconus,2.0
mitomycin-c,"Kidney Failure, Chronic",1.0
mitomycin-c,Leukemia,1.0
mitomycin-c,Liver Neoplasms,2.0
mitomycin-c,Lung Neoplasms,3.0
mitomycin-c,Mesothelioma,3.0
mitomycin-c,Myopia,1.0
mitomycin-c,Nasopharyngeal Carcinoma,3.0
mitomycin-c,Neoplasm Metastasis,1.0
mitomycin-c,Neoplasms,4.0
mitomycin-c,Pancreatic Neoplasms,3.0
mitomycin-c,Pterygium,2.0
mitomycin-c,Sarcoma,2.0
mitomycin-c,Stomach Neoplasms,3.0
mitomycin-c,Urethral Stricture,2.0
mitomycin-c,Urinary Bladder Neoplasms,3.0
mitomycin-c,Uterine Cervical Neoplasms,3.0
mitoxantrone,Glioma,1.0
mitoxantrone,Immunoblastic Lymphadenopathy,1.0
mitoxantrone,Leukemia,3.0
mitoxantrone,"Leukemia, Biphenotypic, Acute",2.0
mitoxantrone,"Leukemia, Lymphocytic, Chronic, B-Cell",3.0
mitoxantrone,"Leukemia, Lymphoid",3.0
mitoxantrone,"Leukemia, Myelogenous, Chronic, BCR-ABL Positive",1.0
mitoxantrone,"Leukemia, Myeloid, Acute",3.0
mitoxantrone,"Leukemia, Promyelocytic, Acute",3.0
mitoxantrone,Lymphoma,2.0
mitoxantrone,"Lymphoma, Follicular",3.0
mitoxantrone,"Lymphoma, Large B-Cell, Diffuse",3.0
mitoxantrone,"Lymphoma, Mantle-Cell",2.0
mitoxantrone,"Lymphoma, Non-Hodgkin",2.0
mitoxantrone,"Lymphoma, T-Cell, Peripheral",1.0
mitoxantrone,Multiple Sclerosis,3.0
mitoxantrone,"Multiple Sclerosis, Chronic Progressive",3.0
mitoxantrone,"Multiple Sclerosis, Relapsing-Remitting",2.0
mitoxantrone,Myelodysplastic Syndromes,2.0
mitoxantrone,Neoplasms,4.0
mitoxantrone,Precursor Cell Lymphoblastic Leukemia-Lymphoma,3.0
mitoxantrone,Precursor T-Cell Lymphoblastic Leukemia-Lymphoma,1.0
mitoxantrone,Prostatic Neoplasms,3.0
mitoxantrone,"Prostatic Neoplasms, Castration-Resistant",3.0
mizolastine,Hypersensitivity,4.0
mocetinostat,"Carcinoma, Non-Small-Cell Lung",2.0
mocetinostat,Hodgkin Disease,2.0
mocetinostat,Leiomyosarcoma,2.0
mocetinostat,Leukemia,1.0
mocetinostat,"Leukemia, Lymphocytic, Chronic, B-Cell",2.0
mocetinostat,"Leukemia, Myeloid, Acute",2.0
mocetinostat,Lung Neoplasms,1.0
mocetinostat,Lymphoma,2.0
mocetinostat,"Lymphoma, Follicular",1.0
mocetinostat,Melanoma,1.0
mocetinostat,Myelodysplastic Syndromes,2.0
mocetinostat,Neoplasms,1.0
mocetinostat,Rhabdomyosarcoma,1.0
mocetinostat,Squamous Cell Carcinoma of Head and Neck,1.0
mocetinostat,Urinary Bladder Neoplasms,2.0
moclobemide,Anxiety,3.0
moclobemide,Dementia,3.0
moclobemide,Depressive Disorder,4.0
moclobemide,Schizophrenia,3.0
moclobemide,Substance-Related Disorders,2.0
moclobemide,Tobacco Use Disorder,2.0
molindone,Attention Deficit Disorder with Hyperactivity,3.0
molindone,Psychotic Disorders,4.0
molsidomine,Cardiovascular Diseases,4.0
moracizine,"Arrhythmias, Cardiac",4.0
moracizine,Atrial Fibrillation,3.0
motesanib,Breast Neoplasms,1.0
motesanib,"Carcinoma, Non-Small-Cell Lung",3.0
moxidectin,"Elephantiasis, Filarial",3.0
moxidectin,Helminthiasis,4.0
moxidectin,Infections,2.0
moxidectin,Onchocerciasis,4.0
moxidectin,Strongyloidiasis,3.0
moxifloxacin,Abscess,3.0
moxifloxacin,Acanthamoeba Keratitis,3.0
moxifloxacin,Acquired Immunodeficiency Syndrome,1.0
moxifloxacin,Acute Coronary Syndrome,1.0
moxifloxacin,Alzheimer Disease,1.0
moxifloxacin,Amyotrophic Lateral Sclerosis,1.0
moxifloxacin,Anemia,1.0
moxifloxacin,"Arthritis, Rheumatoid",1.0
moxifloxacin,Asthma,1.0
moxifloxacin,Bacterial Infections,4.0
moxifloxacin,Breast Neoplasms,3.0
moxifloxacin,"Bronchitis, Chronic",3.0
moxifloxacin,"Carcinoma, Renal Cell",1.0
moxifloxacin,Cardiotoxicity,1.0
moxifloxacin,Cataract,3.0
moxifloxacin,Cellulitis,3.0
moxifloxacin,Cholangitis,2.0
moxifloxacin,"Cholecystitis, Acute",3.0
moxifloxacin,"Conjunctivitis, Bacterial",3.0
moxifloxacin,Constipation,1.0
moxifloxacin,Corneal Ulcer,2.0
moxifloxacin,Coronary Disease,1.0
moxifloxacin,Cystic Fibrosis,1.0
moxifloxacin,Diabetes Mellitus,1.0
moxifloxacin,"Diabetes Mellitus, Type 2",1.0
moxifloxacin,Dyspepsia,1.0
moxifloxacin,Endophthalmitis,3.0
moxifloxacin,Epilepsy,1.0
moxifloxacin,Erectile Dysfunction,1.0
moxifloxacin,Eye Infections,4.0
moxifloxacin,Fibromyalgia,1.0
moxifloxacin,HIV Infections,1.0
moxifloxacin,Heart Failure,1.0
moxifloxacin,Helicobacter Infections,3.0
moxifloxacin,Hepatitis C,1.0
moxifloxacin,Hypertension,1.0
moxifloxacin,Hypoglycemia,1.0
moxifloxacin,"Hypotension, Orthostatic",1.0
moxifloxacin,Immune System Diseases,1.0
moxifloxacin,Infections,3.0
moxifloxacin,Inflammation,3.0
moxifloxacin,"Influenza, Human",3.0
moxifloxacin,Keratitis,3.0
moxifloxacin,Lice Infestations,1.0
moxifloxacin,Lipid Metabolism Disorders,1.0
moxifloxacin,Lung Diseases,2.0
moxifloxacin,"Lupus Erythematosus, Systemic",1.0
moxifloxacin,Lymphoma,1.0
moxifloxacin,"Malaria, Vivax",1.0
moxifloxacin,Meningitis,3.0
moxifloxacin,Muscle Spasticity,2.0
moxifloxacin,Myocardial Ischemia,1.0
moxifloxacin,Nausea,1.0
moxifloxacin,Neoplasms,2.0
moxifloxacin,Non-alcoholic Fatty Liver Disease,1.0
moxifloxacin,Obesity,1.0
moxifloxacin,Osteomyelitis,0.5
moxifloxacin,Otitis Media,3.0
moxifloxacin,Pain,1.0
moxifloxacin,Parkinson Disease,2.0
moxifloxacin,Pelvic Inflammatory Disease,3.0
moxifloxacin,Phenylketonurias,1.0
moxifloxacin,Pneumonia,3.0
moxifloxacin,"Pneumonia, Bacterial",3.0
moxifloxacin,Postpartum Hemorrhage,1.0
moxifloxacin,Premature Birth,1.0
moxifloxacin,Psychotic Disorders,1.0
moxifloxacin,"Pulmonary Disease, Chronic Obstructive",3.0
moxifloxacin,Respiratory Tract Infections,1.0
moxifloxacin,Restless Legs Syndrome,1.0
moxifloxacin,Schizophrenia,1.0
moxifloxacin,Severe Acute Respiratory Syndrome,3.0
moxifloxacin,Sinusitis,3.0
moxifloxacin,Skin Diseases,3.0
moxifloxacin,Smoking Cessation,1.0
moxifloxacin,Tuberculosis,3.0
moxifloxacin,"Tuberculosis, Meningeal",2.0
moxifloxacin,"Tuberculosis, Multidrug-Resistant",2.0
moxifloxacin,"Tuberculosis, Pulmonary",3.0
moxisylyte,Cardiovascular Diseases,4.0
moxisylyte,Erectile Dysfunction,4.0
moxonidine,Heart Diseases,3.0
moxonidine,Hypertension,4.0
moxonidine,"Hypotension, Orthostatic",0.5
mubritinib,Breast Neoplasms,1.0
mubritinib,Kidney Neoplasms,1.0
mubritinib,Lung Neoplasms,1.0
mubritinib,Ovarian Neoplasms,1.0
mubritinib,Pancreatic Neoplasms,1.0
mycophenolate-mofetil,"Anemia, Aplastic",2.0
mycophenolate-mofetil,Anti-Neutrophil Cytoplasmic Antibody-Associated Vasculitis,3.0
mycophenolate-mofetil,"Arthritis, Rheumatoid",1.0
mycophenolate-mofetil,Autoimmune Diseases,2.0
mycophenolate-mofetil,Burkitt Lymphoma,2.0
mycophenolate-mofetil,"Carcinoma, Hepatocellular",3.0
mycophenolate-mofetil,"Carcinoma, Renal Cell",1.0
mycophenolate-mofetil,Cardiovascular Diseases,3.0
mycophenolate-mofetil,Chemical and Drug Induced Liver Injury,2.0
mycophenolate-mofetil,Crohn Disease,2.0
mycophenolate-mofetil,"Cystitis, Interstitial",3.0
mycophenolate-mofetil,Diabetic Nephropathies,3.0
mycophenolate-mofetil,Epidermolysis Bullosa,2.0
mycophenolate-mofetil,Gliosarcoma,1.0
mycophenolate-mofetil,"Glomerulonephritis, IGA",3.0
mycophenolate-mofetil,"Glomerulonephritis, Membranous",3.0
mycophenolate-mofetil,"Glomerulosclerosis, Focal Segmental",3.0
mycophenolate-mofetil,Gout,2.0
mycophenolate-mofetil,Graft vs Host Disease,3.0
mycophenolate-mofetil,"Granuloma, Lethal Midline",2.0
mycophenolate-mofetil,Granulomatosis with Polyangiitis,3.0
mycophenolate-mofetil,HIV Infections,2.0
mycophenolate-mofetil,Heart Diseases,3.0
mycophenolate-mofetil,Hematologic Diseases,2.0
mycophenolate-mofetil,Hematologic Neoplasms,2.0
mycophenolate-mofetil,Hepatitis C,3.0
mycophenolate-mofetil,"Hepatitis, Alcoholic",2.0
mycophenolate-mofetil,"Histiocytosis, Langerhans-Cell",2.0
mycophenolate-mofetil,Hodgkin Disease,3.0
mycophenolate-mofetil,Hypertension,1.0
mycophenolate-mofetil,IgA Vasculitis,2.0
mycophenolate-mofetil,Immunoblastic Lymphadenopathy,2.0
mycophenolate-mofetil,Kidney Diseases,3.0
mycophenolate-mofetil,Kidney Neoplasms,2.0
mycophenolate-mofetil,Lecithin Cholesterol Acyltransferase Deficiency,1.0
mycophenolate-mofetil,Leukemia,3.0
mycophenolate-mofetil,"Leukemia, Large Granular Lymphocytic",2.0
mycophenolate-mofetil,"Leukemia, Lymphocytic, Chronic, B-Cell",2.0
mycophenolate-mofetil,"Leukemia, Mast-Cell",2.0
mycophenolate-mofetil,"Leukemia, Myelogenous, Chronic, BCR-ABL Positive",3.0
mycophenolate-mofetil,"Leukemia, Myeloid, Acute",3.0
mycophenolate-mofetil,"Leukemia, Myelomonocytic, Chronic",2.0
mycophenolate-mofetil,"Leukemia, Myelomonocytic, Juvenile",2.0
mycophenolate-mofetil,"Leukemia, Prolymphocytic, B-Cell",2.0
mycophenolate-mofetil,"Leukemia, Prolymphocytic, T-Cell",2.0
mycophenolate-mofetil,"Leukemia-Lymphoma, Adult T-Cell",2.0
mycophenolate-mofetil,Liver Diseases,2.0
mycophenolate-mofetil,"Lung Diseases, Interstitial",3.0
mycophenolate-mofetil,Lupus Nephritis,3.0
mycophenolate-mofetil,Lymphoma,2.0
mycophenolate-mofetil,"Lymphoma, B-Cell, Marginal Zone",2.0
mycophenolate-mofetil,"Lymphoma, Follicular",2.0
mycophenolate-mofetil,"Lymphoma, Large B-Cell, Diffuse",3.0
mycophenolate-mofetil,"Lymphoma, Large-Cell, Anaplastic",2.0
mycophenolate-mofetil,"Lymphoma, Mantle-Cell",3.0
mycophenolate-mofetil,"Lymphoma, Non-Hodgkin",3.0
mycophenolate-mofetil,"Lymphoma, T-Cell, Peripheral",2.0
mycophenolate-mofetil,Macular Degeneration,2.0
mycophenolate-mofetil,Melanoma,2.0
mycophenolate-mofetil,Microscopic Polyangiitis,3.0
mycophenolate-mofetil,Multiple Myeloma,3.0
mycophenolate-mofetil,Myasthenia Gravis,3.0
mycophenolate-mofetil,Mycosis Fungoides,2.0
mycophenolate-mofetil,Myelodysplastic Syndromes,3.0
mycophenolate-mofetil,Myeloproliferative Disorders,2.0
mycophenolate-mofetil,Neoplasms,3.0
mycophenolate-mofetil,"Neoplasms, Neuroepithelial",0.5
mycophenolate-mofetil,Nephrotic Syndrome,3.0
mycophenolate-mofetil,Neuroblastoma,2.0
mycophenolate-mofetil,Neuromyelitis Optica,3.0
mycophenolate-mofetil,Pancreatic Neoplasms,1.0
mycophenolate-mofetil,"Pemphigoid, Benign Mucous Membrane",2.0
mycophenolate-mofetil,"Pemphigoid, Bullous",2.0
mycophenolate-mofetil,Pemphigus,3.0
mycophenolate-mofetil,Polycythemia Vera,2.0
mycophenolate-mofetil,Polyradiculopathy,3.0
mycophenolate-mofetil,Precursor Cell Lymphoblastic Leukemia-Lymphoma,3.0
mycophenolate-mofetil,Primary Myelofibrosis,2.0
mycophenolate-mofetil,Psoriasis,2.0
mycophenolate-mofetil,"Purpura, Thrombocytopenic, Idiopathic",3.0
mycophenolate-mofetil,"Red-Cell Aplasia, Pure",3.0
mycophenolate-mofetil,Renal Insufficiency,3.0
mycophenolate-mofetil,"Renal Insufficiency, Chronic",2.0
mycophenolate-mofetil,"Scleroderma, Diffuse",2.0
mycophenolate-mofetil,"Scleroderma, Systemic",2.0
mycophenolate-mofetil,Sezary Syndrome,2.0
mycophenolate-mofetil,Sjogren's Syndrome,2.0
mycophenolate-mofetil,Takayasu Arteritis,3.0
mycophenolate-mofetil,Uveitis,3.0
mycophenolate-mofetil,Vasculitis,2.0
mycophenolate-mofetil,Waldenstrom Macroglobulinemia,3.0
mycophenolate-mofetil,beta-Thalassemia,1.0
mycophenolic-acid,Crohn Disease,2.0
mycophenolic-acid,Cytomegalovirus Infections,3.0
mycophenolic-acid,"Diabetes Mellitus, Type 1",3.0
mycophenolic-acid,Dry Eye Syndromes,2.0
mycophenolic-acid,Graft vs Host Disease,3.0
mycophenolic-acid,Immune System Diseases,4.0
mycophenolic-acid,Leukemia,2.0
mycophenolic-acid,"Leukemia, Myeloid, Acute",2.0
mycophenolic-acid,"Lupus Erythematosus, Systemic",3.0
mycophenolic-acid,Lupus Nephritis,3.0
mycophenolic-acid,Lymphoma,2.0
mycophenolic-acid,Myelodysplastic Syndromes,1.0
mycophenolic-acid,Nephrotic Syndrome,3.0
mycophenolic-acid,Primary Myelofibrosis,1.0
mycophenolic-acid,"Renal Insufficiency, Chronic",2.0
mycophenolic-acid,"Sarcoidosis, Pulmonary",3.0
mycophenolic-acid,"Scleroderma, Systemic",1.0
mycophenolic-acid,"Uveitis, Intermediate",3.0
nafamostat,Acute Kidney Injury,3.0
nafamostat,Severe Acute Respiratory Syndrome,3.0
naftifine,Onychomycosis,2.0
naftifine,Tinea Pedis,3.0
naftopidil,Hyperplasia,3.0
nalbuphine,Delirium,3.0
nalbuphine,Idiopathic Pulmonary Fibrosis,2.0
nalbuphine,Pain,4.0
nandrolone,"Anemia, Aplastic",3.0
naphazoline,Common Cold,3.0
naphazoline,"Conjunctivitis, Allergic",3.0
naphazoline,Eye Manifestations,4.0
naphazoline,Hyperemia,1.0
naphazoline,"Influenza, Human",3.0
naphazoline,Nasal Obstruction,4.0
naphazoline,Neoplasms,1.0
naphazoline,Respiratory Tract Diseases,3.0
naproxen,Acute Pain,4.0
naproxen,Alzheimer Disease,2.0
naproxen,Arthralgia,4.0
naproxen,Arthritis,4.0
naproxen,"Arthritis, Gouty",4.0
naproxen,"Arthritis, Juvenile",4.0
naproxen,"Arthritis, Rheumatoid",4.0
naproxen,Back Pain,4.0
naproxen,Breast Neoplasms,2.0
naproxen,Bursitis,4.0
naproxen,"Colorectal Neoplasms, Hereditary Nonpolyposis",1.0
naproxen,Common Cold,4.0
naproxen,Duodenal Ulcer,2.0
naproxen,Dysmenorrhea,4.0
naproxen,Fever,4.0
naproxen,Gout,4.0
naproxen,Headache,4.0
naproxen,Inflammation,0.5
naproxen,Low Back Pain,3.0
naproxen,Migraine Disorders,3.0
naproxen,Multiple Sclerosis,3.0
naproxen,Muscle Cramp,4.0
naproxen,Myalgia,4.0
naproxen,Neuralgia,2.0
naproxen,Osteoarthritis,4.0
naproxen,"Osteoarthritis, Hip",3.0
naproxen,"Osteoarthritis, Knee",3.0
naproxen,Pain,4.0
naproxen,Peptic Ulcer,3.0
naproxen,Pleural Effusion,2.0
naproxen,Prostatic Neoplasms,2.0
naproxen,"Prostatic Neoplasms, Castration-Resistant",2.0
naproxen,Rheumatic Diseases,4.0
naproxen,Severe Acute Respiratory Syndrome,3.0
naproxen,Spondylitis,4.0
naproxen,"Spondylitis, Ankylosing",4.0
naproxen,Stomach Ulcer,4.0
naproxen,Tendinopathy,4.0
naproxen,Toothache,4.0
naproxen,Vaginitis,4.0
naproxen,Wounds and Injuries,2.0
narlaprevir,Hepatitis C,3.0
narlaprevir,"Hepatitis C, Chronic",2.0
narlaprevir,Liver Diseases,1.0
narlaprevir,Virus Diseases,3.0
nateglinide,Diabetes Mellitus,4.0
nateglinide,"Diabetes Mellitus, Type 2",4.0
navitoclax,Hematologic Neoplasms,1.0
navitoclax,Leukemia,1.0
navitoclax,"Leukemia, Lymphocytic, Chronic, B-Cell",2.0
navitoclax,"Leukemia, Lymphoid",1.0
navitoclax,"Leukemia, Myeloid, Acute",1.0
navitoclax,"Lymphoma, Large B-Cell, Diffuse",2.0
navitoclax,"Lymphoma, Mantle-Cell",2.0
navitoclax,Myelodysplastic Syndromes,1.0
navitoclax,Neoplasms,3.0
navitoclax,Ovarian Neoplasms,2.0
navitoclax,Precursor Cell Lymphoblastic Leukemia-Lymphoma,1.0
navitoclax,Primary Myelofibrosis,3.0
navitoclax,"Prostatic Neoplasms, Castration-Resistant",2.0
navitoclax,Small Cell Lung Carcinoma,1.0
nebivolol,Cardiovascular Diseases,4.0
nebivolol,Essential Hypertension,2.0
nebivolol,Hypertension,3.0
nebivolol,Idiopathic Pulmonary Fibrosis,1.0
nebivolol,Marfan Syndrome,3.0
nebivolol,Osteoporosis,0.5
nebivolol,Severe Acute Respiratory Syndrome,3.0
nebivolol,Stroke,2.0
nefazodone,Cocaine-Related Disorders,3.0
nefazodone,Depressive Disorder,4.0
nefazodone,Marijuana Abuse,2.0
nefiracetam,Alzheimer Disease,2.0
nefopam,Burns,2.0
nefopam,Fever,4.0
nefopam,Pain,4.0
nefopam,Stomach Neoplasms,3.0
nelarabine,Leukemia,3.0
nelarabine,"Leukemia, Biphenotypic, Acute",2.0
nelarabine,"Leukemia, Lymphoid",1.0
nelarabine,"Leukemia-Lymphoma, Adult T-Cell",4.0
nelarabine,Lymphoma,2.0
nelarabine,Multiple Myeloma,1.0
nelarabine,Mycosis Fungoides,2.0
nelarabine,Myelodysplastic Syndromes,1.0
nelarabine,Myeloproliferative Disorders,1.0
nelarabine,Neoplasms,4.0
nelarabine,"Neoplasms, Plasma Cell",1.0
nelarabine,Precursor Cell Lymphoblastic Leukemia-Lymphoma,3.0
nelarabine,Precursor T-Cell Lymphoblastic Leukemia-Lymphoma,4.0
nelarabine,Sezary Syndrome,2.0
neostigmine,Breast Neoplasms,2.0
neostigmine,Burns,3.0
neostigmine,Gastroparesis,2.0
neostigmine,Glaucoma,4.0
neostigmine,Headache,3.0
neostigmine,Hypospadias,2.0
neostigmine,Kidney Diseases,2.0
neostigmine,"Obesity, Morbid",2.0
neostigmine,Pain,2.0
neostigmine,Postoperative Complications,2.0
neostigmine,Postoperative Nausea and Vomiting,3.0
nepafenac,Cataract,4.0
nepafenac,Eye Diseases,4.0
nepafenac,Inflammation,4.0
nepafenac,Macular Edema,2.0
nepafenac,Miosis,2.0
nepafenac,Ophthalmologic Surgical Procedures,4.0
nepafenac,"Pain, Postoperative",4.0
neratinib,Biliary Tract Neoplasms,3.0
neratinib,Breast Neoplasms,3.0
neratinib,Carcinoma,1.0
neratinib,"Carcinoma, Hepatocellular",1.0
neratinib,"Carcinoma, Non-Small-Cell Lung",2.0
neratinib,Colorectal Neoplasms,1.0
neratinib,Glioblastoma,2.0
neratinib,Hemangiosarcoma,2.0
neratinib,"Leukemia, Myelogenous, Chronic, BCR-ABL Positive",1.0
neratinib,Neoplasms,3.0
neratinib,Ovarian Neoplasms,1.0
neratinib,Prostatic Neoplasms,2.0
neratinib,Stomach Neoplasms,1.0
nesbuvir,Hepatitis C,2.0
netupitant,Neoplasms,2.0
netupitant,Postoperative Nausea and Vomiting,4.0
nevirapine,Acquired Immunodeficiency Syndrome,3.0
nevirapine,HIV Infections,4.0
nevirapine,Infections,3.0
nevirapine,Tuberculosis,3.0
nevirapine,Virus Diseases,4.0
niacin,Abdominal Pain,4.0
niacin,Acne Vulgaris,4.0
niacin,Acute Coronary Syndrome,3.0
niacin,Anemia,4.0
niacin,"Anemia, Iron-Deficiency",4.0
niacin,"Anemia, Sickle Cell",2.0
niacin,Anxiety,1.0
niacin,Aortic Valve Stenosis,0.5
niacin,Atherosclerosis,4.0
niacin,Cardiovascular Diseases,4.0
niacin,Carotid Artery Diseases,3.0
niacin,Coronary Artery Disease,4.0
niacin,Depressive Disorder,2.0
niacin,"Depressive Disorder, Major",2.0
niacin,"Diabetes Mellitus, Type 2",3.0
niacin,Flushing,3.0
niacin,Glioblastoma,1.0
niacin,HIV Infections,2.0
niacin,Heart Diseases,3.0
niacin,Heart Failure,2.0
niacin,"Heart Failure, Systolic",2.0
niacin,Hypercholesterolemia,4.0
niacin,"Hyperlipidemia, Familial Combined",3.0
niacin,Hyperlipidemias,4.0
niacin,Hyperlipoproteinemia Type II,3.0
niacin,Intermittent Claudication,3.0
niacin,Intracranial Arteriosclerosis,3.0
niacin,Ischemic Stroke,2.0
niacin,"Kidney Failure, Chronic",4.0
niacin,Lipid Metabolism Disorders,3.0
niacin,"Lymphoma, Non-Hodgkin",1.0
niacin,Metabolic Syndrome,2.0
niacin,Migraine Disorders,2.0
niacin,Myocardial Infarction,4.0
niacin,Myocardial Ischemia,3.0
niacin,Neoplasms,2.0
niacin,Non-alcoholic Fatty Liver Disease,2.0
niacin,Obesity,2.0
niacin,Obsessive-Compulsive Disorder,1.0
niacin,Peripheral Vascular Diseases,3.0
niacin,Psychotic Disorders,3.0
niacin,Retinal Vein Occlusion,2.0
niacin,"Stress Disorders, Post-Traumatic",1.0
niacin,Stroke,3.0
niacin,Tobacco Use Disorder,2.0
niacin,Tuberculosis,3.0
niacin,Weight Gain,0.5
nicardipine,"Aortic Aneurysm, Thoracic",2.0
nicardipine,Brain Neoplasms,1.0
nicardipine,Cardiovascular Diseases,4.0
nicardipine,Coronary Disease,0.5
nicardipine,Hypertension,3.0
nicardipine,Muscle Cramp,3.0
nicardipine,Pre-Eclampsia,3.0
nicardipine,Stroke,2.0
nicardipine,Subarachnoid Hemorrhage,2.0
nicergoline,Anxiety,3.0
nicergoline,Cardiovascular Diseases,4.0
nicergoline,Deglutition Disorders,3.0
nicergoline,Dementia,3.0
nicergoline,Depressive Disorder,3.0
nicergoline,Schizophrenia,3.0
niclosamide,Adenomatous Polyposis Coli,2.0
niclosamide,"Arthritis, Rheumatoid",1.0
niclosamide,Colonic Neoplasms,1.0
niclosamide,Colorectal Neoplasms,2.0
niclosamide,Diabetic Nephropathies,3.0
niclosamide,Helminthiasis,4.0
niclosamide,"Leukemia, Myeloid, Acute",1.0
niclosamide,Prostatic Neoplasms,2.0
niclosamide,"Prostatic Neoplasms, Castration-Resistant",1.0
niclosamide,Severe Acute Respiratory Syndrome,3.0
nicotinamide,Acne Vulgaris,4.0
nicotinamide,Acute Kidney Injury,0.5
nicotinamide,Alzheimer Disease,1.0
nicotinamide,Anemia,4.0
nicotinamide,"Anemia, Iron-Deficiency",4.0
nicotinamide,"Anemia, Sickle Cell",1.0
nicotinamide,Ataxia Telangiectasia,2.0
nicotinamide,Brain Injuries,3.0
nicotinamide,"Carcinoma, Basal Cell",2.0
nicotinamide,"Carcinoma, Non-Small-Cell Lung",2.0
nicotinamide,"Carcinoma, Squamous Cell",2.0
nicotinamide,Depressive Disorder,2.0
nicotinamide,Diabetic Neuropathies,3.0
nicotinamide,Folic Acid Deficiency,4.0
nicotinamide,Friedreich Ataxia,2.0
nicotinamide,"Glaucoma, Open-Angle",2.0
nicotinamide,Hodgkin Disease,1.0
nicotinamide,Hyperphosphatemia,1.0
nicotinamide,"Jaundice, Obstructive",3.0
nicotinamide,"Keratosis, Actinic",0.5
nicotinamide,"Kidney Failure, Chronic",3.0
nicotinamide,"Leukemia, Lymphocytic, Chronic, B-Cell",2.0
nicotinamide,"Lupus Erythematosus, Cutaneous",2.0
nicotinamide,"Lupus Erythematosus, Discoid",0.5
nicotinamide,"Lupus Erythematosus, Systemic",2.0
nicotinamide,"Lymphoma, Non-Hodgkin",1.0
nicotinamide,Malnutrition,2.0
nicotinamide,Melanosis,2.0
nicotinamide,Multiple Sclerosis,1.0
nicotinamide,Neurodegenerative Diseases,2.0
nicotinamide,Polycystic Kidney Diseases,2.0
nicotinamide,Pre-Eclampsia,2.0
nicotinamide,Psoriasis,2.0
nicotinamide,"Renal Insufficiency, Chronic",2.0
nicotinamide,Skin Neoplasms,0.5
nicotinamide,Stroke,3.0
nicotinamide,Urinary Bladder Neoplasms,3.0
nicotine,Aging,1.0
nicotine,Alcohol Drinking,2.0
nicotine,Attention Deficit Disorder with Hyperactivity,1.0
nicotine,Carcinoma,2.0
nicotine,Cocaine-Related Disorders,1.0
nicotine,Cognitive Dysfunction,2.0
nicotine,Depressive Disorder,2.0
nicotine,Heart Failure,3.0
nicotine,Lung Neoplasms,3.0
nicotine,Marijuana Abuse,3.0
nicotine,Memory Disorders,1.0
nicotine,Parkinson Disease,2.0
nicotine,Postoperative Nausea and Vomiting,2.0
nicotine,"Pulmonary Disease, Chronic Obstructive",3.0
nicotine,Sarcoidosis,1.0
nicotine,"Sarcoidosis, Pulmonary",0.5
nicotine,Sarcoma,2.0
nicotine,Schizophrenia,1.0
nicotine,Severe Acute Respiratory Syndrome,3.0
nicotine,Smoking,3.0
nicotine,Smoking Cessation,3.0
nicotine,Substance-Related Disorders,1.0
nicotine,Tobacco Use Disorder,4.0
nicotine,Uterine Cervical Neoplasms,3.0
nicotine,Wounds and Injuries,2.0
nikethamide,Respiratory Tract Diseases,4.0
nilotinib,Alzheimer Disease,3.0
nilotinib,Breast Neoplasms,1.0
nilotinib,Bronchiolitis Obliterans Syndrome,1.0
nilotinib,Cerebellar Ataxia,2.0
nilotinib,Chordoma,1.0
nilotinib,Colonic Neoplasms,0.5
nilotinib,Gastrointestinal Stromal Tumors,3.0
nilotinib,Glioma,2.0
nilotinib,Graft vs Host Disease,2.0
nilotinib,Huntington Disease,1.0
nilotinib,"Hypertension, Pulmonary",2.0
nilotinib,Leukemia,3.0
nilotinib,"Leukemia, Myelogenous, Chronic, BCR-ABL Positive",3.0
nilotinib,"Leukemia, Myeloid",3.0
nilotinib,"Leukemia, Myeloid, Acute",2.0
nilotinib,Melanoma,2.0
nilotinib,Neoplasms,3.0
nilotinib,"Neuroma, Acoustic",2.0
nilotinib,Paraganglioma,2.0
nilotinib,Parkinson Disease,2.0
nilotinib,Precursor Cell Lymphoblastic Leukemia-Lymphoma,2.0
nilotinib,Sarcoma,3.0
nilotinib,"Synovitis, Pigmented Villonodular",2.0
nimesulide,Arthralgia,4.0
nimesulide,Breast Neoplasms,2.0
nimesulide,Myalgia,4.0
nimesulide,Pain,1.0
nimesulide,Rheumatic Diseases,4.0
nimodipine,Cardiovascular Diseases,4.0
nimodipine,Cerebrovascular Disorders,0.5
nimodipine,Cocaine-Related Disorders,2.0
nimodipine,Infertility,2.0
nimodipine,Intracranial Aneurysm,1.0
nimodipine,Muscle Cramp,2.0
nimodipine,"Neuroma, Acoustic",2.0
nimodipine,Poisoning,3.0
nimodipine,Schizophrenia,0.5
nimodipine,Stroke,2.0
nimodipine,Subarachnoid Hemorrhage,3.0
nintedanib,Adenocarcinoma of Lung,1.0
nintedanib,Appendiceal Neoplasms,2.0
nintedanib,Astrocytoma,2.0
nintedanib,Breast Neoplasms,2.0
nintedanib,Bronchiolitis Obliterans,2.0
nintedanib,Carcinoid Tumor,2.0
nintedanib,"Carcinoma, Hepatocellular",2.0
nintedanib,"Carcinoma, Medullary",2.0
nintedanib,"Carcinoma, Non-Small-Cell Lung",3.0
nintedanib,"Carcinoma, Renal Cell",2.0
nintedanib,"Carcinoma, Squamous Cell",2.0
nintedanib,Colonic Neoplasms,1.0
nintedanib,Colorectal Neoplasms,3.0
nintedanib,Endometrial Neoplasms,2.0
nintedanib,Fallopian Tube Neoplasms,2.0
nintedanib,"Genital Neoplasms, Female",1.0
nintedanib,Glioblastoma,2.0
nintedanib,Gliosarcoma,2.0
nintedanib,Head and Neck Neoplasms,2.0
nintedanib,Idiopathic Pulmonary Fibrosis,3.0
nintedanib,"Leukemia, Myeloid, Acute",2.0
nintedanib,"Lung Diseases, Interstitial",3.0
nintedanib,Lung Neoplasms,2.0
nintedanib,Lymphangioleiomyomatosis,2.0
nintedanib,Melanoma,1.0
nintedanib,Mesothelioma,2.0
nintedanib,Multiple Myeloma,1.0
nintedanib,Neoplasms,3.0
nintedanib,Neuroendocrine Tumors,2.0
nintedanib,Oligodendroglioma,2.0
nintedanib,Ovarian Neoplasms,2.0
nintedanib,Pancreatic Neoplasms,1.0
nintedanib,Peritoneal Neoplasms,2.0
nintedanib,Prostatic Neoplasms,2.0
nintedanib,"Pulmonary Disease, Chronic Obstructive",1.0
nintedanib,Pulmonary Fibrosis,3.0
nintedanib,Rectal Neoplasms,1.0
nintedanib,Salivary Gland Neoplasms,2.0
nintedanib,Sarcoma,2.0
nintedanib,"Scleroderma, Systemic",3.0
nintedanib,Severe Acute Respiratory Syndrome,3.0
nintedanib,Small Cell Lung Carcinoma,2.0
nintedanib,Stomach Neoplasms,2.0
nintedanib,"Telangiectasia, Hereditary Hemorrhagic",2.0
nintedanib,Urinary Bladder Neoplasms,2.0
nintedanib,Uterine Cervical Neoplasms,2.0
nitrendipine,Cardiovascular Diseases,4.0
nitrendipine,Hypertension,3.0
nizofenone,Attention Deficit Disorder with Hyperactivity,2.0
norethindrone,Dysmenorrhea,3.0
norethindrone,Endometriosis,3.0
norethindrone,Hepatitis C,1.0
norethindrone,Hyperandrogenism,2.0
norethindrone,Menopause,3.0
norethindrone,"Multiple Sclerosis, Chronic Progressive",2.0
norethindrone,"Multiple Sclerosis, Relapsing-Remitting",2.0
norethindrone,Neoplasms,1.0
norethindrone,Pain,3.0
norethindrone,Reperfusion Injury,2.0
norethindrone,"Sexual Dysfunction, Physiological",3.0
norethisterone,Dysmenorrhea,3.0
norethisterone,Endometriosis,3.0
norethisterone,Hepatitis C,1.0
norethisterone,Hyperandrogenism,2.0
norethisterone,Menopause,3.0
norethisterone,"Multiple Sclerosis, Chronic Progressive",2.0
norethisterone,"Multiple Sclerosis, Relapsing-Remitting",2.0
norethisterone,Neoplasms,1.0
norethisterone,Pain,3.0
norethisterone,Reperfusion Injury,2.0
norethisterone,"Sexual Dysfunction, Physiological",3.0
norfloxacin,Bacterial Infections,4.0
norfloxacin,"Cystitis, Hemorrhagic",3.0
norfloxacin,Esophageal and Gastric Varices,3.0
norfloxacin,Eye Infections,4.0
norfloxacin,Hermanski-Pudlak Syndrome,2.0
norfloxacin,Liver Cirrhosis,3.0
norfloxacin,Osteomyelitis,0.5
norfloxacin,Peritonitis,3.0
norgestrel,Endometrial Neoplasms,2.0
norgestrel,Hemorrhage,4.0
nortriptyline,Anxiety,3.0
nortriptyline,Dementia,3.0
nortriptyline,Depressive Disorder,4.0
nortriptyline,Dyspepsia,3.0
nortriptyline,Gastroesophageal Reflux,3.0
nortriptyline,Gastroparesis,3.0
nortriptyline,Irritable Bowel Syndrome,2.0
nortriptyline,Psoriasis,2.0
nortriptyline,Schizophrenia,3.0
nortriptyline,Temporomandibular Joint Disorders,2.0
nortriptyline,Tobacco Use Disorder,2.0
noscapine,Cough,4.0
noscapine,"Leukemia, Lymphocytic, Chronic, B-Cell",1.0
noscapine,Multiple Myeloma,1.0
novobiocin,Osteomyelitis,0.5
odanacatib,Breast Neoplasms,3.0
odanacatib,Osteoarthritis,2.0
odanacatib,Osteoporosis,3.0
odanacatib,"Osteoporosis, Postmenopausal",3.0
odanacatib,"Prostatic Neoplasms, Castration-Resistant",3.0
odanacatib,Renal Insufficiency,1.0
ofloxacin,Acne Vulgaris,4.0
ofloxacin,Bacterial Infections,4.0
ofloxacin,"Bronchitis, Chronic",4.0
ofloxacin,"Conjunctivitis, Bacterial",3.0
ofloxacin,Corneal Ulcer,4.0
ofloxacin,Diabetic Foot,3.0
ofloxacin,Eye Infections,4.0
ofloxacin,Glaucoma,3.0
ofloxacin,"Glaucoma, Open-Angle",3.0
ofloxacin,Hearing Loss,1.0
ofloxacin,Infections,4.0
ofloxacin,Ocular Hypertension,3.0
ofloxacin,Osteomyelitis,0.5
ofloxacin,Otitis Externa,4.0
ofloxacin,Otitis Media,3.0
ofloxacin,Pelvic Inflammatory Disease,3.0
ofloxacin,Urinary Tract Infections,3.0
oglemilast,Asthma,2.0
oglemilast,"Pulmonary Disease, Chronic Obstructive",2.0
olanzapine,Alcoholism,3.0
olanzapine,Amyotrophic Lateral Sclerosis,2.0
olanzapine,Anorexia,3.0
olanzapine,Anorexia Nervosa,2.0
olanzapine,Anxiety,3.0
olanzapine,Autistic Disorder,2.0
olanzapine,Bipolar Disorder,4.0
olanzapine,Borderline Personality Disorder,3.0
olanzapine,Delirium,2.0
olanzapine,Dementia,3.0
olanzapine,Depressive Disorder,3.0
olanzapine,"Depressive Disorder, Major",4.0
olanzapine,"Depressive Disorder, Treatment-Resistant",3.0
olanzapine,Developmental Disabilities,3.0
olanzapine,"Dyskinesia, Drug-Induced",1.0
olanzapine,Feeding and Eating Disorders,3.0
olanzapine,Gambling,3.0
olanzapine,"Genital Neoplasms, Female",3.0
olanzapine,Huntington Disease,3.0
olanzapine,Intellectual Disability,3.0
olanzapine,Lecithin Cholesterol Acyltransferase Deficiency,1.0
olanzapine,Mental Disorders,4.0
olanzapine,Mood Disorders,1.0
olanzapine,Nausea,3.0
olanzapine,Neoplasms,3.0
olanzapine,Opioid-Related Disorders,2.0
olanzapine,Postoperative Nausea and Vomiting,3.0
olanzapine,Psychomotor Agitation,4.0
olanzapine,Psychotic Disorders,4.0
olanzapine,Schizophrenia,4.0
olanzapine,Testicular Neoplasms,3.0
olanzapine,Vomiting,2.0
olanzapine,Weight Gain,3.0
olanzapine,Weight Loss,1.0
olaparib,Bile Duct Neoplasms,2.0
olaparib,Biliary Tract Neoplasms,2.0
olaparib,Breast Neoplasms,4.0
olaparib,Carcinoma,3.0
olaparib,"Carcinoma, Non-Small-Cell Lung",3.0
olaparib,"Carcinoma, Ovarian Epithelial",2.0
olaparib,"Carcinoma, Pancreatic Ductal",2.0
olaparib,"Carcinoma, Renal Cell",2.0
olaparib,"Carcinoma, Squamous Cell",2.0
olaparib,Carcinosarcoma,2.0
olaparib,Central Nervous System Neoplasms,1.0
olaparib,Cholangiocarcinoma,2.0
olaparib,Colorectal Neoplasms,2.0
olaparib,"Cystadenocarcinoma, Serous",1.0
olaparib,Endometrial Neoplasms,3.0
olaparib,Esophageal Neoplasms,1.0
olaparib,Fallopian Tube Neoplasms,2.0
olaparib,Glioblastoma,2.0
olaparib,Glioma,2.0
olaparib,Head and Neck Neoplasms,1.0
olaparib,Hemangiosarcoma,2.0
olaparib,Hereditary Breast and Ovarian Cancer Syndrome,1.0
olaparib,"Hypertension, Pulmonary",1.0
olaparib,Inflammatory Breast Neoplasms,1.0
olaparib,Leiomyosarcoma,2.0
olaparib,"Leukemia, Lymphocytic, Chronic, B-Cell",1.0
olaparib,"Leukemia, Myeloid",2.0
olaparib,"Leukemia, Myeloid, Acute",2.0
olaparib,Lung Neoplasms,3.0
olaparib,Lymphoma,1.0
olaparib,"Lymphoma, T-Cell, Peripheral",2.0
olaparib,Melanoma,2.0
olaparib,Mesothelioma,2.0
olaparib,Myelodysplastic Syndromes,2.0
olaparib,Neoplasm Metastasis,1.0
olaparib,Neoplasms,4.0
olaparib,"Neoplasms, Germ Cell and Embryonal",2.0
olaparib,Neuroendocrine Tumors,1.0
olaparib,Osteosarcoma,2.0
olaparib,Ovarian Neoplasms,4.0
olaparib,Pancreatic Neoplasms,4.0
olaparib,Peritoneal Neoplasms,2.0
olaparib,Pheochromocytoma,2.0
olaparib,Prostatic Neoplasms,3.0
olaparib,"Prostatic Neoplasms, Castration-Resistant",4.0
olaparib,Rhabdomyosarcoma,1.0
olaparib,Sarcoma,2.0
olaparib,"Sarcoma, Ewing",2.0
olaparib,Small Cell Lung Carcinoma,3.0
olaparib,Squamous Cell Carcinoma of Head and Neck,1.0
olaparib,Stomach Neoplasms,3.0
olaparib,Triple Negative Breast Neoplasms,2.0
olaparib,Urinary Bladder Neoplasms,2.0
olaparib,Uterine Cervical Neoplasms,2.0
olaparib,Uterine Neoplasms,1.0
olaparib,Uveal Melanoma,2.0
olmesartan-medoxomil,Atherosclerosis,3.0
olmesartan-medoxomil,Cardiovascular Diseases,4.0
olmesartan-medoxomil,Diabetes Mellitus,4.0
olmesartan-medoxomil,Diabetic Nephropathies,3.0
olmesartan-medoxomil,Essential Hypertension,3.0
olmesartan-medoxomil,Glomerulonephritis,2.0
olmesartan-medoxomil,Heart Failure,4.0
olmesartan-medoxomil,Hypertension,4.0
olmesartan-medoxomil,Kidney Diseases,3.0
olmesartan-medoxomil,Myocardial Infarction,4.0
olmesartan-medoxomil,Proteinuria,3.0
olmesartan-medoxomil,Stroke,4.0
omecamtiv-mecarbil,Cardiovascular Diseases,3.0
omecamtiv-mecarbil,Heart Failure,3.0
omeprazole,Alzheimer Disease,1.0
omeprazole,Anemia,1.0
omeprazole,"Anemia, Sickle Cell",1.0
omeprazole,"Arthritis, Rheumatoid",1.0
omeprazole,Barrett Esophagus,3.0
omeprazole,Breast Neoplasms,2.0
omeprazole,"Carcinoma, Medullary",1.0
omeprazole,"Carcinoma, Squamous Cell",2.0
omeprazole,Central Serous Chorioretinopathy,1.0
omeprazole,"Child Development Disorders, Pervasive",1.0
omeprazole,Chronic Pain,1.0
omeprazole,Clostridium Infections,1.0
omeprazole,"Colitis, Ulcerative",1.0
omeprazole,Colorectal Neoplasms,2.0
omeprazole,Communicable Diseases,1.0
omeprazole,Cough,3.0
omeprazole,Crohn Disease,1.0
omeprazole,Cysticercosis,3.0
omeprazole,"Dermatitis, Atopic",1.0
omeprazole,Diabetes Mellitus,1.0
omeprazole,"Diabetes Mellitus, Type 1",3.0
omeprazole,"Diabetes Mellitus, Type 2",1.0
omeprazole,Duodenal Ulcer,4.0
omeprazole,Dyspepsia,3.0
omeprazole,Erectile Dysfunction,1.0
omeprazole,Esophagitis,4.0
omeprazole,"Esophagitis, Peptic",3.0
omeprazole,Exocrine Pancreatic Insufficiency,3.0
omeprazole,Gastrinoma,2.0
omeprazole,Gastritis,2.0
omeprazole,Gastroesophageal Reflux,4.0
omeprazole,Gastrointestinal Hemorrhage,3.0
omeprazole,Glaucoma,1.0
omeprazole,Granuloma,2.0
omeprazole,HIV Infections,1.0
omeprazole,Head and Neck Neoplasms,2.0
omeprazole,Heartburn,4.0
omeprazole,Helicobacter Infections,3.0
omeprazole,Hemorrhage,3.0
omeprazole,"Hepatitis B, Chronic",1.0
omeprazole,Hepatitis C,1.0
omeprazole,"Hepatitis C, Chronic",1.0
omeprazole,Idiopathic Pulmonary Fibrosis,2.0
omeprazole,Infections,4.0
omeprazole,Laryngomalacia,1.0
omeprazole,Lymphoma,2.0
omeprazole,"Lymphoma, B-Cell, Marginal Zone",2.0
omeprazole,Melanoma,1.0
omeprazole,Mitochondrial Diseases,1.0
omeprazole,"Multiple Sclerosis, Relapsing-Remitting",3.0
omeprazole,"Muscular Atrophy, Spinal",1.0
omeprazole,Neoplasms,1.0
omeprazole,Osteoarthritis,3.0
omeprazole,Pain,3.0
omeprazole,Pancreatic Neoplasms,0.5
omeprazole,Peptic Ulcer,4.0
omeprazole,Peripheral Nervous System Diseases,3.0
omeprazole,Prostatic Neoplasms,1.0
omeprazole,"Prostatic Neoplasms, Castration-Resistant",2.0
omeprazole,Psoriasis,1.0
omeprazole,"Pulmonary Disease, Chronic Obstructive",1.0
omeprazole,"Spondylitis, Ankylosing",3.0
omeprazole,Squamous Cell Carcinoma of Head and Neck,2.0
omeprazole,Squamous Intraepithelial Lesions,2.0
omeprazole,Stomach Neoplasms,3.0
omeprazole,Stomach Ulcer,4.0
omeprazole,Ulcer,2.0
omeprazole,Wounds and Injuries,3.0
omeprazole,Zollinger-Ellison Syndrome,2.0
ondansetron,Alcoholism,3.0
ondansetron,Amphetamine-Related Disorders,2.0
ondansetron,Brain Diseases,1.0
ondansetron,Brain Injuries,1.0
ondansetron,Breast Neoplasms,2.0
ondansetron,Cholecystitis,2.0
ondansetron,Cocaine-Related Disorders,2.0
ondansetron,Dementia,2.0
ondansetron,Dyspnea,0.5
ondansetron,Gastroenteritis,3.0
ondansetron,Gastroparesis,2.0
ondansetron,"Genital Neoplasms, Female",3.0
ondansetron,Glioma,2.0
ondansetron,HIV Infections,3.0
ondansetron,Hallucinations,2.0
ondansetron,Hypotension,3.0
ondansetron,Irritable Bowel Syndrome,3.0
ondansetron,Lecithin Cholesterol Acyltransferase Deficiency,1.0
ondansetron,"Lymphoma, Follicular",2.0
ondansetron,"Lymphoma, Non-Hodgkin",2.0
ondansetron,Nausea,4.0
ondansetron,Neoplasms,4.0
ondansetron,Neuralgia,1.0
ondansetron,Obsessive-Compulsive Disorder,2.0
ondansetron,Opioid-Related Disorders,1.0
ondansetron,Pain,3.0
ondansetron,Pancreatic Neoplasms,2.0
ondansetron,Postoperative Nausea and Vomiting,4.0
ondansetron,Pruritus,1.0
ondansetron,Sarcoma,2.0
ondansetron,Schizophrenia,3.0
ondansetron,Small Cell Lung Carcinoma,1.0
ondansetron,Syncope,3.0
ondansetron,Tobacco Use Disorder,2.0
ondansetron,Tonsillitis,2.0
ondansetron,Uterine Cervical Neoplasms,3.0
ondansetron,Vomiting,3.0
oprozomib,"Carcinoma, Hepatocellular",1.0
oprozomib,Multiple Myeloma,1.0
oprozomib,Neoplasms,1.0
oprozomib,Waldenstrom Macroglobulinemia,1.0
orantinib,Breast Neoplasms,1.0
orantinib,"Carcinoma, Hepatocellular",3.0
orantinib,Colorectal Neoplasms,1.0
orantinib,Kidney Neoplasms,1.0
orantinib,Lung Neoplasms,1.0
orantinib,Multiple Myeloma,1.0
orantinib,Neoplasms,1.0
orantinib,Pancreatic Neoplasms,1.0
orantinib,"Prostatic Neoplasms, Castration-Resistant",1.0
orantinib,Stomach Neoplasms,1.0
orlistat,Hyperlipoproteinemia Type I,2.0
orlistat,Infertility,3.0
orlistat,Metabolic Syndrome,1.0
orlistat,Obesity,4.0
orlistat,Polycystic Ovary Syndrome,2.0
ornidazole,Amebiasis,4.0
ornidazole,Bacterial Infections,4.0
ornidazole,Colonic Neoplasms,3.0
ornidazole,Rectal Neoplasms,3.0
orphenadrine,Low Back Pain,3.0
orteronel,Breast Neoplasms,2.0
orteronel,Neoplasms,2.0
orteronel,Prostatic Neoplasms,2.0
orteronel,"Prostatic Neoplasms, Castration-Resistant",3.0
osimertinib,Adenocarcinoma,2.0
osimertinib,Adenocarcinoma of Lung,2.0
osimertinib,Brain Neoplasms,1.0
osimertinib,Carcinoma,2.0
osimertinib,"Carcinoma, Non-Small-Cell Lung",3.0
osimertinib,"Carcinoma, Squamous Cell",2.0
osimertinib,Colorectal Neoplasms,2.0
osimertinib,Glioblastoma,2.0
osimertinib,Lung Neoplasms,3.0
osimertinib,Neoplasms,4.0
ostarine,Breast Neoplasms,3.0
ostarine,Cachexia,2.0
ostarine,"Carcinoma, Non-Small-Cell Lung",3.0
ostarine,Muscular Atrophy,3.0
ostarine,Triple Negative Breast Neoplasms,2.0
ostarine,"Urinary Incontinence, Stress",2.0
otamixaban,Acute Coronary Syndrome,3.0
otamixaban,Coronary Disease,2.0
otamixaban,Kidney Diseases,1.0
otamixaban,Liver Diseases,1.0
oxandrolone,Burns,2.0
oxandrolone,Fanconi Anemia,1.0
oxandrolone,Klinefelter Syndrome,2.0
oxandrolone,Malnutrition,1.0
oxandrolone,Neoplasms,3.0
oxandrolone,Pressure Ulcer,3.0
oxandrolone,Rotator Cuff Injuries,2.0
oxandrolone,Turner Syndrome,3.0
oxandrolone,Wounds and Injuries,3.0
oxaprozin,"Arthritis, Juvenile",4.0
oxaprozin,"Arthritis, Rheumatoid",4.0
oxaprozin,Osteoarthritis,4.0
oxaprozin,Rheumatic Diseases,4.0
oxatomide,Hypersensitivity,4.0
oxatomide,"Muscular Dystrophy, Duchenne",2.0
oxfendazole,Cysticercosis,1.0
oxfendazole,Fascioliasis,2.0
oxfendazole,Filariasis,1.0
oxfendazole,Helminthiasis,2.0
oxfendazole,Infections,2.0
oxfendazole,Taeniasis,1.0
oxfendazole,Trichuriasis,2.0
oxybenzone,Melanosis,4.0
oxybuprocaine,Pruritus,4.0
oxybutynin,Breast Neoplasms,3.0
oxybutynin,Enuresis,3.0
oxybutynin,Hyperhidrosis,3.0
oxybutynin,"Paget Disease, Extramammary",2.0
oxybutynin,Polyneuropathies,3.0
oxybutynin,Polyuria,4.0
oxybutynin,"Rhinitis, Allergic, Seasonal",2.0
oxybutynin,Sialorrhea,2.0
oxybutynin,Sleep Apnea Syndromes,2.0
oxybutynin,"Sleep Apnea, Obstructive",2.0
oxybutynin,"Urinary Bladder, Neurogenic",3.0
oxybutynin,"Urinary Bladder, Overactive",4.0
oxybutynin,Urinary Incontinence,4.0
oxybutynin,"Urinary Incontinence, Urge",4.0
oxymetazoline,Common Cold,1.0
oxymetazoline,Erythema,3.0
oxymetazoline,Eye Manifestations,4.0
oxymetazoline,Fecal Incontinence,1.0
oxymetazoline,"Hypotension, Orthostatic",1.0
oxymetazoline,Nasal Obstruction,4.0
oxymetazoline,Presbyopia,1.0
oxymetazoline,"Rhinitis, Allergic, Seasonal",2.0
oxymetazoline,Rosacea,3.0
oxypurinol,"Anemia, Sickle Cell",1.0
oxypurinol,Heart Failure,2.0
ozagrel,Dry Eye Syndromes,3.0
paclitaxel,Adenocarcinoma,3.0
paclitaxel,Adenocarcinoma of Lung,3.0
paclitaxel,"Adenocarcinoma, Bronchiolo-Alveolar",2.0
paclitaxel,Adrenal Cortex Neoplasms,2.0
paclitaxel,Anemia,3.0
paclitaxel,Anus Neoplasms,1.0
paclitaxel,"Arthritis, Rheumatoid",2.0
paclitaxel,Biliary Tract Neoplasms,3.0
paclitaxel,Bone Neoplasms,2.0
paclitaxel,Brain Neoplasms,1.0
paclitaxel,Breast Carcinoma In Situ,2.0
paclitaxel,Breast Neoplasms,4.0
paclitaxel,"Breast Neoplasms, Male",3.0
paclitaxel,Carcinoid Tumor,1.0
paclitaxel,Carcinoma,4.0
paclitaxel,"Carcinoma, Ductal",2.0
paclitaxel,"Carcinoma, Endometrioid",2.0
paclitaxel,"Carcinoma, Hepatocellular",2.0
paclitaxel,"Carcinoma, Intraductal, Noninfiltrating",1.0
paclitaxel,"Carcinoma, Large Cell",3.0
paclitaxel,"Carcinoma, Merkel Cell",2.0
paclitaxel,"Carcinoma, Neuroendocrine",2.0
paclitaxel,"Carcinoma, Non-Small-Cell Lung",4.0
paclitaxel,"Carcinoma, Ovarian Epithelial",2.0
paclitaxel,"Carcinoma, Pancreatic Ductal",3.0
paclitaxel,"Carcinoma, Renal Cell",1.0
paclitaxel,"Carcinoma, Small Cell",1.0
paclitaxel,"Carcinoma, Squamous Cell",3.0
paclitaxel,"Carcinoma, Verrucous",1.0
paclitaxel,Central Nervous System Neoplasms,2.0
paclitaxel,Cholangiocarcinoma,2.0
paclitaxel,Colorectal Neoplasms,2.0
paclitaxel,"Constriction, Pathologic",2.0
paclitaxel,Coronary Restenosis,1.0
paclitaxel,"Cystadenoma, Serous",2.0
paclitaxel,Digestive System Diseases,2.0
paclitaxel,Endometrial Neoplasms,3.0
paclitaxel,Esophageal Neoplasms,3.0
paclitaxel,Fallopian Tube Neoplasms,3.0
paclitaxel,Gallbladder Neoplasms,2.0
paclitaxel,Gastrointestinal Stromal Tumors,2.0
paclitaxel,"Genital Neoplasms, Female",3.0
paclitaxel,Gestational Trophoblastic Disease,3.0
paclitaxel,Glioblastoma,1.0
paclitaxel,Glioma,2.0
paclitaxel,Gliosarcoma,1.0
paclitaxel,HIV Infections,3.0
paclitaxel,Head and Neck Neoplasms,3.0
paclitaxel,Hemangiosarcoma,2.0
paclitaxel,Hereditary Breast and Ovarian Cancer Syndrome,2.0
paclitaxel,Hodgkin Disease,1.0
paclitaxel,Hypersensitivity,3.0
paclitaxel,Hypopharyngeal Neoplasms,2.0
paclitaxel,Inflammatory Breast Neoplasms,3.0
paclitaxel,Ischemia,3.0
paclitaxel,"Keratosis, Actinic",2.0
paclitaxel,Kidney Neoplasms,2.0
paclitaxel,Leukemia,2.0
paclitaxel,"Leukemia, Lymphocytic, Chronic, B-Cell",1.0
paclitaxel,Liver Neoplasms,1.0
paclitaxel,Lung Neoplasms,3.0
paclitaxel,Lymphoma,2.0
paclitaxel,"Lymphoma, Non-Hodgkin",3.0
paclitaxel,Melanoma,3.0
paclitaxel,Mesothelioma,1.0
paclitaxel,Mouth Neoplasms,2.0
paclitaxel,Multiple Myeloma,2.0
paclitaxel,Nasopharyngeal Carcinoma,3.0
paclitaxel,Nasopharyngeal Neoplasms,3.0
paclitaxel,Neoplasm Metastasis,3.0
paclitaxel,Neoplasms,4.0
paclitaxel,"Neoplasms, Complex and Mixed",2.0
paclitaxel,"Neoplasms, Cystic, Mucinous, and Serous",1.0
paclitaxel,"Neoplasms, Germ Cell and Embryonal",2.0
paclitaxel,Oropharyngeal Neoplasms,2.0
paclitaxel,Ovarian Neoplasms,4.0
paclitaxel,Pain,3.0
paclitaxel,Pancreatic Neoplasms,4.0
paclitaxel,Paraganglioma,3.0
paclitaxel,Penile Neoplasms,2.0
paclitaxel,Peripheral Arterial Disease,3.0
paclitaxel,Peripheral Nervous System Diseases,3.0
paclitaxel,Peripheral Vascular Diseases,2.0
paclitaxel,Peritoneal Neoplasms,3.0
paclitaxel,Prostatic Hyperplasia,2.0
paclitaxel,Prostatic Neoplasms,2.0
paclitaxel,"Prostatic Neoplasms, Castration-Resistant",3.0
paclitaxel,Psoriasis,2.0
paclitaxel,Rectal Neoplasms,1.0
paclitaxel,Retroviridae Infections,3.0
paclitaxel,Salivary Gland Neoplasms,2.0
paclitaxel,Sarcoma,3.0
paclitaxel,"Sarcoma, Kaposi",4.0
paclitaxel,Sex Cord-Gonadal Stromal Tumors,3.0
paclitaxel,Small Cell Lung Carcinoma,2.0
paclitaxel,Squamous Cell Carcinoma of Head and Neck,3.0
paclitaxel,Stomach Neoplasms,3.0
paclitaxel,Teratoma,3.0
paclitaxel,Testicular Neoplasms,3.0
paclitaxel,Thymoma,2.0
paclitaxel,"Thyroid Carcinoma, Anaplastic",0.5
paclitaxel,Thyroid Neoplasms,3.0
paclitaxel,Triple Negative Breast Neoplasms,3.0
paclitaxel,Urethral Neoplasms,3.0
paclitaxel,Urinary Bladder Neoplasms,3.0
paclitaxel,Urogenital Neoplasms,3.0
paclitaxel,Uterine Cervical Dysplasia,2.0
paclitaxel,Uterine Cervical Neoplasms,3.0
paclitaxel,Uterine Neoplasms,3.0
paclitaxel,Uveal Melanoma,2.0
paclitaxel,Vaginal Neoplasms,1.0
paclitaxel,Vulvar Neoplasms,2.0
palbociclib,Adenocarcinoma,2.0
palbociclib,Breast Diseases,1.0
palbociclib,Breast Neoplasms,4.0
palbociclib,"Carcinoma, Ductal",1.0
palbociclib,"Carcinoma, Hepatocellular",2.0
palbociclib,"Carcinoma, Intraductal, Noninfiltrating",2.0
palbociclib,"Carcinoma, Non-Small-Cell Lung",2.0
palbociclib,"Carcinoma, Pancreatic Ductal",1.0
palbociclib,"Carcinoma, Renal Cell",2.0
palbociclib,"Carcinoma, Squamous Cell",3.0
palbociclib,Chordoma,2.0
palbociclib,Colonic Neoplasms,2.0
palbociclib,Endometrial Neoplasms,2.0
palbociclib,Esophageal Neoplasms,2.0
palbociclib,Glioblastoma,1.0
palbociclib,Head and Neck Neoplasms,1.0
palbociclib,Hereditary Breast and Ovarian Cancer Syndrome,1.0
palbociclib,"Histiocytoma, Malignant Fibrous",1.0
palbociclib,Kidney Diseases,1.0
palbociclib,"Leukemia, Myeloid, Acute",1.0
palbociclib,Liposarcoma,2.0
palbociclib,Lung Neoplasms,1.0
palbociclib,Lymphoma,2.0
palbociclib,"Lymphoma, Mantle-Cell",2.0
palbociclib,"Lymphoma, Non-Hodgkin",1.0
palbociclib,Melanoma,2.0
palbociclib,Multiple Myeloma,1.0
palbociclib,Nasopharyngeal Carcinoma,2.0
palbociclib,Neoplasms,4.0
palbociclib,Neuroendocrine Tumors,2.0
palbociclib,Oligodendroglioma,2.0
palbociclib,Osteosarcoma,2.0
palbociclib,Ovarian Neoplasms,2.0
palbociclib,Pancreatic Neoplasms,1.0
palbociclib,Precursor Cell Lymphoblastic Leukemia-Lymphoma,1.0
palbociclib,"Prostatic Neoplasms, Castration-Resistant",2.0
palbociclib,Sarcoma,3.0
palbociclib,"Sarcoma, Ewing",2.0
palbociclib,Severe Acute Respiratory Syndrome,2.0
palbociclib,Thymus Neoplasms,2.0
palbociclib,Urinary Bladder Neoplasms,2.0
palmitoylethanolamide,Bipolar Disorder,2.0
palmitoylethanolamide,Chronic Pain,2.0
palmitoylethanolamide,Mastocytosis,2.0
palmitoylethanolamide,Migraine Disorders,3.0
palmitoylethanolamide,Opioid-Related Disorders,0.5
palmitoylethanolamide,Severe Acute Respiratory Syndrome,2.0
palmitoylethanolamide,Tourette Syndrome,2.0
palomid-529,Macular Degeneration,1.0
palonosetron,Brain Neoplasms,2.0
palonosetron,Breast Neoplasms,2.0
palonosetron,Glioma,2.0
palonosetron,Melanoma,1.0
palonosetron,Multiple Myeloma,2.0
palonosetron,Nausea,4.0
palonosetron,Neoplasms,3.0
palonosetron,Postoperative Nausea and Vomiting,3.0
palonosetron,Stomach Neoplasms,2.0
palonosetron,Strabismus,3.0
palonosetron,Vomiting,1.0
palovarotene,Dry Eye Syndromes,1.0
palovarotene,Myositis Ossificans,4.0
palovarotene,"Ossification, Heterotopic",1.0
pantoprazole,Acute Coronary Syndrome,1.0
pantoprazole,Aspergillosis,1.0
pantoprazole,Bacterial Infections,1.0
pantoprazole,Barrett Esophagus,3.0
pantoprazole,Diabetes Mellitus,3.0
pantoprazole,"Diabetes Mellitus, Type 1",2.0
pantoprazole,"Diabetes Mellitus, Type 2",2.0
pantoprazole,Duodenal Ulcer,1.0
pantoprazole,Esophageal Diseases,3.0
pantoprazole,Esophagitis,2.0
pantoprazole,Gastrinoma,2.0
pantoprazole,Gastroesophageal Reflux,3.0
pantoprazole,Gastrointestinal Hemorrhage,3.0
pantoprazole,Heart Failure,3.0
pantoprazole,Helicobacter Infections,2.0
pantoprazole,Hemorrhage,3.0
pantoprazole,Laryngopharyngeal Reflux,3.0
pantoprazole,Multiple Sclerosis,1.0
pantoprazole,Peptic Ulcer,3.0
pantoprazole,"Prostatic Neoplasms, Castration-Resistant",2.0
pantoprazole,Psychotic Disorders,2.0
pantoprazole,Schizophrenia,2.0
pantoprazole,Stomach Ulcer,1.0
pantoprazole,Ulcer,3.0
pantoprazole,Zollinger-Ellison Syndrome,2.0
papaverine,"Carcinoma, Non-Small-Cell Lung",1.0
papaverine,Digestive System Diseases,4.0
papaverine,Erectile Dysfunction,4.0
papaverine,Gastroenteritis,3.0
papaverine,Lung Neoplasms,1.0
papaverine,Prostatic Hyperplasia,0.5
papaverine,"Prostatic Neoplasms, Castration-Resistant",2.0
paracetamol,Abdominal Pain,3.0
paracetamol,Acute Pain,4.0
paracetamol,Ankle Fractures,0.5
paracetamol,Anxiety,2.0
paracetamol,"Arrhythmias, Cardiac",1.0
paracetamol,Arthritis,4.0
paracetamol,"Arthritis, Rheumatoid",2.0
paracetamol,Back Pain,4.0
paracetamol,Borderline Personality Disorder,2.0
paracetamol,Brain Concussion,0.5
paracetamol,Brain Injuries,2.0
paracetamol,Breast Neoplasms,2.0
paracetamol,"Carcinoma, Non-Small-Cell Lung",2.0
paracetamol,Chronic Pain,3.0
paracetamol,Cleft Palate,2.0
paracetamol,Common Cold,4.0
paracetamol,Crohn Disease,1.0
paracetamol,Delirium,3.0
paracetamol,"Diabetes Mellitus, Type 1",2.0
paracetamol,"Diabetes Mellitus, Type 2",1.0
paracetamol,Diabetic Neuropathies,3.0
paracetamol,Digestive System Diseases,2.0
paracetamol,"Ductus Arteriosus, Patent",3.0
paracetamol,Dysmenorrhea,4.0
paracetamol,Fever,4.0
paracetamol,"Fractures, Bone",2.0
paracetamol,Glioma,2.0
paracetamol,Glycogen Storage Disease Type II,1.0
paracetamol,Graft vs Host Disease,2.0
paracetamol,HIV Infections,3.0
paracetamol,Headache,4.0
paracetamol,Hemorrhage,3.0
paracetamol,"Hepatitis B, Chronic",1.0
paracetamol,Hypertension,2.0
paracetamol,Hypertrophy,2.0
paracetamol,Hypospadias,3.0
paracetamol,Immune System Diseases,1.0
paracetamol,Immunoglobulin G4-Related Disease,2.0
paracetamol,Infections,3.0
paracetamol,"Influenza, Human",4.0
paracetamol,Intervertebral Disc Degeneration,1.0
paracetamol,Kidney Calculi,3.0
paracetamol,Kidney Diseases,3.0
paracetamol,"Leukemia, Lymphocytic, Chronic, B-Cell",1.0
paracetamol,"Leukemia, Mast-Cell",2.0
paracetamol,"Leukemia, Myelogenous, Chronic, BCR-ABL Positive",1.0
paracetamol,"Leukemia, Myeloid, Acute",2.0
paracetamol,"Leukemia, T-Cell",2.0
paracetamol,Low Back Pain,3.0
paracetamol,Lupus Nephritis,3.0
paracetamol,Lymphoma,2.0
paracetamol,"Lymphoma, Follicular",2.0
paracetamol,"Lymphoma, Large B-Cell, Diffuse",2.0
paracetamol,"Lymphoma, Non-Hodgkin",2.0
paracetamol,Malaria,3.0
paracetamol,"Malaria, Falciparum",3.0
paracetamol,Melanoma,2.0
paracetamol,"Meningitis, Bacterial",3.0
paracetamol,Migraine Disorders,4.0
paracetamol,Mucositis,2.0
paracetamol,Multiple Myeloma,3.0
paracetamol,Multiple Sclerosis,3.0
paracetamol,Muscle Cramp,4.0
paracetamol,Myelodysplastic Syndromes,2.0
paracetamol,Myopia,3.0
paracetamol,Nausea,3.0
paracetamol,Neck Pain,2.0
paracetamol,Neoplasms,3.0
paracetamol,Nervous System Diseases,1.0
paracetamol,Neuralgia,2.0
paracetamol,Obesity,3.0
paracetamol,"Obesity, Morbid",1.0
paracetamol,Osteoarthritis,3.0
paracetamol,"Osteoarthritis, Hip",3.0
paracetamol,"Osteoarthritis, Knee",3.0
paracetamol,"Paget Disease, Extramammary",3.0
paracetamol,Pain,4.0
paracetamol,Parkinson Disease,1.0
paracetamol,Pemphigus,3.0
paracetamol,Pharyngitis,4.0
paracetamol,Postoperative Nausea and Vomiting,3.0
paracetamol,Pre-Eclampsia,2.0
paracetamol,Precursor Cell Lymphoblastic Leukemia-Lymphoma,2.0
paracetamol,Precursor T-Cell Lymphoblastic Leukemia-Lymphoma,2.0
paracetamol,Pruritus,1.0
paracetamol,Pulpitis,2.0
paracetamol,"Purpura, Thrombocytopenic, Idiopathic",1.0
paracetamol,Renal Colic,3.0
paracetamol,Respiratory Tract Infections,3.0
paracetamol,Rotator Cuff Injuries,2.0
paracetamol,Scoliosis,3.0
paracetamol,Sepsis,3.0
paracetamol,Severe Acute Respiratory Syndrome,3.0
paracetamol,Sinusitis,2.0
paracetamol,Streptococcal Infections,3.0
paracetamol,Tension-Type Headache,2.0
paracetamol,Tooth Diseases,0.5
paracetamol,Toothache,4.0
paracetamol,Vomiting,3.0
paracetamol,Wounds and Injuries,3.0
paricalcitol,Albuminuria,3.0
paricalcitol,Breast Neoplasms,1.0
paricalcitol,"Carcinoma, Pancreatic Ductal",2.0
paricalcitol,"Diabetes Mellitus, Type 2",2.0
paricalcitol,Diabetic Nephropathies,2.0
paricalcitol,"Glomerulonephritis, IGA",3.0
paricalcitol,Hyperparathyroidism,3.0
paricalcitol,"Hyperparathyroidism, Secondary",4.0
paricalcitol,"Hypertrophy, Left Ventricular",3.0
paricalcitol,Hypocalcemia,2.0
paricalcitol,Kidney Diseases,3.0
paricalcitol,Multiple Myeloma,1.0
paricalcitol,Neoplasms,1.0
paricalcitol,"Neoplasms, Plasma Cell",1.0
paricalcitol,Pancreatic Neoplasms,2.0
paricalcitol,"Pancreatitis, Chronic",0.5
paricalcitol,Parathyroid Diseases,4.0
paricalcitol,"Prostatic Neoplasms, Castration-Resistant",2.0
paricalcitol,Proteinuria,3.0
paricalcitol,"Renal Insufficiency, Chronic",4.0
paroxetine,Agoraphobia,3.0
paroxetine,Alcoholism,3.0
paroxetine,Anovulation,1.0
paroxetine,Anxiety,3.0
paroxetine,Anxiety Disorders,3.0
paroxetine,"Arthritis, Rheumatoid",3.0
paroxetine,Bipolar Disorder,3.0
paroxetine,Dementia,3.0
paroxetine,Depressive Disorder,4.0
paroxetine,"Depressive Disorder, Major",4.0
paroxetine,"Diabetes Mellitus, Type 2",3.0
paroxetine,Fibromyalgia,1.0
paroxetine,"Hepatitis C, Chronic",3.0
paroxetine,Idiopathic Pulmonary Fibrosis,1.0
paroxetine,Myocardial Infarction,2.0
paroxetine,Neuralgia,3.0
paroxetine,Obsessive-Compulsive Disorder,3.0
paroxetine,Panic Disorder,3.0
paroxetine,Parkinson Disease,3.0
paroxetine,"Phobia, Social",3.0
paroxetine,Premature Ejaculation,3.0
paroxetine,Schizophrenia,3.0
paroxetine,"Stress Disorders, Post-Traumatic",3.0
paroxetine,Tinnitus,2.0
pasireotide,"ACTH Syndrome, Ectopic",2.0
pasireotide,Acromegaly,3.0
pasireotide,Adenoma,2.0
pasireotide,"Adenoma, Islet Cell",2.0
pasireotide,Breast Neoplasms,2.0
pasireotide,Carcinoid Tumor,3.0
pasireotide,"Carcinoma, Hepatocellular",2.0
pasireotide,"Carcinoma, Intraductal, Noninfiltrating",1.0
pasireotide,"Carcinoma, Medullary",2.0
pasireotide,"Carcinoma, Merkel Cell",1.0
pasireotide,Cushing Syndrome,2.0
pasireotide,Digestive System Neoplasms,1.0
pasireotide,Dumping Syndrome,2.0
pasireotide,Hematologic Neoplasms,2.0
pasireotide,Hyperglycemia,2.0
pasireotide,Kidney Diseases,1.0
pasireotide,Lung Neoplasms,2.0
pasireotide,Meningioma,2.0
pasireotide,Multiple Myeloma,2.0
pasireotide,Neoplasms,2.0
pasireotide,Neuroendocrine Tumors,2.0
pasireotide,Pain,2.0
pasireotide,Pancreatic Neoplasms,3.0
pasireotide,Pituitary ACTH Hypersecretion,3.0
pasireotide,Pituitary Neoplasms,2.0
pasireotide,Postoperative Complications,2.0
pasireotide,Prostatic Neoplasms,1.0
pasireotide,"Prostatic Neoplasms, Castration-Resistant",2.0
pasireotide,Small Cell Lung Carcinoma,2.0
pasireotide,Thymoma,2.0
pasireotide,Thyroid Neoplasms,2.0
pasireotide,Uveal Melanoma,2.0
pazopanib,Breast Neoplasms,2.0
pazopanib,"Carcinoma, Hepatocellular",1.0
pazopanib,"Carcinoma, Non-Small-Cell Lung",2.0
pazopanib,"Carcinoma, Renal Cell",3.0
pazopanib,"Carcinoma, Squamous Cell",2.0
pazopanib,Central Nervous System Neoplasms,2.0
pazopanib,Chondrosarcoma,2.0
pazopanib,Colorectal Neoplasms,1.0
pazopanib,Corneal Neovascularization,1.0
pazopanib,Dermatofibrosarcoma,2.0
pazopanib,Fallopian Tube Neoplasms,2.0
pazopanib,Gastrointestinal Stromal Tumors,2.0
pazopanib,Glioblastoma,1.0
pazopanib,Gliosarcoma,2.0
pazopanib,Hemangiosarcoma,2.0
pazopanib,Kidney Neoplasms,2.0
pazopanib,Leiomyosarcoma,2.0
pazopanib,"Leukemia, Myeloid, Acute",2.0
pazopanib,Liposarcoma,2.0
pazopanib,Lung Neoplasms,2.0
pazopanib,Lymphedema,2.0
pazopanib,Lymphoma,1.0
pazopanib,Macular Degeneration,2.0
pazopanib,Melanoma,2.0
pazopanib,Neoplasms,3.0
pazopanib,"Neoplasms, Germ Cell and Embryonal",2.0
pazopanib,Neuroendocrine Tumors,2.0
pazopanib,Osteosarcoma,2.0
pazopanib,Ovarian Neoplasms,3.0
pazopanib,Pancreatic Neoplasms,2.0
pazopanib,Paraganglioma,2.0
pazopanib,Peritoneal Neoplasms,2.0
pazopanib,Prostatic Neoplasms,2.0
pazopanib,"Prostatic Neoplasms, Castration-Resistant",2.0
pazopanib,Psoriasis,1.0
pazopanib,Salivary Gland Neoplasms,2.0
pazopanib,Sarcoma,3.0
pazopanib,"Sarcoma, Alveolar Soft Part",2.0
pazopanib,Small Cell Lung Carcinoma,2.0
pazopanib,Solitary Fibrous Tumors,2.0
pazopanib,Stomach Neoplasms,2.0
pazopanib,"Telangiectasia, Hereditary Hemorrhagic",2.0
pazopanib,Thyroid Neoplasms,2.0
pazopanib,Urinary Bladder Neoplasms,2.0
pazopanib,Uterine Cervical Neoplasms,2.0
pazufloxacin,Bacterial Infections,3.0
pazufloxacin,"Conjunctivitis, Bacterial",3.0
pazufloxacin,Otitis Media,1.0
pelitinib,"Carcinoma, Non-Small-Cell Lung",2.0
pelitinib,Colonic Neoplasms,2.0
pelitinib,Colorectal Neoplasms,2.0
pelitinib,Lung Neoplasms,2.0
pelitinib,Neoplasms,1.0
pelitinib,Rectal Neoplasms,2.0
pemirolast,"Aortic Aneurysm, Abdominal",2.0
pemirolast,Asthma,2.0
pemirolast,"Muscular Dystrophy, Duchenne",2.0
penciclovir,Herpes Labialis,4.0
penciclovir,Virus Diseases,4.0
penfluridol,Psychotic Disorders,2.0
pentamidine,"Carcinoma, Hepatocellular",1.0
pentamidine,Colorectal Neoplasms,2.0
pentamidine,"Diabetes Mellitus, Type 1",2.0
pentamidine,Hodgkin Disease,1.0
pentamidine,Infections,3.0
pentamidine,Kidney Diseases,1.0
pentamidine,Leishmaniasis,2.0
pentamidine,"Lymphoma, AIDS-Related",2.0
pentamidine,Melanoma,2.0
pentamidine,Pancreatic Neoplasms,1.0
pentamidine,Trypanosomiasis,2.0
pentobarbital,Brain Injuries,3.0
pentobarbital,Heart Diseases,1.0
pentobarbital,Sleep Initiation and Maintenance Disorders,4.0
pentobarbital,Status Epilepticus,3.0
pentobarbital,Substance-Related Disorders,1.0
pentoxifylline,Acute Coronary Syndrome,2.0
pentoxifylline,Acute Kidney Injury,2.0
pentoxifylline,Alopecia Areata,1.0
pentoxifylline,Anemia,0.5
pentoxifylline,Behcet Syndrome,2.0
pentoxifylline,Biliary Atresia,2.0
pentoxifylline,Bipolar Disorder,0.5
pentoxifylline,Brachial Plexus Neuropathies,3.0
pentoxifylline,Brain Diseases,2.0
pentoxifylline,Breast Neoplasms,2.0
pentoxifylline,"Carcinoma, Non-Small-Cell Lung",2.0
pentoxifylline,Cardiovascular Diseases,4.0
pentoxifylline,Central Nervous System Neoplasms,1.0
pentoxifylline,Cognitive Dysfunction,1.0
pentoxifylline,Coronary Disease,2.0
pentoxifylline,Crohn Disease,0.5
pentoxifylline,Depressive Disorder,2.0
pentoxifylline,"Depressive Disorder, Major",2.0
pentoxifylline,Diabetic Nephropathies,2.0
pentoxifylline,"Ductus Arteriosus, Patent",2.0
pentoxifylline,Endometriosis,3.0
pentoxifylline,"Enterocolitis, Necrotizing",3.0
pentoxifylline,Epilepsy,2.0
pentoxifylline,Fatty Liver,2.0
pentoxifylline,Fibrosis,2.0
pentoxifylline,Glomerulonephritis,3.0
pentoxifylline,HIV Infections,1.0
pentoxifylline,Head and Neck Neoplasms,2.0
pentoxifylline,Heart Diseases,2.0
pentoxifylline,"Hepatitis, Alcoholic",3.0
pentoxifylline,Hermanski-Pudlak Syndrome,1.0
pentoxifylline,Infertility,0.5
pentoxifylline,Inflammatory Bowel Diseases,2.0
pentoxifylline,Jaundice,3.0
pentoxifylline,"Kidney Failure, Chronic",3.0
pentoxifylline,Leishmaniasis,2.0
pentoxifylline,"Leishmaniasis, Cutaneous",2.0
pentoxifylline,Liver Cirrhosis,3.0
pentoxifylline,"Liver Cirrhosis, Biliary",2.0
pentoxifylline,Liver Diseases,2.0
pentoxifylline,Liver Failure,3.0
pentoxifylline,"Malaria, Falciparum",2.0
pentoxifylline,"Muscular Dystrophy, Duchenne",1.0
pentoxifylline,Neonatal Sepsis,3.0
pentoxifylline,Neoplasms,2.0
pentoxifylline,Nephrotic Syndrome,3.0
pentoxifylline,Non-alcoholic Fatty Liver Disease,2.0
pentoxifylline,Oral Submucous Fibrosis,1.0
pentoxifylline,Osteonecrosis,3.0
pentoxifylline,Pancreatitis,0.5
pentoxifylline,Parkinson Disease,2.0
pentoxifylline,Post-Acute COVID-19 Syndrome,2.0
pentoxifylline,Precursor Cell Lymphoblastic Leukemia-Lymphoma,2.0
pentoxifylline,"Renal Insufficiency, Chronic",3.0
pentoxifylline,"Sarcoidosis, Pulmonary",2.0
pentoxifylline,Schizophrenia,1.0
pentoxifylline,Severe Acute Respiratory Syndrome,1.0
pentoxifylline,Sexually Transmitted Diseases,2.0
pentoxifylline,Wounds and Injuries,2.0
perampanel,Alcoholism,1.0
perampanel,Amyotrophic Lateral Sclerosis,2.0
perampanel,Bipolar Disorder,1.0
perampanel,"Depressive Disorder, Major",1.0
perampanel,Diabetic Neuropathies,2.0
perampanel,"Epilepsies, Partial",4.0
perampanel,Epilepsy,4.0
perampanel,"Epilepsy, Tonic-Clonic",3.0
perampanel,Essential Tremor,2.0
perampanel,Lennox Gastaut Syndrome,3.0
perampanel,Migraine Disorders,2.0
perampanel,Neuralgia,2.0
perampanel,Parkinson Disease,3.0
perampanel,Seizures,4.0
perampanel,Small Fiber Neuropathy,2.0
perampanel,Torticollis,1.0
perhexiline,"Cardiomyopathy, Hypertrophic",3.0
perhexiline,Cardiovascular Diseases,4.0
perhexiline,Diabetic Cardiomyopathies,1.0
perhexiline,Heart Failure,2.0
perhexiline,"Heart Failure, Diastolic",2.0
perindopril,Alzheimer Disease,2.0
perindopril,Amphetamine-Related Disorders,1.0
perindopril,"Aortic Aneurysm, Abdominal",2.0
perindopril,Breast Neoplasms,2.0
perindopril,"Cardiomyopathy, Dilated",3.0
perindopril,Cardiovascular Diseases,4.0
perindopril,"Diabetes Mellitus, Type 2",3.0
perindopril,Hypertension,3.0
perindopril,Marfan Syndrome,3.0
perindopril,Neoplasms,2.0
perindopril,"Stress Disorders, Post-Traumatic",1.0
perindopril,Substance-Related Disorders,1.0
pevonedistat,"Carcinoma, Hepatocellular",2.0
pevonedistat,"Carcinoma, Non-Small-Cell Lung",2.0
pevonedistat,Cholangiocarcinoma,2.0
pevonedistat,Hematologic Neoplasms,1.0
pevonedistat,Leukemia,1.0
pevonedistat,"Leukemia, Myeloid, Acute",3.0
pevonedistat,"Leukemia, Myelomonocytic, Chronic",2.0
pevonedistat,"Lymphoma, Follicular",1.0
pevonedistat,"Lymphoma, Large B-Cell, Diffuse",1.0
pevonedistat,Melanoma,1.0
pevonedistat,Mesothelioma,1.0
pevonedistat,Multiple Myeloma,1.0
pevonedistat,Myelodysplastic Syndromes,2.0
pevonedistat,Neoplasms,1.0
pevonedistat,Precursor Cell Lymphoblastic Leukemia-Lymphoma,1.0
phenazone,Asthma,2.0
phenazone,Dysmenorrhea,3.0
phenazone,Fever,4.0
phenazone,Otitis Media,2.0
phenazone,Pain,4.0
phenformin,Diabetes Mellitus,4.0
phenformin,Melanoma,1.0
phenprocoumon,Melanoma,1.0
phenprocoumon,Thrombosis,4.0
phenprocoumon,Venous Thrombosis,3.0
phensuximide,Epilepsy,4.0
phentermine,Bulimia Nervosa,1.0
phentermine,Diabetes Mellitus,2.0
phentermine,Kidney Diseases,1.0
phentermine,Liver Diseases,1.0
phentermine,Obesity,4.0
phentermine,"Obesity, Morbid",2.0
phentermine,Substance-Related Disorders,1.0
phentolamine,Cardiovascular Diseases,4.0
phentolamine,Hypoglycemia,0.5
phentolamine,Mydriasis,3.0
phentolamine,Obesity,0.5
phentolamine,Presbyopia,3.0
phentolamine,"Sleep Apnea, Obstructive",0.5
phenylbutazone,Arthralgia,4.0
phenylbutazone,Myalgia,4.0
phenylbutazone,Rheumatic Diseases,4.0
phenylephrine,Acute Lung Injury,2.0
phenylephrine,Bronchiolitis,2.0
phenylephrine,Cardiovascular Diseases,4.0
phenylephrine,Cognitive Dysfunction,2.0
phenylephrine,Common Cold,3.0
phenylephrine,Eye Diseases,3.0
phenylephrine,Eye Manifestations,4.0
phenylephrine,Fecal Incontinence,3.0
phenylephrine,Hemorrhoids,4.0
phenylephrine,Hypertension,1.0
phenylephrine,Hypotension,3.0
phenylephrine,"Hypotension, Orthostatic",1.0
phenylephrine,Infections,1.0
phenylephrine,"Influenza, Human",3.0
phenylephrine,Ischemic Stroke,3.0
phenylephrine,Mucositis,1.0
phenylephrine,Mydriasis,2.0
phenylephrine,Nasal Obstruction,4.0
phenylephrine,Neoplasms,1.0
phenylephrine,Obesity,0.5
phenylephrine,Ocular Hypertension,1.0
phenylephrine,Orthostatic Intolerance,1.0
phenylephrine,Ovarian Cysts,1.0
phenylephrine,Pain,1.0
phenylephrine,Respiratory Tract Infections,3.0
phenylephrine,"Rhinitis, Allergic, Seasonal",3.0
phenylephrine,"Shock, Septic",2.0
phenylephrine,Stomatitis,1.0
phenylephrine,"Stress Disorders, Post-Traumatic",2.0
phenylephrine,Stroke,3.0
phenylephrine,Vascular Diseases,0.5
phenytoin,Anemia,1.0
phenytoin,"Anemia, Sickle Cell",2.0
phenytoin,Anxiety,3.0
phenytoin,Cocaine-Related Disorders,1.0
phenytoin,Dementia,3.0
phenytoin,Depressive Disorder,3.0
phenytoin,Epilepsy,4.0
phenytoin,Immune System Diseases,1.0
phenytoin,Leukemia,1.0
phenytoin,Lymphoma,1.0
phenytoin,Neuroblastoma,1.0
phenytoin,Optic Neuritis,2.0
phenytoin,Pancreatic Neoplasms,2.0
phenytoin,Polyneuropathies,2.0
phenytoin,Schizophrenia,3.0
phenytoin,Seizures,4.0
phenytoin,Thalassemia,2.0
phenytoin,Wounds and Injuries,2.0
phorbol-myristate-acetate,Leukemia,2.0
phorbol-myristate-acetate,"Leukemia, Myeloid, Acute",1.0
phorbol-myristate-acetate,Myelodysplastic Syndromes,1.0
physostigmine,Delirium,3.0
physostigmine,Glaucoma,4.0
physostigmine,Insulin Resistance,0.5
physostigmine,Pain,3.0
picotamide,Thrombosis,4.0
pidotimod,Neoplasms,2.0
piketoprofen,Arthralgia,2.0
piketoprofen,Myalgia,2.0
pilaralisib,Breast Neoplasms,1.0
pilaralisib,"Carcinoma, Non-Small-Cell Lung",1.0
pilaralisib,Endometrial Neoplasms,2.0
pilaralisib,Glioblastoma,1.0
pilaralisib,Lymphoma,1.0
pilaralisib,Neoplasms,1.0
pilocarpine,Dry Eye Syndromes,2.0
pilocarpine,Glaucoma,4.0
pilocarpine,"Glaucoma, Angle-Closure",4.0
pilocarpine,"Glaucoma, Open-Angle",4.0
pilocarpine,Miosis,4.0
pilocarpine,Myopia,0.5
pilocarpine,Ocular Hypertension,4.0
pilocarpine,Presbyopia,3.0
pilocarpine,Sjogren's Syndrome,4.0
pilocarpine,Urinary Incontinence,1.0
pilocarpine,Xerostomia,4.0
pimavanserin,"Depressive Disorder, Major",3.0
pimavanserin,Neurodegenerative Diseases,3.0
pimavanserin,Parkinson Disease,2.0
pimavanserin,Psychotic Disorders,4.0
pimavanserin,Schizophrenia,3.0
pimavanserin,Tourette Syndrome,0.5
pimecrolimus,Dermatitis,3.0
pimecrolimus,"Dermatitis, Atopic",4.0
pimecrolimus,"Dermatitis, Perioral",3.0
pimecrolimus,"Dermatitis, Seborrheic",2.0
pimecrolimus,Dry Eye Syndromes,2.0
pimecrolimus,Eczema,4.0
pimecrolimus,Lichen Planus,3.0
pimecrolimus,"Lichen Planus, Oral",2.0
pimecrolimus,Lichen Sclerosus et Atrophicus,2.0
pimecrolimus,Netherton Syndrome,1.0
pimecrolimus,Vitiligo,2.0
pimozide,Amyotrophic Lateral Sclerosis,2.0
pimozide,Anxiety,3.0
pimozide,Dementia,3.0
pimozide,Depressive Disorder,3.0
pimozide,Psychotic Disorders,4.0
pimozide,Schizophrenia,3.0
pimozide,Tics,4.0
pimozide,Tourette Syndrome,4.0
pinacidil,Hypertension,4.0
pinaverium,Digestive System Diseases,4.0
pindolol,Cardiovascular Diseases,4.0
pindolol,Depressive Disorder,2.0
pindolol,"Depressive Disorder, Major",2.0
pioglitazone,Adrenoleukodystrophy,2.0
pioglitazone,Alcoholism,2.0
pioglitazone,Alzheimer Disease,2.0
pioglitazone,Amyotrophic Lateral Sclerosis,2.0
pioglitazone,Anemia,1.0
pioglitazone,"Arthritis, Rheumatoid",3.0
pioglitazone,Asthma,2.0
pioglitazone,Astrocytoma,1.0
pioglitazone,Atherosclerosis,3.0
pioglitazone,Brain Neoplasms,1.0
pioglitazone,"Carcinoma, Non-Small-Cell Lung",2.0
pioglitazone,"Carcinoma, Squamous Cell",2.0
pioglitazone,Cardiovascular Diseases,2.0
pioglitazone,Cerebral Hemorrhage,2.0
pioglitazone,"Child Development Disorders, Pervasive",2.0
pioglitazone,Cognitive Dysfunction,2.0
pioglitazone,Coronary Disease,3.0
pioglitazone,Crohn Disease,1.0
pioglitazone,Cystic Fibrosis,1.0
pioglitazone,"Depressive Disorder, Major",2.0
pioglitazone,Diabetes Mellitus,4.0
pioglitazone,"Diabetes Mellitus, Type 1",1.0
pioglitazone,"Diabetes Mellitus, Type 2",3.0
pioglitazone,Fatty Liver,3.0
pioglitazone,Friedreich Ataxia,3.0
pioglitazone,Gastroparesis,0.5
pioglitazone,Glioblastoma,1.0
pioglitazone,Glucose Intolerance,2.0
pioglitazone,"Granulomatous Disease, Chronic",1.0
pioglitazone,HIV Infections,3.0
pioglitazone,HIV-Associated Lipodystrophy Syndrome,3.0
pioglitazone,Hepatitis,2.0
pioglitazone,Hepatitis C,2.0
pioglitazone,"Hepatitis C, Chronic",2.0
pioglitazone,Hypercholesterolemia,3.0
pioglitazone,Hypertension,3.0
pioglitazone,"Hypertension, Pulmonary",2.0
pioglitazone,Infections,2.0
pioglitazone,Inflammation,0.5
pioglitazone,Insulin Resistance,3.0
pioglitazone,"Leukemia, Myelogenous, Chronic, BCR-ABL Positive",2.0
pioglitazone,"Leukemia, Myeloid, Acute",2.0
pioglitazone,"Leukoplakia, Oral",2.0
pioglitazone,Liposarcoma,2.0
pioglitazone,"Liposarcoma, Myxoid",2.0
pioglitazone,Liver Diseases,3.0
pioglitazone,Lung Neoplasms,2.0
pioglitazone,"Lupus Erythematosus, Systemic",1.0
pioglitazone,Melanoma,1.0
pioglitazone,Meningioma,1.0
pioglitazone,Metabolic Syndrome,3.0
pioglitazone,Multiple Myeloma,1.0
pioglitazone,Multiple Sclerosis,1.0
pioglitazone,"Multiple Sclerosis, Relapsing-Remitting",1.0
pioglitazone,Neoplasms,1.0
pioglitazone,Non-alcoholic Fatty Liver Disease,3.0
pioglitazone,Obesity,2.0
pioglitazone,Opioid-Related Disorders,2.0
pioglitazone,Pancreatic Neoplasms,2.0
pioglitazone,Parkinson Disease,2.0
pioglitazone,Peripheral Arterial Disease,0.5
pioglitazone,Polycystic Kidney Diseases,2.0
pioglitazone,Polycystic Ovary Syndrome,2.0
pioglitazone,Prostatic Neoplasms,1.0
pioglitazone,"Prostatic Neoplasms, Castration-Resistant",2.0
pioglitazone,Psoriasis,2.0
pioglitazone,Pulmonary Alveolar Proteinosis,1.0
pioglitazone,"Renal Insufficiency, Chronic",2.0
pioglitazone,Stroke,2.0
pioglitazone,Thyroid Neoplasms,2.0
piperidolate,Digestive System Diseases,4.0
piracetam,Anxiety,3.0
piracetam,Attention Deficit Disorder with Hyperactivity,4.0
piracetam,Cocaine-Related Disorders,1.0
piracetam,Dementia,3.0
piracetam,Depressive Disorder,3.0
piracetam,Movement Disorders,3.0
piracetam,Postpoliomyelitis Syndrome,3.0
piracetam,Schizophrenia,3.0
pirenzepine,Diabetic Neuropathies,2.0
pirenzepine,Gastroesophageal Reflux,4.0
pirenzepine,Peptic Ulcer,4.0
pirenzepine,Peripheral Nervous System Diseases,2.0
pirenzepine,Stomach Ulcer,1.0
piretanide,Cardiovascular Diseases,4.0
pirfenidone,Acute Lung Injury,2.0
pirfenidone,"Alveolitis, Extrinsic Allergic",2.0
pirfenidone,Bronchiolitis Obliterans,2.0
pirfenidone,Burns,2.0
pirfenidone,"Carcinoma, Squamous Cell",2.0
pirfenidone,"Cardiomyopathy, Hypertrophic",2.0
pirfenidone,Diabetic Foot,3.0
pirfenidone,"Glomerulosclerosis, Focal Segmental",2.0
pirfenidone,Heart Failure,2.0
pirfenidone,Idiopathic Pulmonary Fibrosis,4.0
pirfenidone,Immune System Diseases,4.0
pirfenidone,Keloid,3.0
pirfenidone,Leiomyoma,2.0
pirfenidone,Lung Diseases,4.0
pirfenidone,"Lung Diseases, Interstitial",2.0
pirfenidone,Lung Neoplasms,2.0
pirfenidone,Multiple Sclerosis,1.0
pirfenidone,Nephrotic Syndrome,2.0
pirfenidone,Neurofibromatosis 1,2.0
pirfenidone,Pancreatitis,2.0
pirfenidone,Pneumoconiosis,3.0
pirfenidone,Pneumonia,3.0
pirfenidone,Proteinuria,2.0
pirfenidone,Pulmonary Fibrosis,2.0
pirfenidone,Radiation Pneumonitis,2.0
pirfenidone,Renal Insufficiency,2.0
pirfenidone,"Renal Insufficiency, Chronic",2.0
pirfenidone,Respiratory Distress Syndrome,3.0
pirfenidone,Respiratory Tract Diseases,4.0
pirfenidone,"Scleroderma, Systemic",2.0
pirfenidone,Severe Acute Respiratory Syndrome,3.0
piroxicam,Arthralgia,4.0
piroxicam,"Arthritis, Rheumatoid",4.0
piroxicam,Eye Diseases,4.0
piroxicam,Myalgia,4.0
piroxicam,Osteoarthritis,4.0
piroxicam,"Osteoarthritis, Knee",2.0
piroxicam,Pain,1.0
piroxicam,Renal Colic,3.0
piroxicam,Rheumatic Diseases,4.0
piroxicam,Tennis Elbow,2.0
piroxicam,Wounds and Injuries,3.0
pitavastatin,Breast Neoplasms,2.0
pitavastatin,Cardiovascular Diseases,4.0
pitavastatin,Coronary Disease,3.0
pitavastatin,"Diabetes Mellitus, Type 1",3.0
pitavastatin,"Diabetes Mellitus, Type 2",3.0
pitavastatin,Hypercholesterolemia,3.0
pitavastatin,Hyperlipidemias,3.0
pitavastatin,"Influenza, Human",1.0
pitavastatin,Lipid Metabolism Disorders,3.0
pitavastatin,Metabolic Syndrome,1.0
pitavastatin,Renal Insufficiency,1.0
podophyllotoxin,"Carcinoma, Squamous Cell",4.0
podophyllotoxin,Condylomata Acuminata,4.0
podophyllotoxin,Virus Diseases,4.0
pomalidomide,Amyloidosis,2.0
pomalidomide,"Amyloidosis, Familial",2.0
pomalidomide,"Anemia, Sickle Cell",1.0
pomalidomide,Burkitt Lymphoma,1.0
pomalidomide,Castleman Disease,1.0
pomalidomide,Central Nervous System Neoplasms,2.0
pomalidomide,Graft vs Host Disease,2.0
pomalidomide,Hodgkin Disease,1.0
pomalidomide,Immune System Diseases,4.0
pomalidomide,Immunoglobulin Light-chain Amyloidosis,1.0
pomalidomide,"Leukemia, Plasma Cell",2.0
pomalidomide,"Lung Diseases, Interstitial",2.0
pomalidomide,Lymphoma,1.0
pomalidomide,"Lymphoma, Large B-Cell, Diffuse",2.0
pomalidomide,"Lymphoma, Non-Hodgkin",1.0
pomalidomide,Medulloblastoma,2.0
pomalidomide,Multiple Myeloma,4.0
pomalidomide,Myeloproliferative Disorders,2.0
pomalidomide,Neoplasms,1.0
pomalidomide,"Neoplasms, Plasma Cell",2.0
pomalidomide,Pancreatic Neoplasms,1.0
pomalidomide,Plasmacytoma,2.0
pomalidomide,Polycythemia Vera,2.0
pomalidomide,Primary Myelofibrosis,3.0
pomalidomide,"Prostatic Neoplasms, Castration-Resistant",2.0
pomalidomide,Pulmonary Fibrosis,2.0
pomalidomide,Sarcoma,2.0
pomalidomide,"Sarcoma, Kaposi",2.0
pomalidomide,"Scleroderma, Systemic",2.0
pomalidomide,Small Cell Lung Carcinoma,1.0
pomalidomide,Smoldering Multiple Myeloma,2.0
pomalidomide,"Telangiectasia, Hereditary Hemorrhagic",2.0
pomalidomide,Waldenstrom Macroglobulinemia,1.0
ponatinib,Adenocarcinoma of Lung,2.0
ponatinib,Blast Crisis,2.0
ponatinib,"Carcinoma, Medullary",2.0
ponatinib,"Carcinoma, Non-Small-Cell Lung",2.0
ponatinib,Gastrointestinal Stromal Tumors,2.0
ponatinib,Glioblastoma,2.0
ponatinib,Leukemia,2.0
ponatinib,"Leukemia, Myelogenous, Chronic, BCR-ABL Positive",3.0
ponatinib,"Leukemia, Myeloid, Acute",2.0
ponatinib,Myelodysplastic Syndromes,1.0
ponatinib,Neoplasms,3.0
ponatinib,Precursor Cell Lymphoblastic Leukemia-Lymphoma,3.0
ponatinib,Small Cell Lung Carcinoma,2.0
ponatinib,Thyroid Neoplasms,2.0
potassium-canrenoate,Cardiovascular Diseases,4.0
potassium-canrenoate,ST Elevation Myocardial Infarction,3.0
pralatrexate,Breast Neoplasms,2.0
pralatrexate,"Carcinoma, Non-Small-Cell Lung",2.0
pralatrexate,Fallopian Tube Neoplasms,1.0
pralatrexate,Head and Neck Neoplasms,2.0
pralatrexate,"Leukemia-Lymphoma, Adult T-Cell",2.0
pralatrexate,Lung Neoplasms,2.0
pralatrexate,Lymphoma,3.0
pralatrexate,"Lymphoma, Large-Cell, Anaplastic",1.0
pralatrexate,"Lymphoma, T-Cell",4.0
pralatrexate,"Lymphoma, T-Cell, Cutaneous",1.0
pralatrexate,"Lymphoma, T-Cell, Peripheral",4.0
pralatrexate,Multiple Myeloma,1.0
pralatrexate,Mycosis Fungoides,1.0
pralatrexate,Neoplasms,4.0
pralatrexate,Ovarian Neoplasms,1.0
pralatrexate,Peritoneal Neoplasms,1.0
pralatrexate,Sezary Syndrome,1.0
pramipexole,Alzheimer Disease,2.0
pramipexole,Amyotrophic Lateral Sclerosis,1.0
pramipexole,Bipolar Disorder,2.0
pramipexole,Chronic Pain,0.5
pramipexole,Cocaine-Related Disorders,1.0
pramipexole,Depressive Disorder,3.0
pramipexole,"Depressive Disorder, Major",2.0
pramipexole,Essential Tremor,3.0
pramipexole,Feeding and Eating Disorders,3.0
pramipexole,Fibromyalgia,2.0
pramipexole,Obsessive-Compulsive Disorder,2.0
pramipexole,Parkinson Disease,4.0
pramipexole,Psychotic Disorders,3.0
pramipexole,Renal Colic,1.0
pramipexole,Restless Legs Syndrome,3.0
pramipexole,Schizophrenia,3.0
pramipexole,Substance-Related Disorders,1.0
pramipexole,Tourette Syndrome,3.0
pranlukast,"Lung Diseases, Obstructive",4.0
pranlukast,"Rhinitis, Allergic, Seasonal",3.0
pranlukast,Sinusitis,3.0
pravastatin,Acute Kidney Injury,1.0
pravastatin,"Arthritis, Rheumatoid",1.0
pravastatin,Breast Neoplasms,2.0
pravastatin,Carcinoma,2.0
pravastatin,"Carcinoma, Hepatocellular",3.0
pravastatin,Cardiomyopathies,2.0
pravastatin,Cardiovascular Diseases,4.0
pravastatin,Diabetes Mellitus,3.0
pravastatin,Fibrosis,2.0
pravastatin,HIV Infections,1.0
pravastatin,Heart Failure,3.0
pravastatin,Hypercholesterolemia,3.0
pravastatin,"Hyperlipidemia, Familial Combined",3.0
pravastatin,Hyperlipidemias,3.0
pravastatin,Hyperlipoproteinemia Type III,3.0
pravastatin,Hypertension,3.0
pravastatin,Ischemic Stroke,3.0
pravastatin,Leukemia,1.0
pravastatin,Lipid Metabolism Disorders,3.0
pravastatin,"Lupus Erythematosus, Systemic",2.0
pravastatin,Mucocutaneous Lymph Node Syndrome,2.0
pravastatin,"Multiple Sclerosis, Relapsing-Remitting",3.0
pravastatin,Myocardial Infarction,3.0
pravastatin,Myocardial Ischemia,3.0
pravastatin,Pneumonia,0.5
pravastatin,"Polycystic Kidney, Autosomal Dominant",3.0
pravastatin,Pre-Eclampsia,3.0
pravastatin,Progeria,2.0
pravastatin,"Renal Insufficiency, Chronic",3.0
pravastatin,Tuberculosis,2.0
pravastatin,"Tuberculosis, Pulmonary",2.0
praziquantel,Cysticercosis,3.0
praziquantel,Helminthiasis,4.0
praziquantel,Infections,4.0
praziquantel,Opisthorchiasis,4.0
praziquantel,Schistosomiasis,4.0
praziquantel,Schistosomiasis haematobia,3.0
praziquantel,Schistosomiasis mansoni,2.0
prazosin,Alcoholism,3.0
prazosin,Amphetamine-Related Disorders,2.0
prazosin,Anxiety,1.0
prazosin,Hypertension,4.0
prazosin,Kidney Calculi,3.0
prazosin,Severe Acute Respiratory Syndrome,2.0
prazosin,"Stress Disorders, Post-Traumatic",3.0
prazosin,Substance Withdrawal Syndrome,1.0
prazosin,Tobacco Use Disorder,2.0
prazosin,"Urinary Bladder, Neurogenic",1.0
prednisone,AIDS-Associated Nephropathy,2.0
prednisone,Acquired Immunodeficiency Syndrome,2.0
prednisone,Addison Disease,4.0
prednisone,"Adrenal Hyperplasia, Congenital",4.0
prednisone,Adrenal Insufficiency,2.0
prednisone,Alzheimer Disease,3.0
prednisone,Amyotrophic Lateral Sclerosis,2.0
prednisone,Anemia,4.0
prednisone,"Anemia, Aplastic",4.0
prednisone,"Anemia, Diamond-Blackfan",1.0
prednisone,"Anemia, Hemolytic",4.0
prednisone,"Anemia, Hemolytic, Autoimmune",2.0
prednisone,Anti-Neutrophil Cytoplasmic Antibody-Associated Vasculitis,3.0
prednisone,Arthritis,4.0
prednisone,"Arthritis, Gouty",4.0
prednisone,"Arthritis, Juvenile",4.0
prednisone,"Arthritis, Psoriatic",4.0
prednisone,"Arthritis, Rheumatoid",4.0
prednisone,Asthma,4.0
prednisone,Autoimmune Diseases,2.0
prednisone,Bell Palsy,2.0
prednisone,Berylliosis,4.0
prednisone,Blast Crisis,2.0
prednisone,Blastic Plasmacytoid Dendritic Cell Neoplasm,2.0
prednisone,Brain Neoplasms,4.0
prednisone,Breast Neoplasms,3.0
prednisone,Bronchiolitis Obliterans Syndrome,3.0
prednisone,Burkitt Lymphoma,2.0
prednisone,Bursitis,4.0
prednisone,Canavan Disease,1.0
prednisone,"Carcinoma, Hepatocellular",2.0
prednisone,"Carcinoma, Non-Small-Cell Lung",2.0
prednisone,Cardiomyopathies,3.0
prednisone,Castleman Disease,2.0
prednisone,Central Nervous System Neoplasms,3.0
prednisone,Chemical and Drug Induced Liver Injury,2.0
prednisone,Chorioretinitis,4.0
prednisone,Choroiditis,4.0
prednisone,Churg-Strauss Syndrome,2.0
prednisone,"Colitis, Ulcerative",4.0
prednisone,"Conjunctivitis, Allergic",4.0
prednisone,Crohn Disease,4.0
prednisone,Cystic Fibrosis,3.0
prednisone,Deafness,3.0
prednisone,Dermatitis Herpetiformis,4.0
prednisone,"Dermatitis, Atopic",4.0
prednisone,"Dermatitis, Contact",4.0
prednisone,"Dermatitis, Exfoliative",4.0
prednisone,"Dermatitis, Seborrheic",4.0
prednisone,Dermatomyositis,4.0
prednisone,"Diabetes Mellitus, Type 2",0.5
prednisone,"Embolism, Cholesterol",2.0
prednisone,Endocrine System Diseases,4.0
prednisone,Erythema Multiforme,4.0
prednisone,Esophageal Stenosis,1.0
prednisone,Fanconi Anemia,1.0
prednisone,Frontotemporal Dementia,1.0
prednisone,Gangliosidoses,1.0
prednisone,Gastrointestinal Stromal Tumors,2.0
prednisone,Gaucher Disease,1.0
prednisone,Geographic Atrophy,2.0
prednisone,Giant Cell Arteritis,3.0
prednisone,"Glomerulonephritis, IGA",3.0
prednisone,"Glomerulonephritis, Membranous",3.0
prednisone,"Glomerulosclerosis, Focal Segmental",2.0
prednisone,Glucose Intolerance,1.0
prednisone,Graft vs Host Disease,3.0
prednisone,Granulomatosis with Polyangiitis,3.0
prednisone,Graves Ophthalmopathy,2.0
prednisone,HIV Infections,2.0
prednisone,Hearing Loss,2.0
prednisone,"Hearing Loss, Sensorineural",2.0
prednisone,Heart Diseases,3.0
prednisone,Heart Failure,3.0
prednisone,Hemangioma,2.0
prednisone,Hematologic Diseases,1.0
prednisone,Hematologic Neoplasms,2.0
prednisone,Hemophilia A,2.0
prednisone,Hepatitis C,2.0
prednisone,"Hepatitis, Alcoholic",2.0
prednisone,"Hepatitis, Autoimmune",2.0
prednisone,Herpes Zoster Ophthalmicus,4.0
prednisone,"Histiocytosis, Langerhans-Cell",3.0
prednisone,Hodgkin Disease,3.0
prednisone,Hypercalcemia,4.0
prednisone,Hypereosinophilic Syndrome,3.0
prednisone,Hypersensitivity,2.0
prednisone,Idiopathic Pulmonary Fibrosis,3.0
prednisone,IgA Vasculitis,2.0
prednisone,Immunoblastic Lymphadenopathy,2.0
prednisone,Immunoglobulin G4-Related Disease,2.0
prednisone,Inflammation,4.0
prednisone,Iridocyclitis,4.0
prednisone,Iritis,4.0
prednisone,Keratitis,4.0
prednisone,Kidney Diseases,3.0
prednisone,"Kidney Failure, Chronic",3.0
prednisone,Kidney Neoplasms,2.0
prednisone,Leukemia,4.0
prednisone,"Leukemia, Biphenotypic, Acute",3.0
prednisone,"Leukemia, Lymphocytic, Chronic, B-Cell",3.0
prednisone,"Leukemia, Lymphoid",3.0
prednisone,"Leukemia, Myeloid, Acute",3.0
prednisone,"Leukemia-Lymphoma, Adult T-Cell",3.0
prednisone,"Lichen Planus, Oral",2.0
prednisone,Lung Diseases,2.0
prednisone,Lung Neoplasms,2.0
prednisone,"Lupus Erythematosus, Systemic",4.0
prednisone,Lupus Nephritis,3.0
prednisone,"Lymphohistiocytosis, Hemophagocytic",2.0
prednisone,Lymphoma,4.0
prednisone,"Lymphoma, AIDS-Related",2.0
prednisone,"Lymphoma, B-Cell",2.0
prednisone,"Lymphoma, B-Cell, Marginal Zone",3.0
prednisone,"Lymphoma, Follicular",3.0
prednisone,"Lymphoma, Large B-Cell, Diffuse",3.0
prednisone,"Lymphoma, Large-Cell, Anaplastic",2.0
prednisone,"Lymphoma, Mantle-Cell",3.0
prednisone,"Lymphoma, Non-Hodgkin",3.0
prednisone,"Lymphoma, Primary Effusion",1.0
prednisone,"Lymphoma, T-Cell",2.0
prednisone,"Lymphoma, T-Cell, Peripheral",3.0
prednisone,Lymphoproliferative Disorders,2.0
prednisone,Melanoma,2.0
prednisone,Microscopic Polyangiitis,3.0
prednisone,Multiple Myeloma,3.0
prednisone,Multiple Sclerosis,4.0
prednisone,"Multiple Sclerosis, Relapsing-Remitting",2.0
prednisone,"Muscular Dystrophy, Duchenne",3.0
prednisone,Myasthenia Gravis,3.0
prednisone,Mycosis Fungoides,4.0
prednisone,Myelodysplastic Syndromes,2.0
prednisone,Myeloproliferative Disorders,2.0
prednisone,Myocarditis,4.0
prednisone,Nasal Polyps,3.0
prednisone,Neoplasms,4.0
prednisone,"Neoplasms, Plasma Cell",3.0
prednisone,"Nephritis, Interstitial",2.0
prednisone,Nephrotic Syndrome,4.0
prednisone,Neuroblastoma,3.0
prednisone,Neuromyelitis Optica,2.0
prednisone,"Ophthalmia, Sympathetic",4.0
prednisone,Opsoclonus-Myoclonus Syndrome,2.0
prednisone,Optic Neuritis,4.0
prednisone,Osteoarthritis,4.0
prednisone,Pain,3.0
prednisone,"Pemphigoid, Bullous",3.0
prednisone,Pemphigus,4.0
prednisone,Peptic Ulcer,4.0
prednisone,Pericarditis,3.0
prednisone,Pneumonia,4.0
prednisone,"Pneumonia, Viral",2.0
prednisone,Polycythemia Vera,2.0
prednisone,Polymyalgia Rheumatica,3.0
prednisone,Polymyositis,4.0
prednisone,"Polyradiculoneuropathy, Chronic Inflammatory Demyelinating",2.0
prednisone,Precursor Cell Lymphoblastic Leukemia-Lymphoma,3.0
prednisone,Precursor T-Cell Lymphoblastic Leukemia-Lymphoma,3.0
prednisone,Premature Birth,2.0
prednisone,Primary Myelofibrosis,2.0
prednisone,Prostatic Neoplasms,3.0
prednisone,"Prostatic Neoplasms, Castration-Resistant",3.0
prednisone,Psoriasis,4.0
prednisone,"Pulmonary Disease, Chronic Obstructive",3.0
prednisone,Pulmonary Eosinophilia,4.0
prednisone,Pulmonary Fibrosis,2.0
prednisone,"Purpura, Thrombocytopenic, Idiopathic",4.0
prednisone,"Purpura, Thrombotic Thrombocytopenic",3.0
prednisone,"Renal Insufficiency, Chronic",3.0
prednisone,Respiratory Syncytial Virus Infections,1.0
prednisone,Retroperitoneal Fibrosis,3.0
prednisone,"Rhinitis, Allergic",4.0
prednisone,"Rhinitis, Allergic, Perennial",3.0
prednisone,"Rhinitis, Allergic, Seasonal",4.0
prednisone,Sarcoidosis,4.0
prednisone,"Sarcoidosis, Pulmonary",3.0
prednisone,Sarcoma,3.0
prednisone,Sciatica,3.0
prednisone,Serum Sickness,4.0
prednisone,Severe Acute Respiratory Syndrome,3.0
prednisone,Sinusitis,3.0
prednisone,Spondylitis,4.0
prednisone,"Spondylitis, Ankylosing",4.0
prednisone,Status Asthmaticus,1.0
prednisone,Stevens-Johnson Syndrome,4.0
prednisone,Stiff-Person Syndrome,2.0
prednisone,Synovitis,4.0
prednisone,Takayasu Arteritis,2.0
prednisone,Tennis Elbow,4.0
prednisone,Tenosynovitis,4.0
prednisone,"Thrombocythemia, Essential",2.0
prednisone,Thrombocytopenia,4.0
prednisone,Thymus Neoplasms,2.0
prednisone,"Thyroiditis, Subacute",4.0
prednisone,Trichinellosis,4.0
prednisone,Tuberculosis,3.0
prednisone,"Tuberculosis, Meningeal",4.0
prednisone,"Tuberculosis, Pulmonary",4.0
prednisone,Urticaria,3.0
prednisone,Uveitis,3.0
prednisone,"Uveitis, Intermediate",3.0
prednisone,"Uveitis, Posterior",4.0
prednisone,Vasculitis,3.0
prednisone,Vestibular Neuronitis,2.0
prednisone,Waldenstrom Macroglobulinemia,3.0
pregnenolone,"Depressive Disorder, Major",1.0
preladenant,Liver Diseases,1.0
preladenant,Neoplasms,1.0
preladenant,Parkinson Disease,3.0
primaquine,Glucosephosphate Dehydrogenase Deficiency,1.0
primaquine,Malaria,4.0
primaquine,"Malaria, Falciparum",3.0
primaquine,"Malaria, Vivax",3.0
primaquine,Obesity,1.0
primaquine,"Pneumonia, Pneumocystis",3.0
primaquine,Severe Acute Respiratory Syndrome,2.0
primidone,Epilepsy,4.0
primidone,Seizures,4.0
primidone,Stroke,2.0
pritelivir,Herpes Genitalis,2.0
pritelivir,Herpes Labialis,2.0
pritelivir,Herpes Simplex,1.0
pritelivir,Infections,3.0
probenecid,Alcoholism,1.0
probenecid,Brain Injuries,1.0
probenecid,Cellulitis,2.0
probenecid,Chondrocalcinosis,0.5
probenecid,"Cystitis, Hemorrhagic",3.0
probenecid,Diabetes Mellitus,1.0
probenecid,"Diabetes Mellitus, Type 2",1.0
probenecid,Gout,4.0
probenecid,Heart Failure,2.0
probenecid,"Heart Failure, Systolic",2.0
probenecid,Infections,3.0
probenecid,"Infertility, Male",3.0
probenecid,Influenza in Birds,1.0
probenecid,Kidney Diseases,1.0
probenecid,Neoplasms,1.0
probenecid,Obesity,3.0
probenecid,Urinary Tract Infections,3.0
probucol,Cardiovascular Diseases,4.0
probucol,Diabetic Nephropathies,2.0
probucol,Hyperlipidemias,3.0
probucol,Peripheral Arterial Disease,2.0
procainamide,"Arrhythmias, Cardiac",4.0
procainamide,Atrial Fibrillation,3.0
procainamide,"Death, Sudden, Cardiac",3.0
procainamide,Heart Failure,3.0
procainamide,Myocardial Infarction,3.0
procainamide,Ventricular Fibrillation,3.0
procaine,Hemorrhoids,4.0
procaine,Osteomyelitis,0.5
prochlorperazine,Anxiety,4.0
prochlorperazine,Cardiotoxicity,1.0
prochlorperazine,"Genital Neoplasms, Female",3.0
prochlorperazine,Headache,3.0
prochlorperazine,Migraine Disorders,3.0
prochlorperazine,Multiple Myeloma,0.5
prochlorperazine,Nausea,3.0
prochlorperazine,Postoperative Nausea and Vomiting,4.0
prochlorperazine,Psychotic Disorders,4.0
prochlorperazine,Schizophrenia,4.0
progesterone,Alzheimer Disease,3.0
progesterone,Amenorrhea,4.0
progesterone,Amphetamine-Related Disorders,0.5
progesterone,"Angina, Unstable",3.0
progesterone,Anorexia Nervosa,2.0
progesterone,Bone Diseases,3.0
progesterone,"Bone Diseases, Metabolic",3.0
progesterone,Brain Injuries,3.0
progesterone,Breast Neoplasms,3.0
progesterone,Bulimia Nervosa,2.0
progesterone,Cardiovascular Diseases,3.0
progesterone,Cocaine-Related Disorders,2.0
progesterone,Coronary Disease,3.0
progesterone,"Depression, Postpartum",2.0
progesterone,Depressive Disorder,2.0
progesterone,Diabetes Mellitus,3.0
progesterone,Endometrial Hyperplasia,4.0
progesterone,Endometrial Neoplasms,2.0
progesterone,Epilepsy,3.0
progesterone,Gliosarcoma,0.5
progesterone,HIV Infections,2.0
progesterone,Hypercholesterolemia,3.0
progesterone,Hypertension,3.0
progesterone,Infertility,3.0
progesterone,"Infertility, Female",3.0
progesterone,Leiomyoma,3.0
progesterone,Marijuana Abuse,2.0
progesterone,Memory Disorders,3.0
progesterone,Menopause,3.0
progesterone,Myocardial Ischemia,3.0
progesterone,Orthostatic Intolerance,2.0
progesterone,Osteoporosis,3.0
progesterone,Ovarian Hyperstimulation Syndrome,3.0
progesterone,Ovarian Neoplasms,3.0
progesterone,Placenta Previa,2.0
progesterone,Polycystic Ovary Syndrome,2.0
progesterone,Pre-Eclampsia,2.0
progesterone,Pregnancy,3.0
progesterone,Premature Birth,3.0
progesterone,Severe Acute Respiratory Syndrome,2.0
progesterone,Thrombosis,3.0
progesterone,Tobacco Use Disorder,2.0
progesterone,Uterine Cervical Dysplasia,2.0
progesterone,Uterine Hemorrhage,4.0
progesterone,Vulvar Lichen Sclerosus,2.0
proglumide,Gastroesophageal Reflux,4.0
proglumide,Liver Cirrhosis,0.5
proglumide,Non-alcoholic Fatty Liver Disease,1.0
proglumide,Pancreatic Neoplasms,1.0
proglumide,Peptic Ulcer,4.0
proguanil,Gastroesophageal Reflux,1.0
proguanil,Infections,2.0
proguanil,Malaria,4.0
proguanil,"Malaria, Falciparum",3.0
propafenone,"Arrhythmias, Cardiac",4.0
propafenone,Atrial Fibrillation,3.0
propafenone,"Death, Sudden, Cardiac",3.0
propafenone,Heart Failure,3.0
propafenone,Myocardial Infarction,3.0
propafenone,Ventricular Fibrillation,3.0
propentofylline,Attention Deficit Disorder with Hyperactivity,2.0
propranolol,Alcohol Drinking,2.0
propranolol,"Anemia, Sickle Cell",2.0
propranolol,Anxiety,2.0
propranolol,Aphasia,0.5
propranolol,"Arrhythmias, Cardiac",3.0
propranolol,Ascites,3.0
propranolol,Asthma,2.0
propranolol,Brain Injuries,3.0
propranolol,Breast Neoplasms,2.0
propranolol,Burns,2.0
propranolol,"Carcinoma, Hepatocellular",2.0
propranolol,"Carcinoma, Renal Cell",2.0
propranolol,Cardiovascular Diseases,4.0
propranolol,"Child Development Disorders, Pervasive",0.5
propranolol,Cocaine-Related Disorders,2.0
propranolol,Colorectal Neoplasms,3.0
propranolol,Coronary Disease,3.0
propranolol,"Death, Sudden, Cardiac",3.0
propranolol,Dental Anxiety,2.0
propranolol,"Depressive Disorder, Major",1.0
propranolol,"Diabetes Mellitus, Type 1",2.0
propranolol,Dystocia,2.0
propranolol,Esophageal and Gastric Varices,3.0
propranolol,Fibromyalgia,1.0
propranolol,Headache,3.0
propranolol,Heart Diseases,3.0
propranolol,Hemangioma,3.0
propranolol,"Hemangioma, Cavernous, Central Nervous System",2.0
propranolol,Hemangiosarcoma,2.0
propranolol,Hypertension,2.0
propranolol,"Hypertension, Portal",3.0
propranolol,Hypoglycemia,0.5
propranolol,Hypotension,2.0
propranolol,"Hypotension, Orthostatic",2.0
propranolol,Hypoxia,0.5
propranolol,Kidney Diseases,1.0
propranolol,Liver Cirrhosis,3.0
propranolol,Low Back Pain,2.0
propranolol,Lymphedema,2.0
propranolol,Macular Degeneration,2.0
propranolol,Marfan Syndrome,2.0
propranolol,Melanoma,2.0
propranolol,Memory,1.0
propranolol,Migraine Disorders,3.0
propranolol,Migraine with Aura,2.0
propranolol,Migraine without Aura,2.0
propranolol,Multiple Myeloma,2.0
propranolol,Myocardial Infarction,3.0
propranolol,Myocardial Ischemia,3.0
propranolol,Orthostatic Intolerance,1.0
propranolol,Osteoporosis,0.5
propranolol,Pain,2.0
propranolol,Pancreatic Neoplasms,2.0
propranolol,Panic Disorder,2.0
propranolol,Papilloma,2.0
propranolol,"Prostatic Neoplasms, Castration-Resistant",2.0
propranolol,"Pulmonary Disease, Chronic Obstructive",1.0
propranolol,Retinopathy of Prematurity,2.0
propranolol,"Sarcoma, Kaposi",2.0
propranolol,Shoulder Pain,2.0
propranolol,"Sleep Apnea, Obstructive",2.0
propranolol,Smoking Cessation,3.0
propranolol,Stomach Neoplasms,2.0
propranolol,"Stress Disorders, Post-Traumatic",3.0
propranolol,"Stress Disorders, Traumatic, Acute",2.0
propranolol,Stroke,2.0
propranolol,Substance-Related Disorders,2.0
propranolol,Syncope,2.0
propranolol,"Tachycardia, Supraventricular",3.0
propranolol,"Telangiectasia, Hereditary Hemorrhagic",3.0
propranolol,Triple Negative Breast Neoplasms,2.0
propranolol,Ventricular Fibrillation,3.0
propranolol,Wounds and Injuries,2.0
propylthiouracil,Graves Disease,3.0
propylthiouracil,Graves Ophthalmopathy,3.0
propylthiouracil,Hyperthyroidism,4.0
propylthiouracil,Ischemic Stroke,2.0
propylthiouracil,Thyroid Diseases,4.0
propylthiouracil,Thyrotoxicosis,3.0
protirelin,Neoplasms,2.0
protirelin,Respiratory Distress Syndrome,3.0
protriptyline,Depressive Disorder,4.0
pterostilbene,Acute Kidney Injury,2.0
pterostilbene,Endometrial Neoplasms,2.0
pyrazinamide,Acquired Immunodeficiency Syndrome,2.0
pyrazinamide,HIV Infections,1.0
pyrazinamide,Meningitis,3.0
pyrazinamide,Osteomyelitis,0.5
pyrazinamide,Tuberculosis,4.0
pyrazinamide,"Tuberculosis, Multidrug-Resistant",3.0
pyrazinamide,"Tuberculosis, Pulmonary",4.0
pyrimethamine,Amyotrophic Lateral Sclerosis,1.0
pyrimethamine,Anemia,3.0
pyrimethamine,Chorioretinitis,3.0
pyrimethamine,Depressive Disorder,3.0
pyrimethamine,"Gangliosidoses, GM2",1.0
pyrimethamine,HIV Infections,3.0
pyrimethamine,Head and Neck Neoplasms,0.5
pyrimethamine,"Leukemia, Lymphocytic, Chronic, B-Cell",1.0
pyrimethamine,Malaria,4.0
pyrimethamine,"Malaria, Falciparum",3.0
pyrimethamine,"Malaria, Vivax",3.0
pyrimethamine,Myelodysplastic Syndromes,1.0
pyrimethamine,"Pneumonia, Pneumocystis",3.0
pyrimethamine,Pregnancy,3.0
pyrimethamine,Premature Birth,3.0
pyrimethamine,Sandhoff Disease,1.0
pyrimethamine,Schistosomiasis,3.0
pyrimethamine,Schizophrenia,3.0
pyrimethamine,Tay-Sachs Disease,1.0
pyrimethamine,Toxoplasmosis,4.0
pyrimethamine,"Toxoplasmosis, Cerebral",2.0
pyrimethamine,"Toxoplasmosis, Congenital",3.0
quercetin,Aging,2.0
quercetin,Alzheimer Disease,1.0
quercetin,"Carcinoma, Squamous Cell",2.0
quercetin,Coronary Disease,3.0
quercetin,Cystic Fibrosis,2.0
quercetin,"Diabetes Mellitus, Type 2",2.0
quercetin,Fanconi Anemia,1.0
quercetin,Gastroesophageal Reflux,1.0
quercetin,"Hepatitis C, Chronic",1.0
quercetin,Idiopathic Pulmonary Fibrosis,1.0
quercetin,Inflammation,1.0
quercetin,"Lichen Planus, Oral",1.0
quercetin,"Lymphoma, Follicular",2.0
quercetin,Macular Degeneration,2.0
quercetin,Mouth Neoplasms,2.0
quercetin,Neoplasms,2.0
quercetin,Obesity,2.0
quercetin,Osteoarthritis,1.0
quercetin,Prostatic Neoplasms,1.0
quercetin,"Prostatic Neoplasms, Castration-Resistant",1.0
quercetin,"Pulmonary Disease, Chronic Obstructive",1.0
quercetin,"Renal Insufficiency, Chronic",2.0
quercetin,Severe Acute Respiratory Syndrome,1.0
quercetin,Triple Negative Breast Neoplasms,2.0
quetiapine,Alcoholism,2.0
quetiapine,Amphetamine-Related Disorders,0.5
quetiapine,Anorexia Nervosa,2.0
quetiapine,Anxiety,3.0
quetiapine,Attention Deficit Disorder with Hyperactivity,2.0
quetiapine,Bipolar Disorder,3.0
quetiapine,Borderline Personality Disorder,3.0
quetiapine,Cocaine-Related Disorders,1.0
quetiapine,Cognitive Dysfunction,3.0
quetiapine,Delirium,3.0
quetiapine,Dementia,3.0
quetiapine,"Depression, Postpartum",2.0
quetiapine,Depressive Disorder,3.0
quetiapine,"Depressive Disorder, Major",3.0
quetiapine,"Depressive Disorder, Treatment-Resistant",3.0
quetiapine,"Dyskinesia, Drug-Induced",1.0
quetiapine,Marijuana Abuse,2.0
quetiapine,Mental Disorders,3.0
quetiapine,Mood Disorders,3.0
quetiapine,Obsessive-Compulsive Disorder,2.0
quetiapine,Parkinson Disease,2.0
quetiapine,"Phobia, Social",3.0
quetiapine,Psychotic Disorders,4.0
quetiapine,"Renal Insufficiency, Chronic",1.0
quetiapine,Schizophrenia,3.0
quetiapine,"Sleep Apnea, Obstructive",2.0
quetiapine,Sleep Initiation and Maintenance Disorders,2.0
quinapril,Cardiovascular Diseases,4.0
quinapril,"Diabetes Mellitus, Type 1",3.0
quinidine,Amyotrophic Lateral Sclerosis,3.0
quinidine,"Arrhythmias, Cardiac",4.0
quinidine,Atrial Fibrillation,3.0
quinidine,Constipation,1.0
quinidine,"Death, Sudden, Cardiac",3.0
quinidine,Depressive Disorder,2.0
quinidine,"Depressive Disorder, Major",2.0
quinidine,"Hepatitis B, Chronic",1.0
quinidine,Migraine Disorders,2.0
quinidine,Multiple Sclerosis,3.0
quinidine,Myocardial Infarction,3.0
quinidine,Non-alcoholic Fatty Liver Disease,1.0
quinidine,Respiratory Syncytial Virus Infections,1.0
quinidine,Severe Acute Respiratory Syndrome,1.0
quinidine,Ventricular Fibrillation,3.0
quinine,Chronic Pain,2.0
quinine,Immunologic Deficiency Syndromes,2.0
quinine,Malaria,4.0
quinine,"Malaria, Falciparum",3.0
quinine,Severe Acute Respiratory Syndrome,2.0
quizartinib,"Leukemia, Myeloid, Acute",3.0
quizartinib,Liver Diseases,1.0
quizartinib,Myelodysplastic Syndromes,1.0
quizartinib,Neoplasms,3.0
rabeprazole,Amyotrophic Lateral Sclerosis,1.0
rabeprazole,Cholangiocarcinoma,1.0
rabeprazole,Communicable Diseases,1.0
rabeprazole,Duodenal Ulcer,3.0
rabeprazole,Dyspepsia,2.0
rabeprazole,Gastroesophageal Reflux,4.0
rabeprazole,Gastrointestinal Hemorrhage,3.0
rabeprazole,Helicobacter Infections,3.0
rabeprazole,Hematologic Neoplasms,1.0
rabeprazole,Lymphoma,1.0
rabeprazole,Neoplasms,1.0
rabeprazole,Peptic Ulcer,4.0
racecadotril,Diarrhea,3.0
racecadotril,"Diarrhea, Infantile",3.0
raclopride,Obesity,0.5
radezolid,Pneumonia,2.0
raloxifene,Alzheimer Disease,2.0
raloxifene,"Bone Diseases, Metabolic",3.0
raloxifene,Breast Neoplasms,3.0
raloxifene,Cognitive Dysfunction,3.0
raloxifene,Endometrial Neoplasms,2.0
raloxifene,Menopause,2.0
raloxifene,Osteoporosis,3.0
raloxifene,"Osteoporosis, Postmenopausal",3.0
raloxifene,Polycystic Ovary Syndrome,3.0
raloxifene,Prostatic Neoplasms,0.5
raloxifene,Psychotic Disorders,3.0
raloxifene,Schizophrenia,3.0
raloxifene,Severe Acute Respiratory Syndrome,2.0
raltegravir,Acquired Immunodeficiency Syndrome,3.0
raltegravir,HIV Infections,3.0
raltegravir,HTLV-I Infections,2.0
raltegravir,Head and Neck Neoplasms,0.5
raltegravir,Hepatitis C,1.0
raltegravir,Infections,3.0
raltegravir,"Leukemia, Biphenotypic, Acute",1.0
raltegravir,"Liver Cirrhosis, Biliary",2.0
raltegravir,"Multiple Sclerosis, Relapsing-Remitting",2.0
raltegravir,"Paraparesis, Tropical Spastic",0.5
raltegravir,Virus Diseases,3.0
ramatroban,Asthma,2.0
ramatroban,Severe Acute Respiratory Syndrome,2.0
ramelteon,Bipolar Disorder,3.0
ramelteon,Burns,2.0
ramelteon,Depressive Disorder,3.0
ramelteon,Marijuana Abuse,1.0
ramelteon,Migraine with Aura,2.0
ramelteon,Migraine without Aura,2.0
ramelteon,"Pulmonary Disease, Chronic Obstructive",2.0
ramelteon,Severe Acute Respiratory Syndrome,2.0
ramelteon,"Sleep Apnea, Obstructive",2.0
ramelteon,Sleep Initiation and Maintenance Disorders,4.0
ramelteon,Sleep Wake Disorders,3.0
ramelteon,Substance-Related Disorders,2.0
ramelteon,Tobacco Use Disorder,2.0
ramipril,Albuminuria,3.0
ramipril,"Arthritis, Rheumatoid",2.0
ramipril,Atherosclerosis,3.0
ramipril,Atrial Fibrillation,3.0
ramipril,Atrial Flutter,3.0
ramipril,Cardiovascular Diseases,4.0
ramipril,Coronary Artery Disease,4.0
ramipril,Diabetes Mellitus,4.0
ramipril,"Diabetes Mellitus, Type 1",3.0
ramipril,"Diabetes Mellitus, Type 2",3.0
ramipril,Diabetic Nephropathies,3.0
ramipril,Glomerulonephritis,3.0
ramipril,Glucose Intolerance,3.0
ramipril,Heart Diseases,3.0
ramipril,Heart Failure,4.0
ramipril,Hypercholesterolemia,3.0
ramipril,Hypertension,4.0
ramipril,Kidney Diseases,2.0
ramipril,"Lupus Erythematosus, Systemic",2.0
ramipril,Metabolic Diseases,3.0
ramipril,Metabolic Syndrome,0.5
ramipril,Myocardial Infarction,4.0
ramipril,Myocardial Ischemia,3.0
ramipril,"Renal Insufficiency, Chronic",3.0
ramipril,Severe Acute Respiratory Syndrome,2.0
ramipril,Stroke,4.0
ramipril,Stuttering,3.0
ranitidine,Barrett Esophagus,3.0
ranitidine,Breast Carcinoma In Situ,2.0
ranitidine,Breast Neoplasms,2.0
ranitidine,"Carcinoma, Medullary",1.0
ranitidine,"Carcinoma, Renal Cell",2.0
ranitidine,Cough,3.0
ranitidine,"Esophagitis, Peptic",1.0
ranitidine,Gastroesophageal Reflux,4.0
ranitidine,Helicobacter Infections,2.0
ranitidine,"Hypotension, Orthostatic",1.0
ranitidine,Immune System Diseases,1.0
ranitidine,Job Syndrome,2.0
ranitidine,"Leukemia, T-Cell",2.0
ranitidine,Multiple Sclerosis,3.0
ranitidine,Neoplasms,1.0
ranitidine,Peptic Ulcer,4.0
ranitidine,Postpartum Hemorrhage,2.0
ranitidine,Precursor T-Cell Lymphoblastic Leukemia-Lymphoma,2.0
ranitidine,Stomach Ulcer,3.0
ranolazine,Acute Coronary Syndrome,2.0
ranolazine,Amyotrophic Lateral Sclerosis,2.0
ranolazine,Angina Pectoris,4.0
ranolazine,Atrial Fibrillation,3.0
ranolazine,"Cardiomyopathy, Dilated",2.0
ranolazine,Cardiovascular Diseases,4.0
ranolazine,Coronary Disease,3.0
ranolazine,Crohn Disease,2.0
ranolazine,"Diabetes Mellitus, Type 2",3.0
ranolazine,"Heart Failure, Diastolic",2.0
ranolazine,"Hypertension, Pulmonary",1.0
ranolazine,Irritable Bowel Syndrome,2.0
ranolazine,Kidney Diseases,1.0
ranolazine,Myocardial Ischemia,3.0
ranolazine,Myotonic Disorders,1.0
ranolazine,Romano-Ward Syndrome,2.0
ranolazine,Vascular Diseases,2.0
rasagiline,Alzheimer Disease,2.0
rasagiline,Amyotrophic Lateral Sclerosis,2.0
rasagiline,Parkinson Disease,4.0
rasagiline,Restless Legs Syndrome,2.0
rasagiline,"Supranuclear Palsy, Progressive",3.0
rebamipide,"Arthritis, Rheumatoid",3.0
rebamipide,"Colitis, Ulcerative",2.0
rebamipide,Dry Eye Syndromes,3.0
rebamipide,Gastritis,3.0
rebamipide,Gastroesophageal Reflux,3.0
rebamipide,Head and Neck Neoplasms,2.0
rebamipide,Osteoarthritis,3.0
rebamipide,Peptic Ulcer,3.0
rebamipide,"Spondylitis, Ankylosing",3.0
rebamipide,Stomach Ulcer,3.0
rebastinib,Breast Neoplasms,1.0
rebastinib,"Leukemia, Myelogenous, Chronic, BCR-ABL Positive",1.0
rebastinib,Neoplasms,1.0
reboxetine,Anxiety,3.0
reboxetine,Attention Deficit Disorder with Hyperactivity,2.0
reboxetine,Dementia,3.0
reboxetine,Depressive Disorder,4.0
reboxetine,"Depressive Disorder, Major",2.0
reboxetine,Diabetic Neuropathies,2.0
reboxetine,Fatigue,3.0
reboxetine,Fibromyalgia,3.0
reboxetine,Pain,2.0
reboxetine,Schizophrenia,3.0
reboxetine,"Stress Disorders, Post-Traumatic",2.0
refametinib,Biliary Tract Neoplasms,2.0
refametinib,"Carcinoma, Hepatocellular",2.0
refametinib,Neoplasms,1.0
regadenoson,Cardiovascular Diseases,4.0
regadenoson,Myocardial Perfusion Imaging,4.0
regorafenib,Bile Duct Neoplasms,2.0
regorafenib,Biliary Tract Neoplasms,2.0
regorafenib,Bone Neoplasms,1.0
regorafenib,"Carcinoma, Adenoid Cystic",2.0
regorafenib,"Carcinoma, Hepatocellular",3.0
regorafenib,"Carcinoma, Renal Cell",2.0
regorafenib,Cholangiocarcinoma,2.0
regorafenib,Colonic Neoplasms,3.0
regorafenib,Colorectal Neoplasms,4.0
regorafenib,Digestive System Neoplasms,2.0
regorafenib,Esophageal Neoplasms,3.0
regorafenib,Fallopian Tube Neoplasms,2.0
regorafenib,Gastrointestinal Stromal Tumors,3.0
regorafenib,Glioblastoma,2.0
regorafenib,Hemangiosarcoma,2.0
regorafenib,"Leukemia, Myeloid, Acute",1.0
regorafenib,Liposarcoma,2.0
regorafenib,Macular Degeneration,2.0
regorafenib,Melanoma,2.0
regorafenib,Meningioma,2.0
regorafenib,Myelodysplastic Syndromes,1.0
regorafenib,Neoplasms,4.0
regorafenib,Osteosarcoma,2.0
regorafenib,Ovarian Neoplasms,2.0
regorafenib,Pancreatic Neoplasms,2.0
regorafenib,"Pulmonary Disease, Chronic Obstructive",2.0
regorafenib,Rectal Neoplasms,2.0
regorafenib,Rhabdomyosarcoma,1.0
regorafenib,Sarcoma,2.0
regorafenib,Small Cell Lung Carcinoma,1.0
regorafenib,Stomach Neoplasms,2.0
regorafenib,Thyroid Neoplasms,2.0
repaglinide,"Anemia, Sickle Cell",1.0
repaglinide,"Arthritis, Rheumatoid",1.0
repaglinide,Atherosclerosis,3.0
repaglinide,Coronary Disease,3.0
repaglinide,Cystic Fibrosis,3.0
repaglinide,Diabetes Mellitus,4.0
repaglinide,"Diabetes Mellitus, Type 2",4.0
repaglinide,Gastrointestinal Stromal Tumors,1.0
repaglinide,Hypercholesterolemia,3.0
repaglinide,Hypertension,3.0
repaglinide,Malaria,1.0
repaglinide,Mitochondrial Diseases,1.0
repaglinide,Neoplasms,1.0
repaglinide,Parkinson Disease,1.0
repaglinide,"Prostatic Neoplasms, Castration-Resistant",1.0
reparixin,Breast Neoplasms,2.0
reparixin,"Diabetes Mellitus, Type 1",3.0
reparixin,"Pancreatitis, Chronic",2.0
reparixin,Pneumonia,3.0
reparixin,"Pneumonia, Viral",3.0
reparixin,Reperfusion Injury,2.0
reparixin,Respiratory Distress Syndrome,2.0
reparixin,Severe Acute Respiratory Syndrome,3.0
resatorvid,Acute-On-Chronic Liver Failure,2.0
resatorvid,Sepsis,3.0
reserpine,Amphetamine-Related Disorders,1.0
reserpine,Atherosclerosis,3.0
reserpine,Cardiovascular Diseases,3.0
reserpine,Cerebrovascular Disorders,3.0
reserpine,Cocaine-Related Disorders,2.0
reserpine,Coronary Disease,3.0
reserpine,"Diabetes Mellitus, Type 2",3.0
reserpine,Heart Diseases,3.0
reserpine,Hypercholesterolemia,3.0
reserpine,Hypertension,4.0
reserpine,"Hypertension, Pulmonary",1.0
reserpine,Substance-Related Disorders,2.0
reserpine,Vascular Diseases,2.0
resiquimod,Astrocytoma,2.0
resiquimod,"Carcinoma, Basal Cell",1.0
resiquimod,"Hepatitis B, Chronic",1.0
resiquimod,"Influenza, Human",1.0
resiquimod,"Keratosis, Actinic",2.0
resiquimod,"Lymphoma, T-Cell, Cutaneous",2.0
resiquimod,Melanoma,2.0
resiquimod,Neoplasms,1.0
resiquimod,Oligodendroglioma,2.0
resiquimod,Paraganglioma,2.0
resminostat,"Carcinoma, Hepatocellular",2.0
resminostat,Colorectal Neoplasms,1.0
resminostat,Hodgkin Disease,2.0
resminostat,"Lymphoma, T-Cell, Cutaneous",2.0
resminostat,Mycosis Fungoides,2.0
resminostat,Neoplasms,2.0
resminostat,Sezary Syndrome,2.0
resorcinol,Acne Vulgaris,4.0
resorcinol,Eye Infections,4.0
resveratrol,Aging,2.0
resveratrol,Alzheimer Disease,2.0
resveratrol,Brain Concussion,1.0
resveratrol,"Cardiomyopathy, Dilated",3.0
resveratrol,Cardiovascular Diseases,1.0
resveratrol,Colonic Neoplasms,1.0
resveratrol,Colorectal Neoplasms,1.0
resveratrol,Cystic Fibrosis,0.5
resveratrol,"Diabetes Mellitus, Type 1",0.5
resveratrol,"Diabetes Mellitus, Type 2",2.0
resveratrol,Diabetic Nephropathies,0.5
resveratrol,Diabetic Neuropathies,2.0
resveratrol,Friedreich Ataxia,2.0
resveratrol,Huntington Disease,3.0
resveratrol,Hypercholesterolemia,2.0
resveratrol,Hypertension,1.0
resveratrol,Infertility,3.0
resveratrol,Inflammation,3.0
resveratrol,Insulin Resistance,2.0
resveratrol,Liver Neoplasms,1.0
resveratrol,Lymphangioleiomyomatosis,2.0
resveratrol,"Lymphoma, Follicular",2.0
resveratrol,Macular Degeneration,2.0
resveratrol,Memory,1.0
resveratrol,Metabolic Syndrome,3.0
resveratrol,Neoplasms,1.0
resveratrol,Non-alcoholic Fatty Liver Disease,2.0
resveratrol,"Osteoarthritis, Knee",3.0
resveratrol,Paraplegia,2.0
resveratrol,Parkinson Disease,1.0
resveratrol,Peripheral Arterial Disease,3.0
resveratrol,Polycystic Ovary Syndrome,2.0
resveratrol,"Pulmonary Disease, Chronic Obstructive",3.0
resveratrol,Rectal Neoplasms,1.0
resveratrol,"Renal Insufficiency, Chronic",3.0
resveratrol,"Rhinitis, Allergic, Seasonal",3.0
resveratrol,Schizophrenia,2.0
resveratrol,Severe Acute Respiratory Syndrome,2.0
retapamulin,Impetigo,4.0
retapamulin,Infections,3.0
retapamulin,Staphylococcal Infections,2.0
retapamulin,Staphylococcal Skin Infections,4.0
retigabine,Amyotrophic Lateral Sclerosis,2.0
retigabine,Depressive Disorder,2.0
retigabine,"Depressive Disorder, Major",2.0
retigabine,Epilepsy,4.0
retigabine,"Neuralgia, Postherpetic",2.0
retigabine,Seizures,4.0
ribavirin,Breast Neoplasms,1.0
ribavirin,Depressive Disorder,3.0
ribavirin,"Diabetes Mellitus, Type 1",2.0
ribavirin,"Encephalitis, Japanese",2.0
ribavirin,Fibrosis,4.0
ribavirin,HIV Infections,3.0
ribavirin,Hemorrhagic Fever with Renal Syndrome,2.0
ribavirin,Hepatitis,3.0
ribavirin,"Hepatitis B, Chronic",3.0
ribavirin,Hepatitis C,3.0
ribavirin,"Hepatitis C, Chronic",4.0
ribavirin,Hepatitis D,2.0
ribavirin,Infections,3.0
ribavirin,"Influenza, Human",2.0
ribavirin,Lassa Fever,2.0
ribavirin,"Leukemia, Myeloid, Acute",2.0
ribavirin,Liver Cirrhosis,4.0
ribavirin,Neoplasms,1.0
ribavirin,Respiratory Syncytial Virus Infections,3.0
ribavirin,Severe Acute Respiratory Syndrome,3.0
ribavirin,Thrombocytopenia,2.0
ribavirin,Virus Diseases,4.0
rifabutin,Crohn Disease,3.0
rifabutin,HIV Infections,4.0
rifabutin,Infections,3.0
rifabutin,Lung Diseases,2.0
rifabutin,Mycobacterium Infections,3.0
rifabutin,Mycobacterium avium-intracellulare Infection,4.0
rifabutin,Mycoses,3.0
rifabutin,Osteomyelitis,0.5
rifabutin,Tuberculosis,4.0
rifabutin,"Tuberculosis, Pulmonary",2.0
rifaximin,Alzheimer Disease,2.0
rifaximin,"Anemia, Sickle Cell",2.0
rifaximin,Brain Diseases,3.0
rifaximin,Breast Neoplasms,2.0
rifaximin,"Cholangitis, Sclerosing",1.0
rifaximin,Clostridium Infections,3.0
rifaximin,"Colitis, Collagenous",3.0
rifaximin,Crohn Disease,3.0
rifaximin,Diarrhea,4.0
rifaximin,Diverticulitis,2.0
rifaximin,Dyspepsia,2.0
rifaximin,HIV Infections,2.0
rifaximin,"Heart Failure, Systolic",2.0
rifaximin,Helicobacter Infections,3.0
rifaximin,Hepatic Encephalopathy,4.0
rifaximin,Hepatitis C,2.0
rifaximin,"Hepatitis, Alcoholic",3.0
rifaximin,Infections,4.0
rifaximin,Intestinal Pseudo-Obstruction,2.0
rifaximin,Irritable Bowel Syndrome,3.0
rifaximin,Liver Cirrhosis,3.0
rifaximin,Neoplasms,1.0
rifaximin,Parkinson Disease,3.0
rifaximin,Peritonitis,3.0
rifaximin,Persian Gulf Syndrome,1.0
rifaximin,Rectal Neoplasms,3.0
rifaximin,"Renal Insufficiency, Chronic",0.5
rifaximin,Rosacea,2.0
rifaximin,"Vaginosis, Bacterial",2.0
rigosertib,"Anemia, Refractory, with Excess of Blasts",3.0
rigosertib,"Carcinoma, Squamous Cell",2.0
rigosertib,Esophageal Neoplasms,2.0
rigosertib,Myelodysplastic Syndromes,3.0
rigosertib,Neoplasms,1.0
rilmenidine,Hypertension,4.0
rilpivirine,Acquired Immunodeficiency Syndrome,3.0
rilpivirine,HIV Infections,4.0
rilpivirine,Hepatitis C,1.0
rilpivirine,Insulin Resistance,1.0
rilpivirine,Virus Diseases,4.0
riluzole,Alzheimer Disease,2.0
riluzole,Amyotrophic Lateral Sclerosis,4.0
riluzole,Atrial Fibrillation,2.0
riluzole,Bipolar Disorder,2.0
riluzole,Breast Neoplasms,1.0
riluzole,Cerebellar Ataxia,2.0
riluzole,"Child Development Disorders, Pervasive",2.0
riluzole,Depressive Disorder,2.0
riluzole,"Depressive Disorder, Major",2.0
riluzole,Huntington Disease,3.0
riluzole,Melanoma,2.0
riluzole,Multiple Sclerosis,2.0
riluzole,"Multiple Sclerosis, Chronic Progressive",2.0
riluzole,Multiple System Atrophy,3.0
riluzole,"Muscular Atrophy, Spinal",2.0
riluzole,Neoplasms,1.0
riluzole,Obsessive-Compulsive Disorder,2.0
riluzole,Peripheral Nervous System Diseases,2.0
riluzole,Schizophrenia,0.5
riluzole,Spinal Cord Diseases,3.0
riluzole,Spinal Cord Injuries,2.0
riluzole,Spinocerebellar Ataxias,3.0
riluzole,"Stress Disorders, Post-Traumatic",1.0
riluzole,"Supranuclear Palsy, Progressive",3.0
rimantadine,Virus Diseases,4.0
rimexolone,Dry Eye Syndromes,3.0
rimexolone,Eye Diseases,4.0
rimonabant,Alcohol Drinking,2.0
rimonabant,Arteriosclerosis,3.0
rimonabant,Cardiovascular Diseases,3.0
rimonabant,Coronary Artery Disease,3.0
rimonabant,"Diabetes Mellitus, Type 2",3.0
rimonabant,Fatty Liver,3.0
rimonabant,Lipid Metabolism Disorders,3.0
rimonabant,Marijuana Abuse,1.0
rimonabant,Metabolic Syndrome,3.0
rimonabant,Obesity,4.0
rimonabant,Pain,1.0
rimonabant,Prader-Willi Syndrome,3.0
rimonabant,Prediabetic State,3.0
rimonabant,Smoking Cessation,3.0
rimonabant,Spinal Cord Injuries,2.0
rimonabant,Tobacco Use Disorder,2.0
rimonabant,Weight Loss,3.0
riociguat,"Anemia, Sickle Cell",2.0
riociguat,Coronary Disease,2.0
riociguat,Cystic Fibrosis,2.0
riociguat,Familial Primary Pulmonary Hypertension,4.0
riociguat,HIV Infections,1.0
riociguat,Hypertension,4.0
riociguat,"Hypertension, Pulmonary",4.0
riociguat,Ischemic Stroke,2.0
riociguat,Raynaud Disease,2.0
riociguat,"Scleroderma, Localized",2.0
riociguat,"Scleroderma, Systemic",2.0
riociguat,Ulcer,2.0
ripasudil,Corneal Edema,3.0
ripasudil,Fuchs' Endothelial Dystrophy,3.0
ripasudil,Glaucoma,3.0
ripasudil,Retinopathy of Prematurity,1.0
risperidone,Aggression,4.0
risperidone,Alzheimer Disease,3.0
risperidone,Amphetamine-Related Disorders,2.0
risperidone,Anxiety,3.0
risperidone,Asperger Syndrome,3.0
risperidone,Attention Deficit and Disruptive Behavior Disorders,3.0
risperidone,Autistic Disorder,4.0
risperidone,Bipolar Disorder,4.0
risperidone,"Child Development Disorders, Pervasive",2.0
risperidone,Cocaine-Related Disorders,2.0
risperidone,Conduct Disorder,3.0
risperidone,Dementia,3.0
risperidone,"Dementia, Vascular",3.0
risperidone,Depressive Disorder,3.0
risperidone,"Depressive Disorder, Major",3.0
risperidone,Developmental Disabilities,3.0
risperidone,"Dyskinesia, Drug-Induced",1.0
risperidone,Huntington Disease,1.0
risperidone,Intellectual Disability,3.0
risperidone,Lecithin Cholesterol Acyltransferase Deficiency,1.0
risperidone,Mental Disorders,3.0
risperidone,Neurodevelopmental Disorders,3.0
risperidone,Obsessive-Compulsive Disorder,2.0
risperidone,Opioid-Related Disorders,0.5
risperidone,Psychotic Disorders,4.0
risperidone,Rett Syndrome,3.0
risperidone,Schizophrenia,4.0
risperidone,Schizotypal Personality Disorder,1.0
risperidone,"Stress Disorders, Post-Traumatic",2.0
risperidone,Substance-Related Disorders,2.0
risperidone,Tourette Syndrome,2.0
ritonavir,Acquired Immunodeficiency Syndrome,3.0
ritonavir,Amyotrophic Lateral Sclerosis,1.0
ritonavir,Anus Neoplasms,1.0
ritonavir,Coronavirus Infections,3.0
ritonavir,Erectile Dysfunction,1.0
ritonavir,Glioblastoma,1.0
ritonavir,Glioma,1.0
ritonavir,HIV Infections,4.0
ritonavir,"Hepatitis B, Chronic",2.0
ritonavir,Hepatitis C,4.0
ritonavir,"Hepatitis C, Chronic",4.0
ritonavir,Hepatitis D,3.0
ritonavir,Hypertension,1.0
ritonavir,"Hypertension, Pulmonary",1.0
ritonavir,Infections,3.0
ritonavir,"Influenza, Human",3.0
ritonavir,Insulin Resistance,1.0
ritonavir,Kidney Diseases,1.0
ritonavir,Liver Diseases,1.0
ritonavir,Malaria,1.0
ritonavir,Mycobacterium avium-intracellulare Infection,2.0
ritonavir,Neoplasm Metastasis,1.0
ritonavir,Neoplasms,2.0
ritonavir,Pneumonia,3.0
ritonavir,Post-Acute COVID-19 Syndrome,2.0
ritonavir,Pregnancy,2.0
ritonavir,Prostatic Neoplasms,1.0
ritonavir,"Prostatic Neoplasms, Castration-Resistant",1.0
ritonavir,Respiratory Distress Syndrome,1.0
ritonavir,Sarcoma,2.0
ritonavir,"Sarcoma, Kaposi",2.0
ritonavir,Severe Acute Respiratory Syndrome,3.0
ritonavir,Tuberculosis,1.0
ritonavir,Virus Diseases,4.0
rivaroxaban,Acute Coronary Syndrome,4.0
rivaroxaban,"Anemia, Sickle Cell",2.0
rivaroxaban,"Angina, Unstable",3.0
rivaroxaban,Aortic Valve Disease,2.0
rivaroxaban,Aortic Valve Stenosis,3.0
rivaroxaban,"Arthroplasty, Replacement",4.0
rivaroxaban,Atrial Fibrillation,4.0
rivaroxaban,Blood Coagulation Disorders,1.0
rivaroxaban,Coronary Artery Disease,4.0
rivaroxaban,"Diabetes Mellitus, Type 2",3.0
rivaroxaban,Heart Diseases,2.0
rivaroxaban,Hematoma,3.0
rivaroxaban,Hemorrhage,2.0
rivaroxaban,Hip Fractures,3.0
rivaroxaban,Ischemia,2.0
rivaroxaban,Ischemic Stroke,3.0
rivaroxaban,Liver Cirrhosis,3.0
rivaroxaban,Multiple Myeloma,2.0
rivaroxaban,Myocardial Infarction,3.0
rivaroxaban,Neoplasms,3.0
rivaroxaban,"Obesity, Morbid",1.0
rivaroxaban,Peripheral Arterial Disease,4.0
rivaroxaban,"Polyendocrinopathies, Autoimmune",3.0
rivaroxaban,Pulmonary Embolism,4.0
rivaroxaban,Renal Insufficiency,3.0
rivaroxaban,"Renal Insufficiency, Chronic",1.0
rivaroxaban,Rheumatic Heart Disease,3.0
rivaroxaban,Severe Acute Respiratory Syndrome,3.0
rivaroxaban,Stroke,4.0
rivaroxaban,Thrombocytopenia,3.0
rivaroxaban,Thromboembolism,2.0
rivaroxaban,Thrombosis,4.0
rivaroxaban,Venous Thromboembolism,4.0
rivaroxaban,Venous Thrombosis,4.0
rizatriptan,Migraine Disorders,4.0
rizatriptan,Migraine with Aura,3.0
rizatriptan,Migraine without Aura,3.0
rociletinib,"Carcinoma, Non-Small-Cell Lung",3.0
rociletinib,Neoplasms,3.0
rocuronium,"Fractures, Bone",0.5
rocuronium,Heart Arrest,2.0
rocuronium,Kidney Diseases,2.0
rocuronium,Lung Neoplasms,2.0
rocuronium,Myalgia,3.0
rocuronium,Organophosphate Poisoning,2.0
rocuronium,Pain,2.0
rocuronium,Pancreatic Neoplasms,3.0
rocuronium,"Prostatic Neoplasms, Castration-Resistant",2.0
roflumilast,Asthma,3.0
roflumilast,Brain Diseases,1.0
roflumilast,Bronchiectasis,3.0
roflumilast,"Bronchitis, Chronic",4.0
roflumilast,Cognitive Dysfunction,2.0
roflumilast,Dementia,2.0
roflumilast,"Depressive Disorder, Major",1.0
roflumilast,Dermatitis,2.0
roflumilast,"Dermatitis, Atopic",3.0
roflumilast,"Dermatitis, Seborrheic",2.0
roflumilast,"Diabetes Mellitus, Type 2",2.0
roflumilast,Diabetic Nephropathies,3.0
roflumilast,Fragile X Syndrome,2.0
roflumilast,"Lung Diseases, Obstructive",4.0
roflumilast,Lymphoma,1.0
roflumilast,Neoplasms,0.5
roflumilast,Nervous System Diseases,1.0
roflumilast,Non-alcoholic Fatty Liver Disease,2.0
roflumilast,Obesity,1.0
roflumilast,Peripheral Nervous System Diseases,1.0
roflumilast,Psoriasis,4.0
roflumilast,"Pulmonary Disease, Chronic Obstructive",4.0
roflumilast,Respiratory Distress Syndrome,2.0
roflumilast,Rosacea,2.0
roflumilast,Schizophrenia,1.0
rolipram,Depressive Disorder,1.0
rolipram,"Depressive Disorder, Major",1.0
rolipram,Huntington Disease,1.0
rolipram,Multiple Sclerosis,2.0
rolipram,Nervous System Diseases,1.0
romidepsin,"Adenocarcinoma, Follicular",2.0
romidepsin,Astrocytoma,1.0
romidepsin,Brain Neoplasms,1.0
romidepsin,Breast Neoplasms,2.0
romidepsin,"Breast Neoplasms, Male",2.0
romidepsin,"Carcinoma, Non-Small-Cell Lung",2.0
romidepsin,"Carcinoma, Pancreatic Ductal",1.0
romidepsin,Colorectal Neoplasms,2.0
romidepsin,Glioblastoma,1.0
romidepsin,Gliosarcoma,1.0
romidepsin,HIV Infections,2.0
romidepsin,Hematologic Neoplasms,1.0
romidepsin,Hodgkin Disease,1.0
romidepsin,Immunoblastic Lymphadenopathy,3.0
romidepsin,Inflammatory Breast Neoplasms,1.0
romidepsin,Leukemia,1.0
romidepsin,"Leukemia, Lymphocytic, Chronic, B-Cell",2.0
romidepsin,"Leukemia, Promyelocytic, Acute",2.0
romidepsin,Liposarcoma,1.0
romidepsin,Lymphoma,3.0
romidepsin,"Lymphoma, Follicular",2.0
romidepsin,"Lymphoma, Large B-Cell, Diffuse",2.0
romidepsin,"Lymphoma, Large-Cell, Anaplastic",2.0
romidepsin,"Lymphoma, Mantle-Cell",2.0
romidepsin,"Lymphoma, Non-Hodgkin",1.0
romidepsin,"Lymphoma, T-Cell",4.0
romidepsin,"Lymphoma, T-Cell, Cutaneous",4.0
romidepsin,"Lymphoma, T-Cell, Peripheral",4.0
romidepsin,Melanoma,2.0
romidepsin,Multiple Myeloma,2.0
romidepsin,Mycosis Fungoides,1.0
romidepsin,Neoplasms,4.0
romidepsin,Oligodendroglioma,1.0
romidepsin,Ovarian Neoplasms,2.0
romidepsin,Pancreatic Neoplasms,1.0
romidepsin,"Prostatic Neoplasms, Castration-Resistant",2.0
romidepsin,Sezary Syndrome,1.0
romidepsin,Small Cell Lung Carcinoma,2.0
romidepsin,Stomach Neoplasms,2.0
romidepsin,Thyroid Neoplasms,2.0
romidepsin,Triple Negative Breast Neoplasms,1.0
romidepsin,Urethral Neoplasms,2.0
romidepsin,Urinary Bladder Neoplasms,2.0
ropinirole,Cocaine-Related Disorders,2.0
ropinirole,Fibromyalgia,2.0
ropinirole,Hyperprolactinemia,1.0
ropinirole,Parkinson Disease,4.0
ropinirole,Restless Legs Syndrome,3.0
ropinirole,Stroke,2.0
ropinirole,Unverricht-Lundborg Syndrome,2.0
roquinimex,Neoplasms,2.0
roscovitine,Breast Neoplasms,1.0
roscovitine,"Carcinoma, Non-Small-Cell Lung",2.0
roscovitine,Cystic Fibrosis,2.0
roscovitine,Neoplasms,1.0
roscovitine,Pituitary ACTH Hypersecretion,2.0
rosiglitazone,Alzheimer Disease,3.0
rosiglitazone,Anemia,1.0
rosiglitazone,"Arthritis, Rheumatoid",2.0
rosiglitazone,Asthma,2.0
rosiglitazone,Atherosclerosis,3.0
rosiglitazone,Breast Neoplasms,1.0
rosiglitazone,Cardiovascular Diseases,3.0
rosiglitazone,Cognitive Dysfunction,2.0
rosiglitazone,"Colitis, Ulcerative",2.0
rosiglitazone,Coronary Disease,3.0
rosiglitazone,Diabetes Mellitus,4.0
rosiglitazone,"Diabetes Mellitus, Type 2",4.0
rosiglitazone,Diabetic Neuropathies,3.0
rosiglitazone,Endometriosis,2.0
rosiglitazone,Erectile Dysfunction,1.0
rosiglitazone,"Glomerulosclerosis, Focal Segmental",1.0
rosiglitazone,Glucose Intolerance,3.0
rosiglitazone,HIV Infections,2.0
rosiglitazone,Hypercholesterolemia,3.0
rosiglitazone,Hypertension,3.0
rosiglitazone,Inflammatory Bowel Diseases,2.0
rosiglitazone,Insulin Resistance,2.0
rosiglitazone,Lipid Metabolism Disorders,3.0
rosiglitazone,Malaria,1.0
rosiglitazone,"Malaria, Falciparum",1.0
rosiglitazone,Metabolic Diseases,3.0
rosiglitazone,Metabolic Syndrome,3.0
rosiglitazone,Multiple Organ Failure,3.0
rosiglitazone,Mycosis Fungoides,2.0
rosiglitazone,Nausea,1.0
rosiglitazone,Neoplasms,1.0
rosiglitazone,Non-alcoholic Fatty Liver Disease,2.0
rosiglitazone,Prediabetic State,2.0
rosiglitazone,Prostatic Neoplasms,3.0
rosiglitazone,Sezary Syndrome,2.0
rosuvastatin,Acute Coronary Syndrome,3.0
rosuvastatin,Amnesia,2.0
rosuvastatin,Anemia,1.0
rosuvastatin,"Anemia, Sickle Cell",1.0
rosuvastatin,"Angioedemas, Hereditary",1.0
rosuvastatin,Anti-Neutrophil Cytoplasmic Antibody-Associated Vasculitis,3.0
rosuvastatin,Aortic Valve Stenosis,3.0
rosuvastatin,"Arthritis, Rheumatoid",2.0
rosuvastatin,Asthma,1.0
rosuvastatin,Atherosclerosis,3.0
rosuvastatin,Breast Neoplasms,2.0
rosuvastatin,Burns,2.0
rosuvastatin,"Carcinoma, Non-Small-Cell Lung",1.0
rosuvastatin,"Cardiomyopathy, Dilated",3.0
rosuvastatin,Cardiovascular Diseases,4.0
rosuvastatin,Cerebral Hemorrhage,2.0
rosuvastatin,"Colitis, Ulcerative",2.0
rosuvastatin,Colorectal Neoplasms,3.0
rosuvastatin,Coronary Artery Disease,3.0
rosuvastatin,Coronary Disease,3.0
rosuvastatin,Craniocerebral Trauma,1.0
rosuvastatin,Crohn Disease,1.0
rosuvastatin,Depressive Disorder,2.0
rosuvastatin,Diabetes Mellitus,2.0
rosuvastatin,"Diabetes Mellitus, Type 2",1.0
rosuvastatin,Diabetic Neuropathies,2.0
rosuvastatin,Endometrial Neoplasms,2.0
rosuvastatin,Endotoxemia,1.0
rosuvastatin,Friedreich Ataxia,0.5
rosuvastatin,HIV Infections,3.0
rosuvastatin,Heart Failure,3.0
rosuvastatin,Hepatitis C,2.0
rosuvastatin,Hip Fractures,3.0
rosuvastatin,Hypercholesterolemia,3.0
rosuvastatin,Hyperlipidemias,3.0
rosuvastatin,Hyperlipoproteinemia Type II,3.0
rosuvastatin,Hyperlipoproteinemia Type III,3.0
rosuvastatin,Hypertension,3.0
rosuvastatin,Hypertriglyceridemia,1.0
rosuvastatin,Immune System Diseases,1.0
rosuvastatin,Ischemia,2.0
rosuvastatin,Ischemic Stroke,3.0
rosuvastatin,Lipid Metabolism Disorders,3.0
rosuvastatin,"Lupus Erythematosus, Systemic",1.0
rosuvastatin,Malaria,1.0
rosuvastatin,Melanoma,1.0
rosuvastatin,Metabolic Diseases,1.0
rosuvastatin,Metabolic Syndrome,3.0
rosuvastatin,Myocardial Infarction,2.0
rosuvastatin,Necrosis,3.0
rosuvastatin,Neoplasms,1.0
rosuvastatin,Non-alcoholic Fatty Liver Disease,3.0
rosuvastatin,Obesity,3.0
rosuvastatin,Orthomyxoviridae Infections,2.0
rosuvastatin,Ovarian Neoplasms,2.0
rosuvastatin,Parkinson Disease,1.0
rosuvastatin,Periodontitis,2.0
rosuvastatin,Pre-Eclampsia,2.0
rosuvastatin,Prostatic Neoplasms,1.0
rosuvastatin,"Prostatic Neoplasms, Castration-Resistant",1.0
rosuvastatin,"Pulmonary Disease, Chronic Obstructive",2.0
rosuvastatin,Rectal Neoplasms,2.0
rosuvastatin,Renal Artery Obstruction,2.0
rosuvastatin,Renal Insufficiency,3.0
rosuvastatin,Respiratory Syncytial Virus Infections,1.0
rosuvastatin,"Scleroderma, Systemic",3.0
rosuvastatin,Sepsis,2.0
rosuvastatin,Severe Acute Respiratory Syndrome,3.0
rosuvastatin,Skin Diseases,1.0
rosuvastatin,Stroke,3.0
rosuvastatin,"Tuberculosis, Pulmonary",2.0
rosuvastatin,Venous Thromboembolism,2.0
rotigotine,Alzheimer Disease,2.0
rotigotine,Fibromyalgia,2.0
rotigotine,Parkinson Disease,4.0
rotigotine,Restless Legs Syndrome,4.0
rotigotine,Stroke,2.0
rotigotine,Substance-Related Disorders,2.0
rotundine,Cocaine-Related Disorders,2.0
roxithromycin,Bacterial Infections,4.0
rucaparib,Biliary Tract Neoplasms,2.0
rucaparib,Breast Neoplasms,2.0
rucaparib,"Carcinoma, Non-Small-Cell Lung",1.0
rucaparib,"Carcinoma, Pancreatic Ductal",2.0
rucaparib,Endometrial Neoplasms,2.0
rucaparib,Fallopian Tube Neoplasms,3.0
rucaparib,Hereditary Breast and Ovarian Cancer Syndrome,2.0
rucaparib,Leiomyosarcoma,2.0
rucaparib,Mesothelioma,2.0
rucaparib,Neoplasms,4.0
rucaparib,Ovarian Neoplasms,3.0
rucaparib,Pancreatic Neoplasms,2.0
rucaparib,Peritoneal Neoplasms,3.0
rucaparib,"Prostatic Neoplasms, Castration-Resistant",3.0
rucaparib,Retroviridae Infections,2.0
rucaparib,Small Cell Lung Carcinoma,1.0
rucaparib,Stomach Neoplasms,2.0
rucaparib,Uterine Cervical Neoplasms,2.0
rufinamide,Epilepsy,4.0
rufinamide,Lennox Gastaut Syndrome,4.0
rufinamide,Pain,2.0
rufinamide,Seizures,4.0
rupatadine,"Arthritis, Rheumatoid",3.0
rupatadine,Cold Urticaria,2.0
rupatadine,Hypersensitivity,4.0
rupatadine,Mastocytosis,2.0
rupatadine,Urticaria,3.0
rutin,Cardiovascular Diseases,2.0
rutin,"Prostatic Neoplasms, Castration-Resistant",2.0
rutin,Venous Thrombosis,3.0
ruxolitinib,Alopecia Areata,2.0
ruxolitinib,Anemia,2.0
ruxolitinib,"Arthritis, Rheumatoid",2.0
ruxolitinib,Breast Neoplasms,2.0
ruxolitinib,Bronchiolitis Obliterans,2.0
ruxolitinib,Bronchiolitis Obliterans Syndrome,2.0
ruxolitinib,Cachexia,2.0
ruxolitinib,"Carcinoma, Non-Small-Cell Lung",2.0
ruxolitinib,"Carcinoma, Pancreatic Ductal",1.0
ruxolitinib,"Carcinoma, Squamous Cell",2.0
ruxolitinib,Colorectal Neoplasms,2.0
ruxolitinib,Dermatitis,1.0
ruxolitinib,"Dermatitis, Atopic",3.0
ruxolitinib,"Dermatitis, Seborrheic",2.0
ruxolitinib,Eczema,4.0
ruxolitinib,Glioblastoma,1.0
ruxolitinib,Graft vs Host Disease,3.0
ruxolitinib,HIV Infections,2.0
ruxolitinib,Hematologic Neoplasms,2.0
ruxolitinib,Hidradenitis Suppurativa,2.0
ruxolitinib,Histiocytosis,2.0
ruxolitinib,Hodgkin Disease,2.0
ruxolitinib,Hypereosinophilic Syndrome,2.0
ruxolitinib,Inflammatory Breast Neoplasms,2.0
ruxolitinib,Leukemia,2.0
ruxolitinib,"Leukemia, Biphenotypic, Acute",1.0
ruxolitinib,"Leukemia, Large Granular Lymphocytic",2.0
ruxolitinib,"Leukemia, Lymphocytic, Chronic, B-Cell",2.0
ruxolitinib,"Leukemia, Myelogenous, Chronic, BCR-ABL Positive",2.0
ruxolitinib,"Leukemia, Myeloid, Acute",2.0
ruxolitinib,Lichen Planus,2.0
ruxolitinib,Lichen Sclerosus et Atrophicus,2.0
ruxolitinib,Lung Neoplasms,1.0
ruxolitinib,"Lupus Erythematosus, Discoid",2.0
ruxolitinib,"Lymphohistiocytosis, Hemophagocytic",3.0
ruxolitinib,Lymphoma,2.0
ruxolitinib,"Lymphoma, Non-Hodgkin",1.0
ruxolitinib,Macrophage Activation Syndrome,3.0
ruxolitinib,Malignant Atrophic Papulosis,1.0
ruxolitinib,Multiple Myeloma,2.0
ruxolitinib,Myeloproliferative Disorders,3.0
ruxolitinib,Necrobiosis Lipoidica,2.0
ruxolitinib,Neoplasms,4.0
ruxolitinib,Neuromyelitis Optica,1.0
ruxolitinib,Pancreatic Neoplasms,3.0
ruxolitinib,Paraganglioma,1.0
ruxolitinib,Pneumonia,1.0
ruxolitinib,Polycythemia Vera,3.0
ruxolitinib,Precursor Cell Lymphoblastic Leukemia-Lymphoma,2.0
ruxolitinib,Primary Immunodeficiency Diseases,2.0
ruxolitinib,Primary Myelofibrosis,3.0
ruxolitinib,"Prostatic Neoplasms, Castration-Resistant",2.0
ruxolitinib,Prurigo,3.0
ruxolitinib,Psoriasis,2.0
ruxolitinib,Severe Acute Respiratory Syndrome,3.0
ruxolitinib,"Thrombocythemia, Essential",3.0
ruxolitinib,Uveal Melanoma,1.0
ruxolitinib,Vitiligo,3.0
ruxolitinib,beta-Thalassemia,2.0
sacubitril,Aortic Valve Insufficiency,2.0
sacubitril,"Cardiomyopathy, Hypertrophic",2.0
sacubitril,Chagas Cardiomyopathy,3.0
sacubitril,Essential Hypertension,2.0
sacubitril,Heart Failure,4.0
sacubitril,Hypertension,3.0
sacubitril,"Hypertension, Pulmonary",3.0
sacubitril,Myocardial Infarction,3.0
sacubitril,Peripheral Arterial Disease,2.0
sacubitril,ST Elevation Myocardial Infarction,3.0
sacubitril,Severe Acute Respiratory Syndrome,1.0
safinamide,Kidney Diseases,1.0
safinamide,Liver Diseases,1.0
safinamide,Multiple System Atrophy,2.0
safinamide,Parkinson Disease,4.0
safingol,Neoplasms,1.0
saquinavir,AIDS-Associated Nephropathy,3.0
saquinavir,Acquired Immunodeficiency Syndrome,3.0
saquinavir,HIV Infections,4.0
saquinavir,"Hypertension, Pulmonary",0.5
saquinavir,Virus Diseases,4.0
saracatinib,Alcohol Drinking,2.0
saracatinib,Alcoholism,1.0
saracatinib,Alzheimer Disease,2.0
saracatinib,Breast Neoplasms,2.0
saracatinib,"Breast Neoplasms, Male",2.0
saracatinib,"Carcinoma, Non-Small-Cell Lung",2.0
saracatinib,Colonic Neoplasms,2.0
saracatinib,Colorectal Neoplasms,2.0
saracatinib,Fallopian Tube Neoplasms,2.0
saracatinib,Lymphangioleiomyomatosis,2.0
saracatinib,Melanoma,2.0
saracatinib,Myositis Ossificans,2.0
saracatinib,Neoplasms,2.0
saracatinib,Osteosarcoma,2.0
saracatinib,Ovarian Neoplasms,2.0
saracatinib,Pancreatic Neoplasms,1.0
saracatinib,"Prostatic Neoplasms, Castration-Resistant",2.0
saracatinib,Rectal Neoplasms,2.0
saracatinib,Thymoma,2.0
saracatinib,Thymus Neoplasms,2.0
sarcosine,Depressive Disorder,2.0
sarcosine,"Depressive Disorder, Major",2.0
sarcosine,Mental Disorders,2.0
sarcosine,Schizophrenia,2.0
sarilumab,"Arthritis, Juvenile",2.0
sarilumab,"Arthritis, Rheumatoid",4.0
sarilumab,Fallopian Tube Neoplasms,1.0
sarilumab,Giant Cell Arteritis,3.0
sarilumab,Immune System Diseases,4.0
sarilumab,"Influenza, Human",3.0
sarilumab,Lung Neoplasms,1.0
sarilumab,"Mastocytosis, Systemic",2.0
sarilumab,Melanoma,2.0
sarilumab,Pneumonia,3.0
sarilumab,Polymyalgia Rheumatica,3.0
sarilumab,"Prostatic Neoplasms, Castration-Resistant",1.0
sarilumab,Sarcoidosis,2.0
sarilumab,"Scleroderma, Localized",1.0
sarilumab,Severe Acute Respiratory Syndrome,3.0
sarilumab,"Spondylitis, Ankylosing",2.0
sarilumab,Uveitis,2.0
sasapyrine,Alzheimer Disease,1.0
sasapyrine,Anemia,2.0
sasapyrine,Atherosclerosis,2.0
sasapyrine,Diabetes Mellitus,1.0
sasapyrine,"Diabetes Mellitus, Type 2",2.0
sasapyrine,Diabetic Neuropathies,1.0
sasapyrine,Endometriosis,0.5
sasapyrine,Fever,4.0
sasapyrine,Insulin Resistance,1.0
sasapyrine,Metabolic Syndrome,2.0
sasapyrine,Obesity,2.0
sasapyrine,Pain,4.0
sasapyrine,Polycystic Ovary Syndrome,2.0
sasapyrine,Pre-Eclampsia,0.5
sasapyrine,"Supranuclear Palsy, Progressive",1.0
saxagliptin,Diabetes Mellitus,3.0
saxagliptin,"Diabetes Mellitus, Type 1",2.0
saxagliptin,"Diabetes Mellitus, Type 2",3.0
saxagliptin,Glucose Intolerance,2.0
saxagliptin,Motor Activity,0.5
saxagliptin,Myocardial Infarction,3.0
saxagliptin,Polycystic Ovary Syndrome,3.0
sch 900776,Hodgkin Disease,1.0
sch 900776,"Leukemia, Myelogenous, Chronic, BCR-ABL Positive",1.0
sch 900776,"Leukemia, Myeloid, Acute",1.0
sch 900776,"Lymphoma, Non-Hodgkin",1.0
sch 900776,Precursor Cell Lymphoblastic Leukemia-Lymphoma,1.0
scopolamine,Alzheimer Disease,1.0
scopolamine,Amyotrophic Lateral Sclerosis,2.0
scopolamine,Bipolar Disorder,2.0
scopolamine,Dementia,1.0
scopolamine,Depressive Disorder,2.0
scopolamine,"Depressive Disorder, Major",2.0
scopolamine,Motion Sickness,4.0
scopolamine,Nausea,4.0
scopolamine,Pain,2.0
scopolamine,"Phobia, Social",1.0
scopolamine,Postoperative Nausea and Vomiting,4.0
scopolamine,Renal Colic,1.0
secnidazole,Amebiasis,4.0
secnidazole,Trichomonas Infections,4.0
secnidazole,Vaginal Discharge,3.0
secnidazole,"Vaginosis, Bacterial",4.0
selegiline,Amphetamine-Related Disorders,1.0
selegiline,Borderline Personality Disorder,3.0
selegiline,Cocaine-Related Disorders,3.0
selegiline,Depressive Disorder,3.0
selegiline,"Depressive Disorder, Major",4.0
selegiline,Parkinson Disease,4.0
selegiline,Prostatic Neoplasms,2.0
selegiline,Schizophrenia,0.5
selegiline,Tobacco Use Disorder,2.0
selinexor,Amyloidosis,0.5
selinexor,"Amyloidosis, Familial",0.5
selinexor,Breast Neoplasms,2.0
selinexor,"Carcinoma, Hepatocellular",1.0
selinexor,"Carcinoma, Non-Small-Cell Lung",1.0
selinexor,"Carcinoma, Squamous Cell",2.0
selinexor,Colorectal Neoplasms,1.0
selinexor,Diabetic Foot,1.0
selinexor,Endometrial Neoplasms,3.0
selinexor,Fallopian Tube Neoplasms,1.0
selinexor,Glioblastoma,2.0
selinexor,Gliosarcoma,1.0
selinexor,Hematologic Neoplasms,1.0
selinexor,Leukemia,1.0
selinexor,"Leukemia, Biphenotypic, Acute",1.0
selinexor,"Leukemia, Myelogenous, Chronic, BCR-ABL Positive",1.0
selinexor,"Leukemia, Myeloid, Acute",3.0
selinexor,Liposarcoma,2.0
selinexor,Lymphoma,2.0
selinexor,"Lymphoma, Follicular",2.0
selinexor,"Lymphoma, Large B-Cell, Diffuse",4.0
selinexor,"Lymphoma, T-Cell, Peripheral",2.0
selinexor,Melanoma,2.0
selinexor,Multiple Myeloma,4.0
selinexor,Myelodysplastic Syndromes,2.0
selinexor,Neoplasms,4.0
selinexor,Ovarian Neoplasms,2.0
selinexor,Paraganglioma,2.0
selinexor,Precursor Cell Lymphoblastic Leukemia-Lymphoma,1.0
selinexor,Primary Myelofibrosis,3.0
selinexor,"Prostatic Neoplasms, Castration-Resistant",2.0
selinexor,Rectal Neoplasms,1.0
selinexor,Sarcoma,1.0
selinexor,Severe Acute Respiratory Syndrome,2.0
selinexor,Small Cell Lung Carcinoma,2.0
selinexor,Thymoma,2.0
selinexor,Thymus Neoplasms,2.0
selinexor,Triple Negative Breast Neoplasms,1.0
selinexor,Urinary Bladder Neoplasms,1.0
selumetinib,Adenocarcinoma,2.0
selumetinib,"Adenocarcinoma, Follicular",2.0
selumetinib,Astrocytoma,1.0
selumetinib,Bile Duct Neoplasms,2.0
selumetinib,Biliary Tract Neoplasms,2.0
selumetinib,Breast Neoplasms,2.0
selumetinib,"Carcinoma, Non-Small-Cell Lung",3.0
selumetinib,"Carcinoma, Squamous Cell",2.0
selumetinib,Cholangiocarcinoma,2.0
selumetinib,Colonic Neoplasms,1.0
selumetinib,Colorectal Neoplasms,2.0
selumetinib,Gallbladder Neoplasms,2.0
selumetinib,Glioma,1.0
selumetinib,Heart Failure,1.0
selumetinib,"Leukemia, Myelogenous, Chronic, BCR-ABL Positive",1.0
selumetinib,Liver Neoplasms,2.0
selumetinib,Lung Neoplasms,2.0
selumetinib,"Lymphoma, Large B-Cell, Diffuse",2.0
selumetinib,Melanoma,2.0
selumetinib,Multiple Myeloma,2.0
selumetinib,Neoplasms,4.0
selumetinib,Neurilemmoma,2.0
selumetinib,"Neurofibroma, Plexiform",2.0
selumetinib,Neurofibromatosis 1,2.0
selumetinib,Optic Nerve Glioma,1.0
selumetinib,Pancreatic Neoplasms,2.0
selumetinib,Precursor Cell Lymphoblastic Leukemia-Lymphoma,1.0
selumetinib,Rectal Neoplasms,1.0
selumetinib,Sarcoma,2.0
selumetinib,"Sarcoma, Kaposi",1.0
selumetinib,Stomach Neoplasms,2.0
selumetinib,Thyroid Neoplasms,3.0
selumetinib,Triple Negative Breast Neoplasms,2.0
selumetinib,Urinary Bladder Neoplasms,1.0
selumetinib,Uterine Neoplasms,2.0
selumetinib,Uveal Melanoma,3.0
semagacestat,Alzheimer Disease,3.0
semaxanib,Breast Neoplasms,1.0
semaxanib,"Carcinoma, Renal Cell",2.0
semaxanib,Central Nervous System Neoplasms,1.0
semaxanib,Colonic Neoplasms,1.0
semaxanib,Colorectal Neoplasms,3.0
semaxanib,Head and Neck Neoplasms,1.0
semaxanib,Kidney Neoplasms,2.0
semaxanib,Melanoma,2.0
semaxanib,Mesothelioma,2.0
semaxanib,Multiple Myeloma,2.0
semaxanib,Neoplasms,1.0
semaxanib,"Neoplasms, Plasma Cell",2.0
semaxanib,"Prostatic Neoplasms, Castration-Resistant",2.0
semaxanib,Rectal Neoplasms,1.0
semaxanib,Sarcoma,2.0
semaxanib,Uterine Cervical Neoplasms,2.0
senicapoc,"Anemia, Sickle Cell",3.0
senicapoc,Asthma,2.0
senicapoc,Severe Acute Respiratory Syndrome,2.0
seocalcitol,"Carcinoma, Hepatocellular",3.0
serdemetan,Neoplasms,1.0
sertaconazole,"Dermatitis, Atopic",2.0
sertindole,Anxiety,3.0
sertindole,Cognitive Dysfunction,3.0
sertindole,Dementia,3.0
sertindole,Depressive Disorder,3.0
sertindole,Psychotic Disorders,4.0
sertindole,Schizophrenia,3.0
sertraline,Alcoholism,2.0
sertraline,Anxiety,3.0
sertraline,Anxiety Disorders,3.0
sertraline,Autistic Disorder,3.0
sertraline,Bipolar Disorder,3.0
sertraline,Brain Injuries,2.0
sertraline,"Child Development Disorders, Pervasive",2.0
sertraline,Cocaine-Related Disorders,2.0
sertraline,Coccidioidomycosis,2.0
sertraline,Dementia,3.0
sertraline,"Depression, Postpartum",2.0
sertraline,Depressive Disorder,4.0
sertraline,"Depressive Disorder, Major",4.0
sertraline,Fragile X Syndrome,2.0
sertraline,Glioblastoma,1.0
sertraline,Hepatitis C,1.0
sertraline,"Leukemia, Myeloid, Acute",1.0
sertraline,"Meningitis, Cryptococcal",3.0
sertraline,Mood Disorders,2.0
sertraline,Myelodysplastic Syndromes,1.0
sertraline,Obesity,1.0
sertraline,Obsessive-Compulsive Disorder,3.0
sertraline,Panic Disorder,2.0
sertraline,"Phobia, Social",3.0
sertraline,Pruritus,2.0
sertraline,Schizophrenia,3.0
sertraline,Sleep Initiation and Maintenance Disorders,3.0
sertraline,"Stress Disorders, Post-Traumatic",3.0
sertraline,Substance-Related Disorders,2.0
sildenafil,Acute Kidney Injury,1.0
sildenafil,"Anemia, Sickle Cell",1.0
sildenafil,Arterial Occlusive Diseases,3.0
sildenafil,Brain Diseases,2.0
sildenafil,Brain Injuries,2.0
sildenafil,Bronchopulmonary Dysplasia,2.0
sildenafil,"Carcinoma, Non-Small-Cell Lung",2.0
sildenafil,Cerebral Small Vessel Diseases,2.0
sildenafil,Coronary Disease,1.0
sildenafil,Coronary Vasospasm,3.0
sildenafil,Cystic Fibrosis,2.0
sildenafil,Diabetes Mellitus,3.0
sildenafil,Eisenmenger Complex,3.0
sildenafil,Erectile Dysfunction,4.0
sildenafil,Fetal Growth Retardation,2.0
sildenafil,"Foramen Ovale, Patent",0.5
sildenafil,Glaucoma,3.0
sildenafil,Heart Diseases,1.0
sildenafil,Heart Failure,3.0
sildenafil,Hepatitis C,1.0
sildenafil,Hypertension,3.0
sildenafil,"Hypertension, Pulmonary",3.0
sildenafil,Hypoplastic Left Heart Syndrome,2.0
sildenafil,"Hypoxia-Ischemia, Brain",1.0
sildenafil,Idiopathic Pulmonary Fibrosis,3.0
sildenafil,Infertility,2.0
sildenafil,"Infertility, Female",1.0
sildenafil,Ischemic Stroke,1.0
sildenafil,Liver Cirrhosis,1.0
sildenafil,Lung Diseases,3.0
sildenafil,Lymphangioma,1.0
sildenafil,Migraine with Aura,0.5
sildenafil,"Muscular Dystrophy, Duchenne",2.0
sildenafil,Mycobacterium Infections,1.0
sildenafil,Myelodysplastic Syndromes,1.0
sildenafil,Parkinson Disease,2.0
sildenafil,Peripheral Arterial Disease,3.0
sildenafil,Persistent Fetal Circulation Syndrome,3.0
sildenafil,Pre-Eclampsia,2.0
sildenafil,Pregnancy,2.0
sildenafil,Premature Birth,2.0
sildenafil,Premature Ejaculation,2.0
sildenafil,Priapism,2.0
sildenafil,Prostatic Hyperplasia,2.0
sildenafil,Pulmonary Edema,0.5
sildenafil,Pulmonary Embolism,1.0
sildenafil,Raynaud Disease,2.0
sildenafil,Rectal Neoplasms,3.0
sildenafil,"Scleroderma, Localized",2.0
sildenafil,"Scleroderma, Systemic",3.0
sildenafil,Severe Acute Respiratory Syndrome,1.0
sildenafil,"Sexual Dysfunction, Physiological",2.0
sildenafil,Skin Diseases,0.5
sildenafil,Skin Ulcer,2.0
sildenafil,Urinary Incontinence,1.0
sildenafil,beta-Thalassemia,3.0
simeprevir,Hepatitis C,3.0
simeprevir,"Hepatitis C, Chronic",3.0
simeprevir,"Renal Insufficiency, Chronic",2.0
simeprevir,Virus Diseases,3.0
simvastatin,Acute Coronary Syndrome,3.0
simvastatin,Alopecia Areata,1.0
simvastatin,Alzheimer Disease,3.0
simvastatin,"Anemia, Sickle Cell",2.0
simvastatin,Aortic Valve Stenosis,3.0
simvastatin,"Arthritis, Rheumatoid",1.0
simvastatin,Asthma,3.0
simvastatin,Atherosclerosis,3.0
simvastatin,Atrial Fibrillation,2.0
simvastatin,Bipolar Disorder,2.0
simvastatin,Breast Neoplasms,2.0
simvastatin,"Carcinoma, Hepatocellular",2.0
simvastatin,"Carcinoma, Non-Small-Cell Lung",2.0
simvastatin,"Cardiomyopathy, Dilated",2.0
simvastatin,Cardiovascular Diseases,4.0
simvastatin,Carotid Artery Diseases,2.0
simvastatin,Cerebral Hemorrhage,2.0
simvastatin,"Cholangitis, Sclerosing",3.0
simvastatin,Choroideremia,1.0
simvastatin,Chronic Pain,1.0
simvastatin,Colorectal Neoplasms,3.0
simvastatin,Coronary Artery Disease,4.0
simvastatin,Coronary Disease,4.0
simvastatin,Cystic Fibrosis,1.0
simvastatin,Dental Caries,1.0
simvastatin,Dental Pulp Exposure,0.5
simvastatin,"Depressive Disorder, Treatment-Resistant",3.0
simvastatin,Diabetes Mellitus,3.0
simvastatin,"Diabetes Mellitus, Type 1",2.0
simvastatin,"Diabetes Mellitus, Type 2",3.0
simvastatin,Diabetic Nephropathies,3.0
simvastatin,Diabetic Retinopathy,3.0
simvastatin,Dyslipidemias,4.0
simvastatin,Endotoxemia,1.0
simvastatin,Epilepsy,1.0
simvastatin,Essential Hypertension,3.0
simvastatin,Graves Ophthalmopathy,3.0
simvastatin,HIV Infections,1.0
simvastatin,Heart Failure,0.5
simvastatin,Hemangioma,0.5
simvastatin,"Hemangioma, Cavernous, Central Nervous System",0.5
simvastatin,"Hepatitis B, Chronic",1.0
simvastatin,Hypercholesterolemia,4.0
simvastatin,"Hyperlipidemia, Familial Combined",3.0
simvastatin,Hyperlipidemias,4.0
simvastatin,Hyperlipoproteinemia Type II,4.0
simvastatin,Hypertension,3.0
simvastatin,"Hypertension, Portal",3.0
simvastatin,"Hypertension, Pulmonary",2.0
simvastatin,Hypertriglyceridemia,3.0
simvastatin,Inflammation,3.0
simvastatin,"Influenza, Human",3.0
simvastatin,Intermittent Claudication,2.0
simvastatin,Intestinal Neoplasms,3.0
simvastatin,Ischemic Stroke,3.0
simvastatin,Leiomyoma,2.0
simvastatin,"Leukemia, Lymphocytic, Chronic, B-Cell",1.0
simvastatin,Lipid Metabolism Disorders,3.0
simvastatin,Liver Cirrhosis,3.0
simvastatin,Lung Neoplasms,2.0
simvastatin,"Lupus Erythematosus, Systemic",1.0
simvastatin,Lymphoma,0.5
simvastatin,Migraine Disorders,2.0
simvastatin,Mucositis,2.0
simvastatin,Multiple Myeloma,2.0
simvastatin,Multiple Sclerosis,3.0
simvastatin,"Multiple Sclerosis, Chronic Progressive",3.0
simvastatin,"Multiple Sclerosis, Relapsing-Remitting",3.0
simvastatin,Myocardial Infarction,4.0
simvastatin,Myocardial Ischemia,3.0
simvastatin,Neoplasms,0.5
simvastatin,Noonan Syndrome,3.0
simvastatin,Obesity,1.0
simvastatin,Optic Neuritis,3.0
simvastatin,Ovarian Neoplasms,0.5
simvastatin,Pancreatic Neoplasms,2.0
simvastatin,Pancreatitis,2.0
simvastatin,"Pancreatitis, Chronic",0.5
simvastatin,Parkinson Disease,2.0
simvastatin,Periodontitis,2.0
simvastatin,Peripheral Arterial Disease,2.0
simvastatin,Pneumonia,3.0
simvastatin,Polycystic Ovary Syndrome,3.0
simvastatin,Prediabetic State,2.0
simvastatin,Prostatic Neoplasms,2.0
simvastatin,"Prostatic Neoplasms, Castration-Resistant",2.0
simvastatin,"Pulmonary Disease, Chronic Obstructive",3.0
simvastatin,Rectal Neoplasms,2.0
simvastatin,"Renal Insufficiency, Chronic",3.0
simvastatin,Sepsis,2.0
simvastatin,Severe Acute Respiratory Syndrome,3.0
simvastatin,"Shock, Septic",2.0
simvastatin,Sinusitis,2.0
simvastatin,Sleep Wake Disorders,1.0
simvastatin,Small Cell Lung Carcinoma,2.0
simvastatin,Smith-Lemli-Opitz Syndrome,2.0
simvastatin,Smoking Cessation,2.0
simvastatin,Stomach Neoplasms,3.0
simvastatin,Stroke,4.0
simvastatin,Subarachnoid Hemorrhage,3.0
simvastatin,Urinary Bladder Neoplasms,2.0
simvastatin,Uveitis,2.0
simvastatin,Vascular Diseases,1.0
simvastatin,Vitiligo,2.0
simvastatin,Waldenstrom Macroglobulinemia,2.0
sirolimus,Acute Lung Injury,1.0
sirolimus,Adenocarcinoma of Lung,1.0
sirolimus,Adenomatous Polyposis Coli,2.0
sirolimus,Aging,2.0
sirolimus,Alcoholism,1.0
sirolimus,Alzheimer Disease,1.0
sirolimus,Amyotrophic Lateral Sclerosis,2.0
sirolimus,Anemia,2.0
sirolimus,"Anemia, Aplastic",2.0
sirolimus,"Anemia, Hemolytic, Autoimmune",2.0
sirolimus,"Anemia, Sickle Cell",2.0
sirolimus,Angiofibroma,4.0
sirolimus,Birt-Hogg-Dube Syndrome,3.0
sirolimus,Blood Platelet Disorders,2.0
sirolimus,Breast Neoplasms,3.0
sirolimus,Bronchiolitis Obliterans Syndrome,2.0
sirolimus,Bronchitis,2.0
sirolimus,"Carcinoma, Hepatocellular",3.0
sirolimus,"Carcinoma, Non-Small-Cell Lung",1.0
sirolimus,"Carcinoma, Renal Cell",2.0
sirolimus,"Carcinoma, Squamous Cell",1.0
sirolimus,Cardiovascular Abnormalities,3.0
sirolimus,Castleman Disease,2.0
sirolimus,Central Nervous System Neoplasms,1.0
sirolimus,Choroidal Neovascularization,2.0
sirolimus,Delayed Graft Function,4.0
sirolimus,Depressive Disorder,2.0
sirolimus,Desmoid Tumors,1.0
sirolimus,"Diabetes Mellitus, Type 1",3.0
sirolimus,Diabetic Nephropathies,3.0
sirolimus,Diabetic Retinopathy,1.0
sirolimus,Dry Eye Syndromes,2.0
sirolimus,Eosinophilic Esophagitis,1.0
sirolimus,Eye Diseases,4.0
sirolimus,Fallopian Tube Neoplasms,1.0
sirolimus,Fanconi Anemia,2.0
sirolimus,Fibroma,3.0
sirolimus,Frontotemporal Dementia,1.0
sirolimus,Gangliosidoses,1.0
sirolimus,Gaucher Disease,1.0
sirolimus,Geographic Atrophy,2.0
sirolimus,Glioblastoma,2.0
sirolimus,Glioma,1.0
sirolimus,Gliosarcoma,2.0
sirolimus,"Glomerulonephritis, IGA",2.0
sirolimus,"Glomerulosclerosis, Focal Segmental",2.0
sirolimus,Glycogen Storage Disease Type II,1.0
sirolimus,Graft vs Host Disease,3.0
sirolimus,"Granulomatous Disease, Chronic",1.0
sirolimus,Graves Ophthalmopathy,2.0
sirolimus,HIV Infections,1.0
sirolimus,Heart Failure,1.0
sirolimus,Hemangioendothelioma,2.0
sirolimus,Hematologic Diseases,2.0
sirolimus,Hematologic Neoplasms,1.0
sirolimus,Hemorrhage,2.0
sirolimus,Hodgkin Disease,3.0
sirolimus,Hypercholesterolemia,1.0
sirolimus,Hyperinsulinism,1.0
sirolimus,Hypertension,2.0
sirolimus,"Hypertension, Pulmonary",1.0
sirolimus,Immunologic Deficiency Syndromes,2.0
sirolimus,"Influenza, Human",3.0
sirolimus,Intracranial Aneurysm,2.0
sirolimus,Intracranial Arteriovenous Malformations,2.0
sirolimus,Kidney Diseases,1.0
sirolimus,"Kidney Failure, Chronic",3.0
sirolimus,Kidney Transplantation,4.0
sirolimus,Leiomyosarcoma,1.0
sirolimus,Leukemia,2.0
sirolimus,"Leukemia, Lymphocytic, Chronic, B-Cell",2.0
sirolimus,"Leukemia, Lymphoid",0.5
sirolimus,"Leukemia, Myelogenous, Chronic, BCR-ABL Positive",1.0
sirolimus,"Leukemia, Myeloid, Acute",2.0
sirolimus,"Leukemia, Plasma Cell",1.0
sirolimus,"Lichen Planus, Oral",3.0
sirolimus,Liver Diseases,2.0
sirolimus,Liver Neoplasms,2.0
sirolimus,Lung Neoplasms,1.0
sirolimus,"Lupus Erythematosus, Systemic",2.0
sirolimus,Lupus Nephritis,2.0
sirolimus,Lymphangioleiomyomatosis,3.0
sirolimus,Lymphedema,3.0
sirolimus,Lymphoma,2.0
sirolimus,"Lymphoma, Large B-Cell, Diffuse",2.0
sirolimus,"Lymphoma, Mantle-Cell",2.0
sirolimus,"Lymphoma, Non-Hodgkin",3.0
sirolimus,"Lymphoma, T-Cell, Cutaneous",2.0
sirolimus,Macular Degeneration,2.0
sirolimus,Multiple Myeloma,2.0
sirolimus,"Multiple Sclerosis, Relapsing-Remitting",1.0
sirolimus,Multiple System Atrophy,2.0
sirolimus,Myelodysplastic Syndromes,2.0
sirolimus,"Myositis, Inclusion Body",3.0
sirolimus,Neoplasm Metastasis,2.0
sirolimus,Neoplasms,4.0
sirolimus,"Neoplasms, Germ Cell and Embryonal",2.0
sirolimus,"Neoplasms, Plasma Cell",1.0
sirolimus,Neurilemmoma,1.0
sirolimus,Neuroblastoma,2.0
sirolimus,Neurofibromatoses,3.0
sirolimus,Neurofibromatosis 1,2.0
sirolimus,Osteosarcoma,2.0
sirolimus,Ovarian Neoplasms,2.0
sirolimus,Pachyonychia Congenita,3.0
sirolimus,Pancreatic Neoplasms,2.0
sirolimus,Panuveitis,1.0
sirolimus,Paraganglioma,2.0
sirolimus,Parkinson Disease,1.0
sirolimus,Pemphigus,0.5
sirolimus,Perivascular Epithelioid Cell Neoplasms,2.0
sirolimus,Pinealoma,2.0
sirolimus,Polycystic Kidney Diseases,2.0
sirolimus,"Polycystic Kidney, Autosomal Dominant",3.0
sirolimus,Port-Wine Stain,1.0
sirolimus,Precursor Cell Lymphoblastic Leukemia-Lymphoma,2.0
sirolimus,Primary Immunodeficiency Diseases,1.0
sirolimus,Prostatic Neoplasms,1.0
sirolimus,"Prostatic Neoplasms, Castration-Resistant",2.0
sirolimus,Rectal Neoplasms,1.0
sirolimus,Renal Insufficiency,2.0
sirolimus,"Renal Insufficiency, Chronic",3.0
sirolimus,Respiratory Distress Syndrome,1.0
sirolimus,Respiratory Insufficiency,1.0
sirolimus,Retroperitoneal Fibrosis,2.0
sirolimus,Sarcoidosis,2.0
sirolimus,Sarcoma,2.0
sirolimus,Sarcopenia,1.0
sirolimus,Scleritis,1.0
sirolimus,"Scleroderma, Systemic",2.0
sirolimus,Severe Acute Respiratory Syndrome,2.0
sirolimus,Severe Combined Immunodeficiency,2.0
sirolimus,Sjogren's Syndrome,1.0
sirolimus,Skin Neoplasms,3.0
sirolimus,Small Cell Lung Carcinoma,1.0
sirolimus,Sturge-Weber Syndrome,2.0
sirolimus,Thalassemia,1.0
sirolimus,Thyroid Neoplasms,2.0
sirolimus,Tuberous Sclerosis,4.0
sirolimus,Urinary Bladder Neoplasms,3.0
sirolimus,"Uveitis, Anterior",1.0
sirolimus,"Uveitis, Intermediate",2.0
sirolimus,"Uveitis, Posterior",2.0
sirolimus,Vascular Malformations,2.0
sirolimus,Vitiligo,2.0
sirolimus,beta-Thalassemia,2.0
sitagliptin,"Carcinoma, Hepatocellular",1.0
sitagliptin,"Carcinoma, Pancreatic Ductal",2.0
sitagliptin,Cystic Fibrosis,2.0
sitagliptin,Diabetes Mellitus,4.0
sitagliptin,"Diabetes Mellitus, Type 1",2.0
sitagliptin,"Diabetes Mellitus, Type 2",3.0
sitagliptin,Diabetic Foot,3.0
sitagliptin,Glucose Intolerance,2.0
sitagliptin,Graft vs Host Disease,3.0
sitagliptin,HIV Infections,2.0
sitagliptin,Heart Failure,0.5
sitagliptin,Hepatitis C,1.0
sitagliptin,Hyperlipidemias,2.0
sitagliptin,Myocardial Infarction,3.0
sitagliptin,Non-alcoholic Fatty Liver Disease,2.0
sitagliptin,Obesity,2.0
sitagliptin,Polycystic Ovary Syndrome,2.0
sitagliptin,Prediabetic State,2.0
sitagliptin,Psoriasis,2.0
sitagliptin,"Renal Insufficiency, Chronic",3.0
sitagliptin,Severe Acute Respiratory Syndrome,3.0
sobetirome,Adrenoleukodystrophy,1.0
solifenacin-succinate,Prostatic Hyperplasia,3.0
solifenacin-succinate,"Urinary Bladder, Overactive",4.0
solifenacin-succinate,"Urinary Incontinence, Urge",4.0
sorafenib,Adenocarcinoma,2.0
sorafenib,"Adenocarcinoma, Follicular",2.0
sorafenib,Adrenal Cortex Neoplasms,2.0
sorafenib,Astrocytoma,1.0
sorafenib,Bile Duct Neoplasms,2.0
sorafenib,Biliary Tract Neoplasms,1.0
sorafenib,Brain Neoplasms,1.0
sorafenib,Breast Neoplasms,3.0
sorafenib,Carcinoma,3.0
sorafenib,"Carcinoma, Hepatocellular",3.0
sorafenib,"Carcinoma, Medullary",2.0
sorafenib,"Carcinoma, Non-Small-Cell Lung",3.0
sorafenib,"Carcinoma, Renal Cell",3.0
sorafenib,"Carcinoma, Small Cell",1.0
sorafenib,"Carcinoma, Squamous Cell",1.0
sorafenib,Cholangiocarcinoma,1.0
sorafenib,Colorectal Neoplasms,2.0
sorafenib,"Diabetes Mellitus, Type 1",2.0
sorafenib,Gallbladder Neoplasms,2.0
sorafenib,Gastrointestinal Stromal Tumors,2.0
sorafenib,Glioblastoma,2.0
sorafenib,Gliosarcoma,2.0
sorafenib,Head and Neck Neoplasms,2.0
sorafenib,Hepatoblastoma,3.0
sorafenib,Hermanski-Pudlak Syndrome,2.0
sorafenib,"Hypertension, Portal",2.0
sorafenib,"Hypertension, Pulmonary",1.0
sorafenib,Keloid,2.0
sorafenib,Kidney Diseases,2.0
sorafenib,Kidney Neoplasms,3.0
sorafenib,Leukemia,2.0
sorafenib,"Leukemia, Biphenotypic, Acute",2.0
sorafenib,"Leukemia, Lymphocytic, Chronic, B-Cell",2.0
sorafenib,"Leukemia, Myelogenous, Chronic, BCR-ABL Positive",2.0
sorafenib,"Leukemia, Myeloid",1.0
sorafenib,"Leukemia, Myeloid, Acute",2.0
sorafenib,"Leukemia, Promyelocytic, Acute",1.0
sorafenib,Liver Diseases,1.0
sorafenib,Liver Neoplasms,3.0
sorafenib,Lung Neoplasms,2.0
sorafenib,Lymphoma,1.0
sorafenib,Melanoma,3.0
sorafenib,Mesothelioma,2.0
sorafenib,Multiple Myeloma,1.0
sorafenib,Myelodysplastic Syndromes,2.0
sorafenib,Nasopharyngeal Neoplasms,2.0
sorafenib,Neoplasms,3.0
sorafenib,"Neoplasms, Plasma Cell",1.0
sorafenib,Neuroblastoma,2.0
sorafenib,Neuroendocrine Tumors,2.0
sorafenib,Oligodendroglioma,1.0
sorafenib,Osteosarcoma,2.0
sorafenib,Ovarian Neoplasms,2.0
sorafenib,Pancreatic Neoplasms,2.0
sorafenib,Precursor Cell Lymphoblastic Leukemia-Lymphoma,1.0
sorafenib,Prostatic Neoplasms,2.0
sorafenib,"Prostatic Neoplasms, Castration-Resistant",2.0
sorafenib,Rectal Neoplasms,1.0
sorafenib,Rhabdomyosarcoma,2.0
sorafenib,Salivary Gland Neoplasms,2.0
sorafenib,Sarcoma,2.0
sorafenib,"Sarcoma, Kaposi",1.0
sorafenib,Small Cell Lung Carcinoma,2.0
sorafenib,Stomach Neoplasms,2.0
sorafenib,Testicular Neoplasms,2.0
sorafenib,Thrombosis,1.0
sorafenib,Thyroid Neoplasms,3.0
sorafenib,Urinary Bladder Neoplasms,2.0
sorafenib,Uterine Cervical Neoplasms,1.0
sorafenib,Uveal Melanoma,2.0
sorbinil,Diabetic Retinopathy,3.0
sotalol,"Arrhythmias, Cardiac",3.0
sotalol,Atrial Fibrillation,3.0
sotalol,Cardiovascular Diseases,4.0
sotalol,"Death, Sudden, Cardiac",3.0
sotalol,Heart Diseases,3.0
sotalol,Heart Failure,3.0
sotalol,Myocardial Infarction,3.0
sotalol,"Tachycardia, Ventricular",3.0
sotalol,Ventricular Fibrillation,3.0
sotrastaurin,"Colitis, Ulcerative",2.0
sotrastaurin,Lymphoma,1.0
sotrastaurin,"Lymphoma, Large B-Cell, Diffuse",1.0
sotrastaurin,Panuveitis,2.0
sotrastaurin,Psoriasis,2.0
sotrastaurin,Uveal Melanoma,1.0
sotrastaurin,"Uveitis, Posterior",2.0
sparfloxacin,Bacterial Infections,4.0
sparfloxacin,Osteomyelitis,0.5
spironolactone,Acne Vulgaris,3.0
spironolactone,Acute Kidney Injury,3.0
spironolactone,Alcoholism,1.0
spironolactone,Aortic Valve Stenosis,3.0
spironolactone,Arrhythmogenic Right Ventricular Dysplasia,2.0
spironolactone,"Arthritis, Rheumatoid",3.0
spironolactone,Ascites,4.0
spironolactone,Atrial Fibrillation,3.0
spironolactone,Cardiomyopathies,2.0
spironolactone,Cardiovascular Diseases,4.0
spironolactone,Cerebral Hemorrhage,2.0
spironolactone,Chorioretinitis,1.0
spironolactone,Diabetes Mellitus,1.0
spironolactone,Diabetic Nephropathies,1.0
spironolactone,Dry Eye Syndromes,0.5
spironolactone,Edema,4.0
spironolactone,Essential Hypertension,4.0
spironolactone,Fatty Liver,2.0
spironolactone,Fibrosis,4.0
spironolactone,Heart Failure,4.0
spironolactone,"Heart Failure, Diastolic",3.0
spironolactone,Hyperaldosteronism,4.0
spironolactone,Hypertension,4.0
spironolactone,"Hypertension, Pulmonary",2.0
spironolactone,Leukemia,1.0
spironolactone,"Leukemia, Myeloid, Acute",1.0
spironolactone,Liver Cirrhosis,4.0
spironolactone,Macular Degeneration,2.0
spironolactone,Melanosis,1.0
spironolactone,"Muscular Dystrophy, Duchenne",3.0
spironolactone,Myocardial Infarction,4.0
spironolactone,Neoplasms,2.0
spironolactone,Nephrotic Syndrome,4.0
spironolactone,Neuroblastoma,2.0
spironolactone,Non-ST Elevated Myocardial Infarction,3.0
spironolactone,Non-alcoholic Fatty Liver Disease,1.0
spironolactone,"Polycystic Kidney, Autosomal Dominant",3.0
spironolactone,Polycystic Ovary Syndrome,2.0
spironolactone,"Puberty, Precocious",2.0
spironolactone,"Renal Insufficiency, Chronic",3.0
spironolactone,ST Elevation Myocardial Infarction,3.0
spironolactone,Severe Acute Respiratory Syndrome,2.0
spironolactone,Toxemia,4.0
stavudine,AIDS Dementia Complex,3.0
stavudine,AIDS-Associated Nephropathy,3.0
stavudine,"Acidosis, Lactic",2.0
stavudine,Acquired Immunodeficiency Syndrome,3.0
stavudine,HIV Infections,4.0
stavudine,Virus Diseases,4.0
sufentanil,Back Pain,3.0
sufentanil,Chronic Pain,2.0
sufentanil,Delirium,0.5
sufentanil,Pain,3.0
sufentanil,Pregnancy,3.0
sufentanil,Pulpitis,2.0
sufentanil,Wounds and Injuries,3.0
sulbactam,Bacterial Infections,4.0
sulbactam,Chorioamnionitis,2.0
sulbactam,Cleft Palate,2.0
sulbactam,Infections,3.0
sulbactam,Osteomyelitis,0.5
sulbactam,Urinary Tract Infections,3.0
sulfadoxine,Anemia,3.0
sulfadoxine,HIV Infections,3.0
sulfadoxine,Malaria,3.0
sulfadoxine,"Malaria, Falciparum",3.0
sulfadoxine,"Malaria, Vivax",3.0
sulfadoxine,"Pneumonia, Pneumocystis",3.0
sulfadoxine,Pregnancy,3.0
sulfadoxine,Premature Birth,3.0
sulfafurazole,Bacterial Infections,4.0
sulfafurazole,Eye Infections,4.0
sulfafurazole,Osteomyelitis,0.5
sulfasalazine,"Arthritis, Juvenile",4.0
sulfasalazine,"Arthritis, Psoriatic",3.0
sulfasalazine,"Arthritis, Rheumatoid",4.0
sulfasalazine,"Cholangitis, Sclerosing",2.0
sulfasalazine,"Colitis, Ulcerative",4.0
sulfasalazine,Glioblastoma,1.0
sulfasalazine,"Hypertension, Pulmonary",1.0
sulfasalazine,Intestinal Obstruction,1.0
sulfasalazine,"Leukemia, Myeloid, Acute",1.0
sulfasalazine,Nausea,1.0
sulfasalazine,Osteomyelitis,0.5
sulfasalazine,Paraganglioma,1.0
sulfasalazine,Peripheral Nervous System Diseases,2.0
sulfasalazine,Premature Birth,2.0
sulfasalazine,"Spondylitis, Ankylosing",2.0
sulforaphane,Aging,2.0
sulforaphane,Autistic Disorder,3.0
sulforaphane,Breast Neoplasms,2.0
sulforaphane,"Child Development Disorders, Pervasive",2.0
sulforaphane,Depressive Disorder,2.0
sulforaphane,"Diabetes Mellitus, Type 2",2.0
sulforaphane,Kidney Diseases,2.0
sulforaphane,Lung Neoplasms,2.0
sulforaphane,Melanoma,0.5
sulforaphane,Parkinson Disease,2.0
sulforaphane,Prostatic Neoplasms,2.0
sulforaphane,"Prostatic Neoplasms, Castration-Resistant",1.0
sulforaphane,Psychotic Disorders,3.0
sulforaphane,"Renal Insufficiency, Chronic",2.0
sulforaphane,Schizophrenia,2.0
sulforaphane,Skin Aging,0.5
sulforaphane,Subarachnoid Hemorrhage,2.0
sulforaphane,Urinary Bladder Neoplasms,2.0
sulpiride,Anxiety,3.0
sulpiride,Dementia,3.0
sulpiride,Depressive Disorder,3.0
sulpiride,Psychotic Disorders,4.0
sulpiride,Schizophrenia,3.0
sumatriptan,Migraine Disorders,4.0
sumatriptan,Migraine with Aura,3.0
sumatriptan,Migraine without Aura,3.0
sumatriptan,Obesity,0.5
sumatriptan,Pain,2.0
sunitinib,Adenocarcinoma,2.0
sunitinib,Adrenal Cortex Neoplasms,2.0
sunitinib,Ascites,2.0
sunitinib,Brain Neoplasms,2.0
sunitinib,Breast Neoplasms,3.0
sunitinib,Carcinoid Tumor,2.0
sunitinib,Carcinoma,2.0
sunitinib,"Carcinoma, Hepatocellular",2.0
sunitinib,"Carcinoma, Islet Cell",2.0
sunitinib,"Carcinoma, Non-Small-Cell Lung",3.0
sunitinib,"Carcinoma, Renal Cell",4.0
sunitinib,"Carcinoma, Squamous Cell",2.0
sunitinib,Cholangiocarcinoma,2.0
sunitinib,Colorectal Neoplasms,2.0
sunitinib,Esophageal Neoplasms,2.0
sunitinib,Fallopian Tube Neoplasms,2.0
sunitinib,Gastrointestinal Stromal Tumors,4.0
sunitinib,Glioblastoma,2.0
sunitinib,Glioma,2.0
sunitinib,Gliosarcoma,1.0
sunitinib,"Hemorrhagic Fever, Ebola",1.0
sunitinib,Kidney Diseases,1.0
sunitinib,Kidney Neoplasms,3.0
sunitinib,"Leukemia, Myeloid, Acute",1.0
sunitinib,Liver Neoplasms,2.0
sunitinib,Lung Neoplasms,2.0
sunitinib,Melanoma,2.0
sunitinib,Nasopharyngeal Carcinoma,2.0
sunitinib,Neoplasms,4.0
sunitinib,"Neoplasms, Germ Cell and Embryonal",2.0
sunitinib,Neuroendocrine Tumors,4.0
sunitinib,Osteosarcoma,1.0
sunitinib,Ovarian Neoplasms,2.0
sunitinib,Pancreatic Neoplasms,2.0
sunitinib,Peritoneal Neoplasms,2.0
sunitinib,Pheochromocytoma,2.0
sunitinib,Prostatic Neoplasms,3.0
sunitinib,"Prostatic Neoplasms, Castration-Resistant",2.0
sunitinib,Sarcoma,2.0
sunitinib,"Sarcoma, Alveolar Soft Part",2.0
sunitinib,Small Cell Lung Carcinoma,2.0
sunitinib,Stomach Neoplasms,2.0
sunitinib,Thymoma,2.0
sunitinib,Thymus Neoplasms,2.0
sunitinib,Thyroid Neoplasms,2.0
sunitinib,Urinary Bladder Neoplasms,2.0
sunitinib,Urogenital Neoplasms,3.0
sunitinib,Uveal Melanoma,2.0
sunitinib,von Hippel-Lindau Disease,2.0
suprofen,Rheumatic Diseases,4.0
suvorexant,Alcoholism,2.0
suvorexant,Alzheimer Disease,2.0
suvorexant,Autistic Disorder,2.0
suvorexant,Delirium,3.0
suvorexant,Opioid-Related Disorders,2.0
suvorexant,Restless Legs Syndrome,2.0
suvorexant,Sleep Apnea Syndromes,1.0
suvorexant,Sleep Initiation and Maintenance Disorders,4.0
suvorexant,Sleep Wake Disorders,2.0
suvorexant,Smoking Cessation,2.0
suvorexant,Tobacco Use Disorder,1.0
tacalcitol,Psoriasis,4.0
tacedinaline,Lung Neoplasms,3.0
tacedinaline,Multiple Myeloma,2.0
tacedinaline,Pancreatic Neoplasms,2.0
tacrine,Cocaine-Related Disorders,2.0
tacrine,Dementia,4.0
tacrolimus,"Anemia, Aplastic",2.0
tacrolimus,"Anemia, Sickle Cell",2.0
tacrolimus,"Conjunctivitis, Allergic",3.0
tacrolimus,Delayed Graft Function,4.0
tacrolimus,"Dermatitis, Atopic",4.0
tacrolimus,Eczema,4.0
tacrolimus,Graft vs Host Disease,2.0
tacrolimus,Hematologic Neoplasms,1.0
tacrolimus,Immune System Diseases,4.0
tacrolimus,Keratoconjunctivitis,3.0
tacrolimus,Kidney Transplantation,4.0
tacrolimus,"Lichen Planus, Oral",2.0
tacrolimus,Liver Transplantation,4.0
tacrolimus,Thalassemia,2.0
tadalafil,Astrocytoma,1.0
tadalafil,"Carcinoma, Non-Small-Cell Lung",2.0
tadalafil,"Carcinoma, Squamous Cell",2.0
tadalafil,Cushing Syndrome,2.0
tadalafil,"Dementia, Vascular",2.0
tadalafil,"Depressive Disorder, Major",1.0
tadalafil,"Diabetes Mellitus, Type 2",2.0
tadalafil,Eisenmenger Complex,2.0
tadalafil,Erectile Dysfunction,4.0
tadalafil,Essential Hypertension,2.0
tadalafil,Gastroparesis,2.0
tadalafil,Glioblastoma,1.0
tadalafil,Glucose Intolerance,3.0
tadalafil,Head and Neck Neoplasms,1.0
tadalafil,"Heart Defects, Congenital",3.0
tadalafil,Heart Failure,1.0
tadalafil,Hypertension,2.0
tadalafil,"Hypertension, Pulmonary",4.0
tadalafil,Insulin Resistance,3.0
tadalafil,"Lung Diseases, Interstitial",3.0
tadalafil,Multiple Myeloma,2.0
tadalafil,Muscular Dystrophies,0.5
tadalafil,"Muscular Dystrophy, Duchenne",3.0
tadalafil,Neoplasms,1.0
tadalafil,Obesity,2.0
tadalafil,Pancreatic Neoplasms,2.0
tadalafil,Premature Ejaculation,3.0
tadalafil,Priapism,2.0
tadalafil,Prostatic Hyperplasia,4.0
tadalafil,Pulmonary Arterial Hypertension,4.0
tadalafil,Raynaud Disease,3.0
tadalafil,"Scleroderma, Systemic",2.0
tadalafil,"Sexual Dysfunction, Physiological",2.0
tadalafil,Stroke,2.0
tadalafil,Transposition of Great Vessels,3.0
tafamidis-meglumine,"Amyloid Neuropathies, Familial",2.0
tafamidis-meglumine,Amyloidosis,4.0
tafamidis-meglumine,"Amyloidosis, Familial",4.0
tafamidis-meglumine,Cardiomyopathies,4.0
tafamidis-meglumine,Polyneuropathies,2.0
tagatose,"Diabetes Mellitus, Type 2",3.0
taladegib,Idiopathic Pulmonary Fibrosis,2.0
taladegib,Neoplasm Metastasis,1.0
taladegib,Neoplasms,2.0
taladegib,Small Cell Lung Carcinoma,1.0
talazoparib,Breast Neoplasms,3.0
talazoparib,"Carcinoma, Non-Small-Cell Lung",2.0
talazoparib,"Carcinoma, Renal Cell",2.0
talazoparib,"Carcinoma, Squamous Cell",2.0
talazoparib,Colorectal Neoplasms,1.0
talazoparib,Endometrial Neoplasms,2.0
talazoparib,Glioblastoma,2.0
talazoparib,Hemangiosarcoma,2.0
talazoparib,Hereditary Breast and Ovarian Cancer Syndrome,2.0
talazoparib,Leukemia,1.0
talazoparib,"Leukemia, Myeloid, Acute",1.0
talazoparib,Melanoma,2.0
talazoparib,Neoplasms,3.0
talazoparib,Neuroendocrine Tumors,1.0
talazoparib,Ovarian Neoplasms,3.0
talazoparib,Pancreatic Neoplasms,1.0
talazoparib,Pheochromocytoma,2.0
talazoparib,Prostatic Neoplasms,2.0
talazoparib,"Prostatic Neoplasms, Castration-Resistant",3.0
talazoparib,Small Cell Lung Carcinoma,2.0
talazoparib,Triple Negative Breast Neoplasms,2.0
talazoparib,Urinary Bladder Neoplasms,2.0
talinolol,Cardiovascular Diseases,2.0
talinolol,"Obesity, Morbid",1.0
talmapimod,"Arthritis, Rheumatoid",2.0
talmapimod,Multiple Myeloma,2.0
talnetant,Irritable Bowel Syndrome,2.0
talnetant,Schizophrenia,2.0
tamibarotene,Alzheimer Disease,2.0
tamibarotene,Crohn Disease,2.0
tamibarotene,"Leukemia, Myeloid, Acute",2.0
tamibarotene,"Leukemia, Myelomonocytic, Chronic",1.0
tamibarotene,"Leukemia, Promyelocytic, Acute",2.0
tamibarotene,Lupus Nephritis,2.0
tamibarotene,Myelodysplastic Syndromes,3.0
tamibarotene,Pancreatic Neoplasms,1.0
tamibarotene,"Paraparesis, Tropical Spastic",2.0
tamibarotene,"Polycystic Kidney, Autosomal Dominant",2.0
tamoxifen,Adenoma,2.0
tamoxifen,Amyotrophic Lateral Sclerosis,2.0
tamoxifen,Bipolar Disorder,2.0
tamoxifen,Brain Neoplasms,1.0
tamoxifen,Breast Neoplasms,3.0
tamoxifen,"Breast Neoplasms, Male",3.0
tamoxifen,"Carcinoma, Intraductal, Noninfiltrating",3.0
tamoxifen,Cognitive Dysfunction,3.0
tamoxifen,Coronary Disease,3.0
tamoxifen,Endometrial Neoplasms,2.0
tamoxifen,Fallopian Tube Neoplasms,3.0
tamoxifen,Glioblastoma,2.0
tamoxifen,Gynecomastia,2.0
tamoxifen,HIV Infections,2.0
tamoxifen,"Hepatitis C, Chronic",1.0
tamoxifen,Hot Flashes,3.0
tamoxifen,Hyperplasia,3.0
tamoxifen,Hypertension,3.0
tamoxifen,Infertility,3.0
tamoxifen,"Infertility, Male",2.0
tamoxifen,"Lymphoma, Large B-Cell, Diffuse",2.0
tamoxifen,Menopause,3.0
tamoxifen,"Muscular Dystrophy, Duchenne",3.0
tamoxifen,Myocardial Ischemia,3.0
tamoxifen,Neoplasm Metastasis,3.0
tamoxifen,Neoplasms,4.0
tamoxifen,"Neoplasms, Cystic, Mucinous, and Serous",1.0
tamoxifen,Neuroendocrine Tumors,2.0
tamoxifen,Osteosarcoma,1.0
tamoxifen,Ovarian Neoplasms,3.0
tamoxifen,Pain,2.0
tamoxifen,Peritoneal Neoplasms,3.0
tamoxifen,"Prostatic Neoplasms, Castration-Resistant",3.0
tamoxifen,Retroperitoneal Fibrosis,2.0
tamoxifen,"Telangiectasia, Hereditary Hemorrhagic",2.0
tamoxifen,Urinary Bladder Neoplasms,2.0
tamoxifen,Uterine Cervical Neoplasms,2.0
tamsulosin,Erectile Dysfunction,1.0
tamsulosin,Hyperplasia,3.0
tamsulosin,Kidney Calculi,3.0
tamsulosin,Postoperative Complications,3.0
tamsulosin,Premature Ejaculation,3.0
tamsulosin,Prostatic Hyperplasia,4.0
tamsulosin,"Prostatic Neoplasms, Castration-Resistant",3.0
tamsulosin,Ureterolithiasis,3.0
tamsulosin,Urinary Retention,3.0
tamsulosin,Urinary Tract Infections,3.0
tamsulosin,Urolithiasis,3.0
tandutinib,Astrocytoma,2.0
tandutinib,"Carcinoma, Renal Cell",2.0
tandutinib,Glioblastoma,1.0
tandutinib,Gliosarcoma,2.0
tandutinib,"Leukemia, Myeloid, Acute",1.0
tandutinib,Myelodysplastic Syndromes,1.0
tandutinib,Oligodendroglioma,2.0
tanespimycin,"Adenocarcinoma, Follicular",2.0
tanespimycin,Breast Neoplasms,2.0
tanespimycin,Burkitt Lymphoma,1.0
tanespimycin,"Carcinoma, Medullary",2.0
tanespimycin,Chondrosarcoma,1.0
tanespimycin,Colorectal Neoplasms,1.0
tanespimycin,Head and Neck Neoplasms,1.0
tanespimycin,Hodgkin Disease,2.0
tanespimycin,Immunoblastic Lymphadenopathy,1.0
tanespimycin,Kidney Neoplasms,2.0
tanespimycin,Leukemia,2.0
tanespimycin,"Leukemia, Lymphocytic, Chronic, B-Cell",1.0
tanespimycin,"Leukemia, Prolymphocytic",1.0
tanespimycin,"Leukemia-Lymphoma, Adult T-Cell",1.0
tanespimycin,Lung Neoplasms,1.0
tanespimycin,Lymphoma,2.0
tanespimycin,"Lymphoma, AIDS-Related",1.0
tanespimycin,"Lymphoma, B-Cell, Marginal Zone",1.0
tanespimycin,"Lymphoma, Follicular",1.0
tanespimycin,"Lymphoma, Large B-Cell, Diffuse",1.0
tanespimycin,"Lymphoma, Large-Cell, Anaplastic",2.0
tanespimycin,"Lymphoma, Mantle-Cell",2.0
tanespimycin,Melanoma,2.0
tanespimycin,Multiple Myeloma,3.0
tanespimycin,Mycosis Fungoides,1.0
tanespimycin,Myeloproliferative Disorders,2.0
tanespimycin,Neoplasms,2.0
tanespimycin,Osteosarcoma,1.0
tanespimycin,Ovarian Neoplasms,1.0
tanespimycin,Precursor Cell Lymphoblastic Leukemia-Lymphoma,1.0
tanespimycin,Prostatic Neoplasms,2.0
tanespimycin,"Prostatic Neoplasms, Castration-Resistant",2.0
tanespimycin,Sezary Syndrome,1.0
tanespimycin,Stomach Neoplasms,1.0
tanespimycin,Thyroid Neoplasms,2.0
tanespimycin,Urinary Bladder Neoplasms,1.0
tanespimycin,Waldenstrom Macroglobulinemia,1.0
taranabant,"Diabetes Mellitus, Type 2",3.0
taranabant,Obesity,3.0
taranabant,Tobacco Use Disorder,2.0
taranabant,Urinary Incontinence,2.0
taselisib,Breast Neoplasms,3.0
taselisib,"Carcinoma, Squamous Cell",2.0
taselisib,Lung Neoplasms,1.0
taselisib,"Lymphoma, Non-Hodgkin",1.0
taselisib,Multiple Myeloma,2.0
taselisib,Triple Negative Breast Neoplasms,1.0
tasisulam,Breast Neoplasms,2.0
tasisulam,"Carcinoma, Non-Small-Cell Lung",2.0
tasisulam,"Carcinoma, Renal Cell",1.0
tasisulam,Fallopian Tube Neoplasms,2.0
tasisulam,"Leukemia, Myeloid, Acute",1.0
tasisulam,Lymphoma,1.0
tasisulam,Melanoma,2.0
tasisulam,Neoplasms,1.0
tasisulam,Ovarian Neoplasms,2.0
tasisulam,Sarcoma,2.0
tasisulam,"Thrombocythemia, Essential",1.0
tasquinimod,Multiple Myeloma,1.0
tasquinimod,Prostatic Neoplasms,3.0
tasquinimod,"Prostatic Neoplasms, Castration-Resistant",3.0
tazarotene,Acne Vulgaris,4.0
tazarotene,Hypopigmentation,4.0
tazarotene,Idiopathic Pulmonary Fibrosis,2.0
tazarotene,Lentigo,4.0
tazarotene,"Lymphoma, T-Cell, Cutaneous",1.0
tazarotene,Psoriasis,4.0
tazarotene,Skin Diseases,2.0
tazarotene,Skin Neoplasms,2.0
tazobactam,Abscess,3.0
tazobactam,Appendicitis,2.0
tazobactam,Bacterial Infections,4.0
tazobactam,"Cholecystitis, Acute",3.0
tazobactam,Communicable Diseases,2.0
tazobactam,Diabetic Foot,3.0
tazobactam,Enterobacteriaceae Infections,3.0
tazobactam,Graft vs Host Disease,2.0
tazobactam,Hematologic Neoplasms,3.0
tazobactam,Infections,3.0
tazobactam,"Influenza, Human",3.0
tazobactam,Kidney Diseases,1.0
tazobactam,Lung Diseases,3.0
tazobactam,Osteomyelitis,0.5
tazobactam,Otitis Media,1.0
tazobactam,Pneumonia,3.0
tazobactam,"Pneumonia, Bacterial",3.0
tazobactam,"Pneumonia, Ventilator-Associated",3.0
tazobactam,Pseudomonas Infections,3.0
tazobactam,Pyelonephritis,3.0
tazobactam,Sepsis,3.0
tazobactam,Severe Acute Respiratory Syndrome,3.0
tazobactam,"Shock, Septic",3.0
tazobactam,Urinary Tract Infections,3.0
tedizolid,Bacterial Infections,4.0
tedizolid,Infections,2.0
tegobuvir,Hepatitis C,2.0
tegobuvir,"Hepatitis C, Chronic",2.0
telatinib,Neoplasms,1.0
telatinib,Stomach Neoplasms,2.0
telbivudine,Hepatitis,3.0
telbivudine,"Hepatitis B, Chronic",4.0
telbivudine,Liver Cirrhosis,3.0
telbivudine,Virus Diseases,4.0
telcagepant,Migraine Disorders,3.0
telmisartan,Albuminuria,3.0
telmisartan,Alzheimer Disease,2.0
telmisartan,Cardiovascular Diseases,4.0
telmisartan,Diabetes Mellitus,4.0
telmisartan,"Diabetes Mellitus, Type 2",3.0
telmisartan,Diabetic Nephropathies,3.0
telmisartan,Essential Hypertension,3.0
telmisartan,HIV Infections,2.0
telmisartan,Heart Diseases,3.0
telmisartan,Hypertension,4.0
telmisartan,Kidney Diseases,3.0
telmisartan,"Kidney Failure, Chronic",3.0
telmisartan,Lipid Metabolism Disorders,3.0
telmisartan,Myocardial Infarction,4.0
telmisartan,Neuralgia,2.0
telmisartan,Polycystic Kidney Diseases,3.0
telmisartan,"Prostatic Neoplasms, Castration-Resistant",0.5
telmisartan,Severe Acute Respiratory Syndrome,3.0
telmisartan,"Sleep Apnea, Obstructive",0.5
telmisartan,Stroke,4.0
telotristat,"Colitis, Ulcerative",2.0
telotristat,Kidney Diseases,1.0
telotristat,Liver Diseases,1.0
telotristat,Malignant Carcinoid Syndrome,3.0
telotristat,Neuroendocrine Tumors,2.0
temazepam,Anxiety,3.0
temazepam,Dementia,3.0
temazepam,Depressive Disorder,3.0
temazepam,"Pulmonary Disease, Chronic Obstructive",3.0
temazepam,Schizophrenia,3.0
temazepam,Sleep Initiation and Maintenance Disorders,4.0
temoporfin,Bile Duct Neoplasms,2.0
temoporfin,Carcinoma,1.0
temoporfin,"Carcinoma, Non-Small-Cell Lung",1.0
temoporfin,"Carcinoma, Squamous Cell",4.0
temoporfin,Head and Neck Neoplasms,4.0
temoporfin,Nasopharyngeal Carcinoma,2.0
temoporfin,Neoplasms,4.0
temozolomide,Astrocytoma,3.0
temozolomide,Biliary Tract Neoplasms,2.0
temozolomide,Brain Diseases,2.0
temozolomide,Brain Neoplasms,3.0
temozolomide,Brain Stem Neoplasms,2.0
temozolomide,Breast Neoplasms,2.0
temozolomide,Carcinoid Tumor,2.0
temozolomide,"Carcinoma, Hepatocellular",2.0
temozolomide,"Carcinoma, Islet Cell",2.0
temozolomide,"Carcinoma, Neuroendocrine",2.0
temozolomide,"Carcinoma, Non-Small-Cell Lung",3.0
temozolomide,Central Nervous System Neoplasms,3.0
temozolomide,Choroid Plexus Neoplasms,3.0
temozolomide,Colorectal Neoplasms,2.0
temozolomide,Cytomegalovirus Infections,1.0
temozolomide,Desmoplastic Small Round Cell Tumor,0.5
temozolomide,Diffuse Intrinsic Pontine Glioma,3.0
temozolomide,Ependymoma,1.0
temozolomide,Fallopian Tube Neoplasms,1.0
temozolomide,Ganglioneuroblastoma,3.0
temozolomide,Gastrointestinal Stromal Tumors,2.0
temozolomide,Glioblastoma,4.0
temozolomide,Glioma,4.0
temozolomide,Gliosarcoma,3.0
temozolomide,Hereditary Breast and Ovarian Cancer Syndrome,2.0
temozolomide,Leiomyosarcoma,2.0
temozolomide,Leukemia,2.0
temozolomide,"Leukemia, Myeloid, Acute",2.0
temozolomide,Lung Neoplasms,2.0
temozolomide,Lymphoma,2.0
temozolomide,"Lymphoma, Non-Hodgkin",2.0
temozolomide,Medulloblastoma,2.0
temozolomide,Melanoma,3.0
temozolomide,"Meningitis, Aseptic",1.0
temozolomide,Myelodysplastic Syndromes,2.0
temozolomide,Neoplasm Metastasis,3.0
temozolomide,Neoplasms,4.0
temozolomide,Neuroblastoma,3.0
temozolomide,"Neuroectodermal Tumors, Primitive, Peripheral",2.0
temozolomide,Neuroendocrine Tumors,2.0
temozolomide,Neurofibromatosis 1,2.0
temozolomide,Oligodendroglioma,3.0
temozolomide,Optic Nerve Glioma,3.0
temozolomide,Ovarian Neoplasms,2.0
temozolomide,Pancreatic Neoplasms,2.0
temozolomide,Paraganglioma,3.0
temozolomide,Pheochromocytoma,2.0
temozolomide,Pinealoma,2.0
temozolomide,Pituitary Neoplasms,2.0
temozolomide,Prostatic Neoplasms,1.0
temozolomide,"Prostatic Neoplasms, Castration-Resistant",1.0
temozolomide,Rectal Neoplasms,2.0
temozolomide,Retinoblastoma,2.0
temozolomide,Rhabdomyosarcoma,2.0
temozolomide,"Rhabdomyosarcoma, Alveolar",2.0
temozolomide,"Rhabdomyosarcoma, Embryonal",2.0
temozolomide,Sarcoma,2.0
temozolomide,"Sarcoma, Ewing",3.0
temozolomide,Skin Neoplasms,2.0
temozolomide,Small Cell Lung Carcinoma,2.0
temozolomide,Spinal Cord Neoplasms,2.0
temozolomide,Uveal Melanoma,2.0
temozolomide,Wilms Tumor,1.0
temsirolimus,Adenocarcinoma,1.0
temsirolimus,Adenoma,2.0
temsirolimus,"Arthritis, Rheumatoid",2.0
temsirolimus,Astrocytoma,1.0
temsirolimus,Brain Neoplasms,1.0
temsirolimus,Breast Neoplasms,3.0
temsirolimus,"Breast Neoplasms, Male",1.0
temsirolimus,Carcinoid Tumor,2.0
temsirolimus,Carcinoma,1.0
temsirolimus,"Carcinoma, Endometrioid",2.0
temsirolimus,"Carcinoma, Hepatocellular",2.0
temsirolimus,"Carcinoma, Islet Cell",2.0
temsirolimus,"Carcinoma, Non-Small-Cell Lung",2.0
temsirolimus,"Carcinoma, Renal Cell",4.0
temsirolimus,"Carcinoma, Squamous Cell",2.0
temsirolimus,Central Nervous System Neoplasms,2.0
temsirolimus,Colonic Neoplasms,1.0
temsirolimus,Colorectal Neoplasms,1.0
temsirolimus,Diffuse Intrinsic Pontine Glioma,1.0
temsirolimus,Endometrial Neoplasms,2.0
temsirolimus,Fallopian Tube Neoplasms,2.0
temsirolimus,Ganglioneuroblastoma,2.0
temsirolimus,"Genital Neoplasms, Female",1.0
temsirolimus,Glioblastoma,2.0
temsirolimus,Glioma,1.0
temsirolimus,Gliosarcoma,2.0
temsirolimus,Hepatoblastoma,3.0
temsirolimus,Hodgkin Disease,2.0
temsirolimus,Insulinoma,2.0
temsirolimus,Ischemia,2.0
temsirolimus,Kidney Neoplasms,2.0
temsirolimus,Leukemia,2.0
temsirolimus,"Leukemia, Myelogenous, Chronic, BCR-ABL Positive",1.0
temsirolimus,"Leukemia, Myeloid, Acute",2.0
temsirolimus,Liver Neoplasms,2.0
temsirolimus,Lung Neoplasms,1.0
temsirolimus,Lymphoma,3.0
temsirolimus,"Lymphoma, Large B-Cell, Diffuse",2.0
temsirolimus,"Lymphoma, Mantle-Cell",4.0
temsirolimus,"Lymphoma, Non-Hodgkin",2.0
temsirolimus,Melanoma,2.0
temsirolimus,Multiple Myeloma,2.0
temsirolimus,"Multiple Sclerosis, Relapsing-Remitting",2.0
temsirolimus,Myelodysplastic Syndromes,2.0
temsirolimus,Neoplasm Metastasis,3.0
temsirolimus,Neoplasms,4.0
temsirolimus,Neuroblastoma,2.0
temsirolimus,Oligodendroglioma,1.0
temsirolimus,Osteosarcoma,2.0
temsirolimus,Ovarian Neoplasms,2.0
temsirolimus,Pancreatic Neoplasms,2.0
temsirolimus,Paraganglioma,0.5
temsirolimus,Peripheral Arterial Disease,2.0
temsirolimus,Peritoneal Neoplasms,1.0
temsirolimus,Prostatic Neoplasms,1.0
temsirolimus,"Prostatic Neoplasms, Castration-Resistant",2.0
temsirolimus,Retroviridae Infections,2.0
temsirolimus,Rhabdomyosarcoma,2.0
temsirolimus,"Rhabdomyosarcoma, Alveolar",3.0
temsirolimus,"Rhabdomyosarcoma, Embryonal",3.0
temsirolimus,Sarcoma,2.0
temsirolimus,Small Cell Lung Carcinoma,2.0
temsirolimus,Somatostatinoma,2.0
temsirolimus,Thyroid Neoplasms,2.0
temsirolimus,Urethral Neoplasms,1.0
temsirolimus,Urinary Bladder Neoplasms,2.0
temsirolimus,Uterine Cervical Neoplasms,1.0
teneligliptin,Diabetes Mellitus,4.0
teneligliptin,"Diabetes Mellitus, Type 2",3.0
tenidap,Rheumatic Diseases,2.0
terbinafine,"Colitis, Ulcerative",2.0
terbinafine,Crohn Disease,2.0
terbinafine,"Hepatitis B, Chronic",1.0
terbinafine,Mycoses,1.0
terbinafine,Onychomycosis,4.0
terbinafine,Tinea,4.0
terbinafine,Tinea Pedis,3.0
teriflunomide,Celiac Disease,1.0
teriflunomide,Kidney Diseases,1.0
teriflunomide,Multiple Sclerosis,4.0
teriflunomide,"Multiple Sclerosis, Chronic Progressive",3.0
teriflunomide,"Multiple Sclerosis, Relapsing-Remitting",4.0
teriflunomide,"Paraparesis, Tropical Spastic",1.0
teriflunomide,"Purpura, Thrombocytopenic, Idiopathic",2.0
tesaglitazar,"Diabetes Mellitus, Type 2",3.0
testosterone,Acquired Immunodeficiency Syndrome,2.0
testosterone,Aging,1.0
testosterone,Anorexia Nervosa,2.0
testosterone,"Carcinoma, Intraductal, Noninfiltrating",2.0
testosterone,Cerebral Arterial Diseases,0.5
testosterone,Coronary Disease,3.0
testosterone,Disorders of Sex Development,3.0
testosterone,Dwarfism,2.0
testosterone,Dyspareunia,0.5
testosterone,Erectile Dysfunction,3.0
testosterone,Heart Failure,2.0
testosterone,Hereditary Breast and Ovarian Cancer Syndrome,2.0
testosterone,Hip Fractures,3.0
testosterone,Hypogonadism,4.0
testosterone,Infertility,3.0
testosterone,Insulin Resistance,0.5
testosterone,Kallmann Syndrome,1.0
testosterone,"Kidney Failure, Chronic",3.0
testosterone,Klinefelter Syndrome,4.0
testosterone,Menopause,3.0
testosterone,Metabolic Syndrome,3.0
testosterone,Multiple Sclerosis,2.0
testosterone,Muscle Weakness,2.0
testosterone,Neoplasms,4.0
testosterone,Obesity,2.0
testosterone,Orchitis,4.0
testosterone,Pain,0.5
testosterone,Penile Induration,1.0
testosterone,Polycystic Ovary Syndrome,0.5
testosterone,Prostatic Neoplasms,2.0
testosterone,"Prostatic Neoplasms, Castration-Resistant",2.0
testosterone,Sarcopenia,2.0
testosterone,"Sexual Dysfunctions, Psychological",4.0
testosterone,Spinal Cord Injuries,2.0
testosterone,Testicular Neoplasms,2.0
tetrabenazine,Chorea,4.0
tetrabenazine,Huntington Disease,4.0
tetrabenazine,Movement Disorders,3.0
tetrabenazine,Tourette Syndrome,2.0
tetracaine,Carpal Tunnel Syndrome,2.0
tetracaine,Cataract,3.0
tetracaine,Hemorrhoids,4.0
tetracaine,Myofascial Pain Syndromes,2.0
tetracaine,"Neuralgia, Postherpetic",2.0
tetracaine,"Osteoarthritis, Knee",1.0
tetracaine,Pain,4.0
tetracaine,Pruritus,4.0
tetracaine,Shoulder Impingement Syndrome,2.0
tetracaine,Skin Diseases,2.0
tetracaine,Tendinopathy,2.0
tetracaine,Wounds and Injuries,2.0
tetrahydrouridine,"Anemia, Sickle Cell",2.0
tetrahydrouridine,"Carcinoma, Non-Small-Cell Lung",2.0
tetrahydrouridine,Central Nervous System Neoplasms,1.0
tetrahydrouridine,Head and Neck Neoplasms,1.0
tetrahydrouridine,Lung Neoplasms,2.0
tetrahydrouridine,Lymphoma,0.5
tetrahydrouridine,"Lymphoma, Follicular",0.5
tetrahydrouridine,"Lymphoma, Non-Hodgkin",0.5
tetrahydrouridine,Myelodysplastic Syndromes,1.0
tetrahydrouridine,Neoplasms,1.0
thalidomide,Acquired Immunodeficiency Syndrome,2.0
thalidomide,Alzheimer Disease,2.0
thalidomide,Amyloidosis,1.0
thalidomide,"Amyloidosis, Familial",3.0
thalidomide,Amyotrophic Lateral Sclerosis,2.0
thalidomide,Appendiceal Neoplasms,2.0
thalidomide,Brain Stem Neoplasms,2.0
thalidomide,Breast Neoplasms,2.0
thalidomide,"Carcinoma, Hepatocellular",3.0
thalidomide,"Carcinoma, Non-Small-Cell Lung",2.0
thalidomide,"Carcinoma, Ovarian Epithelial",3.0
thalidomide,"Carcinoma, Renal Cell",2.0
thalidomide,Castleman Disease,2.0
thalidomide,Central Nervous System Neoplasms,2.0
thalidomide,"Cholangitis, Sclerosing",2.0
thalidomide,"Colitis, Ulcerative",3.0
thalidomide,Colonic Neoplasms,2.0
thalidomide,Colorectal Neoplasms,3.0
thalidomide,Cough,3.0
thalidomide,Crohn Disease,3.0
thalidomide,Endometriosis,1.0
thalidomide,Epilepsy,1.0
thalidomide,Esophageal Neoplasms,2.0
thalidomide,Fallopian Tube Neoplasms,3.0
thalidomide,Glioblastoma,2.0
thalidomide,"Granuloma, Lethal Midline",3.0
thalidomide,HIV Infections,2.0
thalidomide,HIV Wasting Syndrome,2.0
thalidomide,Head and Neck Neoplasms,2.0
thalidomide,Hepatitis C,2.0
thalidomide,"Histiocytosis, Langerhans-Cell",2.0
thalidomide,Hodgkin Disease,2.0
thalidomide,Hypoalbuminemia,3.0
thalidomide,Idiopathic Pulmonary Fibrosis,3.0
thalidomide,Immune System Diseases,4.0
thalidomide,Immunoglobulin Light-chain Amyloidosis,2.0
thalidomide,Kidney Neoplasms,3.0
thalidomide,Leukemia,2.0
thalidomide,"Leukemia, Lymphocytic, Chronic, B-Cell",2.0
thalidomide,"Leukemia, Lymphoid",2.0
thalidomide,Liver Neoplasms,2.0
thalidomide,Lung Neoplasms,3.0
thalidomide,"Lupus Erythematosus, Discoid",2.0
thalidomide,Lymphoma,2.0
thalidomide,"Lymphoma, B-Cell, Marginal Zone",2.0
thalidomide,"Lymphoma, Follicular",2.0
thalidomide,"Lymphoma, Large B-Cell, Diffuse",3.0
thalidomide,"Lymphoma, Mantle-Cell",2.0
thalidomide,"Lymphoma, Non-Hodgkin",2.0
thalidomide,Medulloblastoma,2.0
thalidomide,Melanoma,2.0
thalidomide,Mouth Neoplasms,2.0
thalidomide,Multiple Myeloma,4.0
thalidomide,Myelodysplastic Syndromes,3.0
thalidomide,Neoplasms,3.0
thalidomide,"Neoplasms, Plasma Cell",3.0
thalidomide,Neuroblastoma,2.0
thalidomide,Neuroendocrine Tumors,2.0
thalidomide,Ovarian Neoplasms,2.0
thalidomide,Pain,2.0
thalidomide,"Pancreatitis, Chronic",2.0
thalidomide,Paraganglioma,2.0
thalidomide,Peritoneal Neoplasms,3.0
thalidomide,Primary Myelofibrosis,2.0
thalidomide,Proctitis,2.0
thalidomide,Prostatic Neoplasms,2.0
thalidomide,"Prostatic Neoplasms, Castration-Resistant",3.0
thalidomide,Psoriasis,2.0
thalidomide,"Purpura, Thrombocytopenic, Idiopathic",2.0
thalidomide,Retroviridae Infections,2.0
thalidomide,Sarcoidosis,3.0
thalidomide,Sarcoma,2.0
thalidomide,"Scleroderma, Systemic",1.0
thalidomide,Severe Acute Respiratory Syndrome,2.0
thalidomide,"Spondylitis, Ankylosing",2.0
thalidomide,Stomatitis,3.0
thalidomide,Syringomyelia,2.0
thalidomide,Thalassemia,2.0
thalidomide,Uveal Melanoma,2.0
thalidomide,Vascular Malformations,3.0
thalidomide,Waldenstrom Macroglobulinemia,2.0
thalidomide,beta-Thalassemia,3.0
theobromine,Bronchial Diseases,3.0
theobromine,Cardiovascular Diseases,3.0
theobromine,"Lung Diseases, Obstructive",3.0
theophylline,Altitude Sickness,2.0
theophylline,Apnea,2.0
theophylline,Asthma,4.0
theophylline,"Bronchitis, Chronic",4.0
theophylline,"Carcinoma, Non-Small-Cell Lung",1.0
theophylline,Depressive Disorder,0.5
theophylline,"Depressive Disorder, Major",1.0
theophylline,"Hernias, Diaphragmatic, Congenital",2.0
theophylline,"Hypertension, Pulmonary",1.0
theophylline,Kidney Diseases,2.0
theophylline,Leukemia,2.0
theophylline,"Leukemia, Myeloid, Acute",1.0
theophylline,"Lung Diseases, Obstructive",4.0
theophylline,Lung Neoplasms,1.0
theophylline,Prostatic Neoplasms,1.0
theophylline,Pseudohypoparathyroidism,2.0
theophylline,"Pulmonary Disease, Chronic Obstructive",3.0
theophylline,"Renal Insufficiency, Chronic",2.0
theophylline,Respiratory Insufficiency,3.0
theophylline,Severe Acute Respiratory Syndrome,2.0
theophylline,Virus Diseases,2.0
thiocolchicoside,Low Back Pain,3.0
thioctic-acid,Acquired Immunodeficiency Syndrome,2.0
thioctic-acid,Adrenoleukodystrophy,2.0
thioctic-acid,Alzheimer Disease,1.0
thioctic-acid,Bipolar Disorder,2.0
thioctic-acid,"Carcinoma, Squamous Cell",1.0
thioctic-acid,Carpal Tunnel Syndrome,2.0
thioctic-acid,Cicatrix,2.0
thioctic-acid,Cognitive Dysfunction,1.0
thioctic-acid,Cystinuria,2.0
thioctic-acid,"Diabetes Mellitus, Type 1",3.0
thioctic-acid,"Diabetes Mellitus, Type 2",2.0
thioctic-acid,Diabetic Neuropathies,3.0
thioctic-acid,HIV Infections,2.0
thioctic-acid,Hypercholesterolemia,2.0
thioctic-acid,Hypertension,1.0
thioctic-acid,Kidney Diseases,3.0
thioctic-acid,Macular Degeneration,1.0
thioctic-acid,Mucositis,2.0
thioctic-acid,Multiple Sclerosis,2.0
thioctic-acid,"Multiple Sclerosis, Chronic Progressive",2.0
thioctic-acid,Optic Neuritis,1.0
thioctic-acid,Peripheral Nervous System Diseases,1.0
thioctic-acid,"Polyradiculoneuropathy, Chronic Inflammatory Demyelinating",2.0
thioctic-acid,"Renal Insufficiency, Chronic",2.0
thioctic-acid,Sepsis,2.0
thioctic-acid,"Sleep Apnea, Obstructive",2.0
thioctic-acid,Stroke,3.0
thioctic-acid,"Supranuclear Palsy, Progressive",1.0
thioguanine,"Anemia, Refractory",3.0
thioguanine,"Anemia, Refractory, with Excess of Blasts",3.0
thioguanine,Brain Neoplasms,3.0
thioguanine,Central Nervous System Neoplasms,3.0
thioguanine,Glioblastoma,2.0
thioguanine,"Histiocytosis, Langerhans-Cell",2.0
thioguanine,Hodgkin Disease,2.0
thioguanine,Leukemia,3.0
thioguanine,"Leukemia, Basophilic, Acute",3.0
thioguanine,"Leukemia, Biphenotypic, Acute",3.0
thioguanine,"Leukemia, Erythroblastic, Acute",3.0
thioguanine,"Leukemia, Lymphoid",3.0
thioguanine,"Leukemia, Megakaryoblastic, Acute",3.0
thioguanine,"Leukemia, Monocytic, Acute",3.0
thioguanine,"Leukemia, Myeloid, Acute",3.0
thioguanine,"Leukemia, Myelomonocytic, Acute",3.0
thioguanine,"Leukemia, Myelomonocytic, Chronic",3.0
thioguanine,Lymphoma,3.0
thioguanine,"Lymphoma, Non-Hodgkin",1.0
thioguanine,Myelodysplastic Syndromes,3.0
thioguanine,Myeloproliferative Disorders,3.0
thioguanine,Neoplasms,4.0
thioguanine,Precursor Cell Lymphoblastic Leukemia-Lymphoma,3.0
thioguanine,Precursor T-Cell Lymphoblastic Leukemia-Lymphoma,3.0
thiomersal,"Hepatitis B, Chronic",3.0
thioridazine,Anxiety,3.0
thioridazine,Dementia,3.0
thioridazine,Depressive Disorder,3.0
thioridazine,"Leukemia, Myeloid, Acute",1.0
thioridazine,Psychotic Disorders,4.0
thioridazine,Schizophrenia,3.0
thiothixene,Psychotic Disorders,4.0
thiothixene,Schizophrenia,4.0
tiabendazole,Helminthiasis,4.0
tiagabine,Alcoholism,1.0
tiagabine,Anxiety,3.0
tiagabine,Cocaine-Related Disorders,2.0
tiagabine,Epilepsy,4.0
tiagabine,Schizophrenia,3.0
tiagabine,"Sleep Apnea, Obstructive",2.0
tiapride,Anxiety,3.0
tiapride,Dementia,3.0
tiapride,Depressive Disorder,3.0
tiapride,Psychotic Disorders,3.0
tiapride,Schizophrenia,3.0
tiapride,Tic Disorders,3.0
tiapride,Tourette Syndrome,3.0
tibolone,Breast Neoplasms,3.0
tibolone,"Depressive Disorder, Major",1.0
tibolone,Menopause,3.0
tibolone,Osteoporosis,3.0
tibolone,"Sexual Dysfunction, Physiological",3.0
ticagrelor,Acute Coronary Syndrome,4.0
ticagrelor,"Anemia, Sickle Cell",3.0
ticagrelor,"Angina, Stable",3.0
ticagrelor,"Aortic Aneurysm, Abdominal",2.0
ticagrelor,Aortic Valve Stenosis,3.0
ticagrelor,Atrial Fibrillation,3.0
ticagrelor,Cardiovascular Diseases,1.0
ticagrelor,Carotid Stenosis,2.0
ticagrelor,Coronary Artery Disease,4.0
ticagrelor,"Diabetes Mellitus, Type 2",4.0
ticagrelor,"Influenza, Human",3.0
ticagrelor,Intracranial Aneurysm,3.0
ticagrelor,Ischemia,1.0
ticagrelor,Ischemic Stroke,3.0
ticagrelor,Kidney Diseases,1.0
ticagrelor,"Kidney Failure, Chronic",1.0
ticagrelor,Myocardial Infarction,4.0
ticagrelor,Non-ST Elevated Myocardial Infarction,3.0
ticagrelor,Peripheral Arterial Disease,3.0
ticagrelor,Peripheral Vascular Diseases,4.0
ticagrelor,Pneumonia,3.0
ticagrelor,"Pulmonary Disease, Chronic Obstructive",2.0
ticagrelor,"Renal Insufficiency, Chronic",3.0
ticagrelor,ST Elevation Myocardial Infarction,3.0
ticagrelor,Severe Acute Respiratory Syndrome,3.0
ticagrelor,Stroke,4.0
ticagrelor,Thrombosis,4.0
ticlopidine,Carotid Stenosis,3.0
ticlopidine,Peripheral Arterial Disease,3.0
ticlopidine,Thrombosis,4.0
tiludronate,Bone Diseases,4.0
tiludronate,Otosclerosis,3.0
timolol,Cardiovascular Diseases,4.0
timolol,Exfoliation Syndrome,3.0
timolol,Glaucoma,4.0
timolol,"Glaucoma, Open-Angle",4.0
timolol,Hemangioma,2.0
timolol,Macular Degeneration,2.0
timolol,Melanoma,3.0
timolol,Migraine Disorders,2.0
timolol,Ocular Hypertension,4.0
timolol,Paronychia,3.0
timolol,Sturge-Weber Syndrome,1.0
timolol,"Telangiectasia, Hereditary Hemorrhagic",2.0
timolol,Varicose Ulcer,2.0
timolol,Wet Macular Degeneration,2.0
timolol,Wounds and Injuries,2.0
tioguanine,"Anemia, Refractory",3.0
tioguanine,"Anemia, Refractory, with Excess of Blasts",3.0
tioguanine,Brain Neoplasms,3.0
tioguanine,Central Nervous System Neoplasms,3.0
tioguanine,Glioblastoma,2.0
tioguanine,"Histiocytosis, Langerhans-Cell",2.0
tioguanine,Hodgkin Disease,2.0
tioguanine,Leukemia,3.0
tioguanine,"Leukemia, Basophilic, Acute",3.0
tioguanine,"Leukemia, Biphenotypic, Acute",3.0
tioguanine,"Leukemia, Erythroblastic, Acute",3.0
tioguanine,"Leukemia, Lymphoid",3.0
tioguanine,"Leukemia, Megakaryoblastic, Acute",3.0
tioguanine,"Leukemia, Monocytic, Acute",3.0
tioguanine,"Leukemia, Myeloid, Acute",3.0
tioguanine,"Leukemia, Myelomonocytic, Acute",3.0
tioguanine,"Leukemia, Myelomonocytic, Chronic",3.0
tioguanine,Lymphoma,3.0
tioguanine,"Lymphoma, Non-Hodgkin",1.0
tioguanine,Myelodysplastic Syndromes,3.0
tioguanine,Myeloproliferative Disorders,3.0
tioguanine,Neoplasms,4.0
tioguanine,Precursor Cell Lymphoblastic Leukemia-Lymphoma,3.0
tioguanine,Precursor T-Cell Lymphoblastic Leukemia-Lymphoma,3.0
tipiracil,Breast Neoplasms,2.0
tipiracil,"Carcinoma, Non-Small-Cell Lung",1.0
tipiracil,Cholangiocarcinoma,2.0
tipiracil,Colonic Neoplasms,2.0
tipiracil,Colorectal Neoplasms,3.0
tipiracil,Neoplasms,1.0
tipiracil,Pancreatic Neoplasms,2.0
tipiracil,Rectal Neoplasms,2.0
tipiracil,Stomach Neoplasms,2.0
tipiracil,Urinary Bladder Neoplasms,2.0
tipranavir,HIV Infections,4.0
tipranavir,Hemorrhage,4.0
tipranavir,Virus Diseases,4.0
tirapazamine,"Carcinoma, Hepatocellular",2.0
tirapazamine,"Carcinoma, Squamous Cell",3.0
tirapazamine,Head and Neck Neoplasms,3.0
tirapazamine,Lung Neoplasms,3.0
tirapazamine,Neoplasms,1.0
tirapazamine,Ovarian Neoplasms,2.0
tirapazamine,Peritoneal Neoplasms,2.0
tirapazamine,Rhabdomyosarcoma,2.0
tirapazamine,Small Cell Lung Carcinoma,2.0
tirapazamine,Uterine Cervical Neoplasms,3.0
tirasemtiv,Amyotrophic Lateral Sclerosis,3.0
tirasemtiv,Intermittent Claudication,2.0
tirasemtiv,Myasthenia Gravis,2.0
tirasemtiv,Peripheral Arterial Disease,2.0
tirofiban,Acute Coronary Syndrome,3.0
tirofiban,Atherosclerosis,3.0
tirofiban,Coronary Disease,3.0
tirofiban,Ischemic Stroke,2.0
tirofiban,Myocardial Infarction,3.0
tirofiban,"Pneumonia, Viral",2.0
tirofiban,Renal Insufficiency,1.0
tirofiban,Respiratory Insufficiency,2.0
tirofiban,Severe Acute Respiratory Syndrome,2.0
tirofiban,Stroke,2.0
tirofiban,Thrombosis,4.0
tirofiban,Venous Thromboembolism,2.0
tivantinib,Breast Neoplasms,2.0
tivantinib,"Carcinoma, Hepatocellular",3.0
tivantinib,"Carcinoma, Non-Small-Cell Lung",3.0
tivantinib,"Carcinoma, Renal Cell",2.0
tivantinib,"Carcinoma, Squamous Cell",2.0
tivantinib,Esophageal Neoplasms,1.0
tivantinib,Liver Neoplasms,3.0
tivantinib,Mesothelioma,2.0
tivantinib,Multiple Myeloma,2.0
tivantinib,Neoplasms,1.0
tivantinib,"Neoplasms, Germ Cell and Embryonal",2.0
tivantinib,Pancreatic Neoplasms,2.0
tivantinib,Prostatic Neoplasms,2.0
tivantinib,Small Cell Lung Carcinoma,2.0
tivantinib,Stomach Neoplasms,2.0
tivantinib,Triple Negative Breast Neoplasms,2.0
tivozanib,Breast Neoplasms,1.0
tivozanib,"Carcinoma, Hepatocellular",2.0
tivozanib,"Carcinoma, Non-Small-Cell Lung",1.0
tivozanib,"Carcinoma, Renal Cell",3.0
tivozanib,Cholangiocarcinoma,1.0
tivozanib,Colorectal Neoplasms,2.0
tivozanib,Fallopian Tube Neoplasms,2.0
tivozanib,Glioblastoma,2.0
tivozanib,Neoplasms,3.0
tivozanib,Ovarian Neoplasms,2.0
tivozanib,"Prostatic Neoplasms, Castration-Resistant",2.0
tivozanib,Sarcoma,2.0
tizanidine,Melanoma,1.0
tizanidine,Muscle Spasticity,2.0
tizanidine,Pain,2.0
tobramycin,Bacterial Infections,4.0
tobramycin,Blepharitis,3.0
tobramycin,Bronchiectasis,2.0
tobramycin,Bronchopulmonary Dysplasia,1.0
tobramycin,Cataract,3.0
tobramycin,"Conjunctivitis, Allergic",4.0
tobramycin,"Conjunctivitis, Bacterial",3.0
tobramycin,Cystic Fibrosis,4.0
tobramycin,Diabetic Foot,0.5
tobramycin,Dry Eye Syndromes,1.0
tobramycin,Eye Infections,4.0
tobramycin,"Fractures, Bone",3.0
tobramycin,Infections,4.0
tobramycin,Inflammation,4.0
tobramycin,Osteomyelitis,0.5
tobramycin,Pneumonia,3.0
tobramycin,"Pneumonia, Bacterial",2.0
tobramycin,Pseudomonas Infections,3.0
tobramycin,"Renal Insufficiency, Chronic",1.0
tobramycin,Respiratory Tract Infections,4.0
tobramycin,Sinusitis,1.0
tocilizumab,Amyotrophic Lateral Sclerosis,2.0
tocilizumab,"Arthritis, Juvenile",4.0
tocilizumab,"Arthritis, Rheumatoid",4.0
tocilizumab,Astrocytoma,2.0
tocilizumab,Behcet Syndrome,2.0
tocilizumab,Breast Neoplasms,2.0
tocilizumab,COVID-19,4.0
tocilizumab,"Carcinoma, Hepatocellular",1.0
tocilizumab,"Carcinoma, Non-Small-Cell Lung",1.0
tocilizumab,Castleman Disease,2.0
tocilizumab,Colorectal Neoplasms,1.0
tocilizumab,Cytokine Release Syndrome,4.0
tocilizumab,"Depressive Disorder, Major",2.0
tocilizumab,Dermatomyositis,2.0
tocilizumab,"Diabetes Mellitus, Type 1",2.0
tocilizumab,Epilepsy,3.0
tocilizumab,Erdheim-Chester Disease,2.0
tocilizumab,Familial Mediterranean Fever,2.0
tocilizumab,Fever,2.0
tocilizumab,Fibrous Dysplasia of Bone,2.0
tocilizumab,Giant Cell Arteritis,4.0
tocilizumab,Graft vs Host Disease,2.0
tocilizumab,Graves Ophthalmopathy,2.0
tocilizumab,HIV Infections,1.0
tocilizumab,Hematologic Neoplasms,2.0
tocilizumab,"Hypertension, Pulmonary",2.0
tocilizumab,Immune System Diseases,4.0
tocilizumab,"Influenza, Human",3.0
tocilizumab,Leukemia,2.0
tocilizumab,"Leukemia, Biphenotypic, Acute",1.0
tocilizumab,"Leukemia, Lymphocytic, Chronic, B-Cell",1.0
tocilizumab,"Leukemia, Myeloid, Acute",1.0
tocilizumab,Liver Neoplasms,1.0
tocilizumab,Lung Diseases,2.0
tocilizumab,"Lymphohistiocytosis, Hemophagocytic",2.0
tocilizumab,Lymphoma,3.0
tocilizumab,"Lymphoma, B-Cell",1.0
tocilizumab,"Lymphoma, Follicular",1.0
tocilizumab,"Lymphoma, Large B-Cell, Diffuse",3.0
tocilizumab,"Lymphoma, Mantle-Cell",2.0
tocilizumab,"Lymphoma, Non-Hodgkin",3.0
tocilizumab,Macrophage Activation Syndrome,2.0
tocilizumab,Melanoma,2.0
tocilizumab,Motor Neuron Disease,2.0
tocilizumab,Multiple Myeloma,2.0
tocilizumab,Myasthenia Gravis,2.0
tocilizumab,Neoplasms,2.0
tocilizumab,Neuromyelitis Optica,2.0
tocilizumab,Non-ST Elevated Myocardial Infarction,2.0
tocilizumab,Ovarian Neoplasms,1.0
tocilizumab,Pancreatic Neoplasms,2.0
tocilizumab,Panuveitis,1.0
tocilizumab,Pneumonia,3.0
tocilizumab,"Pneumonia, Viral",2.0
tocilizumab,"Polychondritis, Relapsing",2.0
tocilizumab,Polymyalgia Rheumatica,3.0
tocilizumab,Polymyositis,2.0
tocilizumab,Precursor Cell Lymphoblastic Leukemia-Lymphoma,1.0
tocilizumab,Prostatic Neoplasms,2.0
tocilizumab,"Prostatic Neoplasms, Castration-Resistant",2.0
tocilizumab,"Renal Insufficiency, Chronic",1.0
tocilizumab,Respiratory Distress Syndrome,2.0
tocilizumab,Schizophrenia,1.0
tocilizumab,Schnitzler Syndrome,2.0
tocilizumab,"Scleroderma, Systemic",4.0
tocilizumab,Sepsis,3.0
tocilizumab,Severe Acute Respiratory Syndrome,4.0
tocilizumab,Small Cell Lung Carcinoma,1.0
tocilizumab,"Spondylitis, Ankylosing",3.0
tocilizumab,"Still's Disease, Adult-Onset",2.0
tocilizumab,Takayasu Arteritis,3.0
tocilizumab,Urinary Bladder Neoplasms,1.0
tocilizumab,Uveitis,2.0
tocilizumab,"Uveitis, Intermediate",1.0
tocilizumab,"Uveitis, Posterior",1.0
tocilizumab,Virus Diseases,2.0
tofacitinib,Alopecia Areata,2.0
tofacitinib,"Arthritis, Juvenile",3.0
tofacitinib,"Arthritis, Psoriatic",3.0
tofacitinib,"Arthritis, Rheumatoid",3.0
tofacitinib,Colitis,2.0
tofacitinib,"Colitis, Ulcerative",3.0
tofacitinib,Crohn Disease,2.0
tofacitinib,Dermatomyositis,1.0
tofacitinib,Down Syndrome,2.0
tofacitinib,Dry Eye Syndromes,2.0
tofacitinib,Glioblastoma,3.0
tofacitinib,Granuloma Annulare,1.0
tofacitinib,"Granuloma, Lethal Midline",2.0
tofacitinib,"Granulomatous Disease, Chronic",1.0
tofacitinib,Kidney Diseases,1.0
tofacitinib,"Leishmaniasis, Cutaneous",2.0
tofacitinib,"Lupus Erythematosus, Cutaneous",1.0
tofacitinib,"Lupus Erythematosus, Systemic",1.0
tofacitinib,Myasthenia Gravis,0.5
tofacitinib,Myocarditis,2.0
tofacitinib,Myositis,2.0
tofacitinib,Pneumonia,2.0
tofacitinib,Polymyalgia Rheumatica,3.0
tofacitinib,Pouchitis,2.0
tofacitinib,Psoriasis,3.0
tofacitinib,"Renal Insufficiency, Chronic",1.0
tofacitinib,Sarcoidosis,1.0
tofacitinib,"Scleroderma, Systemic",2.0
tofacitinib,Severe Acute Respiratory Syndrome,3.0
tofacitinib,Sjogren's Syndrome,2.0
tofacitinib,"Spondylitis, Ankylosing",3.0
tofacitinib,Stevens-Johnson Syndrome,0.5
tofacitinib,Takayasu Arteritis,3.0
tofacitinib,Wounds and Injuries,2.0
tolazamide,Diabetes Mellitus,4.0
tolazamide,"Diabetes Mellitus, Type 2",4.0
tolbutamide,Chronic Pain,1.0
tolbutamide,Diabetes Mellitus,4.0
tolbutamide,"Diabetes Mellitus, Type 2",4.0
tolbutamide,Endotoxemia,1.0
tolbutamide,"Hepatitis C, Chronic",1.0
tolbutamide,Lymphoma,1.0
tolbutamide,Neoplasms,1.0
tolcapone,Alcoholism,2.0
tolcapone,"Amyloid Neuropathies, Familial",0.5
tolcapone,Brain Injuries,2.0
tolcapone,Cocaine-Related Disorders,1.0
tolcapone,Executive Function,0.5
tolcapone,Gambling,2.0
tolcapone,Liver Failure,4.0
tolcapone,Neuroblastoma,1.0
tolcapone,Obsessive-Compulsive Disorder,2.0
tolcapone,Parkinson Disease,4.0
tolcapone,Pick Disease of the Brain,2.0
tolcapone,Schizophrenia,2.0
tolcapone,Tobacco Use Disorder,2.0
tolfenamic-acid,Pancreatic Neoplasms,1.0
tolfenamic-acid,Rheumatic Diseases,4.0
tolfenamic-acid,"Supranuclear Palsy, Progressive",1.0
tolimidone,"Diabetes Mellitus, Type 2",2.0
tolnaftate,Eczema,3.0
tolnaftate,Infections,4.0
tolnaftate,Pruritus,4.0
tolnaftate,Tinea,4.0
tolnaftate,Tinea Pedis,4.0
tolperisone,Arthralgia,3.0
tolperisone,Low Back Pain,3.0
tolperisone,Muscle Spasticity,2.0
tolperisone,Myalgia,3.0
tolvaptan,Carcinoma,2.0
tolvaptan,Cardiovascular Diseases,4.0
tolvaptan,Dyspnea,3.0
tolvaptan,"Edema, Cardiac",3.0
tolvaptan,Heart Failure,4.0
tolvaptan,Hyponatremia,4.0
tolvaptan,Inappropriate ADH Syndrome,4.0
tolvaptan,Kidney Diseases,2.0
tolvaptan,"Kidney Failure, Chronic",2.0
tolvaptan,Liver Cirrhosis,3.0
tolvaptan,Polycystic Kidney Diseases,4.0
tolvaptan,"Polycystic Kidney, Autosomal Dominant",4.0
tonabersat,Migraine with Aura,2.0
tonabersat,Migraine without Aura,2.0
tonabersat,Post-Acute COVID-19 Syndrome,2.0
topiramate,Alcohol Drinking,2.0
topiramate,Alcoholism,3.0
topiramate,Amphetamine-Related Disorders,2.0
topiramate,Anxiety,3.0
topiramate,Bipolar Disorder,3.0
topiramate,Brain Ischemia,2.0
topiramate,Bulimia,3.0
topiramate,Bulimia Nervosa,1.0
topiramate,Cocaine-Related Disorders,3.0
topiramate,Cognitive Dysfunction,1.0
topiramate,Deafness,2.0
topiramate,Dementia,3.0
topiramate,Depressive Disorder,3.0
topiramate,Diabetes Mellitus,2.0
topiramate,"Diabetes Mellitus, Type 2",3.0
topiramate,"Epilepsies, Partial",3.0
topiramate,Epilepsy,4.0
topiramate,"Epilepsy, Tonic-Clonic",3.0
topiramate,Essential Tremor,3.0
topiramate,Feeding and Eating Disorders,0.5
topiramate,Gambling,3.0
topiramate,HIV Infections,1.0
topiramate,Headache,3.0
topiramate,"Hearing Loss, Sudden",2.0
topiramate,"Hernias, Diaphragmatic, Congenital",1.0
topiramate,Hyperlipidemias,3.0
topiramate,Hypertension,3.0
topiramate,Hypertriglyceridemia,3.0
topiramate,Lennox Gastaut Syndrome,4.0
topiramate,Liver Diseases,1.0
topiramate,Marijuana Abuse,2.0
topiramate,Metabolic Syndrome,3.0
topiramate,Migraine Disorders,4.0
topiramate,Mood Disorders,3.0
topiramate,Multiple Sclerosis,2.0
topiramate,Obesity,3.0
topiramate,Obsessive-Compulsive Disorder,3.0
topiramate,Pain,3.0
topiramate,Parkinson Disease,2.0
topiramate,Prader-Willi Syndrome,3.0
topiramate,Schizophrenia,3.0
topiramate,Sciatica,2.0
topiramate,Seizures,4.0
topiramate,Smoking Cessation,3.0
topiramate,"Stress Disorders, Post-Traumatic",2.0
topiramate,Tobacco Use Disorder,3.0
topiramate,Tourette Syndrome,3.0
topiroxostat,Diabetic Nephropathies,2.0
topiroxostat,Hyperuricemia,2.0
torasemide,Cardiovascular Diseases,4.0
torasemide,"Diabetes Mellitus, Type 2",1.0
torasemide,Heart Failure,4.0
torasemide,Hypertension,4.0
torasemide,Myocardial Infarction,4.0
torasemide,Pre-Eclampsia,2.0
torasemide,Stroke,4.0
torcetrapib,Coronary Disease,3.0
torcetrapib,Hypercholesterolemia,3.0
torcetrapib,"Hyperlipidemia, Familial Combined",3.0
torcetrapib,Hyperlipidemias,3.0
torcetrapib,Hyperlipoproteinemia Type II,3.0
torcetrapib,Hyperlipoproteinemia Type III,3.0
torcetrapib,Hyperlipoproteinemia Type IV,3.0
torcetrapib,Hypertriglyceridemia,3.0
torcetrapib,Lipid Metabolism Disorders,3.0
toremifene,Breast Neoplasms,3.0
toremifene,Desmoid Tumors,2.0
toremifene,"Fractures, Bone",3.0
toremifene,Mastodynia,3.0
toremifene,Neoplasms,3.0
toremifene,Ovarian Neoplasms,2.0
toremifene,Prostatic Intraepithelial Neoplasia,3.0
toremifene,"Prostatic Neoplasms, Castration-Resistant",2.0
toremifene,Severe Acute Respiratory Syndrome,2.0
tosedostat,"Carcinoma, Non-Small-Cell Lung",1.0
tosedostat,"Leukemia, Myeloid, Acute",2.0
tosedostat,Myelodysplastic Syndromes,2.0
tosedostat,Neoplasms,1.0
tosedostat,Pancreatic Neoplasms,1.0
tozasertib,"Carcinoma, Non-Small-Cell Lung",2.0
tozasertib,Colorectal Neoplasms,1.0
tozasertib,Leukemia,2.0
tozasertib,"Leukemia, Lymphoid",1.0
tozasertib,"Leukemia, Myelogenous, Chronic, BCR-ABL Positive",1.0
tozasertib,Myelodysplastic Syndromes,1.0
tozasertib,Neoplasms,1.0
tozasertib,Precursor Cell Lymphoblastic Leukemia-Lymphoma,1.0
tramadol,Abdominal Pain,3.0
tramadol,Breast Neoplasms,2.0
tramadol,"Carcinoma, Squamous Cell",2.0
tramadol,Chronic Pain,3.0
tramadol,"Depressive Disorder, Major",2.0
tramadol,Diabetic Neuropathies,3.0
tramadol,Fibromyalgia,3.0
tramadol,Hip Fractures,2.0
tramadol,Low Back Pain,3.0
tramadol,Neoplasms,2.0
tramadol,Neuralgia,3.0
tramadol,Opioid-Related Disorders,3.0
tramadol,Osteoarthritis,2.0
tramadol,"Osteoarthritis, Knee",3.0
tramadol,Pain,4.0
tramadol,Pancreatitis,0.5
tramadol,Rotator Cuff Injuries,2.0
tramadol,Substance Withdrawal Syndrome,2.0
tramadol,Uveal Melanoma,1.0
tramadol,Wounds and Injuries,2.0
trametinib,Adenocarcinoma of Lung,1.0
trametinib,"Adenocarcinoma, Follicular",2.0
trametinib,Ameloblastoma,2.0
trametinib,Amyotrophic Lateral Sclerosis,1.0
trametinib,Biliary Tract Neoplasms,2.0
trametinib,Breast Neoplasms,2.0
trametinib,Bronchial Neoplasms,1.0
trametinib,Carcinoma,2.0
trametinib,"Carcinoma, Hepatocellular",2.0
trametinib,"Carcinoma, Non-Small-Cell Lung",2.0
trametinib,"Carcinoma, Pancreatic Ductal",1.0
trametinib,Cholangiocarcinoma,2.0
trametinib,Colonic Neoplasms,2.0
trametinib,Colorectal Neoplasms,2.0
trametinib,Craniopharyngioma,2.0
trametinib,Erdheim-Chester Disease,2.0
trametinib,Gastrointestinal Stromal Tumors,2.0
trametinib,Glioma,1.0
trametinib,"Hemangioendothelioma, Epithelioid",2.0
trametinib,Histiocytosis,2.0
trametinib,Intracranial Arteriovenous Malformations,2.0
trametinib,Leukemia,1.0
trametinib,"Leukemia, Myeloid, Acute",2.0
trametinib,Liver Neoplasms,1.0
trametinib,Lung Neoplasms,2.0
trametinib,Melanoma,3.0
trametinib,Meningioma,1.0
trametinib,Mouth Neoplasms,2.0
trametinib,Multiple Myeloma,2.0
trametinib,Neoplasms,4.0
trametinib,Pancreatic Neoplasms,2.0
trametinib,Prostatic Neoplasms,2.0
trametinib,"Prostatic Neoplasms, Castration-Resistant",2.0
trametinib,Rectal Neoplasms,1.0
trametinib,Rosacea,1.0
trametinib,Sarcoma,3.0
trametinib,Stomach Neoplasms,1.0
trametinib,"Thyroid Carcinoma, Anaplastic",2.0
trametinib,Thyroid Neoplasms,3.0
trametinib,Triple Negative Breast Neoplasms,2.0
trametinib,Uterine Cervical Neoplasms,2.0
trametinib,Uveal Melanoma,2.0
tramiprosate,Alzheimer Disease,3.0
tranilast,"Arthritis, Rheumatoid",2.0
tranilast,Pterygium,3.0
tranilast,Sarcoidosis,0.5
tranilast,Scleredema Adultorum,0.5
tranylcypromine,Anxiety,3.0
tranylcypromine,Dementia,3.0
tranylcypromine,Depressive Disorder,4.0
tranylcypromine,"Hypotension, Orthostatic",1.0
tranylcypromine,Leukemia,1.0
tranylcypromine,"Leukemia, Myeloid, Acute",1.0
tranylcypromine,Myelodysplastic Syndromes,1.0
tranylcypromine,Schizophrenia,3.0
trapidil,Cardiovascular Diseases,2.0
travoprost,Exfoliation Syndrome,3.0
travoprost,Glaucoma,4.0
travoprost,"Glaucoma, Open-Angle",4.0
travoprost,Ocular Hypertension,4.0
trazodone,Alcoholism,2.0
trazodone,Alzheimer Disease,3.0
trazodone,Anxiety,3.0
trazodone,Dementia,3.0
trazodone,"Depression, Postpartum",1.0
trazodone,Depressive Disorder,4.0
trazodone,Diabetic Neuropathies,2.0
trazodone,Schizophrenia,3.0
trazodone,"Sleep Apnea, Obstructive",1.0
trazodone,Sleep Initiation and Maintenance Disorders,3.0
trazodone,Sleep Wake Disorders,3.0
trehalose,Acute Coronary Syndrome,2.0
trehalose,Alzheimer Disease,1.0
trehalose,Amyotrophic Lateral Sclerosis,2.0
trehalose,Bipolar Disorder,3.0
trehalose,Machado-Joseph Disease,2.0
trehalose,"Muscular Dystrophy, Oculopharyngeal",2.0
trehalose,Non-alcoholic Fatty Liver Disease,2.0
tretinoin,Acne Vulgaris,4.0
tretinoin,Amyotrophic Lateral Sclerosis,1.0
tretinoin,Anemia,2.0
tretinoin,Anti-Neutrophil Cytoplasmic Antibody-Associated Vasculitis,2.0
tretinoin,Autistic Disorder,0.5
tretinoin,Breast Neoplasms,3.0
tretinoin,"Carcinoma, Adenoid Cystic",2.0
tretinoin,"Carcinoma, Basal Cell",3.0
tretinoin,"Carcinoma, Non-Small-Cell Lung",3.0
tretinoin,"Carcinoma, Squamous Cell",3.0
tretinoin,"Cholangitis, Sclerosing",2.0
tretinoin,Colorectal Neoplasms,2.0
tretinoin,Emphysema,2.0
tretinoin,Glioblastoma,1.0
tretinoin,Hematologic Neoplasms,1.0
tretinoin,Hypercholesterolemia,0.5
tretinoin,Hyperpigmentation,4.0
tretinoin,"Keratosis, Actinic",2.0
tretinoin,Kidney Neoplasms,2.0
tretinoin,Leukemia,3.0
tretinoin,"Leukemia, Myeloid, Acute",3.0
tretinoin,"Leukemia, Promyelocytic, Acute",4.0
tretinoin,Lung Neoplasms,2.0
tretinoin,Lymphoma,2.0
tretinoin,Melanoma,2.0
tretinoin,Melanosis,4.0
tretinoin,Multiple Myeloma,2.0
tretinoin,Myelodysplastic Syndromes,3.0
tretinoin,Myelodysplastic-Myeloproliferative Diseases,1.0
tretinoin,Myeloproliferative Disorders,3.0
tretinoin,Neoplasms,4.0
tretinoin,"Neoplasms, Plasma Cell",1.0
tretinoin,Neuroblastoma,2.0
tretinoin,Pancreatic Neoplasms,2.0
tretinoin,Prostatic Neoplasms,2.0
tretinoin,"Prostatic Neoplasms, Castration-Resistant",2.0
tretinoin,"Purpura, Thrombocytopenic, Idiopathic",3.0
tretinoin,Rosacea,3.0
tretinoin,Severe Acute Respiratory Syndrome,2.0
tretinoin,Skin Neoplasms,3.0
tretinoin,Small Cell Lung Carcinoma,2.0
tretinoin,Striae Distensae,2.0
triamcinolone,Abdominal Pain,2.0
triamcinolone,Acneiform Eruptions,2.0
triamcinolone,Alopecia Areata,2.0
triamcinolone,Corneal Edema,3.0
triamcinolone,"Dermatitis, Atopic",2.0
triamcinolone,Diabetic Retinopathy,1.0
triamcinolone,Eye Diseases,4.0
triamcinolone,Geographic Atrophy,2.0
triamcinolone,Hemorrhoids,4.0
triamcinolone,Keloid,3.0
triamcinolone,"Lichen Planus, Oral",2.0
triamcinolone,Lung Diseases,3.0
triamcinolone,"Lung Diseases, Obstructive",4.0
triamcinolone,Macular Degeneration,1.0
triamcinolone,Macular Edema,3.0
triamcinolone,Melanoma,2.0
triamcinolone,Melanosis,2.0
triamcinolone,Nasal Obstruction,4.0
triamcinolone,Nasal Polyps,1.0
triamcinolone,Neuralgia,0.5
triamcinolone,"Optic Neuropathy, Ischemic",1.0
triamcinolone,Orbital Pseudotumor,3.0
triamcinolone,Osteoarthritis,3.0
triamcinolone,"Osteoarthritis, Hip",3.0
triamcinolone,"Osteoarthritis, Knee",2.0
triamcinolone,Pain,3.0
triamcinolone,"Pancreatitis, Chronic",3.0
triamcinolone,Psoriasis,2.0
triamcinolone,"Pulmonary Disease, Chronic Obstructive",3.0
triamcinolone,Radiculopathy,3.0
triamcinolone,Retinal Vein Occlusion,3.0
triamcinolone,"Rhinitis, Allergic, Perennial",3.0
triamcinolone,"Rhinitis, Allergic, Seasonal",3.0
triamcinolone,Rotator Cuff Injuries,1.0
triamcinolone,Shoulder Pain,2.0
triamcinolone,Sinusitis,0.5
triamcinolone,Skin Diseases,4.0
triamcinolone,Vascular Diseases,2.0
triamcinolone,Vitiligo,2.0
triamcinolone,Wet Macular Degeneration,2.0
triamcinolone-acetonide,Alopecia Areata,2.0
triamcinolone-acetonide,Anemia,4.0
triamcinolone-acetonide,"Arthritis, Gouty",4.0
triamcinolone-acetonide,"Arthritis, Rheumatoid",4.0
triamcinolone-acetonide,Asthma,4.0
triamcinolone-acetonide,Breast Neoplasms,2.0
triamcinolone-acetonide,Bursitis,4.0
triamcinolone-acetonide,Cataract,2.0
triamcinolone-acetonide,Chalazion,3.0
triamcinolone-acetonide,Choroidal Neovascularization,3.0
triamcinolone-acetonide,Complex Regional Pain Syndromes,2.0
triamcinolone-acetonide,Cough,3.0
triamcinolone-acetonide,"Cystitis, Interstitial",3.0
triamcinolone-acetonide,Dermatitis,4.0
triamcinolone-acetonide,"Dermatitis, Atopic",2.0
triamcinolone-acetonide,Diabetic Retinopathy,3.0
triamcinolone-acetonide,Dupuytren Contracture,3.0
triamcinolone-acetonide,Eye Injuries,3.0
triamcinolone-acetonide,Fibroma,1.0
triamcinolone-acetonide,Glaucoma,2.0
triamcinolone-acetonide,Hand Dermatoses,2.0
triamcinolone-acetonide,Hearing Loss,1.0
triamcinolone-acetonide,Humeral Fractures,2.0
triamcinolone-acetonide,Keloid,2.0
triamcinolone-acetonide,Lichen Planus,2.0
triamcinolone-acetonide,"Lichen Planus, Oral",3.0
triamcinolone-acetonide,Macular Degeneration,3.0
triamcinolone-acetonide,Macular Edema,3.0
triamcinolone-acetonide,Mucositis,1.0
triamcinolone-acetonide,Multiple Sclerosis,4.0
triamcinolone-acetonide,Mycoses,4.0
triamcinolone-acetonide,Nasal Obstruction,4.0
triamcinolone-acetonide,"Neuroma, Acoustic",1.0
triamcinolone-acetonide,"Optic Neuropathy, Ischemic",3.0
triamcinolone-acetonide,Osteoarthritis,4.0
triamcinolone-acetonide,"Osteoarthritis, Hip",3.0
triamcinolone-acetonide,"Osteoarthritis, Knee",3.0
triamcinolone-acetonide,Otitis Media with Effusion,3.0
triamcinolone-acetonide,Pain,4.0
triamcinolone-acetonide,Papilledema,0.5
triamcinolone-acetonide,"Pemphigoid, Benign Mucous Membrane",2.0
triamcinolone-acetonide,Pemphigus,3.0
triamcinolone-acetonide,Psoriasis,2.0
triamcinolone-acetonide,Radiculopathy,3.0
triamcinolone-acetonide,Retinal Vein Occlusion,3.0
triamcinolone-acetonide,Rhinitis,3.0
triamcinolone-acetonide,"Rhinitis, Allergic, Seasonal",4.0
triamcinolone-acetonide,Rotator Cuff Injuries,1.0
triamcinolone-acetonide,Serum Sickness,4.0
triamcinolone-acetonide,Shoulder Pain,2.0
triamcinolone-acetonide,Skin Diseases,4.0
triamcinolone-acetonide,Tendinopathy,3.0
triamcinolone-acetonide,Tendon Entrapment,0.5
triamcinolone-acetonide,Tennis Elbow,4.0
triamcinolone-acetonide,Tenosynovitis,4.0
triamcinolone-acetonide,"Tuberculosis, Pulmonary",4.0
triamcinolone-acetonide,Ulnar Neuropathies,2.0
triamcinolone-acetonide,Uveal Melanoma,2.0
triamcinolone-acetonide,Uveitis,3.0
triamcinolone-acetonide,Uveomeningoencephalitic Syndrome,2.0
triamcinolone-acetonide,Vitiligo,2.0
triamcinolone-acetonide,"Vitreoretinopathy, Proliferative",3.0
triamcinolone-acetonide,Wet Macular Degeneration,2.0
triamcinolone-acetonide,Wounds and Injuries,4.0
triamterene,Atherosclerosis,3.0
triamterene,Cardiovascular Diseases,4.0
triamterene,Coronary Disease,3.0
triamterene,"Death, Sudden, Cardiac",3.0
triamterene,"Diabetes Mellitus, Type 2",3.0
triamterene,Edema,4.0
triamterene,Heart Failure,4.0
triamterene,Hyperaldosteronism,4.0
triamterene,Hypercholesterolemia,3.0
triamterene,Hypertension,4.0
triamterene,Liver Cirrhosis,4.0
triamterene,Nephrotic Syndrome,4.0
triamterene,Toxemia,4.0
triclabendazole,Fascioliasis,4.0
triclabendazole,Helminthiasis,4.0
triclosan,Gingivitis,3.0
triclosan,Hypersensitivity,3.0
triclosan,Mucositis,3.0
triclosan,Periodontal Diseases,3.0
triclosan,Periodontitis,3.0
trientine,"Cardiomyopathy, Hypertrophic",2.0
trientine,Hepatolenticular Degeneration,3.0
trientine,Melanoma,1.0
trientine,Neoplasms,1.0
trifluoperazine,"Anemia, Diamond-Blackfan",1.0
trifluoperazine,Psychotic Disorders,4.0
triflupromazine,Psychotic Disorders,4.0
trifluridine,Breast Neoplasms,2.0
trifluridine,"Carcinoma, Non-Small-Cell Lung",1.0
trifluridine,Cholangiocarcinoma,2.0
trifluridine,Colonic Neoplasms,2.0
trifluridine,Colorectal Neoplasms,4.0
trifluridine,Esophageal Neoplasms,3.0
trifluridine,Eye Infections,4.0
trifluridine,Herpes Simplex,4.0
trifluridine,Keratoconjunctivitis,4.0
trifluridine,Neoplasms,4.0
trifluridine,Rectal Neoplasms,2.0
trifluridine,Stomach Neoplasms,1.0
trilostane,Adrenal Gland Diseases,4.0
trilostane,Prostatic Neoplasms,2.0
trilostane,"Prostatic Neoplasms, Castration-Resistant",2.0
trimebutine,Digestive System Diseases,3.0
trimebutine,Irritable Bowel Syndrome,2.0
trimetazidine,Acute-On-Chronic Liver Failure,1.0
trimetazidine,"Cardiomyopathy, Hypertrophic",2.0
trimetazidine,Cardiotoxicity,2.0
trimetazidine,Cardiovascular Diseases,4.0
trimetazidine,Diabetic Nephropathies,2.0
trimetazidine,Heart Failure,1.0
trimetazidine,"Hypertension, Pulmonary",2.0
trimetazidine,Non-alcoholic Fatty Liver Disease,2.0
trimetazidine,Peripheral Nervous System Diseases,1.0
trimethobenzamide,Hypersensitivity,2.0
trimethoprim,Abscess,3.0
trimethoprim,Anemia,1.0
trimethoprim,Astrocytoma,1.0
trimethoprim,Bacterial Infections,4.0
trimethoprim,Brain Neoplasms,1.0
trimethoprim,Cystic Fibrosis,2.0
trimethoprim,Dermatitis,2.0
trimethoprim,"Diabetes Mellitus, Type 1",2.0
trimethoprim,Eczema,2.0
trimethoprim,Epidermolysis Bullosa,2.0
trimethoprim,Glioblastoma,1.0
trimethoprim,Granulomatosis with Polyangiitis,1.0
trimethoprim,HIV Infections,3.0
trimethoprim,Idiopathic Pulmonary Fibrosis,3.0
trimethoprim,Infections,4.0
trimethoprim,Kidney Diseases,1.0
trimethoprim,Leukemia,1.0
trimethoprim,"Leukemia, Biphenotypic, Acute",1.0
trimethoprim,"Lymphoma, AIDS-Related",2.0
trimethoprim,Macular Degeneration,1.0
trimethoprim,Malaria,3.0
trimethoprim,Measles,3.0
trimethoprim,Neoplasms,1.0
trimethoprim,Osteomyelitis,0.5
trimethoprim,Otitis Media,4.0
trimethoprim,Pneumonia,3.0
trimethoprim,"Pneumonia, Pneumocystis",4.0
trimethoprim,"Pulmonary Disease, Chronic Obstructive",1.0
trimethoprim,Pyelonephritis,3.0
trimethoprim,Sepsis,3.0
trimethoprim,Skin Diseases,2.0
trimethoprim,Staphylococcal Infections,3.0
trimethoprim,"Toxoplasmosis, Ocular",3.0
trimethoprim,Tuberculosis,3.0
trimethoprim,Urinary Tract Infections,4.0
trimipramine,Anxiety,3.0
trimipramine,Dementia,3.0
trimipramine,Depressive Disorder,4.0
trimipramine,Schizophrenia,3.0
triptolide,"Carcinoma, Non-Small-Cell Lung",1.0
triptolide,HIV Infections,1.0
triptolide,Infections,3.0
triptolide,Lung Neoplasms,1.0
triptolide,"Polycystic Kidney, Autosomal Dominant",3.0
triptorelin,Breast Neoplasms,3.0
triptorelin,Endometriosis,3.0
triptorelin,HIV Infections,2.0
triptorelin,Infertility,3.0
triptorelin,Lymphoma,2.0
triptorelin,Neoplasms,4.0
triptorelin,Ovarian Hyperstimulation Syndrome,3.0
triptorelin,Prostatic Neoplasms,3.0
triptorelin,"Prostatic Neoplasms, Castration-Resistant",3.0
triptorelin,"Puberty, Precocious",3.0
triptorelin,Salivary Gland Neoplasms,2.0
troglitazone,Diabetes Mellitus,4.0
troglitazone,Sarcoma,2.0
trovafloxacin,Bacterial Infections,4.0
trovafloxacin,Osteomyelitis,0.5
ubenimex,"Hypertension, Pulmonary",2.0
ubenimex,Lymphedema,2.0
ulipristal,Leiomyoma,2.0
ulipristal,Myoma,3.0
umeclidinium,Asthma,2.0
umeclidinium,Hyperhidrosis,2.0
umeclidinium,"Pulmonary Disease, Chronic Obstructive",3.0
upadacitinib,Alopecia Areata,3.0
upadacitinib,"Arthritis, Juvenile",3.0
upadacitinib,"Arthritis, Psoriatic",3.0
upadacitinib,"Arthritis, Rheumatoid",3.0
upadacitinib,"Colitis, Ulcerative",3.0
upadacitinib,Crohn Disease,3.0
upadacitinib,"Dermatitis, Atopic",3.0
upadacitinib,Giant Cell Arteritis,3.0
upadacitinib,Hidradenitis Suppurativa,3.0
upadacitinib,"Lupus Erythematosus, Systemic",2.0
upadacitinib,"Spondylitis, Ankylosing",3.0
upadacitinib,Takayasu Arteritis,3.0
upadacitinib,Vitiligo,3.0
urapidil,Cerebrovascular Disorders,3.0
urapidil,Hypertension,3.0
urapidil,Pre-Eclampsia,3.0
urapidil,Stroke,3.0
urea,Argininosuccinic Aciduria,1.0
urea,Carbamoyl-Phosphate Synthase I Deficiency Disease,1.0
urea,"Carcinoma, Hepatocellular",2.0
urea,Cicatrix,3.0
urea,Citrullinemia,1.0
urea,"Dermatitis, Atopic",3.0
urea,Diabetes Mellitus,3.0
urea,"Diabetes Mellitus, Type 2",3.0
urea,Hand-Foot Syndrome,2.0
urea,Head and Neck Neoplasms,2.0
urea,Non-alcoholic Fatty Liver Disease,2.0
urea,Ornithine Carbamoyltransferase Deficiency Disease,1.0
urea,Pain,2.0
urea,Psoriasis,2.0
urea,Radiodermatitis,3.0
urea,Skin Diseases,2.0
ursodeoxycholyltaurine,Amyotrophic Lateral Sclerosis,1.0
ursodeoxycholyltaurine,Neurodegenerative Diseases,1.0
ursodiol,Adenomatous Polyposis Coli,2.0
ursodiol,"Arthritis, Rheumatoid",2.0
ursodiol,Chemical and Drug Induced Liver Injury,2.0
ursodiol,"Cholangitis, Sclerosing",2.0
ursodiol,Cholelithiasis,3.0
ursodiol,Cholestasis,2.0
ursodiol,"Cholestasis, Intrahepatic",3.0
ursodiol,Colorectal Neoplasms,2.0
ursodiol,Diabetes Mellitus,2.0
ursodiol,"Diabetes Mellitus, Type 2",3.0
ursodiol,"Diabetes, Gestational",3.0
ursodiol,Fibrosis,1.0
ursodiol,Glucose Intolerance,1.0
ursodiol,Heart Failure,2.0
ursodiol,"Hepatitis C, Chronic",3.0
ursodiol,Hepatitis D,2.0
ursodiol,Huntington Disease,1.0
ursodiol,Inflammation,2.0
ursodiol,"Jaundice, Obstructive",2.0
ursodiol,Liver Cirrhosis,1.0
ursodiol,"Liver Cirrhosis, Biliary",4.0
ursodiol,Liver Diseases,3.0
ursodiol,Non-alcoholic Fatty Liver Disease,2.0
ursodiol,Obesity,1.0
ursodiol,Parkinson Disease,2.0
ursodiol,Pregnancy,2.0
ursodiol,Severe Acute Respiratory Syndrome,1.0
ursolic-acid,"Cholangitis, Sclerosing",1.0
ursolic-acid,Metabolic Syndrome,2.0
ursolic-acid,"Prostatic Neoplasms, Castration-Resistant",0.5
valdecoxib,"Arthritis, Rheumatoid",4.0
valdecoxib,Dysmenorrhea,4.0
valdecoxib,Osteoarthritis,4.0
valdecoxib,"Osteoarthritis, Knee",2.0
valdecoxib,Pain,3.0
valdecoxib,Pancreatitis,2.0
valdecoxib,Pharyngitis,3.0
valdecoxib,Rheumatic Diseases,4.0
valproic-acid,Alcoholism,3.0
valproic-acid,Alopecia,2.0
valproic-acid,Alzheimer Disease,3.0
valproic-acid,Anxiety,3.0
valproic-acid,Astrocytoma,1.0
valproic-acid,Autistic Disorder,3.0
valproic-acid,Bipolar Disorder,4.0
valproic-acid,Brain Injuries,1.0
valproic-acid,Brain Neoplasms,2.0
valproic-acid,Breast Neoplasms,2.0
valproic-acid,Burkitt Lymphoma,1.0
valproic-acid,"Carcinoma, Non-Small-Cell Lung",1.0
valproic-acid,"Carcinoma, Squamous Cell",2.0
valproic-acid,Central Nervous System Neoplasms,1.0
valproic-acid,Colorectal Neoplasms,1.0
valproic-acid,Dementia,3.0
valproic-acid,Depressive Disorder,3.0
valproic-acid,Ependymoma,2.0
valproic-acid,"Epilepsies, Partial",1.0
valproic-acid,Epilepsy,4.0
valproic-acid,"Epilepsy, Absence",4.0
valproic-acid,"Epilepsy, Complex Partial",4.0
valproic-acid,Glioblastoma,2.0
valproic-acid,Glioma,2.0
valproic-acid,HIV Infections,2.0
valproic-acid,Head and Neck Neoplasms,2.0
valproic-acid,Leukemia,2.0
valproic-acid,"Leukemia, Lymphocytic, Chronic, B-Cell",2.0
valproic-acid,"Leukemia, Myelogenous, Chronic, BCR-ABL Positive",2.0
valproic-acid,"Leukemia, Myeloid, Acute",2.0
valproic-acid,Lung Neoplasms,1.0
valproic-acid,Lymphoma,2.0
valproic-acid,"Lymphoma, Large B-Cell, Diffuse",1.0
valproic-acid,"Lymphoma, Mantle-Cell",1.0
valproic-acid,Medulloblastoma,1.0
valproic-acid,Melanoma,1.0
valproic-acid,Migraine Disorders,3.0
valproic-acid,Mitochondrial Diseases,4.0
valproic-acid,"Muscular Atrophy, Spinal",3.0
valproic-acid,Myelodysplastic Syndromes,2.0
valproic-acid,Nasopharyngeal Carcinoma,1.0
valproic-acid,Neoplasms,1.0
valproic-acid,Neuralgia,2.0
valproic-acid,Ovarian Neoplasms,1.0
valproic-acid,Pancreatic Neoplasms,2.0
valproic-acid,Paraganglioma,1.0
valproic-acid,"Paraparesis, Tropical Spastic",3.0
valproic-acid,"Prostatic Neoplasms, Castration-Resistant",2.0
valproic-acid,Psychomotor Agitation,3.0
valproic-acid,Retinitis Pigmentosa,2.0
valproic-acid,Sarcoma,1.0
valproic-acid,Schizophrenia,3.0
valproic-acid,Seizures,4.0
valproic-acid,Shock,1.0
valproic-acid,Small Cell Lung Carcinoma,2.0
valproic-acid,Status Epilepticus,3.0
valproic-acid,"Supranuclear Palsy, Progressive",2.0
valproic-acid,Thyroid Neoplasms,2.0
valproic-acid,Urinary Bladder Neoplasms,0.5
valproic-acid,Uveal Melanoma,2.0
valproic-acid,Wounds and Injuries,1.0
valrubicin,Carcinoma,4.0
valrubicin,Carcinoma in Situ,3.0
valrubicin,Neoplasms,4.0
valrubicin,Urinary Bladder Neoplasms,3.0
valsartan,Acute Coronary Syndrome,2.0
valsartan,Aortic Valve Insufficiency,2.0
valsartan,Atherosclerosis,3.0
valsartan,Atrial Fibrillation,3.0
valsartan,"Cardiomyopathy, Hypertrophic",2.0
valsartan,Cardiovascular Diseases,4.0
valsartan,Chagas Cardiomyopathy,3.0
valsartan,Coronary Disease,3.0
valsartan,Diabetes Mellitus,4.0
valsartan,"Diabetes Mellitus, Type 2",3.0
valsartan,Diabetic Nephropathies,2.0
valsartan,Essential Hypertension,3.0
valsartan,Heart Failure,4.0
valsartan,Hypercholesterolemia,3.0
valsartan,Hypertension,4.0
valsartan,"Hypertension, Pulmonary",3.0
valsartan,Kidney Diseases,3.0
valsartan,Lipid Metabolism Disorders,3.0
valsartan,Metabolic Syndrome,3.0
valsartan,Myocardial Infarction,4.0
valsartan,"Nephritis, Hereditary",2.0
valsartan,Non-ST Elevated Myocardial Infarction,3.0
valsartan,Peripheral Arterial Disease,2.0
valsartan,"Renal Insufficiency, Chronic",2.0
valsartan,ST Elevation Myocardial Infarction,3.0
valsartan,Severe Acute Respiratory Syndrome,3.0
valsartan,Stroke,4.0
valsartan,"Ventricular Dysfunction, Left",4.0
vandetanib,Adenocarcinoma,1.0
vandetanib,"Adenocarcinoma, Follicular",2.0
vandetanib,Astrocytoma,2.0
vandetanib,Breast Neoplasms,2.0
vandetanib,Carcinoma,1.0
vandetanib,"Carcinoma, Hepatocellular",2.0
vandetanib,"Carcinoma, Medullary",4.0
vandetanib,"Carcinoma, Non-Small-Cell Lung",3.0
vandetanib,"Carcinoma, Renal Cell",2.0
vandetanib,"Carcinoma, Squamous Cell",2.0
vandetanib,Central Nervous System Neoplasms,1.0
vandetanib,Colorectal Neoplasms,2.0
vandetanib,Diffuse Intrinsic Pontine Glioma,1.0
vandetanib,Esophageal Neoplasms,1.0
vandetanib,Fallopian Tube Neoplasms,2.0
vandetanib,Gastrointestinal Stromal Tumors,2.0
vandetanib,Glioblastoma,2.0
vandetanib,Glioma,1.0
vandetanib,Gliosarcoma,2.0
vandetanib,Head and Neck Neoplasms,2.0
vandetanib,Kidney Neoplasms,2.0
vandetanib,"Leukemia, Myeloid, Acute",2.0
vandetanib,Lung Neoplasms,3.0
vandetanib,Mesothelioma,2.0
vandetanib,Multiple Myeloma,2.0
vandetanib,Neoplasm Metastasis,2.0
vandetanib,Neoplasms,4.0
vandetanib,Neuroblastoma,1.0
vandetanib,Oligodendroglioma,2.0
vandetanib,Ovarian Neoplasms,2.0
vandetanib,Pancreatic Neoplasms,2.0
vandetanib,Paraganglioma,1.0
vandetanib,Peritoneal Neoplasms,2.0
vandetanib,Pheochromocytoma,1.0
vandetanib,Prostatic Neoplasms,2.0
vandetanib,"Prostatic Neoplasms, Castration-Resistant",2.0
vandetanib,Rectal Neoplasms,1.0
vandetanib,Small Cell Lung Carcinoma,2.0
vandetanib,Stomach Neoplasms,2.0
vandetanib,Thyroid Neoplasms,4.0
vandetanib,Ureteral Neoplasms,2.0
vandetanib,Urethral Neoplasms,2.0
vandetanib,Urinary Bladder Neoplasms,2.0
vanoxerine,Atrial Fibrillation,3.0
vanoxerine,Atrial Flutter,2.0
vanoxerine,Cocaine-Related Disorders,1.0
vardenafil,Cystic Fibrosis,2.0
vardenafil,Erectile Dysfunction,4.0
vardenafil,"Hypertension, Pulmonary",3.0
vardenafil,Prostatic Hyperplasia,2.0
vardenafil,Raynaud Disease,2.0
vardenafil,Reperfusion Injury,1.0
vardenafil,Tinnitus,2.0
vardenafil,"Urinary Bladder, Overactive",2.0
varenicline,Acute Coronary Syndrome,3.0
varenicline,Alcohol Drinking,2.0
varenicline,Alcoholism,3.0
varenicline,Alzheimer Disease,2.0
varenicline,Amphetamine-Related Disorders,2.0
varenicline,Cocaine-Related Disorders,2.0
varenicline,Dry Eye Syndromes,3.0
varenicline,Eye Diseases,4.0
varenicline,Friedreich Ataxia,2.0
varenicline,Lung Neoplasms,3.0
varenicline,Machado-Joseph Disease,2.0
varenicline,Marijuana Abuse,2.0
varenicline,Neoplasms,3.0
varenicline,Parkinson Disease,2.0
varenicline,Psychotic Disorders,2.0
varenicline,Schizophrenia,2.0
varenicline,Smoking Cessation,3.0
varenicline,Substance-Related Disorders,2.0
varenicline,Tobacco Use Disorder,4.0
varespladib,"Anemia, Sickle Cell",2.0
varespladib,Coronary Disease,2.0
varespladib,Severe Acute Respiratory Syndrome,2.0
veliparib,Adenocarcinoma of Lung,1.0
veliparib,Astrocytoma,2.0
veliparib,Breast Neoplasms,3.0
veliparib,"Breast Neoplasms, Male",1.0
veliparib,Carcinoma,1.0
veliparib,"Carcinoma, Hepatocellular",2.0
veliparib,"Carcinoma, Large Cell",1.0
veliparib,"Carcinoma, Non-Small-Cell Lung",3.0
veliparib,"Carcinoma, Squamous Cell",1.0
veliparib,Central Nervous System Neoplasms,1.0
veliparib,Colorectal Neoplasms,2.0
veliparib,Fallopian Tube Neoplasms,2.0
veliparib,Glioma,2.0
veliparib,Gliosarcoma,2.0
veliparib,Hemangiosarcoma,2.0
veliparib,Hereditary Breast and Ovarian Cancer Syndrome,2.0
veliparib,Lymphoma,1.0
veliparib,"Lymphoma, Mantle-Cell",1.0
veliparib,"Lymphoma, Non-Hodgkin",1.0
veliparib,"Lymphoma, T-Cell",1.0
veliparib,Melanoma,2.0
veliparib,Neoplasms,3.0
veliparib,"Neoplasms, Cystic, Mucinous, and Serous",1.0
veliparib,Ovarian Neoplasms,3.0
veliparib,Pancreatic Neoplasms,2.0
veliparib,Prostatic Neoplasms,2.0
veliparib,"Prostatic Neoplasms, Castration-Resistant",1.0
veliparib,Rectal Neoplasms,1.0
veliparib,Skin Neoplasms,2.0
veliparib,Small Cell Lung Carcinoma,2.0
veliparib,Stomach Neoplasms,1.0
veliparib,Testicular Neoplasms,2.0
veliparib,Triple Negative Breast Neoplasms,2.0
vemurafenib,"Carcinoma, Non-Small-Cell Lung",2.0
vemurafenib,Colorectal Neoplasms,2.0
vemurafenib,Craniopharyngioma,2.0
vemurafenib,Hematologic Neoplasms,2.0
vemurafenib,Histiocytosis,2.0
vemurafenib,"Histiocytosis, Langerhans-Cell",2.0
vemurafenib,"Leukemia, Hairy Cell",2.0
vemurafenib,"Leukemia, Myeloid, Acute",2.0
vemurafenib,Lymphoma,1.0
vemurafenib,Melanoma,4.0
vemurafenib,Multiple Myeloma,2.0
vemurafenib,Neoplasms,4.0
vemurafenib,Pancreatic Neoplasms,2.0
vemurafenib,Paraganglioma,0.5
vemurafenib,Skin Neoplasms,1.0
vemurafenib,Thyroid Neoplasms,2.0
venetoclax,Amyloidosis,2.0
venetoclax,"Amyloidosis, Familial",1.0
venetoclax,Blastic Plasmacytoid Dendritic Cell Neoplasm,2.0
venetoclax,Breast Neoplasms,2.0
venetoclax,Burkitt Lymphoma,1.0
venetoclax,"Carcinoma, Non-Small-Cell Lung",1.0
venetoclax,HIV Infections,1.0
venetoclax,Hematologic Neoplasms,2.0
venetoclax,Idiopathic Pulmonary Fibrosis,0.5
venetoclax,Kidney Diseases,1.0
venetoclax,Leukemia,2.0
venetoclax,"Leukemia, Biphenotypic, Acute",2.0
venetoclax,"Leukemia, Lymphocytic, Chronic, B-Cell",4.0
venetoclax,"Leukemia, Lymphoid",2.0
venetoclax,"Leukemia, Monocytic, Acute",2.0
venetoclax,"Leukemia, Myelogenous, Chronic, BCR-ABL Positive",2.0
venetoclax,"Leukemia, Myeloid",3.0
venetoclax,"Leukemia, Myeloid, Acute",3.0
venetoclax,"Leukemia, Myelomonocytic, Chronic",1.0
venetoclax,"Leukemia, Prolymphocytic",1.0
venetoclax,"Leukemia, Prolymphocytic, T-Cell",2.0
venetoclax,"Leukemia, Promyelocytic, Acute",2.0
venetoclax,"Lymphohistiocytosis, Hemophagocytic",1.0
venetoclax,Lymphoma,2.0
venetoclax,"Lymphoma, B-Cell, Marginal Zone",2.0
venetoclax,"Lymphoma, Follicular",2.0
venetoclax,"Lymphoma, Large B-Cell, Diffuse",2.0
venetoclax,"Lymphoma, Large-Cell, Anaplastic",2.0
venetoclax,"Lymphoma, Mantle-Cell",3.0
venetoclax,"Lymphoma, Non-Hodgkin",2.0
venetoclax,"Lymphoma, T-Cell, Cutaneous",1.0
venetoclax,Multiple Myeloma,3.0
venetoclax,Myelodysplastic Syndromes,3.0
venetoclax,Myeloproliferative Disorders,2.0
venetoclax,Neoplasms,4.0
venetoclax,Precursor Cell Lymphoblastic Leukemia-Lymphoma,2.0
venetoclax,Precursor T-Cell Lymphoblastic Leukemia-Lymphoma,2.0
venetoclax,Prostatic Neoplasms,1.0
venetoclax,Small Cell Lung Carcinoma,1.0
venetoclax,Waldenstrom Macroglobulinemia,2.0
venlafaxine,Depressive Disorder,4.0
verapamil,"Arrhythmias, Cardiac",3.0
verapamil,Atrial Fibrillation,3.0
verapamil,Bipolar Disorder,3.0
verapamil,Cardiovascular Diseases,4.0
verapamil,Crohn Disease,1.0
verapamil,"Diabetes Mellitus, Type 1",3.0
verapamil,"Diabetes Mellitus, Type 2",1.0
verapamil,Heart Failure,3.0
verapamil,Hemorrhage,0.5
verapamil,Hodgkin Disease,1.0
verapamil,Ischemic Stroke,1.0
verapamil,"Osteoarthritis, Knee",1.0
verapamil,Pain,2.0
verapamil,Respiratory Syncytial Virus Infections,1.0
verapamil,Severe Acute Respiratory Syndrome,2.0
verapamil,Substance-Related Disorders,1.0
vernakalant,"Arrhythmias, Cardiac",4.0
vernakalant,Atrial Fibrillation,3.0
vernakalant,Atrial Flutter,2.0
verteporfin,Basal Cell Nevus Syndrome,3.0
verteporfin,Breast Neoplasms,2.0
verteporfin,"Carcinoma, Basal Cell",3.0
verteporfin,Central Nervous System Neoplasms,1.0
verteporfin,Choroidal Neovascularization,3.0
verteporfin,Glioblastoma,1.0
verteporfin,Histoplasmosis,2.0
verteporfin,Macular Degeneration,4.0
verteporfin,Melanoma,1.0
verteporfin,"Myopia, Degenerative",4.0
verteporfin,Neoplasms,1.0
verteporfin,Pancreatic Neoplasms,2.0
verteporfin,Pleural Effusion,1.0
verteporfin,"Prostatic Neoplasms, Castration-Resistant",1.0
verteporfin,Retinal Neovascularization,4.0
verteporfin,Wet Macular Degeneration,4.0
vicriviroc,Acquired Immunodeficiency Syndrome,3.0
vicriviroc,Colorectal Neoplasms,2.0
vicriviroc,HIV Infections,3.0
vidarabine,Eye Infections,4.0
vidarabine,Herpes Simplex,3.0
vidarabine,Virus Diseases,4.0
vilazodone,Anxiety Disorders,3.0
vilazodone,Depressive Disorder,4.0
vilazodone,Marijuana Abuse,2.0
vilazodone,Memory Disorders,2.0
vinburnine,Cardiovascular Diseases,2.0
vincamine,Cardiovascular Diseases,4.0
vinpocetine,Attention Deficit Disorder with Hyperactivity,4.0
vinpocetine,Diabetic Nephropathies,2.0
vinpocetine,Epilepsy,1.0
vismodegib,Basal Cell Nevus Syndrome,2.0
vismodegib,Breast Neoplasms,2.0
vismodegib,Bronchiolitis Obliterans Syndrome,2.0
vismodegib,"Carcinoma, Basal Cell",4.0
vismodegib,"Carcinoma, Pancreatic Ductal",2.0
vismodegib,"Chondrosarcoma, Clear Cell",2.0
vismodegib,"Chondrosarcoma, Mesenchymal",2.0
vismodegib,Glioblastoma,2.0
vismodegib,Gliosarcoma,2.0
vismodegib,Idiopathic Pulmonary Fibrosis,2.0
vismodegib,"Leukemia, Myeloid, Acute",2.0
vismodegib,Medulloblastoma,2.0
vismodegib,Meningioma,2.0
vismodegib,Multiple Myeloma,2.0
vismodegib,Neoplasms,4.0
vismodegib,Ovarian Neoplasms,2.0
vismodegib,Pancreatic Neoplasms,2.0
vismodegib,Paraganglioma,2.0
vismodegib,Primary Myelofibrosis,1.0
vismodegib,Prostatic Neoplasms,1.0
vismodegib,"Prostatic Neoplasms, Castration-Resistant",1.0
vismodegib,Skin Neoplasms,0.5
vismodegib,Small Cell Lung Carcinoma,2.0
vismodegib,Stomach Neoplasms,2.0
vismodegib,Triple Negative Breast Neoplasms,1.0
voglibose,Diabetes Mellitus,4.0
voglibose,"Diabetes Mellitus, Type 2",3.0
volasertib,"Carcinoma, Non-Small-Cell Lung",2.0
volasertib,Leukemia,1.0
volasertib,"Leukemia, Erythroblastic, Acute",1.0
volasertib,"Leukemia, Monocytic, Acute",1.0
volasertib,"Leukemia, Myeloid, Acute",3.0
volasertib,Lymphoma,1.0
volasertib,"Lymphoma, T-Cell, Cutaneous",1.0
volasertib,"Lymphoma, T-Cell, Peripheral",1.0
volasertib,Myelodysplastic Syndromes,2.0
volasertib,Neoplasms,2.0
volasertib,Ovarian Neoplasms,2.0
voriconazole,Aspergillosis,4.0
voriconazole,"Aspergillosis, Allergic Bronchopulmonary",2.0
voriconazole,Asthma,1.0
voriconazole,Bacterial Infections and Mycoses,4.0
voriconazole,Candidemia,4.0
voriconazole,Candidiasis,4.0
voriconazole,"Candidiasis, Invasive",3.0
voriconazole,Fusariosis,4.0
voriconazole,Graft vs Host Disease,1.0
voriconazole,HIV Infections,1.0
voriconazole,Hematologic Neoplasms,1.0
voriconazole,Infections,4.0
voriconazole,Keratitis,0.5
voriconazole,Leishmaniasis,3.0
voriconazole,Leukemia,3.0
voriconazole,"Leukemia, Lymphocytic, Chronic, B-Cell",1.0
voriconazole,"Leukemia, Myeloid, Acute",3.0
voriconazole,Mycoses,4.0
voriconazole,Myelodysplastic Syndromes,2.0
voriconazole,Neoplasms,1.0
voriconazole,Neuroaspergillosis,3.0
voriconazole,Neutropenia,1.0
vorinostat,"Adenocarcinoma, Follicular",2.0
vorinostat,Alzheimer Disease,1.0
vorinostat,"Anemia, Sickle Cell",2.0
vorinostat,Anus Neoplasms,1.0
vorinostat,Astrocytoma,2.0
vorinostat,Brain Diseases,2.0
vorinostat,Brain Neoplasms,2.0
vorinostat,Breast Neoplasms,2.0
vorinostat,"Breast Neoplasms, Male",2.0
vorinostat,Burkitt Lymphoma,1.0
vorinostat,"Carcinoma, Medullary",2.0
vorinostat,"Carcinoma, Non-Small-Cell Lung",2.0
vorinostat,"Carcinoma, Ovarian Epithelial",1.0
vorinostat,"Carcinoma, Renal Cell",2.0
vorinostat,"Carcinoma, Squamous Cell",1.0
vorinostat,"Carcinoma, Verrucous",1.0
vorinostat,Colonic Neoplasms,2.0
vorinostat,Colorectal Neoplasms,2.0
vorinostat,Crohn Disease,1.0
vorinostat,Diffuse Intrinsic Pontine Glioma,1.0
vorinostat,Esophageal Neoplasms,1.0
vorinostat,Fallopian Tube Neoplasms,1.0
vorinostat,Glioblastoma,2.0
vorinostat,Glioma,1.0
vorinostat,Gliosarcoma,2.0
vorinostat,HIV Infections,2.0
vorinostat,Hodgkin Disease,2.0
vorinostat,Hypopharyngeal Neoplasms,1.0
vorinostat,Leukemia,2.0
vorinostat,"Leukemia, Biphenotypic, Acute",2.0
vorinostat,"Leukemia, Lymphocytic, Chronic, B-Cell",2.0
vorinostat,"Leukemia, Lymphoid",1.0
vorinostat,"Leukemia, Myelogenous, Chronic, BCR-ABL Positive",1.0
vorinostat,"Leukemia, Myeloid, Acute",3.0
vorinostat,"Leukemia, Myelomonocytic, Juvenile",1.0
vorinostat,"Leukemia, Promyelocytic, Acute",1.0
vorinostat,Liver Neoplasms,1.0
vorinostat,Lung Neoplasms,3.0
vorinostat,Lymphoma,3.0
vorinostat,"Lymphoma, B-Cell, Marginal Zone",2.0
vorinostat,"Lymphoma, Follicular",2.0
vorinostat,"Lymphoma, Large B-Cell, Diffuse",1.0
vorinostat,"Lymphoma, Mantle-Cell",2.0
vorinostat,"Lymphoma, Non-Hodgkin",2.0
vorinostat,"Lymphoma, T-Cell",4.0
vorinostat,"Lymphoma, T-Cell, Cutaneous",4.0
vorinostat,"Lymphoma, T-Cell, Peripheral",1.0
vorinostat,Medulloblastoma,1.0
vorinostat,Melanoma,1.0
vorinostat,Mesothelioma,3.0
vorinostat,Multiple Myeloma,3.0
vorinostat,Mycosis Fungoides,2.0
vorinostat,Myelodysplastic Syndromes,2.0
vorinostat,Neoplasms,4.0
vorinostat,"Neoplasms, Plasma Cell",1.0
vorinostat,Neuroblastoma,2.0
vorinostat,Niemann-Pick Diseases,1.0
vorinostat,Oligodendroglioma,1.0
vorinostat,Oropharyngeal Neoplasms,1.0
vorinostat,Ovarian Neoplasms,2.0
vorinostat,Pancreatic Neoplasms,1.0
vorinostat,Peritoneal Neoplasms,1.0
vorinostat,Pituitary ACTH Hypersecretion,2.0
vorinostat,Polycythemia Vera,2.0
vorinostat,Precursor Cell Lymphoblastic Leukemia-Lymphoma,2.0
vorinostat,Precursor T-Cell Lymphoblastic Leukemia-Lymphoma,1.0
vorinostat,Prostatic Neoplasms,2.0
vorinostat,"Prostatic Neoplasms, Castration-Resistant",2.0
vorinostat,Rectal Neoplasms,2.0
vorinostat,Salivary Gland Neoplasms,1.0
vorinostat,Sarcoma,2.0
vorinostat,Schizophrenia,0.5
vorinostat,Sezary Syndrome,2.0
vorinostat,Skin Neoplasms,1.0
vorinostat,Small Cell Lung Carcinoma,1.0
vorinostat,Squamous Cell Carcinoma of Head and Neck,1.0
vorinostat,Stomach Neoplasms,1.0
vorinostat,"Thrombocythemia, Essential",2.0
vorinostat,Thyroid Neoplasms,2.0
vorinostat,Urinary Bladder Neoplasms,2.0
vorinostat,Uveal Melanoma,2.0
vortioxetine,Anxiety Disorders,3.0
vortioxetine,Attention Deficit Disorder with Hyperactivity,2.0
vortioxetine,Bipolar Disorder,2.0
vortioxetine,Depressive Disorder,3.0
vortioxetine,"Depressive Disorder, Major",3.0
vortioxetine,Feeding and Eating Disorders,2.0
vortioxetine,Liver Diseases,1.0
voxtalisib,Breast Neoplasms,1.0
voxtalisib,"Carcinoma, Non-Small-Cell Lung",1.0
voxtalisib,Colorectal Neoplasms,1.0
voxtalisib,Glioblastoma,1.0
voxtalisib,Glioma,1.0
voxtalisib,"Leukemia, Lymphocytic, Chronic, B-Cell",1.0
voxtalisib,Lymphoma,2.0
voxtalisib,"Lymphoma, Mantle-Cell",1.0
voxtalisib,"Lymphoma, Non-Hodgkin",1.0
voxtalisib,Melanoma,1.0
voxtalisib,Neoplasms,1.0
voxtalisib,Ovarian Neoplasms,2.0
warfarin,Alzheimer Disease,1.0
warfarin,Aortic Valve Stenosis,3.0
warfarin,"Arthritis, Rheumatoid",1.0
warfarin,Atherosclerosis,3.0
warfarin,Atrial Fibrillation,3.0
warfarin,Atrial Flutter,3.0
warfarin,Brain Infarction,3.0
warfarin,Cardiovascular Diseases,3.0
warfarin,Cerebral Infarction,3.0
warfarin,"Colitis, Ulcerative",1.0
warfarin,Coronary Disease,3.0
warfarin,Crohn Disease,1.0
warfarin,"Depressive Disorder, Major",1.0
warfarin,"Dermatitis, Atopic",1.0
warfarin,Diabetes Mellitus,1.0
warfarin,"Diabetes Mellitus, Type 2",1.0
warfarin,Epilepsy,1.0
warfarin,Essential Hypertension,1.0
warfarin,Heart Diseases,3.0
warfarin,Heart Failure,3.0
warfarin,Hematologic Neoplasms,1.0
warfarin,Hemorrhage,2.0
warfarin,"Hypertension, Pulmonary",2.0
warfarin,Hypertriglyceridemia,1.0
warfarin,Idiopathic Pulmonary Fibrosis,3.0
warfarin,"Ischemic Attack, Transient",3.0
warfarin,Ischemic Stroke,1.0
warfarin,Liver Cirrhosis,2.0
warfarin,Lymphoma,1.0
warfarin,Melanoma,1.0
warfarin,"Multiple Sclerosis, Relapsing-Remitting",3.0
warfarin,Myocardial Infarction,3.0
warfarin,Myocardial Ischemia,3.0
warfarin,Nausea,1.0
warfarin,Neoplasm Metastasis,1.0
warfarin,Neoplasms,1.0
warfarin,Non-alcoholic Fatty Liver Disease,1.0
warfarin,Obesity,1.0
warfarin,"Osteoarthritis, Knee",1.0
warfarin,Pancreatic Neoplasms,0.5
warfarin,Parkinson Disease,1.0
warfarin,Peripheral Vascular Diseases,3.0
warfarin,"Polyendocrinopathies, Autoimmune",2.0
warfarin,Pregnancy,3.0
warfarin,Prostatic Neoplasms,1.0
warfarin,"Prostatic Neoplasms, Castration-Resistant",3.0
warfarin,Psoriasis,1.0
warfarin,Pulmonary Embolism,3.0
warfarin,Rheumatic Heart Disease,3.0
warfarin,Stroke,3.0
warfarin,Thrombocytopenia,3.0
warfarin,Thromboembolism,3.0
warfarin,Thrombophlebitis,1.0
warfarin,Thrombosis,4.0
warfarin,"Urinary Bladder, Overactive",1.0
warfarin,Venous Thromboembolism,3.0
warfarin,Venous Thrombosis,3.0
xaliproden,Alzheimer Disease,3.0
xaliproden,Colorectal Neoplasms,3.0
yohimbine,Alcoholism,2.0
yohimbine,Cocaine-Related Disorders,2.0
yohimbine,"Diabetes Mellitus, Type 2",2.0
yohimbine,Erectile Dysfunction,4.0
yohimbine,"Hypotension, Orthostatic",1.0
yohimbine,Marijuana Abuse,1.0
yohimbine,Opioid-Related Disorders,2.0
yohimbine,Orthostatic Intolerance,1.0
yohimbine,Parkinson Disease,0.5
yohimbine,"Stress Disorders, Post-Traumatic",2.0
zafirlukast,Asthma,4.0
zafirlukast,Breast Neoplasms,2.0
zafirlukast,Hypersensitivity,2.0
zafirlukast,"Lung Diseases, Obstructive",4.0
zafirlukast,Ovarian Neoplasms,2.0
zalcitabine,HIV Infections,3.0
zalcitabine,Virus Diseases,4.0
zaleplon,Anxiety,3.0
zaleplon,Dementia,3.0
zaleplon,Depressive Disorder,3.0
zaleplon,Schizophrenia,3.0
zaleplon,Sleep Initiation and Maintenance Disorders,4.0
zaleplon,Sleep Wake Disorders,2.0
zidovudine,AIDS Dementia Complex,3.0
zidovudine,AIDS-Related Complex,3.0
zidovudine,Acquired Immunodeficiency Syndrome,3.0
zidovudine,Autoimmune Diseases,4.0
zidovudine,Castleman Disease,2.0
zidovudine,Diarrhea,3.0
zidovudine,HIV Infections,4.0
zidovudine,Infections,2.0
zidovudine,"Leukemia-Lymphoma, Adult T-Cell",2.0
zidovudine,"Liver Cirrhosis, Biliary",2.0
zidovudine,Lymphoma,2.0
zidovudine,"Lymphoma, AIDS-Related",2.0
zidovudine,"Paraparesis, Tropical Spastic",2.0
zidovudine,"Pneumonia, Pneumocystis",3.0
zidovudine,Pregnancy,3.0
zidovudine,"Sarcoma, Kaposi",2.0
zidovudine,Severe Acute Respiratory Syndrome,3.0
zidovudine,Severe Combined Immunodeficiency,1.0
zidovudine,Tuberculosis,3.0
zidovudine,Virus Diseases,4.0
zileuton,Acne Vulgaris,2.0
zileuton,"Anemia, Sickle Cell",1.0
zileuton,Asthma,4.0
zileuton,Idiopathic Pulmonary Fibrosis,2.0
zileuton,Inflammation,0.5
zileuton,"Leukemia, Myelogenous, Chronic, BCR-ABL Positive",1.0
zileuton,Lung Neoplasms,2.0
zileuton,"Pulmonary Disease, Chronic Obstructive",3.0
zileuton,Tobacco Use Disorder,2.0
ziprasidone,Anxiety,3.0
ziprasidone,Autistic Disorder,2.0
ziprasidone,Bipolar Disorder,3.0
ziprasidone,Borderline Personality Disorder,2.0
ziprasidone,Cardiovascular Diseases,1.0
ziprasidone,Dementia,3.0
ziprasidone,Depressive Disorder,3.0
ziprasidone,"Depressive Disorder, Major",2.0
ziprasidone,Mood Disorders,2.0
ziprasidone,Opioid-Related Disorders,0.5
ziprasidone,"Phobia, Social",2.0
ziprasidone,Psychotic Disorders,4.0
ziprasidone,Schizophrenia,3.0
ziprasidone,Substance-Related Disorders,0.5
zolpidem,Anxiety,3.0
zolpidem,Attention Deficit Disorder with Hyperactivity,3.0
zolpidem,Autistic Disorder,2.0
zolpidem,Dementia,3.0
zolpidem,Depressive Disorder,3.0
zolpidem,Dystonic Disorders,1.0
zolpidem,Low Back Pain,1.0
zolpidem,Marijuana Abuse,1.0
zolpidem,Obesity,1.0
zolpidem,Parkinson Disease,2.0
zolpidem,Prostatic Neoplasms,1.0
zolpidem,Schizophrenia,3.0
zolpidem,Sleep Initiation and Maintenance Disorders,3.0
zolpidem,Sleep Wake Disorders,3.0
zolpidem,Substance-Related Disorders,2.0
zonisamide,Alcoholism,3.0
zonisamide,Cocaine-Related Disorders,1.0
zonisamide,"Epilepsies, Partial",4.0
zonisamide,Epilepsy,4.0
zonisamide,"Epilepsy, Complex Partial",3.0
zonisamide,Essential Tremor,2.0
zonisamide,Feeding and Eating Disorders,3.0
zonisamide,Hearing Loss,2.0
zonisamide,"Hearing Loss, Noise-Induced",1.0
zonisamide,Migraine Disorders,3.0
zonisamide,Obesity,2.0
zonisamide,Parkinson Disease,2.0
zonisamide,Psychotic Disorders,3.0
zonisamide,Schizophrenia,3.0
zonisamide,Seizures,4.0
zonisamide,Smoking Cessation,3.0
zonisamide,Tobacco Use Disorder,1.0
zonisamide,Weight Gain,3.0
zosuquidar,Leukemia,1.0
