drug,n_sig,n_cell,raw_cosine_median,ncs_median,ncs_maxq
10-DEBC,42,7,0.02650123802654223,0.8720386655986319,1.3235535136437362
1271738-62-5,15,5,0.005282063066571143,0.19520972592463673,0.772983137559482
"16,16-dimethylprostaglandin-e2",42,7,-0.0022628447470500654,-0.06688677750400501,-0.5505962701335687
17-hydroxyprogesterone-caproate,42,7,0.027758526884259206,0.9603072495720308,1.4749769308859837
"2',5'-dideoxyadenosine",42,7,0.0034238056935058034,0.11990455349050111,0.4607585706212387
2-iminobiotin,42,7,-0.006321292196403518,-0.19342427869783912,-1.0304283157739953
2-methoxyestradiol,42,7,-0.008077981839974711,-0.2520403295981345,-0.6914353003823946
"3,3'-diindolylmethane",42,7,-0.006236871922198982,-0.17801167769706527,0.5841425642077421
3-amino-benzamide,42,7,0.0014498421756563395,0.04913991985656849,-0.7232112515211352
3-deazaadenosine,42,7,0.004191477782222106,0.15278327642810702,0.8982393094766564
"4,5,6,7-tetrabromobenzotriazole",15,5,0.023320317307944264,0.7485342216906995,0.8659573964653737
5-aminolevulinic-acid,42,7,-0.015471102825627973,-0.5021156563949802,-0.8226496989494473
A-443654,132,15,-0.0025975996378874364,-0.07845011182035555,-0.5157623474597754
A-66,132,22,0.01484246592918401,0.4341843252720191,1.0017400834502226
A-769662,114,19,-0.004699617261552354,-0.14522592441763105,-0.6104749586599563
ABT-202,42,7,-0.0012429782457284437,-0.03703183571895103,0.7158028105176923
ABT-239,42,7,0.0006314337545669482,0.02017631147095835,0.38474164728672655
ABT-724,42,7,0.020512761594012906,0.6711330639043804,1.2536848654299624
ABT-737,155,21,0.001961973331942931,0.06226509730367524,0.6425373640901944
ACY-1215,156,21,-0.009952494526376601,-0.2984863361863697,-0.7978305350403491
AEE-788,38,7,0.001904378570232264,0.07038030672229664,-1.5505393368684903
AGI-5198,42,7,-0.011860739655370791,-0.3871661306288171,-0.8456001755108177
AGI-6780,42,7,0.008468673201764256,0.27766246332910116,0.7883440065439314
AGK-2,113,19,0.009652702317819974,0.2984192101500087,0.8040956717278668
AGP-103,42,7,0.006136376705859539,0.19472877648360454,0.8088882720568348
AICA-ribonucleotide,42,7,0.012418334040673416,0.42359551040400056,0.8482920754291674
AKT-inhibitor-1-2,156,15,0.012007282546400488,0.39830548421848344,0.8984428309719849
ALW-II-38-3,114,19,0.00275974115363068,0.09343908657233477,0.5850579215936802
ALW-II-49-7,132,22,0.01633977966525781,0.527138341431385,1.0994277669593315
ALX-5407,42,7,0.00010968963012125113,0.002518629483814601,0.46972706973618683
AM-24,42,7,0.005163536697064944,0.17047981452808494,0.7298760918271153
AMD-11070,42,7,0.02281853851314526,0.741628879628039,1.218674084587705
AMG-208,42,7,0.007036577622133186,0.23216277672609595,0.8472089273129669
AMG-232,42,7,-0.0010366308926766305,-0.029733382225358776,-0.8394158784866547
AMG-487,42,7,0.011025965664314952,0.36670184822793306,0.8625709264065028
AMG-517,41,7,0.01812264518107146,0.6459566146411284,1.0834709568975667
AMG-837,42,7,-0.0012837983855321898,-0.03937445526234894,0.6488013697239783
AP-26113,42,7,-0.006411192837695839,-0.20548398494340825,-0.7902365053525015
APD-668,42,7,-0.002205009866354119,-0.06163582984876653,-0.701777393183928
API-001,42,7,0.009747466870802694,0.3422118922278013,0.9941235360309546
AR-A014418,6,2,-0.02454225034851817,-0.8420974557492622,-1.0701243957478095
ARN-509,42,7,0.009918065784082442,0.32188151108810725,0.7645517180731409
ARP-101,42,7,0.0185426392147635,0.6487908260206783,1.2318462347331396
ARRY-334543,42,7,-0.006282476618852396,-0.20004367370400555,-0.7781523429896338
AS-601245,112,13,-0.01088809912882556,-0.340624898558514,-0.8006002989300126
AS-605240,180,17,0.0038481778644465637,0.12641882787224837,0.5435703735254217
AS-703026,42,7,0.0030251269924586105,0.09623575517117078,0.9119383283528155
ASA-404,42,7,-0.008115220785682505,-0.23190133605896368,-0.7855237118226692
ASC-J9,42,7,-0.007859247890876126,-0.26188918925912114,-0.5251545952005949
AST-1306,132,22,-0.00026066399427630534,-0.00787030138022473,-0.5383738201857118
AT-13387,42,7,-0.018410722481917465,-0.5396524125983855,-1.0083694510997134
AT-7519,180,17,-0.0008423231880279619,-0.025169629398769676,-0.6565778937230824
AT-9283,42,7,-0.009195714327179926,-0.29085005377751527,-0.6886896973215355
AT7867,132,22,-0.008526799801367696,-0.26201859940775785,-0.8157311941374477
ATN-161,42,7,0.00432546607995756,0.14166542565000723,0.5953513676583798
AV-412,40,7,0.02022445558808423,0.6685734381135635,1.2429701785450913
AV-608,42,7,-0.00016686658609722565,-0.002766258610786722,-0.559023593397963
AVL-292,42,7,0.005167679220034308,0.188738194532848,-0.410954691281062
AVN-944,42,7,0.008769145651220073,0.3143745718351624,0.6019518339670585
AZ-20,114,19,-0.012067790571724522,-0.38818560949511693,-1.0208847429478567
AZ-628,174,24,0.008536357597640688,0.2557968853221995,0.7916364857343201
AZD-1208,42,7,0.0051984983381981,0.17477118927760257,1.0108071337242042
AZD-1480,156,21,0.003038400155919276,0.10275675809595111,0.5865470703795775
AZD-1981,42,7,-0.02045061495420637,-0.6198395888757763,-0.9827936603596407
AZD-2014,42,7,-0.013084978745482334,-0.40812849353090486,-0.8869975194255145
AZD-3514,42,7,0.0025799095621315154,0.08160830200255162,0.5067110020143009
AZD-4547,172,24,-0.007732875004528817,-0.23095752441262601,-0.7859682331801544
AZD-5363,42,7,0.005265629494231667,0.1734422335611852,0.7430976346543899
AZD-5438,179,17,-0.0026396765575261213,-0.08312523869727555,-0.5972651158515775
AZD-6482,114,13,-8.3740481580494e-05,-0.002644703570912507,-0.6296274522105714
AZD-7545,42,7,-8.887290406357956e-05,-0.0024948708518864877,0.7238795943554936
AZD-7687,42,7,0.014479067661616761,0.4671574668310162,0.6797605486957293
AZD-7762,293,27,0.013347044266354326,0.438583484616318,0.9342292453170794
AZD-8055,133,15,-0.027411429833617378,-0.8387275473316476,-1.2874172125633836
AZD-8330,156,15,0.009372163533613703,0.3116009208024038,0.8160699663195656
AZD-8931,42,7,0.005658333766306881,0.19495128126921346,0.7316632351140812
AZD-9668,42,7,0.010885161453065352,0.3636207273314871,0.8332492720863737
BAY-87-2243,42,7,-0.017736003436793563,-0.5379980236699836,-0.9797768471045862
BAY-K8644,42,7,0.002210195010087313,0.07962552458364998,0.7207898403137816
BCI-540,42,7,-0.0137921609120016,-0.42174046365297796,-0.89475054365074
BGT-226,104,22,-0.05482837091198643,-1.7102843325659896,-2.2050947020928535
BI-2536,294,27,-0.002308969496398746,-0.07021542854103813,-0.6625404270557181
BIBX-1382,42,7,0.002323637107700236,0.08561553563306912,0.6051289456370081
BIIB-021,42,7,-0.03727797697551371,-1.2207238446666033,-1.7084635196775728
BIX-01294,128,19,-0.004017649380352753,-0.11780658042659668,-0.6324982358495604
BIX-01338,15,5,-0.004374063643490344,-0.15397122751437795,-0.6645543466807412
BIX-02189,132,22,0.0013161189517197738,0.042802520902359045,0.6128070251927474
BMS-299897,42,7,0.010382737048330443,0.3363556677626759,0.6421050130386776
BMS-345541,144,16,0.00427900755363597,0.15085582578790974,0.8254503253073203
BMS-387032,138,15,0.010864723413704045,0.34304705019722265,0.6365018741837163
BMS-509744,132,22,0.0007039252571497935,0.0256599286946583,-0.7264238600345883
BMS-599626,42,7,0.005855179426508253,0.19999738781116372,0.5997625044449373
BMS-707035,42,7,0.0016690081077110923,0.05863590327220829,0.5185507787835345
BMS-777607,174,24,-0.00465874204289478,-0.13765405448124424,-0.5093337748002765
BMS-927711,42,7,0.01572444962071485,0.5002432711231575,1.0787737213397417
BMY-14802,42,7,0.018790310657057042,0.6102754188684936,1.0538271966337711
BRD-K68548958,128,19,0.004086276091194359,0.12462398473945005,0.6615089615870603
BRD-K73261812,6,2,0.04160836724489521,1.4968615998910249,1.8084815685178586
BS-181,129,22,0.004994910346573213,0.16935886750588947,0.5725367058010814
BTS-54505,42,7,0.008174358894086957,0.28394116589219937,0.5181322802975818
BVD-523,42,7,0.01012109140267451,0.33457972933197283,0.7163647902737692
BX-795,114,19,-0.0027226289287979495,-0.08049103703113257,-0.7669234490482292
BX-912,114,13,0.001123127423647279,0.03585340162925964,0.4405133026826355
CB-10-277-(free-acid),42,7,-0.0014069705898303022,-0.04259515872098012,0.6347990231730942
CC-401,161,21,0.00951120697626744,0.28109218172669864,0.8968244153919723
CC-930,41,7,0.01834526211308571,0.6219971121891249,1.1777237845445578
CEP-32496,42,7,0.00839180177148386,0.2865212562897915,0.7603044091777299
CEP-37440,42,7,-0.008717951226364647,-0.26773453209523684,-0.7401011200602722
CG-930,114,19,-0.00486152171988832,-0.1588408179117381,-0.8435380139804324
CGK-733,114,19,-0.005531298157294622,-0.17014344075626442,-0.8000174491038315
CGP-12177,42,7,-0.013726250366099587,-0.41759583896459274,-0.9322291602842896
CGP-60474,530,27,0.010184481803572128,0.3495269680044196,0.7465860506700199
CGS-20625,42,7,0.009538662736104458,0.32883340614757645,0.7769874044513944
CHIR-99021,153,16,-0.013054132778359425,-0.39876402593805366,-1.1494431334034236
CI-966,42,7,0.00599235497166016,0.1999967920324386,0.5658112650686167
CI-976,42,7,-0.007691664742690459,-0.23597396212511668,-0.5174048001442315
CL-218872,42,7,0.005915017589599461,0.19513385355734508,0.8964635570017364
CNQX,42,7,0.008787684394911802,0.2943901149230902,0.8721793565896523
CO-102862,42,7,-0.001390875952173558,-0.04868496470714981,-0.4934510110473097
CP-466722,114,13,0.004718584750926649,0.16114863876078608,0.6463865726083038
CP-724714,156,15,-0.009037404010023009,-0.289890741470911,-0.7640612230821917
CP-945598,42,7,0.014157856865945421,0.49510589847010167,0.9984500867906653
CPI-1189,42,7,0.012433968331999591,0.39557019882727334,1.1891447292046329
CPI-613,42,7,0.01392695679714294,0.4663370682554625,0.7076989258944153
CT-7758,42,7,0.0008237812988409854,0.027981666368964236,-0.6988474565166247
CTB,114,19,-0.010786190381899066,-0.3237071414292747,-0.8937927534965708
CTS-1027,42,7,0.009783149488496123,0.3300654462885888,0.8594394265723316
CX-4945,42,7,0.0026576426672726,0.08818798503056371,0.6589491253794423
CX-516,42,7,-0.008793666992749978,-0.2624162503399279,-0.5710786840348467
CX-5461,156,21,-0.0027244344817316138,-0.09712833237365864,-0.5535850667094077
CYT-997,42,7,-0.04638162515472721,-1.455768835768986,-1.7943542819451568
CYT387,170,16,-0.017751899898614518,-0.5735905593683895,-1.1427569379271325
D-4476,156,21,0.0064360342935230455,0.2213051400667247,0.7482575788092548
D-serine,42,7,0.011625478241641733,0.36611689710853895,0.8757979478737463
DMP-543,42,7,-0.0054363401793984245,-0.1508881111396197,-0.40472115422338983
DMP-777,42,7,0.0005463839167261261,0.017577244066079762,0.6406899462573671
DPCPX,42,7,0.009674027813160083,0.3186485097908206,1.073219161521314
DPI-201106,42,7,-0.010121981156764605,-0.3207048080654458,-0.6838170168476433
DU-728,42,7,0.0009856461745723836,0.03231803759280363,-0.41378550793280494
E-2012,42,7,-0.0015903201011636166,-0.05395707442012324,-0.6097347982031239
EMD-1214063,42,7,0.007036340091649071,0.23555438127569195,0.8247124726023736
EMD-53998,42,7,0.02001015210997584,0.6875633163915988,0.9719031566363716
ENMD-2076,42,7,-0.020662102389685973,-0.6431662338183441,-1.1749599430796378
EPZ-005687,15,5,-0.004191966281085823,-0.11763224323991091,-0.19435493199049542
EVP-6124,42,7,0.0036359533681916455,0.1330541114654496,0.9984707003317477
EX-527,170,21,0.008109731855856644,0.2697503759310271,0.8600855400715024
FK-866,42,7,-0.0034629057495755974,-0.10049112375951386,-0.5529265527816528
FK-888,42,7,-0.016014760691845965,-0.531118904904854,-1.143223943798328
FPL-55712,42,7,-0.012423098745276459,-0.36665272084750317,-0.8044016981307719
FPL-62064,42,7,0.01809174749716476,0.6219791329633773,0.976571292738015
FR-180204,132,22,0.0035808240330637,0.13233686710455758,0.5267033602012617
GDC-0068,174,24,-0.003888020360700398,-0.12141889215417179,-0.6315768830868127
GDC-0152,42,7,0.005943407951618596,0.2085166040062047,0.6848074980362338
GDC-0834,42,7,0.0033576035509636447,0.11244631935700047,0.44922383707368585
GDC-0879,114,19,-0.016620812913504722,-0.5476038491710895,-0.851079085092058
GDC-0941,180,17,-0.0046379985514076695,-0.12913989062270484,0.6609097849800509
GDC-0980,156,15,-0.019096714645091224,-0.592568685329403,-1.2139456126262131
GNF-2,114,19,0.0001168692380002305,0.0035549777999604043,0.7673332282028869
GSK-1059615,721,28,-0.01186655503519703,-0.3723701858203326,-0.9276010482099215
GSK-1070916,156,21,-0.012857200910378369,-0.409939764308927,-0.8530040244677303
GSK-1292263,42,7,-0.01341895987925152,-0.44519559749927645,-0.6700063529044569
GSK-1904529A,138,15,0.012548425957632512,0.40043220743209484,1.0113920784295207
GSK-2110183,48,8,0.005514191796404086,0.1981265815883353,0.696285068883607
GSK-2126458,138,15,-0.018586197031866397,-0.5953907119947099,-1.2206008625046711
GSK-2334470,114,19,-0.010507086444579834,-0.3471710214118525,-0.953565192857152
GSK-256066,42,7,-0.012621979883129124,-0.40407283510829384,-0.8567029541259266
GSK-2636771,42,7,0.010583470651458784,0.35321516204853953,0.6040353438286221
GSK-3-inhibitor-II,132,22,0.005019810957781015,0.1763740384323087,0.5170240756714506
GSK-429286A,112,19,0.016078270033197735,0.4937284165313387,1.0304377858942175
GSK-461364,156,21,-0.009253322213427563,-0.3095339775945033,-0.8393183065612837
GSK-690693,114,13,0.0034642611072758997,0.12775274616790896,0.8668821815229635
GSK-923295,42,7,-0.015020377420373647,-0.4514607689465392,-0.8426559154155693
GSK-J1,114,19,0.004729552857670398,0.15518067146856013,0.5489421273232086
GSK-J2,112,19,0.013341460400415537,0.39961798977663004,0.9987599406842441
GSK-J4,129,19,0.0066845195131973656,0.24081964279113913,0.774269845862912
GW-5074,114,19,-0.015450673214518252,-0.446138984362003,-0.9023421136588566
GW-842166,42,7,0.011450851189868159,0.3829783938439477,0.9155568822550856
GW-843682X,138,15,-0.008142816412424356,-0.26559933364735866,-0.6726995312490079
Gossypetin,14,5,-0.016019440514755373,-0.5037171325669482,-0.5847384274211185
HC-030031,42,7,0.007985447100310874,0.2763319842007487,0.7496245201307186
HG-14-10-04,128,22,-0.01620099355038152,-0.5207178087019574,-0.9924980821151623
HG-5-113-01,114,13,-0.008295629190784474,-0.27910520058784094,-0.5209604028427857
HG-5-88-01,138,15,0.0034724204574330354,0.11414733288190518,0.7333892271573766
HG-6-64-01,136,15,0.015423681335795556,0.48439191301594453,0.9352867386646525
HG-9-91-01,132,22,-0.002108171439719881,-0.06468156837762605,-0.625988530111979
HMN-214,156,21,-0.016193605439413346,-0.4934614722481958,-1.1559995019272422
I-BET-151,129,19,-0.033345675656665796,-1.1053284579974232,-1.5106459307545654
I-BET-762,171,21,-0.022076863692828845,-0.6817845555978337,-1.19539652185989
IB-MECA,42,7,0.007163920980559504,0.24173955295269003,0.6091518839047269
ICI-162846,42,7,0.010060385194052519,0.33422444191230744,1.0892929190623548
"ICI-185,282",41,7,0.0026917421175945942,0.09947897903016543,-0.8759868115960672
ICI-192605,42,7,0.01147842980783664,0.3863503914070449,0.9355459193471842
IKK-2-inhibitor-V,42,7,-0.0212444634309632,-0.6488798516113656,-1.3795388551381282
IKK-inhibitor-X,6,2,0.020371053447422006,0.7654201467483971,1.893506195671312
IOWH-032,42,7,-0.007260005149207292,-0.2211378828602018,-0.6145249001197862
IOX2,114,19,-0.00025033688419337193,-0.008144973214065605,0.6901846460471279
IPI-145,6,2,-0.00605701249708508,-0.21277270771737156,-0.8183842312931779
JNJ-26481585,42,7,-0.009441412485446637,-0.3131181761947034,-0.7552188060391024
JNJ-38877605,156,21,0.004474911791583878,0.15951812915148,0.48587037822683343
JNK-9L,138,15,0.0015229950369307272,0.047437221417067674,0.478320797189821
JNK-IN-5A,114,19,-0.014289858240191942,-0.45806306622763004,-0.8906515866420597
JQ1-(+),129,19,-0.030811653660117407,-0.9613327994025261,-1.3984929749741406
JQ1-(-),114,19,-0.0021821788720834574,-0.0650061524301844,-0.4884371516970934
JTC-801,38,7,-0.006926626929011135,-0.21560641579253598,-0.49908911088536384
JTE-907,42,7,0.008220008658666515,0.26720963442754486,0.5829340313538396
JW-7-24-1,138,15,0.0010919416012390626,0.03604536962411789,-0.6904306816714945
JW55,114,19,-0.0004085397512234207,-0.009033818511598202,-0.7240016254379552
JWE-035,113,19,-0.025491458766823006,-0.8475028463301523,-1.3212665603229323
KBG,42,7,0.0010988204429361762,0.0357867535734811,-0.298402516552285
KD-023,42,7,-0.0036589939852168392,-0.12184426979403734,-0.7344676007675693
KD-025,42,7,-0.010553977237653894,-0.3097658725142882,-0.6347944712895621
KI-20227,114,19,-0.0002059284561048597,-0.007901055447958315,-0.4393810586085581
KIN001-043,137,15,-0.021344675581686175,-0.6221712108275581,-1.1161623359413921
KIN001-055,113,19,-0.0012242066702917408,-0.04276299320157155,0.40673077304338434
KIN001-127,114,19,-0.009726526720248267,-0.3239239300206362,-0.741021779250909
KIN001-242,114,19,-0.000712967942340571,-0.02622475677992271,0.6080113259171606
KIN001-244,132,22,0.005863678547582474,0.19811056859133466,0.6798360498522674
KIN001-260,114,19,-0.003930590553430117,-0.13144924478525744,-0.4719144755144118
KIN001-266,132,22,0.005532251392245625,0.18521095716219763,0.682672740515958
KIN001-269,114,19,0.00543847416852736,0.1882522571704784,0.747911946798095
KIN001-270,132,22,-0.009002902282922833,-0.29431923878071786,-0.7715510777534497
KN-62,12,5,0.01770586029942227,0.6490341319368074,1.3006572440916375
KN-93,15,5,0.021472674187523636,0.6892286776518501,0.8037972678018174
KU-55933,129,19,0.012059374999385183,0.3939711182741018,0.8652820368314141
KU-60019,114,19,0.014820252877016275,0.4678284561268712,0.9283516595665001
KW-2449,174,24,-0.0014185030823232858,-0.038684119910085205,-0.5146426751088395
KW-2478,42,7,0.003760632759846401,0.1233625744455133,0.4891914954007663
KX2-391,42,7,-0.03185408017865725,-0.966795913753197,-1.3574204120061109
L-655240,42,7,0.017321475992488507,0.5882581846792083,0.9307609560027991
L-690330,42,7,0.02198771294982345,0.7273459926986809,1.1401961390960478
L-NAME,42,7,0.008387019774441791,0.26682181865586435,0.6065246931101272
L-citrulline,42,7,-0.0194810419203321,-0.5534820107527234,-1.1715184502417595
L-ergothioneine,42,7,0.0031098083756630427,0.10441204736452797,0.46777600463749697
LCL-161,42,7,0.008540598587183087,0.2713249591090734,0.5561550419197844
LCQ-908,42,7,-0.002064319450329731,-0.06648616048154175,0.4656943678497909
LDN-193189,111,13,0.00454385382838903,0.15096021488521,0.8375013537323232
LGX-818,42,7,-0.009860995737503073,-0.29991437350405076,-0.6685983806559626
LX-1031,42,7,-0.005947668477637873,-0.19022384494556244,-0.8458260151516244
LXR-623,42,7,0.0050561888591686786,0.16195192498551114,0.6061983337961724
LY-2090314,42,7,-0.039534085796868915,-1.3514190269657238,-1.920693250295063
LY-215490,42,7,0.00662520126015953,0.22858261623855075,0.7182432373313703
LY-2157299,42,7,0.011464168284628585,0.3950063086043183,0.7670404997586243
LY-2228820,42,7,0.0024118334691420086,0.0984616590320713,0.5508079225309759
LY-2334737,42,7,-0.0014596283375524575,-0.044904584710078826,0.7606293169099477
LY-2603618,114,19,-0.00029320466532833527,-0.009360830821632353,-0.7019916504798507
LY-2784544,42,7,0.020105271993166172,0.7243219815655904,1.2980304188985208
LY-2801653,42,7,-0.008822671339680978,-0.28730235830359524,-0.5252824182022305
LY-2811376,42,7,-0.006878099015249864,-0.2011901739556785,-0.5896356542755934
LY-2874455,42,7,-0.010904905724164787,-0.32948442329610445,-0.8771673458109102
LY-2886721,42,7,0.025143348226165957,0.842086903147891,1.3176201555287599
LY-294002,14,5,0.014682183214832457,0.4672828878627302,0.898276611688124
MBX-2982,42,7,-0.004907894862641647,-0.1476310710196186,0.543677787366232
MC1568,114,19,0.00526347137954691,0.1640170416848004,0.5993289880230561
MD-920,42,7,0.027997238375051962,0.9670378535063527,1.3484017053501198
MDL-73005EF,42,7,0.012332640448436205,0.4267477370036046,1.087469419495712
MF-101,42,7,0.017321129565622262,0.56577655410744,1.086991685699216
MG-132,2310,7,-0.06226637925190964,-1.8831163641404371,-2.2143572003271372
MGCD-265,114,19,0.004288988638878244,0.14496689013139244,0.6260596888100705
MK-0752,42,7,0.009527828312045543,0.34761812638222417,0.6161675994779119
MK-0773,42,7,0.014034035806659158,0.48925388742055326,0.8908292799386812
MK-0812,42,7,-0.004684931493704216,-0.13906948979484174,-0.7747065809636664
MK-0893,42,7,0.010252281942532204,0.3541650938418728,0.7855213212877711
MK-1775,155,21,-0.0019566280860618184,-0.06827661388670236,-0.6014006820360435
MK-2206,180,17,-0.011366184690306584,-0.35019587449507383,-0.7105853320695233
MK-2461,42,7,0.0033759696353099825,0.11328767261481176,0.9533030407907072
MK-3207,42,7,0.005730752487726287,0.18208013778264145,0.8452102871530612
MK-5108,42,7,0.008530268200498573,0.30237999066187343,0.6391650013437351
MK-8033,42,7,0.010961870794524719,0.3887108950934135,0.8579283039103877
MK-8245,42,7,0.024004366255467823,0.8019727327325366,1.3624006279314325
MLN-0128,173,24,-0.04594880081686831,-1.385473382829263,-1.7165626277689516
MLN-2480,42,7,0.018329083843216545,0.604495984145063,0.9410778739486826
MLN-8054,156,21,0.008075623706094298,0.27323618464833466,0.7517775409352765
N6022,42,7,-0.017136462356267652,-0.5343168555290899,-1.2654082236252513
NF-449,42,7,0.0016389131508207553,0.05910924455322407,1.2515073711396538
NMS-1286937,42,7,-0.037464123965862885,-1.0998098633275535,-1.389652502726957
NPK76-II-72-1,114,19,0.012746813781215307,0.43333094691614515,0.9260567000252924
NSC-4644,42,7,0.003070499265317658,0.10470145603672741,-0.5850346613499312
NSI-189,42,7,-0.007217082594025097,-0.22036852513498398,-0.5849057708183393
NU-7026,114,19,0.005014999398865711,0.16347580820242846,0.8470287417539283
NU-7441,114,13,-0.005270569297382743,-0.16362391133759352,-0.7035158977384663
NVP-AEW541,114,13,0.0006110066251458337,0.018978417364531402,-0.7769739815270125
NVP-AUY922,114,13,0.007109332239942037,0.2385313028138778,0.7691667910404382
NVP-BEZ235,162,16,-0.03343354557504506,-1.0244648037643311,-1.4936443732257556
NVP-BGJ398,131,22,0.0017351409946296528,0.0673144059145916,0.4852063230100787
NVP-BHG712,114,19,0.01591691568966392,0.5602668405698932,0.9330349758207331
NVP-DPP728,42,7,-0.002154975100964768,-0.06956307229387619,-0.6799728361984749
NVP-TAE226,130,22,-0.019637334551505417,-0.6112597008446446,-0.9230941702602393
NVP-TAE684,138,15,-0.02013696568586687,-0.5485593470685923,-1.0772374928785289
NXY-059,42,7,0.01157748603809233,0.4040919794533031,0.9236841676051138
O6-benzylguanine,42,7,0.007706879423258729,0.27208071950525536,0.6818123364632827
OCO-1112,42,7,0.004920352617175991,0.1623426986104944,0.7278687721070384
ORE-1001,42,7,-0.0034917659112236044,-0.10867265894860362,0.8085894417037831
ORG-9768,42,7,0.01358560737271252,0.4739916479642593,1.2500224270108924
OSI-027,153,16,-0.025130839935214505,-0.7343494890247172,-1.1662449502080336
OSI-930,132,22,0.0020877052725087756,0.07040773222395702,0.6253710470372836
OTS-167,142,24,-0.002125865930019154,-0.06394794221574909,-0.490301405107002
PA-824,42,7,0.002291786103536788,0.07918068864512733,0.5099793885195671
PCA-4248,42,7,-0.0024688303989996215,-0.07460742952687463,-0.46029721989218186
PCI-24781,42,7,-0.008644776317716443,-0.2604580177638031,-0.7832795468841361
PD-0325901,660,30,-0.005020525578698885,-0.15198600624680214,-0.5680047740662102
PD-123319,42,7,-0.000883963356868157,-0.027500459097924236,-0.6469592639225348
PD-153035,42,7,0.009459502816352956,0.331914632317857,0.7520670133751483
PD-173074,138,15,-0.0022933154630963718,-0.06772069865404973,-0.5092969647046373
PD-184352,156,15,-0.004190515586480597,-0.12301653829010212,-0.5868177954072481
PF-02545920,42,7,0.014285597062117013,0.5073815847722326,0.8476729525864083
PF-03084014,42,7,-0.0004357142224081538,-0.012894460396630815,0.5591389561353995
PF-03758309,153,21,-0.023064385686046813,-0.73954691715661,-1.1395862344358034
PF-03814735,42,7,-0.01421463690376986,-0.4144030547762435,-0.9165197787358802
PF-04136309,42,7,-0.01800280376342711,-0.5411496189327838,-0.8463573892373356
PF-04217903,174,24,-0.004124019041217158,-0.12753803219669924,0.5614407733279
PF-04447943,42,7,0.010144229519333827,0.3749012912621751,0.9179012156885774
PF-04457845,42,7,0.006971035789781477,0.2415614106348072,0.5176649441571456
PF-04620110,42,7,-0.01298067741068721,-0.36955138102772855,-0.6012227116841705
PF-04691502,42,7,-0.043699122322598136,-1.4134813563113284,-1.9926556022005706
PF-431396,114,13,-0.00991162862928338,-0.3138354848203261,-0.8534786627401406
PF-477736,114,13,0.006249093438137853,0.21852846633120832,0.7166069295287799
PF-562271,179,17,-0.00182411673093916,-0.05596240434003426,-0.5637170759788687
PF-573228,114,19,-0.004145398504673694,-0.143534409051356,-0.8921319013621553
PFI-1,114,19,-0.02223608967643203,-0.6838547169914304,-1.3612156211414177
PH-797804,42,7,0.016350351290994228,0.586440957731442,0.8513919746804853
PHA-665752,114,13,0.007255671221469435,0.24732266918405946,0.846528875366631
PHA-767491,128,22,-0.0010514164429800484,-0.03274917439773823,-0.5422288853277843
PHA-793887,180,17,-0.006874749677304036,-0.22323481637711623,-0.7252043955958751
PHA-848125,42,7,-0.047793382310765575,-1.4512582782833459,-1.720318603037303
PI-103,180,17,-0.014849024040569862,-0.4846417636681125,-1.017371173057347
PIK-93,114,13,-0.0022749752580692416,-0.07258052618981786,-0.6994499661150175
PK-11195,42,7,-0.005312446279034895,-0.17343753175941984,0.688376814960383
PKI-179,42,7,-0.03847968901034106,-1.1761303610609377,-1.8228806864725362
PLX-4720,114,13,-0.019984889968950016,-0.6045550644291182,-1.0440339574318152
PRX-08066,42,7,-0.003978335079553091,-0.11715151461320222,-0.5416822291884097
PS-178990,42,7,0.0038599457298958803,0.13221692132613766,0.6740816641969094
PSI-6130,42,7,0.020360864141283415,0.7230665865765031,1.1884402129462561
PSI-7976,42,7,0.0009278741015905013,0.029819968026353574,0.4511314742618714
PX-12,42,7,0.003476376681621418,0.11765443597006194,0.6128115742479857
QL-X-138,138,15,-0.00017354381859534162,-0.0048967361517817855,0.574411157889145
QL-XI-92,114,19,0.0018977324157964663,0.0665419683845835,0.6659401692923616
QL-XII-47,137,15,-0.017643452784283347,-0.5465830674068702,-1.1969257591535796
R-428,42,7,0.012838731320220526,0.40770901592835357,0.6847386222103984
R-547,39,7,-0.013960808027188137,-0.4396513012799787,-0.8680828181366649
RAF-265,156,21,-0.0020174256919450535,-0.06377801236422947,0.49626903684282025
REV-5901,42,7,0.005013382964101067,0.17282123450904474,0.778324876614209
RG-108,114,19,0.011033905800420168,0.3531194477617129,0.9809115800253377
RG-2833,42,7,0.004855626789405264,0.15309276482995365,0.4947505424269818
RG-4733,48,8,0.003066029037461969,0.10679297634741439,0.7730136687652122
RGFP-966,13,5,0.03378272139503013,1.1736686070215205,1.8038259581511542
RHO-kinase-inhibitor-III[rockout],42,7,0.004595468273079006,0.15656785228918466,0.5674827628568413
RS-127445,42,7,0.011069698795690065,0.3559358113475084,0.8105416706757756
RU-58841,42,7,0.0028472209896390475,0.08966648016036742,0.5828934160684545
Ro-4987655,42,7,0.01232361455228468,0.4066274741465267,0.5773147025299533
S-18986,42,7,0.020363142921511,0.7336121608713153,1.2312546703767828
S-ruxolitinib,42,7,0.0007028086403645488,0.023291733685846486,0.7256939643389939
SAR-245408,114,13,-0.011458263277885409,-0.35219237979882845,-0.6691129665751026
SAR-245409,132,22,0.0025241635384471123,0.08509524496235979,0.5932498340458517
SB-203580,114,19,0.007339113544432523,0.2613979379975916,0.573419901691142
SB-216763,132,22,-0.001374387495137983,-0.040298081573749284,-0.7530515426120914
SB-239063,114,19,0.01313497098333867,0.3956041528809825,0.9061943459587495
SB-242235,42,7,0.0053042422324819545,0.18405171307597792,0.84805172191257
SB-271046,42,7,-0.016704239285738737,-0.4966256367936207,-1.0892160591227231
SB-525334,132,22,-0.004439424831581266,-0.14242905426854513,-0.4890943647094987
SB-590885,114,13,-0.007743060857713376,-0.2512483519136208,-0.6845082055878622
SB-683698,42,7,0.029053430988185983,0.9535942779443385,1.3106169076559253
SB-705498,42,7,-0.01460283120312322,-0.47689736804489025,-0.7753232326490105
SB-743921,41,7,-0.024818252476722074,-0.7556671677889729,-1.0468621998299998
SB-756050,42,7,0.02420645337781623,0.7811876465336831,1.256495754113023
SB-939,156,21,-0.013797675991477739,-0.41246035784875484,-0.8084164671939857
SC-12267,42,7,0.02644145632834711,0.9033758379045647,1.358474230246556
SCH-28080,42,7,0.014697306340738674,0.5093453557418225,1.0012843392089839
SDZ-NKT-343,42,7,0.011182350420357628,0.3889448836157537,0.8247283751193907
SEP-227900,42,7,0.014360020341307282,0.4662650882616598,1.0584405889723876
SGI-1776,172,24,-0.005825284785349339,-0.19451850732632564,-0.6609125708450657
SGX523,156,21,0.002307868341577939,0.07655125173103244,0.610537895225187
SK&F-10047-(+),42,7,0.016975500004556304,0.5744345421207564,0.9271276594980343
SN-38,42,7,-0.024802841670106095,-0.820434537069773,-1.2328903352693719
SNX-2112,42,7,-0.007090103039174898,-0.20281581285861133,-0.8314095406754628
SR-2640,42,7,0.012926949639844011,0.43407398768533,0.9658301754244315
SR-27897,42,7,-0.0028269975418004794,-0.08871385159671458,0.5479914304553551
SR-33805,42,7,0.024787118491371624,0.7996357146647779,1.468664270408766
SR-57227A,42,7,0.0008102812939520793,0.026210069253336035,-0.4133437567260817
ST-1859,42,7,-0.00036590343630766404,-0.010275201368344644,-0.45866956858405317
STA-5326,42,7,-0.014753603304088089,-0.4209523690471475,-0.8457355347911667
SU-014813,42,7,0.016981447918673447,0.5828090925295535,0.9682002859308964
SU-11274,114,13,0.0007651425807857443,0.02496154730169664,0.5673862997522654
SU-11652,42,7,0.014068701032791715,0.47041056399354764,0.8636665168554771
SYK-inhibitor,114,19,-0.009418262919291414,-0.3041620241980719,-0.862734448099562
T-5224,42,7,0.003146468491991776,0.10400131585919775,0.9992455975384288
TAK-285,42,7,-0.03179149030772097,-0.9295828797961851,-1.400232329240062
TAK-715,156,21,0.003183871963452117,0.11065643710920807,0.6831606551316659
TAK-733,42,7,-0.006804078771999893,-0.2041954624296341,-0.49225625723680644
TAK-875,42,7,-0.006086192614764034,-0.17248873400904774,-0.5398973599524164
TAS-103,42,7,-0.008664311944543233,-0.2728985378887857,-1.2872093562836489
TG-100115,42,7,0.009599228403460138,0.3167784939461178,0.723895379785114
TG-100801,42,7,0.011095500658191997,0.3809962055401153,0.7377842841314348
TG-101348,119,14,-0.0017397888968664781,-0.053299250558255615,-0.7271657576833359
TGX-221,114,13,0.0209392428206108,0.694762383761426,1.2398519795107998
TH-302,42,7,-0.0020652072492587247,-0.06832274698153219,-0.7512922426547617
THZ-2-98-01,138,15,-0.004250081489882352,-0.12476817964775028,-0.624612831516481
TIC10,42,7,-0.01454660024427919,-0.4374132594258707,-0.7190859310488069
TPCA-1,132,22,0.019486832439973366,0.6897533949089907,1.210838172654475
TTNPB,42,7,0.014220204559605461,0.45643931906024005,0.901335095579842
TWS-119,114,13,0.011421369551151809,0.3748808933804265,1.20053153058199
UK-383367,42,7,-0.008786920902776154,-0.2793970826752086,-0.7040032400662445
UNC-0321,15,5,0.02508601010550669,0.8052093289165356,1.3607916550889592
UNC-0638,114,19,0.010183360672002283,0.3584593657998903,0.6962291711049565
UNC-1215,129,19,0.0010001843110075093,0.03846655003516541,0.5067873011636623
UNC-669,114,19,0.0014098871560378307,0.05052328641372699,-0.5796958860004077
VE-821,114,19,0.00445538590415046,0.14740969081759117,0.5167660225132958
VE-822,6,2,0.019017945166993996,0.6722112945027238,1.2477042130897698
VGX-1027,42,7,0.011975300453874535,0.41617969832931334,1.0170337692960343
VP-20629,42,7,-0.011108732980266087,-0.3468834113725588,-0.7211771058929636
VT-464,42,7,-6.368480689364475e-05,-0.001344385192751308,0.7033851619461163
VTP-27999,42,7,0.0031631178427927896,0.10741376869454758,0.36340561241497976
VX-222,42,7,-0.008615393156155733,-0.2504219022230809,-0.6701952278969523
VX-661,42,7,-0.011969108776267267,-0.3855945609778171,-0.9606033109656691
VX-745,114,19,0.017987574517535812,0.5862828161584532,1.0324963156479412
VX-765,42,7,0.005252807493507153,0.18068415001739307,0.7976843767103646
WAY-362450,42,7,0.01283196473134502,0.452240863587958,0.8772680697408114
WH-4-025,114,13,-0.010938638390723811,-0.3503059409488839,-1.0663857237867063
WYE-125132,138,15,-0.04406604613967483,-1.3242356537338664,-1.9143628399519887
WZ-3105,112,13,0.014963493253889185,0.4838714787016307,0.6816577811894641
WZ-4-145,138,15,0.0018161893647645855,0.06611499963985654,0.595301151092736
WZ-4002,130,22,0.0039007732125113026,0.12211661501058997,0.5537408138161765
WZ-7043,132,22,-0.005391606490139665,-0.18138726674735428,-0.5040506265772146
XBD-173,42,7,0.006717529740883052,0.2250914324096403,0.8120965690462978
XL-147,42,7,0.0050239113795743015,0.17632672560000626,0.5682379514178592
XL-888,42,7,-0.020275121151989366,-0.6441085258021039,-1.0661686303298687
XMD-1150,138,15,-0.023649360870800433,-0.7346716569795418,-1.359083633826057
XMD-1499,114,19,-0.0021332144835491417,-0.07209772777333667,-0.542238879083041
XMD-16144,114,13,-0.007716896111215808,-0.2235224365171675,-0.6466444789784139
XMD-885,132,22,0.005298829452442977,0.17108092792863527,0.5962909006590342
XMD-892,114,19,-0.003927436899526903,-0.12526000544703472,-0.5929186743138111
XMD11-85H,135,15,-0.0014503553089720734,-0.045672690811465605,0.5855962498738411
Y-26763,42,7,0.012574189276523842,0.4400298559975796,0.8278874635081205
Y-27152,42,7,-0.0023990660112732935,-0.08152551829371174,-0.39331084584824433
Y-27632,156,21,0.0017432811859932214,0.05532469320877172,0.5775205117883137
Y-39983,179,17,-0.007829628281346835,-0.23370145539206907,-0.6902707379659914
YM-155,42,7,-0.03956973629664189,-1.263000145032351,-1.8032887158648976
YM-201636,114,13,-0.002003643738293012,-0.05657383786961552,-0.678202768268617
YM-976,42,7,-0.0003268468276525191,-0.011572606592124758,0.48933499558353455
Z160,42,7,-0.004478239994755714,-0.1286279452190768,-0.7171836889703908
ZD-7114,42,7,-0.011630609448621213,-0.35412927279802053,-0.7481034763207794
ZD-7288,42,7,-0.020197915083453873,-0.6570914113358706,-1.0776799716615681
ZK-200775,42,7,0.005011978158305256,0.1823422852360486,-0.5737185203714337
ZK-811752,42,7,0.00967717831095143,0.324542293423199,0.549410813542998
ZK-93423,42,7,0.000868035991313522,0.028122649245065072,-0.7753095738908765
ZK-93426,42,7,0.022585659636792488,0.7561898924489028,1.1776039482250722
ZM-447439,114,19,-0.012420271145854943,-0.39489843830912774,-0.8899161655929521
ZSTK-474,138,15,0.0014513753434276231,0.04731779589418274,-0.7087848797054073
abacavir,42,7,0.006447928168221803,0.2233147204379191,0.6082045234000112
abiraterone-acetate,42,7,0.011206398460059129,0.386976279758355,0.9435799329717052
acarbose,42,7,-0.0023706465526374945,-0.07605243959401586,0.4915264930702235
acebutolol,42,7,-0.004116919436994363,-0.12248303242640743,-0.6342666049945631
acecainide,42,7,0.006913852059497139,0.22063709895567624,0.8261570842245594
acenocoumarol,42,7,0.01565848755075608,0.5078911891894674,0.9154446007232667
acetazolamide,42,7,0.02424519372376067,0.8107663324005714,1.3351631113485654
acetylcysteine,42,7,0.02291474344847061,0.7334469553062198,1.0340423086674777
acexamic-acid,42,7,0.008969995897094178,0.3160878590314694,0.7017014972603691
acifran,42,7,-0.002794145706782364,-0.07877013975729805,0.7419517067627396
acipimox,42,7,0.0032332845355116675,0.11242450867156445,0.6545654515746532
acivicin,42,7,-0.00588166359029022,-0.17991846449770832,-0.8272060907835971
aclidinium,42,7,-0.002800649712684583,-0.08795523202143565,0.49233895023994145
acrivastine,42,7,-0.008863974523826436,-0.26989065930633216,-0.49617883952932373
actarit,42,7,0.022722738245839362,0.7747475267085302,1.473266062963399
acyclovir,42,7,-0.004867785122613824,-0.1534029427047346,0.6583141125756381
adapalene,42,7,-0.005929878891855053,-0.18005893134762502,0.6484164178680728
adarotene,42,7,-0.015561186101181465,-0.4932049281379395,-0.9490746007918441
adatanserin,42,7,0.005798628006757457,0.1962282282805355,0.6501744347189712
adenosine,42,7,-0.004299521137812857,-0.13648205568922955,-0.5079383475958483
adoprazine,42,7,-0.0006783065353485477,-0.014067141208638279,-0.984690713357218
afatinib,180,17,0.013073652742396708,0.4521975056916693,0.9498534924468651
afloqualone,42,7,0.001292327373298222,0.05059520744846822,0.5198645847950839
agomelatine,42,7,0.023561556748621027,0.7681604349677147,1.3543951468913118
alagebrium,42,7,0.0009995449584403171,0.03357669575898179,-0.41159307526398436
alaproclate,42,7,0.028338092143434402,0.9412551194697178,1.4744447705911918
albendazole,42,7,-0.012598888534819525,-0.37416942601645,-1.0895751825429625
alectinib,156,21,0.010803871028102603,0.3564228032671305,0.8458375079098213
alisertib,42,7,-0.010437139199103575,-0.2975889081825456,-1.0142597943675353
aliskiren,42,7,0.0034611969554563127,0.12596860811866606,0.5838406292212647
alizapride,42,7,0.024827212417009893,0.8212810348744208,1.4009749598351406
allopurinol,42,7,0.014976919295094097,0.5073582354109583,1.0667277897737435
almitrine,42,7,0.018112867403191,0.6321555212251501,1.5114259207606766
almorexant,42,7,-0.0005399628253114556,-0.01846034962741653,0.41968659793352686
alpelisib,120,14,0.004142633613854482,0.14021957034340693,0.63887067246803
alprostadil,42,7,0.0017725658992044323,0.059322408334556875,0.47446268543344894
altanserin,42,7,0.0030567983110804083,0.10071047663156157,0.821232440219462
altrenogest,42,7,-0.016589773083004092,-0.4904463323441256,-0.7739107623327257
altretamine,42,7,-0.0017501536025966529,-0.058042682167564405,0.7057882039033163
alvespimycin,42,7,-0.022118578528590824,-0.662012593850915,-1.1521182015092237
alvimopan,42,7,0.007963313315422493,0.2766910238611378,0.7255892652774354
alvocidib,185,18,0.008682050966995153,0.2856338639771364,0.7504416342001522
amantadine,42,7,0.000428655915678583,0.015101911210375504,-0.7030375337323717
ambrisentan,42,7,-0.01205626900967028,-0.377355795551618,0.8846186231212834
ambroxol,42,7,0.003009444523610336,0.0978849119703527,-0.45671642500077525
amcinonide,42,7,0.014934989461041857,0.4865875667988239,0.9551056462964604
amfepramone,42,7,0.012917961574424593,0.4211101645025703,1.0319599320453823
amikacin,42,7,-0.006704314066330116,-0.20920181035494778,-0.5174339611366966
amiloride,42,7,0.008035725568211274,0.26068624236829946,0.8001394905142284
amineptine,42,7,0.011966241956123806,0.3999242452899837,1.0756631508670136
aminocaproic-acid,42,7,0.0022828004969538164,0.08162737617654837,0.6872537501057505
aminoglutethimide,42,7,0.0002625123788850352,0.008338016899501569,0.30220135037065127
aminoguanidine,42,7,-0.0016921727204343704,-0.052803915476958396,0.5015268247286861
aminosalicylic-acid,42,7,-0.013713878340045064,-0.3999620630151909,-1.204154528491026
amiodarone,42,7,-0.0012478833268703112,-0.03662650633775446,-0.6537632914770496
amiprilose,42,7,-0.013275434735477215,-0.39989091804943544,-0.824007848921715
amitifadine,42,7,-0.000743360809556336,-0.020972378085715913,-0.5777486547343875
amitriptyline,42,7,-0.0021891126858207886,-0.06874231817827015,-0.7117781637243056
amlexanox,42,7,0.01592630814863706,0.5166480143259113,0.9932270838822571
amlodipine,42,7,-0.01735568905893165,-0.5338963623969921,-1.065426856180554
ammonium-glycyrrhizinate,42,7,0.040258038548416655,1.3464447681327074,1.9160807277656298
amodiaquine,42,7,0.0036212311622074375,0.12291481106457054,-0.6578525039343589
amonafide,42,7,0.008395873078330913,0.28080955653127004,0.6253247655053045
amoxapine,42,7,-0.006026805410278094,-0.1817730229021804,-0.7216578267328103
ampalex,42,7,0.018873710663773073,0.6237014000723893,0.9082520453016814
amrinone,42,7,0.010506284365209385,0.34293683084903626,0.8118313137407321
amsacrine,42,7,-0.00791946722797841,-0.23669432618899666,-0.7202853872235425
amtolmetin-guacil,42,7,0.02313872191901452,0.7764474298990047,1.1698539727276724
amuvatinib,174,24,0.01064089164777354,0.3519540412782898,0.6945636453090794
anacardic-acid,114,19,-0.0040181810442062055,-0.12309886483889665,-0.6397158844697538
anacetrapib,42,7,0.017216225437584297,0.583346764915261,0.8564548871874357
anagrelide,42,7,-0.0029057429314496737,-0.08696031114773664,-0.822866856444402
anamorelin,42,7,-0.010253666401288018,-0.3108604564664006,-0.71851819562257
anandamide,42,7,0.019158289088550357,0.646959240210528,1.1177487889119606
anastrozole,42,7,0.020380346232194965,0.7034456080598821,1.2893593480483216
andarine,42,7,-0.004511644473669537,-0.1320783873217535,-0.7275272195029165
andrographolide,42,7,-0.005107797715206622,-0.1560119877973059,-0.5835587124080794
anecortave-acetate,42,7,-0.008183485170988401,-0.23991403097683262,-0.6500808292851249
anidulafungin,42,7,-0.002929192222869277,-0.0934730666535841,-0.6184324803095674
aniracetam,42,7,0.005334931257101885,0.1767413387676079,0.7562785666431213
anisodamine,42,7,0.01900532066994532,0.6652923034978889,1.6074032753319678
apabetalone,37,7,0.0014387068279958406,0.04530866333119737,-0.504197461037059
apafant,42,7,-0.01664120242339969,-0.48851042665271355,-0.8681359379409013
aphidicolin,42,7,0.028375930685467447,0.9176882631692678,1.6228406265003816
apixaban,42,7,-0.0008918928484976231,-0.032523063806619734,-0.448189141981951
apocynin,42,7,-0.017919881521180035,-0.5899624813847595,-0.9255582921918641
apremilast,42,7,0.012225914413662742,0.41063034840630863,1.051517736123793
aprepitant,42,7,0.013374987315201195,0.44148041694836093,0.9333031865287947
arbutin,42,7,0.005807666560827974,0.20072015487429384,-0.6354065843462297
argatroban,42,7,-0.0012827805251588336,-0.03901652736978989,0.7283880827801048
arglabin,42,7,0.002070264944739557,0.07651098583272642,0.5232046233132785
aripiprazole,42,7,-0.0019035404862304754,-0.06347302188186617,-0.7437891586520118
armodafinil,42,7,0.01199192286331505,0.421048631470855,0.8853032250072891
arofylline,42,7,-0.00033784592858640674,-0.009572550283840521,0.44827964580695656
artesunate,42,7,-0.007920944854684989,-0.23832383592776896,-0.508313139265959
asenapine,42,7,-0.016894370831442736,-0.5332722021739993,-0.8489662234503603
aspirin,42,7,0.008322494379299225,0.28506295037572527,0.6567268789769208
asymmetrical-dimethylarginine,42,7,-0.012909963420020643,-0.3766174045246313,-0.8963497966546351
ataluren,42,7,0.01712213474172922,0.5715834653710896,0.9428764172472269
atenolol-(+/-),42,7,-0.0018836025373380255,-0.05529484290380274,-0.376178470333042
atipamezole,41,7,0.0103055835975399,0.3394510455524646,0.7370824374708073
atomoxetine,42,7,-0.015647813264172607,-0.4460673523616971,-1.0225939877346801
atorvastatin,42,7,-0.01409211277315169,-0.42389158551281086,-1.0580814144506994
atovaquone,42,7,0.007723088918801852,0.25991583161718645,0.6364591961188372
atracurium,42,7,0.004193528853692147,0.13613636455270134,0.8146399041351383
atrasentan,42,7,0.0005750495922752194,0.01957265664022431,0.5571668006746585
aurora-a-inhibitor-i,112,19,-0.0017402282210474476,-0.05839227329686701,-0.45314460014672564
avagacestat,42,7,0.016219723295555995,0.5562910913632071,0.9238163514971671
avanafil,42,7,0.008209480083370758,0.2740899663394143,0.7310252671055122
avasimibe,42,7,-0.008817051531389102,-0.26955977156462796,-0.6977757093839352
azacitidine,156,21,-0.007389261733624759,-0.2418415409714494,-1.143731816487536
azathioprine,42,7,-0.00603528208662434,-0.17725058557440837,-1.0572820533941358
azelaic-acid,42,7,-0.0020079021056401865,-0.06662318160594574,0.668806454063374
azelastine,42,7,0.0003549854883370478,0.01169518078856736,-0.5627314212177607
azithromycin,42,7,-0.01515174633817823,-0.4613409930117821,-1.1286942744894088
bafilomycin a1,15,5,-0.007555212305036679,-0.25698256624586735,0.7010503561082158
baicalin,42,7,0.010853159412458476,0.3501066850455209,0.8855494693770624
balaglitazone,42,7,0.01716697286255444,0.5613753741794412,1.1084570717837174
balapiravir,42,7,0.006303416727300422,0.20837628854231086,0.7060354314225066
balicatib,42,7,-0.0036544420787044105,-0.11458482637133059,-0.5410777056481066
balsalazide,42,7,0.017740783301601504,0.5993231312067593,1.0427465026694545
bambuterol,42,7,-0.0094580704994395,-0.2901658411376288,-0.8015546695959311
barasertib,42,7,-0.009047999694692086,-0.2780884861498183,-0.6327937948289629
barasertib-HQPA,114,13,0.006766408585896232,0.22407270674241753,0.5401619593304663
bardoxolone-methyl,40,7,-0.03413208509854296,-1.022244517032697,-1.3693131678160544
baricitinib,42,7,0.006347195853784741,0.21746657194775765,0.8889261037517877
basimglurant,42,7,0.0036909574055835758,0.12051830392377419,0.3966192288312854
batimastat,42,7,-0.013972860715066295,-0.41349017977490327,-0.6865643134376898
bavisant,42,7,0.002808061232424928,0.10284635343642519,0.6331504397472608
bazedoxifene,42,7,-0.013166929501702023,-0.4072762684410761,-0.689720920198002
beclomethasone-dipropionate,42,7,-0.00022628983720120567,-0.004413305097532058,0.5105845913324051
belinostat,171,21,-0.015375177627193511,-0.479452977847564,-0.9356933998922817
bemegride,42,7,0.02763010108888988,0.966706863294108,1.490952241207303
benazepril,42,7,0.012194599386382817,0.4293402209050633,1.0677914620683118
bendamustine,42,7,-0.01173598557085619,-0.3667893532981777,0.8433163020917886
bendroflumethiazide,42,7,0.004399733658164996,0.15317893875401112,0.6770178041180478
benfluorex,42,7,0.0036436326421325272,0.12877036119574237,0.4783681714920559
benzamil,42,7,0.00142326649650588,0.048251658539497845,0.4599271654266194
benzbromarone,42,7,-0.010965930660729798,-0.3526495918295188,0.9309969375012737
benzotript,42,7,0.026849951225669133,0.8787299859033978,1.4253719056310727
benzthiazide,42,7,-0.0009811087394631557,-0.030392197662072688,1.1661760192209343
benzydamine,42,7,0.008802107294199703,0.32147896530544806,0.5952155869685408
benzylpenicillin,42,7,0.006840999302468358,0.22529655518646186,0.5052694097746714
bepotastine,42,7,0.02485367089535928,0.7963461372743224,1.1668257236087372
berberine,42,7,0.006975737414916817,0.23018905012802815,0.5312545926161585
betahistine,42,7,0.002792414228522897,0.0936524227331055,-0.47824908091647733
betrixaban,42,7,0.011908217684938792,0.38242686293520445,0.866558173831478
betulinic-acid,42,7,0.010210443996520435,0.37734838622884526,0.9606828009109373
bevirimat-dimeglumine,42,7,-0.005854503636698201,-0.19277088275595458,-0.6405121627408201
bexarotene,42,7,0.008829947430172567,0.3105463225837142,0.5777077557089736
bezafibrate,42,7,0.010531985475928096,0.37063834897524395,1.1979559023443775
bicalutamide,42,7,-0.012805518838563595,-0.414801166739746,-0.831196836774753
bifemelane,42,7,-0.0020536386108436686,-0.05985833233758914,0.6055161956683622
bifonazole,42,7,0.014079499959718352,0.4815044604664402,0.8067666535165227
bimatoprost,42,7,0.01320080493875685,0.45290477540955687,1.004811057152719
bindarit,42,7,0.007253101151070977,0.24359446137705243,0.9662887564614181
binimetinib,42,7,0.0004836797002218059,0.01707898087223822,0.29472352066493257
biperiden,42,7,0.013894063735008115,0.4774615397233671,0.9415275222651772
birinapant,42,7,-0.003264974482612807,-0.09429633251367137,-0.5319640189063559
bisindolylmaleimide,42,7,5.8876383362272615e-05,0.00740859963617789,-0.49493693952373163
bisoprolol,42,7,0.00013674548191905628,0.005438100885791447,-0.6064999699950891
bitopertin,42,7,-0.011010384678332411,-0.3538966756927755,-0.7860171610066841
blonanserin,42,7,0.0035316754816981646,0.11654809602226016,-0.4173809696641231
bms-906024,6,2,0.010892531655164607,0.3860699229463494,1.3326367172560998
bopindolol,42,7,0.008855061215159757,0.29550531167395977,0.7342794126992231
bortezomib,2339,7,-0.06039762892832782,-1.83729813185269,-2.1404106381680914
bosentan,42,7,0.009458144312752928,0.3261930216910211,0.9916581457512776
bosutinib,174,24,0.00659101455372626,0.20912632938006795,0.825533328103942
brequinar,42,7,-0.005994265452922485,-0.18789189619159022,-0.6370724553876139
bretazenil,42,7,-0.015575567897854088,-0.5113262620534303,-0.935879577296351
brexpiprazole,42,7,0.004769408263627482,0.1615651549248535,0.7956076855281745
brivanib,156,15,-0.006536265544534178,-0.2067088241724489,-0.6612439276005208
brivudine,42,7,-0.007082750949459576,-0.2357160634705151,-0.734175308917857
bromocriptine,42,7,0.006068191941651035,0.19319313654793235,0.6218923018784314
bropirimine,41,7,-0.0077361778026594505,-0.2264765972081445,-0.7330623881758381
broxuridine,42,7,0.0013169807990399281,0.04867178933467034,-0.8452992339266848
bruceantin,36,7,0.0003101378388620273,0.010753582354374323,0.7281823720527205
bucladesine,42,7,-0.00649744153082835,-0.2007370619338787,-0.4598021167339071
budipine,42,7,0.005340684476525229,0.17011273083183256,0.735522839715534
buflomedil,42,7,0.006906446769416848,0.2278496497713988,1.0182331416125538
bumetanide,42,7,0.021841386658033327,0.72202541658192,1.3841322383569838
buparlisib,154,15,-0.01126312005287649,-0.34500046049360894,-0.8698117674780595
bupivacaine,42,7,0.011488098214417744,0.374444039770377,0.9928200272508011
bupropion,42,7,0.005737805872555502,0.18649064934920556,0.5562965798025986
buspirone,42,7,0.01769512727015897,0.6083490289728836,1.056335196914097
busulfan,42,7,0.009204682647262229,0.3201503073650521,1.321048810821052
butaclamol,42,7,0.012237863477733278,0.4038870265722344,0.8541121674024778
butoconazole,42,7,-0.004300307187259291,-0.12300667713611696,0.5644266275788031
butorphanol-(+)-tartrate,42,7,0.012096113761716244,0.4161855855883461,1.052350234582304
cabazitaxel,42,7,-0.01032400161836626,-0.3158606056182437,-0.5588579672400826
cabergoline,42,7,-0.008981019247498723,-0.27201721698670195,-0.8894463072847418
cabozantinib,174,24,0.0014619257323446604,0.04607016075785335,-0.5347036605114563
caffeine,42,7,0.0009763795891795688,0.03310481243922626,0.519796031477435
calcitriol,42,7,-0.015520032541078843,-0.4568629074345363,-0.8322593574752793
calpain inhibitor ii,13,5,0.00032946207054667883,0.01057505484581265,-0.4120842102744506
calpeptin,42,7,0.023605301219700704,0.8723834462767113,1.427334060246463
camicinal,42,7,0.018267851599043393,0.6448685438712505,1.2488431504209034
camostat-mesilate,42,7,-0.004490988134708228,-0.14767181498781956,-0.543498200143362
camptothecin,42,7,-0.023732145687115194,-0.7748407422874982,-1.4846437459356983
canagliflozin,42,7,0.006720388902899662,0.2278551521708586,0.7002277497828965
candesartan,42,7,0.007100020465695196,0.2415291964434675,0.66139018286149
canertinib,180,17,0.008393430100309084,0.278948861156874,1.0060998620949553
capecitabine,42,7,-0.011723745353602467,-0.3521087893274657,-0.5914031150889986
capsaicin,42,7,0.004751719900372829,0.15671237042454572,0.7382672954178024
carbachol,42,7,0.01154801055150749,0.38459941275300147,1.08321953195583
carbamazepine,42,7,0.0033910379772083463,0.11777542314350464,0.4586960231308166
carbenoxolone,42,7,0.02807101909878021,0.968049168160175,1.5790793205504519
carbimazole,42,7,0.012137397423134487,0.42522497707706075,0.973450619231869
carfilzomib,38,7,-0.04397417074035165,-1.2919342266670804,-1.7216964763258955
carglumic-acid,42,7,0.006720800123066189,0.21920755539165887,0.9114096226668865
cariporide,42,7,0.005435447129303926,0.1910093488300178,0.7387841902157447
cariprazine,42,7,-0.0021282842184507196,-0.06459990688676655,0.7279577518296702
carisoprodol,42,7,0.002630516904796601,0.0835698274786407,0.7751211433052969
carprofen,42,7,-0.015249194975551814,-0.4376714456416082,-0.7678100875436447
carvedilol,42,7,0.019441437909708932,0.7084290145935249,1.6146495326195305
castanospermine,42,7,0.00338709077973973,0.1119693391968258,0.617701547196934
cediranib,42,7,0.009252459440363712,0.29756510873778586,0.5243224891604554
cefdinir,42,7,0.0077473166419708165,0.25518542540092387,1.0120181668870623
cefepime,42,7,0.008952427954194514,0.29145122304888754,0.7355991320873206
cefoperazone,42,7,0.009543413498350644,0.3103044774789197,0.7746939395715032
cefotetan,42,7,0.0030254905582920958,0.0941404369028465,1.106849104941129
cefozopran,42,7,0.012192303904732426,0.41664042891815906,0.8387057322885494
celastrol,136,15,-0.00690661071424796,-0.22374271842559096,-0.8252878827759532
celecoxib,42,7,0.001214613168195078,0.040945013214290504,-0.6183457596050732
cepharanthine,42,7,-0.0028802620287991182,-0.09034532808812576,-0.6567551609186877
cevimeline,42,7,0.005304576284666165,0.18644366895343364,0.9066490757938737
chelerythrine,108,19,0.0045055687701834966,0.1312754799370331,0.7727172077692721
chenodiol,42,7,0.005599274425486436,0.20172209302,1.0339249427527306
chlorambucil,42,7,0.015226899619801983,0.5122854575241874,1.0477808489129845
chloramphenicol,42,7,0.010514279460938176,0.34367227432697045,1.14571575081929
chlormezanone,42,7,0.010607115495623026,0.3526538222178009,0.8412842925017238
chloroquine,42,7,-0.005038007217533653,-0.14771393237849986,-0.4570795883876927
chloroxine,42,7,-0.011365610274705756,-0.34139417321656174,-0.9856302619547175
chlorphenamine,42,7,0.007931357919794166,0.2518310533540873,0.5655224624537066
chlorpromazine,42,7,-0.008061687909075223,-0.25333793339858485,-0.6773303517178175
chlorpropamide,42,7,0.002370930774226538,0.08222143251086964,0.56162553081943
chlorprothixene,42,7,0.006014244793998539,0.19352065659893258,0.5020063676439288
chlorthalidone,42,7,0.013692328089584914,0.49856577824499637,1.0902681826984775
cholic-acid,42,7,0.03191865705261994,1.1016316911649247,1.5081772501561432
choline-alfoscerate,42,7,-0.0006096075073949722,-0.021664063851560618,-0.6609364518175498
chrysin,42,7,0.01794498043125483,0.5849818653573627,0.9507998374094202
cianidanol,42,7,-0.0027305991215875415,-0.08775272932010736,0.5577296418294361
ciclesonide,42,7,0.016301715629591575,0.5212268054122905,1.293213811984334
ciglitazone,42,7,-0.0025830749081514545,-0.07606581923171848,-0.4478833302297158
cilengitide,42,7,-0.006772185778971132,-0.20937038039768463,-0.8617809961084744
cilomilast,42,7,0.004436074159610779,0.14102740570970385,0.7305698955752538
cilostazol,42,7,0.00333372240128006,0.11507454833820648,0.641064118289218
cimetidine,42,7,0.01103434275851307,0.36476969396046927,1.011538414078824
cinaciguat,42,7,-0.008950995993179021,-0.2684546253208618,-0.7112124680227455
cinepazide,42,7,0.011912975617854663,0.4115512420446997,0.7665858415119253
cinnarizine,42,7,0.011341954461620465,0.3923125152798399,0.9002788505121534
cinoxacin,42,7,-0.005159399922465028,-0.15876728170095894,0.7208811388666477
ciprofloxacin,42,7,0.00909672785036146,0.2963147876533113,0.7397238760268161
cisapride,42,7,0.00453337602394564,0.15060208985216822,0.82568450558687
citalopram,42,7,-0.004342237758249066,-0.13717374679595304,-0.6927486158162492
cladribine,42,7,0.011171051737367465,0.3856002227280023,0.6780790007199063
clarithromycin,42,7,-0.002481072993890038,-0.07122221175111551,-0.6664055722677293
clemizole,42,7,0.016034820717839765,0.5173572212066468,0.7300738259702909
clenbuterol,42,7,0.011575073827973258,0.37730194929792515,0.9124712575921093
climbazole,42,7,0.010943836976604898,0.37608696328526314,1.1798848037538763
clinafloxacin,42,7,0.004473038370618037,0.15221206565339354,0.6075449427021491
clindamycin,42,7,0.005612816140558637,0.1824356071466303,0.7530516444335599
clinofibrate,42,7,0.00410004855889522,0.13291192763960802,0.5256307356491073
clioquinol,42,7,0.004652794404061467,0.1592506362439263,0.5817305418294237
clobetasol,42,7,-0.0039437363327791694,-0.12202669098374094,-0.4948259491762911
clofarabine,42,7,-0.008714509679724678,-0.24549360649036034,-0.6433327624002725
clofazimine,42,7,0.0006408097445188807,0.020180784860944927,0.651571418232029
clofibrate,42,7,0.00919219748206565,0.3010501170200902,0.6498985154061132
clofibric-acid,42,7,-0.025831181894453825,-0.7536919019786696,-1.4623967611973232
clofoctol,42,7,0.006159543889911195,0.20362018733970833,0.6213719947986694
clomethiazole,42,7,0.026380921525376806,0.8823318236683851,1.2687966252433684
clomifene,42,7,0.0017256988834769146,0.0625962708259695,0.42802833408759944
clomipramine,42,7,0.0022642153414649245,0.07341159554415853,0.6242631544074928
clonazepam,42,7,-0.007080743090539094,-0.2115547017434834,-0.6456137442194644
clonidine,42,7,-0.013395382381906778,-0.4260661429891873,-0.8045457015428062
closantel,42,7,0.005759029097994769,0.19863240898120155,0.7887876893642265
clotrimazole,42,7,0.0088098569036915,0.2901839676347451,0.6154800560942828
clozapine,42,7,0.012251931800055151,0.4210098202081649,1.1401700693648857
cobicistat,42,7,0.009932513948114355,0.3208905068182307,0.74024627056475
cobimetinib,42,7,0.001355670561312959,0.05010165069645649,0.4552859508046646
colchicine,42,7,-0.02971000575540733,-0.9399385415983466,-1.3756243546309879
colforsin-daproate,42,7,0.00597903469082833,0.20216848697993423,0.5154635469893138
combretastatin-A-4,42,7,-0.055112516482189955,-1.8558872343515125,-2.1732493780444133
compound e,15,5,0.004159923008298707,0.12774211376838768,-0.5462068458881021
conivaptan,42,7,0.005979322891162179,0.206690402428386,0.6267023420956257
cordycepin,42,7,0.012773612176593282,0.4258776610946544,0.9216889790182818
cpi-169,14,5,0.0245005056687403,0.9054676054283695,1.05566315968275
crizotinib,155,15,0.0010151854368308552,0.03282334114943943,0.7504859754988674
cromoglicic-acid,42,7,0.0049449485844944765,0.15835164514795974,0.5163265687887384
curcumin,57,9,-0.007965805986737264,-0.2738157359696203,-0.9503165176457518
cutamesine,42,7,0.004468431270249831,0.15375820467469764,-0.6302960819271748
cyanocobalamin,42,7,-0.010516145880443927,-0.30108664799726614,-0.8309090852589154
cyclizine,42,7,-0.012770455040703595,-0.3819256309991043,-0.6405078045005972
cyclobenzaprine,42,7,-0.004713809236824789,-0.15242009768957382,0.5954140566385603
cyclosporin-a,42,7,-0.0018583789867182789,-0.06332832388090848,-0.5681077873290965
cyproheptadine,42,7,-0.009526960065966605,-0.29592264134899143,-0.7875816862139212
cyproterone-acetate,42,7,0.01691797944405312,0.5375591654403205,1.0300101028397861
cytarabine,42,7,0.02255350468388541,0.7547507261973165,1.3773048332365059
cytisine,42,7,0.0006085162939537533,0.0208291163784077,0.4932602159977254
cytochalasin-b,42,7,0.002372162480181384,0.07841817141783926,0.4860246045757778
dabigatran-etexilate,40,7,-0.0075573824502765995,-0.24832282059447844,-0.7399588942968764
dabrafenib,156,21,-0.008561491257505709,-0.2665749709167099,-0.7639604799737647
dacarbazine,42,7,0.01888378844836089,0.6171961122424976,1.5460820719744999
dacinostat,42,7,-0.027702314160303276,-0.906659870340244,-1.1374404416278283
dacomitinib,171,24,-0.0018596850788801095,-0.057053612065624065,-0.5613194976235283
dalfampridine,42,7,0.021659251279768626,0.7528710468382926,1.3062670324566625
daminozide,114,19,0.004097167149168522,0.13720497334060633,0.4994621822125724
danazol,42,7,-0.001811418909305015,-0.05891258899287876,-0.6824973970214546
danegaptide,42,7,0.02349322692362498,0.8181826270658763,1.0755672571230603
dantrolene,42,7,0.009835418408119332,0.30974320320402915,0.8170439695759341
danusertib,42,7,-0.025374522567733773,-0.7439796815696139,-1.080832178543508
dapagliflozin,41,7,-0.00038400443824878895,-0.012735252224227372,-0.41731971644630195
dapivirine,42,7,-0.009010318735402227,-0.2638205113652315,-0.6733677985078038
dapsone,42,7,0.006983313690310549,0.23085209997480582,0.6121774014250008
darapladib,40,7,-0.0035902386256373795,-0.10764874574320732,-0.6833236610101583
darifenacin,42,7,-0.006405272582004302,-0.18991763285106197,-0.7011554834054965
darunavir,42,7,0.016785032517464504,0.5691690121705812,0.9368369227763458
dasabuvir,42,7,0.022453138290910994,0.7368358681881431,1.2204955809034834
dasatinib,654,30,-0.007217928478493915,-0.22067351325514717,-0.6645903869276375
daunorubicin,41,7,0.002102102371911023,0.0674731626544621,0.5621624514468911
dazmegrel,42,7,-0.004384312862237751,-0.1455264934273913,0.4325044648488917
dazoxiben,42,7,0.001352581352751465,0.04933950378208432,0.5278348165532802
decitabine,171,21,0.007523055074986562,0.25542316739135634,0.8646248578730636
defactinib,42,7,0.00543628999764671,0.18074346447781198,0.8050171257458048
deferasirox,42,7,-0.0048656461410370696,-0.14215259900352148,-0.5900740999725623
deferiprone,42,7,-0.009560004115002185,-0.2921404776214403,-0.6346266039208711
deforolimus,42,7,0.008048961376397771,0.25348297100739964,0.698039831375453
dehydroepiandrosterone,42,7,0.020327754575656682,0.6613600612171903,1.171761227557235
delanzomib,42,7,-0.07089757996766063,-2.207235797767074,-2.423820408460979
delivert,42,7,0.017785353255974024,0.573406436240631,1.1642167261646301
deoxycholic-acid,42,7,-0.0017810920234087966,-0.058676625034602956,0.6003353373585671
dequalinium,42,7,-0.009367691442233038,-0.32271046788357227,-0.7383039288197706
desmopressin-acetate,42,7,0.014978210040060114,0.4933606147075984,0.9414087638706274
desoxypeganine,42,7,0.003020577351191694,0.09855347065115462,-0.8038000493483967
desvenlafaxine,42,7,0.008477812081943994,0.2837319443823827,0.6611939152626376
dexamethasone,57,9,0.008550511550633886,0.29890534835967103,0.6620739588026578
dexamethasone-acetate,42,7,0.024834789070005598,0.8318218343383891,1.271561155288659
dexfenfluramine,42,7,-0.00022281920156655421,-0.004868759871630525,0.6425069305061231
dexloxiglumide,42,7,0.02646127187241764,0.9079314692806355,1.169113910044124
dexniguldipine,42,7,0.00864868965149963,0.28560248878047656,1.0983784243493544
dextromethorphan,42,7,0.0008670407416264057,0.029314665318155877,-0.4641432882490337
diacerein,42,7,-0.00420005945893979,-0.13474099791546512,-0.6958969819164522
diazepam,42,7,-0.0016460850593608346,-0.049090137374220105,0.49933309486447874
diazoxide,42,7,-0.0013963424101992832,-0.04160140521437163,-0.3180453856238483
diclofenac,42,7,-0.004021923377891129,-0.13092276047696466,-0.5000784636872181
diclofensine,41,7,0.006714957273289584,0.24191620784690696,0.8509019672952396
dicloxacillin,42,7,0.008462986714628164,0.2965118277549442,0.7131348362924701
dicoumarol,42,7,0.009369565908767688,0.30861997421117965,0.9309370908871538
dideoxyadenosine,42,7,-0.0031103975038129913,-0.10152296842075875,-0.4473177628781726
dienogest,42,7,0.0076644134832066415,0.2566751511451605,0.8436931516864155
diethylcarbamazine,42,7,0.004736078254714473,0.1549076497801925,0.40001016636645276
diethylstilbestrol,42,7,0.020687540752213893,0.6930658304259069,1.0750993665436221
diflunisal,42,7,-0.00026524839132242395,-0.00882336128860405,-0.5780957241805194
digoxin,42,7,-0.04720999159936179,-1.4181708825714245,-1.8095444947930563
dihydroergocristine,42,7,-0.0023020601723107168,-0.0636175351012738,0.540592161483132
dihydroergotamine,42,7,0.006479684771886579,0.22516462621505567,0.6237861103419217
dilazep,42,7,0.020045723177604766,0.6602771814997026,1.0129341524960038
diltiazem,42,7,0.005947031921155874,0.1938611789749223,0.7638777162378891
dimesna,42,7,0.0055963907566900966,0.18758058696397856,0.6843929923857114
dimethyl-fumarate,42,7,0.010876137435911246,0.35189870536462076,-0.7256987089691476
diminazene-aceturate,42,7,0.011228733264499243,0.38026711940957403,0.7302405566749458
dinaciclib,141,23,0.007856827276132168,0.2755507977419225,0.5986291740017636
dinoprost,42,7,0.005484359908044557,0.1955068441181742,-0.49617357093616665
diosmin,42,7,-0.008565841419112102,-0.27348252847069066,-0.5384581399803863
diphenidol,42,7,-0.00018888242925892254,-0.006264160352695477,-0.3804218696835372
diphenylpyraline,42,7,0.029324841739893907,0.9660427836983013,1.3840312679031894
dipraglurant,42,7,0.02509089740082962,0.8713614816889623,1.4043881519403876
dipyridamole,42,7,-0.006410503990058207,-0.19666900162158846,-0.5741037140083586
disopyramide,42,7,0.04259750786247037,1.384913627421951,1.8698940378493363
disulfiram,42,7,0.006547116617214495,0.21642204088989564,0.6464304267893983
docetaxel,42,7,-0.019486729717610347,-0.6396485449464175,-1.084517368060543
dofequidar,42,7,0.027111520987588615,0.9896792388916014,1.318937638042669
dolasetron,42,7,-0.0003135405535249614,-0.01114540608795898,-0.6962509202597477
dolastatin-10,42,7,-0.06106269678148188,-1.806626438396333,-2.2728942754945485
dolutegravir,42,7,0.009278974214873292,0.32289484098106325,0.6343962926261919
donepezil,42,7,0.024267573555342425,0.8593302814705496,1.2533389819149603
donitriptan,42,7,0.010426119889305249,0.3313474059187159,0.691267622548284
dopamine,42,7,0.01189142948823489,0.3896244954272826,1.3070157417562849
doramapimod,174,24,0.017935289178216234,0.6736719642400457,1.060571199331234
dorzolamide,42,7,0.008020334028487343,0.26093922335368436,0.8807998571497739
dosulepin,42,7,0.005711933979675518,0.19101321698884394,0.8765646429088074
dovitinib,114,13,0.016231134789306233,0.542234468868666,1.2133856614131304
doxapram,42,7,0.002075102554143158,0.06846037376138288,0.7714980590952846
doxazosin,42,7,0.006086402617707274,0.21390800764983287,0.6265966081685801
doxepin,42,7,0.025125252230982636,0.8244137942491772,1.0344836250667147
doxifluridine,42,7,-0.0075426583343702145,-0.23495766069527857,-0.5319367066246112
doxofylline,42,7,-0.0061654607802947535,-0.20112809255769373,-0.6812820192041407
doxorubicin,42,7,0.0004187255351654729,0.017481460290256615,0.651159030984132
doxycycline,42,7,-0.006111382529098396,-0.1971489904019686,-0.6614221011936365
dronedarone,42,7,-0.002602395915539603,-0.07772431384703116,-0.8809936765847308
droperidol,42,7,-0.0012289407957827066,-0.03542148756136708,0.6655802763016476
drospirenone,42,7,0.021927589890960178,0.7144282073395672,1.0078524082678897
duloxetine,42,7,-0.0008314175098133487,-0.024219846010406068,-0.4686475853900196
dutasteride,42,7,0.015599696962825656,0.5447686380169041,1.0530980364024083
ebselen,42,7,0.0013569092883542176,0.044121494158208215,-0.6706062045023824
ecabet,42,7,-0.0011884602381329896,-0.03430154947507286,-0.525180441414226
econazole,42,7,-0.008733332796214426,-0.25412630811071424,-0.8203138613022739
edoxaban,42,7,-0.006555212186124003,-0.21240255851094236,-0.5650944505128809
edoxudine,42,7,-0.00017737333397120956,-0.004865402952979221,1.023309326265724
efaproxiral,42,7,0.01702074168910952,0.6027354976273309,1.195387814059815
efatutazone,42,7,0.005667356250611854,0.19202748377540196,0.7001224769406031
efavirenz,42,7,0.00875415036468808,0.28204524526546626,0.5008794731164374
eflornithine,42,7,-0.021728648105457687,-0.6707968502989972,-1.0079999091048737
elacridar,42,7,-0.013303297228006336,-0.4067977194916166,-0.7501349430833284
elesclomol,42,7,-0.007842325616902037,-0.260085521957068,-0.8142957790822728
ellagic-acid,42,7,0.006871231211818525,0.23774736573851096,0.7935776242426111
elvitegravir,42,7,0.004742308484418232,0.15390706471417528,1.0590270407853886
emedastine,42,7,0.0334200712395686,1.0911820474129357,1.5588451968104233
empagliflozin,42,7,0.019154343382851644,0.6414086937911998,1.0096426540720975
emtricitabine,42,7,0.010546798789872984,0.35549567092984913,1.0478106843798007
enalapril,42,7,0.009870436317182402,0.31084600929448986,0.7674812325238347
enoxacin,42,7,0.0026067378454390187,0.08367612576685415,0.3371136709991063
enoxolone,42,7,0.0018238396672170358,0.06740382253690816,0.4877362395556392
enprofylline,42,7,0.019494339862978424,0.6193512358614952,1.205290019280356
entecavir,42,7,-0.0004492422376442473,-0.014313730794581992,0.6190585005904758
entinostat,171,21,0.0004443819716482256,0.013994757480862778,-0.41391417360814153
enzalutamide,42,7,-0.011927259204877132,-0.3310465410749373,-0.951655623132412
enzastaurin,156,15,-8.839016548298342e-05,-0.002499166305421151,0.7342231547975288
eperezolid,42,7,-0.004807642984859363,-0.15471230306551118,-0.7709731365582825
epigallocatechin-gallate-(-),114,19,0.0019285346321605754,0.0602859873622545,0.6285259486085211
epinastine,42,7,0.0020670759456231456,0.06783671325400026,0.5595516714143293
epinephrine,42,7,0.017924037063605982,0.649790725115573,0.9425707936218131
epirizole,42,7,0.01227451946907165,0.3945151829170428,0.7174200159022384
epirubicin,42,7,-0.0024286899878340554,-0.07732714307593247,0.6835318967789104
epitiostanol,42,7,0.0009542103189979813,0.03023190616167371,0.7902484340351908
eplerenone,42,7,-0.0014039813025049483,-0.04120312537383557,-0.5625617904458063
epothilone-b,42,7,-0.019858571483409346,-0.5942244418099019,-0.9525906285257308
eptifibatide,42,7,-0.002703949603434905,-0.09034310403744453,-0.43146069347332905
epz-5676,15,5,0.01894000716917984,0.6999677137339332,0.9255306128936297
epz004777,15,5,0.0010526362992079618,0.033150286606653236,-0.4354583650726386
equol,42,7,0.010548960336437974,0.3523291892579363,0.7245814576832182
ercalcitriol,42,7,-0.000854351502483911,-0.025787333773355348,0.4187420345502961
erlotinib,156,15,0.019125208792762204,0.6285519957174736,1.2677408867918376
erteberel,42,7,-0.03094007105305409,-0.9604092199800074,-1.4714275822227192
erythromycin,42,7,0.018429608970793022,0.5867369026678173,0.9850930453954292
erythromycin-ethylsuccinate,42,7,0.019311252590839552,0.6305656295050024,0.9657682684622048
escitalopram,42,7,-0.012980183095274345,-0.40866988869926385,-0.6609510522613404
esculin,42,7,0.00510306713077993,0.17315751933599233,0.49593601257741454
esmolol,42,7,0.012646313352365966,0.41209935095138617,0.8618858722100662
estradiol,42,7,0.000351416111945222,0.014469039425793435,0.6861523294124449
estramustine,42,7,-0.013702813095278175,-0.40114983925666303,-0.6661793660179076
estramustine-phosphate,42,7,0.02009457790541807,0.6723224890041288,0.9374518420559217
estriol,42,7,0.0015842147480403742,0.05228415671996371,0.5104858926279148
estrone,42,7,-0.0003968590180551466,-0.011865410360835363,0.8028172756227221
etacrynic-acid,42,7,-0.013470249461428125,-0.4093713454623033,-0.7252981010450988
etanidazole,42,7,-0.008621098396193516,-0.24204513967246785,-0.6709524036168517
etazolate,42,7,0.018644206999462246,0.6499998644404036,1.4266429214106489
ethinyl-estradiol,42,7,-0.005278436131296684,-0.15731032564188457,-0.5356267262761704
ethylenediaminetetraacetic-acid,42,7,-0.022271778879182687,-0.6658730954160414,-1.1423799497211156
etizolam,42,7,-0.004053540362951597,-0.1176021572386307,-0.6049095298606881
etodolac,42,7,0.0066033198455000865,0.2406207544425417,0.9481791338899979
etofenamate,42,7,-0.0062761594675708335,-0.1861348247766831,-0.6110714617769131
etofylline-clofibrate,42,7,0.0011240071501448577,0.035711527396495996,0.3852549432995233
etomidate,42,7,0.015000707289763524,0.48860848199612006,0.8968471637588533
etomoxir,42,7,0.00889970473535109,0.30592487428870924,0.800280249355971
etoposide,57,9,0.00229839960236771,0.07238265069562702,0.8094961331844595
etoricoxib,42,7,0.021676993908034462,0.7596298677841945,1.1883673700735042
etravirine,42,7,-0.009976624347085766,-0.2910682459329158,-0.7187640174646985
eugenol,42,7,0.004171574264315203,0.13469883163294338,0.6587659187163276
everolimus,180,24,-0.006797548488906156,-0.20517590359116328,-0.7482191080027355
exalamide,42,7,0.013083469286101233,0.456459654408944,1.139156355185953
exemestane,42,7,-0.01887486300375743,-0.5541948636095033,-1.3476200761279449
exherin,42,7,-0.0055370350910034505,-0.17553944532371657,0.9047731686013052
exifone,15,5,-0.007545246205604417,-0.2208870749009303,-0.7222206157781839
fadrozole,42,7,0.01740175227255298,0.553605813257142,1.142532079484324
famciclovir,42,7,-0.009787085191917462,-0.27899998040538476,-0.7664761398430735
famotidine,42,7,5.6400793910314404e-05,0.0030895856724278224,0.5035622520686944
faropenem,42,7,0.019568665600028186,0.6901551687244645,0.9899032398385558
fasudil,42,7,0.021580236715102605,0.7483545260612153,1.3781247914216925
favipiravir,42,7,0.0005914601142330945,0.021200709244791772,0.8476682384355493
fdcyd,42,7,-0.0012078972723894754,-0.03557427464358789,0.4857929246360875
febuxostat,42,7,0.014749642417114047,0.5451039901347322,1.008260954071224
felbamate,42,7,0.015733427464978578,0.5394065440775894,1.2881073064699673
felbinac,42,7,0.014855967457449808,0.4902046690952607,0.8924971856047742
felodipine,42,7,0.0054077173113381335,0.17410226325884837,0.5636422682921712
fenobam,42,7,0.006835683565199206,0.23492653390523416,0.7761276782544094
fenoldopam,42,7,-0.010786651691578398,-0.36231122143527583,-0.7481449651491507
fenoterol,42,7,0.005535995893987442,0.17969040316821347,0.7924390305443703
fentiazac,41,7,-0.002037958852455165,-0.056564481191325025,-0.5749003983928279
fenticonazole,42,7,0.009662107029581013,0.31043878787541157,0.7035841328249103
fexofenadine,42,7,-0.001815692110581719,-0.06315551035274726,0.5228912846971472
fiacitabine,42,7,0.010034466561959134,0.36150641018845053,0.8167705757225612
fidarestat,42,7,0.0021544552607676046,0.07796843676304155,0.7339665655121056
fidaxomicin,42,7,0.005180078073452698,0.17358634788162902,0.6021094030691713
filgotinib,42,7,-0.015489734853563256,-0.4641328655945113,-1.115123260944527
finasteride,42,7,-0.02254650703876057,-0.6827403119592449,-1.0866437779589901
fingolimod,42,7,0.007852845554216767,0.27568867681460607,0.8234743698728109
fipronil,42,7,0.012327017356525662,0.40170275268798505,0.9231985874225976
firategrast,42,7,-0.004015704522440454,-0.12281346568644685,0.6116251177220398
flavoxate,42,7,0.006636820196891351,0.21692839460159546,0.6322244155475004
flecainide,42,7,-0.003954389003496663,-0.12623951874340497,-0.7286639893032596
floxuridine,42,7,-0.003961855975314404,-0.12685285221215153,-0.8645436074109398
fluconazole,42,7,0.006068945682457824,0.22123394909720528,0.5485241927586495
fludarabine-phosphate,42,7,0.0021355011876203534,0.07854889951651867,0.6470359756928021
fludroxycortide,42,7,0.006372328199660562,0.20832316169783288,0.7685792731319603
flumatinib,42,7,0.0044426455781898695,0.1470867782033302,0.6320315914902151
flumazenil,42,7,0.005417189692482038,0.18060489823622922,0.4986868124194016
fluocinolone-acetonide,42,7,0.021666606195003758,0.7338160327109617,1.22779546913859
fluorometholone,42,7,-0.014940448732394968,-0.456846032097598,-1.0626447908496106
fluorouracil,42,7,-0.0007822280029410652,-0.026831014080196967,-0.48642929507768606
fluoxetine,42,7,0.0037963323667256728,0.1293576033702937,0.977325870145588
fluphenazine,42,7,0.00318861040812649,0.10759151974875686,0.551678296778552
fluspirilene,42,7,0.010018109941486313,0.31760228350821307,0.754043739120223
flutamide,42,7,0.006329154404621597,0.2031528389457115,0.6314999272519399
fluticasone-propionate,42,7,-0.008360649568236227,-0.24193428915758974,-0.6265894856825317
flutrimazole,42,7,0.014445017354809402,0.45880236169256183,1.0544750535063223
fluvoxamine,42,7,-0.006197886967815558,-0.20197886881674637,-0.6773391681957508
folic-acid,42,7,0.0020224358384019303,0.06845422399231134,-0.5783553008284721
fomepizole,42,7,0.017793234912408522,0.580022470596158,0.8184499351457094
fomocaine,42,7,-0.003938154264768741,-0.1355858969024341,-0.6923895380941912
foretinib,156,15,0.0015848438434113744,0.05354171209778541,0.613535417270944
formestane,42,7,0.024465692850504983,0.820376977929692,1.0918153465703857
formoterol,42,7,-0.003628066828909097,-0.12032242742615187,-0.46663420040415504
forskolin,42,7,0.0016482854087819772,0.0559228542727927,-0.5864298691289913
fosfomycin,42,7,0.011552880485995122,0.4214863609328904,0.8919772122126529
fosinopril,42,7,0.019909301008574867,0.6629196731850632,1.2156483730359913
fostamatinib,180,17,0.003652280632440244,0.12075638022491528,0.6080293537563004
ftorafur,42,7,-0.00013215248477541303,-0.0037233583387728288,0.4822892442672557
fulvestrant,42,7,0.0037051118375893326,0.12312106820318999,0.6829054325275469
furosemide,42,7,0.004592181107849683,0.16779349933360885,0.5918997343619332
fusidic-acid,42,7,0.024032617824173444,0.7873356290673137,1.0712872599082057
gabapentin,42,7,0.0006824172104883684,0.022129509121574513,0.6977249568988384
gaboxadol,41,7,0.010433781951824013,0.3509176585044206,0.5346362382226982
galeterone,42,7,-0.004474955336487714,-0.15236328167532467,-0.709357421737582
gallopamil,42,7,0.012957076452711224,0.4471315418002409,1.0995614842272188
ganaxolone,42,7,-0.007895200962973973,-0.2500053794162086,-0.8470989953919059
ganciclovir,42,7,0.026350416952085072,0.8577732011604975,1.368285012008518
ganetespib,42,7,-0.015493585645570625,-0.4843973303065907,-0.8204161190783318
garcinol,113,19,0.004967230633328361,0.18480753381205783,0.9267726278985658
gatifloxacin,42,7,-0.0007291413334838296,-0.025269791049522018,0.5989851489356544
gefitinib,180,17,0.022368297278286316,0.7289310641224362,1.276194892337942
geldanamycin,266,16,6.666723684446696e-05,0.0021470919933403035,0.5090683588966798
gemcitabine,42,7,0.004582654056487918,0.15340774910830302,-0.4876637544625425
gemfibrozil,42,7,0.02030807729225285,0.6453373354035518,1.4930860762704306
gemifloxacin,42,7,-0.00039703567300291035,-0.007888380670077307,-0.5172505237416506
genistein,42,7,0.0008463933914834677,0.03267588165524048,0.5747364687654072
genz-644282,39,7,-0.010783307957314924,-0.3156813293485386,-0.8935263317317319
gestrinone,42,7,-0.00015115195059337987,-0.00406233771870856,-0.8621518957590467
gimeracil,42,7,0.021506473480058172,0.7610531087793866,1.3118495390998426
ginkgetin,15,5,-0.012806436577876858,-0.4355974131995966,-0.6599930341617206
ginkgolide-b,42,7,-0.006123850583979067,-0.18679947357778226,-0.47990053199311383
glafenine,42,7,0.005389477260278398,0.1722027464135699,1.0494919586421436
glasdegib,42,7,-0.0029041940004009455,-0.09485676734234472,-0.6252013068241686
glibenclamide,42,7,0.006465618534933361,0.21296814014011267,0.793742734802205
gliclazide,42,7,-0.0025364893301050183,-0.07905005475179422,-0.6450810643622586
glimepiride,42,7,-0.003223693640035211,-0.09875629836256675,-0.812312362216262
glipizide,42,7,0.011965294401403167,0.39569853177570247,0.9483434543745908
gliquidone,42,7,-0.03284426447520011,-1.0247303283471751,-1.3164775824629678
glycitein,42,7,-0.004976476268603093,-0.1617338744872404,-0.9095128720161958
glycopyrrolate,42,7,0.008107400038491818,0.27544218997690895,0.5448754812133505
golvatinib,42,7,0.004278753066924858,0.14507171858277057,0.629309416667392
goserelin-acetate,42,7,-0.011455589698123131,-0.33477425109151426,-0.6732187490282904
granisetron,42,7,0.019455500775147662,0.6829197042233667,0.9273352016221297
grazoprevir,42,7,0.030641136973849584,1.0221507488964772,1.5504262770555033
griseofulvin,42,7,-0.010154486388228655,-0.3284680833926215,-0.5009386734899243
gsk126,15,5,0.035157951921483355,1.1072164085326202,1.7291921209170331
guanaben-acetate,42,7,0.014417017921924652,0.47320908104601966,1.1031135119736493
guanadrel,42,7,0.0012730074933571672,0.04107348625358617,0.4255477773852299
guanethidine,42,7,0.011374000467798571,0.38027855386462767,0.5829165495658651
halcinonide,42,7,0.018597469009464115,0.6697802887211851,0.9315800265727063
halofantrine,42,7,-0.0014439219312050713,-0.049624959906682385,-0.5654844114350517
haloperidol,42,7,0.006626181857886288,0.2166740133060699,0.6007220563147802
hesperidin,42,7,0.0029539399318485376,0.09713644912900622,0.40418758330819327
hexachlorophene,42,7,-0.01145641039655344,-0.33538640256425967,-0.975267976552397
histamine,42,7,0.0010367221231179465,0.03458240904551726,0.6782470011353309
homochlorcyclizine,42,7,0.010160595083472251,0.3592058477026434,1.0143546011817177
homoharringtonine,38,7,-0.025294832582824195,-0.7677354408973591,-1.2419541508814245
honokiol,42,7,-0.013207060058587947,-0.4133814276821518,-0.8573714134985438
hydrocortisone,42,7,0.0021943770762656123,0.07523093398573373,1.0935383944208015
hydroflumethiazide,42,7,0.010001358884567841,0.3464779244224725,0.6361823885798091
hydroxyurea,42,7,0.00904145978050044,0.32628249955320177,0.7918429384336456
hymecromone,42,7,0.0039113436617664865,0.13045412628839745,0.7809106893412529
hypericin,42,7,0.024620665447269423,0.8869956691106304,1.4054228126180572
ibrutinib,174,24,-0.003394667362621672,-0.12095653503495639,-0.49381918107060263
ibudilast,42,7,0.008875901493564393,0.2956953741286606,0.8561565435931846
ibuprofen,42,7,-0.004814502323263433,-0.15075176177434607,-0.5084853392994789
ibutamoren,42,7,0.01215253773544946,0.39629885766249795,0.9294067112344581
ibutilide,42,7,-0.010103443340781356,-0.30454698183346585,-0.6376630144339474
idalopirdine,42,7,0.001160603897406777,0.040287837128698586,0.3582571222315196
idasanutlin,42,7,-0.0033426961614118978,-0.09785742668389114,-0.598108678329382
idebenone,42,7,0.012671960037470668,0.4301896189989536,0.6107124069882345
idelalisib,173,24,0.0008531945923915268,0.03015715085821149,0.6346080392052617
idoxuridin,42,7,-0.001251793087748317,-0.03808175943797924,0.4451891933749671
ifenprodil,42,7,0.021051487417998352,0.7048090810375581,1.2772405102008557
ifosfamide,42,7,0.013341261413143193,0.42991281721131314,0.8490379802636279
iguratimod,42,7,0.024177415180709726,0.8219311858349456,1.1898153082307925
ilomastat,42,7,0.026549169905885843,0.8983254913361672,1.4597500608202068
imatinib,180,17,0.007041531431939668,0.24331878842991728,0.8301949842426344
imexon,42,7,0.004366097233890696,0.14803276476926572,0.48524870554821115
imiloxan,42,7,0.03650983277140781,1.1792669181651987,1.6365998384813882
imipramine,42,7,-0.006242649154159214,-0.19255002595140866,-0.5619488623970016
imiquimod,42,7,-0.010862908981209087,-0.3108876525740256,-0.7841644633306816
indacaterol,42,7,-0.002817011266555124,-0.08981301667009042,0.5222167494123685
indapamide,42,7,0.014029412738428605,0.4706399109489281,1.054226283564646
indibulin,42,7,-0.05260023579661895,-1.6340373390580538,-2.091496000383719
indinavir,42,7,0.001947019832327269,0.06876055831133969,-0.2968541955026715
indiplon,42,7,-0.004450570418766932,-0.13321237790018536,-0.5937048251829077
indirubin,42,7,0.023242356863941455,0.7683382314401117,1.1964666208422465
indobufen,42,7,0.01397650576128857,0.45226907354512713,0.7600211804899041
indole-3-carbinol,42,7,-0.017440462449308157,-0.5285205120314427,-0.7185783636706394
indometacin,42,7,0.008155307983643563,0.2880156038007582,0.7597317518333727
indoprofen,42,7,0.01688569672333651,0.5573380184444859,0.9738482854777077
indoramin,42,7,-0.014202636692059152,-0.4541669502577035,-0.8387086754060183
indoximod,42,7,0.010179347975230853,0.35561643569363927,0.9412493525286437
ingenol-mebutate,42,7,-0.00013078423563194104,-0.004784637420165114,0.4956212024244802
iniparib,156,21,-0.007404496762681638,-0.23030996286116312,-0.47633655345415266
inosine,42,7,0.011898632266638717,0.41533806089189207,0.641885538398577
inositol,42,7,-0.021388429957999618,-0.6469604325698299,-0.8894627675508697
ipratropium,42,7,-0.007307305137966968,-0.2234250693877204,-0.5393971932454681
ipriflavone,42,7,0.005580140163923107,0.18195450052861598,0.4541361226966224
irbesartan,42,7,-0.007969502732616294,-0.22846662482544317,-0.6733355514126614
irinotecan,42,7,-0.007218892614630145,-0.23113790902185968,-1.3519936454088752
irsogladine,42,7,0.004644954139366565,0.15117721277622148,0.5696403388456919
isbufylline,42,7,0.00500335067337279,0.16175778436320049,0.6570507709854675
ischemin,114,19,0.009580833885848725,0.31536205410809237,0.8230035885828212
isoconazole,42,7,0.026613329308127712,0.8850808522190661,1.5676834372739217
isofloxythepin,42,7,0.0182570457999568,0.5891281863071611,1.1906380245315276
isoniazid,42,7,0.003676439658453568,0.12642948988149877,0.7858592351717536
isosorbide-mononitrate,42,7,-0.0008600453206152729,-0.030247386620409544,0.7759894437971874
isradipine,42,7,0.03700130108939974,1.2629397340027952,1.8590846421818137
istaroxime,42,7,-0.017007086351166552,-0.5200623428604797,-0.8111516495352201
itopride,42,7,-0.006943227097918812,-0.21207172447507205,-0.5238120879610201
itraconazole,42,7,0.007941298133743314,0.2714658059075954,1.127073339826668
ivabradine,42,7,0.0010454574678978627,0.04626290978116026,0.46234276871182883
ivacaftor,42,7,-0.011555311449684566,-0.37143638394634215,-0.6481250771582584
ivermectin,41,7,-0.003893011585022924,-0.11943440062047044,-0.48695960294278684
ixabepilone,42,7,-0.005796430743165832,-0.1657194864402336,-0.4795468315572788
ixazomib,42,7,-0.07156704488265334,-2.104622012160166,-2.3498396127086387
ixazomib-citrate,42,7,-0.07463806515820946,-2.3750895388825706,-2.6348963343177214
josamycin,42,7,0.0005244404700304118,0.017468944930504934,0.6066397650738257
kakonein,42,7,0.012734210456755789,0.4155909681970979,0.9366460285158588
ketanserin,42,7,0.022164680348213794,0.7287461274110221,1.114715051215734
ketoconazole,42,7,-0.0037541722675307355,-0.10990338926688864,-0.7192949975264731
ketoprofen,42,7,0.005102547785562073,0.17373634887718337,0.809198861455176
ketorolac,42,7,0.0024969433051435464,0.0832258550402047,0.4899206473711406
ketotifen,42,7,0.004671847627689551,0.15267246309353905,0.7809162949283435
labetalol,42,7,0.013212891923265734,0.44353060556423546,0.8967027741757696
lacidipine,40,7,-0.06960548102284528,-2.196013148046776,-2.43120837897309
lacitol,42,7,-0.02058050689436798,-0.6436990393882105,-0.8542171937413956
lacosamide,42,7,0.0092231471927001,0.29046117171088803,0.7365812128914762
lafutidine,42,7,0.0008125513753274672,0.027604029287156384,0.6369320092892359
lamivudine,42,7,0.006077286828024921,0.2033648495677844,-0.47862376985698696
lamotrigine,42,7,0.015222996459848311,0.49588664634873447,0.8519482266209645
lapatinib,180,17,0.025043018253847023,0.815820432041515,1.3718686275702643
laropiprant,42,7,0.0030996318033713255,0.10857704366336696,0.8769802948352806
lasalocid,42,7,-0.02447717520956097,-0.7326513564719639,-1.2066827594114888
latanoprost,42,7,0.025899661698927306,0.902082688878608,1.4630679606646348
ledipasvir,42,7,0.01571596216864265,0.5403203060908861,1.0064357829136794
leflunomide,42,7,-0.009740714669508493,-0.30251000181356347,-0.5959686358141121
lenalidomide,48,8,0.025361975352705318,0.8630618457161434,1.4986876588030633
lenvatinib,42,7,-0.01770977652373859,-0.548210237708429,-0.8209065796451422
lerisetron,42,7,0.0009783878383961128,0.030868093952264027,-0.35061317080964305
lersivirine,42,7,-0.002937445275322785,-0.09741842215861071,-0.6966100054664086
lesinurad,42,7,0.01088751817893938,0.38269788639743135,0.818987578843301
lestaurtinib,40,7,0.0075550464336498506,0.26469459605038853,0.64051307932488
letermovir,42,7,0.01038588689937779,0.3442222475378496,0.6557814719442132
letrozole,42,7,0.028154533038359505,0.9290254561706042,1.559707925013157
levalbuterol,42,7,-0.0008905918510364423,-0.02730332974423066,0.502665690219612
levamisole,42,7,0.014489324572927563,0.48877696137241455,1.0426020828277953
levcromakalim,42,7,0.006259209704957984,0.21700142760151536,0.6055808210750394
levetiracetam,42,7,0.00834418872043843,0.2655484364105949,0.9663758535543048
levobunolol,42,7,-0.005122315774203842,-0.1584125018534543,-0.5369519359038009
levocabastine,42,7,0.0046709665961991035,0.14833050532800585,0.6916626302665607
levocetirizine,42,7,0.016001932442839116,0.5282436334235618,0.9165455652949922
levofloxacin,42,7,0.00892600863253032,0.3266938052484397,0.640457722862586
levomequitazine,42,7,0.00549199049570593,0.17912992619087476,0.7039996208996124
levonorgestrel,42,7,0.002181305780864948,0.0721088930744372,0.4767080537012797
levosimendan,42,7,0.00939084871169539,0.3215709291242984,0.7877885020581543
levothyroxine,42,7,-0.008341890186269678,-0.2595487971949121,-0.6455012584267643
licarbazepine,42,7,-0.0019436838848376212,-0.06263104911948869,0.3608979648576283
licochalcone-a,42,7,-0.01155084265350725,-0.371457441684294,-0.8007788250425685
lidamidine,42,7,-0.002535469732220867,-0.07253432786991941,-0.4163391214077287
lidocaine,38,7,-0.005192035180984541,-0.1636457682927811,-0.6622414840116054
lidoflazine,42,7,-0.006993229350283427,-0.21012790946584187,-0.6982883577037023
linagliptin,42,7,-0.012246324775163128,-0.35987799204022697,-0.8381844081592185
linezolid,42,7,0.00882125345921567,0.29055935372052677,0.7967368640898571
linifanib,180,17,0.003242234894272015,0.10283952711886385,0.4795698043927728
linopirdine,42,7,0.009322286020865834,0.3251385111456053,0.8277500973516582
linsidomine,42,7,0.0025787186882936615,0.0835881999039236,0.6196878252484982
linsitinib,156,15,-0.007502671076924871,-0.2530127915161203,-0.5833007986200921
liranaftate,42,7,0.01563525785094635,0.5238565860855173,1.057811795617467
lirimilast,42,7,0.016476238462627565,0.5682236683505546,0.8528794872918567
lisinopril,42,7,0.009597346569411722,0.316706270001041,0.869649619201366
lisofylline,42,7,-0.0011711465383742177,-0.0293674088995838,0.6298891593772623
lobenzarit,42,7,0.004622243530330725,0.1483645105575958,0.7717459706399075
lodoxamide,42,7,0.006172636695915531,0.21228747453926966,0.46582954984175207
lofexidine,42,7,0.025536513458345105,0.8740200565411196,1.600696835353477
lomeguatrib,42,7,-0.006276523136791209,-0.19020673213108968,-0.8271256096344042
lomerizine,42,7,0.000508254515116901,0.01659771124756637,-0.5306690211635207
lomitapide,42,7,-0.011556456845713658,-0.3580103670772028,-0.5531265014619029
lonafarnib,42,7,0.010114769331738348,0.34941268176463236,0.728444557209325
lonidamine,42,7,-0.002443814564895907,-0.07329581884392897,-0.6315019477677752
loperamide,42,7,-0.000991040848747928,-0.03018263158160441,0.548758400052979
lopinavir,42,7,-0.007517822408594578,-0.23374403525470777,-0.5615130618446558
loratadine,42,7,0.0006227418014121227,0.021539106317338633,0.5401517229740597
lorazepam,42,7,0.00980849657248299,0.35940983651582215,0.8274167020888965
lorcaserin,42,7,-0.001352208036594824,-0.04117208567498857,0.5846168914414032
lorglumide,41,7,-0.0022764125512214507,-0.06701071366434186,0.9215111949954939
losartan,42,7,-0.003782094079175108,-0.1174664990068558,-0.7041016268743203
losmapimod,48,8,0.022521331858613068,0.7559017325549999,1.0441006820626135
loxoprofen,42,7,0.02260810284832823,0.7661293692583415,1.2033341326419573
lucitanib,42,7,0.0023976116194377546,0.07707334571277659,0.7858150549115519
luliconazole,42,7,0.0025119432233335504,0.08758534516256178,0.49832380031651574
lumacaftor,42,7,0.004274893590273161,0.1495802253751174,0.8436389047817591
lupanine,42,7,0.015125520942534998,0.5047070360103596,1.1391887877688778
lurasidone,42,7,0.0029149631340620245,0.09872872845510437,0.689326857595429
luteolin,42,7,-8.176658939392558e-05,-0.0016189975327657417,0.5997967309742216
mCPP,42,7,0.027598707914267905,0.905813067762566,1.175288654261587
macitentan,42,7,0.0027980707594265205,0.09347780399466657,0.5245950827336352
malotilate,42,7,0.012792188709135859,0.4468630684577153,0.7990032727425638
mannitol-D,42,7,0.004300356388209156,0.14164753101166294,0.7817814848666158
manumycin-a,42,7,-0.005022450543250533,-0.15381006748182371,-0.5160622707555342
maprotiline,42,7,0.020717748371049047,0.6722800626198787,1.1877391694999762
maraviroc,42,7,-0.007044758522377818,-0.21449909599217631,-0.897352732215627
maribavir,42,7,0.009961812622998759,0.34577516465390046,0.95899471669282
marimastat,42,7,-0.003890201902293118,-0.11146504352914964,-0.7881891049192129
masitinib,174,24,-0.003300233636689586,-0.1030774965118452,-0.6129970784710436
masoprocol,42,7,0.015369616436550732,0.5433003561909724,0.812893288396535
maxacalcitol,42,7,-0.0036283178366150427,-0.10690797635693136,-0.5496351610894651
mazindol,42,7,0.0009768042351746167,0.03415157992184661,0.5845357806657293
mebendazole,42,7,-0.0005097247595718959,-0.011615928750604743,-0.7186432242987179
mecamylamine,42,7,-0.0006995596604599738,-0.021950290493607,0.8833355118331871
meclizine,42,7,0.004355657392884437,0.15117487230259263,0.5134482780948806
meclofenamic-acid,42,7,0.016984218253805868,0.5942978536294754,1.0297705816582525
medetomidine,42,7,0.018425822705601298,0.6260783921019235,1.0813874598139857
medroxyprogesterone-acetate,42,7,-0.0004961849619718376,-0.01622698946598085,0.5130431355045595
medrysone,42,7,0.003526860950111598,0.11957841280977059,0.5963753100897591
mefloquine,42,7,0.010663330072154508,0.3472668005512008,0.8836775946328165
meglitinide,42,7,-0.01398597708028729,-0.39494614384598303,-1.0659805884349407
meisoindigo,42,7,-0.011217579790919321,-0.3488048995168393,-0.6654637523883417
melatonin,42,7,0.001855995176595752,0.06731480281318702,0.5968807347177375
meloxicam,42,7,-0.00032655581947575003,-0.006973802705484859,0.7442099891105222
melperone,42,7,0.001601969658560205,0.055180095974942805,0.643768021861596
menadione,41,7,0.005401289093061209,0.1753495767566141,0.6577929494895804
mepacrine,42,7,0.0076924339137241435,0.2533776675665638,0.797938827210243
mepazine,42,7,-0.006195153349000429,-0.1860821572433945,-0.6251486079038
mephentermine,42,7,0.005477569085157378,0.19228881522194802,0.7724043972723099
mepivacaine,42,7,0.0034198939077043585,0.12110052493048067,0.6734542646732873
meptazinol,42,7,0.024558011096117698,0.7866243730547016,1.0976217106004087
mepyramine,42,7,-0.009270737114351828,-0.283983890587549,-0.7671553069584585
merbarone,42,7,0.013874594676012326,0.491723507740303,1.3160142062012754
mercaptopurine,42,7,-0.009706428435031788,-0.3219072541980763,-0.5622098111200661
mericitabine,42,7,-0.011581650358602629,-0.3510332557195647,-0.7458033797013028
merimepodib,42,7,0.02100037812151987,0.6912276340371406,1.2899170788447174
mestinon,42,7,0.006413676818693633,0.2034630439864475,0.9128491675296313
mestranol,42,7,0.006322498737330155,0.20408641110216402,0.802703719159023
mesulergine,42,7,0.025797021092485183,0.8621917783930724,1.335127163774561
metamizole,42,7,0.008700247327702654,0.2947577272713944,0.7136198819855816
metatinib,42,7,0.024485558249518292,0.8049268650667051,1.1568825354811731
metenkephalin,42,7,0.0039355930527133764,0.14371701069812753,0.817176341532066
metergoline,42,7,-0.018939153933123697,-0.5592629239865256,-0.809297729132863
metformin,42,7,-0.0018629700727580392,-0.06581499325370294,-0.6436653431304251
methazolamide,42,7,-0.0006870127324819297,-0.020729700175149926,-0.5977978713373091
methimazole,42,7,-0.003175362984537866,-0.09741753049740152,-1.0263491179910587
methiopril,42,7,0.022076498443460917,0.7627898425521835,0.921229284257715
methocarbamol,42,7,0.02301880848769624,0.7522272470690936,1.2688096163615439
methoxsalen,42,7,0.01239694160658595,0.39858942584235363,0.9703295887054085
methyldopa,42,7,0.003016529266606371,0.09499844326155302,0.7979894227543065
methylnaltrexone,42,7,0.007736391590491555,0.26763750439753986,0.8111521552145355
methylprednisolone,42,7,-0.0019560017504515314,-0.0556458334219666,0.9275927076243017
methylstat,123,19,0.002900465551155285,0.08969104350599624,0.6604371972395315
metixene,42,7,0.0016211815949052424,0.05502090469322208,0.6420587884794833
metoclopramide,42,7,-0.009080032199776591,-0.27076388815456276,-0.8222477715068089
metolazone,42,7,-0.0003003694528573578,-0.009989680544935587,0.5318700824429856
metoprolol,42,7,0.010444222564659501,0.3833164856963968,1.2023399593955078
metronidazole,42,7,-0.030167576716913932,-0.8784983195700324,-2.2831085098812305
mianserin,42,7,-0.0005645223181641255,-0.016055484530841886,0.42504612044939194
mibampator,42,7,0.017720800679095962,0.5847536955587692,1.058854234078908
mibefradil,42,7,-0.014691975382669175,-0.4314605798572557,-0.7867064035000001
miconazole,42,7,0.0009657327584075914,0.03369141835181211,-0.49290396761633837
midodrine,42,7,0.007668111758662674,0.26590854453885365,0.8865257435446682
midostaurin,42,7,-0.0002502856026939202,-0.008979172212323801,0.4956348209203092
mifobate,42,7,0.025365210551404144,0.867652672609696,1.2162142751885885
miglitol,42,7,0.013552049218937268,0.47328276159911303,1.0803990707156772
miglustat,42,7,0.014016839892869342,0.48391901362638323,0.9054322212026458
milacemide,42,7,-0.007751821500507069,-0.23602777850648754,-0.7425349853109097
milnacipran,42,7,0.022726919431397364,0.7469463368791478,1.246347921894111
milrinone,42,7,-0.008241205884095302,-0.25675972597839136,-0.6900235436990911
miltefosine,42,7,-0.006560834178241668,-0.19313115291052135,0.53089679317172
minaprine,42,7,0.011798805649265552,0.38483964532163667,0.8140237858324196
minoxidil,42,7,0.014791718385252289,0.5008732415966911,1.1278799025129862
mirodenafil,42,7,0.0027219576038257807,0.09372238401413344,0.6845309932445788
mirtazapine,42,7,-0.006840039749034433,-0.20079653693089078,-0.7322848979896839
mitiglinide,42,7,0.013166439932446587,0.4401420753228046,0.7491422964439434
mitomycin-c,42,7,-0.005373965424063596,-0.16249046332322828,0.6499466139232141
mitoxantrone,345,29,0.015155442508108696,0.4751724628193187,0.9641070121589741
mizolastine,42,7,0.00021417806972099133,0.0053491829934334545,0.4727051858634351
mocetinostat,114,19,-0.013231405070178899,-0.4194064135741491,-0.8320842745071987
moclobemide,42,7,0.018290037812493734,0.59549083712346,1.3917587300708694
molindone,42,7,-0.0051985214334792015,-0.16990494979029927,0.5942842267578279
molsidomine,42,7,-0.001187520287875118,-0.035502501902079764,-0.6656330944914143
moracizine,42,7,0.0006664378658830644,0.021344015877947445,-0.7571071687579012
motesanib,132,22,0.00016240268510138613,0.006808200490991066,-0.5632042040283491
moxidectin,42,7,0.0038421807149753,0.12701355343172405,0.471329935239826
moxifloxacin,42,7,0.004222290895926587,0.13737694122470698,0.7495938967350224
moxisylyte,42,7,0.002936062151208349,0.09803215519318173,-0.5959709868615836
moxonidine,42,7,0.006623841775678515,0.2181797852636807,0.7753068752325359
mozavaptan,42,7,-0.0017752314956825297,-0.047175783866179856,0.7401755686583403
mubritinib,42,7,-0.0033235313983820056,-0.09783473157004252,-0.6724826425817948
mycophenolate-mofetil,42,7,0.018938847018773512,0.6395855612170902,0.9519858130924714
mycophenolic-acid,42,7,0.01054679954802154,0.34016679563501667,0.8871361260442067
nafamostat,42,7,-0.008328156109617332,-0.26235754324881033,-0.7220810241562282
naftidrofuryl,42,7,0.009716290079666033,0.3206789134500816,0.615637893516936
naftifine,42,7,0.01894297201806314,0.611667459409582,1.0169969095553457
naftopidil,42,7,-0.0019516365720536413,-0.055511851844238534,0.6015033973891127
nalbuphine,42,7,0.013175657609879671,0.4535707418326126,0.7501533303484045
nandrolone,42,7,-0.008406046793836441,-0.24660087596520208,-0.5379601180630825
naphazoline,42,7,-0.0009539507154315084,-0.028746556974039755,0.5818536570955759
naproxen,42,7,-0.010273140847527045,-0.3041958796665958,-0.6450203776770184
naringenin,42,7,0.01553410127927226,0.5449941367110466,1.2070903424264705
narlaprevir,42,7,0.0038276838355244336,0.12054383482952664,0.5896327053723655
nateglinide,42,7,-0.004663005837162334,-0.15464549245869066,-0.5054738279072002
navitoclax,42,7,-0.0005941731966770602,-0.01983273047387213,-0.6092353071011914
nebivolol,42,7,0.01566904759808401,0.5645004757631463,1.202520779872906
nefazodone,42,7,0.0032608830889993283,0.107845560396438,0.33868108488471516
nefiracetam,42,7,0.005310481560368481,0.1716236302676898,0.8606018303590234
nefopam,42,7,0.0031003324771820464,0.100066978888345,0.6827724662009304
nelarabine,42,7,0.016839039791100748,0.5890189449410816,1.0388929999182355
nemonapride,42,7,-0.028697481117437525,-0.864167242213344,-1.1692760052123516
neostigmine,42,7,0.0017638220475920717,0.058593761445269996,0.55454918719187
nepafenac,42,7,0.0010554001019145414,0.03381939543521388,0.6930125607248544
neratinib,156,15,0.0013748977094329624,0.04693089668850969,0.580503379931093
nesbuvir,42,7,0.0010260892683129747,0.038980400667843924,0.700694456239962
netupitant,42,7,-0.013488099916771662,-0.4305507571353548,-0.8119037513493303
nevirapine,42,7,-0.005068763464341068,-0.17177092477624545,-0.5147394635980379
niacin,42,7,0.0074755770902545215,0.2614886306034727,0.5313932751077601
nicaraven,42,7,0.011686497856262159,0.3924140696706304,0.8166303547695145
nicardipine,42,7,-0.0012418053371227257,-0.04439623136022762,0.509592426028875
nicergoline,42,7,0.010587564783399136,0.3409854508946546,0.5923222993289208
niclosamide,57,9,-0.030536040525733724,-0.8939425549527543,-1.5830149345234419
nicotinamide,42,7,0.00038078851224470836,0.012381495934284783,-0.5556888275887711
nicotine,41,7,-0.0013452354351511488,-0.04461384000077289,0.7472719288069892
niguldipine,42,7,-0.0032408326383906263,-0.09512951853080817,-0.4071481192284458
nikethamide,42,7,-0.01378905563840309,-0.45287436309425005,-0.6897428423869113
nilotinib,162,16,0.002244771096086637,0.07317392642955348,0.6125212658676247
nimesulide,42,7,0.006661118061274616,0.22859605510693337,0.9225004284142506
nimodipine,42,7,0.0031704380229838273,0.10993445626984433,0.7341070692682092
nintedanib,180,17,0.02318940591352088,0.7895077317831505,1.2015225455234302
nisoxetine,42,7,-0.013541965255455004,-0.41545638079548136,-0.9315261436136737
nitrendipine,42,7,-0.010512441952970616,-0.3157959412735899,-0.7716248448601004
nizofenone,42,7,0.026878287074274365,0.8900447415772178,1.3506207753622737
norethindrone,42,7,-0.005544455071401238,-0.17270181415550662,-0.5017523109562779
norethisterone,42,7,-0.0026985161778330727,-0.09227573196577082,0.6083790221890838
norfloxacin,42,7,-0.01658568142252155,-0.517451214999605,-0.8670153091498745
norgestrel,42,7,0.015609564067036985,0.5557809019546027,0.8745120392122566
nortriptyline,42,7,-0.01552210428043756,-0.45103012546406374,-0.6890540681924866
noscapine,42,7,0.001548097834750815,0.05421507833117406,0.7731185591159694
novobiocin,42,7,0.00529732309215636,0.19577369219587382,0.5810924951147558
nutlin-3,42,7,-0.0183775444561333,-0.5878920772039213,-1.0158119165556596
odanacatib,42,7,-0.011072625030393475,-0.3174488473893935,-0.7191539458429628
ofloxacin,42,7,0.03940835922722334,1.368535000001092,1.6464906504457353
oglemilast,42,7,0.008091990281092074,0.2727321791073776,0.8750736674107586
okadaic acid,15,5,-0.031280850400275735,-0.9583035540475469,-1.4640544122902024
olanzapine,42,7,0.0010036229835502048,0.03300628608575232,0.2900721395296248
olaparib,284,21,-0.0026467187109486716,-0.08391144996199358,-0.6341515875567723
olmesartan-medoxomil,42,7,0.005400579377746396,0.19958974493057005,0.8425968805727276
olprinone,42,7,-0.00061524183430679,-0.017511971081774463,0.43343963083671433
omecamtiv-mecarbil,42,7,0.0008118573203665783,0.026741408056079788,0.6303407202833409
omeprazole,42,7,0.01549692380066945,0.5051130128381361,1.1198803542624103
ondansetron,42,7,0.0047709824694183904,0.1636777855216785,0.5269709134826157
oprozomib,42,7,-0.06241728710216089,-1.9804306833050067,-2.2372344434525164
orantinib,42,7,0.02034482803853346,0.6907046538050456,1.2017826874825703
orlistat,42,7,0.0022569465063404645,0.07412892211130395,0.6284219443215249
ornidazole,41,7,0.003983967927343409,0.13122615188013564,0.5832378382591511
orphenadrine,42,7,-0.009401735816985276,-0.3030460568476643,-0.662061460869929
orteronel,42,7,0.006184036469876532,0.2093030004314893,0.7250564680215854
oseltamivir-carboxylate,42,7,0.007428256777047592,0.24825536040025598,0.9466685481385335
osimertinib,170,24,-0.00683876850389243,-0.20362096378914318,-0.5642140864488403
ostarine,42,7,0.023483219730258752,0.8107792831599446,2.084080084513161
otamixaban,42,7,0.002372004274971089,0.08042293427248909,0.7315086789027416
otilonium,42,7,0.00889059003693315,0.2980555296636504,0.6622851647852636
oxandrolone,42,7,-0.014844540233241273,-0.45358813990561875,-0.7481694397202023
oxaprozin,42,7,-0.005926047787180053,-0.18837152960087694,-0.8258535247999462
oxatomide,42,7,-0.005273978442293357,-0.15479122301568568,-0.5040939654192756
oxfendazole,42,7,-0.007485686938783893,-0.22304809686220967,-0.7990242026816734
oxiconazole,42,7,0.008245477400317544,0.2888397054926075,0.8363043273820562
oxiperomide,42,7,-0.007274084549070422,-0.23293631764345818,-0.6169342268846725
oxybenzone,42,7,0.005043654541427658,0.16972698069193615,0.6003725031905572
oxybuprocaine,42,7,0.015699764850569876,0.5391791566118306,1.0799786799367617
oxybutynin,42,7,-0.002327689644921002,-0.06902118643555322,-0.7054600682807963
oxymetazoline,42,7,0.00016699427493513592,0.009636612831950764,0.5096456785317833
oxypurinol,42,7,-0.0011814537840370814,-0.04047628805279862,-0.8776964277478227
ozagrel,42,7,0.017959105047991565,0.5786326380445187,0.8748308494582712
paclitaxel,42,7,-0.020600589646472954,-0.6272475972083078,-1.1205808657920322
palbociclib,186,18,-0.03706946039319496,-1.122302575157704,-1.505076695348939
palmitoylethanolamide,42,7,0.0056425614370659285,0.17968430409508016,0.8908440746026748
palomid-529,42,7,-0.02124895399345941,-0.6382218325105058,-0.9684551531321254
palonosetron,42,7,-0.006994065729346208,-0.2079493075527819,-0.8820912089030688
palovarotene,42,7,0.00866265217850726,0.29215270185102227,0.8981425504271763
pantoprazole,42,7,0.006057195579947856,0.20825421721763032,0.5188331205363039
papaverine,42,7,-0.007278746795526082,-0.22230969706005832,-0.5490753769743981
paracetamol,42,7,0.005759594545702304,0.18138478605745575,0.55660573925404
paricalcitol,42,7,-0.01610497327273183,-0.4704683419371888,-0.8156842527364266
paroxetine,42,7,-0.00027175906051781125,-0.008486154313738618,-0.6790208924929773
pasireotide,42,7,0.01299198896339101,0.46033254783198785,1.2620802005088967
pazopanib,179,24,0.004606345823380427,0.15639489922382038,0.5476480923794174
pazufloxacin,42,7,0.004732232732030356,0.1499752146249279,0.6203783982301964
pelitinib,156,15,0.016932273080214916,0.530051417627073,1.2157704205835154
pemirolast,42,7,0.0018636921140350038,0.07008877261234991,-0.7712711252698021
penciclovir,42,7,0.0017684265871546912,0.06446739259207893,0.7214841026383716
penfluridol,42,7,0.008078873217451904,0.2567006248087871,0.9330848759606328
penicillin-v-potassium,42,7,0.0020635509992307953,0.0702432181513821,0.541237942304942
penitrem-a,42,7,0.004615973643794231,0.15673006586909982,1.206924654680641
pentamidine,42,7,0.0016105743748328076,0.05906759534800679,0.47245140278414344
pentobarbital,41,7,-0.06554118244034692,-1.9500751611436313,-2.4103236360266522
pentoxifylline,42,7,0.0060464194904347795,0.20812810453496522,0.8044957592185029
perampanel,40,7,-0.0711891303752901,-2.262086522905027,-2.5294962205339306
perhexiline,41,7,-0.017137060296777678,-0.5044633232143063,-1.0395868565562771
perindopril,42,7,0.0022174248097479874,0.0742240609734748,0.5566341245747556
pevonedistat,42,7,-0.05163380210199224,-1.6550197479233681,-1.8751733512903501
phenazone,42,7,0.010224122651649084,0.3374230250869399,0.9628506625195077
phenformin,42,7,-0.013527418647027679,-0.4177563337311706,-0.8184110721656824
phenprocoumon,42,7,0.01545276920432274,0.5098984644090071,0.8277460177661307
phensuximide,42,7,0.026447625883765924,0.8835167472973063,1.3444879242090502
phentermine,42,7,0.005998768590571508,0.20910966286924465,0.5226014677677561
phentolamine,42,7,0.007204377680147931,0.23355508614454243,0.735665669503556
phenylacetylglutamine,42,7,-0.004688672433139932,-0.13013625046311506,-0.42079708074268457
phenylbutazone,42,7,-0.0038356395516643323,-0.11729798481314971,-0.768842672599134
phenylbutyrate,42,7,-0.008271765451361345,-0.2561604254541169,-0.5178113836796483
phenylephrine,42,7,0.001978569948923077,0.06775363815862517,0.6595086630764092
phenytoin,42,7,0.007899534451998258,0.2749653166244447,0.8001312913954965
phorbol-myristate-acetate,42,7,0.016167698526844562,0.5381617539569028,1.2250376360430872
physostigmine,42,7,0.0066306539230707,0.21535690431140303,1.0800620589312762
pibenzimol,42,7,0.0035338972257247673,0.11869476383775024,-0.4671700635004685
piclamilast,42,7,0.017380512265876898,0.5735258202317794,0.8812788757305163
picolinic-acid,42,7,0.010966085285596776,0.3591519917248811,0.5709269056612217
picotamide,42,7,0.007156551067000069,0.23657892451347606,0.6251527472038638
pidotimod,42,7,0.015009483132423802,0.4961785843107921,0.7800004713467029
piketoprofen,42,7,0.0028461461952839742,0.0984807248206086,0.3313666399461376
pilaralisib,42,7,0.02878029201939749,0.9896224984767675,1.2944881268437118
pilocarpine,42,7,-0.0072322772665224565,-0.2242936023812253,-0.38279274721405854
pimavanserin,42,7,-0.02364256275410921,-0.7082194099434351,-1.3868936400142877
pimecrolimus,42,7,0.0017157495668360745,0.0623954694822077,0.7124740990108677
pimobendan,42,7,-0.0060396691169520445,-0.1919625716249586,-0.5785950294174811
pimozide,42,7,0.008231345456089582,0.2682178362861659,-0.6661140220589795
pinacidil,42,7,0.01573981927155586,0.5184469232593387,0.9585102709867126
pinaverium,42,7,0.017956519171585264,0.6060127139267271,1.0306607537512678
pindolol,42,7,0.0095379495324909,0.3248924866763662,1.1726904981507391
pinitol,42,7,-0.0015189439535326123,-0.049441025716291234,-0.6414215279494855
pioglitazone,42,7,-0.008369570204321445,-0.2733199244929465,-0.5585864510584146
piperidolate,42,7,-0.010641398674608574,-0.3531858719343465,-0.8799903872485338
piracetam,42,7,-0.0016210712111631431,-0.046104973324328655,-0.5264167631991421
pirenoxine,42,7,0.00880978656171652,0.28666472659196013,0.5148053497433043
pirenzepine,42,7,0.004494426452115636,0.15732274861244339,0.5880379743128996
piretanide,42,7,0.004213419705232646,0.13897274451600375,0.4673692493053702
pirfenidone,42,7,0.0029868195367456435,0.09854752212060627,0.5199572393252341
piribedil,42,7,0.009537792422235564,0.3290138443359034,0.8120600655126832
piroxicam,42,7,-0.006190369286673608,-0.2083010559001232,-0.6007861119011108
pitavastatin,42,7,-0.01600422691291759,-0.46493075158237573,-1.1696021888190937
podophyllotoxin,42,7,-0.04402562954356465,-1.3385084239219893,-1.6186042716397073
pomalidomide,42,7,0.006421963313007532,0.2128311641535685,0.6756854653759286
ponatinib,109,19,0.011468647992450263,0.4164604856840721,0.8071049928727903
potassium-canrenoate,42,7,0.012258055841676888,0.39508201430653134,0.6476839422699348
pralatrexate,42,7,-0.0002231602644226381,-0.004895455327538014,-0.5234275541991426
pramipexole,42,7,-0.009349266735055446,-0.28600577550700923,-0.6657803921998428
pranlukast,42,7,-0.0008947008840133583,-0.027271468694725628,0.4178923049616053
pravastatin,48,8,0.00443848795947198,0.16358360411211328,0.7230585477242495
praziquantel,42,7,0.021390914424347242,0.7325424453780192,1.0710395233599612
prazosin,42,7,-0.0071086848689595646,-0.21702639724902145,-0.6606758071078174
prednisone,42,7,0.004287991231802922,0.13648936111708013,0.7796978324614046
pregnenolone,42,7,0.00703572819051083,0.2323519720916256,0.7736215598609064
preladenant,42,7,0.01190116025763151,0.41576973788378135,0.7062982013363275
primaquine,42,7,-0.012008340499900749,-0.36627448591407064,-0.5815025308946737
primidone,42,7,0.022629504173122816,0.7707802385286366,1.2463303392884162
pritelivir,42,7,0.009979086316416445,0.32797469497745335,0.5916491599529368
probenecid,42,7,-0.002846029420880991,-0.08331750836618751,-0.32832150968689405
probucol,42,7,0.0011105648525387415,0.0376537618770305,0.7096550197809527
procainamide,42,7,0.006534237903726878,0.22168374589834422,0.9522186102215477
procaine,42,7,-0.008882596878827198,-0.2658027202990153,-0.7644548050673734
prochlorperazine,42,7,0.008807655083550706,0.3056363320099917,1.0267740543056856
progesterone,42,7,0.005299192261596674,0.17304193558677794,0.7546550242717346
proglumide,42,7,-0.014590674500935319,-0.42950541220095234,-0.7865323257617027
proguanil,42,7,0.009859915139764712,0.3292789192838298,1.0489583435529668
propafenone,42,7,-0.023537906022060823,-0.7118966398563557,-1.2162035394832587
propentofylline,41,7,0.005949448150842459,0.18736377559870385,0.5890879186401317
propranolol,42,7,0.01683369814968446,0.5612774578795332,0.8917195269373565
propylthiouracil,42,7,0.018301571215120833,0.6459348885643337,1.1026772889410759
protirelin,42,7,0.001640546099921544,0.05462887440383718,-0.5597473060987688
protriptyline,42,7,0.006536223223942653,0.2196789020100773,0.5800557917885124
pterostilbene,42,7,0.0008239525052917613,0.026870703188262318,-0.517739404084147
pyrazinamide,42,7,0.0016416288858310648,0.05778824008096617,0.6499936134301263
pyrazinoylguanidine,42,7,0.001071420914412448,0.039250997882743936,-0.3163730450980633
pyrazolanthrone,120,19,0.004334108592544779,0.14634564154138147,0.8424321529342276
pyrimethamine,42,7,-0.0015081297294622631,-0.04351200888169225,-0.43149163544667446
quercetin,42,7,-0.014165323214420244,-0.41464626259657755,-1.0924781699610886
quetiapine,42,7,0.0003151009734464853,0.011510143646518228,0.8796264125863996
quiflapon,42,7,-0.008601016498541527,-0.27486232261074006,-0.5561878994031298
quinapril,42,7,0.004510843214919201,0.14858066320407964,-0.5005764254355347
quinidine,42,7,0.0012980579699536459,0.04328784126559759,0.5067118895043528
quinine,42,7,-0.004628327671374492,-0.13378051123634588,-0.6162151704753895
quizartinib,174,24,0.000812063741524267,0.02818943076536744,0.5749978867849334
r(-)-apomorphine,42,7,0.005624261688845513,0.20363320877502492,0.5933842782992376
rabeprazole,42,7,0.0014385704430219704,0.053587362036041294,0.48107236811447746
racecadotril,42,7,0.004257255431536054,0.14457191630425173,0.7779128399309255
raclopride,42,7,0.021764297509749224,0.7280625864588639,1.2737818108080408
radezolid,42,7,0.008203780879046347,0.29024455548580513,0.80332172027076
radicicol,252,15,-0.009149296156039047,-0.2889153900167147,-0.6950137901779442
raloxifene,42,7,0.0028738666389284085,0.09860326001437211,1.0544894437463643
raltegravir,42,7,0.008455449390104605,0.27156175169259406,0.841233471286679
ramatroban,42,7,-0.0044388092126561255,-0.1302916505012814,-0.6939482267318988
ramelteon,42,7,0.0024624138957585486,0.08540490230258406,0.5346583742151193
ramipril,42,7,0.0027019238687082683,0.0922257823554131,0.5084523399568851
ranitidine,42,7,-2.8081548528791675e-06,0.001215450608027445,0.4750337775159724
ranolazine,42,7,-0.010929623536295594,-0.33600229654415653,-0.6644922732927668
rasagiline,42,7,-0.003405553268988551,-0.10231145388999639,-0.5254518808291984
rebamipide,42,7,-0.011861699583447278,-0.383114000873561,-0.736351308894842
rebastinib,132,22,0.01619454407637376,0.5451444020654661,1.1524651648563473
reboxetine,42,7,0.0035355083398929134,0.11687567835813817,0.7358704701178792
refametinib,42,7,0.012937967066424676,0.412331914378254,0.9279772071409728
regadenoson,42,7,0.010442747431044197,0.34248809241572953,0.5818997630039724
regorafenib,156,21,0.010528831563203719,0.36103106345624625,0.7483122536005135
relcovaptan,42,7,0.002946012283194383,0.09278786045373033,-0.5452293129855199
repaglinide,42,7,-0.005547198305155085,-0.16572835701179775,-0.8734734752656284
reparixin,42,7,0.00890929906263202,0.3107377458853531,1.0261610839698037
resatorvid,42,7,0.00819570171396855,0.27308203266729125,0.6590412249968981
reserpine,42,7,0.016024097727883668,0.5208292661925416,0.860977436413774
resiquimod,42,7,0.01497393387421278,0.5468084407246397,1.2478361920139216
resminostat,42,7,-0.00038846431020411287,-0.008443540705832892,0.7596328193185918
resorcinol,42,7,0.015746856913130696,0.5540350674583747,0.9291643318401613
resveratrol,171,21,0.007267663754243538,0.24641053584492523,1.0359820827581758
retapamulin,42,7,0.02047672253936198,0.6789339020618597,1.3689701060109283
retigabine,42,7,-0.006472969555064509,-0.20320058589494128,-0.7514041660162487
ribavirin,42,7,-0.007329585392296837,-0.22570603192429345,-0.7515673759316434
rifabutin,42,7,-0.010776496237401614,-0.32233132972562195,-0.9091020699848349
rifaximin,42,7,0.0036880141838670694,0.11712527962507659,0.4773135235070004
rigosertib,114,19,-0.019695790298929552,-0.6164456791239338,-0.9748941869868567
rilmenidine,42,7,0.011465473534264577,0.38328903444755125,0.899660291460892
rilpivirine,42,7,-0.010851110167188592,-0.3261084437925317,-0.7226632113802773
riluzole,42,7,-0.006081837928794133,-0.19383403731082127,-0.8145732316601431
rimantadine,42,7,-0.0004845148199231001,-0.013178949245043937,-0.4009705127694662
rimcazole,42,7,-0.010004466291812938,-0.2945634702151794,-0.5528358767789516
rimexolone,42,7,0.006684586290181342,0.2235136860241163,0.6469917305672815
rimonabant,42,7,0.005868462107154124,0.18991332887947066,0.8839504751090748
riociguat,42,7,0.024148911981164867,0.8924737228254138,1.2286189037284074
ripasudil,42,7,0.013743567793742069,0.4647773373174272,1.1022164530035286
risperidone,42,7,-0.0005094896285151036,-0.014495958946166912,0.38504691386796797
ritodrine,42,7,0.0029277578777505255,0.09525232933460953,0.4169357598496035
ritonavir,42,7,0.011811954973203167,0.39589730153358066,0.8105018738543833
rivaroxaban,42,7,0.015951029562420328,0.5265608577376368,1.146277905503512
rizatriptan,42,7,-0.0018848206889250482,-0.05365923140212199,0.653944008516171
rociletinib,42,7,0.0022897433062570526,0.07676153506548439,0.5684651215849413
rocuronium,42,7,-0.005551354028645283,-0.16233820928547088,-0.422384007830528
roflumilast,42,7,0.02458452936608959,0.8222532375834875,1.182810003017475
rolipram,56,9,0.016787197671900157,0.5715858460629375,0.9609061643546978
romidepsin,38,7,-0.03031470907248235,-0.9133103007875214,-1.4241379787069326
rondual-kinase-inhibitor,114,19,-0.011065965274447174,-0.35349978403179305,-1.0539250654310672
ropinirole,42,7,0.016492859776027144,0.5844293144417181,0.9291406853094324
roquinimex,42,7,0.007069279904707812,0.2284194236182867,0.6659586543254222
roscovitine,170,16,0.0029517592463088153,0.09963777940853423,0.7112564778552036
rosiglitazone,42,7,-0.016349908669390248,-0.5154242452782793,-1.4640356733961328
rosuvastatin,42,7,-0.0029723897442840265,-0.0872291682818905,0.5397513556891672
rotigotine,42,7,0.006425190711787644,0.2092951715796536,0.7658202040452275
rottlerin,42,7,0.004088279733056927,0.1405882075564635,0.5541868512964604
rotundine,42,7,0.00991378473040222,0.32720124843515513,0.9695568810800791
roxithromycin,42,7,0.011765988201851594,0.40486490213785925,1.1562278344948
rucaparib,114,19,0.011830435065360844,0.3763933008641088,0.9314047747516753
rucinol,42,7,0.011583457131613318,0.38292213731016844,0.7891939173769222
rufinamide,42,7,-0.007325487249593507,-0.2092350903396491,-0.6429700469382038
rupatadine,42,7,-0.00015147968031157158,-0.004149722458779338,0.5338082836322331
rutin,42,7,0.014658638458303064,0.5417407478497284,0.8973355244474824
ruxolitinib,129,14,0.0020636862941248147,0.06846961700220183,-0.5920685728313029
sacubitril,42,7,0.009851285938228213,0.33343073422267255,0.6496891308377011
safinamide,42,7,-0.0038827572715878396,-0.11666009152363724,-0.7235780639881453
safingol,42,7,0.019321988844139694,0.6961030545685998,0.9549856288570021
salermide,15,5,-0.04284250739040157,-1.2762476381297418,-1.5671935854206303
salirasib,42,7,0.012351115615635073,0.42858527355940457,0.9475829820868853
salvinorin-a,42,7,-0.00207526521286496,-0.06164866012668015,-0.6483147219544476
saquinavir,42,7,0.0015395740134017807,0.05193995120639293,-0.7872632346983216
saracatinib,290,27,0.0018556349525283777,0.06286973652866147,0.5933616627709503
sarcosine,42,7,-0.011319317383590034,-0.33870616591072056,-0.6262355388495251
sarsagenin,42,7,-0.002340798967068957,-0.07599899558111692,-0.7198359989941046
sasapyrine,42,7,0.022565604115406666,0.752541253441405,1.3126939281580472
saxagliptin,42,7,0.011947099290769387,0.40052097429344347,0.9248375527070849
sch 900776,6,2,0.016092721977413186,0.5700610117596455,1.2568571843685115
scopolamine,42,7,0.0029603905096458978,0.0981993520176693,-0.5288842690893834
secnidazole,42,7,-0.0032310637195066766,-0.09105128886209932,-0.4638790648132959
selamectin,42,7,-0.012275748021749005,-0.40584686439374984,-0.8195809725492743
selegiline,42,7,-0.008124605102524655,-0.2279753632108118,-0.6589736912607124
selinexor,42,7,-0.0279608996518479,-0.8027950664601056,-1.5624694444528229
selumetinib,186,18,0.01221106795525629,0.41089679402628,0.9565116946055889
semagacestat,57,9,0.015758899035152884,0.507487334357464,0.9387412030843272
semaxanib,42,7,0.0026399050613864776,0.08609362286223285,-0.5242346103389317
senicapoc,42,7,-0.00422499204215376,-0.13831699480645757,-0.37776380938780363
seocalcitol,42,7,-0.001568134314173012,-0.046657453488812096,-0.4325875901038144
serdemetan,114,19,-0.0039552086290161395,-0.1245437685580569,-0.8035184163602584
sertaconazole,42,7,-0.005239229553639618,-0.15378464165228672,-0.34123665743305814
sertindole,42,7,-0.004651510249827325,-0.1521395482259268,-0.9000230910097231
sertraline,42,7,0.0066531037726149725,0.2227785802789775,0.5889350219233491
setiptiline,42,7,0.006002476876880332,0.19771292256053452,0.5526621740542843
siguazodan,42,7,0.0044785566569830945,0.14949738362419063,-0.4507552941410671
sildenafil,42,7,-0.008436458880012425,-0.2532092485100573,-0.5119846198304534
simeprevir,41,7,0.0034322893467835704,0.12365326974008442,-0.7878601201010509
simvastatin,42,7,-0.012008030899009,-0.36150171196141023,-0.961180605032332
siramesine,42,7,0.0019474596650042029,0.06328223077675652,-0.30720989696783824
sirolimus,255,30,-0.004497677814874819,-0.13241567343480115,-0.5520481359109146
sitagliptin,42,7,-0.008957184581893863,-0.27855069781084324,-0.7741454775448747
smer-3,15,5,-0.016694394040796194,-0.5678421795855403,-0.6324885847025002
sobetirome,42,7,-0.0017264195830945378,-0.051569066796627636,0.6343972631290407
sodium-gualenate,42,7,-0.005513856350204811,-0.16503622996772987,-0.45211802656804667
sodium-tanshinone-ii-a-sulfonate,42,7,-0.0016578856360848645,-0.04829565479446143,-0.4166742518024136
sofalcone,38,7,0.01281787837012927,0.4234056936964218,0.9370568182646251
solifenacin-succinate,42,7,0.0004559643051561806,0.016341117257510758,1.0251205691884038
sorafenib,180,17,0.004995173222649732,0.1697889685906876,0.783447388540894
sorbinil,42,7,-0.0012595290593369638,-0.03951956575744939,-0.6020032936739167
sotalol,42,7,0.01456669394074386,0.5028668704354541,0.9947107687863297
sotrastaurin,57,9,-0.0012541439092976358,-0.034809338512020636,-0.4350218798832599
sparfloxacin,42,7,0.01799044004789254,0.5815222790917154,1.218177754564323
spironolactone,42,7,0.020085188546737572,0.6650174380889031,0.8324328988853084
staurosporine,33,6,-0.021092041091591796,-0.7113037198310114,-1.0266686133562772
stavudine,42,7,-0.0011253170589175729,-0.03309395874280093,0.6865642795540092
sufentanil,42,7,-0.000404266330556539,-0.013209291093765285,0.5934084382683884
sulbactam,42,7,0.00014513428950286176,0.005007349104462527,0.6305056345364646
sulbutiamine,42,7,-0.0061575696995759995,-0.18505780241586864,-0.5374004618211443
sulfadoxine,42,7,0.03650459650435011,1.2790175440843194,1.7653974803900017
sulfafurazole,42,7,-0.010697603013829137,-0.32584673511487705,-0.7128815860609543
sulfasalazine,42,7,-0.006203377690466571,-0.18649594949733034,-0.7426992864020767
sulforaphane,42,7,-0.004862126370514454,-0.14879454609612086,-0.4870288031003177
sulmazole,42,7,-0.009634443896653406,-0.31263809820739497,-0.6918708485255382
sulpiride,42,7,0.011101391368086666,0.38133130298632667,1.1262897643189715
sumatriptan,42,7,-0.004741892721519048,-0.15047538073167233,-0.8940125000907868
sunitinib,130,22,-0.0029872607010958266,-0.099919645580054,-0.6340163467076404
suprofen,42,7,-0.0208869939755327,-0.6132547898918825,-0.8074306132574787
suvorexant,42,7,-0.002915759371638122,-0.08488957343386966,-0.46584721764807085
swainsonine,42,7,0.03507870871097592,1.2346422436016238,1.7910853184022968
tacalcitol,42,7,0.007621983812066926,0.26674897778027035,0.6593873973212824
tacedinaline,57,9,0.002450832040728664,0.07718314923782892,0.7471794253939981
tacrine,42,7,0.017540203457189367,0.6365995564900453,1.0813100883769746
tacrolimus,57,9,-0.010147134858628051,-0.310862245558941,-0.7701565641797298
tadalafil,42,7,0.0033723345607233847,0.11341286511707281,0.6677536567100002
tafamidis-meglumine,42,7,-0.02202710297036672,-0.68224651238315,-1.026587484757905
tagatose,42,7,-0.005100686060964071,-0.1519507227570408,0.7575655752967567
taladegib,42,7,-0.0015584640369777965,-0.045416514030735086,0.4364875977152814
talazoparib,42,7,0.004538966085397801,0.1495069899567127,0.6774726313499462
talinolol,42,7,-0.001131976365197762,-0.028556989346523922,-0.32597156779896036
talmapimod,42,7,0.0017173618353479615,0.057325892830693496,0.3967565494963782
talnetant,42,7,0.010017340474571637,0.33627676190647926,0.5869668884235464
taltirelin,42,7,-0.0008233633365364772,-0.02400682446392243,0.5767274115395429
tamibarotene,42,7,0.01739515987526343,0.5657135025474525,1.1218271450052455
tamoxifen,42,7,-0.005124943495044642,-0.1637726900037535,-0.7640529618006132
tamsulosin,42,7,0.01005980091969538,0.3568603765607195,0.9230075599213594
tanaproget,42,7,-0.022815306836893198,-0.7153738620361543,-1.3083126441927888
tandutinib,42,7,0.010823386341789002,0.3636315205748339,0.6660060329937374
tanespimycin,59,21,-0.0009390334309550921,-0.031940230285339356,0.5209436919043697
taranabant,42,7,0.012787552215767356,0.4380845182325318,1.048008234193792
targinine,42,7,-0.0002519743211977063,-0.007556636487186941,-0.5461894523143381
taselisib,42,7,-0.030387363813287004,-0.9459106939455604,-1.2329477304180376
tasisulam,42,7,0.010407783862171461,0.3631271873698779,0.7188258128880264
tasquinimod,42,7,0.009668524803854425,0.31966302033267513,0.7539700290326532
tazarotene,42,7,0.003625806473463865,0.12315512837648102,0.7663063817585372
tazobactam,42,7,0.003496172200407595,0.11702953258589052,-0.6469649053426721
tebipenem,42,7,0.013489780427919287,0.42927156902464525,0.8534948284913628
tecastemizole,42,7,-0.0017155463783379739,-0.048632532765356465,0.49307090290412897
tedizolid,42,7,0.006863143151690417,0.22260404450270904,0.7761552295167552
tegobuvir,42,7,-0.012631638873889831,-0.41651759348301665,-0.8038192940847614
telatinib,42,7,0.0001725453883283857,0.013790853983519247,-0.6368899709191298
telbivudine,42,7,0.014938914549111284,0.5222140698596052,0.8394769027464986
telcagepant,42,7,-0.002916879830477827,-0.08963573537124506,0.4585369354093394
telmesteine,42,7,0.005726914688390905,0.20845411837271846,0.6631739523243935
telmisartan,42,7,-0.005366300762089716,-0.1606701111801887,-0.7683579658929913
telotristat,42,7,0.01250835667822853,0.4568166260918838,0.8581269330805978
temazepam,42,7,-0.007101875987387164,-0.20301995777413773,-0.4279592993063581
temoporfin,42,7,-0.017396412304187765,-0.5670464304881544,-1.043043640613568
temozolomide,42,7,-0.008542167935247239,-0.26650689597206256,-0.6492260729577258
temsirolimus,84,7,-0.0035832959241636595,-0.10675318519596794,0.641312028044367
teneligliptin,42,7,0.016353055760004162,0.5589911478465299,1.2176714985680932
tenidap,42,7,0.0004037284407828496,0.01239881533427052,0.5534069913272154
terbinafine,42,7,0.007021462976857774,0.23211322661217676,0.5552437620396511
teriflunomide,42,7,0.017520139764151798,0.5992887944015517,0.9705716562436147
teroxirone,42,7,-0.013227234836646326,-0.4386724607715108,-0.7506919772770458
tesaglitazar,42,7,-0.003402979798699169,-0.10974754418198465,-0.44824824478062886
testosterone,42,7,0.006208395342136774,0.2262946543082636,-0.8807633058521313
tetrabenazine,42,7,-0.009024614694203438,-0.26402684431276896,-0.8254927817859092
tetracaine,42,7,0.00749732467568003,0.2436720251805874,1.0049295051678155
tetradecylthioacetic-acid,41,7,0.0033392786486375284,0.12341005049939298,-0.6687114538559401
tetrahydrouridine,42,7,-0.005958419258475331,-0.17965819527653887,-0.6161929073391393
tetrindole,41,7,-0.006082684392906018,-0.21411631354566865,-0.565036567197575
thalidomide,42,7,0.017917100967562834,0.5912278184012214,0.9391252552615773
theobromine,42,7,0.013667188905201483,0.45773184682013857,1.0373580721399234
theophylline,42,7,-0.005121513736050376,-0.14640724145669076,-0.5284192561897877
thiocolchicoside,42,7,0.014603374924198012,0.4957680215694255,0.7016232998231826
thioctic-acid,42,7,0.012984489307067776,0.44914955859924655,0.9050101697109885
thioguanine,42,7,-0.003953266834494306,-0.13337527722415626,-0.5568769417284558
thiomersal,42,7,-0.023504121634876116,-0.6711109898031615,-1.3042576985766556
thioridazine,42,7,0.006387425578949407,0.21492079251832058,0.6211363841102269
thiothixene,42,7,-0.020124520304298427,-0.6198940453253201,-0.9222571565102171
tiabendazole,42,7,0.01979939331171225,0.6663676833233296,1.2480137815376924
tiagabine,42,7,0.010009965969512043,0.3297138276678074,1.144110663036757
tiapride,42,7,0.007434512144902,0.23961609787389954,0.6341540596438573
tibolone,42,7,0.006456166363161511,0.21889667255474132,0.6045691184034391
ticagrelor,42,7,-0.0028832981177941515,-0.0867577638391403,-0.495707568357382
ticlopidine,42,7,0.0247330528543991,0.8567270990858316,1.479533774882328
tie2-kinase-inhibitor,114,19,-0.0015692810542366781,-0.04808451858856513,-0.4877836415250668
tiludronate,42,7,0.004597315266660094,0.1502832794828177,0.5505486077992892
timofibrate,42,7,0.010708688980173138,0.34048334817012627,0.6664557843216764
timolol,42,7,0.008842319158481712,0.28800940578612383,0.5651489301772051
timonacic,42,7,-0.0024781358446345205,-0.06842431440795352,-0.7068149451963475
tioconazole,42,7,-0.007057995774940519,-0.20776608952753214,-0.6098639082768875
tioguanine,42,7,-0.031047653674678294,-0.916232778405534,-1.402369453518499
tipifarnib-P2,42,7,0.019444691254785443,0.6394403144261329,1.2191867501331684
tipiracil,42,7,0.014046834082958426,0.4568622411257174,0.6660910125038542
tipranavir,42,7,-0.013077362716608972,-0.4075966779269875,-0.9619624053393645
tirapazamine,42,7,0.0022322062025773113,0.07683890914998706,0.5894172493463854
tirasemtiv,42,7,0.02383639817850626,0.825996235655308,1.3225888818816016
tirofiban,42,7,0.004386932148320219,0.16072198000599747,0.42674680696648826
tivantinib,174,24,-0.009706394401929594,-0.31636711438759735,-0.6406795771492082
tivozanib,174,24,-0.0006630290614074289,-0.019440338935023893,0.6173552667569845
tizanidine,42,7,0.009339310412112431,0.3216483495791188,0.5524286471518802
tobramycin,42,7,-0.003755247861645079,-0.1224200406737456,-0.5269211438806904
tofacitinib,48,8,0.005283328645555882,0.17888914910225268,0.7020620851467684
tolazamide,42,7,-0.014436026932890575,-0.42987106876537073,-0.7655119015449462
tolbutamide,42,7,0.009701935161156503,0.3424123425261868,0.736407876463263
tolcapone,42,7,0.003018105475999804,0.09840515515708298,0.8349171286034205
tolfenamic-acid,42,7,0.02535883629543906,0.8283188444045091,1.1568139310474916
tolimidone,42,7,-0.0023831014573459045,-0.07570602378145225,0.5457435816180174
tolnaftate,42,7,0.00682868948411529,0.21974487117696898,0.6675799667949929
tolperisone,42,7,0.013634123734210541,0.49755604096360284,0.8803439752967346
tolvaptan,42,7,0.01035315438369493,0.3577954525691265,0.7383187762541497
tomelukast,42,7,-0.0008115952613036095,-0.022993450937845238,0.5554802812231359
tonabersat,42,7,0.009071345156061604,0.3171702986952635,0.7343172771858079
topiramate,42,7,0.03129401989293591,1.0531575858526567,1.769793792938341
topiroxostat,42,7,-0.004633364166322751,-0.1579660544953427,-0.4898276370534583
torasemide,42,7,0.013585151106045162,0.4746248004089836,1.0061770971628994
torcetrapib,42,7,0.0018382661247193864,0.06276917686222945,0.4513133593630425
torcitabine,42,7,0.01821406792886862,0.6119964447422113,0.9725705524116763
toremifene,42,7,0.00047699488757500395,0.015486141581016251,-0.5502806944869264
torin-1,180,17,-0.029106099478648055,-0.862110557319979,-1.3214336521281
torin-2,114,13,-0.02714418331602446,-0.8311607257718421,-1.4653490200563541
tosedostat,42,7,-0.016499472939709322,-0.4921229142083048,-1.1351088210457776
tozasertib,156,15,0.0034546445021503194,0.1158659650943447,0.7069833092169917
tracazolate,42,7,-0.006091659737397627,-0.18271752308511455,-0.6331423447687534
tramadol,42,7,0.011053328037416467,0.36763078982557307,0.8183127664270747
trametinib,113,13,0.0030904597345110586,0.1046056630949652,0.7114408779266012
tramiprosate,42,7,0.01120845056395674,0.3770759438717034,0.6652086552282789
tranilast,42,7,0.018534487850464076,0.6391220053244673,1.3329158609669405
tranylcypromine,114,19,0.012483109500609808,0.4466798815187589,0.8074907258585735
trapidil,42,7,-0.003619716622214583,-0.11438627872148438,-0.6128061640873084
travoprost,42,7,0.018395535413721645,0.6452565464839605,1.2116806084575655
trazodone,42,7,0.00337165049291853,0.11747188897247926,0.6463776247872642
trehalose,42,7,-0.00857330632009677,-0.25708800257057196,-0.5311488347596516
tretinoin,15,5,0.0455058998436613,1.631235784220891,1.8345065740684932
triamcinolone,42,7,0.003927731032115728,0.1418856841639922,-0.5867961267719202
triamcinolone-acetonide,42,7,0.0073338541764239075,0.2433128292858764,0.4778387915548935
triamterene,42,7,0.0037389054425611052,0.13563443144062656,0.556699318171303
trichostatin-a,15,5,0.002698903340794566,0.08287740348123891,0.7225251752631493
triclabendazole,42,7,-0.00412634138093075,-0.12469535897274486,-0.5981467698380403
triclosan,39,7,-0.01724503112867722,-0.5124088957595232,-1.0404919135806667
trientine,42,7,0.013846116101807408,0.46254754404797915,0.8073066509138539
trifluoperazine,42,7,0.007682890843012498,0.2802946717587743,0.8537761534856959
triflupromazine,42,7,0.004919289114228678,0.1671122220301619,0.43005564702577026
trifluridine,42,7,-0.010912615480945003,-0.36190964669477016,-0.5778645633484822
trilostane,42,7,-0.003307632923304143,-0.09751983644809797,-0.6446145407195777
trimebutine,42,7,0.008110410590060735,0.29218946512636657,0.9077236173127761
trimetazidine,42,7,-0.0003600497006487862,-0.011969495180807983,0.618318790343525
trimethobenzamide,42,7,-0.0011002820562350602,-0.03089621899530701,-0.5528861383601147
trimethoprim,42,7,0.008539846262844292,0.2710164078541383,0.7699132291909088
trimipramine,42,7,6.66242071853078e-05,0.0020214744245572874,-0.4147455920435124
triptolide,40,7,0.0011526508466102813,0.040598086527943784,-0.28819298247729597
triptorelin,42,7,0.01980541868816093,0.6954074018348116,1.1251801030343132
troglitazone,42,7,-0.020389971122649307,-0.6099405308325953,-0.9247518944740784
trovafloxacin,42,7,-0.005753239576111228,-0.16797084917427907,-0.7878719110785224
tyrphostin-1,42,7,0.0035163667357654767,0.11422213239118455,0.46481263918152704
tyrphostin-AG-112,42,7,0.026320375838355448,0.8571657905243351,1.2792217389933052
tyrphostin-AG-1478,132,22,0.0064445018441624796,0.2117912812768571,0.6121734468070906
ubenimex,42,7,-0.002298904903450541,-0.07339133645972098,-0.5052332946294626
ulipristal,42,7,-0.006117869647558435,-0.17600507949209218,-0.5156960532553877
umeclidinium,42,7,6.150437373582613e-05,0.003008638119525903,0.5591854674212877
unc-0646,15,5,-0.0029691943180757156,-0.09083828629950214,-0.5097312492479487
urapidil,42,7,0.007422472647682818,0.2733461648994125,0.904834545025916
urea,42,7,0.005924514082284981,0.1913150483497587,0.9996523715272749
ursodeoxycholyltaurine,42,7,0.0008201579956631712,0.0270280033425771,0.7940755852665138
ursodiol,42,7,0.00318470580038836,0.10612034487698152,0.5917766376936259
ursolic-acid,42,7,0.004105467736547274,0.1433959703893886,0.8638392174685938
valdecoxib,42,7,0.008817146608495096,0.3049646450781024,0.7771697564782742
valproic-acid,42,7,0.0023845910373820538,0.07685939014712413,0.4466231895685787
valrubicin,42,7,0.0055092340994546815,0.18288399757785317,1.0735050357897555
valsartan,42,7,0.0028311451861963753,0.09739224360751816,0.5670343387180292
vandetanib,174,24,0.0037579536747401176,0.12612436670963884,0.7576676859725856
vanoxerine,42,7,-0.00726082277899677,-0.22480032746992662,-0.5542442866064803
vardenafil,42,7,-0.003546153828376101,-0.12107289719860818,-0.5740165500497558
varenicline,42,7,0.022605075979379538,0.7430263940553021,1.5075982857152677
varespladib,42,7,-0.012844531213535161,-0.382128282846419,-0.9877209194271783
veliparib,270,21,0.008103832350456025,0.2598059830191308,0.8180445948930063
vemurafenib,162,16,-0.003439326277506317,-0.10375007833622538,-0.4906838674314273
venetoclax,42,7,-0.0022756284368036666,-0.06797039101254096,-0.7123195220396441
venlafaxine,42,7,0.00430549168484214,0.14188816336068483,0.7296224627714193
verapamil,42,7,0.007030640309713241,0.25503197298428737,0.7190024455403272
vernakalant,42,7,-0.009097331483725855,-0.26407314487737504,-0.5343212553040381
verteporfin,6,2,-0.0103530106195471,-0.35691034847315195,-0.6934639952886553
vicriviroc,42,7,0.012470082396357166,0.4015820228157994,0.6407592987128046
vidarabine,42,7,0.01122336529293585,0.3983071670726249,1.0357495411326605
vilazodone,42,7,0.0020516539568334676,0.06782290548021527,-0.5642252298948868
vinburnine,42,7,-0.007328446846886885,-0.24438733605532173,-0.7077993554674343
vincamine,42,7,0.00338894886987778,0.10783781555505947,0.6054067321858781
vinpocetine,42,7,-0.001086710233058434,-0.02739560404595589,0.8697311604260413
vismodegib,42,7,0.011023803445909239,0.35949213530289503,0.7966327771724696
voglibose,42,7,-0.0015243082842781024,-0.045912749998259804,0.46674257322065993
volasertib,42,7,-0.049796471070088166,-1.5454496453507627,-1.8841402880567355
voreloxin,42,7,-0.004989116678465481,-0.146763090148568,-0.8796944994989992
voriconazole,42,7,0.003863737869643247,0.12898514990491478,0.4268887435049502
vorinostat,210,22,-0.00726197507247993,-0.21403847980808816,-0.6944930623060248
vortioxetine,42,7,0.018637453352075208,0.6415764963422874,0.8672769164673364
voxtalisib,42,7,0.0058553934214816295,0.1934676595486125,0.5598884774346999
vu0155056,15,5,0.017192741008930246,0.6234667849332514,1.253183245134782
warfarin,42,7,0.019284813722357193,0.645557183315479,1.2496925825798908
withaferin-a,252,15,-0.00671949845878932,-0.2073021759122246,-0.5994373324000967
xaliproden,42,7,0.010151350787779748,0.3395071224489973,0.7548375346594515
yohimbine,42,7,0.008933927514323928,0.30106882419835423,0.7266694785571071
zafirlukast,42,7,-0.0041417239964501446,-0.12161435633090423,0.7098728445805141
zalcitabine,42,7,0.013869020839397731,0.45769732881127345,0.8863815804975326
zaldaride,42,7,-0.011864839581513428,-0.4148831414776395,-0.761442455973559
zaleplon,42,7,-0.00044003885335355624,-0.013598678356469954,0.5322506472734232
zaprinast,42,7,-0.0048904489698937525,-0.15515102886476495,-0.3142907038267702
zardaverine,42,7,-0.009781231618526648,-0.30202375678044013,-1.269422625363
zebularine,15,5,0.0007531032221005651,0.02896394440080172,0.5395411132034806
zidovudine,42,7,0.029163898146551834,1.0196922626082663,1.41292344612307
zileuton,42,7,0.01717633167267838,0.5513249193967764,1.166183740146994
ziprasidone,42,7,0.02517193171130136,0.8149029850344411,1.1956519334966926
zofenopril-calcium,42,7,0.003795416288780903,0.12182505667480803,0.530544731578134
zolpidem,42,7,-0.015725089949970718,-0.48126845422850284,-1.0437449379144879
zonisamide,42,7,-0.0070438768921712355,-0.22352739865078336,-0.7550985884052153
zosuquidar,42,7,0.02319793303717932,0.7544600761114673,0.9385890345276032
