rank,drug,reversal_score,safety_score,known_for_disease,novelty_label,final_score,final_rank
10,niclosamide,-0.1712901096962144,1.0,True,known hit (validation evidence),0.9702925495589789,1
5,metronidazole,-0.18069574896238705,1.0,False,novel candidate,0.9087704959692023,2
6,palbociclib,-0.17825473208153833,1.0,False,novel candidate,0.9039749708768258,3
7,PF-04691502,-0.17638845521441157,1.0,False,novel candidate,0.9003085572539439,4
8,perampanel,-0.1740104907328525,1.0,False,novel candidate,0.895636902408144,5
9,PKI-179,-0.1739371709224251,1.0,False,novel candidate,0.8954928612122671,6
13,lacidipine,-0.16621455193490342,1.0,False,novel candidate,0.8803213097887278,7
15,PHA-848125,-0.16304186009188792,1.0,False,novel candidate,0.8740883650422461,8
16,ixazomib,-0.162798369417781,1.0,False,novel candidate,0.8736100129068715,9
1,lidoflazine,-0.18641178705606454,0.75,False,novel candidate,0.8699999980354396,10
17,pentobarbital,-0.1606908634714682,1.0,False,novel candidate,0.8694696901884306,11
19,PFI-1,-0.1593701058866284,1.0,False,novel candidate,0.8668749821432967,12
20,MLN-0128,-0.1577057584397373,1.0,False,novel candidate,0.8636052710623866,13
21,delanzomib,-0.15739721236497614,1.0,False,novel candidate,0.8629991136632796,14
23,lonidamine,-0.15516197750132624,1.0,False,novel candidate,0.8586078597722945,15
110,simvastatin,-0.11017722777675702,1.0,True,known hit (validation evidence),0.8502326019971638,16
25,selinexor,-0.1507963780458739,1.0,False,novel candidate,0.8500313759732115,17
28,MG-132,-0.14720322366563574,1.0,False,novel candidate,0.8429724071777053,18
29,elesclomol,-0.14686078551117024,1.0,False,novel candidate,0.8422996667410413,19
30,ENMD-2076,-0.14612615964459308,1.0,False,novel candidate,0.8408564498569963,20
32,bortezomib,-0.1441411348337225,1.0,False,novel candidate,0.8369567487266175,21
33,withaferin-a,-0.14388650973546002,1.0,False,novel candidate,0.8364565223425041,22
34,AEE-788,-0.14348871320303955,1.0,False,novel candidate,0.8356750270288708,23
35,menadione,-0.14325264616013694,1.0,False,novel candidate,0.8352112590653616,24
37,zardaverine,-0.14251430521845893,1.0,False,novel candidate,0.833760743691902,25
11,LY-2090314,-0.16787548735704122,0.75,False,novel candidate,0.833584317740934,26
40,pevonedistat,-0.14101867912380223,1.0,False,novel candidate,0.8308224958977098,27
44,CYT-997,-0.14033155653078444,1.0,False,novel candidate,0.8294726020636246,28
45,SGI-1776,-0.14010933664176628,1.0,False,novel candidate,0.8290360376702471,29
54,indibulin,-0.1383844025655379,1.0,False,novel candidate,0.8256473004967574,30
14,oprozomib,-0.16358438264157138,0.75,False,novel candidate,0.8251541833578009,31
56,YM-155,-0.13804724789949283,1.0,False,novel candidate,0.8249849397922017,32
60,buparlisib,-0.13450429382166132,1.0,False,novel candidate,0.8180245925227182,33
61,AZD-2014,-0.13444021983451426,1.0,False,novel candidate,0.8178987153050951,34
18,ixazomib-citrate,-0.15963668466876796,0.75,False,novel candidate,0.8173986922613524,35
2,JWE-035,-0.18446844586571756,0.5,False,novel candidate,0.8161821868951423,36
63,palomid-529,-0.13283337687810962,1.0,False,novel candidate,0.8147419752688411,37
3,lomitapide,-0.18128270317530987,0.5,False,novel candidate,0.8099236029707274,38
4,IKK-2-inhibitor-V,-0.18073471820910156,0.5,False,novel candidate,0.8088470534079961,39
66,amitriptyline,-0.12953543608672452,1.0,False,novel candidate,0.8082629713986341,40
67,sitagliptin,-0.12903324818771525,1.0,False,novel candidate,0.8072763929404182,41
68,taselisib,-0.12876805747937872,1.0,False,novel candidate,0.8067554097771837,42
69,azacitidine,-0.12850997407884465,1.0,False,novel candidate,0.806248389349387,43
71,osimertinib,-0.1268120318009825,1.0,False,novel candidate,0.8029126791940095,44
74,PCI-24781,-0.1258323145074886,1.0,False,novel candidate,0.8009879653990145,45
75,R-547,-0.12560944988037873,1.0,False,novel candidate,0.8005501343787157,46
76,PF-03758309,-0.12293211443188333,1.0,False,novel candidate,0.7952903471872791,47
77,GSK-2334470,-0.12211354895214421,1.0,False,novel candidate,0.7936822258634816,48
79,tioguanine,-0.12123075995245117,1.0,False,novel candidate,0.7919479335558307,49
80,PLX-4720,-0.12099904296591787,1.0,False,novel candidate,0.7914927115407893,50
85,dacomitinib,-0.11756341605674056,1.0,False,novel candidate,0.7847432149763592,51
38,volasertib,-0.14248460031221402,0.75,False,novel candidate,0.7837023866094984,52
87,anagrelide,-0.1169046650166202,1.0,False,novel candidate,0.7834490587714961,53
12,cilengitide,-0.16737116500961083,0.5,False,novel candidate,0.7825935460298806,54
91,CYT387,-0.11529575417827914,1.0,False,novel candidate,0.7802882562562842,55
93,floxuridine,-0.11472217689624863,1.0,False,novel candidate,0.7791614290434229,56
94,altrenogest,-0.11446460051334441,1.0,False,novel candidate,0.7786554046823823,57
95,erteberel,-0.11434127258396493,1.0,False,novel candidate,0.7784131195164867,58
49,BGT-226,-0.1394325776571376,0.75,False,novel candidate,0.7777065037707727,59
50,clofazimine,-0.13940233606080998,0.75,False,novel candidate,0.7776470923282872,60
98,sunitinib,-0.113897037817915,1.0,False,novel candidate,0.7775403934881613,61
99,sertindole,-0.11370284077236238,1.0,False,novel candidate,0.7771588816632659,62
51,CEP-37440,-0.13913195882111026,0.75,False,novel candidate,0.7771159199109392,63
52,perhexiline,-0.13893716778206425,0.75,False,novel candidate,0.7767332411499508,64
101,clonidine,-0.1131111823103599,1.0,False,novel candidate,0.7759965328803016,65
55,NVP-BEZ235,-0.1382638011405102,0.75,False,novel candidate,0.7754103717133335,66
103,voxtalisib,-0.1127846413054751,1.0,False,novel candidate,0.7753550233541281,67
57,hexachlorophene,-0.13752263723417524,0.75,False,novel candidate,0.7739543104553067,68
109,dacinostat,-0.11057188923664088,1.0,False,novel candidate,0.77100793827145,69
313,naproxen,-0.0693343596277595,1.0,True,known hit (validation evidence),0.7699943207342155,70
111,tanaproget,-0.11001107969143394,1.0,False,novel candidate,0.7699061940487107,71
58,dequalinium,-0.1350480489689176,0.75,False,novel candidate,0.7690928323506498,72
113,podophyllotoxin,-0.1088129316739826,1.0,False,novel candidate,0.7675523599039541,73
114,resminostat,-0.10865318738961269,1.0,False,novel candidate,0.7672385326092436,74
116,OSI-027,-0.10847030889437029,1.0,False,novel candidate,0.7668792567600383,75
118,KX2-391,-0.10800183796281874,1.0,False,novel candidate,0.7659589173207948,76
62,TG-101348,-0.1329187641929118,0.75,False,novel candidate,0.7649097238059023,77
123,istaroxime,-0.1064568749239821,1.0,False,novel candidate,0.7629237441199608,78
126,aminoglutethimide,-0.10570894735006302,1.0,False,novel candidate,0.7614543952284603,79
345,mycophenolate-mofetil,-0.06486672006560328,1.0,True,known hit (validation evidence),0.7612173729826026,80
128,mebendazole,-0.10550349158115917,1.0,False,novel candidate,0.7610507649615489,81
22,I-BET-151,-0.15577632925690096,0.5,False,novel candidate,0.7598147909010867,82
132,mocetinostat,-0.10380635367080539,1.0,False,novel candidate,0.757716635034723,83
133,pitavastatin,-0.10378481580592394,1.0,False,novel candidate,0.7576743225983422,84
134,pimavanserin,-0.10337206078350711,1.0,False,novel candidate,0.7568634404276642,85
135,ingenol-mebutate,-0.10266966897838839,1.0,False,novel candidate,0.755483549304193,86
137,meglitinide,-0.10258213286443058,1.0,False,novel candidate,0.7553115793214095,87
138,PF-03814735,-0.10234355797931599,1.0,False,novel candidate,0.7548428845504089,88
376,IPI-145,-0.06149309011056044,1.0,True,known hit (validation evidence),0.7545896731789961,89
70,carfilzomib,-0.1274081930139162,0.75,False,novel candidate,0.7540838739031307,90
142,danusertib,-0.10108236910470855,1.0,False,novel candidate,0.7523652028342943,91
106,atorvastatin,-0.11115381480219884,0.5,True,known hit (validation evidence),0.7521511661915119,92
24,WYE-125132,-0.150867375208154,0.5,False,novel candidate,0.7501708541865221,93
143,NMS-1286937,-0.09994952757925821,1.0,False,novel candidate,0.7501396672373858,94
144,N6022,-0.09953369996850513,1.0,False,novel candidate,0.7493227487813464,95
147,SB-939,-0.09928820999200316,1.0,False,novel candidate,0.7488404688956649,96
26,I-BET-762,-0.14982016257049716,0.5,False,novel candidate,0.7481135417114066,97
150,MK-2206,-0.0982496322729277,1.0,False,novel candidate,0.7468001202396254,98
27,JQ1-(+),-0.14904785590678435,0.5,False,novel candidate,0.7465962986255839,99
434,escitalopram,-0.056312468049664825,1.0,True,known hit (validation evidence),0.7444120282466486,100
153,PHA-793887,-0.09689206422197295,1.0,False,novel candidate,0.7441330958105691,101
155,STA-5326,-0.09656443322593461,1.0,False,novel candidate,0.7434894449309423,102
443,metformin,-0.05569137224318061,1.0,True,known hit (validation evidence),0.7431918480225246,103
157,gestrinone,-0.09629671476470231,1.0,False,novel candidate,0.7429634958444756,104
160,pralatrexate,-0.09602584799253168,1.0,False,novel candidate,0.7424313617110224,105
161,protriptyline,-0.09564180382745523,1.0,False,novel candidate,0.7416768837536375,106
162,fluorouracil,-0.09497669003317856,1.0,False,novel candidate,0.7403702275339432,107
165,rigosertib,-0.09482585375328803,1.0,False,novel candidate,0.7400739005520486,108
166,norethisterone,-0.09477243177851974,1.0,False,novel candidate,0.7399689498560925,109
167,chloroxine,-0.09467585860899115,1.0,False,novel candidate,0.7397792260318297,110
168,entinostat,-0.0946562068952123,1.0,False,novel candidate,0.7397406190532078,111
169,danazol,-0.09455728746820734,1.0,False,novel candidate,0.7395462858644258,112
467,azathioprine,-0.053818128818941185,1.0,True,known hit (validation evidence),0.739511748177436,113
468,ursodiol,-0.053807021357544484,1.0,True,known hit (validation evidence),0.7394899268986657,114
82,tioconazole,-0.11982967543291552,0.75,False,novel candidate,0.7391954183959858,115
170,HMN-214,-0.0940201728436128,1.0,False,novel candidate,0.7384910917443304,116
172,clonazepam,-0.09391319606791544,1.0,False,novel candidate,0.738280929407403,117
173,clofarabine,-0.09383596417273646,1.0,False,novel candidate,0.7381292026847538,118
31,dolastatin-10,-0.14471352668779433,0.5,False,novel candidate,0.7380812470946576,119
174,PI-103,-0.09340798635718993,1.0,False,novel candidate,0.7372884144175623,120
175,BIX-01294,-0.09308023732826756,1.0,False,novel candidate,0.736644531655206,121
177,JNJ-26481585,-0.09270443210273077,1.0,False,novel candidate,0.7359062395921535,122
178,nortriptyline,-0.09262110991301073,1.0,False,novel candidate,0.7357425481180432,123
179,GSK-1292263,-0.09250221463307132,1.0,False,novel candidate,0.735508971159691,124
180,exemestane,-0.09247924965169381,1.0,False,novel candidate,0.7354638550667604,125
501,piroxicam,-0.0511060712280199,1.0,True,known hit (validation evidence),0.7341837472400927,126
36,torin-1,-0.14264986453693768,0.5,False,novel candidate,0.7340270581604215,127
182,amsacrine,-0.09171575080949641,1.0,False,novel candidate,0.7339639154782701,128
183,etravirine,-0.09168180261479834,1.0,False,novel candidate,0.7338972221994188,129
507,diclofenac,-0.050846806760686196,1.0,True,known hit (validation evidence),0.7336744065352352,130
517,ketoprofen,-0.05019484572729031,1.0,True,known hit (validation evidence),0.7323935897086777,131
188,cyclizine,-0.09087447939659545,1.0,False,novel candidate,0.7323111869774074,132
189,nicardipine,-0.09052482633132888,1.0,False,novel candidate,0.7316242724127161,133
41,combretastatin-A-4,-0.14094962286353438,0.5,False,novel candidate,0.7306868307036268,134
191,teroxirone,-0.09004265819649229,1.0,False,novel candidate,0.73067702399035,135
42,DPI-201106,-0.14080199216651382,0.5,False,novel candidate,0.7303968012828878,136
43,netupitant,-0.14040785413913262,0.5,False,novel candidate,0.7296224933233667,137
194,nemonapride,-0.08948041927827183,1.0,False,novel candidate,0.7295724716779959,138
195,famciclovir,-0.0894287105794982,1.0,False,novel candidate,0.7294708868162079,139
196,testosterone,-0.08928874347903674,1.0,False,novel candidate,0.729195912993767,140
46,thiomersal,-0.1400833626380574,0.5,False,novel candidate,0.7289850101712108,141
199,anecortave-acetate,-0.08901118522164334,1.0,False,novel candidate,0.7286506330334481,142
48,simeprevir,-0.13968621355881855,0.5,False,novel candidate,0.7282047868184571,143
203,primaquine,-0.08866842895838342,1.0,False,novel candidate,0.7279772676528448,144
204,curcumin,-0.08857415838916595,1.0,False,novel candidate,0.7277920674259631,145
205,sulforaphane,-0.08835152433670952,1.0,False,novel candidate,0.727354689383497,146
206,AZD-8055,-0.08813577334438734,1.0,False,novel candidate,0.7269308335283805,147
207,colchicine,-0.08769501011440141,1.0,False,novel candidate,0.7260649275423229,148
53,JTC-801,-0.13842975939041358,0.5,False,novel candidate,0.7257364067186389,149
208,vorinostat,-0.08750489094572149,1.0,False,novel candidate,0.7256914269528353,150
210,AZD-1981,-0.08690121997052733,1.0,False,novel candidate,0.7245054788621869,151
211,mercaptopurine,-0.08686714431661444,1.0,False,novel candidate,0.7244385351820098,152
212,thiothixene,-0.08682086600832947,1.0,False,novel candidate,0.7243476186503158,153
215,artesunate,-0.08647267454221626,1.0,False,novel candidate,0.7236635754854374,154
78,digoxin,-0.12188384175266662,0.25,True,known hit (validation evidence),0.7232309521964961,155
216,apocynin,-0.08622165297266975,1.0,False,novel candidate,0.7231704284511287,156
570,spironolactone,-0.045055558636832936,1.0,True,known hit (validation evidence),0.7222971498222621,157
576,imatinib,-0.04470337891704966,1.0,True,known hit (validation evidence),0.7216052714921706,158
107,PRX-08066,-0.11078708609653841,0.75,False,novel candidate,0.7214307054999506,159
59,manumycin-a,-0.13498972364491188,0.5,False,novel candidate,0.7189782487289695,160
221,belinostat,-0.08385220828103736,1.0,False,novel candidate,0.7185155112472087,161
222,fomocaine,-0.08379882174342217,1.0,False,novel candidate,0.7184106301696803,162
597,apremilast,-0.04299231441182912,1.0,True,known hit (validation evidence),0.7182437819286052,163
223,LY-2603618,-0.08366374483333709,1.0,False,novel candidate,0.7181452634215861,164
225,GDC-0068,-0.08357262164929767,1.0,False,novel candidate,0.7179662464229792,165
226,prazosin,-0.08347868300720945,1.0,False,novel candidate,0.7177816982869905,166
115,BI-2536,-0.10858097793193443,0.75,False,novel candidate,0.7170966727684044,167
231,linsitinib,-0.08306314942022644,1.0,False,novel candidate,0.7169653574584053,168
232,disulfiram,-0.08296685570600443,1.0,False,novel candidate,0.7167761826409705,169
233,GSK-1059615,-0.08276582194928331,1.0,False,novel candidate,0.7163812396840682,170
119,econazole,-0.10754347991480662,0.75,False,novel candidate,0.7150584452520516,171
238,EMD-1214063,-0.08194053336850793,1.0,False,novel candidate,0.7147599104222304,172
120,olmesartan-medoxomil,-0.10716617974429239,0.75,False,novel candidate,0.7143172162793007,173
122,romidepsin,-0.10653968576524189,0.75,False,novel candidate,0.713086431019137,174
240,piperidolate,-0.0804474254566838,1.0,False,novel candidate,0.7118266097503035,175
125,ivacaftor,-0.10589744987538162,0.75,False,novel candidate,0.7118247198244242,176
241,estrone,-0.08031463141107797,1.0,False,novel candidate,0.7115657278273568,177
242,ethinyl-estradiol,-0.08025042212495143,1.0,False,novel candidate,0.7114395848067169,178
634,rosiglitazone,-0.039526258003715446,1.0,True,known hit (validation evidence),0.711434504775666,179
243,SB-705498,-0.08022927006375268,1.0,False,novel candidate,0.7113980303049722,180
127,GDC-0980,-0.10558893551477745,0.75,False,novel candidate,0.7112186247296942,181
246,dapsone,-0.08010244786714038,1.0,False,novel candidate,0.7111488804400548,182
64,GSK-1070916,-0.13066056195127873,0.5,False,novel candidate,0.7104733491137097,183
248,norethindrone,-0.07971347345424507,1.0,False,novel candidate,0.7103847167130578,184
65,PSI-7976,-0.13017341765304008,0.5,False,novel candidate,0.7095163247177951,185
250,BIIB-021,-0.07922707909777987,1.0,False,novel candidate,0.7094291656230514,186
251,amlodipine,-0.07922250546928176,1.0,False,novel candidate,0.7094201804536336,187
655,etodolac,-0.0380511718067922,1.0,True,known hit (validation evidence),0.7085366088511182,188
255,zolpidem,-0.07856425116855975,1.0,False,novel candidate,0.70812700012332,189
256,amonafide,-0.07836668989426775,1.0,False,novel candidate,0.7077388790678769,190
257,oxiperomide,-0.0780017820998588,1.0,False,novel candidate,0.7070219956664466,191
260,entecavir,-0.07780676287986474,1.0,False,novel candidate,0.7066388686302042,192
261,ritodrine,-0.07779859774473674,1.0,False,novel candidate,0.706622827729096,193
263,tivantinib,-0.07770648160728763,1.0,False,novel candidate,0.7064418600135445,194
673,chloroquine,-0.03657858944830545,1.0,True,known hit (validation evidence),0.7056436318684032,195
266,clofibric-acid,-0.07673405788708916,1.0,False,novel candidate,0.7045314748837977,196
72,QL-XII-47,-0.1267323116709168,0.5,False,novel candidate,0.7027560641836436,197
269,oxybenzone,-0.0758240758805414,1.0,False,novel candidate,0.7027437602718064,198
270,fingolimod,-0.07555945148742955,1.0,False,novel candidate,0.7022238896690346,199
272,papaverine,-0.07551419977532038,1.0,False,novel candidate,0.7021349899475312,200
273,theophylline,-0.07535943650468528,1.0,False,novel candidate,0.7018309481551407,201
274,KD-025,-0.07527790854897148,1.0,False,novel candidate,0.7016707815621018,202
73,bardoxolone-methyl,-0.1259198228386337,0.5,False,novel candidate,0.7011598808007844,203
277,bavisant,-0.07443699500620549,1.0,False,novel candidate,0.7000187561187337,204
720,paracetamol,-0.03364294740390415,1.0,True,known hit (validation evidence),0.6998763857683816,205
278,triamterene,-0.07427465432268537,1.0,False,novel candidate,0.6996998280410779,206
280,LY-2874455,-0.07400073832516933,1.0,False,novel candidate,0.6991617035202697,207
145,metixene,-0.09943002355545545,0.75,False,novel candidate,0.6991190702061721,208
146,GSK-2126458,-0.09936422910997994,0.75,False,novel candidate,0.6989898130442523,209
283,sildenafil,-0.07356056287755372,1.0,False,novel candidate,0.6982969522681789,210
285,enzalutamide,-0.07340153646511804,1.0,False,novel candidate,0.6979845352762404,211
148,rociletinib,-0.09878600953411897,0.75,False,novel candidate,0.6978538657647807,212
227,paclitaxel,-0.08345020983775182,0.5,True,known hit (validation evidence),0.6977257610258987,213
291,timonacic,-0.0726887222084229,1.0,False,novel candidate,0.6965841686171631,214
292,meisoindigo,-0.07231381355630342,1.0,False,novel candidate,0.6958476379267391,215
743,ramipril,-0.03146904474456657,1.0,True,known hit (validation evidence),0.6956056226970452,216
294,oxandrolone,-0.07195741273171978,1.0,False,novel candidate,0.6951474669813255,217
297,propafenone,-0.07101436081938789,1.0,False,novel candidate,0.6932947845421,218
298,metergoline,-0.07099748455534997,1.0,False,novel candidate,0.6932616301021229,219
302,phenylephrine,-0.0702104700662926,1.0,False,novel candidate,0.691715492605103,220
303,tosedostat,-0.07015859192560527,1.0,False,novel candidate,0.6916135748644419,221
306,aminosalicylic-acid,-0.07011020384164812,1.0,False,novel candidate,0.6915185135510158,222
307,mycophenolic-acid,-0.06998748040376244,1.0,False,novel candidate,0.6912774159451693,223
772,dimethyl-fumarate,-0.0291741318781861,1.0,True,known hit (validation evidence),0.6910971277653268,224
81,darapladib,-0.12075889982364825,0.5,False,novel candidate,0.6910209358338897,225
163,estramustine,-0.0949759479558797,0.75,False,novel candidate,0.6903687696782704,226
309,basimglurant,-0.06951936939643981,1.0,False,novel candidate,0.6903577835988118,227
164,homoharringtonine,-0.09492860857029971,0.75,False,novel candidate,0.6902757685961446,228
249,cyclosporin-a,-0.07962073736621479,0.5,True,known hit (validation evidence),0.6902025310671465,229
310,bretazenil,-0.06934359182860081,1.0,False,novel candidate,0.6900124579503649,230
311,temazepam,-0.06933846278851183,1.0,False,novel candidate,0.6900023816413318,231
312,proglumide,-0.06933737360397157,1.0,False,novel candidate,0.690000241872519,232
318,AT-9283,-0.06896194604734145,1.0,False,novel candidate,0.6892626917628437,233
319,ACY-1215,-0.06891757180609936,1.0,False,novel candidate,0.6891755158858552,234
320,CHIR-99021,-0.06884635718948214,1.0,False,novel candidate,0.6890356104703658,235
321,sotrastaurin,-0.06884263245071688,1.0,False,novel candidate,0.6890282929960986,236
322,ozagrel,-0.06878302955246958,1.0,False,novel candidate,0.6889111995026591,237
323,nesbuvir,-0.0687473172261107,1.0,False,novel candidate,0.6888410404806119,238
171,irinotecan,-0.09401729512746632,0.75,False,novel candidate,0.6884854382971554,239
324,finasteride,-0.06853189323432182,1.0,False,novel candidate,0.6884178270377929,240
326,asenapine,-0.06830198142405249,1.0,False,novel candidate,0.687966151400549,241
83,cepharanthine,-0.11918734187467878,0.5,False,novel candidate,0.6879335153258486,242
327,NVP-AEW541,-0.06806192590565562,1.0,False,novel candidate,0.6874945478360397,243
328,zaleplon,-0.06801092335477864,1.0,False,novel candidate,0.6873943502444438,244
84,CGK-733,-0.11877930438071806,0.5,False,novel candidate,0.6871319010247467,245
331,mepazine,-0.06761745202496024,1.0,False,novel candidate,0.6866213520525514,246
332,risperidone,-0.0674003786011737,1.0,False,novel candidate,0.6861948982009524,247
333,pyrimethamine,-0.06737116366883862,1.0,False,novel candidate,0.6861375037018875,248
799,diacerein,-0.02659679774731651,1.0,True,known hit (validation evidence),0.6860337992021396,249
800,rebamipide,-0.02658712764403486,1.0,True,known hit (validation evidence),0.6860148017001981,250
334,sarcosine,-0.06719982243924379,1.0,False,novel candidate,0.6858008935078626,251
814,PH-797804,-0.025697785496914056,1.0,True,known hit (validation evidence),0.6842676353386352,252
338,AZD-4547,-0.06630999894043207,1.0,False,novel candidate,0.6840527815018308,253
86,GSK-461364,-0.11711204811911986,0.5,False,novel candidate,0.6838564754016613,254
184,gallopamil,-0.09150610601579798,0.75,False,novel candidate,0.6835520556191456,255
185,celastrol,-0.09127361439075275,0.75,False,novel candidate,0.6830953117799617,256
829,omeprazole,-0.024850606814856385,1.0,True,known hit (validation evidence),0.6826033016507332,257
39,venetoclax,-0.14188959800973408,0.25,False,novel candidate,0.6825334686499583,258
343,2-methoxyestradiol,-0.06527285416652152,1.0,False,novel candidate,0.6820152479531133,259
833,MK-0812,-0.02453938591120073,1.0,True,known hit (validation evidence),0.6819918893887116,260
835,ibuprofen,-0.024342507431155617,1.0,True,known hit (validation evidence),0.6816051097238054,261
88,ivermectin,-0.11591127647502596,0.5,False,novel candidate,0.6814974869839063,262
89,idasanutlin,-0.11584319153373202,0.5,False,novel candidate,0.6813637300046123,263
190,triclosan,-0.09038005018671821,0.75,False,novel candidate,0.6813398509325924,264
346,camptothecin,-0.06483990484231146,1.0,False,novel candidate,0.6811646928568883,265
90,AZ-20,-0.11554441422285684,0.5,False,novel candidate,0.6807767639321628,266
347,pritelivir,-0.06461514486896651,1.0,False,novel candidate,0.6807231383144378,267
348,thioguanine,-0.06460923255380732,1.0,False,novel candidate,0.6807115232142217,268
349,honokiol,-0.06454304216082778,1.0,False,novel candidate,0.6805814881895162,269
350,tacedinaline,-0.06451100609604864,1.0,False,novel candidate,0.6805185514053773,270
351,talazoparib,-0.06424712954939457,1.0,False,novel candidate,0.6800001499921395,271
193,gliquidone,-0.08968849249548581,0.75,False,novel candidate,0.6799812440801983,272
92,torin-2,-0.11496716866789962,0.5,False,novel candidate,0.6796427301755844,273
354,dapivirine,-0.06394442188948987,1.0,False,novel candidate,0.6794054625116405,274
858,leflunomide,-0.023163726900136905,1.0,True,known hit (validation evidence),0.6792893241758824,275
197,adarotene,-0.08922428888546846,0.75,False,novel candidate,0.6790692880518417,276
356,roscovitine,-0.06376844558713855,1.0,False,novel candidate,0.6790597464372412,277
47,okadaic acid,-0.13976107835486268,0.25,False,novel candidate,0.6783518632318905,278
202,paricalcitol,-0.0888303786380432,0.75,False,novel candidate,0.6782954275798015,279
96,SYK-inhibitor,-0.11425573616354856,0.5,False,novel candidate,0.6782450780524407,280
357,chlorpromazine,-0.06334451589952995,1.0,False,novel candidate,0.6782269109618784,281
358,CGP-12177,-0.06320144298656835,1.0,False,novel candidate,0.6779458355831992,282
97,smer-3,-0.1139172497470351,0.5,False,novel candidate,0.6775801010436564,283
360,sulmazole,-0.06296752792391447,1.0,False,novel candidate,0.6774862953148617,284
361,acivicin,-0.06292639498992582,1.0,False,novel candidate,0.6774054871817377,285
289,AVL-292,-0.07300662650894542,0.5,True,known hit (validation evidence),0.6772087108159863,286
100,dabrafenib,-0.11342919712324756,0.5,False,novel candidate,0.6766212921873408,287
102,ASC-J9,-0.11306900099387318,0.5,False,novel candidate,0.675913665136441,288
368,taltirelin,-0.062166827804344064,1.0,False,novel candidate,0.6759132715701289,289
371,chelerythrine,-0.06215116864520067,1.0,False,novel candidate,0.6758825082062264,290
884,methylprednisolone,-0.021162047294475086,1.0,True,known hit (validation evidence),0.6753569036952374,291
377,etofenamate,-0.0614717208738709,1.0,False,novel candidate,0.674547692022883,292
893,etoricoxib,-0.020731032155397722,1.0,True,known hit (validation evidence),0.6745101484225247,293
378,safinamide,-0.06133787277573145,1.0,False,novel candidate,0.6742847393500725,294
379,KW-2449,-0.06131342917701429,1.0,False,novel candidate,0.6742367184240742,295
213,triflupromazine,-0.08667405703532098,0.75,False,novel candidate,0.6740592035560279,296
104,AT7867,-0.11190294263189961,0.5,False,novel candidate,0.6736228730579874,297
380,lobenzarit,-0.060933889059371416,1.0,False,novel candidate,0.6734910889399032,298
381,MK-2461,-0.06092065819914875,1.0,False,novel candidate,0.6734650961158922,299
383,diethylcarbamazine,-0.06085401994200047,1.0,False,novel candidate,0.6733341812349777,300
384,trilostane,-0.06067307642250519,1.0,False,novel candidate,0.6729787067624943,301
105,verteporfin,-0.11156592354020413,0.5,False,novel candidate,0.6729607786974299,302
385,staurosporine,-0.060610234423783445,1.0,False,novel candidate,0.672855249860541,303
387,SN-38,-0.06033268009811663,1.0,False,novel candidate,0.6723099776243368,304
388,genistein,-0.06020892618693036,1.0,False,novel candidate,0.6720668555914538,305
390,albendazole,-0.0601206818302562,1.0,False,novel candidate,0.6718934942230784,306
393,indapamide,-0.06000866028770702,1.0,False,novel candidate,0.6716734211369821,307
394,droperidol,-0.05978017996638022,1.0,False,novel candidate,0.6712245577462235,308
108,RAF-265,-0.11059196068689955,0.5,False,novel candidate,0.6710473698477374,309
396,PF-477736,-0.05967483096513868,1.0,False,novel candidate,0.6710175932705272,310
398,melperone,-0.05954666851854102,1.0,False,novel candidate,0.6707658104035665,311
218,fluspirilene,-0.08472064165143395,0.75,False,novel candidate,0.6702216010540708,312
403,nisoxetine,-0.05923285948904533,1.0,False,novel candidate,0.6701493136120172,313
404,etacrynic-acid,-0.0590670178608668,1.0,False,novel candidate,0.6698235077171337,314
405,bropirimine,-0.05902726647206071,1.0,False,novel candidate,0.6697454137129619,315
588,masitinib,-0.04370899806832196,0.75,True,known hit (validation evidence),0.6696517502572849,316
406,AZD-5438,-0.0589022781052482,1.0,False,novel candidate,0.6694998665174439,317
407,lurasidone,-0.05878147705722537,1.0,False,novel candidate,0.6692625455625895,318
408,rasagiline,-0.058756853703683436,1.0,False,novel candidate,0.669214171497381,319
409,telbivudine,-0.05870419721278057,1.0,False,novel candidate,0.6691107246407115,320
220,PF-562271,-0.08399482751269842,0.75,False,novel candidate,0.6687956953415721,321
412,trapidil,-0.058376198235410896,1.0,False,novel candidate,0.6684663508395344,322
112,KIN001-127,-0.10921093871556103,0.5,False,novel candidate,0.6683342687755423,323
935,binimetinib,-0.017576336815613103,1.0,True,known hit (validation evidence),0.6683125588935737,324
949,valdecoxib,-0.01710677066415979,1.0,True,known hit (validation evidence),0.667390067828685,325
117,azithromycin,-0.1084251377638303,0.5,False,novel candidate,0.6667905153458945,326
423,darifenacin,-0.057438837035832246,1.0,False,novel candidate,0.6666248481492143,327
424,trimebutine,-0.05738940542457224,1.0,False,novel candidate,0.666527736763376,328
428,tadalafil,-0.05729780730226887,1.0,False,novel candidate,0.6663477867198647,329
430,temozolomide,-0.05707664523588555,1.0,False,novel candidate,0.6659133004829426,330
432,andrographolide,-0.05643910418717952,1.0,False,novel candidate,0.6646608125872314,331
435,rimcazole,-0.0562319234961512,1.0,False,novel candidate,0.6642537936066266,332
439,ciglitazone,-0.055894175770081926,1.0,False,novel candidate,0.6635902677998345,333
442,tenidap,-0.055828070603115336,1.0,False,novel candidate,0.6634604002067789,334
121,AMG-232,-0.10671289356148034,0.5,False,novel candidate,0.6634267081960683,335
444,dovitinib,-0.05552277959294216,1.0,False,novel candidate,0.6628606375786509,336
977,filgotinib,-0.014549760928012617,1.0,True,known hit (validation evidence),0.6623666677664612,337
445,arbutin,-0.055170625819165396,1.0,False,novel candidate,0.6621688102210563,338
446,ZSTK-474,-0.05510600574047483,1.0,False,novel candidate,0.6620418601736137,339
447,oxatomide,-0.055061635026743945,1.0,False,novel candidate,0.6619546912266341,340
124,LDN-193189,-0.10596146213769705,0.5,False,novel candidate,0.6619504757798876,341
448,indole-3-carbinol,-0.055045167951136356,1.0,False,novel candidate,0.6619223406620419,342
450,pterostilbene,-0.054788529478847874,1.0,False,novel candidate,0.6614181588830529,343
244,PF-04136309,-0.08018099448074568,0.75,False,novel candidate,0.6613031900064575,344
245,miconazole,-0.08011776050767261,0.75,False,novel candidate,0.661178963047217,345
451,pregnenolone,-0.054636375004536865,1.0,False,novel candidate,0.6611192422286043,346
452,aminoguanidine,-0.054512863601328496,1.0,False,novel candidate,0.6608765966172908,347
129,XMD-892,-0.10539334193042679,0.5,False,novel candidate,0.6608343693199834,348
454,metoclopramide,-0.054421443622545085,1.0,False,novel candidate,0.6606969965474837,349
456,sodium-gualenate,-0.05430708757965004,1.0,False,novel candidate,0.6604723371944614,350
457,deferasirox,-0.05419681350616726,1.0,False,novel candidate,0.6602556971168879,351
458,imexon,-0.05411890798896005,1.0,False,novel candidate,0.6601026470230796,352
130,SB-590885,-0.10499209190364207,0.5,False,novel candidate,0.6600460894080912,353
461,idalopirdine,-0.05404180177972692,1.0,False,novel candidate,0.6599511672180621,354
463,dinoprost,-0.05393773482331531,1.0,False,novel candidate,0.6597467213968657,355
464,pranlukast,-0.053900855100074994,1.0,False,novel candidate,0.6596742689531377,356
465,fluoxetine,-0.05385735739488344,1.0,False,novel candidate,0.6595888150841607,357
466,ipratropium,-0.053838549332456846,1.0,False,novel candidate,0.6595518655095741,358
1000,caffeine,-0.012970944687943058,1.0,True,known hit (validation evidence),0.6592649879071755,359
1001,famotidine,-0.012940421331918781,1.0,True,known hit (validation evidence),0.6592050229307485,360
471,ataluren,-0.053534933920519064,1.0,False,novel candidate,0.6589553946953807,361
472,eflornithine,-0.05325290922584539,1.0,False,novel candidate,0.6584013401492658,362
254,bazedoxifene,-0.07866184212441464,0.75,False,novel candidate,0.658318723450292,363
1009,oxaprozin,-0.012426626535263273,1.0,True,known hit (validation evidence),0.6581956420210855,364
475,chlorpropamide,-0.05308737497552998,1.0,False,novel candidate,0.6580761381167591,365
476,mizolastine,-0.052827980368525033,1.0,False,novel candidate,0.6575665417446575,366
481,tetrabenazine,-0.05256514567013599,1.0,False,novel candidate,0.6570501871052606,367
259,XL-147,-0.07790181962648782,0.75,False,novel candidate,0.6568256133500817,368
262,adapalene,-0.07778229417879594,0.75,False,novel candidate,0.6565907983891198,369
483,2-iminobiotin,-0.052317034394426205,1.0,False,novel candidate,0.6565627575189671,370
484,rilpivirine,-0.05219891150555843,1.0,False,novel candidate,0.6563306979695254,371
264,galeterone,-0.07759654832800225,0.75,False,novel candidate,0.6562258894467546,372
486,lidocaine,-0.05210631301554417,1.0,False,novel candidate,0.656148782643227,373
487,VE-821,-0.05200574064947286,1.0,False,novel candidate,0.6559512021558167,374
490,cariprazine,-0.051693489349479656,1.0,False,novel candidate,0.6553377656179571,375
136,NVP-TAE226,-0.1025916746086125,0.5,False,novel candidate,0.6553303246541471,376
496,malotilate,-0.051314957014689966,1.0,False,novel candidate,0.6545941159840682,377
683,rupatadine,-0.03603752363405285,0.75,True,known hit (validation evidence),0.6545806753975847,378
498,clinafloxacin,-0.05118692234323032,1.0,False,novel candidate,0.6543425841390834,379
499,adenosine,-0.05115971922768746,1.0,False,novel candidate,0.6542891419756146,380
500,trifluridine,-0.05111719223320766,1.0,False,novel candidate,0.6542055951264586,381
505,fenoterol,-0.050989212484106275,1.0,False,novel candidate,0.6539541711797637,382
506,troglitazone,-0.05093179156413485,1.0,False,novel candidate,0.6538413643144321,383
139,XMD-1150,-0.10171698013378849,0.5,False,novel candidate,0.6536119345294858,384
508,molindone,-0.050780274475767585,1.0,False,novel candidate,0.6535436998431662,385
509,GDC-0879,-0.05063997515051723,1.0,False,novel candidate,0.6532680733450619,386
140,GW-5074,-0.10149507226067193,0.5,False,novel candidate,0.653175983110192,387
513,oxfendazole,-0.05046211477993186,1.0,False,novel candidate,0.6529186559048249,388
141,JW-7-24-1,-0.10126521229342088,0.5,False,novel candidate,0.6527244093216887,389
514,levonorgestrel,-0.050350208279340315,1.0,False,novel candidate,0.6526988088256026,390
515,zaldaride,-0.050284483707548684,1.0,False,novel candidate,0.6525696889347551,391
516,racecadotril,-0.05022301572341772,1.0,False,novel candidate,0.6524489313674516,392
518,dienogest,-0.05004706561033866,1.0,False,novel candidate,0.6521032667434595,393
519,L-citrulline,-0.04999522992951023,1.0,False,novel candidate,0.6520014324177555,394
521,linifanib,-0.049306603441767176,1.0,False,novel candidate,0.6506485840916518,395
522,riluzole,-0.049185542263041185,1.0,False,novel candidate,0.65041075209432,396
523,talinolol,-0.04910096202675522,1.0,False,novel candidate,0.6502445891117488,397
525,amuvatinib,-0.049036201553776054,1.0,False,novel candidate,0.6501173632512468,398
526,prochlorperazine,-0.04902328072807968,1.0,False,novel candidate,0.6500919795087879,399
1059,S-ruxolitinib,-0.008290885883484525,1.0,True,known hit (validation evidence),0.6500707297245876,400
527,fluvoxamine,-0.04892854449531749,1.0,False,novel candidate,0.6499058644577481,401
529,cyproheptadine,-0.04886851936133702,1.0,False,novel candidate,0.649787941456709,402
530,ambrisentan,-0.04885325758600901,1.0,False,novel candidate,0.6497579587773127,403
532,procaine,-0.04876693578704876,1.0,False,novel candidate,0.6495883743896828,404
281,MK-1775,-0.0739480896896664,0.75,False,novel candidate,0.6490582720960077,405
282,salermide,-0.07394750988553347,0.75,False,novel candidate,0.6490571330357703,406
534,abacavir,-0.048277106212092136,1.0,False,novel candidate,0.6486260746054732,407
535,cladribine,-0.04814520868698243,1.0,False,novel candidate,0.6483669539511884,408
284,BX-795,-0.07354587974953081,0.75,False,novel candidate,0.6482681063763619,409
538,itopride,-0.04804349789969388,1.0,False,novel candidate,0.6481671369665397,410
539,benzydamine,-0.04792461590990721,1.0,False,novel candidate,0.6479335861174954,411
540,amiprilose,-0.04780145801098495,1.0,False,novel candidate,0.6476916349867025,412
541,apafant,-0.04778522556895635,1.0,False,novel candidate,0.6476597453739474,413
542,ambroxol,-0.04776219263395869,1.0,False,novel candidate,0.6476144957820257,414
287,PF-04457845,-0.07319435236484036,0.75,False,novel candidate,0.6475775095979591,415
543,citalopram,-0.04774147037595966,1.0,False,novel candidate,0.6475737856546256,416
149,BAY-87-2243,-0.09861329025864495,0.5,False,novel candidate,0.6475145483163963,417
544,oseltamivir-carboxylate,-0.047586784368358157,1.0,False,novel candidate,0.6472698956501312,418
290,meclizine,-0.07294096360816059,0.75,False,novel candidate,0.6470797120815565,419
547,afatinib,-0.04744487704893105,1.0,False,novel candidate,0.6469911101503486,420
548,nikethamide,-0.04743843926687325,1.0,False,novel candidate,0.6469784627386738,421
552,trovafloxacin,-0.04724744616571459,1.0,False,novel candidate,0.6466032452560488,422
553,canagliflozin,-0.04721782945146424,1.0,False,novel candidate,0.6465450614321452,423
554,tirapazamine,-0.04720133939660686,1.0,False,novel candidate,0.6465126657234289,424
151,XMD-885,-0.09801373695558838,0.5,False,novel candidate,0.646336689641357,425
555,melatonin,-0.04700364419344022,1.0,False,novel candidate,0.6461242815566228,426
293,bexarotene,-0.07211623092111433,0.75,False,novel candidate,0.6454594749065237,427
152,XMD-1499,-0.09753977947200006,0.5,False,novel candidate,0.6454055715392661,428
556,rotigotine,-0.0463233402488009,1.0,False,novel candidate,0.6447877833691026,429
557,pinitol,-0.04602029977580618,1.0,False,novel candidate,0.6441924420571873,430
154,avasimibe,-0.0966327020356923,0.5,False,novel candidate,0.6436235631309384,431
559,ribavirin,-0.045693898707430014,1.0,False,novel candidate,0.6435512074447366,432
562,nandrolone,-0.04546343752970948,1.0,False,novel candidate,0.6430984525419549,433
156,TAS-103,-0.09634794080766035,0.5,False,novel candidate,0.6430641324997629,434
563,AZD-8931,-0.045339862380687906,1.0,False,novel candidate,0.6428556816981411,435
158,5-aminolevulinic-acid,-0.09622284117567914,0.5,False,novel candidate,0.6428183667171009,436
565,GSK-690693,-0.04527114879339726,1.0,False,novel candidate,0.6427206897058183,437
159,nilotinib,-0.0961642888082314,0.5,False,novel candidate,0.6427033370548662,438
1108,rosuvastatin,-0.004397769839859535,1.0,True,known hit (validation evidence),0.6424224681245916,439
567,midodrine,-0.045106892910418084,1.0,False,novel candidate,0.6423979991031531,440
568,ZK-811752,-0.04509281340402901,1.0,False,novel candidate,0.6423703390624926,441
571,phenformin,-0.04504288719340255,1.0,False,novel candidate,0.6422722560063266,442
301,LGX-818,-0.07032007908831793,0.75,False,novel candidate,0.6419308261489213,443
573,methimazole,-0.044853442846966275,1.0,False,novel candidate,0.6419000811458938,444
575,ipriflavone,-0.044745865809205275,1.0,False,novel candidate,0.6416887395578884,445
577,alvimopan,-0.044354329433315784,1.0,False,novel candidate,0.6409195426998547,446
579,pirfenidone,-0.0442800113115581,1.0,False,novel candidate,0.6407735402610746,447
580,ulipristal,-0.04420323039409475,1.0,False,novel candidate,0.6406226995113854,448
582,aspirin,-0.04399705454512718,1.0,False,novel candidate,0.6402176546036983,449
1125,paroxetine,-0.00321100569516367,1.0,True,known hit (validation evidence),0.6400909982854139,450
583,chlormezanone,-0.04392127142110324,1.0,False,novel candidate,0.6400687740794845,451
584,blonanserin,-0.04387270799427826,1.0,False,novel candidate,0.6399733682944044,452
314,defactinib,-0.06932079636804113,0.75,False,novel candidate,0.6399676748913193,453
1127,pioglitazone,-0.0030934409681381662,1.0,True,known hit (validation evidence),0.6398600352786228,454
586,milrinone,-0.04373822110678915,1.0,False,novel candidate,0.6397091606813358,455
589,irbesartan,-0.043631075645425094,1.0,False,novel candidate,0.639498666951228,456
591,naftidrofuryl,-0.04357278942541406,1.0,False,novel candidate,0.6393841601517071,457
592,mitomycin-c,-0.043564602194092715,1.0,False,novel candidate,0.6393680758412926,458
593,estradiol,-0.043500458636455956,1.0,False,novel candidate,0.6392420619482405,459
470,dipyridamole,-0.05361286738907282,0.5,True,known hit (validation evidence),0.6391084997012975,460
596,indiplon,-0.043354365086996756,1.0,False,novel candidate,0.6389550523467246,461
599,ripasudil,-0.042745543893352,1.0,False,novel candidate,0.6377589863408727,462
601,quinidine,-0.042553404236120126,1.0,False,novel candidate,0.6373815163795934,463
329,VX-661,-0.06797638794674692,0.75,False,novel candidate,0.6373265033495327,464
1151,cilostazol,-0.0017739940939574745,1.0,True,known hit (validation evidence),0.6372679022037415,465
602,moracizine,-0.0423914541732562,1.0,False,novel candidate,0.637063355699809,466
604,epitiostanol,-0.042115973770245514,1.0,False,novel candidate,0.6365221578099213,467
605,suvorexant,-0.04210886147232141,1.0,False,novel candidate,0.6365081852710883,468
606,desvenlafaxine,-0.04209149564391204,1.0,False,novel candidate,0.6364740690523352,469
607,WZ-4002,-0.042085979753588,1.0,False,novel candidate,0.6364632327526508,470
176,NVP-TAE684,-0.09274386347215262,0.5,False,novel candidate,0.6359837048989168,471
609,linagliptin,-0.04180726221267071,1.0,False,novel candidate,0.6359156753098323,472
613,PX-12,-0.041615913472475854,1.0,False,novel candidate,0.635539759152841,473
614,indoramin,-0.04145111275629285,1.0,False,novel candidate,0.6352159981924407,474
615,bifemelane,-0.041389656980884176,1.0,False,novel candidate,0.6350952646099096,475
616,capecitabine,-0.04128485924065712,1.0,False,novel candidate,0.6348893831197707,476
1175,sulfasalazine,-0.0005093876329946005,1.0,True,known hit (validation evidence),0.6347835064328198,477
181,pibenzimol,-0.09209975708229184,0.5,False,novel candidate,0.6347183189939805,478
622,vandetanib,-0.04098379739403112,1.0,False,novel candidate,0.6342979289388598,479
623,gemcitabine,-0.04088497607381316,1.0,False,novel candidate,0.6341037884867863,480
624,amiloride,-0.040811781666468025,1.0,False,novel candidate,0.6339599936528386,481
1186,diflunisal,-5.554691933800719e-05,1.0,True,known hit (validation evidence),0.6338919089402513,482
626,efavirenz,-0.04065549067573622,1.0,False,novel candidate,0.6336529505620484,483
1187,moxifloxacin,0.000168858910878817,1.0,True,known hit (validation evidence),0.633451050133365,484
186,dronedarone,-0.09122149987848789,0.5,False,novel candidate,0.6329929296730602,485
340,clotrimazole,-0.06562726716620317,0.75,False,novel candidate,0.6327115136964484,486
187,quizartinib,-0.09097281859109417,0.5,False,novel candidate,0.6325043802643866,487
341,tamoxifen,-0.06551589732180169,0.75,False,novel candidate,0.632492720910724,488
629,mecamylamine,-0.03999682283873475,1.0,False,novel candidate,0.6323589578147374,489
1200,pravastatin,0.0010825213364885106,1.0,True,known hit (validation evidence),0.6316561051158402,490
632,ftorafur,-0.0396299200342242,1.0,False,novel candidate,0.6316381550954698,491
633,pirenoxine,-0.039617199612032326,1.0,False,novel candidate,0.6316131650577994,492
344,sertaconazole,-0.06498345237342767,0.75,False,novel candidate,0.6314467006515977,493
637,CX-516,-0.03913766503763045,1.0,False,novel candidate,0.6306710904239662,494
638,chlorthalidone,-0.039101115631606106,1.0,False,novel candidate,0.6305992869083591,495
639,bucladesine,-0.03903998498687772,1.0,False,novel candidate,0.6304791920646863,496
192,BMS-509744,-0.08993976387774548,0.5,False,novel candidate,0.6304748818866699,497
640,pazopanib,-0.03902231414024715,1.0,False,novel candidate,0.6304444766192155,498
641,methylnaltrexone,-0.039002144413842886,1.0,False,novel candidate,0.6304048519735045,499
642,FPL-55712,-0.03889595925415808,1.0,False,novel candidate,0.630196244814045,500
1210,ciprofloxacin,0.0018861671665477131,1.0,True,known hit (validation evidence),0.6300772943449402,501
644,flecainide,-0.03880136588324586,1.0,False,novel candidate,0.630010410423738,502
352,crizotinib,-0.06418193667509858,0.75,False,novel candidate,0.6298720746531349,503
645,palmitoylethanolamide,-0.038729907828244974,1.0,False,novel candidate,0.6298700267588409,504
647,balicatib,-0.03856671785861405,1.0,False,novel candidate,0.6295494302073261,505
648,haloperidol,-0.03855646047431816,1.0,False,novel candidate,0.6295292789563622,506
650,lamotrigine,-0.03832510562141372,1.0,False,novel candidate,0.6290747683747063,507
198,LY-2801653,-0.08921403776539898,0.5,False,novel candidate,0.629049149107329,508
653,quinine,-0.038055255826788426,1.0,False,novel candidate,0.6285446321550633,509
654,retigabine,-0.03805431881165139,1.0,False,novel candidate,0.6285427913322337,510
656,vortioxetine,-0.038048799283107795,1.0,False,novel candidate,0.6285319478850472,511
200,moxidectin,-0.08889468881464363,0.5,False,novel candidate,0.6284217688058709,512
659,phenytoin,-0.0379828974684363,1.0,False,novel candidate,0.6284024797898571,513
201,docetaxel,-0.08885053148292286,0.5,False,novel candidate,0.6283350190607376,514
662,indoximod,-0.0378477253398288,1.0,False,novel candidate,0.6281369259792248,515
663,orphenadrine,-0.03773589019443579,1.0,False,novel candidate,0.6279172190815997,516
359,ketoconazole,-0.06318576709868118,0.75,False,novel candidate,0.6279150393546692,517
665,thalidomide,-0.037660656720112234,1.0,False,novel candidate,0.6277694183774194,518
363,ticagrelor,-0.06271449800873628,0.75,False,novel candidate,0.6269892027642617,519
667,probenecid,-0.03704872583668589,1.0,False,novel candidate,0.6265672431981757,520
668,serdemetan,-0.0369210383187022,1.0,False,novel candidate,0.6263163933571615,521
669,alectinib,-0.0368200315630081,1.0,False,novel candidate,0.6261179594851015,522
367,epothilone-b,-0.06217692690984294,0.75,False,novel candidate,0.6259331118728365,523
671,merimepodib,-0.03672565147566679,1.0,False,novel candidate,0.6259325441032509,524
675,GSK-J4,-0.03647695768730705,1.0,False,novel candidate,0.6254439701356745,525
676,ivabradine,-0.03637958616845525,1.0,False,novel candidate,0.6252526779059485,526
677,olanzapine,-0.036331886723087556,1.0,False,novel candidate,0.6251589694646231,527
678,GSK-2110183,-0.036287569105732324,1.0,False,novel candidate,0.6250719048286802,528
679,propentofylline,-0.03627290947035066,1.0,False,novel candidate,0.6250431050895758,529
891,folic-acid,-0.020832614071622978,0.75,True,known hit (validation evidence),0.6247097122321861,530
375,dihydroergocristine,-0.06153414892163869,0.75,False,novel candidate,0.6246703356931859,531
209,PHA-665752,-0.08697503104364383,0.5,False,novel candidate,0.6246504851732873,532
682,epinastine,-0.036069265697413144,1.0,False,novel candidate,0.6246430345981795,533
1245,meloxicam,0.004694327898471939,1.0,True,known hit (validation evidence),0.6245604929827608,534
214,NU-7441,-0.0865105820381119,0.5,False,novel candidate,0.6237380470506212,535
685,pentamidine,-0.03559830079987401,1.0,False,novel candidate,0.6237177956121254,536
687,batimastat,-0.03548543282358476,1.0,False,novel candidate,0.6234960596558248,537
688,VT-464,-0.03539840960548592,1.0,False,novel candidate,0.6233250972879335,538
690,imiquimod,-0.03525202894394436,1.0,False,novel candidate,0.6230375236373912,539
692,lisinopril,-0.03507819262691115,1.0,False,novel candidate,0.6226960116933978,540
693,carbimazole,-0.034942232671045174,1.0,False,novel candidate,0.622428910148534,541
694,tagatose,-0.03492593223301521,1.0,False,novel candidate,0.6223968869535276,542
695,felbinac,-0.03485912248094687,1.0,False,novel candidate,0.6222656351604846,543
697,pirenzepine,-0.0348010759154656,1.0,False,novel candidate,0.6221515991767618,544
698,gemifloxacin,-0.03472111202444461,1.0,False,novel candidate,0.6219945052832768,545
699,sulfafurazole,-0.03471147810163417,1.0,False,novel candidate,0.6219755788600562,546
700,solifenacin-succinate,-0.03471084716234738,1.0,False,novel candidate,0.6219743393417205,547
702,buspirone,-0.03465874252089133,1.0,False,novel candidate,0.6218719766266192,548
703,radicicol,-0.03463644547073754,1.0,False,novel candidate,0.6218281727249185,549
392,SAR-245408,-0.060065663225788817,0.75,False,novel candidate,0.6217854068516468,550
704,carisoprodol,-0.0345990610828467,1.0,False,novel candidate,0.6217547288370043,551
706,BMS-345541,-0.03454284158143929,1.0,False,novel candidate,0.6216442822310037,552
707,acebutolol,-0.0344260227151557,1.0,False,novel candidate,0.6214147845126875,553
708,PA-824,-0.03436156474196089,1.0,False,novel candidate,0.621288152931282,554
709,clenbuterol,-0.0343477796815589,1.0,False,novel candidate,0.6212610713475468,555
710,nafamostat,-0.03432162870727091,1.0,False,novel candidate,0.6212096961791193,556
395,mepacrine,-0.059735372668861704,0.75,False,novel candidate,0.6211365311040248,557
711,AGI-5198,-0.03423241621233489,1.0,False,novel candidate,0.6210344328446558,558
712,tiapride,-0.03422136350365203,1.0,False,novel candidate,0.6210127191308984,559
714,tesaglitazar,-0.03417971437494383,1.0,False,novel candidate,0.6209308969020714,560
400,dasatinib,-0.059467092185947715,0.75,False,novel candidate,0.62060947789202,561
715,cabergoline,-0.03397565051517608,1.0,False,novel candidate,0.620530001124725,562
717,AT-7519,-0.03391535052401141,1.0,False,novel candidate,0.620411538150147,563
402,mibefradil,-0.05929548087458497,0.75,False,novel candidate,0.6202723371060499,564
719,CX-4945,-0.03370363862338975,1.0,False,novel candidate,0.6199956173346249,565
721,ranolazine,-0.033628376946330064,1.0,False,novel candidate,0.6198477612244662,566
722,mepyramine,-0.033497224235209476,1.0,False,novel candidate,0.6195901038022473,567
219,AP-26113,-0.08415238229150558,0.5,False,novel candidate,0.6191052212203652,568
724,LY-2811376,-0.033158346530758526,1.0,False,novel candidate,0.6189243580846773,569
725,nimodipine,-0.0331292843990372,1.0,False,novel candidate,0.6188672637716469,570
726,flumazenil,-0.03312105764615359,1.0,False,novel candidate,0.6188511018187364,571
728,omecamtiv-mecarbil,-0.03290645091125498,1.0,False,novel candidate,0.6184294939264381,572
729,levocabastine,-0.03273061874256261,1.0,False,novel candidate,0.618084061011317,573
730,levcromakalim,-0.0327149502498161,1.0,False,novel candidate,0.6180532793109874,574
731,doxofylline,-0.03270550577145544,1.0,False,novel candidate,0.6180347250628303,575
1296,SC-12267,0.00807190435779937,1.0,True,known hit (validation evidence),0.6179250400331306,576
732,inosine,-0.032555303243106286,1.0,False,novel candidate,0.6177396431241153,577
733,ramelteon,-0.03253493161519327,1.0,False,novel candidate,0.6176996218306963,578
416,vanoxerine,-0.0579722549296877,0.75,False,novel candidate,0.6176727798185018,579
229,trehalose,-0.08341660923826089,0.5,False,novel candidate,0.6176597506188253,580
734,semaxanib,-0.032430233691708624,1.0,False,novel candidate,0.6174939364365766,581
419,tolvaptan,-0.0578256199143177,0.75,False,novel candidate,0.6173847064745012,582
230,phorbol-myristate-acetate,-0.0830948563942831,0.5,False,novel candidate,0.6170276477239439,583
421,golvatinib,-0.057612312797088644,0.75,False,novel candidate,0.6169656517596076,584
735,sufentanil,-0.032060096667702244,1.0,False,novel candidate,0.6167667798977725,585
736,acenocoumarol,-0.03205735668985948,1.0,False,novel candidate,0.6167613970458141,586
426,IB-MECA,-0.05731135035799499,0.75,False,novel candidate,0.6163743928707979,587
234,JNK-IN-5A,-0.08273758127920576,0.5,False,novel candidate,0.6163257591820509,588
737,AZD-6482,-0.03180694914010269,1.0,False,novel candidate,0.6162694562904671,589
738,losartan,-0.03173730454670324,1.0,False,novel candidate,0.6161326352804137,590
739,safingol,-0.03170835441577559,1.0,False,novel candidate,0.616075760999707,591
236,PF-431396,-0.08256434417614947,0.5,False,novel candidate,0.615985424430106,592
740,bambuterol,-0.03160590806522465,1.0,False,novel candidate,0.6158744989566036,593
741,physostigmine,-0.03157005384844352,1.0,False,novel candidate,0.6158040611822522,594
237,HG-14-10-04,-0.08245019620114959,0.5,False,novel candidate,0.6157611738390303,595
744,atomoxetine,-0.03146452758487018,1.0,False,novel candidate,0.6155967484639989,596
745,aniracetam,-0.0314073658081216,1.0,False,novel candidate,0.61548445070118,597
746,ibutilide,-0.03136276098236765,1.0,False,novel candidate,0.6153968218269914,598
748,mianserin,-0.03120385308457048,1.0,False,novel candidate,0.6150846376642181,599
752,oxybutynin,-0.03086743956026838,1.0,False,novel candidate,0.6144237329773794,600
753,diazoxide,-0.030830143392211483,1.0,False,novel candidate,0.6143504624026572,601
754,bendroflumethiazide,-0.030646613201376953,1.0,False,novel candidate,0.6139899062581009,602
438,butoconazole,-0.05599911033707972,0.75,False,novel candidate,0.6137964180944284,603
441,mozavaptan,-0.05583866467475427,0.75,False,novel candidate,0.6134812129003631,604
759,mericitabine,-0.030230335741644514,1.0,False,novel candidate,0.6131721040465719,605
760,homochlorcyclizine,-0.03012052567013669,1.0,False,novel candidate,0.6129563755289025,606
761,pindolol,-0.030104877403070836,1.0,False,novel candidate,0.6129256335631441,607
239,KIN001-043,-0.08092513893015911,0.5,False,novel candidate,0.6127651067213775,608
974,repaglinide,-0.014740473595489554,0.75,True,known hit (validation evidence),0.6127413343201812,609
762,firategrast,-0.02983515124569667,1.0,False,novel candidate,0.6123957402363481,610
764,FK-866,-0.02958936753932699,1.0,False,novel candidate,0.6119128833006013,611
765,trimetazidine,-0.02953337053390423,1.0,False,novel candidate,0.6118028738014005,612
766,cefdinir,-0.029511800354408264,1.0,False,novel candidate,0.6117604978810078,613
767,diazepam,-0.029503793190496203,1.0,False,novel candidate,0.6117447673238944,614
768,gatifloxacin,-0.029446348700545084,1.0,False,novel candidate,0.6116319141539139,615
769,betrixaban,-0.029375233047584888,1.0,False,novel candidate,0.6114922031585059,616
770,glimepiride,-0.02930687938361224,1.0,False,novel candidate,0.6113579182572795,617
771,clioquinol,-0.029178730674095345,1.0,False,novel candidate,0.6111061623776437,618
773,ARN-509,-0.0291244083307664,1.0,False,novel candidate,0.6109994428532707,619
1337,dexamethasone,0.011612160678315562,1.0,True,known hit (validation evidence),0.6109699926708292,620
247,BRD-K68548958,-0.08001034042302364,0.5,False,novel candidate,0.6109679298030797,621
453,odanacatib,-0.05448599902314689,0.75,False,novel candidate,0.6108238195309146,622
460,VX-222,-0.054081121862783535,0.75,False,novel candidate,0.6100284138960395,623
776,ganaxolone,-0.028492356393080908,1.0,False,novel candidate,0.6097577386476848,624
777,levobunolol,-0.028375648210756207,1.0,False,novel candidate,0.6095284583746909,625
469,lopinavir,-0.053751415692632656,0.75,False,novel candidate,0.6093806862115343,626
779,etanidazole,-0.028288570261585995,1.0,False,novel candidate,0.6093573884843044,627
780,enalapril,-0.028250433054558915,1.0,False,novel candidate,0.6092824656377291,628
782,PF-04620110,-0.028159088128952733,1.0,False,novel candidate,0.6091030130144217,629
131,selamectin,-0.10422901122067223,0.25,False,novel candidate,0.6085469713186589,630
785,phentermine,-0.027870878679380585,1.0,False,novel candidate,0.6085368081437685,631
252,XMD-16144,-0.07876144739243891,0.5,False,novel candidate,0.608514404015179,632
253,dabigatran-etexilate,-0.07871031083332675,0.5,False,novel candidate,0.6084139431563115,633
473,AST-1306,-0.05323643836516726,0.75,False,novel candidate,0.608368982148674,634
787,indacaterol,-0.02761773903949203,1.0,False,novel candidate,0.608039500032348,635
788,lomeguatrib,-0.027590426309516906,1.0,False,novel candidate,0.6079858425247064,636
1360,methoxsalen,0.013211294616375073,1.0,True,known hit (validation evidence),0.6078283974667154,637
789,linsidomine,-0.027384585726685864,1.0,False,novel candidate,0.6075814562675936,638
790,stavudine,-0.027210010307442432,1.0,False,novel candidate,0.6072384923126689,639
791,quercetin,-0.02719958603647398,1.0,False,novel candidate,0.6072180132027574,640
792,pemirolast,-0.02711486787138348,1.0,False,novel candidate,0.6070515792507192,641
258,YM-201636,-0.07793869865943653,0.5,False,novel candidate,0.6068980644376902,642
794,clindamycin,-0.026987878895185488,1.0,False,novel candidate,0.6068021017372327,643
482,mubritinib,-0.052334338646188916,0.75,False,novel candidate,0.6065967527666788,644
795,resatorvid,-0.026830085838046653,1.0,False,novel candidate,0.6064921077462657,645
797,AT-13387,-0.02672624211583726,1.0,False,novel candidate,0.6062881004821423,646
798,niacin,-0.026609239362343304,1.0,False,novel candidate,0.6060582415062952,647
801,levocetirizine,-0.026574754770477032,1.0,False,novel candidate,0.6059904944428101,648
802,methazolamide,-0.02656923724159107,1.0,False,novel candidate,0.6059796549240717,649
488,GSK-923295,-0.051999362209946574,0.75,False,novel candidate,0.6059386713261291,650
265,tipranavir,-0.07719126741143055,0.5,False,novel candidate,0.6054296906084226,651
803,tedizolid,-0.026278193217618536,1.0,False,novel candidate,0.6054078813608093,652
493,Z160,-0.05161409023423176,0.75,False,novel candidate,0.6051817812605891,653
806,sacubitril,-0.026058439427257447,1.0,False,novel candidate,0.6049761617671885,654
807,acrivastine,-0.026025193525291715,1.0,False,novel candidate,0.6049108481848261,655
808,motesanib,-0.026018372596428568,1.0,False,novel candidate,0.6048974480581113,656
809,sulbactam,-0.02600258568220282,1.0,False,novel candidate,0.6048664337116334,657
810,lenvatinib,-0.026000322580527892,1.0,False,novel candidate,0.6048619877117086,658
497,LY-2228820,-0.051209735358681605,0.75,False,novel candidate,0.6043874016857738,659
815,AZD-1208,-0.025697425291326424,1.0,False,novel candidate,0.604266927693003,660
267,etoposide,-0.07651411223088536,0.5,False,novel candidate,0.604099378358141,661
816,methocarbamol,-0.025571885395305735,1.0,False,novel candidate,0.6040202969850449,662
817,MK-8033,-0.025536692929538266,1.0,False,novel candidate,0.6039511592605274,663
819,scopolamine,-0.02542064416109408,1.0,False,novel candidate,0.6037231744459284,664
820,piracetam,-0.025409329155430243,1.0,False,novel candidate,0.6037009454339101,665
1378,triamcinolone-acetonide,0.015380687075006493,1.0,True,known hit (validation evidence),0.6035664949570685,666
268,methylstat,-0.07622901304843492,0.5,False,novel candidate,0.6035392837950989,667
821,clobetasol,-0.02524844776208482,1.0,False,novel candidate,0.6033848842199392,668
822,genz-644282,-0.025235010006513268,1.0,False,novel candidate,0.6033584849375195,669
512,clofoctol,-0.05052213937342101,0.75,False,novel candidate,0.6030365778440361,670
825,sorbinil,-0.025066396314752503,1.0,False,novel candidate,0.6030272331563045,671
826,ganetespib,-0.025053219082474258,1.0,False,novel candidate,0.6030013456876295,672
1380,loratadine,0.015805542648780316,1.0,True,known hit (validation evidence),0.6027318405224134,673
827,radezolid,-0.024913059468338862,1.0,False,novel candidate,0.6027259936604488,674
271,cabozantinib,-0.07551688787011723,0.5,False,novel candidate,0.6021402708721124,675
832,betahistine,-0.02460501731467143,1.0,False,novel candidate,0.6021208262447657,676
834,AS-703026,-0.024496360493698976,1.0,False,novel candidate,0.6019073633574259,677
520,ARRY-334543,-0.04980143044115243,0.75,False,novel candidate,0.6016207016179806,678
836,dimesna,-0.024278994241582728,1.0,False,novel candidate,0.6014803342268871,679
838,brexpiprazole,-0.024228949663601226,1.0,False,novel candidate,0.6013820186309031,680
839,doxifluridine,-0.024150343365906848,1.0,False,novel candidate,0.6012275918115026,681
840,fluphenazine,-0.024012271226957396,1.0,False,novel candidate,0.6009563407554017,682
842,LY-2334737,-0.023925156325825318,1.0,False,novel candidate,0.6007851982706544,683
844,medroxyprogesterone-acetate,-0.023794920063573234,1.0,False,novel candidate,0.6005293412675885,684
846,eplerenone,-0.023776018988530913,1.0,False,novel candidate,0.6004922089641007,685
275,ABT-239,-0.07465167779466472,0.5,False,novel candidate,0.6004405134228452,686
847,isbufylline,-0.0236594233368954,1.0,False,novel candidate,0.6002631497644423,687
1057,talmapimod,-0.00832839108852209,0.75,True,known hit (validation evidence),0.6001444109650834,688
524,tivozanib,-0.049049358189518416,0.75,False,novel candidate,0.6001432102567832,689
848,torasemide,-0.023576229559247396,1.0,False,novel candidate,0.6000997105636032,690
276,tacrolimus,-0.07445998400729872,0.5,False,novel candidate,0.6000639193998466,691
850,tasisulam,-0.02354405905101559,1.0,False,novel candidate,0.6000365096571816,692
528,TAK-733,-0.04891509886284853,0.75,False,novel candidate,0.5998794497006879,693
853,senicapoc,-0.02343112608384972,1.0,False,novel candidate,0.5998146460223786,694
531,GDC-0941,-0.0487730791162149,0.75,False,novel candidate,0.5996004433308679,695
279,tetrindole,-0.07422211585656446,0.5,False,novel candidate,0.5995966130512208,696
854,proguanil,-0.02325210239808265,1.0,False,novel candidate,0.5994629431792065,697
857,tamibarotene,-0.02317810288936218,1.0,False,novel candidate,0.5993175666749813,698
533,ixabepilone,-0.048420142768927484,0.75,False,novel candidate,0.5989070785603465,699
859,formestane,-0.022883993474528123,1.0,False,novel candidate,0.5987397709662312,700
536,ursolic-acid,-0.04811957300211781,0.75,False,novel candidate,0.5983165910999548,701
537,AVN-944,-0.04810893653622304,0.75,False,novel candidate,0.5982956951202947,702
865,nefazodone,-0.022548042134460065,1.0,False,novel candidate,0.5980797742682347,703
866,salvinorin-a,-0.022543977993625522,1.0,False,novel candidate,0.5980717900181035,704
286,TAK-285,-0.07333664112895345,0.5,False,novel candidate,0.5978570444688652,705
869,benzamil,-0.02228797087739485,1.0,False,novel candidate,0.5975688485762221,706
870,O6-benzylguanine,-0.022278234371832413,1.0,False,novel candidate,0.5975497206229894,707
872,CP-724714,-0.022163292936359994,1.0,False,novel candidate,0.5973239112308929,708
288,cabazitaxel,-0.07305751720974146,0.5,False,novel candidate,0.5973086886713428,709
545,vemurafenib,-0.04757993798057562,0.75,False,novel candidate,0.5972564455078315,710
873,azelastine,-0.022037212200967618,1.0,False,novel candidate,0.597076218011324,711
546,barasertib,-0.04745776468951724,0.75,False,novel candidate,0.5970164286986543,712
874,cyproterone-acetate,-0.021936992150446297,1.0,False,novel candidate,0.5968793296690906,713
550,amodiaquine,-0.04736957370875198,0.75,False,novel candidate,0.5968431721904757,714
551,LCL-161,-0.04735495950406771,0.75,False,novel candidate,0.5968144617027201,715
876,torcitabine,-0.021861379909984574,1.0,False,novel candidate,0.5967307848559555,716
877,MBX-2982,-0.02184797543851682,1.0,False,novel candidate,0.5967044509621682,717
878,lupanine,-0.021718547061016537,1.0,False,novel candidate,0.5964501810974909,718
427,temsirolimus,-0.05731117215398568,0.25,True,known hit (validation evidence),0.5963740427782586,719
879,trimethobenzamide,-0.02166101383035166,1.0,False,novel candidate,0.5963371535910187,720
881,bindarit,-0.021597382540786626,1.0,False,novel candidate,0.5962121460795331,721
1418,dehydroepiandrosterone,0.019211235548056566,1.0,True,known hit (validation evidence),0.5960411511283568,722
882,telatinib,-0.021464215460502374,1.0,False,novel candidate,0.5959505313074305,723
883,progesterone,-0.021272367393736724,1.0,False,novel candidate,0.5955736341932333,724
885,indirubin,-0.02115591472289981,1.0,False,novel candidate,0.5953448558879892,725
886,tracazolate,-0.0211001710943989,1.0,False,novel candidate,0.5952353441630547,726
888,griseofulvin,-0.02105093836677815,1.0,False,novel candidate,0.5951386234961376,727
892,nevirapine,-0.02080130937392823,1.0,False,novel candidate,0.5946482122628567,728
894,teriflunomide,-0.020685778091577747,1.0,False,novel candidate,0.5944212440809433,729
895,guanadrel,-0.020567045750332778,1.0,False,novel candidate,0.5941879872254975,730
558,XL-888,-0.04588175551136815,0.75,False,novel candidate,0.5939202634820493,731
295,bruceantin,-0.07125516202874603,0.5,False,novel candidate,0.5937678530615402,732
899,doxepin,-0.020168238631240776,1.0,False,novel candidate,0.5934045065533118,733
296,UK-383367,-0.07105719761142891,0.5,False,novel candidate,0.5933789400072758,734
560,OSI-930,-0.045582544631807935,0.75,False,novel candidate,0.5933324456377318,735
900,amoxapine,-0.020083107422979533,1.0,False,novel candidate,0.5932372611530181,736
902,epirizole,-0.019925044637609385,1.0,False,novel candidate,0.59292673726465,737
299,ST-1859,-0.07076530608535604,0.5,False,novel candidate,0.5928055014749507,738
569,CX-5461,-0.04506951124052529,0.75,False,novel candidate,0.5923245605549101,739
905,regadenoson,-0.01958962115210089,1.0,False,novel candidate,0.5922677775688165,740
300,16_16-dimethylprostaglandin-e2,-0.07033562784351485,0.5,False,novel candidate,0.5919613726176028,741
572,relcovaptan,-0.04487833459158545,0.75,False,novel candidate,0.5919489824815833,742
304,QL-X-138,-0.07014585187385154,0.5,False,novel candidate,0.5915885462633115,743
305,SB-743921,-0.0701208390468908,0.5,False,novel candidate,0.591539407054049,744
908,TH-302,-0.019087204876839126,1.0,False,novel candidate,0.5912807504516593,745
911,arglabin,-0.018951114542719544,1.0,False,novel candidate,0.5910133927708418,746
914,aclidinium,-0.018834025651439986,1.0,False,novel candidate,0.5907833645721123,747
455,diosmin,-0.05441665862635429,0.25,True,known hit (validation evidence),0.5906875961334679,748
917,VGX-1027,-0.01876022919432545,1.0,False,novel candidate,0.5906383869750307,749
581,raloxifene,-0.04408421664311491,0.75,False,novel candidate,0.5903888898095191,750
918,A-443654,-0.0185683725589704,1.0,False,novel candidate,0.590261473027322,751
919,suprofen,-0.01848913866636903,1.0,False,novel candidate,0.590105813259822,752
920,dinaciclib,-0.018485575719932562,1.0,False,novel candidate,0.5900988136363565,753
921,vilazodone,-0.01846062772106059,1.0,False,novel candidate,0.5900498017857897,754
585,GSK-256066,-0.0438541973560835,0.75,False,novel candidate,0.589937003027685,755
315,ginkgetin,-0.069297887763726,0.5,False,novel candidate,0.5899226695545328,756
922,lomerizine,-0.018387028262956236,1.0,False,novel candidate,0.5899052112051617,757
925,glasdegib,-0.018308170443955187,1.0,False,novel candidate,0.5897502902569631,758
316,foretinib,-0.06920273233577076,0.5,False,novel candidate,0.5897357309692179,759
317,HG-5-113-01,-0.0690277315676226,0.5,False,novel candidate,0.58939193139068,760
927,fludarabine-phosphate,-0.018021507359390537,1.0,False,novel candidate,0.5891871233137629,761
594,clinofibrate,-0.04342596918603815,0.75,False,novel candidate,0.58909572292396,762
595,reserpine,-0.04339211411266496,0.75,False,novel candidate,0.5890292125875756,763
784,maraviroc,-0.028006699643669242,0.5,True,known hit (validation evidence),0.5888036366312843,764
929,selegiline,-0.017818631306280763,1.0,False,novel candidate,0.588788561054336,765
930,resiquimod,-0.01780786070941855,1.0,False,novel candidate,0.5887674015662892,766
931,SB-242235,-0.01780164815897544,1.0,False,novel candidate,0.5887551966357246,767
932,tazarotene,-0.017714385980477025,1.0,False,novel candidate,0.588583764815696,768
933,lerisetron,-0.017697892021927838,1.0,False,novel candidate,0.5885513614379414,769
325,AR-A014418,-0.06839024658254471,0.5,False,novel candidate,0.5881395536353524,770
936,duloxetine,-0.01748443598099895,1.0,False,novel candidate,0.588132014153445,771
938,irsogladine,-0.0174665370877399,1.0,False,novel candidate,0.5880968506965992,772
939,ecabet,-0.01745837136034504,1.0,False,novel candidate,0.5880808086319471,773
940,deferiprone,-0.017372609291763756,1.0,False,novel candidate,0.5879123238684527,774
941,ASA-404,-0.017345392746077878,1.0,False,novel candidate,0.5878588553206567,775
598,bifonazole,-0.04278370050985606,0.75,False,novel candidate,0.5878339473185377,776
944,ubenimex,-0.017192153625279025,1.0,False,novel candidate,0.5875578078126734,777
945,mephentermine,-0.017185721890342398,1.0,False,novel candidate,0.5875451722809333,778
950,carglumic-acid,-0.017101717533243122,1.0,False,novel candidate,0.5873801406478056,779
951,almitrine,-0.017062532099276436,1.0,False,novel candidate,0.5873031584960979,780
953,canertinib,-0.016857244102385403,1.0,False,novel candidate,0.5868998578274387,781
954,neostigmine,-0.016847150203184627,1.0,False,novel candidate,0.5868800277528181,782
330,JQ1-(-),-0.06764863794494302,0.5,False,novel candidate,0.5866826186758918,783
956,fluorometholone,-0.016389086255845876,1.0,False,novel candidate,0.5859801334626105,784
611,edoxaban,-0.04167561508316924,0.75,False,novel candidate,0.5856570465728428,785
958,nitrendipine,-0.016206185369379286,1.0,False,novel candidate,0.5856208136244931,786
335,midostaurin,-0.06702588554657793,0.5,False,novel candidate,0.5854591839769645,787
336,alisertib,-0.06697749472953175,0.5,False,novel candidate,0.58536411729422,788
1489,celecoxib,0.024794913921976133,1.0,True,known hit (validation evidence),0.5850716777257059,789
960,secnidazole,-0.01590196364399484,1.0,False,novel candidate,0.5850231516709141,790
619,abiraterone-acetate,-0.04123831516120719,0.75,False,novel candidate,0.5847979444645715,791
337,voreloxin,-0.06636284462767393,0.5,False,novel candidate,0.5841566000461352,792
963,ellagic-acid,-0.015399651322059118,1.0,False,novel candidate,0.5840363287763445,793
964,ornidazole,-0.015378524990047833,1.0,False,novel candidate,0.5839948248211424,794
965,thioctic-acid,-0.015327729365820561,1.0,False,novel candidate,0.5838950337494477,795
966,SNX-2112,-0.015314484503466346,1.0,False,novel candidate,0.5838690134174038,796
339,CTB,-0.06611058310970389,0.5,False,novel candidate,0.5836610170582593,797
968,dextromethorphan,-0.015189348846356332,1.0,False,novel candidate,0.5836231768612005,798
969,SB-216763,-0.015173993167242342,1.0,False,novel candidate,0.5835930097021449,799
627,toremifene,-0.04053757725137014,0.75,False,novel candidate,0.5834213025182713,800
972,quetiapine,-0.01498964883482621,1.0,False,novel candidate,0.5832308541272799,801
342,BRD-K73261812,-0.06543216214892474,0.5,False,novel candidate,0.5823282181062589,802
630,atrasentan,-0.03997870926612459,0.75,False,novel candidate,0.5823233726073405,803
978,ZK-200775,-0.014511307334607471,1.0,False,novel candidate,0.5822911233597375,804
979,tazobactam,-0.014511046488788506,1.0,False,novel candidate,0.5822906109123719,805
980,nefopam,-0.014488805868604354,1.0,False,novel candidate,0.5822469178707548,806
981,atipamezole,-0.014468629501353787,1.0,False,novel candidate,0.5822072801787002,807
983,imipramine,-0.014421071967375612,1.0,False,novel candidate,0.5821138505308705,808
1508,prednisone,0.026449166290784323,1.0,True,known hit (validation evidence),0.5818217990354018,809
984,timofibrate,-0.014249673492591786,1.0,False,novel candidate,0.5817771278752144,810
631,MK-5108,-0.03963587741194516,0.75,False,novel candidate,0.5816498587238101,811
1512,baricitinib,0.026587298230923245,1.0,True,known hit (validation evidence),0.5815504304962524,812
986,pramipexole,-0.013958492704097547,1.0,False,novel candidate,0.5812050856297889,813
987,dazmegrel,-0.01390186908820025,1.0,False,novel candidate,0.5810938451164656,814
988,altretamine,-0.013901817207364282,1.0,False,novel candidate,0.5810937431934298,815
635,KU-60019,-0.03935046113004175,0.75,False,novel candidate,0.581089141199741,816
991,pidotimod,-0.013806634266731932,1.0,False,novel candidate,0.5809067505577993,817
636,anamorelin,-0.03922245771543749,0.75,False,novel candidate,0.5808376707607363,818
994,apabetalone,-0.013561621898353514,1.0,False,novel candidate,0.5804254089621226,819
996,cyclobenzaprine,-0.013518523182708091,1.0,False,novel candidate,0.5803407389322066,820
998,maxacalcitol,-0.0133103773513145,1.0,False,novel candidate,0.5799318238750627,821
353,FK-888,-0.06415454801642387,0.5,False,novel candidate,0.5798182679789773,822
1526,tofacitinib,0.027623296615802175,1.0,True,known hit (validation evidence),0.5795151490980257,823
355,AV-608,-0.0638784467788076,0.5,False,novel candidate,0.5792758504220105,824
1002,allopurinol,-0.01289193089974276,1.0,False,novel candidate,0.579109760548065,825
1003,tolbutamide,-0.012868933668237475,1.0,False,novel candidate,0.5790645810978104,826
1006,cilomilast,-0.012534459923278105,1.0,False,novel candidate,0.5784074872246472,827
1007,dapagliflozin,-0.012513027206108907,1.0,False,novel candidate,0.5783653813572978,828
661,calcitriol,-0.037942154086859414,0.75,False,novel candidate,0.5783224369559736,829
1008,AZD-8330,-0.01245006288590954,1.0,False,novel candidate,0.5782416841474138,830
1010,ondansetron,-0.012356114523874966,1.0,False,novel candidate,0.5780571169160034,831
664,telcagepant,-0.03773321347562799,0.75,False,novel candidate,0.5779119605058362,832
1012,armodafinil,-0.012253917049916206,1.0,False,novel candidate,0.5778563438059967,833
1013,licarbazepine,-0.012245543864135686,1.0,False,novel candidate,0.5778398941768161,834
1014,lirimilast,-0.012200513234904195,1.0,False,novel candidate,0.5777514287859786,835
1016,glycitein,-0.012055716693800728,1.0,False,novel candidate,0.5774669672357129,836
362,BS-181,-0.06276272710415709,0.5,False,novel candidate,0.5770839517351056,837
666,tiagabine,-0.0373100823352934,0.75,False,novel candidate,0.5770806938248227,838
1017,setiptiline,-0.01183562744337734,1.0,False,novel candidate,0.577034588610539,839
1018,medrysone,-0.01175659037568914,1.0,False,novel candidate,0.5768793155174685,840
364,ZM-447439,-0.06255457064133933,0.5,False,novel candidate,0.5766750157918868,841
1540,ruxolitinib,0.029177998414873323,1.0,True,known hit (validation evidence),0.5764608435145198,842
1022,diclofensine,-0.011485058559772485,1.0,False,novel candidate,0.5763458748654096,843
1023,elvitegravir,-0.01148005051910136,1.0,False,novel candidate,0.5763360362670409,844
366,KD-023,-0.06223683747028325,0.5,False,novel candidate,0.576050809787236,845
1025,fipronil,-0.011317993303329298,1.0,False,novel candidate,0.5760176650788967,846
369,targinine,-0.06216546593846958,0.5,False,novel candidate,0.575910596102366,847
370,daunorubicin,-0.0621521690095169,0.5,False,novel candidate,0.5758844734823445,848
1026,trimipramine,-0.011224182408430464,1.0,False,novel candidate,0.575833367909977,849
372,colforsin-daproate,-0.06209342594300594,0.5,False,novel candidate,0.5757690691802824,850
1027,pazufloxacin,-0.011134239751119143,1.0,False,novel candidate,0.5756566701274277,851
1028,SGX523,-0.011132377031082956,1.0,False,novel candidate,0.575653010701414,852
1030,vardenafil,-0.01106979330985615,1.0,False,novel candidate,0.5755300612011987,853
1032,venlafaxine,-0.010997392150278963,1.0,False,novel candidate,0.5753878247504007,854
1033,orteronel,-0.0108730067311486,1.0,False,novel candidate,0.5751434620820206,855
373,RG-2833,-0.06167673169691685,0.5,False,novel candidate,0.5749504481667831,856
374,SR-33805,-0.06162784593843449,0.5,False,novel candidate,0.5748544091416943,857
1035,naftopidil,-0.010713841388168261,1.0,False,novel candidate,0.574830772152636,858
681,sertraline,-0.03614174178029282,0.75,False,novel candidate,0.5747854182403302,859
684,loperamide,-0.03600274421957026,0.75,False,novel candidate,0.5745123491372635,860
1036,EVP-6124,-0.010550274953535518,1.0,False,novel candidate,0.574509436012888,861
1037,oxymetazoline,-0.010517340276944866,1.0,False,novel candidate,0.5744447338515719,862
1038,vinburnine,-0.01041007277778569,1.0,False,novel candidate,0.574234000370845,863
1039,timolol,-0.010310576404504,1.0,False,novel candidate,0.5740385337362568,864
686,BMS-927711,-0.035564128997861245,0.75,False,novel candidate,0.573650663043199,865
382,3-deazaadenosine,-0.06087023799380404,0.5,False,novel candidate,0.5733660425772664,866
689,KW-2478,-0.03537429313550359,0.75,False,novel candidate,0.5732777190260923,867
691,verapamil,-0.03518998916553151,0.75,False,novel candidate,0.5729156427456864,868
1043,carprofen,-0.009676935760186139,1.0,False,novel candidate,0.5727937084205386,869
1045,reparixin,-0.009533754781949443,1.0,False,novel candidate,0.5725124207410996,870
386,WH-4-025,-0.06036481986772917,0.5,False,novel candidate,0.5723731181428843,871
1046,RGFP-966,-0.009441858174161499,1.0,False,novel candidate,0.5723318843048264,872
696,siramesine,-0.03481465721201919,0.75,False,novel candidate,0.5721782804541102,873
1047,enoxacin,-0.009266931802506748,1.0,False,novel candidate,0.5719882308826931,874
389,AV-412,-0.060157969295235286,0.5,False,novel candidate,0.5719667477000786,875
701,tretinoin,-0.03467174599252206,0.75,False,novel candidate,0.5718975227320078,876
391,desoxypeganine,-0.06011226098672828,0.5,False,novel candidate,0.5718769509673746,877
1048,lisofylline,-0.009171145831699753,1.0,False,novel candidate,0.5718000535578633,878
1052,TIC10,-0.00887261840121312,1.0,False,novel candidate,0.5712135783905291,879
1053,penciclovir,-0.008742995024902611,1.0,False,novel candidate,0.5709589254389118,880
399,UNC-0638,-0.05948862137841625,0.5,False,novel candidate,0.5706517732909219,881
1055,rabeprazole,-0.008530195474810908,1.0,False,novel candidate,0.5705408678703151,882
217,pimecrolimus,-0.08483180855209232,0.25,False,novel candidate,0.5704399951445547,883
401,AGP-103,-0.059351004587034004,0.5,False,novel candidate,0.5703814167926183,884
1056,eperezolid,-0.008352183680566734,1.0,False,novel candidate,0.5701911529491548,885
1058,LY-2157299,-0.008301523042741378,1.0,False,novel candidate,0.5700916270663994,886
1060,JNJ-38877605,-0.008285168625097462,1.0,False,novel candidate,0.5700594978251812,887
1061,ORE-1001,-0.008266337542858071,1.0,False,novel candidate,0.5700225030267823,888
1064,dazoxiben,-0.00805887715066644,1.0,False,novel candidate,0.5696149345563489,889
1065,gabapentin,-0.008018402513646687,1.0,False,novel candidate,0.5695354196873794,890
1066,tecastemizole,-0.007970915228222547,1.0,False,novel candidate,0.569442128047077,891
1068,urapidil,-0.007847117151336562,1.0,False,novel candidate,0.5691989192480095,892
410,E-2012,-0.05867173950918088,0.5,False,novel candidate,0.5690469595216439,893
1069,phenprocoumon,-0.00770756150734712,1.0,False,novel candidate,0.5689247537566584,894
411,diminazene-aceturate,-0.05844167906307422,0.5,False,novel candidate,0.5685949918803206,895
413,cyanocobalamin,-0.05822737201370642,0.5,False,novel candidate,0.5681739727383476,896
414,cytochalasin-b,-0.05821695755710188,0.5,False,novel candidate,0.5681535129093467,897
224,epirubicin,-0.08366006669918677,0.25,False,novel candidate,0.5681380375048998,898
415,fulvestrant,-0.0581615455502575,0.5,False,novel candidate,0.5680446526751852,899
228,sirolimus,-0.08344630161457178,0.25,False,novel candidate,0.5677180830854167,900
1071,sumatriptan,-0.007072976190879828,1.0,False,novel candidate,0.5676780725754473,901
1072,lucitanib,-0.0070500366577697995,1.0,False,novel candidate,0.5676330064771751,902
417,rondual-kinase-inhibitor,-0.057924616657265705,0.5,False,novel candidate,0.5675791915551228,903
418,AZD-7545,-0.05792121632235551,0.5,False,novel candidate,0.5675725113918219,904
1075,ilomastat,-0.006892736010082209,1.0,False,novel candidate,0.5673239798543152,905
1076,cisapride,-0.006883561865326469,1.0,False,novel candidate,0.5673059566928522,906
1077,hymecromone,-0.00687224181436315,1.0,False,novel candidate,0.5672837177690384,907
1078,ropinirole,-0.006834141949534504,1.0,False,novel candidate,0.5672088682834672,908
420,BMS-299897,-0.05769161576321489,0.5,False,novel candidate,0.567121447226219,909
422,IOWH-032,-0.05745664752236579,0.5,False,novel candidate,0.5666598379257083,910
1080,benzylpenicillin,-0.006510730194111128,1.0,False,novel candidate,0.5665735063568578,911
1081,PD-0325901,-0.00647710688742677,1.0,False,novel candidate,0.5665074513401315,912
1082,olaparib,-0.006477030604230477,1.0,False,novel candidate,0.5665073014771851,913
1083,KU-55933,-0.006461636697107977,1.0,False,novel candidate,0.5664770592168981,914
425,nutlin-3,-0.057315993651120264,0.5,False,novel candidate,0.5663835149005831,915
1084,nicotine,-0.00638735651170288,1.0,False,novel candidate,0.5663311313063739,916
235,bevirimat-dimeglumine,-0.08270956630735213,0.25,False,novel candidate,0.5662707220778258,917
429,oglemilast,-0.05714192582047174,0.5,False,novel candidate,0.5660415481341098,918
1085,pyrazinamide,-0.006215705084379167,1.0,False,novel candidate,0.5659939117101755,919
1086,GSK-2636771,-0.006187018350693306,1.0,False,novel candidate,0.5659375548892587,920
1087,maribavir,-0.006176873706077499,1.0,False,novel candidate,0.5659176251222056,921
431,ethylenediaminetetraacetic-acid,-0.05691869193857243,0.5,False,novel candidate,0.5656029916904753,922
1585,tranilast,0.034983767556018605,1.0,True,known hit (validation evidence),0.5650550593860515,923
750,benzbromarone,-0.03115543001772861,0.75,False,novel candidate,0.5649895076248022,924
751,chlorprothixene,-0.031152627500009335,0.75,False,novel candidate,0.5649840019094792,925
1089,chrysin,-0.00558407347423194,1.0,False,novel candidate,0.5647530332634251,926
1090,tomelukast,-0.005531293443769913,1.0,False,novel candidate,0.5646493437058301,927
1092,etofylline-clofibrate,-0.0054108700454631575,1.0,False,novel candidate,0.5644127646666518,928
1093,tolperisone,-0.005334619684215763,1.0,False,novel candidate,0.5642629662266928,929
1094,bepotastine,-0.005280651385297352,1.0,False,novel candidate,0.5641569422439474,930
436,LX-1031,-0.056153948882682846,0.5,False,novel candidate,0.5641006077690401,931
437,ZD-7114,-0.056099711974578026,0.5,False,novel candidate,0.5639940560873249,932
1099,indobufen,-0.005140649090780116,1.0,False,novel candidate,0.5638818992806582,933
1102,tasquinimod,-0.004998237311192092,1.0,False,novel candidate,0.5636021227384219,934
440,neratinib,-0.055864208059041354,0.5,False,novel candidate,0.5635313944215373,935
1103,budipine,-0.00493125162222169,1.0,False,novel candidate,0.5634705253067089,936
757,EPZ-005687,-0.030281274167266625,0.75,False,novel candidate,0.5632721756602315,937
1104,lafutidine,-0.004809349282615518,1.0,False,novel candidate,0.5632310407980243,938
1105,tamsulosin,-0.00468906174261137,1.0,False,novel candidate,0.5629947286606869,939
1106,apixaban,-0.004673032720669634,1.0,False,novel candidate,0.5629632386789785,940
1107,felodipine,-0.004460606427291763,1.0,False,novel candidate,0.5625459143957396,941
1109,flavoxate,-0.00439049396810763,1.0,False,novel candidate,0.5624081742350945,942
763,thioridazine,-0.029671694817920237,0.75,False,novel candidate,0.5620746202117133,943
1110,fidarestat,-0.004220575579721163,1.0,False,novel candidate,0.5620743592985586,944
1111,afloqualone,-0.004181327299664751,1.0,False,novel candidate,0.5619972536819118,945
1112,lumacaftor,-0.00417197589546034,1.0,False,novel candidate,0.5619788822835561,946
449,cefotetan,-0.054915442072943715,0.5,False,novel candidate,0.5616674863392865,947
1116,vinpocetine,-0.0038140826724921647,1.0,False,novel candidate,0.5612757794313796,948
1118,cinoxacin,-0.003767107272671175,1.0,False,novel candidate,0.561183493421261,949
1120,saxagliptin,-0.003673486244188592,1.0,False,novel candidate,0.5609995692563833,950
1121,lidamidine,-0.003636824293268003,1.0,False,novel candidate,0.5609275446395301,951
1122,azelaic-acid,-0.003610865528602071,1.0,False,novel candidate,0.560876547078514,952
774,alvespimycin,-0.029054137282668615,0.75,False,novel candidate,0.5608613911351263,953
1123,emtricitabine,-0.0035237544639723415,1.0,False,novel candidate,0.5607054121308072,954
459,pinaverium,-0.054109625601615544,0.5,False,novel candidate,0.5600844112125135,955
462,valrubicin,-0.053981356407004286,0.5,False,novel candidate,0.5598324186326329,956
1129,amitifadine,-0.0030290178048241944,1.0,False,novel candidate,0.5597334720833305,957
1131,esculin,-0.0029946440317924353,1.0,False,novel candidate,0.5596659427301389,958
781,enzastaurin,-0.028236432814477387,0.75,False,novel candidate,0.5592549613205173,959
1132,carbamazepine,-0.0026646034032604764,1.0,False,novel candidate,0.559017557981944,960
1133,estriol,-0.0026607074539721234,1.0,False,novel candidate,0.5590099041542635,961
1134,cytisine,-0.002632456791192148,1.0,False,novel candidate,0.5589544040209787,962
783,AZD-3514,-0.02801763775530974,0.75,False,novel candidate,0.5588251252122305,963
1136,JW55,-0.002530126670392914,1.0,False,novel candidate,0.5587533703182426,964
1137,empagliflozin,-0.002516253223537417,1.0,False,novel candidate,0.5587261150939811,965
1138,tolazamide,-0.002485408556401727,1.0,False,novel candidate,0.5586655188824696,966
1139,luteolin,-0.0024766413262229552,1.0,False,novel candidate,0.5586482951292695,967
1140,potassium-canrenoate,-0.002442676026556816,1.0,False,novel candidate,0.5585815682466753,968
1142,GDC-0152,-0.002375045129217745,1.0,False,novel candidate,0.5584487032641534,969
474,ICI-185_282,-0.05317593638528259,0.5,False,novel candidate,0.5582501223550562,970
1147,BVD-523,-0.0019508234450113023,1.0,False,novel candidate,0.5576152941438384,971
1148,piketoprofen,-0.001875025890519283,1.0,False,novel candidate,0.5574663852700985,972
477,tafamidis-meglumine,-0.05277279817944163,0.5,False,novel candidate,0.5574581330013677,973
478,equol,-0.05276075753654241,0.5,False,novel candidate,0.5574344784311742,974
479,dexniguldipine,-0.05271408127992415,0.5,False,novel candidate,0.5573427801059446,975
1152,acipimox,-0.0016397221185013326,1.0,False,novel candidate,0.5570041167983415,976
793,tacalcitol,-0.02703073352947891,0.75,False,novel candidate,0.5568862922545907,977
1153,vismodegib,-0.0014565929187788026,1.0,False,novel candidate,0.5566443484250434,978
1155,tozasertib,-0.0013872779522292175,1.0,False,novel candidate,0.5565081749868448,979
1157,milacemide,-0.0013434839596217238,1.0,False,novel candidate,0.5564221390433443,980
1158,PF-04217903,-0.0012882371548784454,1.0,False,novel candidate,0.5563136033586882,981
485,cinaciguat,-0.05216793584465705,0.5,False,novel candidate,0.5562698444128495,982
1159,broxuridine,-0.0011517968107870636,1.0,False,novel candidate,0.5560455580621415,983
1160,lestaurtinib,-0.0011386179297383319,1.0,False,novel candidate,0.5560196673543571,984
1161,ebselen,-0.0011189374612852415,1.0,False,novel candidate,0.555981003885441,985
1162,resorcinol,-0.000930753814491474,1.0,False,novel candidate,0.5556113057455982,986
1165,fentiazac,-0.0008976315068892777,1.0,False,novel candidate,0.5555462349718278,987
489,levomequitazine,-0.051753485536604,0.5,False,novel candidate,0.555455631751149,988
491,dutasteride,-0.05166492393567762,0.5,False,novel candidate,0.5552816471372795,989
1168,zaprinast,-0.00071411085884994,1.0,False,novel candidate,0.555185697574669,990
492,cutamesine,-0.0516159967663735,0.5,False,novel candidate,0.5551855267581302,991
1169,BMS-387032,-0.0006386715852089096,1.0,False,novel candidate,0.5550374925652999,992
1170,tiabendazole,-0.0006235525855330001,1.0,False,novel candidate,0.5550077903772952,993
494,deforolimus,-0.051507026490573024,0.5,False,novel candidate,0.554971448069849,994
1172,bendamustine,-0.0005867258791640108,1.0,False,novel candidate,0.554935442088413,995
1173,phenylbutazone,-0.0005814591965986256,1.0,False,novel candidate,0.5549250953724219,996
1177,rimexolone,-0.0004229329869062974,1.0,False,novel candidate,0.5546136610589834,997
495,CL-218872,-0.0513185451658018,0.5,False,novel candidate,0.5546011651236408,998
1178,ranitidine,-0.0004018920558460913,1.0,False,novel candidate,0.5545723248791077,999
1180,acyclovir,-0.00033410364952769474,1.0,False,novel candidate,0.5544391504606829,1000
1182,buflomedil,-0.00026710277739395175,1.0,False,novel candidate,0.5543075232007285,1001
813,cobimetinib,-0.025708899835603996,0.75,False,novel candidate,0.5542894701282637,1002
1183,clomipramine,-0.00020821049861197274,1.0,False,novel candidate,0.554191825762148,1003
502,quiflapon,-0.05108942165570836,0.5,False,novel candidate,0.5541510381497033,1004
1184,phentolamine,-0.00018152093132028213,1.0,False,novel candidate,0.5541393924952353,1005
503,tobramycin,-0.05103781690019681,0.5,False,novel candidate,0.5540496574907317,1006
504,roxithromycin,-0.05102912862389987,0.5,False,novel candidate,0.554032588847201,1007
818,miltefosine,-0.0255044468145715,0.75,False,novel candidate,0.5538878098201085,1008
1188,rufinamide,0.00018579823927185435,1.0,False,novel candidate,0.5534177717996532,1009
823,levothyroxine,-0.02518758396559214,0.75,False,novel candidate,0.5532653136157423,1010
824,OTS-167,-0.02518204123542704,0.75,False,novel candidate,0.553254424587569,1011
510,VP-20629,-0.050609803497108946,0.5,False,novel candidate,0.5532087993096658,1012
511,letermovir,-0.0505866707092726,0.5,False,novel candidate,0.5531633535508117,1013
1190,BIBX-1382,0.00032572695990308213,1.0,False,novel candidate,0.5531428733767066,1014
1192,miglustat,0.0004355791283028636,1.0,False,novel candidate,0.5529270621571505,1015
1193,molsidomine,0.00045290461244262804,1.0,False,novel candidate,0.5528930251971518,1016
1195,doxazosin,0.0006243827721886191,1.0,False,novel candidate,0.5525561459955746,1017
1197,fosfomycin,0.0007096483072907545,1.0,False,novel candidate,0.5523886367020892,1018
1198,idelalisib,0.001034736154011871,1.0,False,novel candidate,0.5517499819928944,1019
705,hesperidin,-0.034571292861895885,0.25,True,known hit (validation evidence),0.5517001764898308,1020
1199,balaglitazone,0.0010636836643346753,1.0,False,novel candidate,0.5516931128605242,1021
1204,NSI-189,0.001361525649009585,1.0,False,novel candidate,0.551107984292886,1022
1205,nicaraven,0.0014168387210346885,1.0,False,novel candidate,0.5509993184221524,1023
1206,agomelatine,0.00144257562810828,1.0,False,novel candidate,0.550948756713776,1024
841,PK-11195,-0.023946944784213088,0.75,False,novel candidate,0.5508280030131134,1025
843,saracatinib,-0.023872661401831235,0.75,False,novel candidate,0.5506820688219352,1026
1207,nimesulide,0.0015918311657111865,1.0,False,novel candidate,0.5506555351955773,1027
1208,mirtazapine,0.0017600149123859965,1.0,False,novel candidate,0.550325128067451,1028
1209,trimethoprim,0.0018208459516406757,1.0,False,novel candidate,0.5502056218168266,1029
1212,lersivirine,0.002020764171596788,1.0,False,novel candidate,0.5498128703992742,1030
1213,Y-39983,0.0020301907688695608,1.0,False,novel candidate,0.5497943512795942,1031
1215,vincamine,0.002095062391978222,1.0,False,novel candidate,0.5496669070579497,1032
1217,piclamilast,0.0021555577870371488,1.0,False,novel candidate,0.5495480602006197,1033
855,ibutamoren,-0.023208429222819578,0.75,False,novel candidate,0.549377144588676,1034
1219,chenodiol,0.002259476916809925,1.0,False,novel candidate,0.5493439047937837,1035
1220,forskolin,0.002437766853600271,1.0,False,novel candidate,0.5489936434447925,1036
1221,brivanib,0.0024437934170708836,1.0,False,novel candidate,0.5489818038968686,1037
1222,biperiden,0.002647670571567629,1.0,False,novel candidate,0.5485812749133034,1038
1223,etomidate,0.0027298932645085064,1.0,False,novel candidate,0.5484197434670222,1039
1224,fasudil,0.0027587385057421224,1.0,False,novel candidate,0.5483630752484543,1040
864,barasertib-HQPA,-0.02256707647724977,0.75,False,novel candidate,0.548117168384261,1041
1226,brivudine,0.0030609615147084057,1.0,False,novel candidate,0.5477693398939952,1042
868,saquinavir,-0.022385098206365965,0.75,False,novel candidate,0.5477596610801791,1043
1227,L-NAME,0.003066476667529044,1.0,False,novel candidate,0.5477585050431808,1044
871,brequinar,-0.022165760936097675,0.75,False,novel candidate,0.5473287597654373,1045
1228,alvocidib,0.0035125030314225535,1.0,False,novel candidate,0.5468822593126845,1046
549,phenylbutyrate,-0.04738069493867221,0.5,False,novel candidate,0.5468650205183422,1047
1229,MDL-73005EF,0.0036065849799132676,1.0,False,novel candidate,0.5466974296426128,1048
1230,lacosamide,0.0036354490674294147,1.0,False,novel candidate,0.5466407243993848,1049
1231,tonabersat,0.003637484976461951,1.0,False,novel candidate,0.5466367247331276,1050
1232,moxonidine,0.003731177032451519,1.0,False,novel candidate,0.5464526610304228,1051
1233,dexfenfluramine,0.003755805831690021,1.0,False,novel candidate,0.5464042762668146,1052
1235,ketotifen,0.003832872557984233,1.0,False,novel candidate,0.5462528740284152,1053
1236,isoniazid,0.003843655431849283,1.0,False,novel candidate,0.5462316904214548,1054
1238,gliclazide,0.0039397073192329,1.0,False,novel candidate,0.5460429906874495,1055
1239,SAR-245409,0.003986829209843854,1.0,False,novel candidate,0.5459504168873264,1056
1240,sulpiride,0.0040025699743895535,1.0,False,novel candidate,0.5459194932046824,1057
1242,picotamide,0.004117381919037818,1.0,False,novel candidate,0.5456939382051307,1058
1244,iniparib,0.0045808384370553505,1.0,False,novel candidate,0.54478344988413,1059
1247,flutamide,0.004805033278502613,1.0,False,novel candidate,0.5443430055774245,1060
1248,voriconazole,0.004865610604590273,1.0,False,novel candidate,0.5442239977616402,1061
896,MLN-8054,-0.020443487146976535,0.75,False,novel candidate,0.5439452488866426,1062
897,narlaprevir,-0.02035686876129128,0.75,False,novel candidate,0.5437750818364786,1063
898,ercalcitriol,-0.020217606611615528,0.75,False,novel candidate,0.5435014929324329,1064
1251,balsalazide,0.005340379526031511,1.0,False,novel candidate,0.5432912855408789,1065
561,PF-573228,-0.0455579736819829,0.5,False,novel candidate,0.5432841745227903,1066
1252,norfloxacin,0.005358591409583234,1.0,False,novel candidate,0.5432555071956996,1067
901,otilonium,-0.020078996138899914,0.75,False,novel candidate,0.5432291842871347,1068
1649,warfarin,0.046129584093548746,1.0,True,known hit (validation evidence),0.5431584296248646,1069
1253,mefloquine,0.0054733748037501945,1.0,False,novel candidate,0.5430300082852928,1070
1254,alpelisib,0.005561159686536493,1.0,False,novel candidate,0.5428575495811209,1071
1256,penicillin-v-potassium,0.005647778004970743,1.0,False,novel candidate,0.5426873826630755,1072
566,PIK-93,-0.04516053092891563,0.5,False,novel candidate,0.5425033742300637,1073
1257,fenoldopam,0.0058343323926942576,1.0,False,novel candidate,0.5423208853010785,1074
1258,adoprazine,0.005871722576249096,1.0,False,novel candidate,0.5422474300272324,1075
1259,dantrolene,0.005900433079045789,1.0,False,novel candidate,0.5421910265104617,1076
1260,tetrahydrouridine,0.005997963057572826,1.0,False,novel candidate,0.5419994229771332,1077
574,amiodarone,-0.04480373356578824,0.5,False,novel candidate,0.5418024242607311,1078
1262,fluconazole,0.006241380190526306,1.0,False,novel candidate,0.5415212153177962,1079
1263,benazepril,0.006246553766415179,1.0,False,novel candidate,0.5415110515154944,1080
1264,glycopyrrolate,0.006279876574974811,1.0,False,novel candidate,0.5414455868454833,1081
1265,nateglinide,0.006340098627605824,1.0,False,novel candidate,0.541327276985862,1082
909,lorglumide,-0.019085304813051096,0.75,False,novel candidate,0.5412770176615898,1083
910,beclomethasone-dipropionate,-0.019077605535591353,0.75,False,novel candidate,0.5412618919660073,1084
912,ponatinib,-0.01893862446238311,0.75,False,novel candidate,0.5409888552536581,1085
1270,tirofiban,0.006602892876737551,1.0,False,novel candidate,0.5408110018114742,1086
915,umeclidinium,-0.018779863969189146,0.75,False,novel candidate,0.5406769606761307,1087
308,everolimus,-0.06959857721945412,0.25,False,novel candidate,0.5405133921510334,1088
1272,sobetirome,0.006801684554241209,1.0,False,novel candidate,0.5404204635546094,1089
1273,oxypurinol,0.006804787867919349,1.0,False,novel candidate,0.540414366907458,1090
923,isoconazole,-0.018383203248033282,0.75,False,novel candidate,0.5398976967323263,1091
1276,alprostadil,0.007080793094268588,1.0,False,novel candidate,0.539872137970424,1092
1277,diphenidol,0.007092331635641041,1.0,False,novel candidate,0.5398494698090052,1093
1278,amantadine,0.007138728882362582,1.0,False,novel candidate,0.539758319615569,1094
587,NVP-BGJ398,-0.04373764027160113,0.5,False,novel candidate,0.5397080195955282,1095
1279,olprinone,0.0072081075023940734,1.0,False,novel candidate,0.5396220211262608,1096
590,AS-601245,-0.04361144134680146,0.5,False,novel candidate,0.5394600941857304,1097
1282,bisoprolol,0.007294718416316707,1.0,False,novel candidate,0.5394518687548256,1098
1283,hydroflumethiazide,0.007349588639660529,1.0,False,novel candidate,0.5393440728870732,1099
1284,tramiprosate,0.00746824576242079,1.0,False,novel candidate,0.5391109638028836,1100
928,doxycycline,-0.017961619082122793,0.75,False,novel candidate,0.5390694691760017,1101
1286,gaboxadol,0.007557410590838376,1.0,False,novel candidate,0.5389357941121744,1102
1287,etomoxir,0.007619490120750287,1.0,False,novel candidate,0.5388138351262488,1103
1290,IOX2,0.007795349621657939,1.0,False,novel candidate,0.5384683485153401,1104
1293,cariporide,0.007901189002795947,1.0,False,novel candidate,0.5382604206587198,1105
600,tyrphostin-1,-0.04272511717842807,0.5,False,novel candidate,0.5377188568256935,1106
1297,metolazone,0.008213718743516785,1.0,False,novel candidate,0.5376464371072338,1107
1298,dexamethasone-acetate,0.008220147020142279,1.0,False,novel candidate,0.5376338083695549,1108
1300,berberine,0.008273869026457553,1.0,False,novel candidate,0.5375282682435036,1109
946,xaliproden,-0.01715699092171922,0.75,False,novel candidate,0.5374887285578105,1110
948,oxiconazole,-0.017109975867335776,0.75,False,novel candidate,0.5373963646439088,1111
1301,anisodamine,0.008371215435122844,1.0,False,novel candidate,0.5373370253442555,1112
1303,glibenclamide,0.008445537608363028,1.0,False,novel candidate,0.5371910149460934,1113
1304,naringenin,0.008484406742355241,1.0,False,novel candidate,0.5371146541847889,1114
1305,dorzolamide,0.00850567564665674,1.0,False,novel candidate,0.5370728701377119,1115
608,rifabutin,-0.04184202504611954,0.5,False,novel candidate,0.5359839689957112,1116
1308,aripiprazole,0.009193416469944812,1.0,False,novel candidate,0.5357217617529215,1117
610,pyrazinoylguanidine,-0.04168770751117879,0.5,False,novel candidate,0.5356808028780132,1118
612,penfluridol,-0.04163427012346685,0.5,False,novel candidate,0.5355758219023985,1119
1310,dolasetron,0.00944472569289842,1.0,False,novel candidate,0.5352280496061211,1120
959,conivaptan,-0.015935388660357905,0.75,False,novel candidate,0.5350888171343282,1121
1311,sparfloxacin,0.009549415299571823,1.0,False,novel candidate,0.5350223805508794,1122
961,salirasib,-0.015858720722949558,0.75,False,novel candidate,0.5349381983407806,1123
617,SU-11274,-0.041282836574133966,0.5,False,novel candidate,0.5348854094692231,1124
618,lasalocid,-0.04125440219242482,0.5,False,novel candidate,0.5348295484090059,1125
620,KIN001-244,-0.04117890482099536,0.5,False,novel candidate,0.5346812292630225,1126
621,tandutinib,-0.04117207621036552,0.5,False,novel candidate,0.5346678140450131,1127
1315,capsaicin,0.010100063856824335,1.0,False,novel candidate,0.5339405982026691,1128
625,elacridar,-0.04075584656546838,0.5,False,novel candidate,0.5338501057686159,1129
1317,pilocarpine,0.010184459859528436,1.0,False,novel candidate,0.5337747971580966,1130
967,luliconazole,-0.015235668942594363,0.75,False,novel candidate,0.533714175487852,1131
1318,hydroxyurea,0.010253212997601027,1.0,False,novel candidate,0.533639727465874,1132
1319,etizolam,0.010324962568571863,1.0,False,novel candidate,0.5334987711002472,1133
971,clomifene,-0.015045892958028662,0.75,False,novel candidate,0.5333413491042841,1134
973,bosentan,-0.014904754646420725,0.75,False,novel candidate,0.5330640743668082,1135
1321,benfluorex,0.010569134425963654,1.0,False,novel candidate,0.5330190807391681,1136
1322,pomalidomide,0.010603438644578777,1.0,False,novel candidate,0.532951688029829,1137
1323,vernakalant,0.010641447604548116,1.0,False,novel candidate,0.5328770171323443,1138
1324,nicergoline,0.010673283505235647,1.0,False,novel candidate,0.5328144735826527,1139
1325,varespladib,0.010719907796054359,1.0,False,novel candidate,0.5327228773473748,1140
628,bosutinib,-0.04015257074331878,0.5,False,novel candidate,0.5326649339799896,1141
975,levofloxacin,-0.014663540071653896,0.75,False,novel candidate,0.5325901937660567,1142
1327,ursodeoxycholyltaurine,0.010907109260069164,1.0,False,novel candidate,0.5323551087649222,1143
982,tanespimycin,-0.01445957358458208,0.75,False,novel candidate,0.5321894892832525,1144
1328,PF-03084014,0.011065889362753642,1.0,False,novel candidate,0.5320431756633662,1145
1329,sch 900776,0.011076893340913297,1.0,False,novel candidate,0.532021557683665,1146
1332,dolutegravir,0.011188967787195147,1.0,False,novel candidate,0.5318013806649907,1147
985,inositol,-0.014202267046673104,0.75,False,novel candidate,0.5316839950490029,1148
1334,siguazodan,0.011253373231769365,1.0,False,novel candidate,0.531674852279233,1149
1335,pentoxifylline,0.011256411884468418,1.0,False,novel candidate,0.5316688826624804,1150
1336,etazolate,0.011553407987558384,1.0,False,novel candidate,0.5310854158803043,1151
989,WAY-362450,-0.013887444749059515,0.75,False,novel candidate,0.5310655076310377,1152
990,R-428,-0.013824764015547848,0.75,False,novel candidate,0.5309423675443294,1153
1339,valsartan,0.011750629846011346,1.0,False,novel candidate,0.5306979616277768,1154
1342,halcinonide,0.011954377687606146,1.0,False,novel candidate,0.5302976866872178,1155
643,CG-930,-0.038882282895807106,0.5,False,novel candidate,0.5301693767820544,1156
1343,nepafenac,0.012025964982447259,1.0,False,novel candidate,0.5301570491228489,1157
1344,triptolide,0.012054286933699039,1.0,False,novel candidate,0.5301014089390557,1158
1346,histamine,0.012226311152652589,1.0,False,novel candidate,0.529763456971185,1159
646,QL-XI-92,-0.03864046736061476,0.5,False,novel candidate,0.5296943155582508,1160
1347,alagebrium,0.01236124469065949,1.0,False,novel candidate,0.5294983718861976,1161
1348,zonisamide,0.01237526851215524,1.0,False,novel candidate,0.5294708212418734,1162
649,aurora-a-inhibitor-i,-0.038399979072351924,0.5,False,novel candidate,0.5292218617912018,1163
1349,valproic-acid,0.012571084539755131,1.0,False,novel candidate,0.5290861288289646,1164
1350,nicotinamide,0.012574265271645792,1.0,False,novel candidate,0.5290798800890588,1165
651,PS-178990,-0.038312656748965584,0.5,False,novel candidate,0.5290503118129082,1166
1351,doxapram,0.012746288072157164,1.0,False,novel candidate,0.5287419309078036,1167
1352,propranolol,0.012766152784104237,1.0,False,novel candidate,0.5287029054814157,1168
652,RHO-kinase-inhibitor-III[rockout],-0.03811974167913393,0.5,False,novel candidate,0.5286713185067441,1169
1353,praziquantel,0.012791416012786858,1.0,False,novel candidate,0.528653274342847,1170
1005,betulinic-acid,-0.012566857926187681,0.75,False,novel candidate,0.5284711350581033,1171
657,fdcyd,-0.038014945590577,0.5,False,novel candidate,0.528465440261411,1172
658,niguldipine,-0.03798874316644242,0.5,False,novel candidate,0.5284139640166523,1173
1355,levalbuterol,0.012924484802934016,1.0,False,novel candidate,0.5283918526676553,1174
660,AZD-5363,-0.03796926016494766,0.5,False,novel candidate,0.5283756884835022,1175
1357,clomethiazole,0.012949163884434397,1.0,False,novel candidate,0.5283433691215068,1176
1358,bupivacaine,0.013025649519650863,1.0,False,novel candidate,0.5281931084716257,1177
1684,losmapimod,0.05399851119716519,1.0,True,known hit (validation evidence),0.5276994470706948,1178
1015,seocalcitol,-0.012091256863497376,0.75,False,novel candidate,0.5275367880455994,1179
1363,CTS-1027,0.013386439658536914,1.0,False,novel candidate,0.5274843144531638,1180
1365,urea,0.01358581926621021,1.0,False,novel candidate,0.5270926211719715,1181
1019,Ro-4987655,-0.0117195864702674,0.75,False,novel candidate,0.5268066191103449,1182
1685,hydrocortisone,0.05452726223142686,1.0,True,known hit (validation evidence),0.5266606837289435,1183
670,NSC-4644,-0.03680198631041517,0.5,False,novel candidate,0.5260825084965046,1184
1366,pantoprazole,0.014258577256619517,1.0,False,novel candidate,0.5257709474672887,1185
672,DMP-543,-0.03660939298810322,0.5,False,novel candidate,0.5257041472827756,1186
1029,mitoxantrone,-0.011103006242973017,0.75,False,novel candidate,0.5255953100142663,1187
1368,veliparib,0.01438180987103882,1.0,False,novel candidate,0.5255288495533892,1188
1369,climbazole,0.014502038643563094,1.0,False,novel candidate,0.5252926528683154,1189
1370,levamisole,0.01457604091421223,1.0,False,novel candidate,0.5251472709381144,1190
1371,cordycepin,0.014684559863131502,1.0,False,novel candidate,0.5249340789087501,1191
1372,isosorbide-mononitrate,0.014690820733968456,1.0,False,novel candidate,0.5249217790498535,1192
680,AM-24,-0.03620277244323954,0.5,False,novel candidate,0.5249053166637543,1193
1373,camostat-mesilate,0.014722333851340887,1.0,False,novel candidate,0.5248598696274795,1194
1690,carvedilol,0.05547070602877588,1.0,True,known hit (validation evidence),0.5248072314079333,1195
1375,SR-27897,0.014779376025362683,1.0,False,novel candidate,0.524747806831441,1196
1376,mifobate,0.014941895403896179,1.0,False,novel candidate,0.5244285276966388,1197
1377,lodoxamide,0.014947759370378086,1.0,False,novel candidate,0.5244170075803194,1198
1041,enoxolone,-0.010000202416113707,0.75,False,novel candidate,0.523428785290425,1199
1381,efaproxiral,0.015815347084807845,1.0,False,novel candidate,0.5227125791156794,1200
1382,pinacidil,0.015844433777298148,1.0,False,novel candidate,0.522655436551535,1201
1384,ALW-II-49-7,0.0160628145566391,1.0,False,novel candidate,0.5222264143209889,1202
1385,ketanserin,0.016085477753956506,1.0,False,novel candidate,0.522181891101071,1203
1386,cromoglicic-acid,0.016100225661786826,1.0,False,novel candidate,0.5221529179454099,1204
1696,indometacin,0.056890084630806935,1.0,True,known hit (validation evidence),0.5220187764181194,1205
1387,febuxostat,0.01617369392181445,1.0,False,novel candidate,0.5220085851113276,1206
1697,loxoprofen,0.056897051472796646,1.0,True,known hit (validation evidence),0.5220050896362547,1207
1049,sorafenib,-0.00913351997630615,0.75,False,novel candidate,0.521726135292456,1208
1050,orlistat,-0.009120933230420762,0.75,False,novel candidate,0.5217014078699633,1209
1051,rimonabant,-0.009041805694073151,0.75,False,novel candidate,0.5215459570457474,1210
1388,drospirenone,0.016505959182650725,1.0,False,novel candidate,0.5213558299386098,1211
1390,mesulergine,0.016567889901451385,1.0,False,novel candidate,0.5212341633011001,1212
1391,tibolone,0.01665813266765863,1.0,False,novel candidate,0.5210568759364991,1213
1392,lorazepam,0.01669179952578236,1.0,False,novel candidate,0.5209907353603398,1214
1393,oxybuprocaine,0.016696961457552575,1.0,False,novel candidate,0.5209805944336123,1215
713,BX-912,-0.03419967929764537,0.5,False,novel candidate,0.5209701191985388,1216
1394,tizanidine,0.016767292942706468,1.0,False,novel candidate,0.520842423983221,1217
397,navitoclax,-0.059565627781479225,0.25,False,novel candidate,0.5208030570206901,1218
1395,mepivacaine,0.01680745587997626,1.0,False,novel candidate,0.5207635214672359,1219
1397,fenobam,0.016946219930720527,1.0,False,novel candidate,0.5204909111086249,1220
716,A-769662,-0.033917486023451585,0.5,False,novel candidate,0.5204157334677748,1221
1399,benzthiazide,0.017383754642126884,1.0,False,novel candidate,0.5196313477423096,1222
1067,bafilomycin a1,-0.007935978356647564,0.75,False,novel candidate,0.5193734924527879,1223
1400,SB-203580,0.017606629073277306,1.0,False,novel candidate,0.5191934974613809,1224
723,tipifarnib-P2,-0.03325895170394554,0.5,False,novel candidate,0.5191220030236477,1225
1401,tolimidone,0.017775276764621484,1.0,False,novel candidate,0.5188621788859309,1226
1070,VX-765,-0.007590809734562748,0.75,False,novel candidate,0.5186953878475737,1227
727,erythromycin-ethylsuccinate,-0.03292235038426838,0.5,False,novel candidate,0.5184607294014524,1228
1403,mitiglinide,0.017998285197826255,1.0,False,novel candidate,0.5184240653498732,1229
1404,metoprolol,0.018011090445610334,1.0,False,novel candidate,0.5183989086672036,1230
1405,maprotiline,0.018198074426954272,1.0,False,novel candidate,0.5180315673425933,1231
1406,ifosfamide,0.0183392807081212,1.0,False,novel candidate,0.5177541590748136,1232
1408,perindopril,0.018473435812025395,1.0,False,novel candidate,0.517490603270636,1233
1074,pelitinib,-0.006942884170919748,0.75,False,novel candidate,0.517422498945076,1234
1409,noscapine,0.01855526823071017,1.0,False,novel candidate,0.5173298385417021,1235
1410,aminocaproic-acid,0.018627482821003464,1.0,False,novel candidate,0.5171879686175307,1236
1411,marimastat,0.01869201624747281,1.0,False,novel candidate,0.5170611888036103,1237
1412,exalamide,0.018894476847054132,1.0,False,novel candidate,0.5166634427277321,1238
1413,RG-4733,0.018909889861953057,1.0,False,novel candidate,0.5166331629290642,1239
1414,rizatriptan,0.018980915888438022,1.0,False,novel candidate,0.5164936280102799,1240
1415,pimobendan,0.019098380880681002,1.0,False,novel candidate,0.5162628609384925,1241
1417,fomepizole,0.019173136821650966,1.0,False,novel candidate,0.5161159983774269,1242
1419,lesinurad,0.019250218140191334,1.0,False,novel candidate,0.5159645674716786,1243
1420,norgestrel,0.01925908032966572,1.0,False,novel candidate,0.5159471571652071,1244
1421,naftifine,0.01926035731518175,1.0,False,novel candidate,0.5159446484500348,1245
742,WZ-3105,-0.03155412249863914,0.5,False,novel candidate,0.5157727630833566,1246
747,XMD11-85H,-0.03135091398394721,0.5,False,novel candidate,0.515373547683072,1247
749,KI-20227,-0.031156408774309845,0.5,False,novel candidate,0.5149914304512199,1248
1425,protirelin,0.019838260617821044,1.0,False,novel candidate,0.514809322508409,1249
1426,sotalol,0.019899841815032494,1.0,False,novel candidate,0.5146883425271713,1250
433,doxorubicin,-0.05638835700262051,0.25,False,novel candidate,0.5145611166781907,1251
1427,primidone,0.019996217241710898,1.0,False,novel candidate,0.5144990071806808,1252
1428,altanserin,0.020006570807557852,1.0,False,novel candidate,0.5144786669752507,1253
1429,triamcinolone,0.020063924044469824,1.0,False,novel candidate,0.5143659930773772,1254
1430,avanafil,0.020131844234036793,1.0,False,novel candidate,0.5142325597628012,1255
1096,palovarotene,-0.005249554716296656,0.75,False,novel candidate,0.5140958509595519,1256
1431,LY-2784544,0.02020927018325227,1.0,False,novel candidate,0.5140804518092771,1257
755,HG-9-91-01,-0.030614411152682555,0.5,False,novel candidate,0.5139266433885354,1258
1433,AZD-7762,0.02029052998627532,1.0,False,novel candidate,0.5139208120183949,1259
756,MK-0893,-0.030521534656181435,0.5,False,novel candidate,0.5137441819017029,1260
1434,LY-294002,0.020409958850322246,1.0,False,novel candidate,0.5136861868018368,1261
1435,rucinol,0.020425086069137992,1.0,False,novel candidate,0.5136564684668355,1262
1438,orantinib,0.020537697244433002,1.0,False,novel candidate,0.5134352370115982,1263
1439,dosulepin,0.02061778805624044,1.0,False,novel candidate,0.5132778937745626,1264
758,licochalcone-a,-0.030258860653865096,0.5,False,novel candidate,0.5132281429594465,1265
1441,erlotinib,0.020674992408283317,1.0,False,novel candidate,0.5131655123700065,1266
1442,SU-014813,0.020860776732152357,1.0,False,novel candidate,0.5128005278449611,1267
1593,kakonein,0.03616159228693146,0.75,True,known hit (validation evidence),0.512741151565164,1268
1445,formoterol,0.021082604438573935,1.0,False,novel candidate,0.5123647339179813,1269
1446,acetylcysteine,0.02109835875326119,1.0,False,novel candidate,0.5123337836152658,1270
1449,bicalutamide,0.021224440627127594,1.0,False,novel candidate,0.512086088159096,1271
1450,glafenine,0.021224788531297598,1.0,False,novel candidate,0.5120854046803417,1272
1451,aphidicolin,0.021272035133486848,1.0,False,novel candidate,0.5119925858767906,1273
1330,fexofenadine,0.011147372134969916,0.5,True,known hit (validation evidence),0.5118830978360374,1274
1452,mestranol,0.021420427951984528,1.0,False,novel candidate,0.5117010592223799,1275
1453,trifluoperazine,0.02153288900304311,1.0,False,novel candidate,0.511480122695272,1276
1113,PF-02545920,-0.003875262950588435,0.75,False,novel candidate,0.5113959717828014,1277
1114,Gossypetin,-0.003861077289808592,0.75,False,novel candidate,0.5113681031954289,1278
1115,flutrimazole,-0.003842267872442873,0.75,False,novel candidate,0.5113311509589826,1279
1454,linezolid,0.021614069264738068,1.0,False,novel candidate,0.5113206391681329,1280
1117,rocuronium,-0.003781285345668334,0.75,False,novel candidate,0.5112113471019761,1281
1119,pimozide,-0.003724367343865081,0.75,False,novel candidate,0.5110995282497605,1282
1455,nefiracetam,0.02179937733214681,1.0,False,novel candidate,0.5109565902776683,1283
1456,benzotript,0.02184446674319525,1.0,False,novel candidate,0.5108680094064011,1284
1124,LCQ-908,-0.003450951468437166,0.75,False,novel candidate,0.5105623862490002,1285
1457,bupropion,0.02203874874997981,1.0,False,novel candidate,0.5104863306700342,1286
1460,arofylline,0.022098730059883432,1.0,False,novel candidate,0.510368493764041,1287
775,ATN-161,-0.02875745949159858,0.5,False,novel candidate,0.5102785496961386,1288
1461,ticlopidine,0.022194122913658017,1.0,False,novel candidate,0.5101810887413644,1289
1464,acexamic-acid,0.022378676184168115,1.0,False,novel candidate,0.5098185226949946,1290
1465,rucaparib,0.022387850311589755,1.0,False,novel candidate,0.5098004995675856,1291
1466,lorcaserin,0.022427204493246564,1.0,False,novel candidate,0.5097231859008486,1292
778,ARP-101,-0.02830868945072643,0.5,False,novel candidate,0.5093969138465082,1293
1469,NVP-AUY922,0.02287191855781612,1.0,False,novel candidate,0.5088495182616333,1294
1471,chlorphenamine,0.023011036575485883,1.0,False,novel candidate,0.5085762125136184,1295
1472,raclopride,0.02308182302898579,1.0,False,novel candidate,0.5084371482504327,1296
1614,TAK-715,0.03840185401126138,0.75,True,known hit (validation evidence),0.5083400221027656,1297
786,THZ-2-98-01,-0.027749562862352226,0.5,False,novel candidate,0.5082984758941123,1298
1145,dihydroergotamine,-0.0021894165628442938,0.75,False,novel candidate,0.5080840247341154,1299
1474,donitriptan,0.023370225804067613,1.0,False,novel candidate,0.5078705635801395,1300
1475,amrinone,0.023447937495833078,1.0,False,novel candidate,0.5077178942681179,1301
1476,rolipram,0.023448878936891834,1.0,False,novel candidate,0.5077160447502977,1302
480,atracurium,-0.052580083911974364,0.25,False,novel candidate,0.5070795341835763,1303
1478,reboxetine,0.023792501029973087,1.0,False,novel candidate,0.5070409783947168,1304
1479,moclobemide,0.023804935167076113,1.0,False,novel candidate,0.5070165507813942,1305
1480,riociguat,0.02391105038693178,1.0,False,novel candidate,0.5068080810229532,1306
1481,roquinimex,0.02393536412168413,1.0,False,novel candidate,0.5067603152225569,1307
1482,ibrutinib,0.024114951197817158,1.0,False,novel candidate,0.5064075055649838,1308
796,WZ-7043,-0.026740963413120288,0.5,False,novel candidate,0.5063170213597761,1309
1483,rimantadine,0.024203852983873852,1.0,False,novel candidate,0.5062328526368797,1310
1485,piribedil,0.024420123937376206,1.0,False,novel candidate,0.5058079752866205,1311
1486,mazindol,0.024567416336827855,1.0,False,novel candidate,0.5055186104718876,1312
804,KIN001-260,-0.02625191772052447,0.5,False,novel candidate,0.5053562615598084,1313
1167,bitopertin,-0.0007354476114497566,0.75,False,novel candidate,0.5052276149138258,1314
1488,GSK-J1,0.02478605549683109,1.0,False,novel candidate,0.505089080636925,1315
805,phenylacetylglutamine,-0.026097122708421797,0.5,False,novel candidate,0.5050521574093877,1316
1490,idebenone,0.02485790670040095,1.0,False,novel candidate,0.5049479246079194,1317
1174,tetradecylthioacetic-acid,-0.0005518924842428393,0.75,False,novel candidate,0.5048670097802599,1318
811,WZ-4-145,-0.025968103674462693,0.5,False,novel candidate,0.5047986917248203,1319
1491,isradipine,0.02493745027742499,1.0,False,novel candidate,0.504791656446667,1320
1493,masoprocol,0.024970452908330106,1.0,False,novel candidate,0.504726820784996,1321
1495,RU-58841,0.024980166109326487,1.0,False,novel candidate,0.504707738614991,1322
1496,AZD-7687,0.025107150740810737,1.0,False,novel candidate,0.5044582696369571,1323
812,TAK-875,-0.02573966933252745,0.5,False,novel candidate,0.5043499186633532,1324
1497,cianidanol,0.025179532918745057,1.0,False,novel candidate,0.5043160704767431,1325
1499,minaprine,0.02534108378465233,1.0,False,novel candidate,0.5039986940434903,1326
1500,BMS-707035,0.025371990161639452,1.0,False,novel candidate,0.5039379765992485,1327
1501,glipizide,0.025523669513670293,1.0,False,novel candidate,0.5036399933512152,1328
1189,aliskiren,0.00019457811052328304,0.75,False,novel candidate,0.5034005232123024,1329
1503,anastrozole,0.025781585960688788,1.0,False,novel candidate,0.5031333009136834,1330
1191,MK-0752,0.0003386497819367095,0.75,False,novel candidate,0.5031174857123227,1331
1505,MK-8245,0.025852647879825833,1.0,False,novel candidate,0.5029936954816161,1332
1506,levetiracetam,0.025864244989225894,1.0,False,novel candidate,0.5029709122597699,1333
828,zosuquidar,-0.02486916147548677,0.5,False,novel candidate,0.5026397534021864,1334
1507,telmesteine,0.026234723725512565,1.0,False,novel candidate,0.5022430844065527,1335
830,ZK-93426,-0.02466068003905039,0.5,False,novel candidate,0.5022301790286663,1336
831,GW-843682X,-0.024659704626923736,0.5,False,novel candidate,0.5022282627726317,1337
1509,tiludronate,0.026489601041472265,1.0,False,novel candidate,0.50174236252554,1338
1202,indinavir,0.0011117141435070788,0.75,False,novel candidate,0.5015987540832961,1339
1511,labetalol,0.02658601616310991,1.0,False,novel candidate,0.5015529491959047,1340
837,BTS-54505,-0.02424699508575084,0.5,False,novel candidate,0.5014174699526042,1341
1513,metamizole,0.026680573022985314,1.0,False,novel candidate,0.5013671865337345,1342
1514,tolcapone,0.026681040028978094,1.0,False,novel candidate,0.5013662690722559,1343
1515,ibudilast,0.026726355720414458,1.0,False,novel candidate,0.5012772436595001,1344
1516,PF-04447943,0.026757178971892694,1.0,False,novel candidate,0.501216689520341,1345
1517,faropenem,0.026782045709618917,1.0,False,novel candidate,0.501167837312203,1346
1735,iguratimod,0.06755410993322039,1.0,True,known hit (validation evidence),0.5010686546370355,1347
1518,ampalex,0.026966423706021484,1.0,False,novel candidate,0.5008056156024034,1348
1519,resveratrol,0.026968868174951345,1.0,False,novel candidate,0.5008008132955524,1349
1520,fludroxycortide,0.027055161408150258,1.0,False,novel candidate,0.5006312850270859,1350
845,RS-127445,-0.023790582062645928,0.5,False,novel candidate,0.5005208190027648,1351
849,MD-920,-0.02354433077147843,0.5,False,novel candidate,0.5000370434684419,1352
851,CEP-32496,-0.02353838582828474,0.5,False,novel candidate,0.5000253642684815,1353
1522,procainamide,0.027364004642380445,1.0,False,novel candidate,0.5000245438402544,1354
852,thiocolchicoside,-0.02345295277666989,0.5,False,novel candidate,0.49985752587868926,1355
1523,tranylcypromine,0.02750501622514972,1.0,False,novel candidate,0.4997475180692361,1356
1524,laropiprant,0.027534270117314335,1.0,False,novel candidate,0.4996900470312332,1357
1214,taladegib,0.0020866923188803334,0.75,False,novel candidate,0.49968335057207736,1358
1527,clofibrate,0.02768964879278179,1.0,False,novel candidate,0.4993847962388809,1359
856,DPCPX,-0.02320019937764289,0.5,False,novel candidate,0.49936097656076894,1360
1529,meclofenamic-acid,0.027861683019827145,1.0,False,novel candidate,0.49904682460950944,1361
860,HG-6-64-01,-0.022788316501500136,0.5,False,novel candidate,0.49855180777412134,1362
861,clarithromycin,-0.02263770938687075,0.5,False,novel candidate,0.4982559310012231,1363
862,TTNPB,-0.022615068209254637,0.5,False,novel candidate,0.49821145104033837,1364
863,CP-466722,-0.022590393133068022,0.5,False,novel candidate,0.4981629753628707,1365
1532,chlorambucil,0.02836221121568119,1.0,False,novel candidate,0.49806350673838296,1366
867,atenolol-(+/-),-0.02246795203842556,0.5,False,novel candidate,0.4979224324373781,1367
1534,topiroxostat,0.028746899214395754,1.0,False,novel candidate,0.49730776393093035,1368
1536,clozapine,0.02884938822203709,1.0,False,novel candidate,0.4971064180853966,1369
875,bisindolylmaleimide,-0.02192567684238687,0.5,False,novel candidate,0.4968571000629979,1370
1537,tipiracil,0.02909037555887041,1.0,False,novel candidate,0.4966329839072898,1371
1539,acecainide,0.02909667682909567,1.0,False,novel candidate,0.4966206046813549,1372
1234,fluticasone-propionate,0.003772580387094284,0.75,False,novel candidate,0.49637132163959113,1373
880,flumatinib,-0.02160454605274439,0.5,False,novel candidate,0.4962262192314283,1374
1237,PD-184352,0.003930326038122575,0.75,False,novel candidate,0.49606142078079146,1375
1542,acifran,0.029619568696252156,1.0,False,novel candidate,0.4955933520272574,1376
887,Y-27152,-0.021083454905169437,0.5,False,novel candidate,0.4952025041997067,1377
889,CNQX,-0.02088104070740219,0.5,False,novel candidate,0.49480484928299484,1378
1544,XBD-173,0.030028318616381236,1.0,False,novel candidate,0.49479033812191964,1379
890,PD-153035,-0.02083581453069116,0.5,False,novel candidate,0.4947159997273234,1380
1545,ziprasidone,0.030186921248241433,1.0,False,novel candidate,0.49447875367251665,1381
1246,MK-3207,0.00474463808607584,0.75,False,novel candidate,0.4944616555806317,1382
1250,ciclesonide,0.0050883844544444305,0.75,False,novel candidate,0.49378634507874297,1383
1546,rivaroxaban,0.0305551992433177,1.0,False,novel candidate,0.4937552493083255,1384
1547,tramadol,0.03060519715652884,1.0,False,novel candidate,0.4936570253881012,1385
1549,AZD-1480,0.030991242683258535,1.0,False,novel candidate,0.49289861563487236,1386
1550,chloramphenicol,0.031017026766635616,1.0,False,novel candidate,0.4928479612457983,1387
903,josamycin,-0.019879127485762482,0.5,False,novel candidate,0.49283653024659124,1388
564,rifaximin,-0.04529661890539405,0.25,False,novel candidate,0.4927707272791528,1389
1551,piretanide,0.031164770455568022,1.0,False,novel candidate,0.49255770984562397,1390
904,tie2-kinase-inhibitor,-0.019709486190013052,0.5,False,novel candidate,0.4925032596752764,1391
906,BIX-02189,-0.019516948738949408,0.5,False,novel candidate,0.4921250082239891,1392
1554,dalfampridine,0.031486417009306635,1.0,False,novel candidate,0.491925815764337,1393
907,KIN001-270,-0.01938765334968634,0.5,False,novel candidate,0.49187099962273595,1394
1556,deoxycholic-acid,0.031593234692905044,1.0,False,novel candidate,0.49171596597344674,1395
1557,Y-27632,0.0316042234270393,1.0,False,novel candidate,0.491694377941554,1396
1558,ABT-724,0.03168829302436078,1.0,False,novel candidate,0.49152921814006967,1397
1266,BMS-599626,0.0063419438314861664,0.75,False,novel candidate,0.4913236519713944,1398
1267,refametinib,0.006496031420831332,0.75,False,novel candidate,0.491020937595707,1399
1269,CP-945598,0.0065472777489543705,0.75,False,novel candidate,0.4909202610889879,1400
1559,amineptine,0.03205022105170853,1.0,False,novel candidate,0.49081818867099974,1401
913,r(-)-apomorphine,-0.018850161291648647,0.5,False,novel candidate,0.4908150640118455,1402
578,anidulafungin,-0.04429847727778943,0.25,False,novel candidate,0.4908098177670239,1403
1560,mestinon,0.03207935014775082,1.0,False,novel candidate,0.49076096280251646,1404
916,pyrazolanthrone,-0.018775071772295714,0.5,False,novel candidate,0.49066754611589947,1405
1563,amtolmetin-guacil,0.032248637723662016,1.0,False,novel candidate,0.4904283871351874,1406
1564,esmolol,0.03226994312463442,1.0,False,novel candidate,0.4903865313881961,1407
1565,tolnaftate,0.03227635982712063,1.0,False,novel candidate,0.4903739253886127,1408
1275,REV-5901,0.0070681705643578846,0.75,False,novel candidate,0.4898969356927958,1409
1566,dicloxacillin,0.032536889325660276,1.0,False,novel candidate,0.4898620994535472,1410
924,BAY-K8644,-0.018324418872945416,0.5,False,novel candidate,0.4897822112770699,1411
1567,CPI-1189,0.032579046871133784,1.0,False,novel candidate,0.4897792784092777,1412
926,AMG-487,-0.018108217438303476,0.5,False,novel candidate,0.4893574705008108,1413
1285,triclabendazole,0.007527083463574016,0.75,False,novel candidate,0.48899537358535095,1414
1569,felbamate,0.03304783397649141,1.0,False,novel candidate,0.48885831782749617,1415
1570,palonosetron,0.033061473244131896,1.0,False,novel candidate,0.48883152266244645,1416
934,PCA-4248,-0.01768638355490495,0.5,False,novel candidate,0.48852875235939874,1417
1572,ramatroban,0.033227805988776116,1.0,False,novel candidate,0.4885047519396041,1418
1292,trametinib,0.007818251617410895,0.75,False,novel candidate,0.48842335616147303,1419
937,ledipasvir,-0.017480789663752952,0.5,False,novel candidate,0.48812485074298884,1420
1295,exifone,0.00800586742083087,0.75,False,novel candidate,0.4880547735842341,1421
1573,clemizole,0.033460737259797,1.0,False,novel candidate,0.4880471443893476,1422
942,GNF-2,-0.017305657642998407,0.5,False,novel candidate,0.4877807933107784,1423
943,lonafarnib,-0.017222599363892213,0.5,False,novel candidate,0.48761762030500844,1424
947,KN-62,-0.017116218895348978,0.5,False,novel candidate,0.4874086294495005,1425
1575,raltegravir,0.033853239088992355,1.0,False,novel candidate,0.4872760508399841,1426
1302,pilaralisib,0.008440439445062469,0.75,False,novel candidate,0.4872010305958108,1427
952,JNK-9L,-0.016875789956499163,0.5,False,novel candidate,0.486936292277958,1428
1576,decitabine,0.03408239551449804,1.0,False,novel candidate,0.4868258592017314,1429
1577,liranaftate,0.0341064315233091,1.0,False,novel candidate,0.4867786390107207,1430
603,goserelin-acetate,-0.04218995246387627,0.25,False,novel candidate,0.4866674934216455,1431
1306,travoprost,0.00873853133762724,0.75,False,novel candidate,0.4866154110690293,1432
955,MGCD-265,-0.016670469395744035,0.5,False,novel candidate,0.48653292763562106,1433
1307,regorafenib,0.009036084678056616,0.75,False,novel candidate,0.4860308495604446,1434
1578,quinapril,0.03451627298754102,1.0,False,novel candidate,0.4859734807010669,1435
957,DU-728,-0.016362359596701827,0.5,False,novel candidate,0.4859276273265136,1436
1580,diltiazem,0.034549987665644016,1.0,False,novel candidate,0.4859072461796702,1437
1582,ketorolac,0.03472049667634403,1.0,False,novel candidate,0.48557227092992755,1438
1583,ischemin,0.03476785954155097,1.0,False,novel candidate,0.48547922372065644,1439
1487,fostamatinib,0.02463203164022071,0.5,True,known hit (validation evidence),0.4853916698058058,1440
1309,cinnarizine,0.009372771053416612,0.75,False,novel candidate,0.4853694088412232,1441
1584,tirasemtiv,0.03495703117441535,1.0,False,novel candidate,0.4851075846225067,1442
1586,bopindolol,0.035073535981364486,1.0,False,novel candidate,0.48487870389272125,1443
1587,lamivudine,0.03518071372577773,1.0,False,novel candidate,0.4846681467406137,1444
962,novobiocin,-0.01566303810016182,0.5,False,novel candidate,0.48455376800968253,1445
1588,D-serine,0.03527552676510175,1.0,False,novel candidate,0.48448188079844423,1446
1589,miglitol,0.03538686317269541,1.0,False,novel candidate,0.4842631537013482,1447
970,PHA-767491,-0.015150010841297537,0.5,False,novel candidate,0.4835458949743673,1448
1592,dipraglurant,0.03601662235034361,1.0,False,novel candidate,0.4830259537613313,1449
1326,mirodenafil,0.010757314251700094,0.75,False,novel candidate,0.4826493901060233,1450
976,dilazep,-0.01461677227162928,0.5,False,novel candidate,0.4824983155982763,1451
1596,naphazoline,0.03652967867319768,1.0,False,novel candidate,0.4820180236280527,1452
1598,CC-930,0.03691243974150621,1.0,False,novel candidate,0.48126606639176345,1453
1599,ganciclovir,0.03692423084301242,1.0,False,novel candidate,0.4812429020607081,1454
1601,nebivolol,0.036984712312839015,1.0,False,novel candidate,0.481124082560338,1455
1602,tetracaine,0.036987036895934494,1.0,False,novel candidate,0.4811195157764493,1456
1603,nalbuphine,0.036993277946474785,1.0,False,novel candidate,0.4811072548557225,1457
1604,diethylstilbestrol,0.0370624485736776,1.0,False,novel candidate,0.4809713649808883,1458
992,ICI-192605,-0.013673667097838117,0.5,False,novel candidate,0.48064552852369735,1459
993,anacardic-acid,-0.013567190705151595,0.5,False,novel candidate,0.48043634921941636,1460
995,SB-271046,-0.01354522817284011,0.5,False,novel candidate,0.4803932024982207,1461
1606,dasabuvir,0.03737516747773207,1.0,False,novel candidate,0.48035700980660856,1462
997,KIN001-266,-0.01348516695191887,0.5,False,novel candidate,0.48027520860220696,1463
1607,AMG-208,0.03759670807210708,1.0,False,novel candidate,0.479921779928585,1464
1345,AMG-517,0.012213705519844997,0.75,False,novel candidate,0.4797882214981771,1465
1608,selumetinib,0.03768955718555532,1.0,False,novel candidate,0.4797393722374136,1466
1609,adatanserin,0.03775106842118235,1.0,False,novel candidate,0.4796185296999339,1467
1610,tebipenem,0.037770816517488176,1.0,False,novel candidate,0.47957973337201654,1468
999,3_3'-diindolylmethane,-0.013073306157158918,0.5,False,novel candidate,0.47946608319576944,1469
1611,sasapyrine,0.03796544745220733,1.0,False,novel candidate,0.4791973691456479,1470
1612,trazodone,0.03815797032503801,1.0,False,novel candidate,0.47881914633417977,1471
1004,closantel,-0.012663657711839941,0.5,False,novel candidate,0.4786613040834279,1472
1615,castanospermine,0.03851800825796143,1.0,False,novel candidate,0.4781118300697624,1473
1011,NPK76-II-72-1,-0.012321861200064198,0.5,False,novel candidate,0.4779898241925812,1474
1616,EX-527,0.038615209066120766,1.0,False,novel candidate,0.477920873211502,1475
1361,avagacestat,0.01335648969114601,0.75,False,novel candidate,0.47754315297298966,1476
1364,CPI-613,0.013541632884366751,0.75,False,novel candidate,0.47717942798782526,1477
1618,guanethidine,0.03909929226072192,1.0,False,novel candidate,0.47696986253856455,1478
365,fidaxomicin,-0.06253807357113796,0.0,False,novel candidate,0.4766426063011036,1479
1020,birinapant,-0.011618475663824051,0.5,False,novel candidate,0.47660798082430367,1480
1620,amfepramone,0.03950815791510143,1.0,False,novel candidate,0.47616662126630177,1481
1024,tegobuvir,-0.01138137537028195,0.5,False,novel candidate,0.4761421829775081,1482
1621,furosemide,0.039592317193288866,1.0,False,novel candidate,0.47600128528133967,1483
1623,dexloxiglumide,0.03984596881773503,1.0,False,novel candidate,0.47550297134533337,1484
674,eptifibatide,-0.036506959282820786,0.25,False,novel candidate,0.4755029100820658,1485
1031,andarine,-0.011051769163804029,0.5,False,novel candidate,0.475494651677676,1486
1624,favipiravir,0.03989795671335042,1.0,False,novel candidate,0.47540083798448707,1487
1034,ABT-737,-0.010779628900010621,0.5,False,novel candidate,0.4749600156930148,1488
1374,AMG-837,0.014729502067809425,0.75,False,novel candidate,0.47484578723328874,1489
1040,BCI-540,-0.010282629197449761,0.5,False,novel candidate,0.4739836297600729,1490
1379,UNC-1215,0.01569359325260172,0.75,False,novel candidate,0.4729517718726072,1491
1042,ZK-93423,-0.009694686206802782,0.5,False,novel candidate,0.47282858024498964,1492
1044,UNC-669,-0.009578685382236241,0.5,False,novel candidate,0.4726006896190339,1493
1383,cpi-169,0.015968493337735097,0.75,False,novel candidate,0.4724117140522388,1494
1628,candesartan,0.04155539653949271,1.0,False,novel candidate,0.4721446973417375,1495
1629,lenalidomide,0.04157212461412391,1.0,False,novel candidate,0.47211183402879997,1496
1631,moxisylyte,0.04189416727824933,1.0,False,novel candidate,0.4714791617647342,1497
1054,AKT-inhibitor-1-2,-0.00857476874732458,0.5,False,novel candidate,0.4706284347562575,1498
1396,LXR-623,0.016942531682155697,0.75,False,novel candidate,0.4704981568956894,1499
718,temoporfin,-0.03388135474170109,0.25,False,novel candidate,0.4703447513825572,1500
1062,trichostatin-a,-0.008174501308791958,0.5,False,novel candidate,0.4698420851983318,1501
1063,sulbutiamine,-0.008130331223064568,0.5,False,novel candidate,0.4697553103971823,1502
1637,tolfenamic-acid,0.04367605486423645,1.0,False,novel candidate,0.4679785359815055,1503
1639,levosimendan,0.04387352263997335,1.0,False,novel candidate,0.46759059860962104,1504
1073,IKK-inhibitor-X,-0.007023429620539849,0.5,False,novel candidate,0.4675807353455532,1505
1640,trientine,0.044286828909608854,1.0,False,novel candidate,0.4667786334804882,1506
1079,KN-93,-0.0065942803079681485,0.5,False,novel candidate,0.46673764560170106,1507
1641,tacrine,0.04435255311281616,1.0,False,novel candidate,0.4666495143137468,1508
1642,mibampator,0.044374051090516606,1.0,False,novel candidate,0.4666072802381422,1509
1422,voglibose,0.019492371085602495,0.75,False,novel candidate,0.46548884338512164,1510
1643,semagacestat,0.045012584356500455,1.0,False,novel candidate,0.46535284307166175,1511
1088,lacitol,-0.00562661463749539,0.5,False,novel candidate,0.4648366079480122,1512
1645,VE-822,0.045399650730134126,1.0,False,novel candidate,0.464592427803034,1513
1091,penitrem-a,-0.005441085069823164,0.5,False,novel candidate,0.46447212390690196,1514
1647,linopirdine,0.0456169529892908,1.0,False,novel candidate,0.46416552439052927,1515
1097,PD-173074,-0.005213877453375829,0.5,False,novel candidate,0.4640257608217465,1516
1098,KBG,-0.0051883877099019185,0.5,False,novel candidate,0.46397568468118955,1517
1100,L-655240,-0.005093705793037554,0.5,False,novel candidate,0.4637896763370114,1518
1101,metatinib,-0.0050629506128603815,0.5,False,novel candidate,0.46372925592803466,1519
1648,cevimeline,0.04588421977604154,1.0,False,novel candidate,0.46364046264586145,1520
1436,macitentan,0.020472086332814544,0.75,False,novel candidate,0.4635641336101709,1521
1437,aprepitant,0.020496071521476585,0.75,False,novel candidate,0.4635170132584123,1522
1650,calpeptin,0.04617634920574309,1.0,False,novel candidate,0.4630665567374892,1523
1651,sulfadoxine,0.0463193258019067,1.0,False,novel candidate,0.462785670578977,1524
1652,latanoprost,0.046363499365556844,1.0,False,novel candidate,0.46269888894523825,1525
1653,vidarabine,0.0465195679046888,1.0,False,novel candidate,0.4623922828740513,1526
1655,SU-11652,0.0469645358429656,1.0,False,novel candidate,0.46151811648460483,1527
1656,terbinafine,0.04708928438225089,1.0,False,novel candidate,0.4612730404447489,1528
1657,butaclamol,0.04716714258140868,1.0,False,novel candidate,0.46112008331010645,1529
1658,camicinal,0.04755357848832243,1.0,False,novel candidate,0.46036090663142826,1530
1462,AGI-6780,0.022221014568361085,0.75,False,novel candidate,0.4601282584615266,1531
1126,CB-10-277-(free-acid),-0.003124672563652537,0.5,False,novel candidate,0.45992139163430346,1532
1463,cediranib,0.022344956760454025,0.75,False,novel candidate,0.4598847665394309,1533
1128,CT-7758,-0.0030788859401799204,0.5,False,novel candidate,0.4598314410471196,1534
1130,2'_5'-dideoxyadenosine,-0.003009614483650791,0.5,False,novel candidate,0.4596953530869841,1535
1660,bumetanide,0.048013072967894845,1.0,False,novel candidate,0.4594582019742479,1536
1661,dacarbazine,0.048320737141230995,1.0,False,novel candidate,0.4588537771237545,1537
1662,amlexanox,0.048379621983607755,1.0,False,novel candidate,0.4587380942944411,1538
1141,metenkephalin,-0.0023925214540096297,0.5,False,novel candidate,0.45848303655972356,1539
1143,halofantrine,-0.002314298845728414,0.5,False,novel candidate,0.458329363521349,1540
1473,sofalcone,0.02313909302302958,0.75,False,novel candidate,0.4583246378882013,1541
1664,diphenylpyraline,0.048590169170077004,1.0,False,novel candidate,0.45832446163021656,1542
1665,rilmenidine,0.04859581744409822,1.0,False,novel candidate,0.4583133652547634,1543
1144,KIN001-269,-0.0022154324722286514,0.5,False,novel candidate,0.4581351345593823,1544
1146,epigallocatechin-gallate-(-),-0.002116303434834345,0.5,False,novel candidate,0.4579403895783307,1545
1149,CI-966,-0.001815268926788205,0.5,False,novel candidate,0.4573489891057111,1546
1150,HG-5-88-01,-0.0018021516276895788,0.5,False,novel candidate,0.4573232193793871,1547
1666,carbachol,0.04946651303727457,1.0,False,novel candidate,0.4566028311746193,1548
1154,GSK-1904529A,-0.0014309903753509945,0.5,False,novel candidate,0.4565940506821642,1549
1156,rottlerin,-0.001361726791433814,0.5,False,novel candidate,0.4564579781882504,1550
1667,letrozole,0.049575786254108016,1.0,False,novel candidate,0.4563881573403821,1551
1668,LY-2886721,0.04986172808410821,1.0,False,novel candidate,0.45582640734533525,1552
1163,CGP-60474,-0.0009293413672101418,0.5,False,novel candidate,0.45560853090760656,1553
1164,zafirlukast,-0.0009172747832063619,0.5,False,novel candidate,0.45558482537454636,1554
1166,torcetrapib,-0.0008223215549067271,0.5,False,novel candidate,0.45539828402266735,1555
1671,NXY-059,0.050118448942238665,1.0,False,novel candidate,0.45532206371438383,1556
1171,garcinol,-0.0006219863845009213,0.5,False,novel candidate,0.455004713480774,1557
1176,asymmetrical-dimethylarginine,-0.0004618422015472005,0.5,False,novel candidate,0.45469010056114284,1558
1179,PD-123319,-0.00037310986086647836,0.5,False,novel candidate,0.4545157805187138,1559
1181,sarsagenin,-0.00031429184626152756,0.5,False,novel candidate,0.45440022897659427,1560
1673,nizofenone,0.05062492928921277,1.0,False,novel candidate,0.4543270524828902,1561
1185,rebastinib,-0.00011492418602674909,0.5,False,novel candidate,0.4540085591668665,1562
1674,ostarine,0.051372330427437184,1.0,False,novel candidate,0.4528587378061069,1563
1194,A-66,0.0005724446507867961,0.5,False,novel candidate,0.45265818157197213,1564
1196,SDZ-NKT-343,0.0006333260266965878,0.5,False,novel candidate,0.4525385764319485,1565
1676,CC-401,0.05192225630808599,1.0,False,novel candidate,0.45177837519973213,1566
1510,epz004777,0.02652815241530383,0.75,False,novel candidate,0.45166662602326296,1567
1201,OCO-1112,0.0010929450626757417,0.5,False,novel candidate,0.4516356270761843,1568
1677,edoxudine,0.0520163486156629,1.0,False,novel candidate,0.45159352517860984,1569
1203,DMP-777,0.0011375594716097907,0.5,False,novel candidate,0.4515479793752596,1570
1678,yohimbine,0.05217197047490096,1.0,False,novel candidate,0.45128779663705265,1571
1679,dofequidar,0.05250699035860101,1.0,False,novel candidate,0.45062962984134824,1572
1521,VTP-27999,0.027184967090165428,0.75,False,novel candidate,0.4503762739249011,1573
1211,choline-alfoscerate,0.0019503215602110998,0.5,False,novel candidate,0.44995125916385953,1574
1680,dicoumarol,0.05286276877006844,1.0,False,novel candidate,0.4499306816640932,1575
1525,anandamide,0.02756595471252239,0.75,False,novel candidate,0.4496278007302944,1576
1216,argatroban,0.0021441384008896902,0.5,False,novel candidate,0.44957049427440243,1577
1218,NVP-BHG712,0.002250371033805997,0.5,False,novel candidate,0.44936179385091235,1578
1531,preladenant,0.028087344835419914,0.75,False,novel candidate,0.44860349834349444,1579
1682,BMY-14802,0.05372110099607352,1.0,False,novel candidate,0.44824443616546655,1580
1225,3-amino-benzamide,0.0028410647183662262,0.5,False,novel candidate,0.448201340431503,1581
1683,donepezil,0.053803976705491446,1.0,False,novel candidate,0.4480816218288758,1582
1533,SR-2640,0.028670773948549166,0.75,False,novel candidate,0.4474573166134191,1583
1686,zileuton,0.05455434965082223,1.0,False,novel candidate,0.446607468857544,1584
1687,otamixaban,0.05459107488627489,1.0,False,novel candidate,0.4465353199144054,1585
1541,vicriviroc,0.029201742330289947,0.75,False,novel candidate,0.44641419715862396,1586
1241,isofloxythepin,0.0040851273279969005,0.5,False,novel candidate,0.4457573042973092,1587
1688,nelarabine,0.05504374672394204,1.0,False,novel candidate,0.44564601874931464,1588
1543,darunavir,0.02965642904068017,0.75,False,novel candidate,0.4455209376543766,1589
1689,eugenol,0.055422983653164004,1.0,False,novel candidate,0.44490098489710816,1590
1243,BMS-777607,0.0045487519477629326,0.5,False,novel candidate,0.44484648573027064,1591
1691,busulfan,0.05553773019809727,1.0,False,novel candidate,0.4446755583792466,1592
1692,meptazinol,0.05588171405153677,1.0,False,novel candidate,0.4439997813235927,1593
1249,ritonavir,0.005068114486315659,0.5,False,novel candidate,0.44382616665537594,1594
1694,ofloxacin,0.05611951169157407,1.0,False,novel candidate,0.4435326134974897,1595
1695,MK-0773,0.05647002453048323,1.0,False,novel candidate,0.4428440098555499,1596
1255,KIN001-055,0.005636106895080008,0.5,False,novel candidate,0.44271031126335514,1597
1553,geldanamycin,0.03138564906697523,0.75,False,novel candidate,0.4421237804731224,1598
1261,cefoperazone,0.006033277082696417,0.5,False,novel candidate,0.4419300464419188,1599
1268,TPCA-1,0.006534608419837102,0.5,False,novel candidate,0.4409451507512274,1600
1699,GW-842166,0.057549190823163496,1.0,False,novel candidate,0.44072392249523806,1601
1271,GDC-0834,0.006766463657231681,0.5,False,novel candidate,0.440489657134019,1602
1274,almorexant,0.007033334994345,0.5,False,novel candidate,0.43996537227404786,1603
1700,phensuximide,0.0580821690652889,1.0,False,novel candidate,0.43967685454832794,1604
1280,NVP-DPP728,0.007249250850370139,0.5,False,novel candidate,0.4395411925342296,1605
1281,SEP-227900,0.007258069335633958,0.5,False,novel candidate,0.43952386808731925,1606
1568,epz-5676,0.03283240884239966,0.75,False,novel candidate,0.4392815335144382,1607
1288,ZD-7288,0.007649574469165876,0.5,False,novel candidate,0.4387547326067839,1608
1704,enprofylline,0.058677528927171776,1.0,False,novel candidate,0.4385072341417454,1609
1291,1271738-62-5,0.0078021472888115595,0.5,False,novel candidate,0.43845499408765853,1610
1294,tyrphostin-AG-1478,0.00795310457309762,0.5,False,novel candidate,0.43815842938532057,1611
1706,fiacitabine,0.05893938482610725,1.0,False,novel candidate,0.43799280241299177,1612
1707,epinephrine,0.058946938274366874,1.0,False,novel candidate,0.43797796320768057,1613
1299,ORG-9768,0.008226424921375096,0.5,False,novel candidate,0.4376214750534169,1614
1708,bezafibrate,0.05973503863038283,1.0,False,novel candidate,0.4364296924594375,1615
1709,merbarone,0.059789553110878635,1.0,False,novel candidate,0.43632259546999574,1616
1579,fenticonazole,0.034532980917636374,0.75,False,novel candidate,0.43594065696328677,1617
1711,L-690330,0.060189944402290814,1.0,False,novel candidate,0.4355360025956079,1618
1712,cefepime,0.06046568649600953,1.0,False,novel candidate,0.43499429059851885,1619
1713,minoxidil,0.06072604488644515,1.0,False,novel candidate,0.4344828008156581,1620
1312,probucol,0.009831115885567456,0.5,False,novel candidate,0.4344689627358377,1621
1313,calpain inhibitor ii,0.009857545474914778,0.5,False,novel candidate,0.43441704021129857,1622
1314,guanaben-acetate,0.009879319916604987,0.5,False,novel candidate,0.43437426300548854,1623
1316,dideoxyadenosine,0.010150561824821533,0.5,False,novel candidate,0.43384139189461596,1624
1714,rotundine,0.06113419277743382,1.0,False,novel candidate,0.4336809696329273,1625
1320,GSK-429286A,0.010429658862604727,0.5,False,novel candidate,0.4332930889072839,1626
1590,bromocriptine,0.03591216457458607,0.75,False,novel candidate,0.43323116737073697,1627
1716,bimatoprost,0.06146113736381703,1.0,False,novel candidate,0.43303866724652507,1628
1717,imiloxan,0.06173797346699995,1.0,False,novel candidate,0.4324948060017688,1629
1597,atovaquone,0.03655830219564255,0.75,False,novel candidate,0.43196179098943666,1630
1333,FR-180204,0.011196762350579993,0.5,False,novel candidate,0.43178606777445344,1631
1338,itraconazole,0.011664417172602718,0.5,False,novel candidate,0.43086733163166974,1632
1340,CGS-20625,0.011831605322417412,0.5,False,novel candidate,0.4305388804137062,1633
1719,danegaptide,0.06282527461266285,1.0,False,novel candidate,0.43035873723145235,1634
1341,gsk126,0.011932949420711315,0.5,False,novel candidate,0.43033978381173443,1635
1720,zalcitabine,0.06337261116820965,1.0,False,novel candidate,0.42928346151062774,1636
1721,methyldopa,0.063807352962283,1.0,False,novel candidate,0.4284293849990967,1637
1354,erythromycin,0.01291979623672261,0.5,False,novel candidate,0.42840106363915265,1638
1722,cytarabine,0.06382593982975515,1.0,False,novel candidate,0.42839286997535775,1639
1356,telmisartan,0.012933268035985674,0.5,False,novel candidate,0.4283745974758449,1640
1359,anacetrapib,0.013106597540757426,0.5,False,novel candidate,0.4280340811951492,1641
1723,lofexidine,0.064028354569372,1.0,False,novel candidate,0.42799521399414964,1642
1724,AMD-11070,0.06416816192982244,1.0,False,novel candidate,0.42772055399060804,1643
1725,granisetron,0.06424523132717326,1.0,False,novel candidate,0.42756914650475664,1644
1362,D-4476,0.013367743826394876,0.5,False,novel candidate,0.42752104354457793,1645
1021,acarbose,-0.011519291494518993,0.25,False,novel candidate,0.4264131275332836,1646
1726,cinepazide,0.06488242323307467,1.0,False,novel candidate,0.42631734452117226,1647
1367,GSK-3-inhibitor-II,0.014274519726165903,0.5,False,novel candidate,0.42573962752298844,1648
1727,propylthiouracil,0.06528596541614198,1.0,False,novel candidate,0.42552456152982365,1649
1625,talnetant,0.040144687287704595,0.75,False,novel candidate,0.42491612086939673,1650
1626,amcinonide,0.040327090455866715,0.75,False,novel candidate,0.42455777882894913,1651
1728,mCPP,0.066062329413385,1.0,False,novel candidate,0.42399934756723023,1652
1729,cimetidine,0.06617378395219346,1.0,False,novel candidate,0.42378038839422794,1653
1730,medetomidine,0.06656947860613684,1.0,False,novel candidate,0.42300302234781006,1654
1733,fadrozole,0.06710907122771884,1.0,False,novel candidate,0.4219429600529692,1655
1734,ifenprodil,0.06730135893624206,1.0,False,novel candidate,0.42156519923598623,1656
1389,mannitol-D,0.016537668808791546,0.5,False,novel candidate,0.4212935344628918,1657
1398,RG-108,0.017073247833859672,0.5,False,novel candidate,0.42024135712081145,1658
1736,indoprofen,0.06801000963447028,1.0,False,novel candidate,0.42017301213898345,1659
1737,dopamine,0.06807968962231656,1.0,False,novel candidate,0.4200361215944014,1660
1402,sodium-tanshinone-ii-a-sulfonate,0.01782158572251333,0.5,False,novel candidate,0.418771202141233,1661
1638,MLN-2480,0.043851308822708386,0.75,False,novel candidate,0.4176342389952846,1662
1407,grazoprevir,0.01842297069779565,0.5,False,novel candidate,0.41758974503547885,1663
1416,KIN001-242,0.01914056703285134,0.5,False,novel candidate,0.4161799836946394,1664
1423,ALX-5407,0.019551874786595622,0.5,False,novel candidate,0.4153719447706792,1665
1740,bemegride,0.07070195431086594,1.0,False,novel candidate,0.41488452423698396,1666
1741,disopyramide,0.07073277268119131,1.0,False,novel candidate,0.4148239796871446,1667
1424,T-5224,0.019830826498881054,0.5,False,novel candidate,0.4148239272840647,1668
1095,delivert,-0.00527699828707856,0.25,False,novel candidate,0.4141497655118607,1669
1432,CO-102862,0.020261706136472657,0.5,False,novel candidate,0.4139774382122045,1670
1440,taranabant,0.020634692634954866,0.5,False,novel candidate,0.41324468370869316,1671
1443,AGK-2,0.02088671248503964,0.5,False,novel candidate,0.412749575491974,1672
1444,TG-100801,0.021041706805928456,0.5,False,novel candidate,0.41244507978740524,1673
1447,MC1568,0.021119917176440704,0.5,False,novel candidate,0.4122914307908669,1674
1448,vu0155056,0.02121461701009025,0.5,False,novel candidate,0.4121053872480822,1675
1742,teneligliptin,0.07251227932534608,1.0,False,novel candidate,0.4113280314079471,1676
1743,zidovudine,0.07282916632691024,1.0,False,novel candidate,0.4107054877543692,1677
1458,4_5_6_7-tetrabromobenzotriazole,0.0220518614551416,0.5,False,novel candidate,0.41046056996877667,1678
1459,CI-976,0.022095823291447565,0.5,False,novel candidate,0.4103742042861932,1679
1467,S-18986,0.02273398643632907,0.5,False,novel candidate,0.40912049424497254,1680
1468,YM-976,0.022745127585695447,0.5,False,novel candidate,0.409098606784151,1681
1135,amikacin,-0.002631397408061952,0.25,False,novel candidate,0.408952322798836,1682
1663,AZD-9668,0.0483861555085337,0.75,False,novel candidate,0.40872525879011923,1683
1470,L-ergothioneine,0.022951516466694008,0.5,False,novel candidate,0.4086931433621725,1684
1477,cobicistat,0.023595662739893546,0.5,False,novel candidate,0.4074276791040084,1685
1484,MF-101,0.02440166956127058,0.5,False,novel candidate,0.4058442300230679,1686
1670,SB-756050,0.05002538752271146,0.75,False,novel candidate,0.40550488849366995,1687
1672,telotristat,0.05030750034047022,0.75,False,novel candidate,0.4049506608244321,1688
1494,JTE-907,0.02497220173621769,0.5,False,novel candidate,0.4047233851069869,1689
1498,API-001,0.025262455219346357,0.5,False,novel candidate,0.40415316460895856,1690
1502,ALW-II-38-3,0.02554270879861635,0.5,False,novel candidate,0.4036025895260242,1691
1504,SB-683698,0.025841063091025473,0.5,False,novel candidate,0.4030164544989002,1692
1747,theobromine,0.07687782596727724,1.0,False,novel candidate,0.40275165136421626,1693
1748,fluocinolone-acetonide,0.07778431196795448,1.0,False,novel candidate,0.40097080486690556,1694
1528,NF-449,0.027691266405081405,0.5,False,novel candidate,0.3993816183418195,1695
1530,efatutazone,0.028021871607752366,0.5,False,novel candidate,0.3987321244536299,1696
1535,FPL-62064,0.02876491320249683,0.5,False,novel candidate,0.3972723743633161,1697
1538,butorphanol-(+)-tartrate,0.029094167031573307,0.5,False,novel candidate,0.39662553533017164,1698
1750,actarit,0.08057732488805618,1.0,False,novel candidate,0.395483762295933,1699
1751,alaproclate,0.0808169587451472,1.0,False,novel candidate,0.39501298711052607,1700
1752,topiramate,0.08104477997038266,1.0,False,novel candidate,0.3945654185538462,1701
1753,acetazolamide,0.0812812570601864,1.0,False,novel candidate,0.39410084502843423,1702
1552,daminozide,0.031350774819252025,0.5,False,novel candidate,0.39219229303907244,1703
1555,LY-215490,0.03151349249054395,0.5,False,novel candidate,0.3918726243461701,1704
1698,bms-906024,0.05749521221748895,0.75,False,novel candidate,0.3908299667262283,1705
1561,exherin,0.032175615251773836,0.5,False,novel candidate,0.3905718441915455,1706
1562,AZ-628,0.032238655252669016,0.5,False,novel candidate,0.39044799830236376,1707
1701,roflumilast,0.058113564204737136,0.75,False,novel candidate,0.38961517690071157,1708
1702,balapiravir,0.05824759213339119,0.75,False,novel candidate,0.38935187093999396,1709
1289,pasireotide,0.007710384175852389,0.25,False,novel candidate,0.388635268265278,1710
1571,GSK-J2,0.03320235355600181,0.5,False,novel candidate,0.38855475478103824,1711
1754,varenicline,0.08436223044642263,1.0,False,novel candidate,0.3880480867298095,1712
1574,picolinic-acid,0.033613274570686816,0.5,False,novel candidate,0.3877474756293179,1713
1755,gemfibrozil,0.08466767089794479,1.0,False,novel candidate,0.3874480305151257,1714
1756,alizapride,0.08519324910220857,1.0,False,novel candidate,0.3864155003895344,1715
1746,doramapimod,0.07516332427829757,0.5,True,known hit (validation evidence),0.3861198934828719,1716
1581,carbenoxolone,0.03456248272831925,0.5,False,novel candidate,0.3858826988743811,1717
1757,emedastine,0.08613946442849962,1.0,False,novel candidate,0.3845566032325257,1718
1591,HC-030031,0.03595458772387374,0.5,False,novel candidate,0.3831478245317329,1719
1594,idoxuridin,0.036361277204487126,0.5,False,novel candidate,0.3823488584842679,1720
1595,estramustine-phosphate,0.0364903170458158,0.5,False,novel candidate,0.3820953519223662,1721
1331,rutin,0.01118680990140168,0.25,False,novel candidate,0.3818056199619617,1722
1600,APD-668,0.03695593499060952,0.5,False,novel candidate,0.3811806173479201,1723
1605,fosinopril,0.03732810461377403,0.5,False,novel candidate,0.38044946764530707,1724
1759,gefitinib,0.08903430244421992,1.0,False,novel candidate,0.37886951911128625,1725
1613,SK&F-10047-(+),0.03833100957714143,0.5,False,novel candidate,0.3784792002723813,1726
1617,SB-525334,0.038807441323684404,0.5,False,novel candidate,0.37754322133127816,1727
1760,phenazone,0.09016064591038195,1.0,False,novel candidate,0.3766567493443126,1728
1619,SR-57227A,0.039409444760657636,0.5,False,novel candidate,0.37636054922017903,1729
1622,NU-7026,0.039708518312867,0.5,False,novel candidate,0.3757730011637364,1730
1627,BIX-01338,0.04062795527693983,0.5,False,novel candidate,0.37396671171663654,1731
1761,zebularine,0.09178916534726575,1.0,False,novel candidate,0.3734574245529642,1732
1630,SCH-28080,0.041848299413621934,0.5,False,novel candidate,0.37156927195507333,1733
1763,gimeracil,0.09333658514205642,1.0,False,novel candidate,0.37041742490667795,1734
1632,fusidic-acid,0.04244264501623673,0.5,False,novel candidate,0.3704016441220811,1735
1633,retapamulin,0.04245987516075913,0.5,False,novel candidate,0.37036779446251883,1736
1634,TGX-221,0.042888197690592704,0.5,False,novel candidate,0.36952632898329074,1737
1738,baicalin,0.0686488915568802,0.75,False,novel candidate,0.36891789001589625,1738
1635,AICA-ribonucleotide,0.04327202163078375,0.5,False,novel candidate,0.3687722836709941,1739
1636,AS-605240,0.043573208271215906,0.5,False,novel candidate,0.3681805843251138,1740
1644,PSI-6130,0.045320206059992436,0.5,False,novel candidate,0.36474850165574235,1741
1646,ginkgolide-b,0.04543947334835108,0.5,False,novel candidate,0.36451419386438255,1742
1765,cholic-acid,0.09753285195625132,1.0,False,novel candidate,0.36217360530851855,1743
1654,ABT-202,0.0468745312330282,0.5,False,novel candidate,0.3616949359768299,1744
1659,TG-100115,0.047612876789679424,0.5,False,novel candidate,0.3602444115369765,1745
1745,nintedanib,0.07366965376817326,0.75,False,novel candidate,0.3590542994131387,1746
1669,Y-26763,0.04993097352922043,0.5,False,novel candidate,0.35569037048619934,1747
1766,milnacipran,0.10115005107395618,1.0,False,novel candidate,0.3550673991740305,1748
1492,zofenopril-calcium,0.024967463529466737,0.25,False,novel candidate,0.35473269360032234,1749
1675,methiopril,0.0519199745483197,0.5,False,novel candidate,0.3517828578546043,1750
1681,17-hydroxyprogesterone-caproate,0.053552021036743204,0.5,False,novel candidate,0.3485766039574831,1751
1548,desmopressin-acetate,0.030935632069616862,0.25,False,novel candidate,0.34300786604408234,1752
1703,SB-239063,0.05832402193290565,0.5,False,novel candidate,0.3392017199827218,1753
1705,EMD-53998,0.058692436903551144,0.5,False,novel candidate,0.338477946521752,1754
1710,unc-0646,0.059954342423433254,0.5,False,novel candidate,0.33599885691271203,1755
1715,cefozopran,0.06131372158610001,0.5,False,novel candidate,0.33332827444531193,1756
1758,VX-745,0.0874160318121451,0.75,False,novel candidate,0.33204870950659093,1757
1718,10-DEBC,0.06263624519453634,0.5,False,novel candidate,0.3307300969401602,1758
1731,tyrphostin-AG-112,0.0667642350074986,0.5,False,novel candidate,0.3226204116346442,1759
1732,ICI-162846,0.0669233099091877,0.5,False,novel candidate,0.32230789938263876,1760
1768,swainsonine,0.11900004908300582,1.0,False,novel candidate,0.32,1761
1744,UNC-0321,0.07329014523801684,0.5,False,novel candidate,0.3097998668417848,1762
1749,lapatinib,0.07791344671822209,0.5,False,novel candidate,0.3007171118506611,1763
1693,triptorelin,0.05592027851602458,0.25,False,novel candidate,0.29392401910393073,1764
1762,compound e,0.0926263800552302,0.5,False,novel candidate,0.27181266569396184,1765
1739,hypericin,0.07062689274981689,0.25,False,novel candidate,0.26503198720715343,1766
1764,ammonium-glycyrrhizinate,0.09700475408439212,0.5,False,novel candidate,0.26321108547328126,1767
1767,TWS-119,0.10179787830041165,0.5,False,novel candidate,0.25379470346087685,1768
