drug,specificity_rank,raw_cosine,null_mean,null_sd,specificity_z,pct_below,emp_p
metronidazole,1,-0.107238,0.000807,0.008632,-12.516956,0.0,0.001996
indibulin,2,-0.107286,-0.000133,0.009117,-11.753297,0.0,0.001996
erteberel,3,-0.100946,-0.000427,0.008825,-11.390592,0.0,0.001996
dolastatin-10,4,-0.099852,0.000336,0.008873,-11.290793,0.0,0.001996
gliquidone,5,-0.103374,-0.000208,0.009272,-11.126109,0.0,0.001996
perampanel,6,-0.092946,0.000781,0.00846,-11.078717,0.0,0.001996
ixazomib-citrate,7,-0.09624,0.000706,0.008904,-10.888075,0.0,0.001996
pevonedistat,8,-0.099211,0.000233,0.009208,-10.799262,0.0,0.001996
palbociclib,9,-0.100198,-5e-05,0.009424,-10.626433,0.0,0.001996
WYE-125132,10,-0.093485,-1.7e-05,0.008881,-10.524654,0.0,0.001996
JWE-035,11,-0.101046,-0.000373,0.009569,-10.520762,0.0,0.001996
combretastatin-A-4,12,-0.0913,6.1e-05,0.008888,-10.278861,0.0,0.001996
niclosamide,13,-0.089502,-0.000321,0.00874,-10.203596,0.0,0.001996
ixazomib,14,-0.087321,0.00077,0.008697,-10.129532,0.0,0.001996
GW-5074,15,-0.097806,0.000285,0.009714,-10.097757,0.0,0.001996
lacidipine,16,-0.083727,0.000664,0.008363,-10.091547,0.0,0.001996
delanzomib,17,-0.084786,0.000717,0.00862,-9.918882,0.0,0.001996
exemestane,18,-0.084571,-3e-06,0.008553,-9.887896,0.0,0.001996
oprozomib,19,-0.084064,0.00078,0.008664,-9.792335,0.0,0.001996
pentobarbital,20,-0.082603,0.000685,0.008523,-9.772196,0.0,0.001996
digoxin,21,-0.081755,0.000189,0.008429,-9.72189,0.0,0.001996
volasertib,22,-0.087195,-0.000408,0.008985,-9.659221,0.0,0.001996
CYT-997,23,-0.085469,0.000344,0.008924,-9.616025,0.0,0.001996
PFI-1,24,-0.08332,-4.6e-05,0.008699,-9.572751,0.0,0.001996
clofibric-acid,25,-0.085227,-0.000152,0.008901,-9.557533,0.0,0.001996
pimavanserin,26,-0.086779,-0.000232,0.009222,-9.385197,0.0,0.001996
CYT387,27,-0.079196,0.00033,0.008577,-9.272304,0.0,0.001996
nemonapride,28,-0.08292,0.000183,0.009005,-9.228701,0.0,0.001996
PLX-4720,29,-0.074886,-4.2e-05,0.008155,-9.177388,0.0,0.001996
IKK-2-inhibitor-V,30,-0.078138,0.000249,0.008579,-9.136917,0.0,0.001996
honokiol,31,-0.07848,0.0003,0.008704,-9.050979,0.0,0.001996
LY-2090314,32,-0.078631,0.000332,0.008727,-9.047892,0.0,0.001996
N6022,33,-0.083474,-0.000217,0.009232,-9.01813,0.0,0.001996
PSI-7976,34,-0.077904,0.000607,0.008784,-8.93818,0.0,0.001996
PF-04691502,35,-0.080583,-0.000497,0.009131,-8.771139,0.0,0.001996
I-BET-151,36,-0.07688,-3e-05,0.008885,-8.649372,0.0,0.001996
propafenone,37,-0.076612,0.000155,0.00893,-8.596058,0.0,0.001996
PHA-848125,38,-0.074811,3e-05,0.008713,-8.589943,0.0,0.001996
NVP-TAE684,39,-0.079351,-0.000772,0.009237,-8.506954,0.0,0.001996
podophyllotoxin,40,-0.07193,0.000507,0.008615,-8.408464,0.0,0.001996
clonidine,41,-0.077513,0.000389,0.009282,-8.393083,0.0,0.001996
torin-1,42,-0.070885,0.00019,0.008599,-8.265789,0.0,0.001996
MG-132,43,-0.066897,0.000595,0.008191,-8.24012,0.0,0.001996
bortezomib,44,-0.066146,0.000609,0.00821,-8.130757,0.0,0.001996
OSI-027,45,-0.074682,-0.00024,0.00916,-8.127014,0.0,0.001996
L-citrulline,46,-0.070122,0.000151,0.008666,-8.108848,0.0,0.001996
lonidamine,47,-0.069469,0.000936,0.008737,-8.058536,0.0,0.001996
metergoline,48,-0.072798,-0.000406,0.008996,-8.046724,0.0,0.001996
tioguanine,49,-0.071586,-1e-05,0.008913,-8.030276,0.0,0.001996
istaroxime,50,-0.072054,4e-06,0.008975,-8.029108,0.0,0.001996
rondual-kinase-inhibitor,51,-0.072964,-0.000284,0.009065,-8.017304,0.0,0.001996
bardoxolone-methyl,52,-0.064558,0.000314,0.008147,-7.96303,0.0,0.001996
salermide,53,-0.070604,0.00042,0.009048,-7.849563,0.0,0.001996
MLN-0128,54,-0.066435,3.4e-05,0.00849,-7.828758,0.0,0.001996
palomid-529,55,-0.074069,7.7e-05,0.009472,-7.827618,0.0,0.001996
tipranavir,56,-0.073508,0.000325,0.009525,-7.751514,0.0,0.001996
TAK-285,57,-0.070001,0.000236,0.009183,-7.648419,0.0,0.001996
triclosan,58,-0.063777,0.0005,0.008438,-7.617781,0.0,0.001996
lomitapide,59,-0.067138,-9.3e-05,0.008896,-7.536173,0.0,0.001996
azithromycin,60,-0.06786,-0.000205,0.008978,-7.535419,0.0,0.001996
PKI-179,61,-0.064332,-0.00011,0.008639,-7.434179,0.0,0.001996
rosiglitazone,62,-0.065495,0.000112,0.008862,-7.40333,0.0,0.001996
YM-155,63,-0.06189,0.000696,0.008492,-7.369879,0.0,0.001996
XMD-1150,64,-0.061671,-0.000236,0.00834,-7.365918,0.0,0.001996
BIIB-021,65,-0.063069,-0.000239,0.008564,-7.33616,0.0,0.001996
BGT-226,66,-0.058899,0.000332,0.008166,-7.253738,0.0,0.001996
AZ-20,67,-0.065497,-0.000147,0.009059,-7.213882,0.0,0.001996
finasteride,68,-0.064745,0.000438,0.009051,-7.202055,0.0,0.001996
aminosalicylic-acid,69,-0.066154,-0.000425,0.009189,-7.153285,0.0,0.001996
tanaproget,70,-0.062878,0.000419,0.008857,-7.14697,0.0,0.001996
irinotecan,71,-0.061297,0.00014,0.008663,-7.092095,0.0,0.001996
SB-271046,72,-0.063831,-0.000294,0.008963,-7.088513,0.0,0.001996
selamectin,73,-0.064644,0.000109,0.009149,-7.077546,0.0,0.001996
CHIR-99021,74,-0.06182,0.000254,0.008821,-7.037123,0.0,0.001996
SYK-inhibitor,75,-0.061429,0.000259,0.008834,-6.98264,0.0,0.001996
I-BET-762,76,-0.063118,0.000236,0.009084,-6.974154,0.0,0.001996
danusertib,77,-0.063374,-0.000114,0.009152,-6.91227,0.0,0.001996
NVP-BEZ235,78,-0.057202,0.000141,0.00831,-6.900629,0.0,0.001996
taselisib,79,-0.064183,-0.000818,0.009211,-6.879263,0.0,0.001996
ENMD-2076,80,-0.064281,-0.000759,0.009365,-6.783204,0.0,0.001996
SGI-1776,81,-0.060244,-0.000697,0.008868,-6.71491,0.0,0.001996
cilengitide,82,-0.05853,0.000426,0.008827,-6.67944,0.0,0.001996
sitagliptin,83,-0.058294,6.9e-05,0.008754,-6.667003,0.0,0.001996
KIN001-127,84,-0.055853,-0.000459,0.008312,-6.664089,0.0,0.001996
thiomersal,85,-0.060331,0.000123,0.009088,-6.651827,0.0,0.001996
tioconazole,86,-0.058017,0.000421,0.008791,-6.647126,0.0,0.001996
troglitazone,87,-0.058168,-0.000162,0.008751,-6.628347,0.0,0.001996
riluzole,88,-0.058805,5.9e-05,0.008883,-6.626888,0.0,0.001996
amlodipine,89,-0.059675,-0.000896,0.008883,-6.616886,0.0,0.001996
buparlisib,90,-0.054729,0.000111,0.008319,-6.592422,0.0,0.001996
NMS-1286937,91,-0.057971,9e-05,0.008842,-6.566674,0.0,0.001996
SB-705498,92,-0.060097,-0.000363,0.009126,-6.545557,0.0,0.001996
ethylenediaminetetraacetic-acid,93,-0.061801,-0.000527,0.009367,-6.54115,0.0,0.001996
JQ1-(+),94,-0.060049,0.000329,0.0093,-6.491973,0.0,0.001996
AZD-8055,95,-0.055431,2e-05,0.008581,-6.462186,0.0,0.001996
selinexor,96,-0.058435,-0.000766,0.008943,-6.448578,0.0,0.001996
HMN-214,97,-0.060119,-0.000641,0.009243,-6.435205,0.0,0.001996
thiothixene,98,-0.058687,-0.000134,0.009104,-6.431656,0.0,0.001996
simvastatin,99,-0.056379,4.3e-05,0.008991,-6.275063,0.0,0.001996
tosedostat,100,-0.056084,0.000107,0.008956,-6.274433,0.0,0.001996
piperidolate,101,-0.055467,-0.000126,0.008855,-6.249592,0.0,0.001996
JTC-801,102,-0.05577,0.000674,0.009057,-6.232133,0.0,0.001996
lacitol,103,-0.056169,-0.000553,0.008928,-6.229219,0.0,0.001996
atorvastatin,104,-0.055667,0.000205,0.008982,-6.22016,0.0,0.001996
filgotinib,105,-0.055299,-0.000529,0.008828,-6.203944,0.0,0.001996
GSK-2334470,106,-0.057772,-0.000945,0.009186,-6.186668,0.0,0.001996
AZD-1981,107,-0.057771,-0.000147,0.009327,-6.178457,0.0,0.001996
azacitidine,108,-0.052663,0.001014,0.008704,-6.166694,0.0,0.001996
VX-661,109,-0.053048,-0.000123,0.00862,-6.139497,0.0,0.001996
apocynin,110,-0.056455,-0.000144,0.00921,-6.114276,0.0,0.001996
enzalutamide,111,-0.053848,-6.9e-05,0.008852,-6.075345,0.0,0.001996
KIN001-043,112,-0.052284,0.000255,0.008737,-6.013175,0.0,0.001996
rigosertib,113,-0.052309,0.000204,0.008774,-5.985198,0.0,0.001996
carfilzomib,114,-0.047256,0.000481,0.008016,-5.955487,0.0,0.001996
fluorometholone,115,-0.051305,-0.000655,0.008517,-5.946702,0.0,0.001996
norethindrone,116,-0.052338,0.000153,0.00887,-5.917604,0.0,0.001996
torin-2,117,-0.049107,0.0001,0.008341,-5.899755,0.0,0.001996
KX2-391,118,-0.05099,0.000366,0.00876,-5.862788,0.0,0.001996
teroxirone,119,-0.053005,0.000175,0.009081,-5.856078,0.0,0.001996
mibefradil,120,-0.051841,-6e-06,0.008895,-5.827503,0.0,0.001996
calcitriol,121,-0.054926,-0.000106,0.00944,-5.806895,0.0,0.001996
ZM-447439,122,-0.051483,-0.000719,0.008745,-5.80512,0.0,0.001996
darapladib,123,-0.050481,0.000242,0.008761,-5.789494,0.0,0.001996
nitrendipine,124,-0.051739,-0.000238,0.008988,-5.730067,0.0,0.001996
palonosetron,125,-0.049685,-0.00048,0.008645,-5.691878,0.0,0.001996
PF-573228,126,-0.051957,-0.000256,0.009086,-5.690081,0.0,0.001996
meglitinide,127,-0.050895,0.000568,0.00905,-5.686354,0.0,0.001996
idasanutlin,128,-0.051575,-0.000251,0.009061,-5.664004,0.0,0.001996
FK-888,129,-0.052306,-5.5e-05,0.009232,-5.659768,0.0,0.001996
nutlin-3,130,-0.048602,-0.00052,0.008608,-5.585896,0.0,0.001996
BIX-01294,131,-0.047043,0.00089,0.008603,-5.571754,0.0,0.001996
tafamidis-meglumine,132,-0.052948,-0.000619,0.009411,-5.560465,0.0,0.001996
manumycin-a,133,-0.04665,0.00045,0.008488,-5.548717,0.0,0.001996
zolpidem,134,-0.04983,-0.000497,0.008892,-5.548165,0.0,0.001996
GDC-0879,135,-0.047943,-0.000415,0.008568,-5.54715,0.0,0.001996
CG-930,136,-0.048613,-0.000606,0.008663,-5.541599,0.0,0.001996
netupitant,137,-0.050329,-3.1e-05,0.009116,-5.51772,0.0,0.001996
AEE-788,138,-0.046203,0.000384,0.008464,-5.504491,0.0,0.001996
lenvatinib,139,-0.048218,-0.000881,0.008625,-5.488076,0.0,0.001996
perhexiline,140,-0.047603,0.000456,0.008778,-5.4748,0.0,0.001996
lidoflazine,141,-0.045096,-0.000203,0.008208,-5.469771,0.0,0.001996
ZD-7288,142,-0.051342,0.000176,0.009506,-5.419296,0.0,0.001996
IOWH-032,143,-0.050021,4.8e-05,0.009241,-5.417888,0.0,0.001996
levothyroxine,144,-0.044273,-0.000583,0.008066,-5.416666,0.0,0.001996
PI-103,145,-0.04683,-0.000226,0.008625,-5.403625,0.0,0.001996
CTB,146,-0.05146,-0.000309,0.009468,-5.402747,0.0,0.001996
okadaic acid,147,-0.049918,-0.000469,0.009212,-5.368101,0.0,0.001996
hexachlorophene,148,-0.048002,0.000184,0.009034,-5.333651,0.0,0.001996
zardaverine,149,-0.04335,0.000441,0.008277,-5.290443,0.0,0.001996
estramustine,150,-0.047011,-0.000733,0.008911,-5.193289,0.0,0.001996
PF-04136309,151,-0.045939,0.00022,0.008893,-5.19052,0.0,0.001996
KIN001-270,152,-0.044393,8.1e-05,0.008573,-5.187937,0.0,0.001996
5-aminolevulinic-acid,153,-0.045885,0.000154,0.008876,-5.186968,0.0,0.001996
atomoxetine,154,-0.048576,-0.000838,0.00923,-5.172286,0.0,0.001996
dabigatran-etexilate,155,-0.04311,0.000644,0.008471,-5.165415,0.0,0.001996
CGP-12177,156,-0.042865,-0.000648,0.008205,-5.145524,0.0,0.001996
camptothecin,157,-0.044151,-0.000126,0.008562,-5.141998,0.0,0.001996
PF-03758309,158,-0.045538,-0.000118,0.008846,-5.134721,0.0,0.001996
DPI-201106,159,-0.042384,0.000431,0.008354,-5.125213,0.0,0.001996
GSK-1292263,160,-0.045098,0.000379,0.008879,-5.12169,0.0,0.001996
LX-1031,161,-0.042223,0.000346,0.008427,-5.051257,0.0,0.001996
bambuterol,162,-0.042211,-9.3e-05,0.008351,-5.043489,0.0,0.001996
sertindole,163,-0.042897,4.6e-05,0.008524,-5.038124,0.0,0.001996
eflornithine,164,-0.045271,-0.000338,0.008928,-5.033079,0.0,0.001996
colchicine,165,-0.040955,0.000354,0.008238,-5.014521,0.0,0.001996
albendazole,166,-0.04241,8.3e-05,0.008493,-5.003273,0.0,0.001996
milrinone,167,-0.046312,-0.00016,0.009368,-4.926764,0.0,0.001996
SB-743921,168,-0.04286,7.1e-05,0.008715,-4.926135,0.0,0.001996
GSK-2126458,169,-0.041132,-0.000188,0.008332,-4.914145,0.0,0.001996
apafant,170,-0.042778,-0.000547,0.008615,-4.901784,0.0,0.001996
romidepsin,171,-0.044185,-1.8e-05,0.009157,-4.823154,0.0,0.001996
curcumin,172,-0.045808,0.0003,0.009599,-4.803574,0.0,0.001996
licochalcone-a,173,-0.045153,-0.000103,0.009399,-4.793319,0.0,0.001996
naproxen,174,-0.041465,5.2e-05,0.008662,-4.792921,0.0,0.001996
CGK-733,175,-0.042848,0.000636,0.009089,-4.784445,0.0,0.001996
AGI-5198,176,-0.042711,-0.000503,0.008827,-4.781719,0.0,0.001996
rebamipide,177,-0.042493,0.000752,0.009062,-4.772409,0.0,0.001996
asenapine,178,-0.044785,-0.000538,0.009292,-4.761881,0.0,0.001996
paricalcitol,179,-0.043673,0.00032,0.009289,-4.736211,0.0,0.001996
sunitinib,180,-0.042383,0.00025,0.009021,-4.725805,0.0,0.001996
bevirimat-dimeglumine,181,-0.040189,0.000718,0.00866,-4.723927,0.0,0.001996
WH-4-025,182,-0.041133,-0.000248,0.008671,-4.715145,0.0,0.001996
QL-XII-47,183,-0.040586,0.000245,0.008663,-4.713235,0.0,0.001996
metoclopramide,184,-0.041923,-0.000715,0.008759,-4.704591,0.0,0.001996
bicalutamide,185,-0.040857,-0.000524,0.008649,-4.663388,0.0,0.001996
adarotene,186,-0.040454,0.000187,0.00873,-4.655131,0.0,0.001996
NVP-TAE226,187,-0.039685,-0.00019,0.008486,-4.654187,0.0,0.001996
orphenadrine,188,-0.040028,0.000308,0.008718,-4.626873,0.0,0.001996
indole-3-carbinol,189,-0.041303,-0.000576,0.008806,-4.625105,0.0,0.001996
aminoglutethimide,190,-0.040029,0.000402,0.008767,-4.611648,0.0,0.001996
BCI-540,191,-0.04204,-0.000728,0.008977,-4.602039,0.0,0.001996
docetaxel,192,-0.039402,0.000246,0.008649,-4.583999,0.0,0.001996
oxfendazole,193,-0.039688,0.000247,0.008744,-4.567076,0.0,0.001996
NU-7441,194,-0.040445,-0.000269,0.008801,-4.564688,0.0,0.001996
GSK-1070916,195,-0.042574,-0.00018,0.00929,-4.563242,0.0,0.001996
testosterone,196,-0.03983,0.000393,0.008883,-4.527863,0.0,0.001996
GSK-1059615,197,-0.03733,-0.000104,0.008249,-4.512751,0.0,0.001996
lasalocid,198,-0.03756,0.00036,0.008407,-4.510304,0.0,0.001996
MK-2206,199,-0.042392,-0.000134,0.009409,-4.491192,0.0,0.001996
trifluridine,200,-0.040021,-0.000357,0.00884,-4.486947,0.0,0.001996
norfloxacin,201,-0.040931,-0.000622,0.008987,-4.485064,0.0,0.001996
altrenogest,202,-0.03811,0.00031,0.008584,-4.475755,0.0,0.001996
zaldaride,203,-0.039905,-0.000421,0.008863,-4.454995,0.0,0.001996
ibutilide,204,-0.040378,-0.000349,0.009,-4.447685,0.0,0.001996
indoramin,205,-0.038844,-0.000341,0.00866,-4.445996,0.0,0.001996
carprofen,206,-0.042697,-0.000648,0.009517,-4.418374,0.0,0.001996
GDC-0980,207,-0.036998,4.7e-05,0.008446,-4.386152,0.0,0.001996
JNK-IN-5A,208,-0.039041,1.7e-05,0.00891,-4.383688,0.0,0.001996
rifabutin,209,-0.039392,-0.000463,0.008903,-4.372889,0.0,0.001996
etravirine,210,-0.040719,-0.000352,0.009241,-4.368078,0.0,0.001996
anamorelin,211,-0.037739,-0.0001,0.008621,-4.366023,0.0,0.001996
exifone,212,-0.039198,-7.6e-05,0.008975,-4.358974,0.0,0.001996
griseofulvin,213,-0.041485,-0.00015,0.009512,-4.345474,0.0,0.001996
CP-724714,214,-0.04028,0.00028,0.009351,-4.337394,0.0,0.001996
cyanocobalamin,215,-0.038513,-5e-06,0.008898,-4.327558,0.0,0.001996
LY-2874455,216,-0.03937,-0.000573,0.008987,-4.316812,0.0,0.001996
floxuridine,217,-0.038729,0.000329,0.009057,-4.312541,0.0,0.001996
sildenafil,218,-0.039155,-0.000608,0.008967,-4.298854,0.0,0.001996
menadione,219,-0.037286,0.000202,0.008733,-4.292555,0.0,0.001996
bropirimine,220,-0.037494,-0.000283,0.008694,-4.280104,0.0,0.001996
oxaprozin,221,-0.038724,-3.2e-05,0.009119,-4.242828,0.0,0.001996
telmisartan,222,-0.039712,-0.000414,0.009282,-4.233885,0.0,0.001996
chloroxine,223,-0.036625,-0.000191,0.00861,-4.231514,0.0,0.001996
proglumide,224,-0.037998,-0.000137,0.008952,-4.229448,0.0,0.001996
clonazepam,225,-0.035842,0.000155,0.008511,-4.229265,0.0,0.001996
AR-A014418,226,-0.03671,-0.00017,0.008664,-4.217652,0.0,0.001996
TIC10,227,-0.037918,-0.000932,0.008773,-4.216066,0.0,0.001996
linagliptin,228,-0.037031,-0.000404,0.008689,-4.215443,0.0,0.001996
BAY-87-2243,229,-0.03698,0.000158,0.008844,-4.198948,0.0,0.001996
phenylbutazone,230,-0.037573,-0.000173,0.008918,-4.19388,0.0,0.001996
asymmetrical-dimethylarginine,231,-0.038145,9.6e-05,0.009128,-4.189451,0.0,0.001996
anecortave-acetate,232,-0.036853,0.000672,0.008971,-4.183058,0.0,0.001996
staurosporine,233,-0.034655,0.000619,0.008449,-4.174779,0.0,0.001996
R-547,234,-0.036708,0.000338,0.008875,-4.174306,0.0,0.001996
dacinostat,235,-0.038824,-0.000199,0.009264,-4.169278,0.0,0.001996
AZD-4547,236,-0.034477,0.00017,0.008349,-4.149721,0.0,0.001996
procaine,237,-0.037167,0.000174,0.009005,-4.14677,0.0,0.001996
bazedoxifene,238,-0.038108,-0.000282,0.009122,-4.146605,0.0,0.001996
bretazenil,239,-0.03835,-0.00041,0.009212,-4.118731,0.0,0.001996
paclitaxel,240,-0.035959,0.000259,0.008832,-4.10063,0.0,0.001996
pitavastatin,241,-0.037059,0.000262,0.009136,-4.084962,0.0,0.001996
TG-101348,242,-0.036556,-7.5e-05,0.008977,-4.063855,0.0,0.001996
dequalinium,243,-0.035417,0.000406,0.008901,-4.024717,0.0,0.001996
inositol,244,-0.034404,0.000218,0.008607,-4.022583,0.0,0.001996
ganaxolone,245,-0.035367,0.000265,0.008863,-4.020312,0.0,0.001996
temoporfin,246,-0.03564,-0.000269,0.0088,-4.019377,0.0,0.001996
cabergoline,247,-0.033141,0.000517,0.008387,-4.01303,0.0,0.001996
XL-888,248,-0.034636,-0.000354,0.008565,-4.00275,0.0,0.001996
serdemetan,249,-0.033112,-0.000201,0.008259,-3.984914,0.0,0.001996
LY-2603618,250,-0.036345,0.000388,0.009227,-3.980923,0.0,0.001996
osimertinib,251,-0.035773,-4.1e-05,0.008998,-3.971197,0.0,0.001996
nortriptyline,252,-0.036835,-6.4e-05,0.009301,-3.953353,0.0,0.001996
BMS-509744,253,-0.03374,-0.000227,0.008502,-3.941952,0.0,0.001996
Gossypetin,254,-0.036737,-0.000428,0.009251,-3.924718,0.0,0.001996
homoharringtonine,255,-0.032486,0.000322,0.008362,-3.923318,0.0,0.001996
PF-03814735,256,-0.034725,0.000434,0.009035,-3.891586,0.0,0.001996
choline-alfoscerate,257,-0.034803,-0.000298,0.008923,-3.86677,0.0,0.001996
methazolamide,258,-0.032538,0.00031,0.008508,-3.860922,0.0,0.001996
sulmazole,259,-0.033342,-0.000435,0.008566,-3.841497,0.0,0.001996
tolazamide,260,-0.033716,-0.00054,0.008646,-3.836944,0.0,0.001996
ivacaftor,261,-0.031779,0.001196,0.008608,-3.830839,0.0,0.001996
cinaciguat,262,-0.03298,0.000446,0.008733,-3.827729,0.0,0.001996
AT7867,263,-0.033036,0.000517,0.008803,-3.811494,0.0,0.001996
voreloxin,264,-0.034439,-0.00064,0.008892,-3.801146,0.0,0.001996
imipramine,265,-0.03574,-0.000843,0.009252,-3.772059,0.0,0.001996
etacrynic-acid,266,-0.031283,-0.000175,0.008247,-3.771916,0.0,0.001996
gestrinone,267,-0.032762,0.000371,0.008815,-3.758537,0.0,0.001996
FPL-55712,268,-0.034166,-0.000313,0.009008,-3.758016,0.0,0.001996
safinamide,269,-0.033746,-8e-05,0.008973,-3.75176,0.0,0.001996
2-methoxyestradiol,270,-0.034684,-0.000146,0.009235,-3.739811,0.0,0.001996
ZD-7114,271,-0.030646,0.000353,0.008375,-3.701334,0.0,0.001996
chlorpromazine,272,-0.034168,-7.5e-05,0.00923,-3.693908,0.0,0.001996
trehalose,273,-0.033124,0.000222,0.009093,-3.667247,0.0,0.001996
cyproheptadine,274,-0.031145,-0.00052,0.008351,-3.667069,0.0,0.001996
tetrindole,275,-0.033717,0.000106,0.009262,-3.651797,0.0,0.001996
acrivastine,276,-0.033607,0.000539,0.009358,-3.64869,0.0,0.001996
KD-025,277,-0.033838,9e-06,0.009306,-3.637366,0.0,0.001996
SN-38,278,-0.032201,-6.9e-05,0.008872,-3.621864,0.0,0.001996
HG-14-10-04,279,-0.030478,6.1e-05,0.008455,-3.611895,0.0,0.001996
simeprevir,280,-0.031075,0.00078,0.008833,-3.606323,0.0,0.001996
UK-383367,281,-0.033964,7e-05,0.00944,-3.605219,0.0,0.001996
prazosin,282,-0.030435,0.000598,0.008612,-3.603599,0.0,0.001996
quercetin,283,-0.031861,3.1e-05,0.008862,-3.598842,0.0,0.001996
tetrabenazine,284,-0.033464,-0.000189,0.009285,-3.583897,0.0,0.001996
escitalopram,285,-0.031605,-0.000407,0.008724,-3.576226,0.0,0.001996
AZD-2014,286,-0.031449,-7e-06,0.008808,-3.569784,0.0,0.001996
epothilone-b,287,-0.030994,8.5e-05,0.00873,-3.56021,0.0,0.001996
AT-13387,288,-0.032518,-0.000684,0.008949,-3.557331,0.0,0.001996
broxuridine,289,-0.032343,-0.000668,0.008911,-3.554627,0.0,0.001996
olmesartan-medoxomil,290,-0.032535,-0.000328,0.009082,-3.546344,0.0,0.001996
ACY-1215,291,-0.03349,-0.000752,0.009304,-3.518645,0.002,0.003992
batimastat,292,-0.030101,0.000935,0.008829,-3.51546,0.0,0.001996
nikethamide,293,-0.033487,2.2e-05,0.00955,-3.508894,0.0,0.001996
brivanib,294,-0.031532,0.000319,0.009079,-3.508216,0.0,0.001996
cepharanthine,295,-0.031829,0.000144,0.009145,-3.496268,0.0,0.001996
GSK-923295,296,-0.030855,5.7e-05,0.008846,-3.494364,0.0,0.001996
pinitol,297,-0.030825,0.000171,0.008878,-3.491512,0.0,0.001996
VP-20629,298,-0.030522,2e-06,0.008763,-3.483392,0.0,0.001996
suprofen,299,-0.030603,-0.000501,0.008677,-3.469172,0.0,0.001996
danazol,300,-0.028381,0.000637,0.0084,-3.45455,0.0,0.001996
sulfafurazole,301,-0.031045,-0.000352,0.00895,-3.429374,0.0,0.001996
econazole,302,-0.033144,9.7e-05,0.009694,-3.429196,0.0,0.001996
SAR-245408,303,-0.028818,0.000165,0.008475,-3.419833,0.0,0.001996
vanoxerine,304,-0.031949,-0.000346,0.009278,-3.406253,0.0,0.001996
2-iminobiotin,305,-0.030946,0.000269,0.009166,-3.405782,0.0,0.001996
quiflapon,306,-0.031634,-4.8e-05,0.00931,-3.392849,0.0,0.001996
nisoxetine,307,-0.030625,-0.000276,0.008983,-3.378536,0.0,0.001996
amiprilose,308,-0.030596,-0.000134,0.00907,-3.358619,0.0,0.001996
verteporfin,309,-0.028253,-0.000731,0.00822,-3.348155,0.0,0.001996
diclofenac,310,-0.029922,-7.9e-05,0.008949,-3.334734,0.002,0.003992
odanacatib,311,-0.028726,0.000347,0.008723,-3.332918,0.0,0.001996
mepazine,312,-0.028052,0.000357,0.008563,-3.317637,0.0,0.001996
SB-590885,313,-0.026366,-2.8e-05,0.008075,-3.261491,0.0,0.001996
belinostat,314,-0.030011,-0.000242,0.009169,-3.24663,0.0,0.001996
fomocaine,315,-0.030516,-0.000773,0.009184,-3.238437,0.0,0.001996
glimepiride,316,-0.028439,0.000626,0.008983,-3.235716,0.0,0.001996
edoxaban,317,-0.027964,0.000542,0.00881,-3.235442,0.0,0.001996
imiquimod,318,-0.030078,-0.000788,0.009074,-3.227933,0.002,0.003992
sotrastaurin,319,-0.027453,0.000119,0.008548,-3.225559,0.0,0.001996
irbesartan,320,-0.030014,-0.00061,0.00912,-3.224225,0.0,0.001996
withaferin-a,321,-0.028132,0.000231,0.008811,-3.219014,0.0,0.001996
dabrafenib,322,-0.028828,8.7e-05,0.008985,-3.218253,0.0,0.001996
oxiperomide,323,-0.027573,0.000141,0.008685,-3.191085,0.0,0.001996
mercaptopurine,324,-0.03052,-0.000135,0.009522,-3.191056,0.0,0.001996
lomeguatrib,325,-0.028765,-0.000515,0.008903,-3.172973,0.0,0.001996
alvespimycin,326,-0.02751,-0.000123,0.008635,-3.171522,0.002,0.003992
nandrolone,327,-0.027957,0.000204,0.008935,-3.15184,0.0,0.001996
goserelin-acetate,328,-0.028146,-0.000362,0.00882,-3.150025,0.0,0.001996
ketoconazole,329,-0.027384,1.4e-05,0.008701,-3.148888,0.002,0.003992
masitinib,330,-0.028326,1e-06,0.009042,-3.132904,0.0,0.001996
doxycycline,331,-0.029923,-0.000159,0.009503,-3.131973,0.0,0.001996
JW55,332,-0.029579,-0.000163,0.009402,-3.128704,0.002,0.003992
citalopram,333,-0.029563,-0.000321,0.009348,-3.128075,0.0,0.001996
PF-431396,334,-0.026141,0.000338,0.008476,-3.124119,0.0,0.001996
primaquine,335,-0.026649,0.000519,0.008709,-3.119614,0.0,0.001996
amsacrine,336,-0.02865,-0.000332,0.009088,-3.115861,0.002,0.003992
CEP-37440,337,-0.027672,-0.000254,0.008859,-3.09489,0.0,0.001996
smer-3,338,-0.027991,5e-06,0.009071,-3.086383,0.0,0.001996
anidulafungin,339,-0.028996,-0.000367,0.009279,-3.085379,0.002,0.003992
deferasirox,340,-0.027738,-0.000214,0.008953,-3.074266,0.0,0.001996
BMS-299897,341,-0.026292,0.000674,0.008776,-3.072831,0.0,0.001996
sulforaphane,342,-0.026946,0.000333,0.008896,-3.066544,0.0,0.001996
oxatomide,343,-0.027485,-0.00029,0.00895,-3.038643,0.0,0.001996
dapagliflozin,344,-0.026827,-7.8e-05,0.008826,-3.030649,0.002,0.003992
PF-04620110,345,-0.026004,-0.00022,0.008539,-3.019651,0.004,0.005988
XMD-16144,346,-0.026731,-0.000466,0.008698,-3.019592,0.002,0.003992
lidocaine,347,-0.027624,0.000314,0.009257,-3.017912,0.002,0.003992
AZD-6482,348,-0.026004,-0.000345,0.008505,-3.017062,0.002,0.003992
STA-5326,349,-0.026977,-0.000201,0.008885,-3.013662,0.002,0.003992
flecainide,350,-0.023908,0.000201,0.008017,-3.007403,0.0,0.001996
GDC-0068,351,-0.026908,-0.001121,0.008616,-2.993017,0.002,0.003992
amoxapine,352,-0.027181,-0.000224,0.009017,-2.989652,0.0,0.001996
aripiprazole,353,-0.027036,-1.6e-05,0.009067,-2.980216,0.006,0.007984
brivudine,354,-0.027293,-0.000595,0.009015,-2.961621,0.0,0.001996
mirtazapine,355,-0.027447,-0.000127,0.00925,-2.953634,0.0,0.001996
PCI-24781,356,-0.027961,-0.000506,0.009379,-2.927374,0.0,0.001996
methimazole,357,-0.025078,0.000328,0.008738,-2.907473,0.0,0.001996
maraviroc,358,-0.027004,-0.000704,0.009096,-2.891405,0.0,0.001996
HG-9-91-01,359,-0.025113,-0.000233,0.008614,-2.888417,0.004,0.005988
radicicol,360,-0.025083,-0.000227,0.008673,-2.865963,0.0,0.001996
glycitein,361,-0.025708,-0.000584,0.008834,-2.844166,0.0,0.001996
AMG-232,362,-0.025558,-0.000574,0.008793,-2.84152,0.0,0.001996
VX-222,363,-0.024628,5e-06,0.008675,-2.839563,0.006,0.007984
YM-201636,364,-0.024459,-5.4e-05,0.00861,-2.834515,0.0,0.001996
SB-939,365,-0.026838,-0.000513,0.009305,-2.828988,0.0,0.001996
tacrolimus,366,-0.025941,-0.000277,0.009109,-2.817383,0.004,0.005988
ipratropium,367,-0.025856,-0.000287,0.009079,-2.816419,0.004,0.005988
Y-27152,368,-0.02587,-0.000158,0.009139,-2.813265,0.002,0.003992
FK-866,369,-0.025264,0.000463,0.009158,-2.809322,0.004,0.005988
famciclovir,370,-0.02693,-0.000302,0.009511,-2.799704,0.002,0.003992
fenoldopam,371,-0.023585,0.000574,0.008706,-2.774867,0.002,0.003992
MK-0812,372,-0.022464,0.000168,0.008162,-2.7727,0.0,0.001996
pioglitazone,373,-0.026191,8.3e-05,0.009477,-2.772342,0.002,0.003992
amitriptyline,374,-0.025569,-0.000214,0.009147,-2.771978,0.004,0.005988
KW-2449,375,-0.026336,-0.001091,0.009119,-2.768514,0.004,0.005988
ethinyl-estradiol,376,-0.02474,0.000319,0.009065,-2.764399,0.008,0.00998
PIK-93,377,-0.025627,-0.000103,0.009238,-2.76297,0.0,0.001996
triclabendazole,378,-0.023739,-9.5e-05,0.008616,-2.744284,0.006,0.007984
capecitabine,379,-0.025102,-0.000198,0.009079,-2.743118,0.004,0.005988
fentiazac,380,-0.024951,-0.000452,0.008954,-2.73613,0.006,0.007984
formoterol,381,-0.025229,-0.000116,0.009181,-2.735301,0.006,0.007984
repaglinide,382,-0.024681,-0.000498,0.00885,-2.732521,0.004,0.005988
fluvoxamine,383,-0.025592,-0.000162,0.009309,-2.731684,0.002,0.003992
AP-26113,384,-0.02438,-0.000274,0.008847,-2.724675,0.004,0.005988
ganetespib,385,-0.023867,-0.000384,0.008657,-2.71258,0.002,0.003992
alisertib,386,-0.025115,-0.000683,0.009034,-2.704371,0.002,0.003992
ibuprofen,387,-0.02448,-0.000446,0.008902,-2.699978,0.002,0.003992
metformin,388,-0.022761,0.0005,0.008625,-2.696853,0.002,0.003992
GSK-461364,389,-0.024276,-0.000236,0.008916,-2.696355,0.002,0.003992
ginkgetin,390,-0.024258,0.000142,0.009054,-2.694944,0.006,0.007984
bitopertin,391,-0.023955,-0.000266,0.008854,-2.675344,0.0,0.001996
AST-1306,392,-0.024196,-0.000438,0.008904,-2.66821,0.004,0.005988
anagrelide,393,-0.022751,0.000431,0.008722,-2.657765,0.006,0.007984
venetoclax,394,-0.02181,0.000959,0.008574,-2.655427,0.002,0.003992
phenylephrine,395,-0.022682,0.000206,0.008681,-2.636656,0.002,0.003992
navitoclax,396,-0.023682,0.000803,0.009338,-2.622049,0.004,0.005988
diacerein,397,-0.022981,-0.000554,0.00859,-2.610955,0.002,0.003992
doxofylline,398,-0.024866,-0.00065,0.009279,-2.60985,0.002,0.003992
vorinostat,399,-0.02484,-0.000549,0.009333,-2.602771,0.004,0.005988
genz-644282,400,-0.022708,-1.5e-05,0.008749,-2.593828,0.008,0.00998
vardenafil,401,-0.023877,-0.000148,0.009173,-2.586873,0.004,0.005988
milacemide,402,-0.024174,-0.000862,0.00909,-2.564587,0.006,0.007984
HG-5-113-01,403,-0.021314,0.000178,0.008388,-2.562146,0.002,0.003992
AT-9283,404,-0.020885,0.000322,0.008294,-2.556795,0.008,0.00998
moracizine,405,-0.022817,-0.000786,0.00866,-2.543965,0.006,0.007984
losartan,406,-0.02257,-0.000527,0.008761,-2.516073,0.006,0.007984
TAS-103,407,-0.021343,0.000145,0.008679,-2.475976,0.002,0.003992
tetradecylthioacetic-acid,408,-0.022031,5.3e-05,0.008932,-2.472385,0.004,0.005988
levobunolol,409,-0.022166,1.1e-05,0.008972,-2.471835,0.01,0.011976
varespladib,410,-0.023781,-0.00041,0.009468,-2.468404,0.008,0.00998
molsidomine,411,-0.021236,1.3e-05,0.008621,-2.464654,0.01,0.011976
salvinorin-a,412,-0.022073,0.000653,0.009225,-2.463629,0.004,0.005988
elacridar,413,-0.021904,-0.000517,0.008694,-2.460032,0.006,0.007984
voxtalisib,414,-0.02222,-9.2e-05,0.009002,-2.458134,0.002,0.003992
Z160,415,-0.020269,-0.000545,0.008105,-2.43361,0.008,0.00998
retigabine,416,-0.021289,-6e-05,0.00873,-2.431663,0.01,0.011976
mocetinostat,417,-0.022675,-0.000231,0.009263,-2.422864,0.008,0.00998
etofenamate,418,-0.023419,-2.3e-05,0.009742,-2.401697,0.006,0.007984
saquinavir,419,-0.022145,-0.000498,0.009083,-2.383316,0.01,0.011976
SNX-2112,420,-0.02095,-0.000565,0.008602,-2.36986,0.004,0.005988
iniparib,421,-0.020824,0.000132,0.008864,-2.364214,0.008,0.00998
AV-608,422,-0.020532,-0.000166,0.008629,-2.360163,0.01,0.011976
amonafide,423,-0.022915,-0.000716,0.00941,-2.359119,0.004,0.005988
etoposide,424,-0.021329,-0.000203,0.008955,-2.359045,0.004,0.005988
doxifluridine,425,-0.021094,-0.000173,0.008893,-2.352593,0.01,0.011976
anacardic-acid,426,-0.022693,-4.2e-05,0.009636,-2.350702,0.01,0.011976
butoconazole,427,-0.020585,0.000355,0.008961,-2.336879,0.008,0.00998
NVP-AEW541,428,-0.021191,0.000298,0.009218,-2.331075,0.004,0.005988
oxypurinol,429,-0.022473,-0.000321,0.009532,-2.323816,0.012,0.013972
dipyridamole,430,-0.020237,0.000752,0.009043,-2.321062,0.018,0.01996
dasatinib,431,-0.021268,-0.000645,0.008911,-2.31414,0.012,0.013972
dronedarone,432,-0.021163,-0.000445,0.008988,-2.30511,0.01,0.011976
temozolomide,433,-0.019947,-0.00064,0.00841,-2.295646,0.012,0.013972
PHA-793887,434,-0.020437,0.000157,0.008985,-2.29203,0.008,0.00998
NSI-189,435,-0.021805,0.000216,0.009629,-2.286989,0.018,0.01996
indiplon,436,-0.020376,0.000561,0.009202,-2.275191,0.008,0.00998
andarine,437,-0.019858,0.000327,0.008877,-2.273862,0.012,0.013972
JNJ-26481585,438,-0.021327,-0.000224,0.00929,-2.2716,0.012,0.013972
lomerizine,439,-0.021239,2.6e-05,0.00939,-2.264725,0.012,0.013972
galeterone,440,-0.020129,-3e-06,0.008893,-2.263097,0.014,0.015968
ZSTK-474,441,-0.020103,-0.000266,0.008778,-2.259889,0.018,0.01996
mericitabine,442,-0.020837,-0.000835,0.008851,-2.259779,0.014,0.015968
tazobactam,443,-0.019546,0.000371,0.008834,-2.254619,0.016,0.017964
clarithromycin,444,-0.01969,-0.000405,0.008685,-2.220472,0.014,0.015968
adenosine,445,-0.019704,-0.000528,0.008673,-2.211126,0.02,0.021956
mebendazole,446,-0.019923,-0.000111,0.009003,-2.200414,0.006,0.007984
linsitinib,447,-0.019374,0.000102,0.008878,-2.19384,0.008,0.00998
acivicin,448,-0.020084,-0.000401,0.009006,-2.185412,0.018,0.01996
KD-023,449,-0.018831,0.000445,0.008826,-2.184012,0.018,0.01996
etizolam,450,-0.020589,-0.000542,0.009309,-2.153595,0.014,0.015968
PD-184352,451,-0.020646,-0.000771,0.009322,-2.132039,0.016,0.017964
lidamidine,452,-0.019365,-0.000346,0.008927,-2.130557,0.016,0.017964
TH-302,453,-0.019369,-0.000554,0.008835,-2.129604,0.026,0.027944
ivermectin,454,-0.019731,7.6e-05,0.009321,-2.124955,0.014,0.015968
protirelin,455,-0.018008,0.000185,0.008563,-2.124566,0.028,0.02994
thioguanine,456,-0.019767,-0.000226,0.009206,-2.122607,0.022,0.023952
sarcosine,457,-0.019033,0.000973,0.009487,-2.108669,0.018,0.01996
BX-795,458,-0.019034,-0.000309,0.008888,-2.106769,0.012,0.013972
tesaglitazar,459,-0.018327,0.000657,0.009027,-2.103041,0.014,0.015968
resminostat,460,-0.020354,-0.000746,0.009333,-2.100845,0.02,0.021956
nicardipine,461,-0.019131,-0.00022,0.00902,-2.096593,0.014,0.015968
amantadine,462,-0.018188,-0.000176,0.008596,-2.095464,0.018,0.01996
Y-39983,463,-0.018082,-0.00014,0.008592,-2.088315,0.012,0.013972
temazepam,464,-0.01811,0.000206,0.008815,-2.077944,0.014,0.015968
GW-843682X,465,-0.01901,0.000102,0.009253,-2.065481,0.016,0.017964
eplerenone,466,-0.017343,-0.000415,0.008215,-2.060655,0.01,0.011976
tamoxifen,467,-0.018439,5e-06,0.008953,-2.060027,0.02,0.021956
LY-2811376,468,-0.019544,-0.000382,0.009313,-2.057552,0.028,0.02994
vernakalant,469,-0.01812,-0.000144,0.008743,-2.056062,0.016,0.017964
timonacic,470,-0.018776,6e-05,0.009168,-2.054569,0.01,0.011976
trovafloxacin,471,-0.019852,9.5e-05,0.009719,-2.052454,0.024,0.025948
dapivirine,472,-0.018883,-0.000697,0.008905,-2.04239,0.026,0.027944
THZ-2-98-01,473,-0.016873,-2e-05,0.008259,-2.040529,0.02,0.021956
miconazole,474,-0.017106,0.000681,0.008719,-2.039983,0.022,0.023952
niguldipine,475,-0.018306,5.3e-05,0.009022,-2.034884,0.018,0.01996
clofarabine,476,-0.01822,-0.000254,0.008848,-2.03066,0.02,0.021956
glasdegib,477,-0.019345,-0.000206,0.00943,-2.029658,0.02,0.021956
rociletinib,478,-0.019026,-0.000329,0.009236,-2.024396,0.028,0.02994
ibrutinib,479,-0.019503,-0.000684,0.009303,-2.023018,0.028,0.02994
cyclizine,480,-0.017418,0.000382,0.00895,-1.988673,0.032,0.033932
WZ-7043,481,-0.018155,-0.000498,0.008906,-1.982653,0.024,0.025948
ASC-J9,482,-0.016576,0.000961,0.008857,-1.980064,0.026,0.027944
tracazolate,483,-0.016612,0.000273,0.008546,-1.975853,0.03,0.031936
ARRY-334543,484,-0.018054,5e-05,0.009167,-1.975039,0.014,0.015968
olaparib,485,-0.017832,-7.7e-05,0.009052,-1.961401,0.024,0.025948
sulfasalazine,486,-0.018352,-0.0004,0.009166,-1.958543,0.032,0.033932
cabazitaxel,487,-0.016515,0.000364,0.008623,-1.957409,0.026,0.027944
vilazodone,488,-0.018027,-8.2e-05,0.009221,-1.946119,0.028,0.02994
PF-562271,489,-0.017819,5.8e-05,0.009213,-1.940445,0.02,0.021956
rilpivirine,490,-0.01734,-0.000214,0.008838,-1.937701,0.03,0.031936
ulipristal,491,-0.015667,-0.000168,0.008024,-1.931624,0.038,0.03992
mepyramine,492,-0.017894,-0.000205,0.009304,-1.901082,0.032,0.033932
darifenacin,493,-0.017148,-8.7e-05,0.008981,-1.899697,0.028,0.02994
mitomycin-c,494,-0.017029,-0.000169,0.008875,-1.899657,0.038,0.03992
BI-2536,495,-0.017398,-0.000208,0.009178,-1.872866,0.022,0.023952
pibenzimol,496,-0.016664,0.000366,0.009146,-1.861959,0.034,0.035928
bucladesine,497,-0.017041,5.2e-05,0.009211,-1.85567,0.026,0.027944
etanidazole,498,-0.017344,-0.000158,0.009265,-1.854828,0.04,0.041916
dacomitinib,499,-0.017013,-0.000385,0.009004,-1.84674,0.042,0.043912
GSK-256066,500,-0.017183,-0.000265,0.009203,-1.838319,0.034,0.035928
oxybutynin,501,-0.015176,0.000479,0.008612,-1.817871,0.028,0.02994
MBX-2982,502,-0.015837,-0.00012,0.00868,-1.810687,0.036,0.037924
amiodarone,503,-0.0175,-0.000714,0.009274,-1.809923,0.03,0.031936
barasertib,504,-0.016575,-0.000111,0.009222,-1.785372,0.03,0.031936
CX-5461,505,-0.016604,-0.001036,0.008733,-1.782663,0.036,0.037924
balicatib,506,-0.015636,0.000468,0.009075,-1.774573,0.05,0.051896
leflunomide,507,-0.017701,-0.001071,0.009386,-1.771818,0.04,0.041916
XMD-1499,508,-0.015941,-0.00014,0.009036,-1.74878,0.058,0.05988
piroxicam,509,-0.014751,-0.000401,0.008207,-1.748425,0.032,0.033932
telatinib,510,-0.015976,0.000294,0.009389,-1.732845,0.044,0.045908
LGX-818,511,-0.015194,-2e-06,0.008786,-1.72915,0.048,0.0499
deferiprone,512,-0.015311,-0.001085,0.008267,-1.720819,0.04,0.041916
KW-2478,513,-0.016008,-0.000548,0.009014,-1.715066,0.04,0.041916
E-2012,514,-0.016115,-0.000764,0.009003,-1.705074,0.028,0.02994
brequinar,515,-0.016121,-0.000348,0.009292,-1.697443,0.046,0.047904
folic-acid,516,-0.015433,0.000589,0.009446,-1.696031,0.046,0.047904
CI-976,517,-0.015548,-0.000681,0.008769,-1.695376,0.042,0.043912
marimastat,518,-0.015962,-0.000396,0.009187,-1.694212,0.044,0.045908
sirolimus,519,-0.01585,-0.000298,0.00918,-1.694053,0.046,0.047904
apixaban,520,-0.015927,-0.001027,0.008814,-1.690599,0.05,0.051896
meisoindigo,521,-0.013449,0.000381,0.008273,-1.671691,0.036,0.037924
ASA-404,522,-0.014674,-0.000599,0.008453,-1.665072,0.048,0.0499
suvorexant,523,-0.014576,-0.000336,0.00858,-1.659575,0.052,0.053892
ST-1859,524,-0.015616,-4.9e-05,0.009395,-1.656996,0.052,0.053892
ambroxol,525,-0.014847,0.00032,0.009163,-1.655253,0.062,0.063872
narlaprevir,526,-0.01511,-0.000209,0.009012,-1.653532,0.04,0.041916
sodium-gualenate,527,-0.014154,0.000708,0.009068,-1.638948,0.054,0.055888
maxacalcitol,528,-0.015167,0.000388,0.009545,-1.629658,0.048,0.0499
UNC-669,529,-0.014692,-0.000318,0.009002,-1.596797,0.044,0.045908
AZD-5438,530,-0.012843,0.000844,0.008624,-1.587016,0.056,0.057884
CX-516,531,-0.014633,0.00011,0.009443,-1.561198,0.068,0.06986
ginkgolide-b,532,-0.014469,-0.000671,0.008859,-1.557509,0.064,0.065868
oxandrolone,533,-0.013771,0.000171,0.008994,-1.550088,0.072,0.073852
apabetalone,534,-0.014279,-0.000199,0.009165,-1.53625,0.068,0.06986
zonisamide,535,-0.013704,6.6e-05,0.009047,-1.522059,0.058,0.05988
josamycin,536,-0.013266,0.000289,0.008942,-1.515843,0.068,0.06986
celastrol,537,-0.012267,0.0004,0.00843,-1.502675,0.058,0.05988
epirubicin,538,-0.012618,-3.6e-05,0.008378,-1.501796,0.08,0.081836
pterostilbene,539,-0.013407,0.000196,0.009063,-1.501047,0.058,0.05988
rimantadine,540,-0.013862,-0.000767,0.008835,-1.482169,0.074,0.075848
pranlukast,541,-0.013386,-0.000409,0.008758,-1.481691,0.074,0.075848
lorglumide,542,-0.012716,0.000335,0.008853,-1.474162,0.07,0.071856
acebutolol,543,-0.013298,-9.9e-05,0.009046,-1.459119,0.072,0.073852
PCA-4248,544,-0.014628,-0.000761,0.009517,-1.45708,0.056,0.057884
bifemelane,545,-0.012322,0.001294,0.009346,-1.456921,0.07,0.071856
targinine,546,-0.011572,0.000254,0.008164,-1.448599,0.072,0.073852
adoprazine,547,-0.012273,0.000669,0.008944,-1.447083,0.07,0.071856
trilostane,548,-0.012808,0.000285,0.009095,-1.43951,0.068,0.06986
selegiline,549,-0.013316,-0.000373,0.00901,-1.436447,0.086,0.087824
quinine,550,-0.012836,2.5e-05,0.009013,-1.426926,0.086,0.087824
ramatroban,551,-0.012611,9.9e-05,0.008919,-1.425002,0.078,0.07984
A-769662,552,-0.012256,0.000507,0.008964,-1.423785,0.066,0.067864
sumatriptan,553,-0.011637,0.000791,0.008794,-1.413239,0.088,0.08982
amikacin,554,-0.011512,0.000368,0.008431,-1.409153,0.072,0.073852
phenformin,555,-0.012032,0.000852,0.009143,-1.409136,0.092,0.093812
dazmegrel,556,-0.012262,-0.000322,0.008479,-1.408079,0.076,0.077844
ribavirin,557,-0.012389,0.000121,0.008923,-1.401995,0.09,0.091816
lersivirine,558,-0.012766,2.4e-05,0.009152,-1.397466,0.072,0.073852
motesanib,559,-0.01207,-0.000258,0.008486,-1.391876,0.082,0.083832
CT-7758,560,-0.012513,0.000453,0.009331,-1.389585,0.08,0.081836
nafamostat,561,-0.013088,-0.000382,0.009171,-1.38541,0.088,0.08982
LDN-193189,562,-0.011139,0.000499,0.00841,-1.383795,0.066,0.067864
pimobendan,563,-0.013845,-0.000348,0.009795,-1.377939,0.09,0.091816
birinapant,564,-0.011543,7.4e-05,0.008438,-1.376819,0.082,0.083832
AS-601245,565,-0.010849,0.000405,0.008342,-1.349202,0.084,0.085828
aminoguanidine,566,-0.011393,0.000605,0.00895,-1.340595,0.078,0.07984
seocalcitol,567,-0.012474,-0.000608,0.00893,-1.328857,0.088,0.08982
paroxetine,568,-0.011797,-0.000506,0.008624,-1.309242,0.104,0.105788
sulbutiamine,569,-0.012801,-0.0009,0.009122,-1.304667,0.1,0.101796
zaprinast,570,-0.012009,-0.000417,0.008928,-1.298397,0.112,0.113772
theophylline,571,-0.010804,0.000621,0.008905,-1.282967,0.098,0.0998
naphazoline,572,-0.012028,-0.000402,0.009082,-1.280137,0.1,0.101796
ranolazine,573,-0.011421,-0.000537,0.008735,-1.245896,0.108,0.10978
midostaurin,574,-0.009818,0.000208,0.00818,-1.225704,0.116,0.117764
PD-123319,575,-0.01217,-0.00067,0.009384,-1.225451,0.112,0.113772
amitifadine,576,-0.011186,-0.000495,0.008733,-1.22428,0.12,0.121756
PD-0325901,577,-0.011439,-0.000691,0.008878,-1.210587,0.114,0.115768
piracetam,578,-0.010552,-0.000262,0.008524,-1.207206,0.098,0.0998
siramesine,579,-0.010389,-0.000352,0.008338,-1.203739,0.102,0.103792
mianserin,580,-0.01031,-0.000358,0.008293,-1.199958,0.132,0.133733
tobramycin,581,-0.010983,6e-06,0.009185,-1.196457,0.116,0.117764
ZK-93423,582,-0.010952,-0.000495,0.008781,-1.190847,0.116,0.117764
lisofylline,583,-0.010779,-9.4e-05,0.009095,-1.17476,0.124,0.125749
secnidazole,584,-0.01053,-0.000512,0.008666,-1.156118,0.134,0.135729
dextromethorphan,585,-0.010956,-0.000672,0.009003,-1.142337,0.132,0.133733
gliclazide,586,-0.010211,-0.000122,0.008861,-1.138483,0.128,0.129741
KIN001-260,587,-0.00874,0.000693,0.00844,-1.117726,0.142,0.143713
PF-04217903,588,-0.009945,-0.000463,0.008539,-1.110565,0.148,0.149701
artesunate,589,-0.009522,0.000443,0.008998,-1.107539,0.136,0.137725
idoxuridin,590,-0.009865,-0.000599,0.008379,-1.105928,0.13,0.131737
avasimibe,591,-0.009132,0.000848,0.009031,-1.105172,0.136,0.137725
eptifibatide,592,-0.010497,-0.000431,0.00922,-1.091796,0.138,0.139721
voglibose,593,-0.009807,8.5e-05,0.009068,-1.090852,0.128,0.129741
talinolol,594,-0.009778,0.000178,0.009166,-1.086146,0.13,0.131737
CO-102862,595,-0.010069,-0.000422,0.008893,-1.084799,0.126,0.127745
loratadine,596,-0.009702,-0.000115,0.008848,-1.083417,0.132,0.133733
everolimus,597,-0.009998,-0.000355,0.008932,-1.079613,0.138,0.139721
olanzapine,598,-0.010211,-0.000383,0.00911,-1.078892,0.152,0.153693
ubenimex,599,-0.009516,-0.000319,0.008664,-1.061494,0.156,0.157685
desoxypeganine,600,-0.009715,-0.000342,0.008842,-1.059934,0.146,0.147705
rimcazole,601,-0.009065,0.000558,0.009179,-1.048344,0.148,0.149701
sodium-tanshinone-ii-a-sulfonate,602,-0.009824,-0.000665,0.008797,-1.041091,0.148,0.149701
cyclosporin-a,603,-0.008495,0.000683,0.008837,-1.038546,0.14,0.141717
sertaconazole,604,-0.009994,-0.00028,0.009375,-1.036077,0.142,0.143713
norethisterone,605,-0.008689,0.00049,0.0089,-1.031357,0.152,0.153693
lopinavir,606,-0.009542,-5.4e-05,0.009203,-1.031012,0.16,0.161677
diflunisal,607,-0.010102,-0.000526,0.009293,-1.030494,0.146,0.147705
LY-2801653,608,-0.009608,-0.000103,0.00925,-1.027458,0.15,0.151697
rabeprazole,609,-0.008769,-0.000356,0.008285,-1.015412,0.148,0.149701
nilotinib,610,-0.008322,-0.000188,0.008062,-1.008936,0.148,0.149701
tetrahydrouridine,611,-0.008006,0.000625,0.008562,-1.00812,0.172,0.173653
pilocarpine,612,-0.008125,0.000514,0.008687,-0.994491,0.15,0.151697
gallopamil,613,-0.008839,5.9e-05,0.009038,-0.984485,0.172,0.173653
almorexant,614,-0.009223,-0.000285,0.009092,-0.983078,0.152,0.153693
clobetasol,615,-0.009108,-0.000287,0.008977,-0.982588,0.148,0.149701
cianidanol,616,-0.008833,-0.000378,0.008628,-0.980009,0.146,0.147705
miltefosine,617,-0.009846,-0.000723,0.009322,-0.978589,0.158,0.159681
KI-20227,618,-0.008993,-0.000296,0.008896,-0.977652,0.166,0.167665
pemirolast,619,-0.009298,-0.000354,0.009228,-0.969186,0.17,0.171657
elesclomol,620,-0.00882,8.4e-05,0.009188,-0.96904,0.166,0.167665
BX-912,621,-0.007752,-4e-06,0.008031,-0.964738,0.168,0.169661
IOX2,622,-0.008988,8.2e-05,0.009424,-0.962407,0.172,0.173653
TAK-733,623,-0.008854,-0.000315,0.008891,-0.960451,0.16,0.161677
rosuvastatin,624,-0.008819,-0.000362,0.008871,-0.953345,0.164,0.165669
PD-173074,625,-0.008277,-0.000299,0.008415,-0.948092,0.184,0.185629
TAK-875,626,-0.008493,3e-05,0.00903,-0.943762,0.168,0.169661
SR-57227A,627,-0.00901,-0.000614,0.008996,-0.933319,0.19,0.191617
SB-525334,628,-0.007865,-0.000196,0.008315,-0.922203,0.19,0.191617
SB-216763,629,-0.007953,0.000111,0.008809,-0.915527,0.172,0.173653
vemurafenib,630,-0.008735,-6.1e-05,0.009476,-0.915379,0.17,0.171657
VTP-27999,631,-0.007816,5.3e-05,0.008962,-0.877951,0.184,0.185629
JW-7-24-1,632,-0.007456,0.000336,0.008954,-0.870231,0.198,0.199601
dideoxyadenosine,633,-0.008656,-0.000899,0.008978,-0.863979,0.196,0.197605
zaleplon,634,-0.007702,-0.000144,0.008932,-0.846128,0.202,0.203593
diosmin,635,-0.007788,-4.1e-05,0.009183,-0.84361,0.188,0.189621
oxymetazoline,636,-0.007787,-0.000376,0.008873,-0.835199,0.208,0.209581
phenylacetylglutamine,637,-0.007434,-0.000175,0.008743,-0.830257,0.192,0.193613
adapalene,638,-0.007296,-3.6e-05,0.009011,-0.805624,0.216,0.217565
trapidil,639,-0.007155,2.9e-05,0.008965,-0.801311,0.212,0.213573
blonanserin,640,-0.007739,-0.000651,0.008881,-0.798057,0.218,0.219561
levonorgestrel,641,-0.005942,0.00073,0.008502,-0.784751,0.22,0.221557
orlistat,642,-0.007094,7.9e-05,0.009206,-0.779167,0.21,0.211577
tecastemizole,643,-0.006604,0.000426,0.009072,-0.774857,0.214,0.215569
naftopidil,644,-0.006844,-0.000199,0.008607,-0.772119,0.23,0.231537
semaxanib,645,-0.006664,4.5e-05,0.008715,-0.769774,0.224,0.225549
arbutin,646,-0.006897,2.4e-05,0.009122,-0.758728,0.224,0.225549
cytochalasin-b,647,-0.006641,8.6e-05,0.008899,-0.755892,0.222,0.223553
itopride,648,-0.00702,-0.000108,0.009207,-0.750777,0.214,0.215569
rupatadine,649,-0.00658,-0.000165,0.008758,-0.732483,0.212,0.213573
medroxyprogesterone-acetate,650,-0.006798,5e-06,0.0093,-0.731548,0.232,0.233533
atrasentan,651,-0.006141,0.000176,0.008662,-0.72924,0.222,0.223553
PRX-08066,652,-0.005796,0.00041,0.008578,-0.72352,0.224,0.225549
QL-X-138,653,-0.007032,-0.000412,0.009169,-0.721974,0.226,0.227545
probenecid,654,-0.006959,-0.000204,0.009429,-0.716428,0.244,0.245509
mubritinib,655,-0.00603,0.000346,0.008943,-0.713025,0.248,0.249501
GDC-0941,656,-0.00654,-0.000213,0.008924,-0.709114,0.248,0.249501
ticagrelor,657,-0.007027,-0.000262,0.009553,-0.70808,0.232,0.233533
BIX-01338,658,-0.006133,0.000542,0.00944,-0.707107,0.252,0.253493
pentamidine,659,-0.006636,-0.000309,0.009112,-0.694344,0.238,0.239521
RAF-265,660,-0.005189,0.000734,0.008694,-0.681368,0.26,0.261477
papaverine,661,-0.005289,0.000511,0.008524,-0.680349,0.234,0.235529
nicotinamide,662,-0.006519,-0.000485,0.008952,-0.674072,0.254,0.255489
triflupromazine,663,-0.00581,-0.000159,0.008488,-0.665775,0.23,0.231537
molindone,664,-0.005233,0.000393,0.008461,-0.664894,0.244,0.245509
valrubicin,665,-0.006064,-0.000258,0.008793,-0.6603,0.258,0.259481
FR-180204,666,-0.005669,-0.00029,0.008321,-0.646415,0.27,0.271457
cutamesine,667,-0.005844,-8.4e-05,0.008941,-0.644232,0.268,0.269461
XMD-892,668,-0.005385,0.000277,0.008838,-0.640627,0.256,0.257485
indinavir,669,-0.005686,-0.000437,0.008566,-0.612847,0.272,0.273453
ixabepilone,670,-0.005016,0.00025,0.008629,-0.610239,0.258,0.259481
pralatrexate,671,-0.006247,-0.00058,0.009304,-0.609091,0.274,0.275449
rasagiline,672,-0.005063,6.9e-05,0.008742,-0.586983,0.274,0.275449
roscovitine,673,-0.00507,-0.000123,0.008452,-0.585224,0.288,0.289421
triamterene,674,-0.005544,0.000122,0.0097,-0.584139,0.286,0.287425
dimethyl-fumarate,675,-0.004183,0.000824,0.008651,-0.578757,0.268,0.269461
amodiaquine,676,-0.005364,-0.000223,0.009085,-0.565924,0.272,0.273453
MK-1775,677,-0.004301,0.000346,0.008362,-0.555692,0.29,0.291417
JQ1-(-),678,-0.004491,0.000535,0.009083,-0.553398,0.292,0.293413
IPI-145,679,-0.005189,-0.0001,0.009283,-0.548191,0.3,0.301397
aliskiren,680,-0.004902,-0.000172,0.00891,-0.530918,0.294,0.295409
cyclobenzaprine,681,-0.005294,-0.000507,0.009041,-0.529435,0.292,0.293413
benzylpenicillin,682,-0.004832,6.6e-05,0.00933,-0.52505,0.266,0.267465
ebselen,683,-0.004931,0.000124,0.009675,-0.522458,0.318,0.319361
entinostat,684,-0.005066,-0.000292,0.009229,-0.517289,0.292,0.293413
daunorubicin,685,-0.004381,-0.000172,0.008367,-0.503002,0.302,0.303393
luteolin,686,-0.004805,-0.000482,0.008799,-0.49126,0.306,0.307385
fexofenadine,687,-0.004804,-0.000478,0.008973,-0.482139,0.304,0.305389
telcagepant,688,-0.004694,-0.000179,0.009451,-0.477691,0.328,0.329341
clotrimazole,689,-0.003612,0.000581,0.009052,-0.463241,0.298,0.299401
tegobuvir,690,-0.004559,-0.000453,0.009082,-0.452137,0.332,0.333333
NVP-DPP728,691,-0.004499,-0.000374,0.009272,-0.444868,0.338,0.339321
lerisetron,692,-0.004332,-0.000337,0.009002,-0.443788,0.362,0.363273
phenylbutyrate,693,-0.003525,0.000563,0.00946,-0.432099,0.31,0.311377
mizolastine,694,-0.003732,7e-05,0.008877,-0.428305,0.316,0.317365
pramipexole,695,-0.004016,-0.000264,0.008846,-0.424162,0.314,0.315369
ornidazole,696,-0.003988,-6e-05,0.009495,-0.413674,0.348,0.349301
CP-466722,697,-0.003817,-0.000112,0.008984,-0.412456,0.34,0.341317
fulvestrant,698,-0.003911,-0.00035,0.008844,-0.402727,0.348,0.349301
disulfiram,699,-0.003926,-0.0002,0.009376,-0.397457,0.334,0.335329
trimipramine,700,-0.002901,0.000478,0.008699,-0.388471,0.362,0.363273
ondansetron,701,-0.003862,-0.000493,0.008813,-0.382337,0.362,0.363273
tirofiban,702,-0.00351,-0.000218,0.008707,-0.378025,0.324,0.325349
otilonium,703,-0.003313,0.00025,0.009632,-0.369838,0.334,0.335329
rocuronium,704,-0.003344,7.2e-05,0.009259,-0.368924,0.348,0.349301
3-amino-benzamide,705,-0.002873,0.000221,0.008559,-0.361511,0.346,0.347305
BMS-777607,706,-0.003739,-0.000631,0.008599,-0.361427,0.362,0.363273
sufentanil,707,-0.003473,-0.000416,0.008671,-0.352536,0.366,0.367265
AT-7519,708,-0.002127,0.000608,0.007929,-0.344945,0.356,0.357285
temsirolimus,709,-0.003247,-0.000203,0.008838,-0.344382,0.374,0.37525
betahistine,710,-0.002886,0.000131,0.009611,-0.313892,0.394,0.39521
CEP-32496,711,-0.003028,-0.000432,0.008717,-0.297769,0.38,0.381238
OTS-167,712,-0.001729,0.000585,0.007819,-0.295877,0.38,0.381238
pyrimethamine,713,-0.002103,0.000585,0.009184,-0.292683,0.394,0.39521
chlorphenamine,714,-0.0028,-0.000268,0.008714,-0.290534,0.38,0.381238
ipriflavone,715,-0.002893,-8.2e-05,0.009741,-0.288609,0.392,0.393214
eperezolid,716,-0.00229,0.000254,0.009084,-0.280033,0.384,0.38523
azathioprine,717,-0.002169,0.000374,0.009306,-0.273184,0.388,0.389222
duloxetine,718,-0.003043,-0.000782,0.008506,-0.265833,0.396,0.397206
ingenol-mebutate,719,-0.002749,-0.00031,0.00931,-0.262043,0.406,0.407186
LCQ-908,720,-0.001541,0.000561,0.008301,-0.253161,0.396,0.397206
tivantinib,721,-0.00207,4.2e-05,0.009218,-0.229142,0.382,0.383234
topiroxostat,722,-0.002462,-0.000314,0.009388,-0.228835,0.406,0.407186
sorbinil,723,-0.002411,-0.000336,0.009068,-0.22881,0.416,0.417166
halofantrine,724,-0.001762,0.000162,0.00873,-0.220451,0.428,0.429142
fluticasone-propionate,725,-0.002488,-0.000566,0.009151,-0.210012,0.42,0.421158
hesperidin,726,-0.001862,7.7e-05,0.009457,-0.205008,0.426,0.427146
andrographolide,727,-0.001568,0.000195,0.008859,-0.198984,0.46,0.461078
EPZ-005687,728,-0.002104,-0.000273,0.009229,-0.198476,0.394,0.39521
fluphenazine,729,-0.00187,-9.3e-05,0.009229,-0.192636,0.418,0.419162
binimetinib,730,-0.002243,-0.000601,0.008591,-0.191178,0.426,0.427146
dihydroergocristine,731,-0.001994,-0.000444,0.008843,-0.175333,0.43,0.431138
vinburnine,732,-0.001733,-0.000341,0.008897,-0.156391,0.44,0.441118
CI-966,733,-0.001725,-0.000296,0.009503,-0.150297,0.446,0.447106
ciglitazone,734,-0.00159,-0.000227,0.009393,-0.145097,0.452,0.453094
zebularine,735,-0.000905,0.000281,0.00886,-0.133852,0.47,0.471058
triamcinolone,736,-0.001009,8e-05,0.009403,-0.115838,0.478,0.479042
estrone,737,-0.000847,3.1e-05,0.009163,-0.095864,0.464,0.46507
MK-5108,738,-0.001186,-0.0004,0.008597,-0.09142,0.478,0.479042
glycopyrrolate,739,-0.001131,-0.000279,0.0097,-0.087853,0.45,0.451098
taladegib,740,-0.001266,-0.000524,0.008766,-0.084588,0.476,0.477046
cariprazine,741,-0.001212,-0.000479,0.008674,-0.084519,0.466,0.467066
DMP-543,742,-0.000858,-9e-05,0.009197,-0.083525,0.458,0.459082
triptolide,743,0.000122,0.000585,0.008145,-0.056863,0.456,0.457086
diazoxide,744,2.9e-05,0.000482,0.008615,-0.05254,0.504,0.50499
umeclidinium,745,-7e-05,0.00033,0.009034,-0.044272,0.488,0.489022
atracurium,746,-0.000534,-0.000218,0.009183,-0.034425,0.476,0.477046
calpain inhibitor ii,747,0.000178,0.000472,0.009082,-0.032398,0.498,0.499002
cobimetinib,748,-0.000572,-0.000425,0.008633,-0.016974,0.494,0.49501
bromocriptine,749,-0.000493,-0.000384,0.009437,-0.011569,0.49,0.491018
atenolol-(+/-),750,0.00056,0.000643,0.009739,-0.008537,0.502,0.502994
deoxycholic-acid,751,0.000154,0.000192,0.008427,-0.004573,0.502,0.502994
pomalidomide,752,-0.000525,-0.000506,0.008709,-0.002213,0.484,0.48503
scopolamine,753,-0.000527,-0.000508,0.008762,-0.002186,0.476,0.477046
cabozantinib,754,-0.000828,-0.000848,0.008973,0.002238,0.488,0.489022
palmitoylethanolamide,755,0.000602,0.000381,0.00877,0.02519,0.526,0.526946
enalapril,756,0.000324,6.8e-05,0.008716,0.029334,0.504,0.50499
senicapoc,757,0.000296,2.9e-05,0.009001,0.029571,0.506,0.506986
tadalafil,758,0.000767,0.000491,0.008971,0.030808,0.502,0.502994
risperidone,759,0.000685,0.0004,0.008678,0.032875,0.512,0.512974
ICI-185_282,760,0.000434,7.5e-05,0.008903,0.040313,0.496,0.497006
UNC-1215,761,0.000559,0.000184,0.008981,0.041807,0.5,0.500998
linifanib,762,0.000339,-7.7e-05,0.009478,0.043871,0.518,0.518962
DU-728,763,2.2e-05,-0.000496,0.009301,0.055656,0.532,0.532934
ftorafur,764,0.000248,-0.000314,0.009496,0.059181,0.512,0.512974
alprostadil,765,0.000187,-0.000375,0.009237,0.060778,0.528,0.528942
trazodone,766,8.8e-05,-0.000517,0.008527,0.070956,0.54,0.540918
aurora-a-inhibitor-i,767,0.001209,0.00056,0.009044,0.071652,0.524,0.52495
estriol,768,0.001565,0.000787,0.009327,0.083327,0.542,0.542914
nicotine,769,0.000802,-4.3e-05,0.009305,0.090786,0.534,0.53493
talmapimod,770,-1.2e-05,-0.000833,0.008998,0.091179,0.554,0.55489
enzastaurin,771,0.000996,0.000162,0.008931,0.093344,0.53,0.530938
celecoxib,772,0.00104,0.000157,0.009232,0.095642,0.524,0.52495
diethylcarbamazine,773,0.00134,0.000416,0.009563,0.096579,0.53,0.530938
chloroquine,774,0.000894,-0.000204,0.009117,0.120405,0.564,0.56487
BRD-K68548958,775,0.001424,0.00037,0.008467,0.12451,0.564,0.56487
sarsagenin,776,0.000906,-0.000346,0.00952,0.131551,0.57,0.570858
pritelivir,777,0.00193,0.000593,0.008825,0.151512,0.566,0.566866
ketotifen,778,0.00095,-0.000379,0.008721,0.152397,0.576,0.576846
rottlerin,779,0.001715,0.00029,0.008935,0.159476,0.546,0.546906
flumatinib,780,0.001554,5.8e-05,0.00928,0.161172,0.552,0.552894
pirfenidone,781,0.001359,-0.000176,0.009434,0.162797,0.53,0.530938
APD-668,782,0.000903,-0.000574,0.00901,0.164006,0.58,0.580838
nevirapine,783,0.00178,0.000281,0.009117,0.164409,0.572,0.572854
bisoprolol,784,0.000966,-0.000575,0.009058,0.170089,0.55,0.550898
alagebrium,785,0.001694,-6.9e-05,0.009172,0.192235,0.586,0.586826
forskolin,786,0.000381,-0.001605,0.009125,0.217623,0.582,0.582834
acarbose,787,0.001497,-0.000505,0.008734,0.229224,0.598,0.598802
bruceantin,788,0.002204,0.000161,0.008844,0.231093,0.604,0.60479
chlorprothixene,789,0.001682,-0.00042,0.008965,0.234374,0.614,0.61477
clomifene,790,0.002176,-0.000103,0.009268,0.245871,0.586,0.586826
luliconazole,791,0.001695,-0.000479,0.008653,0.251315,0.6,0.600798
toremifene,792,0.00175,-0.000456,0.0086,0.25654,0.608,0.608782
fludarabine-phosphate,793,0.002027,-0.000216,0.008741,0.256675,0.61,0.610778
unc-0646,794,0.002183,-0.000368,0.009477,0.269207,0.648,0.648703
crizotinib,795,0.002642,0.000215,0.008946,0.271314,0.596,0.596806
quinapril,796,0.001886,-0.000572,0.009036,0.272052,0.6,0.600798
defactinib,797,0.002769,0.000326,0.008696,0.28094,0.626,0.626747
LY-2228820,798,0.002597,-0.0,0.00897,0.289572,0.604,0.60479
azelastine,799,0.001827,-0.000659,0.008454,0.294075,0.608,0.608782
OSI-930,800,0.002955,0.000235,0.008996,0.302365,0.63,0.630739
WZ-4002,801,0.003496,0.000846,0.00876,0.302402,0.626,0.626747
relcovaptan,802,0.002534,-0.000275,0.009281,0.302629,0.614,0.61477
enoxacin,803,0.002304,-0.000445,0.008904,0.308721,0.634,0.634731
siguazodan,804,0.002065,-0.000684,0.008773,0.313324,0.626,0.626747
clinofibrate,805,0.003311,0.000293,0.009144,0.330009,0.62,0.620758
bendamustine,806,0.002853,-0.000134,0.008966,0.333094,0.598,0.598802
gemcitabine,807,0.002398,-0.000735,0.009128,0.343215,0.63,0.630739
dinoprost,808,0.00335,0.00016,0.009283,0.343646,0.628,0.628743
bafilomycin a1,809,0.002777,-0.000228,0.008561,0.351053,0.65,0.650699
tazarotene,810,0.002552,-0.000557,0.008844,0.351511,0.642,0.642715
ecabet,811,0.002929,-0.000334,0.009184,0.355224,0.668,0.668663
neratinib,812,0.003353,0.000274,0.00846,0.363971,0.63,0.630739
ursodiol,813,0.003469,9.1e-05,0.009079,0.372,0.64,0.640719
AVL-292,814,0.003402,0.000154,0.008644,0.375762,0.648,0.648703
enoxolone,815,0.003586,0.000277,0.008764,0.377606,0.662,0.662675
pirenzepine,816,0.003405,6.3e-05,0.008807,0.379478,0.65,0.650699
RG-2833,817,0.002905,-0.000471,0.008849,0.381431,0.65,0.650699
PX-12,818,0.003783,-1.2e-05,0.009793,0.387491,0.644,0.644711
mazindol,819,0.003322,-0.000375,0.009491,0.389544,0.646,0.646707
GSK-2110183,820,0.003535,-0.000151,0.009421,0.391275,0.67,0.670659
pyrazinoylguanidine,821,0.003684,0.000364,0.008481,0.391366,0.624,0.62475
trimethobenzamide,822,0.003644,0.000188,0.00854,0.404726,0.646,0.646707
clofazimine,823,0.004042,0.000221,0.009252,0.412994,0.646,0.646707
trametinib,824,0.003467,-0.00019,0.008683,0.421224,0.676,0.676647
letermovir,825,0.003979,-8e-06,0.00945,0.421924,0.668,0.668663
epigallocatechin-gallate-(-),826,0.003326,-0.00042,0.008742,0.428482,0.662,0.662675
epz004777,827,0.003926,2.1e-05,0.009067,0.430639,0.678,0.678643
neostigmine,828,0.003804,-0.000166,0.009104,0.4361,0.674,0.674651
fdcyd,829,0.003995,7e-06,0.008965,0.444808,0.67,0.670659
SAR-245409,830,0.004736,0.000443,0.009183,0.46752,0.7,0.700599
CB-10-277-(free-acid),831,0.00419,-0.000172,0.009224,0.472954,0.7,0.700599
genistein,832,0.004161,-0.000387,0.009353,0.486292,0.71,0.710579
lobenzarit,833,0.005145,0.000525,0.009083,0.508632,0.692,0.692615
acifran,834,0.003651,-0.000688,0.008514,0.50964,0.694,0.694611
tie2-kinase-inhibitor,835,0.004129,-0.000506,0.008797,0.526951,0.688,0.688623
rifaximin,836,0.005442,0.000896,0.008612,0.527819,0.724,0.724551
CX-4945,837,0.004833,0.000245,0.008558,0.536111,0.692,0.692615
mozavaptan,838,0.005587,0.000378,0.009474,0.549778,0.716,0.716567
methylnaltrexone,839,0.004357,-0.000895,0.009422,0.557433,0.71,0.710579
ruxolitinib,840,0.005359,0.000418,0.008863,0.557502,0.728,0.728543
beclomethasone-dipropionate,841,0.004955,-9e-05,0.008978,0.561921,0.724,0.724551
idalopirdine,842,0.005106,4e-06,0.008771,0.581645,0.706,0.706587
A-443654,843,0.004922,0.0004,0.007719,0.585744,0.724,0.724551
phorbol-myristate-acetate,844,0.005538,6.2e-05,0.009242,0.592589,0.724,0.724551
metolazone,845,0.005158,-0.000443,0.009202,0.608712,0.742,0.742515
irsogladine,846,0.005801,8.8e-05,0.00936,0.61039,0.732,0.732535
valproic-acid,847,0.004997,-0.000645,0.009142,0.617117,0.732,0.732535
mepacrine,848,0.005919,0.000251,0.009004,0.629508,0.732,0.732535
tolcapone,849,0.006285,0.000454,0.00923,0.631826,0.732,0.732535
tibolone,850,0.005067,-0.000667,0.008967,0.639409,0.744,0.744511
rufinamide,851,0.005946,0.000367,0.00872,0.639748,0.76,0.760479
PF-03084014,852,0.005746,0.00025,0.008514,0.645558,0.73,0.730539
metenkephalin,853,0.005599,-0.000398,0.009224,0.650148,0.752,0.752495
CL-218872,854,0.006036,-1.6e-05,0.00929,0.651543,0.726,0.726547
diazepam,855,0.00586,-0.000208,0.009311,0.651749,0.744,0.744511
ercalcitriol,856,0.005662,-0.000188,0.008955,0.653225,0.726,0.726547
dapsone,857,0.005695,0.000136,0.008481,0.655414,0.744,0.744511
foretinib,858,0.005501,-0.00034,0.008836,0.661056,0.724,0.724551
methylstat,859,0.005993,0.000553,0.008223,0.661517,0.73,0.730539
gabapentin,860,0.006437,0.000458,0.009012,0.663452,0.742,0.742515
tacedinaline,861,0.005912,-0.000278,0.009292,0.666223,0.736,0.736527
AZD-7545,862,0.006697,0.00053,0.009248,0.66687,0.754,0.754491
SU-11274,863,0.005502,-0.000255,0.008629,0.667208,0.752,0.752495
SR-27897,864,0.00622,-0.000141,0.00948,0.671017,0.744,0.744511
RU-58841,865,0.005634,-0.000371,0.008948,0.671169,0.758,0.758483
adatanserin,866,0.005349,-0.000775,0.009113,0.672115,0.752,0.752495
tagatose,867,0.006406,0.000269,0.009114,0.673433,0.762,0.762475
metixene,868,0.005624,-0.000253,0.008554,0.68696,0.764,0.764471
naftidrofuryl,869,0.006638,0.000556,0.008758,0.694461,0.766,0.766467
licarbazepine,870,0.006288,-1.1e-05,0.009001,0.699796,0.76,0.760479
pantoprazole,871,0.006502,7e-06,0.009242,0.702742,0.736,0.736527
camostat-mesilate,872,0.005156,-0.000565,0.008129,0.703865,0.756,0.756487
noscapine,873,0.006234,5e-05,0.008679,0.712586,0.774,0.774451
acyclovir,874,0.006161,-0.000243,0.008972,0.713772,0.746,0.746507
lamivudine,875,0.00717,0.000479,0.009369,0.714208,0.76,0.760479
cefotetan,876,0.006867,1.9e-05,0.009497,0.721153,0.77,0.770459
PHA-767491,877,0.007221,0.000821,0.008785,0.728511,0.774,0.774451
droperidol,878,0.006565,-3.9e-05,0.009049,0.729809,0.786,0.786427
gemifloxacin,879,0.006785,0.0,0.009231,0.734913,0.796,0.796407
benzamil,880,0.006582,0.000169,0.008691,0.737942,0.76,0.760479
taltirelin,881,0.006983,0.000122,0.009284,0.739056,0.762,0.762475
lafutidine,882,0.006245,-0.000689,0.009328,0.743362,0.756,0.756487
BIX-02189,883,0.006853,-0.00022,0.009404,0.752087,0.782,0.782435
aclidinium,884,0.007481,0.000764,0.008756,0.767244,0.76,0.760479
protriptyline,885,0.006211,-0.000304,0.008417,0.77401,0.784,0.784431
3_3'-diindolylmethane,886,0.006104,-0.000853,0.008965,0.776022,0.768,0.768463
imexon,887,0.006363,-0.000593,0.008946,0.777472,0.786,0.786427
moxisylyte,888,0.006822,-0.000419,0.009184,0.788531,0.788,0.788423
16_16-dimethylprostaglandin-e2,889,0.007439,3.6e-05,0.009049,0.818142,0.782,0.782435
fluspirilene,890,0.007174,-0.000175,0.008978,0.818522,0.782,0.782435
tirapazamine,891,0.007328,-0.000325,0.009167,0.834756,0.788,0.788423
tanespimycin,892,0.006512,-0.000467,0.008329,0.837936,0.79,0.790419
JNK-9L,893,0.007285,0.000652,0.007906,0.838977,0.796,0.796407
melatonin,894,0.00755,-0.000151,0.009032,0.852601,0.802,0.802395
L-ergothioneine,895,0.007877,0.000222,0.008878,0.862229,0.81,0.810379
afloqualone,896,0.006847,-0.000738,0.0087,0.871863,0.81,0.810379
berberine,897,0.00777,-3.6e-05,0.008935,0.873683,0.802,0.802395
entecavir,898,0.008437,0.000498,0.009055,0.876724,0.818,0.818363
indacaterol,899,0.007608,-0.000568,0.00931,0.878124,0.792,0.792415
guanadrel,900,0.007398,-0.000192,0.008631,0.879379,0.82,0.820359
tivozanib,901,0.007548,-0.000525,0.009109,0.886325,0.818,0.818363
eugenol,902,0.007912,7.6e-05,0.008823,0.888164,0.81,0.810379
dolasetron,903,0.007263,-0.000507,0.008692,0.893914,0.82,0.820359
atipamezole,904,0.00772,-5.7e-05,0.008533,0.911464,0.814,0.814371
ranitidine,905,0.007666,-0.000365,0.008797,0.912993,0.812,0.812375
Ro-4987655,906,0.007424,-0.000527,0.008695,0.914384,0.824,0.824351
cobicistat,907,0.008471,0.000236,0.008902,0.925005,0.818,0.818363
tamsulosin,908,0.00884,9.2e-05,0.009384,0.932236,0.834,0.834331
donitriptan,909,0.007814,-0.000557,0.008936,0.936862,0.824,0.824351
ambrisentan,910,0.008121,3.9e-05,0.00861,0.938767,0.828,0.828343
piketoprofen,911,0.009283,0.000237,0.009607,0.941589,0.826,0.826347
trimetazidine,912,0.008855,2.3e-05,0.009318,0.94789,0.832,0.832335
XMD-885,913,0.009148,0.000229,0.009357,0.953196,0.824,0.824351
benzthiazide,914,0.009487,0.000316,0.009549,0.960467,0.838,0.838323
esculin,915,0.008872,-3.1e-05,0.009168,0.971168,0.83,0.830339
furosemide,916,0.008333,-0.000549,0.009131,0.972697,0.832,0.832335
dexfenfluramine,917,0.008553,-0.000285,0.009055,0.976082,0.86,0.860279
tenidap,918,0.009214,0.000367,0.009007,0.9822,0.838,0.838323
cinoxacin,919,0.008882,-0.00028,0.00926,0.989465,0.838,0.838323
dorzolamide,920,0.008185,-0.000588,0.008855,0.990748,0.842,0.842315
compound e,921,0.00863,-0.000693,0.009236,1.009489,0.864,0.864271
doxorubicin,922,0.009059,8.2e-05,0.008749,1.026142,0.854,0.854291
cilostazol,923,0.008865,-0.000629,0.009208,1.031074,0.856,0.856287
aminocaproic-acid,924,0.00885,-9.9e-05,0.008672,1.031873,0.846,0.846307
XMD11-85H,925,0.009282,2.3e-05,0.008891,1.041351,0.824,0.824351
vincamine,926,0.009806,0.000217,0.009132,1.050083,0.868,0.868263
mephentermine,927,0.009749,-0.000476,0.009733,1.050539,0.844,0.844311
PA-824,928,0.008773,-0.000552,0.008873,1.050921,0.862,0.862275
ALX-5407,929,0.009731,-0.000158,0.009381,1.054202,0.844,0.844311
fluorouracil,930,0.009368,-7.1e-05,0.008932,1.056747,0.836,0.836327
KBG,931,0.00878,-0.000361,0.008628,1.059356,0.85,0.850299
talazoparib,932,0.009126,-0.000196,0.008784,1.061294,0.842,0.842315
roquinimex,933,0.009101,2.4e-05,0.008493,1.068766,0.838,0.838323
benzbromarone,934,0.010667,0.00091,0.009055,1.077465,0.86,0.860279
chlorpropamide,935,0.010459,0.000788,0.008969,1.078273,0.86,0.860279
clinafloxacin,936,0.010216,-0.00014,0.009579,1.081138,0.852,0.852295
dinaciclib,937,0.008966,0.000431,0.007892,1.081614,0.864,0.864271
zafirlukast,938,0.010255,0.000322,0.009131,1.087943,0.862,0.862275
arofylline,939,0.009365,-0.00041,0.008823,1.107834,0.856,0.856287
geldanamycin,940,0.009398,-0.000217,0.008653,1.111201,0.878,0.878244
moxonidine,941,0.009911,-0.000212,0.009038,1.120013,0.866,0.866267
RHO-kinase-inhibitor-III[rockout],942,0.009992,-0.000191,0.009075,1.122071,0.876,0.876248
tiludronate,943,0.010496,0.000114,0.009198,1.12866,0.866,0.866267
oxybenzone,944,0.010768,0.000678,0.008894,1.134526,0.88,0.88024
XL-147,945,0.010086,0.000132,0.008747,1.137962,0.868,0.868263
bupropion,946,0.009027,-0.000372,0.008248,1.139563,0.866,0.866267
alvimopan,947,0.010283,0.000225,0.008797,1.143319,0.872,0.872255
VE-821,948,0.010089,0.000126,0.008677,1.148201,0.87,0.870259
T-5224,949,0.011072,-0.00014,0.009632,1.164073,0.886,0.886228
exherin,950,0.010351,-0.000173,0.009003,1.169023,0.894,0.894212
diphenidol,951,0.010076,-0.000439,0.008986,1.170143,0.87,0.870259
cytisine,952,0.010699,4e-06,0.009132,1.171218,0.902,0.902196
potassium-canrenoate,953,0.010685,-0.000333,0.00937,1.17603,0.872,0.872255
sobetirome,954,0.010651,-0.000496,0.009404,1.185469,0.882,0.882236
BIBX-1382,955,0.009173,-0.000569,0.008192,1.18915,0.906,0.906188
NSC-4644,956,0.011922,0.000789,0.009357,1.189796,0.892,0.892216
nefopam,957,0.010708,-0.000327,0.009238,1.194546,0.884,0.884232
JTE-907,958,0.009599,-0.000553,0.008452,1.201248,0.89,0.89022
lorcaserin,959,0.011083,-0.000135,0.009311,1.204782,0.908,0.908184
laropiprant,960,0.010183,-1.9e-05,0.008367,1.219308,0.88,0.88024
verapamil,961,0.010721,-0.000235,0.008926,1.227472,0.89,0.89022
ketorolac,962,0.01074,-0.000529,0.00915,1.23146,0.894,0.894212
lodoxamide,963,0.010547,-0.000803,0.009198,1.23393,0.9,0.9002
cromoglicic-acid,964,0.009925,-0.000665,0.00855,1.238544,0.91,0.91018
racecadotril,965,0.012456,0.000825,0.009231,1.260004,0.9,0.9002
nimodipine,966,0.01142,0.000227,0.008866,1.262511,0.896,0.896208
AS-605240,967,0.010857,-0.000644,0.009063,1.269035,0.906,0.906188
ritodrine,968,0.011474,0.000188,0.008833,1.277736,0.918,0.918164
closantel,969,0.011852,0.000415,0.008948,1.278108,0.896,0.896208
methylprednisolone,970,0.011507,3.8e-05,0.008854,1.295342,0.888,0.888224
quizartinib,971,0.012756,0.000744,0.009264,1.29664,0.898,0.898204
canagliflozin,972,0.011691,0.000203,0.008832,1.300707,0.908,0.908184
VT-464,973,0.011324,-0.000498,0.009058,1.305113,0.898,0.898204
ZK-200775,974,0.012288,0.000231,0.009214,1.308562,0.902,0.902196
progesterone,975,0.011554,-8.6e-05,0.008876,1.311411,0.896,0.896208
dazoxiben,976,0.013199,0.000687,0.009326,1.341602,0.902,0.902196
AM-24,977,0.012503,0.00035,0.009054,1.342323,0.906,0.906188
doxazosin,978,0.011469,-0.000459,0.00881,1.353825,0.926,0.926148
flumazenil,979,0.012497,7.3e-05,0.009175,1.354068,0.922,0.922156
bexarotene,980,0.012452,0.000213,0.009013,1.357928,0.924,0.924152
AZD-1480,981,0.012409,0.000386,0.008822,1.362809,0.906,0.906188
DMP-777,982,0.01212,3e-05,0.008871,1.362885,0.928,0.928144
gatifloxacin,983,0.012976,0.00063,0.009023,1.368355,0.92,0.92016
moxidectin,984,0.013477,0.00034,0.009528,1.378729,0.906,0.906188
epitiostanol,985,0.012533,0.000163,0.008965,1.379888,0.904,0.904192
fostamatinib,986,0.012275,-0.000456,0.009224,1.380255,0.916,0.916168
raloxifene,987,0.012286,-0.000188,0.009026,1.382098,0.916,0.916168
probucol,988,0.012105,-0.00043,0.009038,1.386902,0.916,0.916168
aspirin,989,0.012849,0.000127,0.009147,1.390766,0.926,0.926148
cediranib,990,0.01213,0.000136,0.008622,1.390967,0.924,0.924152
GDC-0834,991,0.011911,-0.000419,0.008826,1.397035,0.932,0.932136
pimecrolimus,992,0.013499,0.000396,0.009359,1.399927,0.92,0.92016
nicergoline,993,0.012831,7e-06,0.009148,1.401889,0.916,0.916168
valsartan,994,0.012718,0.000413,0.008761,1.404553,0.904,0.904192
r(-)-apomorphine,995,0.012085,-0.00035,0.008843,1.406194,0.92,0.92016
KIN001-055,996,0.012472,-0.00056,0.009189,1.418168,0.916,0.916168
caffeine,997,0.012346,-0.000318,0.008929,1.418287,0.924,0.924152
rotigotine,998,0.012929,-0.000159,0.009211,1.420972,0.928,0.928144
perindopril,999,0.012775,8.2e-05,0.008891,1.427588,0.922,0.922156
sulbactam,1000,0.013187,-0.000241,0.009283,1.446599,0.93,0.93014
trichostatin-a,1001,0.014377,0.000112,0.009841,1.449461,0.934,0.934132
etofylline-clofibrate,1002,0.013187,5.9e-05,0.009055,1.449904,0.918,0.918164
lurasidone,1003,0.014021,0.000681,0.009158,1.456494,0.92,0.92016
golvatinib,1004,0.013153,-0.000295,0.009211,1.460008,0.92,0.92016
famotidine,1005,0.012534,-0.000415,0.00886,1.461564,0.928,0.928144
stavudine,1006,0.013622,-0.000372,0.009553,1.464962,0.924,0.924152
bisindolylmaleimide,1007,0.013008,-1.9e-05,0.008866,1.469405,0.94,0.94012
carisoprodol,1008,0.013348,-5.6e-05,0.009087,1.474965,0.94,0.94012
bavisant,1009,0.014039,0.000357,0.009213,1.485073,0.922,0.922156
histamine,1010,0.013135,-0.000446,0.009119,1.489245,0.938,0.938124
PF-477736,1011,0.013091,0.000121,0.008702,1.490384,0.926,0.926148
MC1568,1012,0.013815,0.000239,0.009077,1.495589,0.922,0.922156
1271738-62-5,1013,0.014452,0.000323,0.00935,1.511072,0.926,0.926148
ALW-II-38-3,1014,0.011626,-0.000753,0.00817,1.515314,0.928,0.928144
arglabin,1015,0.013947,-2e-06,0.009123,1.529016,0.942,0.942116
candesartan,1016,0.012941,-0.000181,0.008575,1.530189,0.936,0.936128
quinidine,1017,0.01472,0.000151,0.009516,1.530979,0.934,0.934132
BVD-523,1018,0.013474,-0.000618,0.009191,1.533256,0.932,0.932136
felodipine,1019,0.012879,-0.000257,0.008533,1.539305,0.946,0.946108
linsidomine,1020,0.013988,0.000414,0.008814,1.540115,0.938,0.938124
lucitanib,1021,0.013881,4.3e-05,0.008824,1.568163,0.958,0.958084
pimozide,1022,0.013719,-0.000425,0.009006,1.570495,0.936,0.936128
setiptiline,1023,0.013929,0.000427,0.008595,1.571063,0.946,0.946108
vinpocetine,1024,0.014113,-8.4e-05,0.008996,1.578061,0.948,0.948104
propentofylline,1025,0.014033,0.000128,0.008762,1.586916,0.948,0.948104
saracatinib,1026,0.014575,3.3e-05,0.009107,1.596782,0.948,0.948104
fenobam,1027,0.014574,1.2e-05,0.009089,1.602206,0.94,0.94012
phentolamine,1028,0.014237,0.000208,0.008744,1.604407,0.94,0.94012
GNF-2,1029,0.014724,0.000305,0.008945,1.611917,0.946,0.946108
MGCD-265,1030,0.013506,0.000414,0.008108,1.61462,0.944,0.944112
tozasertib,1031,0.01596,-0.000342,0.009932,1.641388,0.952,0.952096
mirodenafil,1032,0.013462,-0.000612,0.008573,1.641638,0.948,0.948104
ivabradine,1033,0.016064,0.000674,0.009334,1.648815,0.962,0.962076
YM-976,1034,0.014092,-0.000782,0.008934,1.664896,0.96,0.96008
NVP-BGJ398,1035,0.014488,0.000527,0.008351,1.671752,0.954,0.954092
aniracetam,1036,0.01594,0.0004,0.009229,1.683843,0.954,0.954092
ursolic-acid,1037,0.014441,0.000549,0.008224,1.689329,0.956,0.956088
lisinopril,1038,0.015522,0.000806,0.008689,1.693636,0.944,0.944112
R-428,1039,0.014487,-0.000319,0.008729,1.696331,0.952,0.952096
RG-4733,1040,0.014289,0.00021,0.008251,1.706388,0.954,0.954092
efatutazone,1041,0.014913,0.000377,0.008479,1.71435,0.968,0.968064
tyrphostin-1,1042,0.014959,-0.000464,0.008987,1.71599,0.96,0.96008
LXR-623,1043,0.015916,6.7e-05,0.009195,1.723769,0.962,0.962076
meloxicam,1044,0.015635,0.000555,0.008748,1.723784,0.95,0.9501
flutamide,1045,0.014293,-0.000177,0.008389,1.72482,0.952,0.952096
WZ-4-145,1046,0.015439,-0.000992,0.009445,1.739665,0.966,0.966068
O6-benzylguanine,1047,0.015887,-9.8e-05,0.009134,1.750147,0.96,0.96008
firategrast,1048,0.016803,0.000342,0.009281,1.773562,0.96,0.96008
BTS-54505,1049,0.016547,-0.0002,0.00944,1.774033,0.962,0.962076
penciclovir,1050,0.015115,-0.000162,0.008546,1.78758,0.95,0.9501
triamcinolone-acetonide,1051,0.01627,-0.000221,0.009189,1.794521,0.962,0.962076
deforolimus,1052,0.015821,-0.00031,0.008986,1.795203,0.958,0.958084
HG-5-88-01,1053,0.016967,-0.000364,0.00963,1.799809,0.958,0.958084
dienogest,1054,0.01483,3.8e-05,0.008208,1.8021,0.968,0.968064
tofacitinib,1055,0.015967,0.000256,0.008707,1.8045,0.962,0.962076
lestaurtinib,1056,0.01567,-0.000165,0.008641,1.832575,0.962,0.962076
argatroban,1057,0.017069,0.000241,0.009177,1.833788,0.976,0.976048
Y-27632,1058,0.017591,0.00016,0.009443,1.84601,0.968,0.968064
rimexolone,1059,0.016808,-9.7e-05,0.009149,1.847704,0.976,0.976048
pyrazinamide,1060,0.016255,3.1e-05,0.008744,1.85549,0.97,0.97006
tolimidone,1061,0.016504,-0.000445,0.009111,1.860208,0.968,0.968064
alvocidib,1062,0.015292,0.000557,0.007889,1.86782,0.958,0.958084
ABT-202,1063,0.01657,-0.000495,0.009122,1.870722,0.98,0.98004
macitentan,1064,0.015332,0.000148,0.008111,1.872107,0.972,0.972056
levalbuterol,1065,0.017511,-0.000506,0.009616,1.873617,0.976,0.976048
carbamazepine,1066,0.016747,0.000495,0.008607,1.888224,0.98,0.98004
tonabersat,1067,0.017226,-0.000224,0.009184,1.900057,0.97,0.97006
lacosamide,1068,0.017185,0.000555,0.008745,1.901673,0.97,0.97006
levcromakalim,1069,0.018705,0.000246,0.009702,1.902487,0.972,0.972056
quetiapine,1070,0.016846,0.000401,0.008632,1.905155,0.968,0.968064
AZD-8931,1071,0.017126,-0.000187,0.009064,1.910138,0.972,0.972056
lonafarnib,1072,0.017664,0.000246,0.009104,1.91329,0.972,0.972056
sacubitril,1073,0.017713,-0.000326,0.009412,1.916604,0.964,0.964072
efavirenz,1074,0.016819,0.000365,0.008558,1.922799,0.974,0.974052
ATN-161,1075,0.015812,-0.000368,0.008403,1.925553,0.966,0.966068
cisapride,1076,0.01645,-0.000796,0.008922,1.933077,0.986,0.986028
AMG-837,1077,0.01657,-0.000489,0.00882,1.934101,0.976,0.976048
LY-2157299,1078,0.016741,0.000272,0.008491,1.939705,0.972,0.972056
diclofensine,1079,0.018735,2e-05,0.009505,1.968996,0.978,0.978044
GSK-3-inhibitor-II,1080,0.016137,-0.000214,0.008297,1.970606,0.976,0.976048
PF-04457845,1081,0.018632,0.000883,0.008992,1.973837,0.966,0.966068
nateglinide,1082,0.017803,0.000102,0.008941,1.979874,0.976,0.976048
methyldopa,1083,0.018174,0.000339,0.008998,1.982171,0.976,0.976048
vicriviroc,1084,0.017928,0.000312,0.008704,2.023769,0.976,0.976048
estradiol,1085,0.019239,0.000707,0.009154,2.024504,0.988,0.988024
dimesna,1086,0.018623,-0.000488,0.00944,2.024537,0.982,0.982036
ABT-737,1087,0.018889,0.000608,0.009019,2.026998,0.978,0.978044
abiraterone-acetate,1088,0.017331,-0.000232,0.008642,2.032441,0.978,0.978044
torcetrapib,1089,0.017448,-0.000305,0.008678,2.045803,0.974,0.974052
PK-11195,1090,0.019071,0.000368,0.009115,2.051855,0.978,0.978044
barasertib-HQPA,1091,0.018664,-0.000511,0.009287,2.06462,0.98,0.98004
S-ruxolitinib,1092,0.019766,2.5e-05,0.009472,2.084122,0.982,0.982036
voriconazole,1093,0.017173,-0.000712,0.008581,2.084222,0.98,0.98004
imatinib,1094,0.016629,-0.00033,0.008089,2.096628,0.982,0.982036
KN-93,1095,0.018289,-0.000685,0.009044,2.097978,0.984,0.984032
oglemilast,1096,0.019482,0.000191,0.009125,2.113988,0.982,0.982036
colforsin-daproate,1097,0.019161,-0.000261,0.009178,2.11607,0.992,0.992016
haloperidol,1098,0.020341,-2.6e-05,0.009615,2.118352,0.976,0.976048
ZK-811752,1099,0.019264,0.000178,0.009006,2.119085,0.99,0.99002
GSK-J1,1100,0.020163,-1.1e-05,0.009502,2.123062,0.992,0.992016
AZD-8330,1101,0.018449,-0.000293,0.008753,2.141067,0.98,0.98004
mecamylamine,1102,0.01876,6.7e-05,0.008648,2.16163,0.986,0.986028
ramipril,1103,0.019642,7.4e-05,0.008988,2.177048,0.99,0.99002
zofenopril-calcium,1104,0.020236,0.000109,0.009231,2.180395,0.986,0.986028
tizanidine,1105,0.018519,-4.7e-05,0.008482,2.188724,0.992,0.992016
sch 900776,1106,0.020823,0.000248,0.009359,2.198437,0.986,0.986028
LCL-161,1107,0.021044,0.000746,0.009146,2.219263,0.988,0.988024
clofoctol,1108,0.020152,0.000185,0.008976,2.224637,0.986,0.986028
BMS-387032,1109,0.018011,0.000534,0.007848,2.226803,0.978,0.978044
resatorvid,1110,0.019959,0.000263,0.008822,2.232547,0.98,0.98004
NF-449,1111,0.020233,-0.00042,0.009202,2.244321,0.976,0.976048
penfluridol,1112,0.02005,0.000225,0.008821,2.247668,0.982,0.982036
pazopanib,1113,0.018876,-0.000164,0.008469,2.248218,0.988,0.988024
AZD-3514,1114,0.020698,0.000342,0.009023,2.255997,0.992,0.992016
MK-0752,1115,0.021509,0.000342,0.009363,2.260542,0.998,0.998004
WZ-3105,1116,0.018149,0.000486,0.007797,2.26535,0.988,0.988024
nesbuvir,1117,0.020644,0.000208,0.009,2.270604,0.99,0.99002
tramiprosate,1118,0.020133,-0.000128,0.008912,2.27342,0.988,0.988024
esmolol,1119,0.019757,-0.000385,0.008826,2.282026,0.994,0.994012
novobiocin,1120,0.020691,0.00048,0.008854,2.282632,0.99,0.99002
tolvaptan,1121,0.020723,0.000587,0.008776,2.29465,0.986,0.986028
3-deazaadenosine,1122,0.021911,0.00078,0.009194,2.298306,0.99,0.99002
clioquinol,1123,0.019623,0.000142,0.008468,2.300684,0.984,0.984032
ABT-239,1124,0.020299,0.000275,0.008679,2.307056,0.992,0.992016
acecainide,1125,0.021154,-0.000113,0.009173,2.318528,0.984,0.984032
PHA-665752,1126,0.020573,-0.000168,0.008907,2.328529,0.99,0.99002
bms-906024,1127,0.019579,-0.000569,0.008607,2.340837,0.988,0.988024
omecamtiv-mecarbil,1128,0.021854,0.000522,0.009111,2.341241,0.994,0.994012
edoxudine,1129,0.019997,0.000485,0.008322,2.34461,0.994,0.994012
CPI-613,1130,0.020885,-0.000311,0.009013,2.35175,0.994,0.994012
orteronel,1131,0.022186,3e-05,0.009361,2.366817,0.992,0.992016
trimebutine,1132,0.022265,0.000399,0.009228,2.369376,0.992,0.992016
tranylcypromine,1133,0.020859,-0.000217,0.008888,2.371201,0.996,0.996008
thioridazine,1134,0.021666,0.000414,0.008955,2.373142,0.988,0.988024
isbufylline,1135,0.021402,0.000244,0.008898,2.377771,0.982,0.982036
oxiconazole,1136,0.022548,0.000606,0.009223,2.378977,0.99,0.99002
tedizolid,1137,0.021056,0.000356,0.008655,2.391645,0.988,0.988024
NVP-AUY922,1138,0.020205,-0.000416,0.008547,2.412706,0.99,0.99002
azelaic-acid,1139,0.022699,0.000209,0.009267,2.426811,0.994,0.994012
BAY-K8644,1140,0.022157,-0.00048,0.009317,2.429579,0.986,0.986028
CGP-60474,1141,0.019368,0.00047,0.007777,2.4299,0.992,0.992016
CGS-20625,1142,0.022569,0.000648,0.008942,2.451645,0.998,0.998004
loperamide,1143,0.021916,2e-06,0.008936,2.452216,0.994,0.994012
olprinone,1144,0.022302,-5.3e-05,0.009112,2.453231,0.992,0.992016
KIN001-266,1145,0.022153,0.000727,0.008716,2.458327,0.99,0.99002
niacin,1146,0.022269,-0.000138,0.009092,2.464543,0.988,0.988024
BMS-927711,1147,0.023692,0.000617,0.009347,2.46871,0.996,0.996008
UNC-0638,1148,0.022574,-0.000302,0.009256,2.471607,0.992,0.992016
BS-181,1149,0.024331,0.000968,0.009347,2.499604,0.996,0.996008
pidotimod,1150,0.022145,-0.000163,0.008907,2.504395,0.992,0.992016
cariporide,1151,0.023381,0.000212,0.009244,2.506281,0.996,0.996008
chelerythrine,1152,0.021641,0.000695,0.008304,2.52242,0.996,0.996008
tandutinib,1153,0.023385,0.000114,0.009208,2.52742,0.996,0.996008
trimethoprim,1154,0.023698,0.000254,0.009253,2.533664,0.994,0.994012
SB-242235,1155,0.022129,-0.000507,0.008919,2.53785,0.994,0.994012
glipizide,1156,0.022739,0.000175,0.008873,2.542861,0.996,0.996008
AS-703026,1157,0.021113,-0.000263,0.008345,2.561555,0.996,0.996008
nefazodone,1158,0.02414,0.000194,0.009334,2.565608,0.994,0.994012
tiapride,1159,0.024448,0.000422,0.009353,2.568803,0.996,0.996008
sertraline,1160,0.023999,0.000435,0.009163,2.571552,0.994,0.994012
lumacaftor,1161,0.025155,0.000242,0.009603,2.594222,0.99,0.99002
ursodeoxycholyltaurine,1162,0.023096,0.000627,0.008647,2.598377,0.998,0.998004
AV-412,1163,0.02294,6.7e-05,0.008798,2.599908,0.992,0.992016
LY-2334737,1164,0.024122,0.000168,0.009206,2.601993,0.994,0.994012
dihydroergotamine,1165,0.024501,0.000339,0.009246,2.613323,1.0,1.0
D-serine,1166,0.022587,-0.000379,0.008774,2.617483,0.998,0.998004
timolol,1167,0.02367,0.000314,0.008906,2.622653,0.994,0.994012
flavoxate,1168,0.024219,0.000293,0.00911,2.62624,0.996,0.996008
levocabastine,1169,0.025026,0.000572,0.009304,2.628224,0.994,0.994012
SGX523,1170,0.024943,0.000275,0.009346,2.639545,0.998,0.998004
mitoxantrone,1171,0.021459,0.000339,0.007975,2.648221,1.0,1.0
desvenlafaxine,1172,0.023846,0.000299,0.008871,2.654136,1.0,1.0
amrinone,1173,0.023626,-0.000227,0.008975,2.657716,0.996,0.996008
GDC-0152,1174,0.024002,0.000672,0.008758,2.663684,0.996,0.996008
benfluorex,1175,0.023319,-0.000269,0.00885,2.665211,1.0,1.0
lesinurad,1176,0.024541,0.000372,0.009061,2.667486,0.99,0.99002
XBD-173,1177,0.024384,0.000605,0.008889,2.675209,0.988,0.988024
TG-100801,1178,0.023052,-0.000403,0.008757,2.678524,0.996,0.996008
physostigmine,1179,0.024796,0.000824,0.008897,2.69435,0.998,0.998004
vortioxetine,1180,0.025621,-2.5e-05,0.009492,2.701896,0.998,0.998004
brexpiprazole,1181,0.024117,-0.000232,0.008997,2.706173,0.998,0.998004
AVN-944,1182,0.025569,-0.000281,0.009537,2.710592,0.998,0.998004
PS-178990,1183,0.025752,-0.000455,0.009636,2.71989,0.996,0.996008
hydroflumethiazide,1184,0.024789,-0.000292,0.009211,2.722878,0.996,0.996008
QL-XI-92,1185,0.025342,0.000156,0.00925,2.722918,1.0,1.0
tacalcitol,1186,0.02555,0.000155,0.00931,2.727739,0.998,0.998004
alpelisib,1187,0.022633,-0.000552,0.0085,2.727806,0.996,0.996008
prednisone,1188,0.023757,5.4e-05,0.008675,2.732456,0.992,0.992016
clomipramine,1189,0.023941,-0.000394,0.008905,2.732774,0.998,0.998004
meclizine,1190,0.025371,5e-06,0.009276,2.73451,0.998,0.998004
fidaxomicin,1191,0.026198,0.000469,0.009321,2.760393,1.0,1.0
basimglurant,1192,0.02674,0.000378,0.009524,2.767899,0.996,0.996008
ramelteon,1193,0.024836,0.000536,0.008761,2.773486,1.0,1.0
bimatoprost,1194,0.025903,0.000382,0.0092,2.774024,0.998,0.998004
fenticonazole,1195,0.024808,0.000406,0.00878,2.779454,0.998,0.998004
darunavir,1196,0.025787,-0.00027,0.009358,2.784591,0.996,0.996008
fidarestat,1197,0.024377,-0.000131,0.008786,2.789327,0.996,0.996008
melperone,1198,0.025194,-0.0001,0.009033,2.8003,0.998,0.998004
conivaptan,1199,0.025398,0.000353,0.008914,2.809575,0.998,0.998004
guanethidine,1200,0.024847,-6e-06,0.00883,2.814657,0.996,0.996008
bendroflumethiazide,1201,0.027017,1.7e-05,0.009574,2.820217,0.998,0.998004
trifluoperazine,1202,0.027302,-0.000183,0.009743,2.821072,0.998,0.998004
amiloride,1203,0.026529,-0.000203,0.009461,2.825399,1.0,1.0
epirizole,1204,0.02638,0.000527,0.009138,2.829132,1.0,1.0
taranabant,1205,0.02569,0.000287,0.008978,2.829596,0.998,0.998004
minaprine,1206,0.025201,-0.000376,0.009018,2.836184,0.998,0.998004
cefepime,1207,0.026676,9.7e-05,0.009353,2.841766,1.0,1.0
idelalisib,1208,0.026053,-0.000146,0.009204,2.846367,1.0,1.0
moxifloxacin,1209,0.027213,-5.2e-05,0.009524,2.862793,0.998,0.998004
altanserin,1210,0.026255,-0.000141,0.009198,2.86969,0.998,0.998004
LY-294002,1211,0.026526,0.000582,0.009027,2.873901,0.998,0.998004
tolnaftate,1212,0.025171,-0.000337,0.00887,2.875923,0.998,0.998004
timofibrate,1213,0.02461,-0.000375,0.008667,2.882963,0.998,0.998004
bindarit,1214,0.027254,1.2e-05,0.009445,2.884352,0.998,0.998004
pentoxifylline,1215,0.024432,-0.000321,0.008573,2.887368,0.996,0.996008
KIN001-242,1216,0.025798,-0.000244,0.009005,2.891978,1.0,1.0
oseltamivir-carboxylate,1217,0.027138,8.9e-05,0.009342,2.895341,0.998,0.998004
NU-7026,1218,0.024264,0.000743,0.008108,2.90084,0.998,0.998004
paracetamol,1219,0.025004,-4e-06,0.00861,2.904695,0.998,0.998004
EVP-6124,1220,0.02596,0.000473,0.008765,2.907667,0.998,0.998004
doxapram,1221,0.026589,0.000724,0.008892,2.908791,1.0,1.0
avanafil,1222,0.027288,-4.3e-05,0.009361,2.91947,0.996,0.996008
cilomilast,1223,0.024031,-0.000488,0.008372,2.928827,1.0,1.0
talnetant,1224,0.0264,0.000449,0.00884,2.935725,0.998,0.998004
venlafaxine,1225,0.026898,-0.000288,0.009161,2.967567,0.996,0.996008
pirenoxine,1226,0.026544,-0.000158,0.008987,2.971279,1.0,1.0
betrixaban,1227,0.026709,8e-05,0.008921,2.985001,1.0,1.0
KIN001-269,1228,0.027467,0.000484,0.009035,2.986569,1.0,1.0
dantrolene,1229,0.026156,0.000625,0.008539,2.989993,1.0,1.0
SB-203580,1230,0.026233,0.000412,0.008629,2.99227,1.0,1.0
castanospermine,1231,0.026459,3.4e-05,0.008821,2.995557,0.998,0.998004
gaboxadol,1232,0.026348,-0.000642,0.009,2.998762,1.0,1.0
diltiazem,1233,0.026339,-0.000479,0.008918,3.00738,1.0,1.0
atovaquone,1234,0.026011,-0.000743,0.008896,3.007567,1.0,1.0
BMS-599626,1235,0.02671,-0.000254,0.008958,3.010217,1.0,1.0
sotalol,1236,0.027001,-7.6e-05,0.008986,3.013361,0.998,0.998004
pregnenolone,1237,0.026677,-0.000202,0.008905,3.018412,0.998,0.998004
tasisulam,1238,0.026879,-0.000386,0.009002,3.028788,1.0,1.0
acexamic-acid,1239,0.026404,-0.000165,0.008771,3.029031,0.998,0.998004
2'_5'-dideoxyadenosine,1240,0.027059,-0.000333,0.009035,3.031655,0.998,0.998004
piretanide,1241,0.026259,-0.000466,0.008805,3.035113,0.996,0.996008
resorcinol,1242,0.030767,-2.4e-05,0.010132,3.038926,1.0,1.0
mepivacaine,1243,0.026784,-0.000354,0.008915,3.043973,0.998,0.998004
fluoxetine,1244,0.029486,0.000819,0.009415,3.044931,0.998,0.998004
OCO-1112,1245,0.024954,-0.000542,0.008363,3.048515,1.0,1.0
TTNPB,1246,0.028033,0.000252,0.009113,3.048557,0.998,0.998004
BMS-345541,1247,0.026806,0.00057,0.008584,3.056466,0.998,0.998004
linopirdine,1248,0.029302,7e-06,0.009557,3.065296,1.0,1.0
budipine,1249,0.027903,0.000351,0.00894,3.081952,0.998,0.998004
refametinib,1250,0.026721,-0.000346,0.008776,3.084233,1.0,1.0
REV-5901,1251,0.028325,0.00035,0.009068,3.084853,1.0,1.0
PD-153035,1252,0.025297,0.000256,0.00809,3.09542,0.998,0.998004
otamixaban,1253,0.028565,-0.000345,0.009335,3.096882,0.998,0.998004
daminozide,1254,0.027045,-0.000399,0.008844,3.103036,1.0,1.0
SR-33805,1255,0.030365,-7.4e-05,0.009767,3.116699,1.0,1.0
torasemide,1256,0.030165,0.000969,0.009365,3.1178,1.0,1.0
AZD-7687,1257,0.027532,-7.3e-05,0.008839,3.123167,1.0,1.0
nepafenac,1258,0.026019,-0.000139,0.008355,3.130981,0.998,0.998004
MK-2461,1259,0.029566,0.000902,0.009118,3.14379,1.0,1.0
JNJ-38877605,1260,0.029336,0.000139,0.0092,3.173468,1.0,1.0
tasquinimod,1261,0.027411,-0.000428,0.00876,3.178068,1.0,1.0
chlormezanone,1262,0.029197,0.000221,0.009113,3.179803,0.996,0.996008
mycophenolic-acid,1263,0.028536,-0.000445,0.009113,3.180201,1.0,1.0
altretamine,1264,0.028439,-0.000101,0.00895,3.188772,1.0,1.0
AGP-103,1265,0.028882,-0.000248,0.009085,3.20639,0.998,0.998004
ponatinib,1266,0.026301,0.000352,0.008092,3.206912,1.0,1.0
BMS-707035,1267,0.027839,0.000272,0.008588,3.209975,1.0,1.0
reparixin,1268,0.027192,-0.000601,0.008628,3.221304,1.0,1.0
ketoprofen,1269,0.029567,-1.1e-05,0.009176,3.223411,1.0,1.0
capsaicin,1270,0.028187,-0.000712,0.008946,3.230369,0.998,0.998004
kakonein,1271,0.0298,0.000495,0.009057,3.235794,1.0,1.0
GSK-2636771,1272,0.028636,-8.9e-05,0.00887,3.238513,0.998,0.998004
IB-MECA,1273,0.030956,0.00026,0.009437,3.252764,1.0,1.0
urea,1274,0.029066,-0.000479,0.009045,3.266649,0.998,0.998004
mycophenolate-mofetil,1275,0.030996,-0.000275,0.009551,3.274179,1.0,1.0
GSK-J4,1276,0.02941,0.000801,0.008713,3.283291,1.0,1.0
sorafenib,1277,0.031557,0.000426,0.009429,3.301819,1.0,1.0
picolinic-acid,1278,0.031001,0.000264,0.009259,3.319726,1.0,1.0
AGI-6780,1279,0.029662,-8e-06,0.008935,3.320442,1.0,1.0
ORE-1001,1280,0.029906,-0.000202,0.009066,3.32108,0.998,0.998004
terbinafine,1281,0.031001,-7.3e-05,0.009345,3.325177,0.998,0.998004
inosine,1282,0.029074,0.000744,0.008506,3.330646,1.0,1.0
balapiravir,1283,0.030737,-0.000472,0.009368,3.331352,1.0,1.0
betulinic-acid,1284,0.030912,0.000306,0.009172,3.33707,1.0,1.0
AZD-9668,1285,0.030115,-0.00016,0.009068,3.338555,1.0,1.0
bosutinib,1286,0.03158,0.001078,0.009134,3.339454,1.0,1.0
IKK-inhibitor-X,1287,0.027638,0.000399,0.008121,3.353951,0.998,0.998004
pazufloxacin,1288,0.030701,1.6e-05,0.009117,3.365581,1.0,1.0
telbivudine,1289,0.032391,0.000562,0.009438,3.372621,1.0,1.0
pravastatin,1290,0.02884,0.000708,0.008325,3.379294,1.0,1.0
AMG-208,1291,0.029207,-0.000654,0.008798,3.394272,1.0,1.0
penicillin-v-potassium,1292,0.032887,0.000517,0.009521,3.399968,1.0,1.0
phentermine,1293,0.031055,-9e-06,0.00911,3.409812,1.0,1.0
tramadol,1294,0.032926,0.000406,0.009505,3.42137,1.0,1.0
canertinib,1295,0.031651,-0.000562,0.009398,3.427632,1.0,1.0
balsalazide,1296,0.029632,-0.000434,0.008673,3.466551,1.0,1.0
regadenoson,1297,0.032877,8.5e-05,0.009453,3.468805,1.0,1.0
sulpiride,1298,0.029798,0.000155,0.008521,3.47901,1.0,1.0
clozapine,1299,0.031495,-0.000129,0.009078,3.483493,1.0,1.0
dosulepin,1300,0.030634,0.000143,0.008734,3.491162,1.0,1.0
fenoterol,1301,0.031161,-0.000225,0.008975,3.497022,1.0,1.0
CNQX,1302,0.031299,-0.00076,0.009156,3.501631,1.0,1.0
levomequitazine,1303,0.033124,-0.0,0.009436,3.510571,1.0,1.0
fingolimod,1304,0.032659,-0.000148,0.009317,3.521136,1.0,1.0
elvitegravir,1305,0.033299,8.5e-05,0.009406,3.531166,1.0,1.0
bopindolol,1306,0.033326,0.000158,0.009383,3.53485,0.998,0.998004
cladribine,1307,0.032517,-0.000463,0.009323,3.53768,1.0,1.0
armodafinil,1308,0.032208,0.000124,0.009064,3.539842,1.0,1.0
solifenacin-succinate,1309,0.033347,0.000455,0.009283,3.543053,1.0,1.0
glibenclamide,1310,0.031735,0.000277,0.008876,3.544101,0.998,0.998004
fluconazole,1311,0.030897,0.000129,0.008661,3.552444,1.0,1.0
tetracaine,1312,0.032934,5.7e-05,0.009247,3.555369,1.0,1.0
levosimendan,1313,0.03419,9e-06,0.009555,3.577296,1.0,1.0
valdecoxib,1314,0.032436,0.000167,0.008963,3.600418,1.0,1.0
medrysone,1315,0.033755,0.000806,0.009146,3.602695,1.0,1.0
CTS-1027,1316,0.03247,-0.000508,0.009141,3.607626,1.0,1.0
abacavir,1317,0.034177,0.000389,0.009348,3.614675,1.0,1.0
equol,1318,0.035309,0.000555,0.009597,3.621154,1.0,1.0
ICI-162846,1319,0.034838,9.1e-05,0.009595,3.621545,1.0,1.0
mitiglinide,1320,0.033075,-0.000282,0.009192,3.629069,1.0,1.0
procainamide,1321,0.033181,-0.000608,0.009287,3.638042,1.0,1.0
ifosfamide,1322,0.032165,-0.000396,0.008947,3.639133,1.0,1.0
AZD-5363,1323,0.033197,-0.00017,0.009151,3.646152,1.0,1.0
indoximod,1324,0.034379,0.000125,0.009345,3.665616,1.0,1.0
apremilast,1325,0.034408,-0.00016,0.009417,3.670849,1.0,1.0
tebipenem,1326,0.033727,-0.000285,0.009205,3.694756,1.0,1.0
metamizole,1327,0.033317,-0.000356,0.009088,3.705187,1.0,1.0
levofloxacin,1328,0.034065,0.00031,0.0091,3.709396,1.0,1.0
radezolid,1329,0.034569,0.000751,0.009101,3.71589,1.0,1.0
phenazone,1330,0.033329,-0.000123,0.00895,3.737409,1.0,1.0
levetiracetam,1331,0.033424,-4e-05,0.008936,3.744797,1.0,1.0
lorazepam,1332,0.033582,-5.2e-05,0.00898,3.745389,1.0,1.0
malotilate,1333,0.031615,-0.000492,0.00857,3.746714,1.0,1.0
AZ-628,1334,0.033006,-0.000482,0.008922,3.753376,1.0,1.0
phenytoin,1335,0.033479,0.000569,0.008752,3.760345,1.0,1.0
carbimazole,1336,0.034586,0.00014,0.009146,3.765991,1.0,1.0
miglustat,1337,0.031247,-0.000503,0.008408,3.776235,1.0,1.0
cevimeline,1338,0.035063,-4e-05,0.009286,3.780279,1.0,1.0
API-001,1339,0.032655,-0.000131,0.008668,3.782263,1.0,1.0
exalamide,1340,0.032937,-0.000257,0.008766,3.786769,1.0,1.0
indapamide,1341,0.035372,0.000293,0.009262,3.787393,1.0,1.0
buflomedil,1342,0.034161,0.000154,0.008958,3.796504,1.0,1.0
rimonabant,1343,0.034082,-2.2e-05,0.008952,3.809548,1.0,1.0
D-4476,1344,0.035232,0.000832,0.009017,3.814983,1.0,1.0
KN-62,1345,0.034,0.000454,0.008721,3.846558,1.0,1.0
nimesulide,1346,0.034491,0.000237,0.00888,3.857656,1.0,1.0
idebenone,1347,0.036534,6.6e-05,0.009446,3.860716,1.0,1.0
isoniazid,1348,0.034065,0.000533,0.008666,3.869192,1.0,1.0
tomelukast,1349,0.037144,0.000435,0.009443,3.88731,1.0,1.0
preladenant,1350,0.036118,0.000133,0.009237,3.895769,1.0,1.0
proguanil,1351,0.03566,0.000616,0.008995,3.89622,1.0,1.0
dexniguldipine,1352,0.035062,0.000621,0.008827,3.901805,1.0,1.0
raltegravir,1353,0.036166,0.000139,0.009178,3.925314,1.0,1.0
selumetinib,1354,0.035494,-0.000697,0.009218,3.926227,1.0,1.0
yohimbine,1355,0.037514,0.000161,0.009513,3.926464,1.0,1.0
telmesteine,1356,0.033915,-0.000196,0.008664,3.937282,1.0,1.0
SDZ-NKT-343,1357,0.035937,-0.000291,0.009132,3.966918,1.0,1.0
KIN001-244,1358,0.034885,0.000486,0.008634,3.984013,1.0,1.0
WAY-362450,1359,0.037766,0.000166,0.009437,3.984148,1.0,1.0
epinastine,1360,0.036979,6.7e-05,0.009247,3.991612,1.0,1.0
bupivacaine,1361,0.038222,-0.000159,0.009586,4.003836,1.0,1.0
rilmenidine,1362,0.037983,0.000177,0.009423,4.012119,1.0,1.0
anacetrapib,1363,0.03435,-0.000286,0.008613,4.021093,1.0,1.0
PH-797804,1364,0.034996,1e-05,0.008651,4.044273,1.0,1.0
MLN-8054,1365,0.038349,-0.000509,0.009597,4.049011,1.0,1.0
urapidil,1366,0.038821,0.000489,0.009436,4.062161,1.0,1.0
dovitinib,1367,0.034954,0.000285,0.008512,4.072991,1.0,1.0
ARP-101,1368,0.038151,0.00027,0.009241,4.099423,1.0,1.0
isosorbide-mononitrate,1369,0.035682,0.000764,0.008513,4.101547,1.0,1.0
linezolid,1370,0.037353,-2.8e-05,0.009112,4.10243,1.0,1.0
metatinib,1371,0.036998,0.000674,0.008847,4.105919,1.0,1.0
dolutegravir,1372,0.036602,0.000308,0.008834,4.108241,1.0,1.0
clindamycin,1373,0.038628,-1e-05,0.009388,4.115571,1.0,1.0
mestinon,1374,0.036807,-0.00034,0.00902,4.11826,1.0,1.0
rizatriptan,1375,0.037442,-6.4e-05,0.009094,4.124324,1.0,1.0
rucaparib,1376,0.036119,0.000812,0.00849,4.158593,1.0,1.0
pindolol,1377,0.036604,0.000994,0.008546,4.166743,1.0,1.0
AMG-487,1378,0.033518,-0.000423,0.008131,4.17417,1.0,1.0
labetalol,1379,0.038992,-0.0001,0.009363,4.175352,1.0,1.0
vidarabine,1380,0.036348,-0.000428,0.008794,4.182088,1.0,1.0
chenodiol,1381,0.038182,1.9e-05,0.009084,4.201153,1.0,1.0
VE-822,1382,0.039185,7e-06,0.009288,4.21823,1.0,1.0
tolbutamide,1383,0.038292,0.00033,0.008998,4.218825,1.0,1.0
avagacestat,1384,0.037583,0.000566,0.008759,4.226072,1.0,1.0
S-18986,1385,0.038143,2e-06,0.009011,4.232848,1.0,1.0
acipimox,1386,0.035577,-0.000168,0.008441,4.234749,1.0,1.0
allopurinol,1387,0.040083,0.000182,0.009376,4.255376,1.0,1.0
masoprocol,1388,0.037577,0.000375,0.008735,4.25912,1.0,1.0
felbinac,1389,0.038312,-7.8e-05,0.009013,4.259345,1.0,1.0
AMG-517,1390,0.034509,2.3e-05,0.008088,4.264057,1.0,1.0
ritonavir,1391,0.036261,-0.000444,0.008593,4.271711,1.0,1.0
ciclesonide,1392,0.038954,0.000108,0.009072,4.282041,1.0,1.0
biperiden,1393,0.038481,-0.000451,0.009083,4.286332,1.0,1.0
dicoumarol,1394,0.038162,3e-05,0.008892,4.288525,1.0,1.0
nicaraven,1395,0.041561,-0.000116,0.009691,4.300479,1.0,1.0
MK-8033,1396,0.036479,-0.000398,0.008569,4.303619,1.0,1.0
penitrem-a,1397,0.041555,0.000675,0.009496,4.304871,1.0,1.0
ARN-509,1398,0.039391,-1.5e-05,0.009152,4.305686,1.0,1.0
pinacidil,1399,0.037429,0.000117,0.008646,4.31566,1.0,1.0
rucinol,1400,0.03805,-0.00042,0.008904,4.320627,1.0,1.0
ledipasvir,1401,0.037889,-7.6e-05,0.008783,4.322758,1.0,1.0
ibudilast,1402,0.037627,-0.000452,0.008782,4.336101,1.0,1.0
FPL-62064,1403,0.041486,-3.2e-05,0.009575,4.336312,1.0,1.0
palovarotene,1404,0.038394,-0.000245,0.008894,4.344206,1.0,1.0
DPCPX,1405,0.036694,-0.000319,0.00849,4.359775,1.0,1.0
LY-215490,1406,0.04031,-0.000119,0.009245,4.373141,1.0,1.0
hydrocortisone,1407,0.039277,0.000124,0.008942,4.37872,1.0,1.0
resveratrol,1408,0.037497,-0.000167,0.00858,4.390044,1.0,1.0
garcinol,1409,0.040793,0.000897,0.009078,4.394677,1.0,1.0
ciprofloxacin,1410,0.038198,-0.00025,0.008735,4.401754,1.0,1.0
tipiracil,1411,0.040133,-0.000295,0.009182,4.402877,1.0,1.0
cinepazide,1412,0.038941,-0.000331,0.008898,4.413649,1.0,1.0
vandetanib,1413,0.041741,0.000223,0.009386,4.423468,1.0,1.0
L-NAME,1414,0.042297,0.000249,0.009481,4.435159,1.0,1.0
reboxetine,1415,0.036881,2.4e-05,0.008236,4.475242,1.0,1.0
mannitol-D,1416,0.03949,-0.000106,0.008807,4.496044,1.0,1.0
AZD-1208,1417,0.040941,0.000481,0.008946,4.522609,1.0,1.0
SU-11652,1418,0.042599,-0.000204,0.009456,4.526475,1.0,1.0
midodrine,1419,0.041111,-0.000514,0.009183,4.532996,1.0,1.0
cyproterone-acetate,1420,0.04163,-0.000172,0.00921,4.538493,1.0,1.0
TAK-715,1421,0.039968,-0.00013,0.008821,4.545752,1.0,1.0
EMD-1214063,1422,0.041355,-8.2e-05,0.009114,4.546368,1.0,1.0
xaliproden,1423,0.043447,0.000228,0.009499,4.549609,1.0,1.0
alectinib,1424,0.045054,0.000878,0.009604,4.599993,1.0,1.0
chlorthalidone,1425,0.041749,0.000616,0.008938,4.602253,1.0,1.0
clemizole,1426,0.041327,2e-05,0.008973,4.603728,1.0,1.0
medetomidine,1427,0.041327,-0.000329,0.009009,4.623631,1.0,1.0
norgestrel,1428,0.042457,0.000335,0.0091,4.628712,1.0,1.0
mestranol,1429,0.040099,5e-06,0.008657,4.631642,1.0,1.0
nefiracetam,1430,0.041437,-4.3e-05,0.008912,4.654416,1.0,1.0
TG-100115,1431,0.041154,-0.000457,0.008921,4.664222,1.0,1.0
chloramphenicol,1432,0.043193,-0.000233,0.009307,4.665777,1.0,1.0
hymecromone,1433,0.043675,0.00018,0.009297,4.678303,1.0,1.0
diminazene-aceturate,1434,0.04227,0.000183,0.008986,4.683435,1.0,1.0
levamisole,1435,0.042523,0.000102,0.009039,4.693274,1.0,1.0
ellagic-acid,1436,0.042854,0.000918,0.00892,4.701166,1.0,1.0
ataluren,1437,0.042115,0.000496,0.008849,4.70316,1.0,1.0
meclofenamic-acid,1438,0.042445,-0.000604,0.009149,4.705378,1.0,1.0
dicloxacillin,1439,0.038621,-0.000799,0.00836,4.715076,1.0,1.0
etodolac,1440,0.042337,-0.000105,0.009,4.71588,1.0,1.0
bezafibrate,1441,0.043273,-2.9e-05,0.009149,4.733196,1.0,1.0
propranolol,1442,0.043103,0.000162,0.008956,4.794652,1.0,1.0
AGK-2,1443,0.042534,0.000733,0.008716,4.795743,1.0,1.0
cefozopran,1444,0.046559,6.3e-05,0.009675,4.805874,1.0,1.0
fludroxycortide,1445,0.044464,-9e-05,0.009242,4.8209,1.0,1.0
levocetirizine,1446,0.045958,0.000447,0.009408,4.837266,1.0,1.0
bosentan,1447,0.043886,0.000545,0.008947,4.844247,1.0,1.0
fusidic-acid,1448,0.044644,-0.000377,0.009292,4.845128,1.0,1.0
fomepizole,1449,0.042593,-0.0,0.008758,4.863398,1.0,1.0
carglumic-acid,1450,0.042073,7.4e-05,0.008624,4.869736,1.0,1.0
zosuquidar,1451,0.042679,-0.000415,0.008841,4.87455,1.0,1.0
rebastinib,1452,0.039585,0.000465,0.008024,4.875601,1.0,1.0
ZK-93426,1453,0.049136,0.000341,0.010004,4.877717,1.0,1.0
cefdinir,1454,0.045074,0.000925,0.009036,4.885856,1.0,1.0
vismodegib,1455,0.044135,0.000231,0.00893,4.9167,1.0,1.0
telotristat,1456,0.045428,-1.8e-05,0.009189,4.94549,1.0,1.0
clofibrate,1457,0.046354,0.000243,0.009303,4.956647,1.0,1.0
picotamide,1458,0.045103,-0.000755,0.00924,4.962917,1.0,1.0
clenbuterol,1459,0.044148,-7.1e-05,0.008889,4.974466,1.0,1.0
favipiravir,1460,0.046052,0.000251,0.009187,4.985472,1.0,1.0
pinaverium,1461,0.045534,8.8e-05,0.009103,4.992603,1.0,1.0
sofalcone,1462,0.045951,-0.00021,0.009238,4.996787,1.0,1.0
trientine,1463,0.042812,-0.000533,0.008633,5.020595,1.0,1.0
sparfloxacin,1464,0.044665,0.000712,0.008745,5.026137,1.0,1.0
maribavir,1465,0.045811,-0.0001,0.009112,5.038434,1.0,1.0
tiagabine,1466,0.048104,-0.000289,0.009582,5.050561,1.0,1.0
SEP-227900,1467,0.04554,0.000115,0.008978,5.059329,1.0,1.0
GSK-690693,1468,0.045869,-0.00018,0.009069,5.077446,1.0,1.0
prochlorperazine,1469,0.047721,0.000819,0.009234,5.079392,1.0,1.0
SB-239063,1470,0.042125,-0.000276,0.008326,5.092361,1.0,1.0
rivaroxaban,1471,0.043211,2.8e-05,0.008461,5.10361,1.0,1.0
itraconazole,1472,0.050041,6e-06,0.00979,5.110741,1.0,1.0
methoxsalen,1473,0.047101,-9e-05,0.009213,5.122242,1.0,1.0
busulfan,1474,0.044504,0.000238,0.008633,5.127697,1.0,1.0
4_5_6_7-tetrabromobenzotriazole,1475,0.047513,3.2e-05,0.009202,5.159934,1.0,1.0
butaclamol,1476,0.047964,-9.6e-05,0.009287,5.175052,1.0,1.0
hydroxyurea,1477,0.04698,-1.7e-05,0.009041,5.198085,1.0,1.0
lupanine,1478,0.048641,5.7e-05,0.009345,5.198985,1.0,1.0
methocarbamol,1479,0.048994,0.000617,0.009252,5.228802,1.0,1.0
ibutamoren,1480,0.049488,0.000225,0.0094,5.24052,1.0,1.0
MK-0773,1481,0.04975,0.000389,0.009411,5.244972,1.0,1.0
acenocoumarol,1482,0.048636,0.000152,0.009184,5.279407,1.0,1.0
epz-5676,1483,0.046296,1e-05,0.00876,5.283637,1.0,1.0
nelarabine,1484,0.046734,0.000645,0.008719,5.285789,1.0,1.0
AKT-inhibitor-1-2,1485,0.048445,0.000368,0.009068,5.301754,1.0,1.0
cimetidine,1486,0.050822,0.000284,0.00952,5.308907,1.0,1.0
ischemin,1487,0.045567,0.000862,0.008415,5.312531,1.0,1.0
baricitinib,1488,0.045263,0.000175,0.008468,5.324289,1.0,1.0
amfepramone,1489,0.045572,8.6e-05,0.008541,5.325375,1.0,1.0
bifonazole,1490,0.049026,0.000359,0.009129,5.330925,1.0,1.0
carbachol,1491,0.050665,-0.000471,0.00959,5.332522,1.0,1.0
ampalex,1492,0.050425,-7.4e-05,0.009455,5.340838,1.0,1.0
LY-2784544,1493,0.045945,0.000251,0.008554,5.341997,1.0,1.0
dehydroepiandrosterone,1494,0.051053,-0.000213,0.009551,5.367379,1.0,1.0
fosfomycin,1495,0.0496,-0.000149,0.009181,5.418907,1.0,1.0
amcinonide,1496,0.04886,7.3e-05,0.00898,5.432738,1.0,1.0
semagacestat,1497,0.05034,-9.6e-05,0.009248,5.453751,1.0,1.0
mefloquine,1498,0.049205,0.000215,0.008973,5.45944,1.0,1.0
roflumilast,1499,0.048003,0.000218,0.008716,5.482116,1.0,1.0
emtricitabine,1500,0.048996,0.000177,0.008883,5.495959,1.0,1.0
diethylstilbestrol,1501,0.049576,0.000217,0.008977,5.498353,1.0,1.0
thalidomide,1502,0.052461,0.000304,0.009481,5.501337,1.0,1.0
salirasib,1503,0.051338,0.000131,0.009305,5.503068,1.0,1.0
GSK-J2,1504,0.048129,-0.000375,0.008795,5.514796,1.0,1.0
MDL-73005EF,1505,0.049928,0.000644,0.008914,5.528748,1.0,1.0
tipifarnib-P2,1506,0.051607,-9.6e-05,0.009308,5.554991,1.0,1.0
L-655240,1507,0.04798,-4e-06,0.008597,5.581721,1.0,1.0
MLN-2480,1508,0.051723,-0.000444,0.009304,5.606733,1.0,1.0
fluocinolone-acetonide,1509,0.050966,-2e-05,0.009084,5.612873,1.0,1.0
cordycepin,1510,0.051556,-0.000244,0.009197,5.632618,1.0,1.0
donepezil,1511,0.051543,-0.000305,0.009194,5.63911,1.0,1.0
veliparib,1512,0.052511,6.9e-05,0.009293,5.64296,1.0,1.0
pyrazolanthrone,1513,0.050873,0.000254,0.00897,5.643273,1.0,1.0
regorafenib,1514,0.051575,-0.000367,0.009204,5.643399,1.0,1.0
MK-0893,1515,0.049037,0.000609,0.008577,5.645978,1.0,1.0
ORG-9768,1516,0.05117,6.4e-05,0.009033,5.657845,1.0,1.0
doxepin,1517,0.053991,0.000408,0.009452,5.668887,1.0,1.0
HC-030031,1518,0.050353,-0.000439,0.008929,5.688576,1.0,1.0
VX-765,1519,0.051314,0.000491,0.008929,5.692191,1.0,1.0
rotundine,1520,0.049765,0.000723,0.008614,5.69346,1.0,1.0
roxithromycin,1521,0.053964,0.000421,0.009404,5.693617,1.0,1.0
decitabine,1522,0.050563,0.000307,0.008805,5.707688,1.0,1.0
methiopril,1523,0.05022,-0.000462,0.008877,5.709109,1.0,1.0
cefoperazone,1524,0.052076,0.000439,0.009026,5.720729,1.0,1.0
spironolactone,1525,0.054682,-0.000156,0.009585,5.721605,1.0,1.0
estramustine-phosphate,1526,0.051921,3.5e-05,0.009066,5.723389,1.0,1.0
anisodamine,1527,0.049711,0.000455,0.008567,5.749719,1.0,1.0
Y-26763,1528,0.053782,-0.000118,0.009366,5.754803,1.0,1.0
empagliflozin,1529,0.049314,-0.000227,0.008599,5.76122,1.0,1.0
nalbuphine,1530,0.04853,-0.000327,0.008425,5.799066,1.0,1.0
CC-401,1531,0.054981,0.000457,0.009379,5.813419,1.0,1.0
lamotrigine,1532,0.053086,-0.000192,0.009153,5.820549,1.0,1.0
indobufen,1533,0.052806,0.000133,0.009043,5.824714,1.0,1.0
ozagrel,1534,0.05418,0.000158,0.009272,5.826431,1.0,1.0
UNC-0321,1535,0.050736,-0.000455,0.008738,5.85844,1.0,1.0
tyrphostin-AG-1478,1536,0.053084,0.000547,0.008965,5.860457,1.0,1.0
dexloxiglumide,1537,0.049686,-8.2e-05,0.008476,5.871836,1.0,1.0
SK&F-10047-(+),1538,0.052101,-9.4e-05,0.008888,5.872421,1.0,1.0
amineptine,1539,0.053526,9.9e-05,0.009083,5.882309,1.0,1.0
theobromine,1540,0.054358,1.1e-05,0.009222,5.893378,1.0,1.0
cinnarizine,1541,0.055974,-2.4e-05,0.009475,5.909953,1.0,1.0
RS-127445,1542,0.055329,-0.000447,0.009423,5.919184,1.0,1.0
metoprolol,1543,0.052017,0.000114,0.008765,5.92177,1.0,1.0
fiacitabine,1544,0.055424,5.6e-05,0.009247,5.987671,1.0,1.0
EX-527,1545,0.053005,0.000396,0.008772,5.997064,1.0,1.0
zalcitabine,1546,0.058194,0.000123,0.009675,6.002123,1.0,1.0
tacrine,1547,0.056862,-0.0,0.009464,6.008606,1.0,1.0
benzydamine,1548,0.054739,0.000328,0.009042,6.017859,1.0,1.0
A-66,1549,0.052658,0.00023,0.0087,6.026327,1.0,1.0
reserpine,1550,0.0552,0.000377,0.009086,6.033764,1.0,1.0
piribedil,1551,0.056638,-4.7e-05,0.009339,6.069826,1.0,1.0
febuxostat,1552,0.054687,-3e-06,0.008919,6.131974,1.0,1.0
saxagliptin,1553,0.056666,0.000793,0.009111,6.132665,1.0,1.0
anastrozole,1554,0.051262,-0.000419,0.008424,6.135205,1.0,1.0
dexamethasone,1555,0.055702,-0.000679,0.009175,6.145156,1.0,1.0
baicalin,1556,0.055816,-5.9e-05,0.009075,6.157301,1.0,1.0
butorphanol-(+)-tartrate,1557,0.05389,-4.2e-05,0.008748,6.164955,1.0,1.0
merimepodib,1558,0.055626,-0.00074,0.009143,6.165252,1.0,1.0
SB-683698,1559,0.059474,-0.000211,0.009659,6.179364,1.0,1.0
minoxidil,1560,0.053622,-0.000743,0.008773,6.196585,1.0,1.0
dutasteride,1561,0.056486,0.000329,0.009034,6.216446,1.0,1.0
amlexanox,1562,0.056623,-0.000241,0.009138,6.223115,1.0,1.0
VGX-1027,1563,0.053839,0.000152,0.008617,6.230524,1.0,1.0
CP-945598,1564,0.058401,0.000655,0.009265,6.232972,1.0,1.0
bepotastine,1565,0.056087,0.000244,0.008926,6.256066,1.0,1.0
AICA-ribonucleotide,1566,0.054422,-0.001078,0.008845,6.275003,1.0,1.0
teriflunomide,1567,0.054149,-0.000754,0.008741,6.281053,1.0,1.0
fipronil,1568,0.0572,-0.000465,0.009137,6.311152,1.0,1.0
glafenine,1569,0.056605,-0.000202,0.009,6.311922,1.0,1.0
safingol,1570,0.056114,5.2e-05,0.008877,6.315248,1.0,1.0
zileuton,1571,0.060151,0.000321,0.009465,6.32091,1.0,1.0
ropinirole,1572,0.058818,0.000999,0.009125,6.336295,1.0,1.0
MK-3207,1573,0.056819,-0.000329,0.009017,6.338107,1.0,1.0
ICI-192605,1574,0.05649,0.000126,0.008879,6.348259,1.0,1.0
NXY-059,1575,0.057088,0.000315,0.008928,6.358968,1.0,1.0
chlorambucil,1576,0.053936,0.000135,0.008446,6.369905,1.0,1.0
delivert,1577,0.059196,-0.000113,0.009308,6.371617,1.0,1.0
thioctic-acid,1578,0.056308,0.000325,0.008753,6.395977,1.0,1.0
GW-842166,1579,0.060652,-8.1e-05,0.009433,6.43796,1.0,1.0
epinephrine,1580,0.055122,-0.000577,0.008648,6.440589,1.0,1.0
resiquimod,1581,0.055925,-0.000169,0.0087,6.447523,1.0,1.0
buspirone,1582,0.060193,4.6e-05,0.009304,6.464903,1.0,1.0
liranaftate,1583,0.060247,0.000583,0.009226,6.466863,1.0,1.0
dasabuvir,1584,0.058208,0.000125,0.008957,6.48446,1.0,1.0
PF-02545920,1585,0.05912,-6.9e-05,0.009112,6.495667,1.0,1.0
enprofylline,1586,0.056317,-0.000379,0.008702,6.515315,1.0,1.0
almitrine,1587,0.060829,0.000523,0.009238,6.527996,1.0,1.0
cpi-169,1588,0.060572,-0.000197,0.009309,6.528098,1.0,1.0
etomoxir,1589,0.057584,-0.000803,0.008937,6.533306,1.0,1.0
RG-108,1590,0.056169,0.000646,0.008488,6.540982,1.0,1.0
dalfampridine,1591,0.059572,-0.000159,0.009117,6.551556,1.0,1.0
HG-6-64-01,1592,0.058181,-0.000201,0.00891,6.552417,1.0,1.0
orantinib,1593,0.060388,0.000661,0.009102,6.562152,1.0,1.0
climbazole,1594,0.061322,0.000348,0.00927,6.577533,1.0,1.0
maprotiline,1595,0.060691,0.000644,0.009112,6.590265,1.0,1.0
aphidicolin,1596,0.05831,-0.000615,0.008938,6.592308,1.0,1.0
benazepril,1597,0.057605,-0.000345,0.008752,6.621412,1.0,1.0
SCH-28080,1598,0.061846,0.000289,0.009282,6.632302,1.0,1.0
erythromycin-ethylsuccinate,1599,0.062248,0.000297,0.009258,6.691947,1.0,1.0
indometacin,1600,0.060725,-0.00028,0.009109,6.697413,1.0,1.0
NPK76-II-72-1,1601,0.060128,0.000163,0.008943,6.705212,1.0,1.0
SR-2640,1602,0.05641,0.000105,0.008394,6.707446,1.0,1.0
pelitinib,1603,0.057404,5.2e-05,0.008539,6.716893,1.0,1.0
miglitol,1604,0.065812,0.00026,0.009696,6.760407,1.0,1.0
AZD-7762,1605,0.057689,-0.000441,0.008562,6.78911,1.0,1.0
travoprost,1606,0.059187,0.000597,0.008613,6.80222,1.0,1.0
aprepitant,1607,0.05635,-7.5e-05,0.008269,6.82368,1.0,1.0
rolipram,1608,0.060374,0.000207,0.008803,6.834855,1.0,1.0
drospirenone,1609,0.066853,0.000358,0.009725,6.837894,1.0,1.0
tretinoin,1610,0.062356,0.00056,0.009034,6.840613,1.0,1.0
AMD-11070,1611,0.064342,0.00038,0.009342,6.846568,1.0,1.0
anandamide,1612,0.062847,2e-05,0.009165,6.854998,1.0,1.0
nebivolol,1613,0.062328,-0.000376,0.009117,6.877936,1.0,1.0
faropenem,1614,0.06338,8.9e-05,0.009189,6.887736,1.0,1.0
ripasudil,1615,0.063664,0.000119,0.009224,6.889384,1.0,1.0
tiabendazole,1616,0.061531,0.000373,0.008872,6.893559,1.0,1.0
phenprocoumon,1617,0.059677,-0.000169,0.008668,6.904145,1.0,1.0
dexamethasone-acetate,1618,0.066073,0.000263,0.009514,6.916875,1.0,1.0
dipraglurant,1619,0.062769,-0.000301,0.009069,6.954722,1.0,1.0
tamibarotene,1620,0.063671,0.000416,0.009094,6.956031,1.0,1.0
moclobemide,1621,0.060909,-0.000729,0.008855,6.961031,1.0,1.0
SU-014813,1622,0.063094,6.4e-05,0.009044,6.969338,1.0,1.0
alizapride,1623,0.065783,-0.000499,0.009492,6.982807,1.0,1.0
PF-04447943,1624,0.062432,-0.000234,0.008972,6.984479,1.0,1.0
afatinib,1625,0.062199,-0.000615,0.008977,6.99716,1.0,1.0
BMY-14802,1626,0.06302,-0.00016,0.009025,7.000517,1.0,1.0
pilaralisib,1627,0.062748,-0.000143,0.008924,7.04753,1.0,1.0
GSK-1904529A,1628,0.061954,-0.000776,0.008895,7.05189,1.0,1.0
formestane,1629,0.067615,0.000223,0.009516,7.081963,1.0,1.0
tolperisone,1630,0.062847,0.000342,0.008807,7.096937,1.0,1.0
omeprazole,1631,0.066211,0.000122,0.009279,7.122818,1.0,1.0
pasireotide,1632,0.062575,3.3e-05,0.00877,7.131346,1.0,1.0
etazolate,1633,0.061276,-0.000362,0.008631,7.141409,1.0,1.0
efaproxiral,1634,0.065787,-0.000127,0.009213,7.154559,1.0,1.0
fosinopril,1635,0.060296,-0.000422,0.008471,7.167574,1.0,1.0
GSK-429286A,1636,0.06272,-0.000306,0.008789,7.170684,1.0,1.0
lirimilast,1637,0.064521,-0.00086,0.009109,7.177235,1.0,1.0
etoricoxib,1638,0.065024,0.000273,0.009015,7.182786,1.0,1.0
etomidate,1639,0.067703,3.7e-05,0.009412,7.189687,1.0,1.0
NVP-BHG712,1640,0.066745,0.000176,0.00924,7.204261,1.0,1.0
chrysin,1641,0.069298,0.000414,0.009541,7.220088,1.0,1.0
torcitabine,1642,0.066439,0.000116,0.009178,7.22596,1.0,1.0
amuvatinib,1643,0.063616,0.000583,0.008704,7.242066,1.0,1.0
erythromycin,1644,0.067666,0.000425,0.009231,7.284675,1.0,1.0
halcinonide,1645,0.070226,0.00021,0.009515,7.358271,1.0,1.0
homochlorcyclizine,1646,0.069468,0.000921,0.009307,7.364794,1.0,1.0
ketanserin,1647,0.057988,-0.000282,0.007904,7.372496,1.0,1.0
mibampator,1648,0.064289,0.000322,0.008666,7.381707,1.0,1.0
granisetron,1649,0.068221,0.00043,0.009181,7.38385,1.0,1.0
camicinal,1650,0.062725,-1.7e-05,0.008462,7.414903,1.0,1.0
rutin,1651,0.065971,0.000303,0.008847,7.422278,1.0,1.0
L-690330,1652,0.069131,0.000277,0.009268,7.42939,1.0,1.0
guanaben-acetate,1653,0.067588,5.1e-05,0.009084,7.435014,1.0,1.0
MF-101,1654,0.064958,-7e-05,0.008729,7.449857,1.0,1.0
warfarin,1655,0.064244,-4.1e-05,0.00858,7.492283,1.0,1.0
KU-60019,1656,0.066007,0.000512,0.008708,7.521347,1.0,1.0
merbarone,1657,0.06976,0.00024,0.009215,7.544508,1.0,1.0
indoprofen,1658,0.069646,0.00018,0.009203,7.548212,1.0,1.0
mifobate,1659,0.066113,-0.000618,0.008814,7.570782,1.0,1.0
desmopressin-acetate,1660,0.072156,-0.000288,0.009445,7.670083,1.0,1.0
naftifine,1661,0.069319,-1.7e-05,0.009035,7.674127,1.0,1.0
indirubin,1662,0.073338,-0.000267,0.00958,7.683499,1.0,1.0
CPI-1189,1663,0.071382,3.2e-05,0.009286,7.683578,1.0,1.0
isofloxythepin,1664,0.07027,9e-05,0.00912,7.695391,1.0,1.0
RGFP-966,1665,0.070607,1.7e-05,0.00917,7.697686,1.0,1.0
piclamilast,1666,0.068455,-0.000298,0.008919,7.708873,1.0,1.0
thiocolchicoside,1667,0.070309,0.000545,0.009041,7.716254,1.0,1.0
dilazep,1668,0.071056,0.000316,0.009151,7.730708,1.0,1.0
propylthiouracil,1669,0.070324,-2.6e-05,0.009059,7.766004,1.0,1.0
acetylcysteine,1670,0.073662,-0.000344,0.009512,7.78044,1.0,1.0
meptazinol,1671,0.069138,0.000299,0.008803,7.819744,1.0,1.0
MD-920,1672,0.071221,0.000295,0.009009,7.872806,1.0,1.0
bumetanide,1673,0.072681,-0.000431,0.009224,7.926085,1.0,1.0
tyrphostin-AG-112,1674,0.073035,-6.3e-05,0.00919,7.954242,1.0,1.0
agomelatine,1675,0.073477,0.000378,0.009156,7.983227,1.0,1.0
tolfenamic-acid,1676,0.072446,-0.000461,0.009126,7.988607,1.0,1.0
milnacipran,1677,0.076354,-0.000426,0.009589,8.007016,1.0,1.0
teneligliptin,1678,0.074634,-0.000359,0.009364,8.008469,1.0,1.0
phensuximide,1679,0.072636,0.000266,0.009026,8.018038,1.0,1.0
BRD-K73261812,1680,0.073399,0.000127,0.009095,8.055873,1.0,1.0
ziprasidone,1681,0.071682,0.000629,0.008794,8.079782,1.0,1.0
primidone,1682,0.078815,3.9e-05,0.009727,8.098873,1.0,1.0
ABT-724,1683,0.070486,-0.000358,0.008747,8.099468,1.0,1.0
dacarbazine,1684,0.072907,0.000774,0.008906,8.099504,1.0,1.0
flutrimazole,1685,0.076015,-0.000148,0.009384,8.115993,1.0,1.0
triptorelin,1686,0.075028,-9.1e-05,0.009254,8.11776,1.0,1.0
dopamine,1687,0.075196,0.000102,0.009147,8.209452,1.0,1.0
varenicline,1688,0.076126,-0.000491,0.00928,8.256077,1.0,1.0
oxybuprocaine,1689,0.078876,0.000329,0.009509,8.260431,1.0,1.0
ticlopidine,1690,0.076223,-0.000507,0.009267,8.279749,1.0,1.0
balaglitazone,1691,0.075277,0.000145,0.009043,8.308519,1.0,1.0
PSI-6130,1692,0.073533,0.000213,0.008811,8.321191,1.0,1.0
loxoprofen,1693,0.080256,7.5e-05,0.009549,8.396643,1.0,1.0
CC-930,1694,0.075398,-0.000104,0.008883,8.499698,1.0,1.0
cytarabine,1695,0.080318,-0.000114,0.009451,8.51013,1.0,1.0
iguratimod,1696,0.080412,0.000135,0.009428,8.514979,1.0,1.0
raclopride,1697,0.071477,0.000175,0.008372,8.51648,1.0,1.0
TPCA-1,1698,0.072504,0.000494,0.008445,8.526822,1.0,1.0
TWS-119,1699,0.078732,0.000109,0.009184,8.561228,1.0,1.0
losmapimod,1700,0.078292,-0.000431,0.009176,8.578915,1.0,1.0
tranilast,1701,0.079451,0.00049,0.009127,8.651253,1.0,1.0
lofexidine,1702,0.081308,0.000332,0.009356,8.65492,1.0,1.0
fasudil,1703,0.074981,-0.000333,0.0087,8.657009,1.0,1.0
isoconazole,1704,0.081287,0.000325,0.009349,8.659792,1.0,1.0
10-DEBC,1705,0.082835,-4e-05,0.009548,8.679455,1.0,1.0
calpeptin,1706,0.079108,-7.6e-05,0.009114,8.688128,1.0,1.0
felbamate,1707,0.080069,4.8e-05,0.009184,8.713034,1.0,1.0
actarit,1708,0.078086,0.000145,0.0089,8.757762,1.0,1.0
carvedilol,1709,0.08319,-0.000151,0.009491,8.780725,1.0,1.0
KU-55933,1710,0.075624,-7.7e-05,0.00862,8.782292,1.0,1.0
emedastine,1711,0.085367,0.00021,0.009636,8.83721,1.0,1.0
naringenin,1712,0.078017,0.000901,0.008715,8.849047,1.0,1.0
dofequidar,1713,0.084062,0.000174,0.009451,8.875796,1.0,1.0
praziquantel,1714,0.078985,5.7e-05,0.008887,8.88086,1.0,1.0
mesulergine,1715,0.082716,7e-05,0.009269,8.91629,1.0,1.0
riociguat,1716,0.083045,-0.000213,0.009336,8.918402,1.0,1.0
fadrozole,1717,0.078717,0.000259,0.008726,8.990919,1.0,1.0
amtolmetin-guacil,1718,0.084655,0.000378,0.009282,9.079475,1.0,1.0
diphenylpyraline,1719,0.082137,0.000166,0.008998,9.109596,1.0,1.0
cholic-acid,1720,0.087626,0.000141,0.009594,9.119112,1.0,1.0
ALW-II-49-7,1721,0.079498,0.000175,0.008692,9.125984,1.0,1.0
SB-756050,1722,0.081931,0.000553,0.00891,9.133726,1.0,1.0
ofloxacin,1723,0.079444,0.000848,0.008539,9.204036,1.0,1.0
gimeracil,1724,0.083732,-0.000296,0.009009,9.326911,1.0,1.0
letrozole,1725,0.087841,-0.000434,0.009379,9.411631,1.0,1.0
erlotinib,1726,0.085683,0.000595,0.008946,9.511736,1.0,1.0
nizofenone,1727,0.084543,0.000758,0.008743,9.582849,1.0,1.0
sulfadoxine,1728,0.084355,0.000483,0.008702,9.637748,1.0,1.0
gemfibrozil,1729,0.089113,0.000577,0.009175,9.649293,1.0,1.0
ifenprodil,1730,0.087438,-0.000171,0.008964,9.77352,1.0,1.0
VX-745,1731,0.089456,0.000567,0.009053,9.819167,1.0,1.0
imiloxan,1732,0.09446,0.000382,0.009551,9.850453,1.0,1.0
acetazolamide,1733,0.092339,0.0005,0.009292,9.883893,1.0,1.0
danegaptide,1734,0.091512,2.6e-05,0.009236,9.90493,1.0,1.0
ilomastat,1735,0.095188,0.000194,0.009547,9.949838,1.0,1.0
carbenoxolone,1736,0.090687,0.000697,0.008969,10.032983,1.0,1.0
retapamulin,1737,0.093962,0.000126,0.009349,10.037462,1.0,1.0
mCPP,1738,0.09519,-0.000269,0.00926,10.308294,1.0,1.0
latanoprost,1739,0.094787,0.000521,0.009129,10.325901,1.0,1.0
tirasemtiv,1740,0.093146,0.000403,0.008952,10.360443,1.0,1.0
sasapyrine,1741,0.090884,0.000428,0.008723,10.370138,1.0,1.0
EMD-53998,1742,0.090092,-0.000255,0.008621,10.480442,1.0,1.0
SC-12267,1743,0.101483,5.2e-05,0.009652,10.509275,1.0,1.0
zidovudine,1744,0.097385,0.00041,0.00919,10.551919,1.0,1.0
bemegride,1745,0.097361,7.2e-05,0.009206,10.567639,1.0,1.0
ganciclovir,1746,0.093128,-0.000196,0.008805,10.598717,1.0,1.0
clomethiazole,1747,0.094112,-0.00028,0.008876,10.63441,1.0,1.0
doramapimod,1748,0.093501,0.00024,0.008721,10.693345,1.0,1.0
hypericin,1749,0.100104,-0.000325,0.009365,10.723703,1.0,1.0
TGX-221,1750,0.095402,-0.000477,0.008928,10.738638,1.0,1.0
lenalidomide,1751,0.100162,0.000394,0.009168,10.881552,1.0,1.0
vu0155056,1752,0.102449,-4.5e-05,0.009347,10.965403,1.0,1.0
isradipine,1753,0.098127,0.000462,0.008865,11.017243,1.0,1.0
alaproclate,1754,0.10438,0.000172,0.009457,11.019405,1.0,1.0
gsk126,1755,0.102844,-0.000147,0.009189,11.207643,1.0,1.0
ammonium-glycyrrhizinate,1756,0.106374,0.000281,0.009291,11.41932,1.0,1.0
MK-8245,1757,0.110583,0.000156,0.009471,11.659368,1.0,1.0
gefitinib,1758,0.102881,-0.000149,0.008789,11.722868,1.0,1.0
nintedanib,1759,0.111171,0.000101,0.009464,11.736175,1.0,1.0
ostarine,1760,0.115251,0.000448,0.00949,12.097746,1.0,1.0
LY-2886721,1761,0.114418,-0.00013,0.009439,12.135152,1.0,1.0
17-hydroxyprogesterone-caproate,1762,0.117832,0.000381,0.009556,12.290706,1.0,1.0
grazoprevir,1763,0.113823,0.000531,0.0092,12.313823,1.0,1.0
swainsonine,1764,0.124674,0.000272,0.009751,12.75818,1.0,1.0
topiramate,1765,0.120651,-9.4e-05,0.009448,12.779879,1.0,1.0
benzotript,1766,0.117443,-0.000422,0.009022,13.06426,1.0,1.0
disopyramide,1767,0.130938,0.000495,0.009213,14.158566,1.0,1.0
lapatinib,1768,0.143569,-0.000177,0.009549,15.053134,1.0,1.0
