gene,planted_reversal_drug_0,planted_reversal_drug_1,planted_reversal_drug_2,planted_reinforcing_drug_3,planted_reinforcing_drug_4,drug_005,drug_006,drug_007,drug_008,drug_009,drug_010,drug_011,drug_012,drug_013,drug_014,drug_015,drug_016,drug_017,drug_018,drug_019,drug_020,drug_021,drug_022,drug_023,drug_024,drug_025,drug_026,drug_027,drug_028,drug_029,drug_030,drug_031,drug_032,drug_033,drug_034,drug_035,drug_036,drug_037,drug_038,drug_039,drug_040,drug_041,drug_042,drug_043,drug_044,drug_045,drug_046,drug_047,drug_048,drug_049,drug_050,drug_051,drug_052,drug_053,drug_054,drug_055,drug_056,drug_057,drug_058,drug_059,drug_060,drug_061,drug_062,drug_063,drug_064,drug_065,drug_066,drug_067,drug_068,drug_069,drug_070,drug_071,drug_072,drug_073,drug_074,drug_075,drug_076,drug_077,drug_078,drug_079,drug_080,drug_081,drug_082,drug_083,drug_084,drug_085,drug_086,drug_087,drug_088,drug_089,drug_090,drug_091,drug_092,drug_093,drug_094,drug_095,drug_096,drug_097,drug_098,drug_099,drug_100,drug_101,drug_102,drug_103,drug_104,drug_105,drug_106,drug_107,drug_108,drug_109,drug_110,drug_111,drug_112,drug_113,drug_114,drug_115,drug_116,drug_117,drug_118,drug_119,drug_120,drug_121,drug_122,drug_123,drug_124,drug_125,drug_126,drug_127,drug_128,drug_129,drug_130,drug_131,drug_132,drug_133,drug_134,drug_135,drug_136,drug_137,drug_138,drug_139,drug_140,drug_141,drug_142,drug_143,drug_144,drug_145,drug_146,drug_147,drug_148,drug_149
GENE0000,-1.7342456336761514,-1.8557231213686645,-1.947640017958529,1.8390622944519202,2.0554779550209106,0.042134081741929175,0.5145889906905393,1.2046350725758252,0.8513542646005099,-0.6203637225355519,-0.7364121722576463,0.579504401549854,-0.5472798363375213,-1.2280540191236242,2.3741417434005965,-0.31072426461719377,-0.6265241826885438,-2.1921300562419788,0.8514020923788287,-0.9879358457965414,0.028620559567826175,0.9686231563044211,-0.9722685477240716,0.07948245181753853,1.5237874101938085,-2.4567470568634793,-0.8105058469792188,-0.9045418837870712,-0.18690512256040892,-0.04779087737353801,-1.0612626329465904,-0.6543733461130157,-0.773224970452823,-0.3507892451728689,0.21822273253109625,0.9105641223710805,1.0553309965464146,0.6536342613353238,-0.8739741194850966,-0.0032959203273537846,2.3743294034923883,1.0145326926872977,-0.440504558873525,1.58203818296378,-0.38806918979741406,-0.6684019683032681,1.395731935928564,-1.3096492900118983,-1.9137775802683563,0.941284578060475,0.02769093161621279,0.1273654785371559,-0.3614228394269773,-0.23849336738405827,-0.4581099028313764,-0.6259929302544003,-0.3819102223687616,-0.4134512388176997,-0.8285837710187354,-0.5451691993318439,-2.5027595216622154,0.6846422015551685,0.39025326898314217,-0.08490883249583231,0.23732438475974324,0.2735774031386282,-0.7240017966042989,-0.5325803022204045,0.5283166096303764,0.20750348515913597,2.0433204896823054,1.619612155437311,0.9330121403883498,-0.7617349157278194,-0.564557003269575,-1.0020467236287343,0.2797573497867091,-2.7409548444597016,-0.458619276942999,-0.30671639932181727,-1.524290533169992,0.7977363145786346,-1.1391417285898826,0.2677426657032613,2.783777423489051,-1.6110056099552212,-0.14855140500704944,-0.4074601376352653,-0.6019686788963846,0.7602510946353603,1.1063291048284427,0.7716381493013362,-0.7233390824512339,2.4338480784024163,-1.770243188341892,-1.0326290690342947,0.1697292843903737,0.08939391914564943,0.48804407937874933,1.5801340950752016,-0.11985091936559887,0.11372946021298058,-0.5945160527242493,0.5883285184606423,-0.31847851065033933,-0.31905702106634304,0.5434831529637776,1.034920927080599,-2.208106551673877,0.36077842467342836,-0.2702033186775383,0.9476169376614091,-0.2501226010745113,1.3010524331622997,-0.6764130204840386,-2.230329907625889,1.0515930406716663,-0.8435449622454707,-1.580251936743527,0.016053418643930874,-0.2391786660301687,0.8231049757450069,0.8924108198152113,0.09562044588939247,-0.8848159419179848,0.28694126122429797,0.16519438012057688,0.5689366744696416,-0.8748067137447016,-0.400372873167553,0.5093781163361057,1.2473270552317244,0.9659220079595902,0.08205487115279775,-0.4873950239211477,0.40382055867930544,-1.0913904372934704,-0.8170014392608941,1.5097713124596235,0.4020344800469221,-0.347526733772955,0.8291386845852685,1.286974963849594,-0.4446375582456402,-0.42740794244947544,-0.5526457733470056,0.9638503187153616,0.9735574475201241,1.385903321291099,1.008602949848836
GENE0001,-0.7544205500911885,-1.1916614854982968,-0.5955374974730578,1.068346266809601,0.9302425246652181,0.8355653983499038,-0.8908433424510777,-2.3247196614524013,0.18053084180543139,2.6435715833985505,-0.20284621967015248,0.046915434950258676,1.7821636185360787,0.5902746190617881,0.2168610369829383,0.44211666531347293,0.2502439325736485,-1.139754428156706,-1.3414451577996975,1.8868281121242367,0.1838833519051575,0.1000954425796983,-0.0902276640562097,0.7810732676164527,2.5386911017374865,0.5239526671077938,-0.5880868263145528,-0.13340085789154404,1.070996467205255,-0.5828006014129976,0.8522464890302681,-2.3207373739781305,-0.2298795714463868,0.6281400134806694,1.2701255465757155,-0.8184742170423912,-1.5027650176306036,-0.26073516489181897,-1.1254190077468889,-0.1490366667295299,-0.006653454631237347,-1.3191450452019449,0.8044391101108651,-0.15721389336445102,1.0804598690053497,-1.8449052402960937,-1.0171921705453906,0.5166693086481229,-0.7991105708252652,-0.1645356580496962,0.0006991175571747527,0.1582559809533675,-0.6775662127337071,0.14928656347247762,-0.7825437052344801,0.6742804687467753,-0.11484401948302342,0.1550366235955187,2.569926839690334,-1.1071044546000215,1.388582269040288,-2.6593513570493728,-2.078376654918943,-1.2406400776875708,-1.1775283652749364,0.20370179813884956,0.28984226416846787,-0.2548212683723646,-0.14987796676246168,0.5277647609316608,0.8332238776207417,-1.326539016109759,-0.3618909712330037,-0.06958982291301025,0.4853159965604532,-0.7726671422734709,-0.08922117559367017,0.029983634527157816,-0.7044701034595299,-0.7283151499478859,0.09874577763733462,-0.1303451459872082,0.5004775194206322,-1.0532587206449961,-0.35068152787878737,-0.229216051553592,0.8138639081236053,-0.9404137745679023,0.2346520051550863,0.25275550753788667,1.6463972426799733,-1.007089364306261,-0.6572333181174939,-0.937355682223321,-1.6697791720684,1.7646869342627187,-1.2415012309491225,-0.8163054090548456,1.3157665082821597,-1.7531070469382153,0.7563515692873813,-1.4130243453417775,1.246694736529587,-2.1698776870408585,-1.7534694162506628,-0.5449222349589087,0.9718226901727355,-0.03095825063657335,-0.3357150728865708,1.3460442074647172,2.155239538433073,0.6722572844137722,-0.6228545031012834,-0.4181430340092719,-1.2884473797573248,0.10081742225405217,-1.6295929859763272,0.5518636553095008,2.0055740456399533,0.7175915797930499,-0.4691477201949346,0.5269374126317904,1.620533445165877,1.5704946352611389,-1.0037578915633707,0.5102963895823233,-0.1581014900701986,0.8065932479136867,0.38361395381677077,-2.3697214094844474,-0.34801308629683886,0.1985583628962918,-1.4343649671588456,0.5810220098659856,-1.5240152417270303,-0.7984390474170536,1.3413119197001346,-0.8837777888642685,0.5739669592016755,-1.753573717908687,2.0813146567651417,-0.30455363848725747,0.09532080694771912,0.17903679654896512,0.6075668643313585,-1.519179982986177,-0.005336470836663279,-0.6587688257813566,-1.68955722607827,0.9871222001287102
GENE0002,1.82728404256725,1.9645997055743636,2.1949394778731843,-2.2414432949054,-1.724781784919999,-0.04726465262900927,-1.5579523176766679,-0.40038136018331794,0.49973762011211026,0.532595109370551,-1.0877809352617618,0.9294825073447697,-1.7628669288710401,1.1441352026164182,-1.3193478891374055,-0.22624521900867614,1.0645686780266999,0.11960566888706947,0.8166985177135699,0.6186619597099322,1.286268613404601,1.0622098509137117,-0.4537443085364418,0.6329416337934651,-1.5265518616977465,-0.057904907337784896,0.8184847346385397,0.13384765424599987,0.4466397315170858,-0.21327237596579143,1.1290694375351427,-0.08041577370899264,-0.46545018240405345,0.8865174125690543,-1.40515992236446,0.501033343517345,-1.0424848742271386,1.2779268292381651,-0.26102725324679543,0.13498472081968857,0.4125703966441225,-1.9296845963141573,-0.6505848415568568,1.0435459092865536,0.8677650241708884,0.28303220539521634,-1.3494635714255234,0.5855034608585792,0.7133995902054457,0.04701721312374508,1.2231709505914572,-0.683431790130123,-0.5098575774999748,-2.4846115790858145,0.9198275101476635,0.31386196347013423,-1.681820325133229,-1.7585989999941474,-0.8726306273710107,0.7936579419803536,-0.3003604880886286,-0.8047869166603249,-1.006115893083496,-1.050911957828187,-1.9336783011075602,-1.2073958316463744,-1.0705780796771673,0.6826232364571462,-0.1657230531466151,-0.8255848430174609,2.3097227554061868,-0.6638969135466657,1.167102914383636,1.6211085577877153,-1.569960337657343,0.07396296407356806,-0.5175336509082241,-0.5989243965593357,0.5553768168069081,-0.6228704964232837,-0.49596904632647065,-0.16811489562529364,-0.3733992683765694,-1.1735702070121252,0.795906504847474,1.0485309385076005,0.34361858953521734,-0.3765526510222658,-0.7052107363297812,-0.7036200629264463,2.3573763650327084,0.937838301566644,-0.8401100785833383,0.16469782743714056,-0.36253502509936236,0.5838003761562907,0.5434991027893419,1.083609653905471,-0.8505564586621955,0.10473529863813051,-1.7485469849575264,-1.2573403004288446,0.8841008365591795,-0.950683791405327,-0.840908798047855,-0.008278074550049355,0.6947610308465396,-1.0608267958340962,-3.480808828760084,-0.8702232421435117,1.2056280779528372,0.3431350510168737,1.3238748037872132,-1.1318161421326958,-1.6393962676640563,0.4625485526475405,0.2400227376850462,0.30555432037725844,0.932996642650568,0.42168492391225987,0.4056175931403788,0.7150070138011407,0.5024166321870274,0.8574459317174058,1.0085208247785817,1.531688801240915,-0.6491913249036794,0.48056210741074734,-0.3703233685972966,-0.8335589872792668,-0.6895403210803661,0.49495551756152545,0.4182525547860004,0.4004120292384369,-0.22571364756933313,0.003414751178410458,0.8177526958760498,-1.4893930596493061,0.02464209842858423,0.08995614812678975,0.7533042690776492,-1.350248411942825,1.4951337455174116,0.2136304244285101,0.26658054669493636,-0.40137975733222647,0.5380223547968438,0.04795405028310565,1.2089819441064658,-1.4414942480636153
GENE0003,1.9583570909568422,1.5132179339786154,1.4929938463764123,-1.8766243811504997,-2.3852049846016494,0.174639269367828,-1.809958900980706,0.9650149610632297,-0.48013186769585076,0.12780269736678268,0.36710226678806723,-0.5258053873129568,-0.1310384069989959,-2.035240240625504,0.732123607333072,1.0800690003221647,-1.7009935519387536,-0.4064928766962619,-1.2298693782408145,-0.17774032148740596,0.648636334720961,0.9873088992566251,1.1218531894268484,1.310543824692213,-0.22241277845556565,-1.1469586287334392,-0.1145903003079688,0.633267502303576,-1.2272597809208574,1.660136953448242,0.8978885387603418,-0.20656716843132902,-0.7108719304112411,-0.669121081112643,0.07420621380015535,-0.22940260273035226,0.9505027552826248,-0.34297582830262907,0.5055018106114911,-0.02892488417486995,0.26966935739707076,-0.2300564355963827,0.7077155412496205,0.7225400802900771,0.4599290258221443,0.6075143271495044,-0.9443687775430526,0.32324576290897944,1.2492017674875335,0.4914045670194975,-1.0307175028015232,-0.0497665096490848,0.3749779383397089,-0.7573995168983091,-1.3582711967233527,-0.316097868436527,-0.7408324079677024,-0.014289031389968827,-1.5914046474962884,0.5647010625361558,-0.6346050352933568,0.9957522366813559,-0.27689883979637814,-0.025389046384487156,-0.17303487869691783,-0.6881596901002726,2.47227946227266,-0.4958661780072847,1.0235215224656602,-1.093628946063395,0.37213139109316096,0.47887216393183574,-0.02417697709812966,-0.5710047196395732,-0.26332190261396393,-0.40328950197312036,2.402026281835456,-0.022603089444819514,0.5248887786639505,1.7816250904253672,-0.8763186679741813,0.037660233167937734,-0.26918613168138894,-0.08613844548336394,-0.17901196711748543,-0.7318770856302171,0.19541028499663293,-1.0626327774161015,0.9888827373090182,0.6233098066546038,-0.49346281636401584,-0.4449833213738596,0.2755105623482531,-0.7985453156061825,1.8119801241348714,0.35792572869176864,0.3932631513836775,0.6814450803572858,-0.5794632740700703,1.0890099817847738,0.11453336621546396,0.9501454709988318,-0.19795312656833047,1.3172782267311858,0.4013436270247898,2.182507024177087,-0.36952161682223,0.2045493960907455,-1.031576246870158,-0.5292982375462199,0.6186865478479057,1.1293244375395006,2.9650103517207222,-0.09662890662322088,-0.9332134076455977,0.7533257603772413,-1.127827220501306,0.5642773880267363,-0.5022557161941238,0.21159497038039327,1.0910461021646674,-0.11073342908069587,0.9328790843286214,0.8731585486191489,-1.8643315283090947,-0.9016007460355724,-1.5618068613954716,2.0017371025301354,-0.1053919254373263,1.7808292129666425,-1.6329522805419834,-0.5727684245485258,0.8004982417659725,0.17927460442668408,0.5328598928134587,-1.253808233793257,1.3768034928789294,0.777016095757289,0.4016255054914734,-0.6856102810818078,0.32380012760594523,-0.2914899789934903,-1.6504912100377618,-0.050422851721487694,-0.15673039822252585,1.06240150987512,-2.2344264423142026,0.235199828854701,-1.1555680481057173,0.3192233421955466
GENE0004,2.062736009274164,1.8343256837492374,1.4941836784813032,-1.7054000994371856,-1.5662801069442593,-0.7080788661941414,-1.5558986504898955,-0.27239597049980896,-2.0951575226799855,0.25417389224620207,-0.25925044258022556,1.233686921376036,0.6489242105069956,-1.3919963371880102,-0.8383874911178852,0.520664420534209,0.8470790099850345,1.2225009148868804,1.214509285305348,-0.08952261024790559,0.36265562225116893,1.2987385039437964,-0.30330846193594846,0.37972618694012367,-0.3268807796796516,-0.5509481144654271,0.04838511828580344,-0.6875434513395914,-0.13091597276974928,-1.0349548645321327,-0.18999438718237946,0.4483902936158614,-0.5887635362067958,0.009291752530912675,0.13934259362126433,0.4525348918213347,-0.1335798413052158,1.0858663418678058,-2.100918861451918,2.9377528471677734,-0.8711337640375167,0.4033900233540776,-0.9384679102058486,0.6442681595093017,0.2765691525949277,-0.6507135373450895,1.0730873454103131,-0.16396087960192127,0.547215938057004,-0.9171598051960359,-0.03088763557158007,2.0034072671821046,0.9629655291141299,0.30762075545105183,-0.4489208276097959,0.06749853587500881,0.19756599017238208,0.4492284349197454,-1.0766605081776657,0.6684079609423651,-1.0895930982946527,1.631125852281872,-0.7716283224168784,0.29662831967617553,1.005142573278018,-0.2523800434644497,0.3406000190998585,1.4351815491900517,0.5644029878932662,0.35555062967435275,-1.684785394820462,-0.9337222527402227,1.046920127650012,0.5699503053413824,0.7214662737850742,0.6353969322148971,1.289756528375374,-0.26139992495512276,0.12049995878930102,-1.028674333129084,-1.278022583436376,-1.6437407155880577,-0.8851634989998477,1.552561815489642,-1.5527270678160376,-0.30353598557719785,-1.2931453236461579,-0.600973963003361,0.1696937923520195,-0.7001158732050082,1.0896648650164613,1.5339781208495669,-2.249095728055939,-0.6829923303511227,0.059142122272422416,1.1261170260153806,-0.4542442751532624,-0.01993539524581029,-1.1567442250519486,-1.5327958522623455,1.4453846895829336,-1.8240698738929368,2.328619008421566,0.7251513993817416,0.6799730755167559,0.5754686674944302,-0.2526856880009639,0.3920845297008694,-0.1888966877844753,0.5530732764404795,-0.03368652690871602,-0.9503481831017347,-0.8705726162617562,-0.9842723752925036,0.9709007319343095,-0.6174466124590982,-1.9121031610848602,0.3968386658488053,1.5145175625895815,0.7730831891775268,-0.6033235652217123,-1.5868117155950892,-0.13426810335751052,-0.15922387809671018,-0.969199610313766,0.5510373022425374,1.8466265008304728,0.22228271745828398,0.16047620699884568,-0.9372280488338227,1.397414703060372,-0.07514416681001679,-0.5789632551941708,0.06368839365161598,0.471961333246609,0.1392154086449031,1.2061533956705917,0.38397155254686227,-0.28394181088253484,0.40119221632689,0.49963710112595733,-1.296375919263842,1.1494197282637149,-0.30090401936135913,-0.27532322350543004,0.7513759870759458,0.7471652242595813,-0.7008316788660857,0.8029016181456861,-0.5604481514895242
GENE0005,1.4919166164712974,1.8238311367375195,2.2217948346167686,-1.8609405820633884,-1.324867780271573,-1.237820944087116,0.5243627472529105,-0.7349104144777995,-0.3541076414479869,0.45353783374517587,1.224584437626143,1.6233965622990456,-1.5369479600263205,0.2677512243644622,1.4594936033835215,-1.6853109387619405,0.3143834940548472,-0.002083797420183821,0.4145418143797882,-0.7723040253264754,-1.4356188282134401,-1.913106425179025,0.9763839534621028,1.1040491364833538,0.30268534899598587,-0.5341483496880968,-1.6230458934657455,0.5633454625050239,-1.100779282836685,-0.7112986247605377,-0.5865640795627187,-0.19753522569696805,-0.7590404472086483,0.033458770992302565,-0.6218183005063913,0.7013730648392228,1.0310629139880534,0.10854267602843841,0.4626263353811024,2.11785594962589,-1.172603256861316,-1.2334681012801056,0.6949979007768748,1.9465428375147655,-0.2604985619387227,1.7268338422187606,0.09643371879348994,-0.6808872820390818,-0.9906923886377034,0.6294135848867876,-0.9149590677826966,0.0812768427670279,1.5834650253840938,-0.3067803928713705,1.3140094746438993,-1.2145434897264067,-0.5339091013167999,-1.4071440262149164,0.07299675597335759,0.7800781797165829,0.07518708760618616,1.227050059970152,-0.7491792406291301,0.22534275368906728,-0.5274693236138563,0.3616765854236551,0.5037360462124257,0.5823959599840627,-1.070594338235602,-0.8897461017865688,-0.7042877081911889,-0.23888074786659733,0.08718640420643022,0.7080891218566765,-0.8480986993392317,-1.6010192977017523,2.15574316320679,-1.13145302065243,0.8363237229955514,0.03126687724867452,0.2513056408063804,-0.0015505058359027444,-0.3848418819471256,0.46397228292345905,-0.43858720625729564,1.1663027472367895,0.5684410062561545,0.5995941132814938,-0.5071230600565902,-0.23635473708899585,-1.187912808642065,-0.35301605672556224,-1.0365759163562973,1.313068515588715,0.05053581559400609,0.17049723504043077,-0.22514652735002125,0.19757892205140784,2.4648776358576834,-0.3001402843924914,-0.6504130347099937,0.5296931329054426,-2.525718633602488,0.06395678691093298,-0.37171290329290085,-0.9923132660360943,0.5077576703115002,0.053988418445792954,-1.8024089074942171,-0.6465295211924377,-2.8882712051927246,0.293269314133503,0.28329941844015705,-0.7932818938336734,0.5401127116831267,-1.2824986211215224,-0.966517025934993,0.41719046438256424,-0.6886667549629432,-0.06265695620244455,-0.5636490274263427,-0.41093115629918414,-0.36722421595499294,-0.7067567572181777,0.302449714360124,-0.6279284867539493,0.015686713795602138,-0.7287316813744033,-1.5342986263844585,0.9124352492591664,0.4995269850954084,2.288682068797672,-1.0439728399982582,-0.20896048733203057,-0.1285074808558058,0.9893694382821313,-0.5071078941326084,-1.1710418541758545,1.2078093084610022,-0.316650029261228,0.878643509726043,0.7621984007922114,-0.029890473902299677,-0.17431370503474794,-0.3915648063298045,-0.015193128769989376,0.863100226170631,-0.7964401810595795,0.10884563020912037,-1.1186314281988077
GENE0006,0.6764249390637402,0.640615690952834,0.8782234652927016,-0.8438531765889192,-0.3563174992068811,-0.04008851265655339,1.1682177218168646,-0.8629053387504985,-2.3026969895447165,-0.4449457601246716,-0.8748203800761191,-2.2763735085920023,0.28488989257219893,0.20709386223295154,1.1423264545383518,-1.1208223655203873,-1.5991364864470128,-0.4067230830465839,-0.08834265900909503,0.9213496029864963,1.4105680050051588,1.2144791339073469,0.27654366689266663,0.799499253504148,-0.6404934347691842,0.1683951924752465,-1.1912901392878061,0.0626853968868732,0.0886466973980125,1.7221286056849698,-0.22898286149024658,0.09004283765328626,0.23696141571204274,-0.4548203158884532,-0.8024927332116473,1.298811324847052,-0.9809174429602977,-1.3279180716872732,0.6802653792954804,1.1578148420240095,-0.451409657600639,-0.4360534876498796,0.2825435261067931,-0.7078526767431832,-0.7817125206119687,0.8795925879863657,0.6071311007836184,1.3111588863181052,-1.2525890123654957,-0.5024624869106167,0.2811795622694529,-0.9256208497743664,0.6416874371546496,1.2246270872263318,-0.5833579722273482,0.03859194022703303,1.4556186900811166,1.7992715750189994,0.7458012510604037,0.5934291731936091,-0.8537365346849118,0.35920940045784094,0.5568208407749982,-0.21037015856104574,-0.5947762545556623,-1.2812976734768549,-1.7377297550512922,-1.947883513321163,0.5794425728672615,0.1476993252267769,-0.4838111315410965,-0.3314562977246389,0.21047054153048458,-0.16456307100859416,-1.3405531800038282,0.9130002202742996,0.3041261706698093,0.2658984798138483,0.8375627033583725,-0.8136453560596746,1.213731437725842,-0.14004285194223806,0.8885988803308748,0.7344490334876547,-1.038801828002556,0.5029004049141359,0.32627467084668543,0.030311657494342222,-0.09437175003538116,-0.08589324971779164,0.8126894256439955,0.5779105137915099,0.030478850265664822,-1.4919361464713747,0.49444341408361847,0.7236136191777794,2.3004100854469702,1.075433063105038,-1.8991763879154675,0.07842939901864268,1.8113750286649815,0.6235488569016372,0.32865216037320905,0.9002286589152358,-0.622378194990803,0.4780899966274559,-0.2504680389919105,-0.01962348581047458,0.8284545156951065,-0.9267131024921815,1.2879824738019383,-0.4228119610855433,0.2606628331504074,-1.400507960274943,0.7198372908713905,1.4465039359465777,-0.5146415492181471,-1.1102233865095998,0.2779830647427085,1.4548106449917426,-1.449856565480906,-1.106308181228342,-0.4541895583115157,-0.8203438245306957,-0.8171854666089954,-2.094120627663777,0.5890569474058676,0.33872050286963534,-1.6988491998036455,1.4571957599562464,1.6810923149304875,-0.7509055497801141,1.166548590977006,-0.572997804990946,0.1811165102110608,-0.8357621350209089,2.2142515234622757,-0.2960172273298979,0.12644902282346232,-0.687937387463827,1.8613155972363946,1.8866146460894102,1.6309291812629403,0.9564403483476219,-0.6247895469340525,0.827850095962418,-0.007042798924735517,1.312408621742632,1.1159020533653614,-0.6492655780759244
GENE0007,-2.58218447200477,-2.4354385554301032,-2.8038930898438075,2.451476838208924,3.1627767849506694,-0.8860424543316735,-0.8432606042937426,-0.13524289563203143,0.4800595800866833,-1.3654620221921803,0.1898478362124643,0.576758066193072,1.8618057836696316,-1.07669016922513,-0.34961218677780365,0.26166297269647903,1.1474093301916062,-0.3042238811718139,1.1986413719910511,-1.9373623164764597,-1.253348193121886,0.34864434433422065,-1.4108244980878752,-1.1744705267667168,-0.5277768642459393,0.7714389919158241,-1.8959648413072892,0.1702983621623942,1.0329639471528058,-0.1949452084289584,-0.36883022959254025,0.4017712825585737,-0.19211105272144002,1.3904997812407467,-1.111413012134435,-0.05164415516508496,0.2056863749606842,-0.37845405184645964,-2.8712826629574613,-0.16090490804919289,0.9001769869124664,0.7781091861260174,0.3547784821701996,-1.0978623583492235,0.39530946245848375,-0.573437821542238,0.35348290594866677,0.12150501140171552,-0.9763752712833716,-0.8924558393569035,0.3550224544215164,-0.22111309528850173,-0.840281430657129,-0.9228301897268331,-0.3038308479862159,1.5681047947182098,-0.5260780322119588,-0.014019538257588698,0.10164428768951007,-1.131026391491943,-1.7628324838426952,-1.026640734735731,0.24707737780630315,0.08733105791540921,0.7024065691510653,0.09674989495911643,-0.10954929146920354,-0.6040122749251271,0.8846067898626929,-0.9191801387207167,-1.1103995172960208,0.567055517388103,-1.333157310653655,2.4147909986586313,0.07999338055914339,0.3479061163248855,-0.808419824523387,-0.31526484424154627,-0.42675711688235407,-0.5418349876686417,0.6329617515098265,-0.4495760382252812,1.0175012290841814,2.6631823501198237,-0.2955412401465491,0.1523155135766242,0.3794820571655074,1.8115048125935167,-0.08264778503818894,-0.8290169196583627,-1.2663405056257042,-0.05798394743223416,-0.44838021905388226,2.0100092893000014,1.7698624206769662,-1.034372827923598,-0.7107601035491785,0.07377010788688614,1.3972264225587627,0.057013136371051244,-0.6472406379880465,-0.05888180990272468,-0.6284848638960467,0.6024772094394821,-0.7090337116647051,-0.510436052426967,1.1619338134560961,-0.7683649473140721,-1.4461280325601622,0.09499375135630458,-0.36047340420459595,0.5114155009299537,0.31747193473109014,-0.031918494643361994,-0.06104342546999568,-0.735858449322835,0.08334707099324289,0.8812847814327686,-0.9734467413994762,-0.005397376361534414,1.0383887557346116,0.5054240932166992,1.309472896350713,-0.5681423298343345,-1.830768448394866,0.20065180395568705,0.36257081502648514,1.3684219544726752,1.188145734706984,0.5367436230124615,0.7653902141704337,-0.1918214582066392,-1.2191146113192166,0.11772121738091015,0.9825734636277772,0.6563608698285485,0.8338073391593647,-0.427755687046752,-0.2655468380184237,0.48342548811460334,-0.5465073945087545,-0.5157170699330023,0.29798223637745164,0.7609047431569078,-0.19952867332940877,-1.1631894610536389,-0.7358039150428299,0.20367208489309827,0.19152096386596482,0.24123813765534804
GENE0008,-1.7822537605049775,-1.6816617127629714,-1.638527584779482,1.403811682481142,1.2873120618259946,1.4323420312175017,-1.1890112823800345,-0.2552519421022534,0.03272449154070758,-0.266914712014321,1.792922591330873,0.22395527808973467,-0.8053718270503438,0.596442339560671,0.2709745388461927,0.3041929195534216,1.8078761587991903,0.3507851757548093,-0.3036615238739961,-1.955276426310101,-0.1653990181435119,1.3059699173271888,-0.09116911955618714,-2.240049898519503,-0.49836239219244655,0.9926885389127922,0.5458171745620152,-0.8398808965107355,-0.5652847763990818,-0.4107086591024168,-0.6627137718629301,-2.0296738677395822,0.7635911006198558,1.257059956689093,-1.5184489439647402,1.2438529325863146,-0.10302320139721578,1.2251323481678744,0.03795043629044597,0.13554459215862996,0.3724346469822128,-0.7900663251352782,1.1946741443280215,-1.1213806380747848,-0.4020667445166706,0.5242646776431689,-0.5091952404854638,0.7775312408149441,1.3758661731839563,1.0125460010538367,-1.9361153136786216,0.12584696961935726,1.028682610696392,-1.316748846822057,0.723610587228875,0.6674607816393121,-1.2120898919382652,0.834232665740161,0.2726977935299349,0.6503817887212686,-0.9663123857651326,0.15013611637138463,-1.7048785541323237,-2.276991207533051,0.14082842652774988,1.1005976067613101,0.2529368142650801,-0.06344606394414584,-0.18753412005487335,-0.9425653914430656,-0.2218609037953063,0.4216844682644445,-0.43522223280062844,0.7505868538357765,0.19597503386460266,0.3169794177734066,0.8886627535509601,-0.5267554326549905,0.6593805861869515,-0.38647671725197413,0.33951448381884,-0.6457713506365684,-0.9107038230647322,0.09186474564849363,-1.8852000520211172,-0.29626744350888173,-1.6063770056091804,0.7792340343136079,1.0501105961089143,-0.8639512214208059,0.4283129624734963,0.8991357136874919,0.9024692225017834,0.2144508339716411,0.7343046755614968,-0.6493313119203942,0.08312246565668001,-0.46710340679077605,-0.7337879737853639,0.03606339146962743,0.34753037615807447,1.163508767954987,0.2651555272988874,0.6419305349615512,0.6532831732495379,2.68753436569696,-1.8100324032725792,-0.6879338668371778,1.4740560524880801,-0.35201307485347394,0.8858031376017194,0.2300095237628365,2.1052024012080106,-1.113054427063712,1.2218005525188131,1.7495813052724989,-1.0144188771679996,0.7828702435813464,-0.9654979858290557,0.0301615725351249,-0.25658793018217363,-2.402753934899687,0.42423425971189876,0.1433391676062309,1.4790789734057603,0.6111436546495426,2.2908839240787624,0.10704238207871382,-0.10553005200230739,-0.1843566507170958,-0.4395887110317737,-2.207750916382569,-0.22019462700795758,-2.0678547264359923,0.4520333445857688,-1.2400602924705844,-0.8943326230884198,-0.6694101948325517,-0.2049350378132454,0.006868254939036984,1.0844795830730707,-0.5775300935075538,0.4801461362223696,2.7308672332235675,0.37735070276322974,-0.1804897889316338,-0.7791516519282973,-0.19433154542032846,-0.8862203436094058,0.2686614266837726
GENE0009,-0.9934890174374268,-1.4720192697072387,-0.9871312510659739,1.1405115488345265,1.311013718253428,-0.6528967724115621,-1.3777007731168525,-1.8579920416244045,0.8313492670632543,-0.18147832957919605,0.7720215620034229,1.5313237445794692,0.9212476849103453,-0.5423723214387958,0.14486766465755532,-0.6147728651569183,-0.7082884626016631,0.3428151624026237,-0.8322938831181725,-2.209151619088701,-0.8881478957273766,-0.3068811486873728,1.5213984978319222,-0.49093744987136534,0.5119240910292749,-0.1683082339620694,1.226405143870384,1.1570963854639587,1.1761751052399196,-1.7339835294173527,0.20672404724499435,0.7589386001219477,0.38153856258933105,0.6365963258218292,0.058351004285477494,-0.744784206726527,-1.6970973849862518,-0.6455694286484754,2.6781098736383924,-0.4856511760906721,-1.9593902260907439,0.7326493607290827,0.8554600086826448,1.2873243901521403,0.47097850370678035,0.8456015144669514,1.840217134841991,-0.7454734920621153,-0.9438507054237175,-1.0945865395529288,-0.2657695864939831,1.4334224198251682,0.5280683677462349,0.4886919527092181,-1.8193079286647236,-0.6931868272364192,-1.8356576328620369,1.1712457893215436,1.5856464928857328,0.7795667272403815,-0.986786045739545,1.4820224936157906,-0.25325491002521017,-1.2144592807526615,-0.9644042546116923,-0.43015663559183687,0.0495785204847066,-0.16134421165179372,-1.4126684181710272,1.2133164091856419,-0.15060591943684326,-0.7137538562706509,1.110302361982764,-1.1834061882665312,-1.6288901835745146,1.272487446598739,1.891387849550339,-0.4620960186513983,-0.045970007917145186,-1.1466647145209035,0.005492550243393307,-0.47570526373119687,-0.10212844003499932,0.4092583875972426,-1.0981454780308466,-0.3618113392325675,-1.8037814217781782,-0.354987284113288,-0.09343407091699951,0.22898242506107808,0.23957654036320872,0.9039227507368559,-1.5396665192733199,-1.4862770299502939,0.5289579363925203,-2.038961277005416,0.18330021210499314,-1.1802929395898938,1.5728146409171813,0.25045240772777744,-0.21915601971306176,1.2277208771391783,-1.0634020065709509,-0.8734096340878084,-1.261454833655109,-0.865039226348993,0.06111560936738784,0.4939518719937205,0.9614216853675427,-1.824724046900739,-0.17186298646329173,-1.1081645311908017,-0.20528709148810095,2.33416358012704,0.29186176200001496,0.8994649711482459,1.9606912721610468,1.1273582431747582,-0.44791447968698456,-1.2758320865699382,-0.030144269520851127,-0.5677057842186854,-1.5245212866191742,0.24092499728946865,0.26588629805933295,1.7691167002632864,-0.3617630688368137,0.2801213889694491,-0.6654854146902154,0.8731694306934659,-0.1246177961901297,-1.1725916088527426,-0.01347182166515796,0.3905228975650011,0.2552733874135629,1.0458967154958694,-1.4480563720406896,-0.8427425900149415,0.6397873317955373,-0.7252689779610714,0.2404712493302069,-2.4197452474117624,2.715946572312882,-0.26971853155733616,1.193956259988278,-0.33689782558349113,0.4146985287308868,1.4919196463452724,1.1658060192083854,-0.20445497968522458
GENE0010,2.5376168547435536,2.541165366250278,2.3647334384025442,-2.2625647878233193,-2.4337053093699583,-0.24141441042020614,0.9519603635098018,1.1011557622472865,-0.40996050385277344,-0.7470780793016416,1.1453891885473528,-0.5315569372430567,-0.8943499126754028,-0.6839595017990969,-0.5356133384254117,0.8566171046256775,0.5150426732761878,0.715658244757891,0.4213798110980826,-0.5938401622466388,0.6971028559082724,1.182453826605304,0.5845032161193091,0.44965590662585037,-0.7670545065706765,0.21181707897447793,-0.8202413294487015,-0.02402785808060396,-1.640266639225316,-1.6325584029920932,-0.1910476899470299,-0.5484396718269897,0.10678719347417348,-0.13476857911511902,0.030190787210155032,0.6086074423567405,-0.4632689556608324,-0.219443811644863,1.4550212227631638,0.003084126825026962,-0.17921047462538878,0.08251269932318937,-0.1613643730095305,-0.7095722929532247,-0.9980298371797204,-0.7634313401500049,0.8729191867707867,-0.6299052547184123,-0.15492460183627646,0.7007362851328974,-0.2783911708109784,0.6333613148436524,-1.540793042430867,-0.13251667954189647,0.0788960965985086,0.02313872309816787,-1.652918697838884,1.2031126464308044,-0.8546729449714168,0.33503712526246754,0.007964282647330446,1.0037095238106777,2.1874888293742063,-1.290364484542836,-0.6489138812724988,0.189092493839052,-1.1053533175527916,0.7821826079557601,0.8433726221570585,0.5594490759950371,0.23658175087619732,1.3697087779697807,-1.155625481668862,0.06526819534255347,-0.7388028687302217,0.8899163325651686,-1.8333411645064328,-0.028083865592979814,0.33523868706994847,-0.9474921349737745,-0.6261900322215666,0.015378981372105674,0.9550963794414762,-1.0328692285870538,-0.8584499403746859,1.125587771040344,-0.2729753999198351,-0.7775390398449775,0.7286847972169158,-0.48819699723224685,1.027421535338774,-0.6637203769797122,-0.15959456182499593,0.9449716653887317,-0.22626087117375152,0.7560533220786464,-0.06554760678100492,1.981691806400029,1.5687786041028489,-1.328096262433748,0.5222436812480098,-0.8164039861010418,0.19150693879273067,0.06837062931026103,-1.0553870170924875,1.0584845435303247,0.20330294356907486,-0.2846830356725835,-0.4381098242435948,0.13977696976623552,0.4079250175142854,-0.12497578635826605,-2.8325195707762085,0.016890716242483676,-1.4414820616097774,-0.20945256564907563,-1.4045642570696417,-1.4164976350794674,1.235121821948528,-0.3200919809443903,-0.3966621598219177,0.48252404882859146,-0.37059052307245194,2.1038060921274098,-0.2730197607260194,0.36512541198301046,0.970941331376861,1.6022532256069097,-0.7420061356576401,-0.41796350383864467,1.2745918752935148,0.8100623040526913,1.0751759356684585,-1.3687045435596683,1.5479997539240187,-0.761407543284805,0.19229297814189597,-0.14822287759177039,-0.8784828365480701,-1.412535763421003,-1.7438481166328978,0.1190184060539747,-1.5253190902334557,-1.1338155950868831,-0.2180358781982199,-2.6388085002598998,0.7789797120440013,-2.409888167106808,-0.07737239133277289,0.015019226594289363
GENE0011,1.6849247780550825,1.6122843695969133,2.2984260359593973,-1.428424257398059,-1.8273895117910215,-0.7234628088702879,0.1207568061894677,1.5475700950289262,-0.23769512468964085,0.19223476419523094,0.9808534491374752,-0.7422295201916345,-2.1615603333191933,0.2555736537123689,0.9886691693580026,-1.3514457648919713,0.6702198972773387,0.6769663873395375,-2.273496259115304,-0.9362886324067723,-0.3958287807316623,-0.17962400023523706,-0.7431342647679838,-0.7970028035821819,1.6714828911820923,-0.10755913185890842,-0.6950436601497395,-0.041169476912550004,0.5370908330611436,0.05162637671120796,-0.20572759082797323,-0.6500166686704533,-0.662130845467599,-0.5978083864853595,0.3388146008107369,-0.9941800924017872,0.3932692234702219,1.41299475562683,0.32570735781319976,-0.36958552891713703,-1.2981268850546304,1.5781068079115141,-1.1700176505989124,0.8485620344757479,0.6385178605944855,-0.23676860296405963,-0.262978803780678,-1.8357112740410206,0.3300650008126215,0.6199263323958049,-1.0890801161478045,-0.15582147432910282,0.03786191500895019,0.5845726279495681,0.0038030761231874206,-1.6263193539615841,-0.5299377694624893,0.22462578538901948,0.8415283420397591,-0.6176366093942468,2.1876498745500195,-1.8944730688369646,-0.563700175057901,-0.0830336034927732,-0.20074916355286412,-1.2321423298148326,0.44786174775179377,0.37109405131392204,0.04796144598154671,0.33184386325851556,-0.4237764114480308,-1.6173629501085678,-0.7166398700522447,0.15705458140944115,0.16274441484639593,0.041379052585847835,0.5487082679850316,-0.5811460454500165,0.02668105711053596,0.5720927784049215,-0.08488981850235336,-1.2433239284060988,-0.9614883696555376,0.8308523242793667,1.3924721629425727,1.175283107824049,0.23215594974203504,-1.2031326020166928,-0.006351556772868734,1.5622551319504216,0.6184883804564755,-0.2074775226838726,0.6286252328412164,-1.2693952066156047,-0.6956713778482021,-1.0841913910223249,0.4695718183484327,0.7141034997200926,-0.15382602719836666,-0.872929676739566,-0.019749093534627345,-0.48657989067380747,-0.7961707046937446,0.3389936853092464,-0.7579922225186737,-1.5663497329640925,-1.3441144703631869,-1.6032604668159496,0.2475119165762044,0.15040543817616392,0.10052009450816196,0.5877316524799424,1.1919588561171166,-0.5922665308251153,0.4064774772384181,-1.5796155074058769,1.3787097462633506,-1.244831238218157,-0.7100811190404376,-0.5977095137330924,-1.5262709967222121,0.03257557740856184,0.2139038682014817,-0.18941367098154974,-1.5402476320310767,1.9833862348517115,0.549230796501648,2.6342220436499586,-0.8051092398862925,0.9578822281769765,0.7792738873941635,-0.29057510309736223,1.411050901059224,-0.4054100076137785,-0.3608914194246071,-3.471429891938383,0.40902805374263734,-1.3255099116824065,-0.5507211956955113,-1.0262196387450275,-0.36623153931826163,0.44388023021743567,0.011141563048757437,0.709641290505807,1.2656295355856315,-0.36879593667783545,-0.4785672420161137,0.9577276536620096,1.0370472887399296,0.740590868103047
GENE0012,-2.4092415825476574,-2.473705021992118,-2.383853976077808,2.3328687131976715,1.4983571044144246,-1.666610291149916,0.6902368003802725,-2.5583683832571023,-0.73151340389633,-1.0231955113182944,-1.0299346709057469,-0.7490314709550956,1.21737356975163,0.8205554190063729,-0.2517306819925051,1.1336234718590492,-1.062297155166374,-1.1982833857471582,0.8635966592465905,0.579643229322647,-0.46026340158332313,-1.1354608936981305,1.4597318750379402,-1.7201025509478183,-0.5984259353435604,0.22857652751789734,1.8021648084314457,0.3831002120732203,0.4803046530132987,-0.5693837001481272,0.5684802252745983,0.1053093208790869,-1.5884645404175581,0.7929348534931071,0.9703933898468512,0.8033650488211627,0.033327925665802005,-0.9561768831496472,-2.3091837312848655,0.15705360540145066,1.0819420597408491,0.9955324690830808,0.8160728433938479,-0.07421097854939082,1.087464174031497,0.9241618238559027,-0.4226335607215581,0.6765980166158473,-0.5359591454092917,0.5400242316169221,-1.299116644301067,-1.2222118086729215,1.0582070469439075,0.9375601222047649,0.6336115405758314,0.08796882105283044,-2.3912744310241485,-0.07487593820648959,0.4541831671898381,-0.5347332475595915,-0.7124941928082376,1.4444203881536917,-0.060288991391611785,0.4547951696423805,0.7741314616193651,-1.0014370765050777,0.1932074227141938,1.3196444944772996,1.8192231832997212,0.03993639721469045,-0.23794354734707465,0.2690240681375333,0.2436370470275211,1.3867580661311534,-0.9963916891670672,-0.27987308616602163,-1.1171413268765105,-1.0120948857975771,0.37657401513912436,0.8098578416370265,-0.6493916937437452,0.7720947889752895,1.1115786571319681,1.93470599843339,0.069746848841049,-0.639764527444133,-1.0024719316058948,-1.1017931979198936,1.2497807014036066,-1.5150953429556504,1.2177484856512002,-0.8684410292521488,-0.6852061978594057,-0.15155545500997972,-0.7036545495665113,0.9319797549595751,1.8133439519827754,-0.6574321575531379,-0.43223783916462677,-0.1633208072838984,0.5410567634926378,-0.15348427895585648,1.3872574110525957,1.1466239165619274,-1.1854623535951,0.5209681655748287,1.5203392373095028,-0.4947809457668834,-0.2942648717935566,-0.5280369978529553,-0.5070756155235057,-1.6684515519110479,-1.3283149514650507,0.07747371873722987,1.5135979746527783,-0.6133608125182829,-0.642757302948558,1.7015210704207346,-1.1082574618159868,-1.661243162706422,-0.8285154361374998,-0.6627844787943661,-1.7474530846950653,-0.12804170627461128,0.9484463498615354,-1.2859547737148262,0.08757821895358911,0.3959356756267731,-0.0833842752742931,0.1856925897410594,0.19732726259521088,-0.812727956918432,1.4985825720118682,1.2477568340762155,1.1899113972411677,1.0136757405438634,-1.574979469433024,0.9260623778119661,0.6556014275495079,-1.5365236149437833,-0.2149103551500782,0.2767934493252883,1.6643170981246351,0.7247238578942587,-0.8645657272783016,1.6953884584519632,0.0437797627138891,-0.25584113690309174,-0.3271181965888122,-1.6235552380231333
GENE0013,3.214573890590227,2.3668312347039864,2.764139124540652,-2.544671819172386,-2.7237684932628587,-0.1409279142776198,0.3165403266086319,0.18966087706342083,-1.6054650897190463,-0.43900595087122857,1.677462930312606,-0.4924460743305178,0.015807544111839433,-0.08675575054894435,1.5682397589196513,1.2903681221946703,0.8075309998188095,-0.9732423133725336,0.35918304919208,0.5679417430751318,-0.6986048355960544,-0.8705171058476889,1.70501414720703,-0.30080331221692885,1.6149768189111484,0.9970937554945338,0.40787678237532143,0.4525314363594847,-1.4004195603307676,0.20677477983441644,1.4170204129816264,0.681339503185609,0.1543366870644103,1.71193719581703,-0.18504072266080399,-0.6195556750216844,0.153831916078257,0.766467368111596,-1.717794095808261,0.2848686434904174,0.8103450155363101,-0.2696416252968609,1.1069647663026416,0.6411866624110701,2.141383118511077,-0.7506028975812151,0.8307098504960894,-1.0173239077974048,-1.615366451276726,-2.035530842817873,0.5383240223969266,0.18424791394410256,-0.4790510573617538,-1.773504333949613,-0.6903866261386762,0.004093007675456265,0.7931693667930979,-0.01653575024762565,0.25206034270527783,-0.3761323809741358,1.7492242025271545,-1.0182496443282278,-0.6992382172851277,-0.49235807399351306,0.542704397976724,-1.0388597897868805,0.13571859054799862,0.16491014342655733,-0.69435797073338,0.3299794609568569,-1.0078138987374312,-1.117074142461746,0.09960575652144064,-1.6597555854780628,-2.144802702550238,0.5328333007968004,1.0489699425911703,-0.4668031186925292,-0.6680706520977705,1.0055352259745598,-1.14553821799892,-1.3633726247211584,0.7076364237084876,0.0090381865123073,1.0648767392902379,-2.140265878777979,-1.400673991118563,0.0143320598441565,0.41767369848378655,0.8469970876894585,0.17481776880877767,0.16465515535856898,-0.3894015430301985,1.5909049049045176,-1.1030234554704978,0.3590201525559389,-0.9878088345880198,0.5347785458050096,-1.0370175693877663,0.7438156985004581,0.11210494682451708,1.7446391732586815,-0.2810196472715856,0.42496611624754527,-0.7796562804607097,-0.2878930064412945,0.10574947944435283,-1.527219922471374,-1.417623934184772,0.5998592998356451,-0.1460868215316796,-0.5929265330480219,-0.7369861804167557,-0.6984887957236937,0.11255071500822862,0.4450358641161897,-2.092107229625224,1.412834056769892,1.3417007629419926,-2.3306547635468995,1.0859266963227974,1.0552188513310425,0.0004454941875451166,-1.2971686218848764,1.0152280916650722,-0.24123106629735142,0.5488788438189564,2.2192012719617784,0.2518367506236188,-0.9168846917185619,-0.3357309949197217,-0.7894453602409877,0.4334897174485225,-0.8060675587498047,-0.47285142234964317,-1.2844303744075998,-0.13208700551914349,0.1767547933020496,-2.6847880471174923,0.2595735614802209,-0.045700231096779335,-0.7649919487561274,2.028628924269873,0.9584765276047547,-1.0964024861514015,0.8382368795711403,1.2444980760210578,0.1320209226175572,0.36144203694732535,0.33834666692159093
GENE0014,-2.516113906958543,-2.093670147800715,-2.2800371028923596,2.2922823902181255,2.688758968952333,-0.2976109621166948,-0.09012474099101125,1.0233855816274011,-0.1845846632453155,-0.6981955330916091,-0.2757021929208664,0.9406961438226822,0.4961649055979363,0.04426797334911382,0.19153929944483014,-0.559742473595482,-0.19394940044265363,-0.6633043217745173,-0.29477928429974354,1.3461782636266248,-1.07787181137719,-0.688717666422915,-1.2542988629357519,-1.4709087571875983,-0.18677191419529146,-0.6176091818007866,1.7616889307921924,-0.2828465461777933,1.2893968634300244,0.9680064749406335,-0.2089541552240141,2.110135582085623,0.26853398646480875,1.5130092660039889,1.3965968915812639,0.4146479851047827,0.7511308478058506,0.6240714151194757,-1.144261431391708,0.05729035445301627,1.0742472339446603,1.5261863173616617,-0.7206396718319498,0.5288313018130198,0.1508702132775345,-0.11787406458159562,0.35600262922502623,0.21799741066613734,0.5414075688725882,1.441716760950052,0.7841275908647004,0.31059125887270267,1.8646250568230789,1.109929595880336,-0.09239843860334836,-1.2171204023529052,-0.9878306809204656,0.9332324483156341,-0.6303124792529813,-1.008055477111948,-0.7580853266871995,-0.6873843120907001,0.850647667782251,-0.15674207578227609,-1.3723746002994057,0.031044897762356697,0.22226613244824175,-0.47933686144085164,1.1558850841927,-0.42093888569228466,1.1083376866371504,0.5967827796749764,0.9266055080444071,-1.0985508408063949,0.09831019223810258,-0.05282800457476905,-1.422006524907533,1.1050607298029094,-0.8174008969073498,-0.6095678288359828,-1.0133158355977259,0.7011863260703732,-1.5259297187725958,0.6178748004645681,1.0445139862434607,0.5371784276257605,0.712628483846429,0.7595464695780427,-0.9494243267257642,1.434734979664344,-0.4600762541334986,-0.06638761758997193,-0.33263731835095905,0.4915421208773093,-0.5380372431374223,0.06691572423736862,-1.235343817146005,1.1646652085015716,0.6707409459502034,-0.2922597619017695,-0.4691490300258103,0.6446282463176967,-0.7072933806359618,0.12536531576516902,1.161398787431406,-0.8112571191371925,0.36860082912020287,0.31572526693549224,-0.09733681866268276,-0.5037895841039367,1.214797056894385,-0.5975686357669662,-1.81203890112962,0.6405335916310338,-1.201303349767834,0.6918811448550872,1.3349032478434442,0.6297498783986742,1.0714113018874913,2.020049106929647,0.9667604626089467,0.3305733926254358,1.633948183523648,1.7547755448465847,1.7687717832594205,-0.4921435151960026,-1.354018358498404,-0.5531921834348867,0.7036416157931751,0.15915894533210567,-0.20648098517684707,0.5604813988049354,-1.4708050816732672,0.1411692986915413,1.118457644847877,0.5493156445582286,0.6918098218337286,1.5973727899525147,-0.06614328487366697,-0.6530916613503364,1.189515042665042,1.171120631033927,0.5582916747557968,-0.16037100058244824,0.0013796510079850618,-1.2767729521310867,1.1129465302072028,1.0776513095291436,-1.3116827504667838,0.8676320839061359
GENE0015,-1.0932183198750163,-1.0023049978006824,-1.7586565708079465,0.8008649859875749,0.7460400007484048,1.8199488505496704,0.9525983946489063,0.47369313673222746,0.5230790040023944,1.3308671803671674,0.8465180917273377,0.4997664384960225,-0.98026117629751,3.061946965406219,-1.1031827573082331,-0.3125427371001645,-1.6547282764099975,0.5387981587692622,0.15111043728480744,0.76527643836476,-1.739065631104434,1.1129056673809317,-0.8074354014696146,-0.14900519936386536,0.9315712686810645,0.2612666841318994,0.3319425566668639,0.7991788199053993,0.4287906399387243,-0.3411079025487173,-0.1664691282352289,0.21187867865182275,-0.8955560935463348,0.9960086593886697,0.2886539308074841,0.07477626792196859,1.192496559031471,-0.12011364321136973,-0.182420997152417,-0.4846287640039644,0.3430670089259352,0.30845010833151476,-0.6662842005099068,-0.17769397711340018,-0.659602268519233,-0.7048684538154905,-1.729897831726847,-0.23091025368155538,-1.7022132660800113,-0.4628156863395111,-0.6126946458776085,1.0518950572656043,-1.0149348063096417,-0.7611863848144755,-0.3815241391915724,-0.580143651502776,1.369254797421876,-1.1385673730496195,-0.37940449898584194,0.3320652491644065,0.8811833430420066,-0.38024155593020326,-1.9180996005037925,-0.15010422158550477,1.3520284761807149,0.282187407430427,0.23641786235993267,-1.0630179915769966,-1.1656715902886647,0.01804164863409918,-1.4263789222814078,0.7813622223625104,-0.8466462488663622,-0.02465728073149379,-1.885766918754242,-0.3938018684435067,-1.185860547130203,-2.3219564173418106,0.5418420893363174,1.6411595390915734,1.1294735893439463,0.6816906899038048,-0.4141211679455457,0.8058902285478261,1.223853198573728,0.13682182967129333,-1.1843601723120227,-0.49938429859137107,1.7026964883479363,-0.07474416815016639,-3.324755719911096,-1.4689234636701936,-0.42444870314248145,1.0358252384175684,-0.2731223524069119,1.0544316549732602,-0.5261623535474892,-1.9642925222356131,-0.4915611585980846,0.34494500154628505,0.2619503493413132,-1.2551077492566356,-0.3511962018037653,2.6846742380640736,-1.2332688262968767,0.6607233944637488,-2.0966756985697956,0.863791824569662,-0.8923253901884467,0.40208825820294014,-1.2915256017682013,0.2908528001767071,-0.9086502957414381,-0.7150481829666253,0.44198600639503066,-0.4303854763970162,0.3803814482163112,-0.19084131864335074,0.06749368124727499,0.44508647135340157,-0.3500184545911409,-0.9960497860017741,-0.5323122659297901,1.1951391798334359,0.11617308407654969,-0.8448984534104736,0.4015606083877186,0.4683155849391383,0.5199990757978105,-0.9778372003712856,-0.682390994285895,-0.6768292163870117,-0.3606479120661918,0.5389191851437345,0.2961848047310136,0.3752169571571625,1.354019142371523,0.6888909324916298,-0.1418016249960874,-1.1838851760524995,-0.7145470084708703,-0.26170506767822693,0.8291298273361137,-0.02733193410609337,-0.6561959548884432,-0.7328928857272259,-0.06957820892122617,0.8899875622171,1.5910193057751172,-0.20576859802966765
GENE0016,-1.945647418514538,-1.9889652176756183,-2.905812388410163,2.234447142557235,2.8171417055448926,-0.3653359530124707,-0.599366493840319,-1.1100035718859267,2.4100486494071336,0.2214916232783944,0.02128043710406337,0.8867323595545424,-0.6508327256299632,0.0018459552310057436,0.056336286812120925,-0.5121457323481332,1.199638079185914,-0.21865441149590414,-1.5531320533688295,-0.30149736352087375,0.24917867171389732,-0.8934932338876084,-0.8145947931704389,-0.5462590381260406,1.2212356600669605,-0.4871580226457061,1.429117018551031,-0.6149504381483357,0.3250141362565419,-0.44624267421975117,0.7540831702904721,-1.1182741545652792,0.7428594795772315,0.11386940030968377,-0.6399918167774491,-0.1662214847101506,1.533854941032175,0.13784450488078345,-0.7027280159126388,-1.2046932828281127,0.5054042734309971,0.19584524701068554,0.6950206950882235,-1.4622247396898422,-1.1722604528915,1.1468791992518994,0.3313416467793406,0.5334008512375619,-0.9626870321079533,-0.9809871983289186,0.9912586581920886,1.0383776547651489,-1.0883194870290538,-1.2793704958528451,-0.1085929707124442,-0.7993484533760062,-0.8201768790460255,-1.2513782464273926,-0.46843384828036677,-1.154694742632866,-1.0954009030092366,0.2983918465663045,-0.05519823428737651,0.4848786815321318,-1.6490334353493064,0.009880609829763149,2.075637542165838,-0.3722724842855991,0.8247490065722979,0.8160068487744233,0.8651986080012756,0.16666168705732284,0.5660859827442142,0.6990136200130055,0.6354460283143577,-1.1174181735133961,-1.7073844825439868,-1.553583543414807,-0.2701599923826637,0.5939267344226444,-1.1044112775115846,0.923970458584404,-0.5022751745078862,-0.4927552111940789,-0.8361069958796004,-1.8847863590162737,0.229314128434647,1.712667712838569,-0.06266452353256337,-1.8506316416948525,0.7803428116164461,-1.6247979901029892,-1.2090343969891855,-0.23833817231357088,0.12284343854019797,-1.0086640011668284,-0.2773160565659805,0.7151624007606846,0.8521788848080184,1.2514564218142645,1.9094186522934937,0.8098893216611167,-0.2167365144042404,0.8593137911229725,0.4667162340051821,0.5063669775262545,0.17721878507168543,-0.9120541021539065,-1.0280964078219301,-0.09711820107514263,0.14891007584637195,-0.679440922931713,0.4233419486085754,2.0807659040391893,-1.7443307192782576,0.5822444775637607,-0.0659746208908102,0.4506555553346548,-0.4307147004602912,-0.146059885047167,0.1295004510080991,-0.3016338835352606,-1.5205413173698987,-0.23391503064445315,-1.416433628196194,0.6531931105803095,-1.8655451010781223,1.0286543794558898,0.42956300020347943,0.4333886157338947,-2.1643098678478396,-0.3285994380915563,1.1535634286598602,-0.5186079790302947,-1.0780621499637142,-0.6366700950057121,-0.06827762263933808,-0.8513704503128111,1.2338172320892937,-0.06466752999039241,-0.5555693479479282,-1.3013435268355793,0.48444660527893796,0.4616662947113632,-0.7922089061846919,-2.2363290283141453,0.41076218957588423,-0.1868033912610023,0.33607116792566905,1.9571745336396382
GENE0017,0.8416940780899261,1.576588734303726,1.473559167460223,-1.2606279561496598,-1.466028405962466,0.053307420598760376,1.723465340067103,0.4990855654659427,-0.13480087150720985,-0.7065605788334728,0.2666727637833204,-0.9070081583826592,0.1798310795379064,0.4874139269048432,-0.21645222277144752,-0.6302864440651417,-2.185296847334906,1.1438367264203908,0.4033003902452816,0.4276172815847823,-1.5613523357772998,1.3798386997400571,-0.4652168666180802,-0.28879530269948617,-1.0692868554188253,-1.7869457313398482,1.157346311723567,1.2865973693976245,-0.16552815135332738,-0.6793845698063502,-0.3770441691342582,-0.3496149900355497,-1.1998597221795984,-0.29225521544384025,0.15310199293432541,1.018157247648752,0.01424416401371203,-1.5763517088994359,0.3535478631986765,-0.25593056166975336,1.3704096939838664,1.4294578020440076,1.4644543122672997,-0.5615879353732794,1.9898550733375573,0.3509425048957069,1.6263804056686328,-0.5026196138317597,-0.29859673760962646,0.27402735267208544,0.15187760961393976,1.2548119434691696,-0.23212931854845434,1.1646149903103564,0.7322345071326534,-0.21339221860714852,0.6546766174823133,-0.47326504683304876,2.3502058000057215,-2.664332321074447,0.6729432044950393,-1.7645959092770471,-0.22565670321806863,-0.08560808947124605,1.507633558913684,-0.6921522120768903,1.308011915661778,-1.1788166402247968,1.346669723754866,-0.47434544190347283,0.07343451924111885,-0.33637866311040404,1.2823634741156038,1.0877398432337475,0.44350172058452486,-1.151868384586774,-0.7150218680302427,-1.0285765255061254,-2.2481428867921633,1.2613181018500463,-0.32782352634269685,-0.33849396429229733,1.4961022334255598,-0.4759886023863676,-0.8404709356859309,-0.2247456205149846,-1.1326690518768963,0.3443557692879563,-0.37366207826417036,-0.5072714105938124,-0.5939031720203022,-0.10622149384201134,0.0834811255198509,-0.5199750884075218,-0.3587659360951468,-0.08152282681934891,-0.18241813553953884,0.031075966875013874,-0.6766708032480138,1.0045929091264905,0.09682817740951716,-0.5038467528248772,0.34438421737853486,-0.07436859881871455,-1.733826354483668,0.3409526902216264,-1.0195062023841872,0.9344277832313074,-0.241749638893447,0.7800702973910638,-0.6302185531976071,0.06992926714063982,1.2102435005068763,-0.2690165464148226,-0.5908170987358049,0.6550406137817893,0.6356615967509606,-0.5487491334148188,-1.9854610204177623,-0.610022977498356,0.677359521686422,-0.775034189423724,-0.010937837016195572,-0.657484937966344,-1.9321671625260497,-0.6754811770399278,0.6731320206897123,-2.3702524800658122,0.25216735047557565,-1.1860692313994132,0.6084420694741921,0.7143189358736531,-0.17194793491127605,-0.16966815878122207,-0.8063626971363014,-1.345583400104966,1.698092906333733,-0.8650714271711278,1.5677961311964723,-0.8595000398001769,0.5251903903377283,-1.1378071596536348,0.5233950169020153,-0.3255873571531219,-0.3125161606756704,0.6100231697844505,-0.4691413650790981,-1.4281484954450976,0.7613055634094525,-1.1459005899823282
GENE0018,-1.733276801637551,-2.1866981186061283,-1.85656273819435,1.7519757224203787,1.6504496060195208,-0.6958614201447756,1.4014290022660747,-1.1416718217393904,-0.37670042990356545,-0.20631480361932888,0.6052237010182555,1.1154332973811345,1.0527915569027135,0.22374831957430621,-0.28026910446356673,-1.8259842416276302,-1.3141458544552165,1.7666554892914357,-1.8360719875025393,-0.7844906432421096,1.1446062820500897,0.20971329919736692,0.9280450710056922,0.5428283512706765,1.4695825373608864,0.2954272865648849,0.6634477291515113,-0.7242465320583404,0.5863329755781368,-0.3961260979892287,-0.45310586798071245,0.8947235146471376,0.9016233760593639,1.6884421557461313,1.623263185486201,0.9173151613587754,-1.7204456102367125,1.8276809829496963,0.9179676706663622,-0.7658600900863026,0.7289091555627822,-1.0372657409627284,0.6186301201097418,-1.3162700410740993,-0.8082184087866364,0.7099291292005268,1.0728867429928937,0.32543685943381034,-0.28616863668797066,-2.1148662950169905,-0.20902109965135976,0.5334850768245277,-0.31676510593564716,-0.022577941094418186,-0.18561746791792078,-0.3217062178214337,0.07587738995981268,-0.27269458215246056,1.4432895536319423,-2.206418848383733,-0.5458425859710776,-0.8702562235172253,0.21911060003441002,0.07714478588312636,1.6221931015494289,1.9511420482977946,-0.7730834555704812,0.0005000650336295328,0.19630441692435538,-0.797813748337336,0.6283820360376229,-0.2395073687649446,-1.0676348506009778,-0.2795683042665431,-0.9976745727406487,1.0366468294192557,1.9015592551136702,0.2448193738945395,0.11127676805327562,0.1524347668741858,1.182234028938315,1.1606990035971831,-0.11565356854823089,0.25258992737909125,0.6526464071770783,-1.137687456550734,1.2126082374204565,1.7348318912272276,1.1650321048394572,-1.245593911614555,-1.9700004554188741,0.7087186735179315,-0.7601894489620864,0.2871333541229858,1.5351487200075487,-0.65695517639841,-0.3775546564089599,0.2767229725883162,-1.2975096399822306,-0.7578561960058762,0.024857503751269192,-0.30045486881775135,0.6084077537992262,2.765979614439267,0.09913833941812458,-0.8417119460380091,1.4182403547575644,-1.5888184753202212,-1.3889081710291074,-0.5951034386477235,-0.2828867205196255,-0.6190727365172086,-0.03151232442302292,0.274741902746345,1.068959535275138,0.0911882738437822,-0.5619462476951015,1.0146453864394118,-0.8177154757301307,-1.632602745687323,1.205956017904542,1.1418532448109715,-0.7922983922041061,-0.3990988538209255,-0.9169275453299295,0.326624217565134,1.7320492913680818,0.702881798595122,1.0357246425830327,0.8197283316910118,-0.0001191485590934855,1.0833404379113156,0.7450305629127996,1.4394457151531361,-0.4595489411617563,-1.7381116395453866,1.0452510148730776,0.3497695206060582,-0.2960461003212362,-0.24015281230749122,2.5546863259021158,-0.6421946525342711,-0.8533033068263332,0.08528423349335175,1.180490877972961,2.2784019865292278,0.6573649633895711,-1.27040874397943,1.970864270717799,-0.019468699077097074
GENE0019,2.163714000916867,2.5577159405034777,2.6379790143567132,-2.361474312033134,-2.0924395770981614,1.286503119071931,-0.8021545915096441,1.366154628273648,-0.5191573227936902,2.1640073739123564,0.5987390159931402,-0.9202385297763772,-2.0254180833204796,0.8089247222790114,-0.37418027599018366,-0.15556569452183558,0.7661960091741071,1.0104138262506557,1.2237103406692909,-1.1748413083829365,1.4258947496245888,-0.5790453361681495,-2.2562499347482268,-1.1784403468600457,0.21802509213256502,-0.9788142460811394,-0.08804446917604382,0.3382524875291783,-0.18138540310928583,-0.49435433785671684,-1.2506960629882262,0.02194380821533224,-2.064957387584735,-0.6859980417194214,-0.927784109060761,-0.23937685150891483,-0.2133297993092693,0.9599566744337453,1.5834772772495995,-1.1177788402369702,1.9928326252700297,-0.7792955995214319,0.17252678292308982,0.5108629891483177,2.444582752582506,-0.5422823377626642,-1.7967380129780532,1.4903794701929813,-0.8333735587954348,-0.36158858057559284,-1.1177496539261753,-0.35870377304891893,-0.8403915362054409,0.6764418164947713,0.08079162972197933,-0.6810551606146789,0.9958719766589276,0.25499675067459876,-1.8460482504440554,0.9197033140843018,0.1848678838526347,1.3907324875915426,0.12391742634264473,-0.791709350567595,-0.20429533330183694,0.8039193308807204,-0.7707370597008625,-0.44029678710755854,-0.2216885799990672,-1.1493716102158729,-0.7563234246285745,0.17255019180419026,1.2024777476530082,0.3171469847104752,-0.045861259369021544,-0.8312707739523109,1.0951604117202318,0.43350549994684245,-0.7067297635192396,0.8986484586849005,0.559577061510467,-0.8135303493662359,-0.10137825626420019,-0.4927727282429369,2.633537940031605,0.5317448831256588,0.18676205484824018,0.4726630560767134,1.3791625881974978,-0.08338014443846556,-0.5899092978657563,0.8442832280974177,-0.17494456600131203,-1.0698953290805033,-1.2646864317560584,1.5292965508395333,0.13164456691928453,-0.5895673839924012,-0.23433491104206355,0.8074447180083516,-0.29340551584204505,-1.4494197291774182,0.32584085214792474,1.2083478175735631,1.1414643179722508,-0.5593299381372452,1.2691726564583794,0.21294997367162288,1.2411473438787268,0.5736870300025537,-1.5215968426326696,1.7467389375083464,0.05178385119895345,0.5767938239138171,-1.3440446284718441,0.5053265000780651,1.1029277327426599,1.9353203365984042,1.4003997947952824,0.5542247039460395,-1.5443773533483862,0.13227279049742133,-0.5925095652129303,0.2349778748162469,-1.216325832795099,-0.2101669077919015,-0.5171830838060685,-0.5481663559692463,-0.5382361859911543,-0.1358547163882445,0.286194759048022,-2.498493587871451,-2.3764328563378636,-0.33869133992187517,-0.19776904470561435,0.18911121660394065,-0.7276723548562242,0.00946519402268165,0.12652320501805506,-0.7345580968654715,1.013455821741101,0.17698631145506066,0.5469610954632903,0.06884573128385278,2.10367310306172,0.5963970691176537,-0.4879933162072253,0.8209668843684006,-1.6376049174566718,0.1196002626671043
GENE0020,1.8049430359643879,1.7868541819529309,1.6490843920637865,-1.492237378524183,-1.677841876052322,0.10207491624738367,-1.1135192324279926,1.7701676156472728,-2.640897679343706,-0.3234378675446039,0.11038963910769706,0.5074209278332887,-0.9159247272624271,1.1342947938882124,-1.3938310438129229,-0.566128588607568,0.6207475552794239,1.0401885647927522,-1.4040012963810977,2.6450367904151584,-0.8974915631672096,-1.3121824775277826,0.502714891773257,-0.34829345358145714,-0.49605231253974436,0.5956440575697195,-1.5272956904278092,-1.7021343999747023,-0.5974233651432281,1.0779017394533252,-0.5540552934127837,1.5991566845286143,1.2010147611718904,0.2829461845074849,0.33972385937475696,0.2820026250168557,0.15971772868210007,-0.36624169747817953,-0.25018783320716287,-1.069960156592582,-2.21004278929018,1.1040706092820498,0.15725843678529833,0.006211355621786128,0.3984491228578794,-0.828397454793649,-1.001062213384433,-0.28368469367815263,1.3680984817638127,-1.1687410284931263,-2.627065356808166,-0.5214010918187526,1.142699916235183,-1.7325440243543537,-1.1802836038228717,0.2635467405781687,2.569907035475335,-1.3582116685261956,-1.396934091467959,0.33869836883918525,1.2046744399937044,-0.6240987123257102,-1.621394156122169,0.43374922088634593,0.6148413973029732,1.7786551265382484,0.6569471123242788,0.8280660763723794,-0.2621451438679057,2.441504342169468,-0.39814201058847004,-0.6119221214117702,1.8095149185186066,-1.47423727889541,-1.847408384527915,0.11955692459848473,-0.001736523275695409,-0.2278879815506622,0.9939297571216518,-0.9082061822885704,0.06416712562467415,-0.36010595263818695,-0.8912185001067509,-0.06184008396068339,0.8525958032951028,2.1205681204305016,0.5794189828989692,-2.5108350014014515,-0.038140085441648916,0.049802790902832496,0.9362090095799499,0.184810302489739,1.2530889173020765,0.39167061561527167,1.5587980694978887,-0.43874592004829344,0.1443434672966939,0.8266415353898965,-0.5721940702934435,-0.790012802081076,-0.629352099686685,-0.7492156170889224,0.5225619208753273,-1.8348080296345557,-1.555970026317907,1.8627464923572625,-0.7250967209741775,0.20001485117174814,-1.4891464178991283,0.09412426778927614,-0.719006667681404,-1.5630894981604142,1.3369204375647132,1.1825657270608714,-0.10735479071401643,0.9994190326779112,1.90329268772716,0.7540759331580894,0.4796797395099632,0.1989496964833095,0.6494973648592396,-0.36391939348963653,-0.2766358691614466,0.4508913752125149,-0.47386487015952894,-0.3657996727935024,0.0001866646349733769,1.150607550593069,-1.1326637535596475,0.7591785027052609,0.7917964128034704,0.785812009296809,-0.8067463802094889,-1.692681615510937,0.5597004724114222,0.187538784413962,1.0043766347631322,-0.7005368280095384,0.7601183762563611,1.0544121122194114,-0.09530972104935061,0.41692950326481654,0.38196645752409497,-0.8214695290296501,0.5310966022846075,1.6224983409010136,0.022203934542636587,-1.4609249386516574,-0.6872265309140099,-1.7794294488516276
GENE0021,-2.0804228971971006,-1.9623454133907685,-1.9011437958727344,2.533270503031192,1.8968589078801208,-0.6382769656971474,0.10940759902005842,0.07575934319837979,1.3414319753737025,-0.6927548576980426,-1.5081878543539287,-1.156978475142292,-0.02302485444650096,-0.7286780669457907,-0.2920085455130258,-0.4540335803194438,0.9902384537051827,-0.5869656870923221,-0.3773420769478101,0.7172835811587757,-0.564981911032076,0.42321237445701776,0.3314852620217588,0.1417658589610795,-1.1343963827064898,1.229774224521937,2.220683796583114,0.008828138267394708,-1.0463548733703751,0.029102708325022607,0.9898601405859991,-0.6151876757156072,-0.12889918411818965,0.3406541364121413,1.2030478522059247,0.7754237330893744,0.8168679695322622,-0.4262685566764252,0.40191895517392295,-0.7219633271251292,0.8455260998852114,1.1512196407856137,0.5533635687726227,-0.3674105867948155,-0.20372712804159823,1.8065162106620096,-0.35071044462349615,1.0499941674505682,0.3388915982185217,-0.3341364484598427,-1.3446490274694252,0.21160038058850683,0.09110086660612234,1.8065346714593336,-0.8601926954224983,2.2947685915477845,0.3788105294965933,0.3778292212221578,-0.5930721344322301,0.31470630755446866,0.4730509282332128,0.9373272918208769,-0.978322207591943,1.4067808557880386,0.36141552377197955,0.6082288953073121,-0.22094226150476054,-0.9281426382790505,0.07272462740328739,0.18729554982321833,-1.3854282681144907,0.7932854051651251,0.9965246338965807,-0.7296646238211267,-1.0225853502720914,-0.302961376874301,0.023895096986299567,-0.2641710099153342,-0.060917832770783234,0.2214776976759162,-1.368268938725629,-1.253295627303265,-2.7222777409231447,0.9425452284534718,0.015227020617449225,1.0478511314651566,-1.1377379958113922,0.024407339533162126,0.21482650611660128,-0.561782494830015,-1.5534277984667928,1.745871336135157,1.399283341270051,-0.38193227172536476,0.5102276451696075,-0.4847906763568931,-0.9954036030247475,1.8272615049570138,-1.6553688814058016,-0.2855036969711149,0.08432382724223389,1.6512365786872862,0.8965886542360184,-1.6722497745673186,-0.0027502410341822625,0.021060198364359507,-0.2283383352994422,0.6198091075303009,-1.4091069277559771,-0.40863591253667014,0.4788187482130753,0.6795756851606412,0.1494194735091969,-0.28839220030029905,-0.11994127362647256,0.7404071223772372,0.03390078412545998,-1.0418475454405287,-1.2334975839449034,-1.4896374214361092,1.4555808184893537,0.8074618356124449,-0.10648788318054717,-0.45379248516408377,-0.5739300079673577,1.0932371075822098,1.9044335081747408,-0.6053929239275391,1.1384155206557094,0.028012915358889258,-0.21242892991046652,1.5042142828299232,-0.01016572074277691,0.2963644392546358,0.2482739329114458,-1.6255993666594517,0.2884111487160616,-0.5626920244402328,-1.4211531401456212,-0.5171370804487624,-0.5253888696369459,1.029882539130331,-1.0637896161020317,-0.7898474390492546,0.23538826054801248,-1.3257937713542476,-0.6590067582323337,-1.6644767353332222,0.9200114600053961,-0.30136312044018576
GENE0022,2.458012783644698,2.0279860223496327,2.196084541313298,-2.5336115466999067,-2.470335293451043,-1.0585037209958124,-0.9205828940058789,-0.4924903908336654,-0.38479553417306533,0.2886321508983798,-0.8912169480418995,0.31963267591747646,0.48500129152322796,-0.4678221828322661,-0.8047245724183811,0.08507903197998995,-0.2029174630104449,0.22035182927354544,1.569866436259967,0.06863704842771541,-0.639230561280132,-0.8908896119420586,-0.8522016313215837,-1.4627663071111208,0.9327436083455788,-2.2332788193557644,0.4881048177193057,-0.8680639066752307,-0.5124052146241178,-0.8979876415443887,1.4458646596420308,0.01631560168577677,0.7903785250428523,1.3005268585960061,0.1634054740224038,-1.1956237708552124,-0.22064275011577214,-0.7422480135662024,-0.503504161887299,-0.0946237926492889,-0.13415564209226424,0.4121091610202864,0.5573042937804867,-0.13414517626645758,0.40346891810791735,-0.5493598549354416,1.3147798255965035,-0.5655112882176463,1.197186484622428,-1.4760670917717218,-0.38040725741084613,-0.3309781736136056,0.27899179474847396,0.8618168032188236,-1.249395203059528,-1.1079830420429075,-1.4019080677162379,1.3201841971984174,0.29760494279712235,-1.0843712084571229,-0.44309487395607067,1.1817613956614945,-0.2781192303112381,-0.3371881377911729,-0.7812967068230585,-1.0249923138187629,1.1833238104431567,1.6739015887420603,-0.9851944027873477,1.4049423292181198,-0.4873894162901053,0.5336479953688871,1.410213804814408,-0.14507659570363216,-0.3279419202673591,0.8010809637881857,-1.109952837036249,1.1470613778404304,0.14280939244258323,-0.5777505081541768,-0.6041676033158545,-1.3834625118283659,-0.5361721666239897,-0.26403776199440115,-1.0612935317114818,-0.04546497612900444,0.47291708452549563,-0.21347213599941883,0.6627258265192667,-0.8071399829793362,1.0033827642199402,0.12181470577485806,1.5452571697547433,2.414217312238733,-0.4702435923032813,-0.429063876901458,-0.24624212194871742,0.5957022501755148,1.32596997047509,-0.6528084841698033,0.38124426647807275,-0.13592728985576719,0.6181091025405885,1.5094576934076902,-0.24032823743301487,-1.6698676666737307,0.7439016768802931,-0.8327052186054525,-0.14311573696377775,0.7870308368716137,0.297394853531108,-0.10172002555304499,-0.575881712458321,-2.899893780274999,0.6983208157562021,-0.25295169922576405,1.5133362783557256,0.3980280299618697,-0.5411253725348428,1.0668700883760402,1.1511294059581902,-0.21903181435247787,1.1936448655732277,-0.5553080553860471,0.15964776940790298,0.5714083877187804,0.7847815840141892,0.62152184861589,-0.3326571805631725,1.0936976406914414,-0.12442732310641852,-0.5690273622751935,-0.554337967313331,1.939988391476335,-0.7419834280919447,1.2916352267604467,-1.1354666958101698,0.4879054450741863,0.297083451490835,1.621226879726228,-0.6544018951685149,-0.930664217960387,-0.1165103783469821,1.6648018292404523,-0.8841584799437681,-2.5884166322041997,0.05976783737328261,0.9495229179610088,-1.013805932639863,0.847932173353264
GENE0023,1.1899840662351964,1.803277202640911,2.3929685629412276,-1.109305310423576,-1.2825026307380425,1.214973511292237,0.4739340992113509,-0.7206260575907678,1.5187183527167938,0.6583925119224902,-1.8604479999243069,0.8642436147342264,-0.5713742524172769,0.19656354764246445,1.0080040042932596,-0.5496045846648339,-1.645592614041814,1.5055451919058283,1.1645834712019478,-0.08725601318294572,0.8534214514921151,-0.3693867320636845,0.09697017676084972,-0.14428794263673994,-0.32894408535730224,0.3593025800857549,-1.2081788236455882,-0.2515808307655791,0.3144794724834049,1.8381007079616358,-1.167534215312696,0.5205530577324272,0.6301487764278614,-1.8767187306827366,0.4105320144092518,0.8802850789837808,0.5886526793824348,-0.08392725487267538,0.3332400365224288,0.16984469724903012,-1.6894573383151947,0.19332032475446598,-0.3670704059816724,-0.7048221709979829,2.484969953586654,1.2526157196195573,-1.1501720603143877,0.346636196565839,1.4580252755643248,-1.4961991540760018,0.07698314140715402,0.12407272571949352,-1.2744928824990227,0.37955030461222966,1.1162463905181252,1.5080475914191533,-0.24936410162594572,2.501645035135113,-2.057966753396755,0.3562167098144623,-1.4122943199298554,0.09018263749689953,-0.5219067501050294,0.5068774563905613,-0.1268807141021942,-0.8259841780265164,-0.7602909475639799,1.9324594974495528,0.443523738462415,-1.702128706538388,0.5507877351167638,-0.1946766623579972,0.004601087097138987,0.819888153981797,1.183227173712846,-0.858812727920689,-0.02974165415538386,-0.5461110027385696,0.5968621810742627,-0.2323044937361695,0.02925147970187543,-0.2702767610101646,-0.10611951556933184,1.7046510059281352,2.390766164767724,0.3770920937424761,-0.09996977981690322,-1.595636760889683,-0.7604181998113736,-0.12673603578590625,-0.7150632206374263,-0.6099007628719224,1.5753894740561654,0.02879081373848167,0.11821199140193689,-0.6741905603382268,1.177544724769586,-0.21257862798856803,-0.5208636651508562,-1.5807508173094416,-0.06110191375136612,-0.5520580017774016,1.6845797460168992,1.8438986920019504,-1.2352804947662746,-1.1221532378809973,-0.2763196351264478,-0.8160378953942717,0.21741657568671346,-0.32662348908556743,0.28053234055525844,1.0160935216469669,-1.0642215103355075,0.9952112224773986,-0.7286524143201769,2.1484828491487757,1.6209759662493883,-0.11308033588623528,-0.9635834445300414,-1.1548659796745833,0.87362850207453,-0.030402766530498528,0.9268668857519582,2.2042289692956403,-0.7703829387161236,-1.230138243758088,0.19256023453262594,1.1447596114522973,-0.9404602897857572,0.03462473875924609,1.37004366117099,-1.6328778384903724,0.2353179614390995,-0.5401030935987847,0.12415659097130305,0.709784290583688,0.22080850788809125,-1.010222402111855,-0.5012461382334787,1.4265929803244661,0.3289328939240983,0.8403191275848484,0.2502953101830424,0.8091160682419203,-0.3961460899373217,-0.7675116467674356,0.7636977158480469,1.127374010445556,-0.9142813107966419,-0.575944811423728
GENE0024,-1.0105815123793234,-1.8201114105927134,-1.03216459798922,1.1454125732040512,0.9181997271025027,-0.24587875575043416,-1.1732695560039301,-0.10479191689472767,-0.29003743960637235,-0.3616325236171589,-0.407381367381811,1.4713935483488034,-0.36370311610051537,0.04967105630026454,-0.05876471227672918,-0.505016850367336,0.07950473236769778,0.06535059609776332,0.07975652689921599,-0.8592331420964212,-0.20612450725264117,0.7603218753498576,-0.1798166313800403,0.16178191260125813,0.16703700072635513,0.41739513073391704,0.5586509150138106,-0.1741506097492205,-0.9113353030920964,-1.2187153286748758,1.017686412736359,0.7702504479710663,0.6493646843375265,0.8112035278626736,-0.1615559836258885,-0.6248764177655501,-0.980407409798038,-1.0893499965854994,1.212158688550331,-0.49314485575414874,1.0548590692108868,-0.18688583038065085,-0.676241208242424,-1.0943647975501434,-0.5881543569877504,1.4182387829062901,-1.0842100797798124,2.1167468214796505,-0.8406074274696438,0.7499499706512455,-0.14525129425498856,-0.32055958252618555,-1.271420777125136,-0.09839298275123809,-1.1582859963660044,-1.6815770997674404,0.11959867821744911,-0.6354231068357553,1.684348516124981,1.0000217150928223,1.6974321813367699,-0.6808829045078987,0.13613774013128735,-2.620670959681053,-0.281802380686724,0.09849834802468097,0.1540480777017721,-0.04236841054167293,0.06659257175166802,-2.7132426341634117,0.2562218360819781,0.4834398919300388,1.338025402628851,0.36873805927693065,-0.13073706671323823,1.1049419222309718,-2.357334224599479,-0.5149485306271437,-0.7658099800587114,-0.03452179983131104,-2.1986928122291647,1.3196356622437186,-0.249809899684246,0.3187966911589339,0.2230912250598942,1.2624898948769503,-1.8619501348740473,0.11232116546981238,1.1461782607048603,-0.09798644672069134,-0.9512693931383018,-0.6038901156557858,-0.39294200180640454,-0.7210500295229891,-0.15281111706735942,1.5082474031850017,-0.5973647655374826,-0.48767397427899917,0.45978058405031313,-0.17482036396387599,-1.3291851333448825,-0.06118843777902161,-0.0988914323969255,0.9756783454381532,-0.9721523982026613,0.9823194827554433,-0.09783081209994353,-1.1079416709149958,-1.3087783120769287,1.9343885279085298,-0.1599160228354403,0.9365041167304881,-1.7081193946081297,2.6376948879639013,0.8932446283671284,-0.25544021415520907,-0.30616585785550987,0.7345981283029958,0.677181686725047,0.18252928039743874,0.010878758202230474,0.5610670840259165,-1.7417035530801772,-0.371274712614253,-1.646863858292846,0.6045923447025049,-0.6758139710333193,-1.5715780786791778,-0.7937865240189697,0.14935620146578515,-0.20522838255581016,-1.1731565590327733,-1.704868601730616,0.07393278703050211,-0.5807681067504609,-0.25808070986405085,-0.1596851874882997,0.4300656871753184,0.8469465017699129,0.14650920095844308,-0.32046254975964383,0.024763538095802742,-0.3392369672596214,-1.6425533536331212,1.091946171289575,0.9034388624878038,1.9883339935805964,2.280499306477608,-1.1760201322527604,-0.3353999203788284
GENE0025,-1.7248430418719096,-2.0427786048754606,-1.9861113615195305,2.131189907543579,1.8110647066007466,1.931940374759089,1.2866258101035284,-0.6099846215185434,-0.39631636656841623,-1.1309002924942633,-0.8511631402497059,-1.9102119287864698,-0.08481967465974273,1.5101106799304107,0.35543192409374935,1.3662389899657323,1.0732494009259983,-0.5468080895726282,-0.7595066614064485,-0.7211845568514555,-1.7170619484420488,0.03233023279557462,-2.904464396577087,0.591415509286386,0.07188093571887483,0.47143986649484004,1.0570162829481353,0.19879458833885358,1.6315717376547558,0.62194581095221,-0.7571268468160501,-0.2377110421458789,-2.2612910267501367,-0.902190440472166,-0.3809964059333908,0.5462736095576659,-0.750361028541811,-1.2462640139344305,-1.887531903008126,-0.5964175185933182,1.9508518023679295,0.2711070348970328,0.939579412355179,-0.9000542326642493,-1.5734497601022186,-1.2210774640880675,-0.09713110915763724,-1.9941288434792566,-1.0065904164097708,-0.5863606859712936,-1.320925306063301,-2.1236830173248293,0.2896536982097579,0.04587144488456494,0.7790298676301294,-1.1104257492524425,0.7599227430474714,1.5293041944868857,0.2622147322368549,-0.6099362944466604,0.1450806495092439,-0.6577873892955772,-0.8242835576787516,0.6832603895033258,-0.13905031978719873,1.205095653450029,-0.44242298924357004,-0.34117458067001094,-0.5665109952314721,-1.1201834386872052,0.8144248986165911,2.1857116646141543,-0.3822272385661518,-0.6804959436750062,-0.7453234837070906,-0.6797332276003801,1.6497836862408017,-0.7184805197598915,-0.5852668008895399,-1.240354252150972,0.2936487738630704,-0.0672295621509868,-1.1371787758025602,-0.8928295973180795,1.5329333705355574,0.0327077562687679,0.10168539544729768,0.10565382502606138,1.3946253882111763,-1.0452143623207104,-0.3963955201764545,-0.16896520666251094,-1.7211758252897242,-0.9161415165813434,1.0466748272809374,0.7602134963301175,0.9370668751020312,-0.5890902225314012,-0.4656952401188365,-1.7880654950380328,0.9319345423163097,1.096652268766096,1.0839209665356082,1.6040912534772398,0.4221085934899057,1.5568818365466923,-0.20047460915787838,-1.7670103650055502,0.8607246772401177,-1.8038891260086956,0.1702020494933653,0.9553238021242556,0.324258796035197,2.2782430705822754,-1.965928994146978,-0.08286067253591542,0.017455465252655834,-1.3441028161824136,-1.1537327907242856,-0.8451286108266001,-1.0996472940492623,-0.10799465016386797,-0.6029649001521598,0.31790838409567507,0.6494304662030627,0.5817789597188892,-0.4101262451847562,0.2844756294644722,1.035128916176733,0.4455645812774899,1.8589776944434202,0.9821789867666879,1.7184070726484615,-2.4923431279300647,0.09667612114023226,-0.32393250095221826,-0.12497973031421516,-0.8049594201041393,0.39619940038417967,-1.8083564324174126,0.40343686287129077,-0.7717112201805404,-0.5003860901204341,0.4385017695657377,0.07877772786633341,1.0539209114064536,-0.9695035058459894,-0.08070565221712739,0.888773117011151,0.36119974375139846
GENE0026,3.2439710353570486,2.1385752776754066,2.646778622166017,-2.701293547440962,-2.1986379049311564,-0.14943148601108933,1.1222035676977153,0.3697734371150561,-0.6233506802902617,0.3383840268111418,-0.9026996642225333,0.9469284683570564,-1.3971523065481517,1.222065274196185,0.32087651118457716,-0.16456096962267408,0.7633341509338765,0.511326644162355,1.3303816856580606,1.321061738353467,0.35229044416628635,-0.8717706880415772,-0.5415090004462412,-0.07164688581164837,1.0817216943950938,-0.45638646133747546,-0.37294052043013654,1.8483506292674268,-0.10429851137772668,-0.6347318902666053,0.7766460283941474,-0.056134282959584794,-1.3895991634335654,1.0409140828073737,-0.7470393206992747,0.043585598389575965,-0.06813911378735642,0.23010117346986314,-2.1910740725646645,-0.3350994787992345,1.1248370601157018,1.2654455198916539,-0.9912903816403211,0.9205982427118157,-0.761429754425584,-0.37453225938728335,-0.3219843664592515,0.1088037097054082,1.0013664562908624,0.26458453602911114,-0.12613176032384468,0.9673112330382155,-0.8026613902337145,-0.07721744346794951,0.9957812283775287,0.529306211790573,-0.46630397744491264,-1.5129567666002675,0.31085819079481136,-1.5786752019029893,-0.21250136469116512,1.1789483992366676,0.5967586463018494,-2.023653978012167,0.20045150434031708,-0.31916991460259436,-1.2737174007254495,0.3350212958021024,-0.4917378487907272,-0.48553403863949773,0.12404511842672028,-0.6258845309014845,0.09573583386656329,-0.5933248896299341,-0.538461460622542,0.992929769295528,1.0946716363802766,-1.708654247142625,0.7470728438465525,1.3985910046261056,1.5573768174035763,0.5203797258851188,-1.0573978577438974,0.6299808403475345,-0.8692523552159166,-0.3429651661566541,0.3830821570448189,-0.8047593466187392,-1.1464003067177844,0.46577331849082326,1.867224204312315,1.2432343304794637,0.7071861850500949,0.9791854355897333,0.6377194971819161,0.44990022940939284,0.8986178395986469,-1.3683630920540222,0.19948529944291313,-0.08094820624384338,0.07890283114456365,-0.4613722147467896,0.5204878447742322,-0.817928009687607,-0.5338549293920343,-0.6538799136521003,0.8639466372698691,-0.011723503209193423,-0.460832339796763,-0.3734296950161807,0.0038806166804070605,1.6221749188698538,-1.236520336346672,0.6755099976797855,0.47186233803100786,-0.8829653984467758,1.4668732901546866,0.5392804508806763,-0.5077333032297566,-1.85941332594626,0.22914683449911255,-0.04474558475598321,-1.0307129312661192,-1.0436144101356368,0.8685098671195047,-1.955694907320995,0.3142827550730362,-0.1874369753108615,0.4971548283534393,-0.29430500986020125,0.29327496526031455,-0.7427748445287092,-0.049204916173368494,0.4890838781507426,0.15087187127547017,0.3803068424015443,-0.9279212994516468,-0.590674561884852,-0.5733398392159452,-0.2764897555867528,1.3585828696178281,-0.35417875553570094,-1.1435594597655003,0.5416456878505924,1.3466434314344815,-1.2612118518523092,1.97281075471809,0.4151766023230718,1.0338907890683908,1.467071635043315
GENE0027,-3.137889402644836,-2.6676542433596286,-2.6749731435610826,2.8102707491849843,2.710967912538062,1.199875483780683,-1.0908965899727685,0.7943011319770064,-0.18189191851337158,0.13819063678401483,0.12709274884279767,0.08697021757535815,1.523525312229039,-1.3664476268940633,-1.722343356869786,-1.9332900716655732,1.0691442639359137,-0.7734374918676599,0.13218646951488633,-0.11471712412457906,-0.88637514063998,0.8514772375556987,-0.1274629682173845,-0.23773507703838478,0.23287130774025103,0.7207720848382171,-0.9589762435344478,0.8729183473332867,1.4498535197733495,-1.4261223687611762,0.2782989791278315,-0.3049222123573273,0.6992305807201401,-1.2166592125268512,1.6289382256435756,-1.6078948064290692,-0.24428093977653406,0.4342960759953601,-0.686336846934825,-0.8434015484570375,0.22223563663052404,0.07775991999108028,0.00593816941514957,0.8586885114656261,-0.3944726934280214,0.3195926497950045,-0.5066028082758148,-0.849329485829408,-0.28475862849001854,-0.4987651871936316,-0.4488038011627814,1.1653274178021615,-0.2541034540355542,-0.6629066722798649,0.028078774047990595,0.10422793912840751,-1.1868812295940714,-0.29840627192384356,-0.3386843240985971,-0.1721442737084734,0.7255283730379855,0.1366718711628826,1.2279373473853306,-0.01166035588881546,1.7760872803800642,-0.46077501373165286,-0.7695623811651242,0.5473026747769738,1.3640819374650175,-1.3788033045852264,-0.19699064821431514,-0.6107819450858708,0.14285101299207983,0.010017923499404696,1.345381247627721,-0.10840479287478322,1.3747840989702291,-0.31510033601868576,0.9264818751052164,0.22866302813671915,1.7298853986834446,-1.4770148628144282,-1.1638577177598246,1.8316222846583865,-0.7332650934863538,-0.6698033580758616,-0.8757235854998543,1.1484459565337237,-1.2534576132251245,0.02245041227766096,-0.2656218217805378,1.0365155835044346,-0.5636826623316449,0.4152725791132739,-1.1712161733772697,2.2739410386772008,-0.23959232465370883,0.008763484885367153,1.654754358850542,-0.5866727743052094,1.6673823429386165,-0.41147117413796075,0.6716981838212592,-0.5726816401592988,-1.3560364451447344,0.4145943505406158,0.6399034009835328,-1.3158857423262387,-0.30705831890871205,1.2007589615369068,0.6001189507966102,-0.3952150017840508,-0.5975257016344556,1.9482443251347765,-1.446932069802858,-0.05919857440860258,-1.4646968736939443,1.3148146448442812,-0.007123612208336721,0.1781740847694348,2.768892309627609,-0.5934726757363933,1.7485759140585337,-0.3907319144081885,-0.23351245758489844,2.6381752566205994,-0.1610903772616734,-1.374371404295248,0.28191878812631216,-0.1727368251670042,0.36709584173386034,-0.13359779332776944,2.2155446162047645,0.5567358388359357,-1.074964627725818,0.12454680202385442,-0.7996298241670389,-0.2477138425029538,-0.9104407105668227,2.1071185232060228,-0.6913846151782217,0.6875643519941369,-0.3234794218766272,-1.1584131725727902,0.1976493028995068,0.4006918370857067,0.5586265327545139,-2.6222191545409426,-1.2348457136690911,0.9575547190218846
GENE0028,-1.594789483855221,-1.906535917112972,-1.3088976253441125,1.8555568963686775,1.9571670179157503,0.7319099061723667,1.0325568123535973,1.5639001448995327,-1.1740741316089747,-0.7886719311513626,0.8975435703037948,1.1302197718374811,-0.6743429535719255,-0.7438860653255841,-0.6522134899305057,-1.605094964043946,-1.2714111821740754,-1.2472926450301534,-0.29409847380563336,0.2708365158339546,0.43347283164237227,-0.508562253275681,-0.48398711628087887,0.12366149515126128,-1.496014557149427,0.9594405320830891,1.2853852790142708,-0.6255806376880398,-0.3984361593487791,1.2433122248451696,-0.12305159098989943,0.5882454459516296,-0.09230539380077397,1.5563073884802743,0.49007962825149565,0.5476557719191922,0.5663065387335868,-0.5551137363277123,-0.4632391369225352,0.7692456395599749,0.12641282943361754,-1.177611007811773,1.8731044246247803,0.9780718672970998,0.03762632384501897,-0.27350098179996507,0.19867585753008277,0.5175200991574272,-2.0330007356700475,2.1123497094857537,-0.7898843091669199,-0.0019056329887571601,0.03486688277914605,1.9968502186888513,-0.08812384100669465,1.5885072943536291,0.40672746946111393,-0.9618848622059493,0.13470746810280448,-0.11850872171491235,-1.084070484904229,0.35772276947224163,0.022102749849855868,0.5564217054585403,0.19335277959831482,-0.6511028970140703,0.7683339922903146,-0.624398280253579,-3.099670522783271,0.12865294795421686,-0.5540737272339897,0.38213050439663476,1.9988717359397143,2.027739693148058,-0.16512292222183975,-0.8265151712460557,0.584683281917922,-0.37022559186635445,0.39177652234694255,-0.6608607622268543,0.2506924160227523,-0.8119741522934762,1.1842534160314664,-0.5899776907526124,0.6611025357349691,-1.264767283185519,0.781173856610691,-0.9663840692682004,0.26117680697450923,1.0232009733479865,-0.19998289855677934,-1.0291669107459331,0.49681250713592134,-0.840981398986548,-0.40424559919722874,0.2654626594957273,1.3606760361077053,0.02655335379946882,0.022857509845123507,0.7375128936228513,0.0503718966729968,0.635530199832898,1.078533546062947,-0.3277371502679994,-3.2750106339134555,-0.8179270935854663,1.208682010835303,-0.033764781397654105,-0.33913027092789905,1.1667849932032077,-0.1013249162298958,-2.092533205749156,-1.5053020610083434,0.4186480208169058,-0.0668909415947264,1.454656478829222,-0.7332686838041768,-0.30950076200379456,-0.8845030730600199,-0.5205941776804528,-1.8919039012536238,-0.3856846640505317,-0.05186886376990197,-0.13633084246568394,2.1495532637328094,1.8334845771769812,-0.7508994709610854,-2.043936694652596,-0.0992003529315567,0.3765101381706205,-0.8604840733828353,-0.8109756339257229,1.5825549693125323,-0.25755157114530397,0.6622501856957386,-0.9303056978544451,-0.05694045872479299,-0.33633835363451275,-0.675373238803288,1.1553004115216927,-1.388877009633014,0.30005682551128954,-0.3551216554904988,0.41482448203587435,-0.3415766322183575,0.8671930619189393,-0.9397025982521517,1.157553191675312,-0.028802694674421554,-1.3285025290151236
GENE0029,2.283378038737952,2.3380851791999637,2.4301019098434398,-2.698439207811955,-2.570117315631707,1.282135740360131,-0.3783518825997664,0.14531805532573783,0.05053634279291149,1.4898026315713533,-0.8104885823733168,-0.46465945220454163,-0.8347203094498064,-1.449150523112887,0.24778718105208195,1.6012983317775875,-0.19848445851506097,-0.8818966215431343,0.18685970223206844,0.5891181787726557,-0.1563631374365723,1.4035353319541772,-0.8123618942875219,-0.28696963651236274,0.29598790484296195,0.39296375261782707,0.04722809229816076,-1.2784199223571482,2.3380114042063296,-0.23596991504609993,0.11026751858465678,0.6167610931729804,-0.6365053626495294,0.05692642087077602,-0.6771902376532944,0.4155507414742308,-0.2760226485555694,0.2687185273046684,-1.0465373464856016,-0.8289164340062056,-1.365140676856802,-0.7105300793262077,-2.57352424369814,-0.3071002056878268,-0.5342402719629263,0.15091096362506948,0.044607724434289384,1.2570797684810704,2.5943101847741112,1.1375390131506349,-0.45310758937508794,-0.49339074970988994,0.8686630423557151,-1.6833446945728323,-0.31520292616347895,-0.23815293504385798,0.5841314848188115,0.6138663461407804,-0.7445605403930292,-0.414372661705184,0.44510425483270666,-0.7989206559187648,1.206118434774283,0.609175233440241,0.1715095481948434,0.3909405982809195,-0.4668906169407998,-0.6262914221876187,-0.42472221613872096,0.4999666922598495,0.20101498070865345,-0.42271445969271,0.7495817433076553,-0.17394642233615382,-0.693310745589168,0.2543415092985207,-1.0130295116228378,-1.6872237499357012,-0.005104575565263934,-0.6574137937108836,-0.25415435266984954,-0.9667329181444497,1.20893213970257,-0.6614927439281383,-0.4319993781708099,0.37788326758323426,-1.376614298322683,-1.4505497732487043,0.3809528356934129,-0.44494763046216945,-0.9014951068941558,0.6033731729473202,-0.811921659107993,-0.2745122995489245,-0.8961304679725128,0.3034371862498239,1.332076192716774,-1.8610399293321147,0.1126576887506457,0.8565884418863505,-0.4214777473057731,-1.1310423742958853,0.4209635271274037,1.0016535033771001,0.8905221776454686,0.36590933791482744,0.09791373760864185,-0.8990125553843011,0.865244950343942,0.8099568133525075,-1.138058318655267,0.36447972784649113,0.6528238755197853,0.8821137720755067,-0.07498961912722062,-0.857567574146144,-0.5021161798640451,-1.0072498584559615,-0.05106066511498226,-0.24688539656869044,2.145036420768707,0.8946771424381318,0.969548066889097,0.47135249082772884,-0.367317646668518,-0.2753899588180738,-0.18386929981662062,0.18823327270113394,0.38916981022344826,0.0007086276805219297,-0.2905984773431332,-0.5941156304879845,-1.3926487577832536,1.2833791650466513,2.205529568265414,1.199336780928251,-1.2590656259307462,0.7870165696408917,1.0237763016208163,-0.403437698621358,0.48892723963902884,-0.45630303252261956,1.5289289948137401,0.3653709222153139,-0.9171554913710485,0.6698080980093383,1.0587806734902474,0.1981316511358755,0.4794416917432683,-0.06975342922879786
GENE0030,-0.5447771271336777,-0.05102031839680132,-0.561035332364362,1.186176821420326,0.48080982326893984,-0.3921815611975842,-0.32659082745082735,0.8311199979939045,0.22185251680304485,-0.4117215811555918,1.0338053760086243,-0.6887357179505279,-0.7269489590173489,-2.8294488110640743,-0.5539685485774473,1.3087166789222824,-2.072292686172439,-0.9519201402292174,0.4390685558901699,-2.2448667738927277,-0.5106986135097646,1.1408632156107463,2.043025801848989,0.2902465656670324,-0.9264670182411171,-0.9601287386482825,0.14490796933090405,0.2809633211650989,1.857928760058249,0.970804852537203,0.08410648788849061,-0.3352072532594187,3.01471170930221,0.6265947999958954,-0.668751713577545,-0.2246229235914776,-0.8774547400031002,-2.4045495258503897,0.3126509912073227,1.7824542165573145,-1.630557202247304,0.055262595879017724,-0.7069047791375971,0.5215025255698525,-0.17233015672456595,-1.360054654417601,-0.9811037139497356,-0.8303005319842076,1.3443182079872078,1.293259276930151,-0.31134788711269756,1.2278034334513466,-0.17318383939617413,-0.3266627584501871,0.057117840551174894,0.2848252786236364,-0.5554447928650015,0.02186574218222265,0.7873225056465234,0.12953963920604702,0.04278290212432007,0.494180214280795,0.6667060608586094,-0.0626158186129225,-0.4741810570781488,0.18920330347423522,-1.5939637298232994,-0.21032199550385486,-2.4715599083142608,-1.6757917834365006,-1.8261858494167107,1.0473517424530512,0.013981815969324855,-1.2620490232163346,0.4910660434453565,0.9886544793665183,0.5084855561473737,-0.1887101284925862,0.23248661841936719,0.9014965331427323,-0.4692458376626558,0.029866923257825532,-0.2571930446064312,-1.6134158526524858,0.9165681806443017,2.05727186499401,-0.8737946212411899,0.9626802348862991,-0.8419937797616007,0.1327878150770647,1.5080122737897765,-0.520438985392111,-0.014686414391873468,-1.8015029965080767,-0.6642043439462315,-1.9062723220007058,0.4291781198749986,0.8316375589515773,-0.22163488657080457,0.28588696725679236,-0.3257304552504472,0.7405453658744364,0.12946193512519885,-1.9856633558035592,0.9399808180928202,-0.3895427945831535,-1.2703794712084044,-0.43893397234400294,-1.9020696485464397,-1.2498893112390432,0.14294961011538876,0.2267116863405662,0.30643883425516816,0.003209867763497622,-0.6928651234720118,-0.054459139460565284,-0.43720744694788527,-1.625781598075184,-0.7724149910105881,0.8895412311690245,1.5882941520549443,0.6512750441186885,1.5436977609924138,0.08538861013495828,1.7423760847025391,2.0544884403285804,-1.733469498036188,0.22149330713283266,0.08643018908754228,-0.42410381558409904,0.4919155381513867,0.04112506864187696,-0.7354489203920433,-0.026605105036981547,1.2045945793683899,0.18253809688267564,0.6269547482561325,-0.27705310027909125,0.4520640101516148,-1.2092145304831798,-0.4997204994197924,-0.10266860856592804,-1.2763359206265377,-0.8302167188922722,0.3131117685738916,0.12983191628803234,0.8063654246577088,-0.600511018185164,0.057602226005241515,-0.6718674108838283
GENE0031,2.0894155736584463,1.5230077587888227,1.333207120901698,-1.841180118816983,-1.7151602573345834,0.8055938349951759,0.07541774261246036,-1.0249280665857678,0.24672138869860635,-0.9952966937905094,2.3391289515689104,-0.33408815877533443,0.6450378554489973,-0.012413219525594604,-1.2336134240359058,-1.8985230300645715,0.749013955074131,1.5493409267710596,-0.7348037072103585,-1.6566925195595903,-0.32516273242162486,-0.9371170452387332,-0.6503156798620929,0.6103736997252851,-0.050463047402838246,-0.8295075588820175,0.588500786261195,0.6668723450757911,-0.3370574860446252,0.13791652091806014,0.5205018830769746,0.42610313098339714,0.040614086965532745,1.4325861182252961,0.5826808130151858,-0.45067901649773273,-0.44466906769890485,-0.5580863501366736,0.6321209472278112,-0.6227475600019066,-0.4248990892028066,1.0580223881158126,0.19163196206738903,1.1985326271211874,0.7980598733523421,-1.1766718290700633,-0.10213305824070133,0.9899490399685423,-1.2221760651510123,0.41971082035867624,-0.03923647369874391,-1.7547887421223871,0.11965930451893353,-0.8374680161265329,-1.167651782116426,0.009140675822632775,-1.9308529392530067,-0.6742902925848823,2.5511742525026477,0.6502223934069432,-0.8814249061673531,1.4041659401003963,-0.9920435607771338,-0.5536951531354725,-1.1488514099292881,0.2560798786660208,1.3686296220971284,-0.9990062325598563,-2.060443037409089,1.0909666745194195,1.5538005010876805,-1.995080466414733,0.46005434144644425,0.22650535211528855,-0.7874753048877547,-1.394355666669233,0.9917503454465558,0.17907053145719495,0.25442645742672076,-0.6217693528332011,-0.8019092044499575,-2.4549735412739464,-0.22802802978487915,1.4388263794542226,-0.8902544200486536,-1.5224146942667398,0.43566456645700186,0.6200799984463362,-0.5859059606811758,-0.34876446469964173,0.26390311721875853,-0.15554946862932667,1.0001293357539818,2.4372425759242193,-1.7091635551904558,1.2297551305579804,0.10525970102333387,1.3882009388541612,0.7243545112656794,0.061156459935711685,0.7600229424410339,-0.3941557711847975,-0.7743014221048548,0.8108631155983491,-0.8443284487895042,0.6423725916415679,0.030747583087498632,-2.329441651122576,-0.5743824504629396,0.3348381950246217,-0.40600066390849227,-2.5467321117621853,1.3207501278261604,0.1693750512716112,0.4437392912698055,-0.4732761521782438,0.5314896881466579,1.8348201445867027,-0.7350729836273578,1.667012705357071,0.3985640658920072,-0.8694327480368637,2.2123906375910085,0.39164023988893254,0.6764786687730411,-0.26935210472675786,-0.7963266453295174,0.16781324467578934,1.5814637234833284,-0.30965981218568894,-0.02675124557413819,1.456328471979585,-0.3003268458042407,0.5102763111691208,0.8773505067396974,-0.19678094887698314,0.30983759319992266,0.6611027776811732,-0.4009151935441269,0.8157651649899931,-0.5469860834554389,-0.675087578960491,-1.527041060820457,-0.5034623439010585,-0.8155027018702209,-0.4008739562549743,0.6119926319144883,-1.7256742533751028,-1.974670894587108,-0.7490792166512826
GENE0032,-1.9888418965726167,-1.731717204536429,-2.1149014351515127,1.6182617046674583,1.4739943413278869,0.46245398612712674,-0.36278632753417206,-0.8687763509936559,-0.6050667881147398,0.734000384813558,0.3610251451427553,0.9681026637765426,0.3609860825370816,-1.6111694631742193,2.114414834308793,0.3751690140584689,0.5146715543882296,-0.3768376794965605,1.1131782933007082,-1.0931075606001215,0.6098290776634929,-2.0796332822470394,0.6772085213501834,-1.0795504116394294,0.2769945204271254,1.3573404667461746,0.8227173745004389,1.2243816701175614,1.1208484436478086,-0.5242827429098788,0.5983301738078541,-1.7249168959418097,-0.686936417944251,1.3926548882840513,-0.3850368024262208,-1.8680018866707437,2.0136989173313573,0.5622502831697198,0.7644782203057904,-0.9804695349218977,0.28405657052987027,0.2575749708891946,-0.8214848566236752,-0.1698196855231585,-1.5004677127830177,-0.34670953287600176,0.9738462572598192,-0.7468482589920851,1.9072978364265534,-1.4360915125350566,-0.2601753497955941,-0.6564299636141254,-0.18018083137286925,1.3714747821409226,-0.9844554964640968,-0.45127053092953,0.6545057527231394,0.09315877991765241,0.1751749493090029,-0.9652763395995575,-0.07158347160249721,1.1315784515395237,-1.6095209830809794,-0.6973091506990274,-1.8155416295253364,0.5369756969437411,1.2254705453144694,-0.18340998729204272,-1.0055200145152972,-0.9762464514545354,-0.2970572078727427,-0.30087204539152507,0.9118317785133704,-0.668876034443013,0.4350783381858596,-0.3054700292478684,-0.7447569552398373,-0.33037606334097747,0.33653838187097995,0.9149333898817024,-0.25197318715848965,-1.2039381307977697,0.9997148032654405,-0.8981693831521145,0.2608231676775328,-0.024832667703754394,-0.15857009234621902,-0.4869763001880067,0.620148780415464,-3.582062607487511,1.1364705083670374,-0.9125077743940353,0.40795690975064797,0.35502561793492887,1.2749773820208183,0.19774913553806917,-0.8291091806340453,-1.6047549879109688,-0.3488031548729745,-1.9581754288830124,-0.6284857063107556,-0.29263062033020526,-0.6899159780289247,0.04177365736491215,-0.23610401091920777,-0.32768654132878194,-2.4241506170373057,-1.2947051806855492,0.6426567318548759,0.8042562729474444,-1.8387767179789956,-0.8147181812341315,1.0719653675991272,-0.7180388134051491,-0.11149078712511214,1.4418053290159079,-0.3615773114433937,-0.5047194101871159,-0.15703669059262962,1.8534107978998282,0.4462018362894799,0.019081627779767917,-0.5243599556815834,0.5388169281811231,0.6596997699307984,-1.0731785094754698,0.6866281919461598,-0.1511522866234305,0.02479863462860666,-0.8842890029883183,-0.39998202782890996,-1.030142265222829,-1.0782181701163007,0.3770902204267797,-0.3551165654431084,-1.299637669862416,2.177052647488376,-1.1246550393159365,1.0921029610193338,-1.4764636416218018,0.4565023351677955,-0.25056036861869124,-0.6290567313584048,0.19674232376570605,0.06225985632933222,-0.8124651836820451,-0.8577388807870001,-1.573914211994401,0.3055643843570512,-1.2538048271000084
GENE0033,-2.195782634399487,-2.7165052375148404,-2.8952528714963814,2.4346776214827095,2.904462618673861,-0.40797147810125295,-1.334160759004991,-0.28372750445327777,0.5867973779847261,-0.6744143144101269,0.8781824149703045,-0.7703260652176507,-0.6342131936855273,-1.0460790158532527,0.6837095369080293,-0.05324257008920245,-0.9797619477439743,-0.3962103422811035,-3.0711509878990277,0.7779723634666434,-0.1707466394983074,-2.406238151009897,-1.4566814413240818,-0.4215940625576031,-1.314170759104837,0.7933493236860584,0.41857288599115444,0.35953594351786894,-2.604346935214705,-0.525458414206894,-0.6976164506090564,-0.9540544541045877,-0.41517528116371183,-1.1262382070860628,0.215220732950218,0.7665513543377717,0.6803837384236716,-0.1379112517114806,1.9992396963335024,1.1399751145005097,-0.10155820367255168,-0.4822722102015164,1.3380271627819205,1.0075806827627332,-1.4104272038242296,1.0858213192287456,-0.154373534723929,-0.8609115305933583,-1.9792058592406632,-0.2689161946978014,-0.01222758521992526,1.5873276541102175,0.9572338077486858,-0.5828867213760348,0.38934239421973693,0.8262494226728235,0.08595738801721546,-0.5871541590312039,-0.5321724562434457,0.38547307045695217,0.41298056552504697,-0.2929546157635447,-2.6191522050533393,-1.2905227272912905,0.6196889216121123,-2.1308379973558758,1.1841810163672148,1.036157261138504,0.04109638193320572,0.5979310342286077,0.5287746783588859,-0.11687312836621294,-1.37388911758857,0.9672729750616863,1.407230011383635,-1.208590524242342,-1.4112550051696995,-0.13679690475734085,-0.6262245956364498,0.14494924020545913,1.2079940398603866,-2.2456704382724957,1.5812719516191547,-0.40666844187691986,0.5117789786504942,0.6187258381044658,0.7353411541977961,0.061908104029996795,0.29556060178674576,0.2890220506054031,-0.6302828007794473,-1.7580551914371976,-1.2191858277651948,-0.10423797949803458,-0.786806656896385,-0.784496072389535,1.7992510456861954,0.8588947966598731,-0.2520759659099735,0.672034945655442,-0.42026860559090073,0.11072343418649651,0.44162864841891597,-0.41760596777187864,-0.6852505475370957,1.223931818468504,0.6141129671981066,-2.2546108782927172,-0.6681359300316102,-0.7812724996943938,-0.6211380888123978,0.8624022887588952,0.019205968003691544,-1.3896296708555456,-0.3832148369586158,0.5417376476161898,-0.21964501553375435,-0.6446759511634914,0.33121927873852836,1.6181924894390771,0.4614248329585187,1.3009415130316988,-0.5776142178649032,-0.008362111124060725,-0.028551984535682258,0.11867908406769122,0.44051960638091603,-0.9189691210547781,0.6473326855134786,-1.6278859389552167,-1.3357566625066817,2.1356261011732305,-0.510120739478876,0.7295193509862021,1.6982903924269561,-2.314456078778476,1.1262461801557098,0.648943606259271,1.6403972809330398,-1.1815231616646271,1.4512546569546128,-0.7394144316026904,1.0547778142766568,-0.03602103575443992,0.7707688064351387,0.04886918330515309,-1.839401584186729,-3.120544022943797,0.20991553398349078,-0.2637350376313479
GENE0034,-2.3931353798089745,-3.0745510292391383,-2.75848013788866,2.958312281870545,2.5142951062969527,0.3373630663468662,-0.42867479688130566,0.09293023411398735,-1.2174801872358345,-0.008585201859605372,-0.4778523960351749,-1.1227366253686797,1.9757358680726422,-1.0837353699401662,0.006964223441937532,-0.8028080349487572,0.29703947087987503,-1.2743851344689174,0.8403568239355511,2.0361561863588413,-0.8395392371006698,1.2169688626813207,-0.38187934439569,1.5057911210760857,2.188498986095991,-0.23370501170845875,-1.5202660808946518,0.9480843874360897,0.22441720794411618,0.5017911677776411,-0.3398450418443653,-0.8844928186606991,1.1603481809669742,0.31978999455603274,-1.4435570341837254,0.6868752232028936,0.4861685979665005,-0.3252989243235641,1.619813234242322,-0.6181731623472644,-0.16898649815484168,0.7686480879681981,0.0767629503307216,-1.3844231543584364,0.18379937299342966,-0.4143897919652327,0.8569962449162634,0.15121834399513978,0.09450765304739081,-1.0482511637190517,-0.2300253079140055,0.9701010940126534,-0.776536344541371,-0.03255022308771416,-0.9364460516490096,-1.1838426410516691,-0.08485904498935258,0.17380116487733835,1.9938629392325948,-0.455460383846209,-0.050169267633882464,-1.2500735179709248,0.6122400149069139,0.3980947793532806,1.4883946776914283,1.1116221515087088,0.35140666884228294,-0.47007149958870037,0.2046684378900604,-0.11101346213176101,0.9533975332379796,0.8262314899624682,-0.2964154436547553,-1.4619937798268778,1.3333873002204246,0.581873956823205,-0.319490070572669,0.5428733481036709,0.07486130625002908,1.3186179262194737,-1.9297802318050268,-0.39719096651343244,1.5990545154786884,0.5631984034673122,1.772606668314208,-1.2218070931634644,1.0721967159384873,1.012224423453833,-1.681728535328834,-0.29550228953308394,-0.10652910519408315,-1.6195560287674056,-0.27460232652043887,0.8731831407786059,-0.39092305952474016,0.24213315567402635,0.24937028272765205,-0.012143411138766203,-0.7051820240254287,0.6588139748838979,-1.5870337615259915,0.008588138508182646,1.3854863405180886,-0.4473732498412154,-0.7273212215022773,0.7255161387753777,0.16343176058713194,0.7454472820569326,0.038498485695272235,-2.3882924507511794,1.179913410425699,2.0700263824782756,1.2840410068362866,-3.5388577250697595,0.4510882125055664,-0.46674581057504627,-1.084243753611709,0.122732161638273,-0.14894729489972075,0.5086578042798411,0.05658018930545408,-1.120812106888977,-0.576601776742971,-0.7379585563250161,-1.7164831767444462,-1.3716446439538834,-0.2110686698851942,1.423754075307279,-0.5355570796987947,-0.7574307747527896,-1.181286806672826,0.03053649499535071,1.179259334610126,2.0026827664085918,0.2853993767216869,0.13999374263643455,-0.5434731072535431,-0.37656662149101117,0.6291750910507029,-0.31487533206307944,-0.16228244716741405,-0.025347274750424368,-0.5908281109074761,-0.07497925907755129,-2.0194061287908016,0.5488358830184623,2.3517718389720548,-0.5520436151630664,0.3738371450016698,0.8515763202461846
GENE0035,-1.6536992665567336,-1.5591199543530316,-2.1186649005379623,1.9669303007791108,2.009440343232556,-0.34566637467600275,-0.13351212288434067,0.14368044501773122,0.36176199210385035,0.3198097102399178,-0.21768565950112867,0.38427883498595106,-0.2850308482748619,0.6420255015353197,-0.6274428354765009,0.07305819214956248,-1.6237385821172297,-0.36991046945714723,0.5674887211299786,-1.0337348667080686,-0.32010047635008365,-2.4050695499102095,-1.3680741085319892,-1.1064745561139018,0.10175105077163865,0.33340901239271253,-0.05605556594019711,-0.38259338288737815,-0.37910174834874727,0.7160457490404942,0.2128198468830529,-0.33394559630536247,1.2932994952412589,1.9499750409961005,-1.2457424502336703,0.5225100702105114,3.089889607686385,0.28020554105019435,0.11544263616427654,-0.055733939893613596,0.4901815174907414,0.7548991665498829,-1.2447668741691826,-0.026483628288828647,-2.2694978644974095,-0.20931661662150006,-0.9026885938220728,0.33917757913548424,-1.6563805271410257,-0.5123173104590948,0.9665442505206122,-0.6763331514442502,-1.904935777417886,0.2575331531289845,-0.5865289930926361,-0.18588543607289654,-0.7298695864625924,1.974396744480029,-1.5580727358535134,2.8334956118942727,-0.39063653075135196,0.1834465762181352,-0.5747964176044837,-0.6166335598554541,-0.7848299034326331,0.6012579620436356,-1.4107996936270562,0.3641085442426688,-2.184492735051809,0.2735287711417637,0.8491426059321912,-1.2745191073073694,0.6787426017187439,0.05138541062432149,1.5984264553578396,-0.8552063823110898,2.81598590372273,-2.3907821543252377,-0.3295038006361257,-1.6985697106229332,1.8510541768497661,-0.2617009938158365,-0.17168507736928265,0.44323809808521286,-0.00480518632728754,-0.5937615564013348,-1.2566472506290483,0.16851340233342924,0.3788336326894784,0.6953772364017292,1.9127268503065222,-2.173768904413992,-0.06771719735270462,1.1917378358214277,-0.12452242443886458,-2.33817245369327,-1.2910395748499208,0.3285698496773193,0.2921972948833408,0.6725196983410208,-0.7810089435481842,0.2598832349192977,-0.9458633078963248,0.2599579936436911,0.053212197103539735,-0.8208600201629043,1.558183630762687,-1.705635950162387,-0.14162098301052742,-0.8429055643243101,1.8342020358562743,0.5983980076204188,-0.6493103753703896,-0.2797152893203726,1.861257373980529,-0.9462756317300305,-1.7644481722305585,0.2910068624638142,0.3136403674078202,0.6660345733898599,0.6726257608719525,1.7707056507337993,-1.7181374903760358,-1.202803194645333,0.6622033339461874,-1.1056255017144403,-1.4565879732593636,1.8658445522852707,-1.6199421316642872,-0.35127203711064553,-0.05936745123140444,1.3091366419632775,-1.8688030582824706,0.41547515150624903,-0.8903770582600778,0.6276112125924505,-0.9068077260268592,1.5723062561857772,-0.9009700184262551,-2.4619797058899167,-0.7888492497413011,-0.26130011056889496,1.0823538731623088,-1.2584148305649208,-1.2386461271140756,0.9605779037089842,-1.375225117962206,-0.17898344139169084,-0.1586511834690122,0.21757953634296223
GENE0036,1.8864674232546734,2.487397701579799,2.0785590188336776,-2.2861930981848997,-1.6229877961859347,1.2277999878516854,0.48809538137918235,1.7675023957653402,0.7839676512169459,-1.2681436516314983,0.09636924005999573,-1.015628254718246,-1.6516095967182838,-0.44719939306998346,0.9815328752991211,0.27491271078750706,-1.390894131258771,-0.48234157521273674,-0.1428665853419799,-1.6891124539708449,0.7131723652486122,-0.22873502625875175,-1.3905948609320575,-1.4471735937410677,1.100663944921611,-0.3808130321457192,1.1903520289564116,1.5721554799027153,1.0224482728559243,-0.5334317466174908,-2.4978471195672807,0.31299630453482846,2.091576369778548,-0.0353900781738251,-1.989815518799147,-0.6748784964301175,-0.18373327476680484,-1.0979885674197973,-2.563953967979889,-0.09785077021512495,-0.7848762463576265,1.7726916608999155,0.10103348798279618,0.46957889689839183,-0.11908614349605941,0.09373330317385331,-1.6522992883621435,-1.0401663052212893,1.0886147013193521,0.20946196973019687,-0.3985069178825137,0.4861712414658739,0.5058619098405933,1.9908946329442072,0.1630663438855776,-1.0625075755103008,-0.11569648291566763,0.6075656271213766,0.9956590114287024,-1.6150318721278794,0.2537067194918132,-0.8972549274981164,-0.5666319246194422,0.8458396242433921,0.7462485394318988,-0.6781524611975589,-0.15784202104008319,-0.5360817951208534,2.8917029899567672,0.27835816644536276,-0.8394815912727899,1.3221671462211262,1.357461365683299,1.791670710523534,2.087993682510094,0.7077148828661287,-0.349851743778128,-0.2026167676043195,-0.2920753016065431,-0.40375536717902655,1.2399368072885906,0.0007209069359758764,0.9714218648162062,0.6765165547809898,-1.0986549631220837,-1.7171766698622837,-1.236662966685065,-0.4267063677307888,0.1343281002678751,-0.6483003273443845,0.7030651467411015,-0.5276851944169594,0.25695743818394445,0.11758168066188653,1.7344330917873865,-0.9752409251002728,2.208419091154705,-0.5943498527396046,-1.3400568903608094,-0.2169149904265378,3.2401391486368074,0.8952052350186248,0.6029641034412616,0.7951868616415204,-0.7695934645023071,0.3260443763658592,0.0025023003171226327,1.8090667486444099,-0.10868771658665245,-0.37827654457740845,-1.1647993973691224,0.14001448687561519,0.292951833518835,-1.2015881881405177,0.4531636040605758,0.2331795237948585,1.013445759883764,1.2123681179019035,0.09427929361427935,-1.0363648841320956,-0.8306215805446449,1.762127663079091,0.16548939312256028,1.7461537795510573,0.4986048184872299,0.7537356371784484,0.9387236162381593,-1.2231388144094233,0.30695075011252615,-1.2369989013620626,-0.28491234787746483,0.6401696361230503,-1.0253338905324527,0.5593373245276719,-1.4983689854658357,1.1433198239615687,-0.6644371821053475,-1.0271174242187837,-1.4353559159910807,-0.5793538328376587,-1.9076118069567995,-0.5483991391083297,1.0994870253330813,-0.18871159973983392,-1.1775186159066409,0.2262633165688082,0.1378957758749067,1.9566099625857163,0.790721018540406,0.30559812717284496
GENE0037,0.9007544911126799,1.4269563478048695,0.9101204744404048,-1.025085880799774,-1.665148413898911,0.9679455131409394,-0.11079147568777581,-0.291489421253352,-0.5528959336937127,0.15367402056418814,-0.04352946650466633,-0.4147023867269672,-0.7026577451166509,-1.9053304524509354,-0.7238037443516702,-0.5122951462609718,0.151231072166842,1.9630858846815047,-0.6159561935134189,-1.02373085374717,-0.7144960913030979,0.15334476760211485,0.5886354597962726,0.7283452130695429,0.8277079982342662,0.9692305876119747,-0.27888363747316974,2.0531401837412075,-0.35476852115876417,0.10934057634090907,1.2958270717726919,0.5664250279877657,-2.2408467440227384,0.005635830296852785,0.8619647560864865,-1.343470279529558,0.7506927951289866,0.39015394001345316,1.183920483851373,-0.691931322338641,0.9958934155892449,0.1596082474008315,1.7660503040522877,2.786049937813325,1.5383304390525525,0.4805186781082244,2.3210039960618047,0.6034780416679837,-0.9079457135226163,-0.03927330695157529,0.7616721862950018,0.825954155620064,-1.1252648898076596,-1.0935322864596726,-0.3413098462098483,0.5345436134561904,0.6625625498799194,0.1413051241048105,-0.8344287335176476,1.7369429430193026,-1.0720580618430398,1.3023407448537614,0.7388232834503655,1.2803323038717285,-0.44443329292291694,-0.14265419808920418,0.055042557281043424,-0.4763977606015151,0.22525845349509843,1.5790894560712077,-1.296833847167973,-0.6572117082110901,-0.7657453187062563,-0.09441826213604765,-0.13552626897887088,0.7723145844407059,0.03372310292137513,0.3028832767193024,0.39844804551200075,0.24540406120581154,0.7033130614575919,-0.12232338213274517,1.6463683960749977,2.5416198467187923,0.7062309747670698,0.22799116370906097,0.6245823093172438,-1.1010330858836441,0.18010546746541492,-0.7313246069486086,0.50997691724033,-0.7263593079771473,-0.34477744535889615,-1.8719709055230525,-1.173245689947668,0.3548738029360466,-0.8688460783184304,1.0637739837855766,-0.9538890884133123,0.45325450128577094,-0.7618756289717585,0.3854697750335259,-1.5347873290951395,-0.4531829756295582,-0.8462132852877351,0.88323257530898,0.4622624644542042,-1.2325760546154823,-0.2031807366208805,-0.7723178427228345,0.9502571938685426,1.2715241476539387,-1.4416451465108133,0.8267029743814808,-0.8232960692577094,-0.25291677271931917,0.032254229060957,1.8166061635554727,-1.0038497270308853,0.8347497226433022,-1.1715044081696178,-1.2405935848407343,0.02846344841915499,0.021729490989722763,-2.8323183184692535,1.1595962893754976,-2.139114124430851,-0.14593743611330154,1.3276154516053054,2.209183966688679,-0.3630498636885798,-1.4329490836170877,1.290548225767958,0.8651565501202622,-0.48899228957847524,-0.6157374582092063,-0.7173921636594315,-0.34458653573463344,0.3160681424016309,-0.5660145827367716,-0.43958027556224044,0.6412790194105756,-1.4824141410588727,-0.3759357199135793,-1.6759410190991015,0.10841247335290131,-1.9394054081418746,0.8900101268264297,-1.3146373957920054,-1.7725785653614543
GENE0038,-1.953801880313331,-2.371836563946952,-1.5761946217772094,2.2320549619276,1.9623341259668097,-0.3956003732457072,2.2383531617708616,-0.938954147968868,-0.9308852437031945,1.5274293868801814,0.19490720526237576,1.0530000272987412,-0.7270995401759647,-0.1016358477290527,1.3156318621882446,-0.1448408767357999,1.123053197526463,0.38726730043453017,-1.0396290784189188,-0.01631721234602282,0.9813839922750334,0.6694161911868851,-0.04025289842082823,-1.8917143889714996,-1.7959914814097162,-1.5833055896271162,-0.5104422067665509,-0.3771178736934479,-1.475411401094023,1.022512793696016,-1.2637690772205423,-1.3705590420670095,0.08823575388594865,0.9739051199932285,2.0548546198131667,0.5825450545031773,1.5798297187236194,-1.2120566517265619,2.1597392606609995,-1.8614844505554884,-0.5038392538876806,0.560652519578775,-1.6052170156959435,-0.9270500919253337,-1.0859225292896342,-0.31022100724973456,1.421582856672674,0.01682506628781065,-0.4630639442340176,-2.8843243671782015,0.4667552048385791,0.7900154089781791,-1.7000197678102116,-0.06697235972252169,0.19300819033204694,0.9646017573036937,-0.724768458245474,-0.8753603610847972,-0.45649729846836173,1.2844370527773838,1.04384544217267,-0.021345302172413684,1.0197765271882882,-2.3686912068521586,0.7916542060935255,-1.1187661628138466,1.7670244943958617,-1.0642447119332241,-0.8527621652336447,0.5624237301311782,0.6589541347810364,-0.4463320787671849,0.37140403442303066,0.4953798153284869,0.39311465605803403,-0.4045549175583959,0.5052110240856904,1.4063704050164938,-1.2254884792188265,-0.8400600355418061,0.02725563236057936,-1.056224040668033,-1.8034037342272606,1.0931229758819565,-2.2287882660262497,-0.4023826975243354,0.7589443197586707,0.26669978950207235,-0.3872493659789524,-1.0974395765349592,0.3438678131479371,-0.9883944384668729,0.26593258631826233,0.14091764823475636,0.15103290905513567,-0.6403187591794156,2.0350091093347893,0.35820663387037477,-0.27870892421964716,0.26427057306180435,-0.7744616439243102,-0.3863044984779063,2.3919199321195173,-0.7673808064423085,-0.07777270026441621,-0.456104849749766,-1.0396339428247796,0.42108499021980617,0.03647217665420908,0.9110273089999276,0.810577920330005,0.9007077190419958,-0.9182033728509937,0.640960799203096,0.6652715062900945,-1.021062998206856,-0.31861624222723955,-1.4561120964789682,0.6696226323802841,0.6650224694439736,1.4303627991183554,-0.2287985078143456,0.4514695865637963,0.9877351010253084,-0.7538915285546915,-0.9059651413176992,-0.7228852010761648,-0.3492954682052211,-0.8705543556461532,-0.6798277099612238,0.8809151690332453,-0.09634663149429264,0.3066983736594359,-0.5507167881185753,-0.6163654291823402,0.2855558895403972,0.1260623280034051,0.7779866783080691,1.3015929980039929,-0.6914122042764048,0.8611845377637809,-1.0798061676931627,2.0737786828032836,-0.7863040531383287,0.6906305697567595,-1.0872403387446656,-0.1520908861467986,1.5457331421535163,-0.8177041519860727,2.2041861678862227
GENE0039,-1.9221867606477683,-2.0147951570397526,-1.8659562464806223,1.6854521806669218,1.216031260922469,-0.47285279297804617,1.1959764624837037,-0.34432120176999703,0.13883208271781333,-1.5474221283691512,-0.5375769410007442,1.1230392976314654,-1.2826294319269402,0.717079036996164,0.17777813858498556,-0.23595548602317848,-0.27992454232200725,-0.49102969807798746,-0.40197097205696275,0.9297402248111573,-0.4320438142447743,1.8075903221923073,0.29953250304321194,-0.5762619290282724,0.9733659524856143,0.6238959430765766,-1.6541764402276586,-1.0344713570175377,-0.11542030120241245,-1.5836079344201974,2.0905299019716126,0.8222321820393413,-0.013332847036461887,-0.3427065536132635,-0.5996636543589989,-1.9640321579709097,-1.7328736516456296,1.9011207312676073,1.573599639232585,-0.5757777549240405,0.9079991561824573,0.5064207749970311,0.624287956648842,-1.4251777645007055,-1.80817792253016,1.182594359069889,-1.97929830303683,-0.14819354138251523,-0.3677023262177871,-0.46015096167640857,0.31445082229065685,-0.6775924297784516,0.3957354624650479,0.14115541469119494,2.098732354050425,-1.3854093918181294,0.029268983904826695,0.4313450998777634,-0.2564025555322961,-1.3370751078878382,1.2571027806551944,0.33693433014405205,-1.266896712926594,0.43866796255825996,1.7015660700528568,-0.03631593341592001,-0.002212669470562166,1.5680050310433193,-0.9703839817512533,1.7275520426206816,0.972911070368237,-0.9242189639800154,-0.6682689998441153,-0.5248128336822896,-1.83356421398709,0.26047174907088094,-0.8789470032478534,0.2965513214313054,-1.2909432503252167,0.9230132368944994,0.7376259301305024,-0.7058790140602151,0.3596491578821158,0.0829205593095799,1.4822994861529117,-1.0324789678948723,-0.15229797849414675,-0.6406836367077731,0.04481819710016778,0.5332736027835934,-0.651807378073709,-0.36410622138921245,0.9660407980573626,1.3573246619264427,0.4935160352028785,-0.137963098743159,-0.2330969210371493,0.5481263287272902,0.22776700140487174,-1.648975837891303,0.5723852323079027,-0.8605697894225621,-1.4169364084756522,-1.6683448881087257,-0.21610437118331924,-1.0165243621826023,-2.3263615597391976,-0.35845550683681077,-0.49057083488586584,-0.14990111465838005,-0.6288979540423771,1.8293296635272782,0.5173372946836405,-0.4996133236214773,-0.06362683744736257,1.4146426674953478,0.9566228117354912,-1.3962118143750324,-0.9742905608266295,-0.7818468740233404,-0.43969995093580877,-0.5954232028760423,0.03400925486107758,0.7357213110188878,0.9026602893824857,-0.3267973428992907,-1.634693518754396,-1.0404099418717416,-0.5197747896300302,-1.2450344592513576,1.140858986701614,-1.179541058580728,0.6170630447352031,-1.681880355022538,0.6572011012960537,-0.13926870666758576,1.5125307023025507,-1.13156260654633,-0.5641148006115946,-0.3704326014104395,-0.15250007015031203,-0.34598083090249077,-0.3266785659089869,-0.34306254338566294,-2.0711798825804664,0.993334501607768,2.861136567633684,0.29827110460098805,-1.1357508478582938,-1.0345386308482871
GENE0040,1.6963498411081883,1.2454072882029361,1.9827112958284763,-1.741401732636351,-1.9414608299725742,0.7540621272311238,0.23776116459489285,-0.9959479907832324,-1.4333239283806845,0.12132728274562739,1.4072381367677635,-0.2280932319970342,-0.8526850162328397,0.19128826013625272,1.820871810123474,0.43129981306371623,0.539401988209408,1.222798635970556,0.47255739938382246,-0.7809697071601542,-1.7445649518980362,-0.9216531197782624,-1.1047263050976748,0.6593081195113274,0.7983480513491078,0.17557206171548811,-1.268691976843173,1.786597023926696,-0.4162102138395885,0.6034810103015367,0.049324836699559206,0.20866348324991468,0.5681840033403978,-0.6960201616009518,1.3054024262651662,-1.5795054170872729,-1.0385563060358844,1.2924293743370827,0.5900047611044712,2.5403910976814337,0.06835044365313034,1.7004292964590928,-1.8574787826634034,-1.4135149731971948,0.8955255374169739,-1.7403678256144852,-0.19736760700948927,1.1672090836471585,0.5011712644886682,0.011095220319579394,-0.4491074688293152,0.20222587459196467,0.5772483723755298,-0.6608943369861829,0.3717360280120473,1.0784307441987107,-0.2224781332998583,0.06812285014065171,0.4837788340027778,0.551334216089744,0.8784535729984396,-1.01437495598195,-0.5289225023853102,-0.4918786920496538,-0.9039121651626768,-1.7984139213578147,-3.254478941297708,1.1954527117529803,-1.5538930044475427,1.5665091267059081,0.7394094886164625,-0.4056883798062532,0.6164221048147337,0.4251332467137215,-1.1017743629397738,-0.014977773629630677,-0.9798387725414921,0.6541280021710922,-0.7152209517993878,-0.09662953619667236,-0.1397989190107496,0.12157900053938211,1.6625550811140222,-0.24096058285591823,1.2179271419745152,0.4799969943350377,1.4184025460365826,-0.3384357848148192,0.6961362419695681,-0.05926802260034109,-2.9893930211632136,-1.0898435850204755,0.5823769459527517,0.5162649162799985,-1.2949773886349234,0.22036754883800364,0.5032602265255054,-0.034665569737606684,0.7288186376596363,0.5925553079287688,-0.035143579404707616,-0.5108248188641186,1.0425415920925094,0.4631620978788213,-1.381432652530298,0.22089765608138748,-1.1510247094577337,-0.9645679324291752,-0.651910035385637,0.04487323565970198,0.37448557759128565,-0.4089418892412716,-0.3651826162937345,-0.5032436553016811,1.0475136370876286,-2.8529435035996533,-0.30867740967478285,1.544984795382366,0.517230050277387,1.2668472405671247,-2.034248859510923,-1.2422492314691227,0.5140481406864676,1.550630593257668,-1.1412362168447279,-0.3877617827065225,0.40146414186699486,-1.4524983970876972,0.5216912595809831,-2.6756846490362367,0.492239464464855,-0.9950849678878427,-0.4475971905164135,0.6518839479369677,0.4472521554922508,-0.00798120435170447,0.9690405516353497,-1.7001760126188237,0.20441437150141376,-0.7901701308584828,0.9180314686799862,0.6870670696361196,0.723348218864005,1.6453818327071346,1.1263475324349776,-0.15742133377341097,-0.0012678534874969365,0.6009383807117264,0.13617467474782943,0.7051733219097177
GENE0041,2.7848873517692887,2.155812075705442,2.144845544021048,-2.2089029156928857,-2.1094492503920006,-2.1293270511692226,-1.0902350801857508,-0.14224842863978576,1.5147146124944029,0.4106745854198008,0.23286061196457572,-1.1351045212157118,-0.8244853056535114,-0.746927693372195,-0.7061286121861053,-0.3515368762486047,-0.2760110617164809,-0.3390783736268482,-0.6713242302684823,0.1350531658122264,-0.314414783366775,-1.5955672462222275,0.03438182225793511,-0.11676399778157646,-1.579627452555176,-0.5913014466965381,0.5970725610113586,-1.1364499386607045,-1.2421790697284936,-0.3248836219917387,0.622932269811964,1.8103275907226957,0.6589353548536838,1.0848277401561082,0.34669762850166363,-0.6851159796427303,0.6517110765969125,-0.08560804892812099,0.37703383782801303,-0.9460298263509611,0.46644580083980597,-0.12050819676589646,0.23125774718408365,-0.0850731748251321,-0.2772031153416828,0.4846907796184085,-0.40609112889156374,-1.5886881303775897,-1.8739700756824453,0.1844165694269777,-0.44721781472885597,-1.7290991774320505,0.10653496705378047,-0.09387455497335931,-0.4996135932227324,0.24680931818085258,1.315094010107804,1.284590718685139,0.14376464310858494,-0.08471043286285353,0.15773520761168094,0.30900693277434826,-0.2682981770580552,0.17454305995310235,-1.5736295710417973,0.08134888334676436,0.4768135950246047,-0.48984194200640596,-0.09547264428609868,-1.111505380701124,-1.2503135829593135,0.21081507795919088,-0.7295630157376162,-1.7768256615760247,-1.111778299134442,-0.966379093792069,0.7745804977317415,0.17911401136846739,-0.8716021981573001,-0.5877659049711595,1.312084416107226,0.936102435196951,-1.118060427981828,1.1635258596263263,-0.08062880844981013,0.799611626056244,-0.1633079550015069,1.185829198742175,-1.1596206115397987,-0.2554504313815159,1.216459777899117,-2.392608148197263,-0.04606140412446539,-0.39354631987318744,0.6846612305437452,1.0699134354109718,0.7302838193069643,0.24100025339724565,0.04056454809536032,-0.3427106214798979,0.2099726215246312,1.4596548295855094,-0.8305122982775414,-0.40208147512407366,-0.07550997256680743,1.0009326791956685,0.2233023395522055,0.9834818955451907,1.0341099905036009,0.5920368258199804,-1.0639936165655535,1.6610939118967147,1.4123806710927012,0.0635400505023367,-1.3817702424835547,-1.5604981578743569,0.25431562655371026,-0.701750442130786,-1.7171891333603786,-1.5793656993630016,-0.4699825733300084,0.1949295738109782,1.4057130510158269,0.48422077434684196,-0.3814045304714144,0.37994955767279925,0.2905675855886578,0.7395452071959393,-0.0399421135838643,1.0361977510121103,0.824451800227485,0.08270000363857032,-0.11922435626590437,0.9197484789904266,-0.7134743181070387,-1.5066128291433938,-1.5122979916839956,-0.7963744750895091,0.6596522987772498,-0.4227988546098636,0.20451600281122595,-0.49529607088106914,-0.487357365983966,-1.0254636745111536,-0.09189562541568821,-0.17516373577895686,0.4126650231818217,0.2876976070117176,-0.19714738095841283,-1.5060888450601755
GENE0042,2.135159467791909,1.9378504796259512,1.9429909385538933,-2.0367803742216943,-2.072898666806463,0.4464491988167305,-0.002305787370825462,-0.011645548834153046,0.2401144977218622,0.4069067258566319,1.7114017557841346,2.473266082762811,0.29026080540354937,-2.153276072043633,-0.9517444732917201,1.811496881871767,0.7186526282557465,0.426046487244996,-0.16683791140476076,-1.1890220592259844,1.677789754745502,-0.8232102514740889,0.7293118165382786,-1.3007017697541436,-0.21534868482827643,0.9929571304529641,-0.24969417246679382,-0.3684498753660277,0.010636268348681152,-1.3360028924349279,-1.5241469070460152,0.7142364826939283,-0.4222099256177997,0.7064847605814564,1.118183017150708,1.1986426089954636,-1.621008284576339,-0.697829288253898,0.5375853070438055,0.553001671903652,2.2494375841962904,-0.9076135332330816,1.1681684014540978,0.37227461003854023,-1.64023586666347,-0.5478152367265949,0.26252801232332496,-1.7043667082962657,-2.0739060049716462,-1.7612425786366435,0.259133655084339,-0.48466725873343997,-0.6199556973136181,-0.5856218351657279,-1.4241224116579378,-0.4564031828401075,-1.8203980480718356,1.1876411393589066,1.6923297206772177,-2.3260637133891717,-0.4691296593240883,-0.40401143063479783,-0.17448450661702508,1.0015304243744003,-0.46621078219393086,-0.08825146273128724,2.979054963801388,-0.11129290760530697,1.7662398602994058,0.501987657388833,-0.5537089930758496,-0.7207339871754307,-0.00727259499970656,-1.1264731247465576,-0.8638659663957002,-0.42306060102577947,0.2933435419272292,1.8259972117410466,-0.48495442679826284,0.4615180463781131,-1.6278978465820517,1.060288640887317,-1.721682574926956,0.7983864721014345,-0.0809249532818035,-0.12065294273978963,-0.3002647179188309,-1.3012526243920979,-1.248270509868803,0.8365201560389821,0.011936780181387968,-0.3075567351812621,0.44339795063605675,0.10131028322125178,-0.7929315499398801,2.4609962258425813,0.7407563785031073,0.1270685733595555,-0.5136113022139397,0.9527596891941905,-0.7875678697260957,-0.8717747409692631,1.6933256357403823,0.030675176070709104,-0.7633491867151124,0.005685698039677293,0.8501865538483758,0.6212544539551925,0.9742622630864519,-1.2495559027394803,0.9491491616748444,-0.17905877605114642,0.08910076670387657,1.2094944936447791,0.7027256732712895,0.3510524809546788,-1.9839966831469544,-0.045501855380286525,-0.7846753875705005,0.711045304397363,0.9909581870356614,-0.3020310227827632,-0.6670414757886871,1.556300795515933,-0.6031475670136943,-1.194537507036252,-0.8326711530189439,-0.5549993881142102,-0.8613630529495482,0.8453913832780725,-2.197913445574011,-0.8825604114455291,-0.04749744545486307,0.21024622000229307,1.6918348375245835,1.545237712763686,-1.6007371559445422,-1.9080479405695796,0.02497126237099896,-0.673185236463088,-1.1920263419831856,0.016120897460654492,0.23069731833443458,-0.8389684396441776,-0.624084745037494,-0.7620415273876496,-0.41149124122128045,0.5414440993897373,-1.0779058611515868,-0.640684993497601
GENE0043,-1.493799505081797,-1.5070304866053046,-1.5769596124267657,1.4528665080198784,1.0985854834971545,0.5959313470391664,-0.266613013279537,-0.9798657956974325,-0.5282140148497824,-0.7103324902148916,0.39223067555456603,-1.651281423623733,0.5925337195872442,-0.11723958943602521,0.7333482326890381,-0.7239081891542735,-0.9013697148422457,-0.4066687190384437,-0.43064925275382604,0.80634841107493,0.7968048330570654,1.9050230835354185,-0.4954921445178963,-3.3475505964875936,-0.4094225730308178,0.23065792520835698,0.7145306910521688,0.3036042712837195,-0.49627753308969913,1.714164357415557,-1.0337358005622264,-0.27464484856183796,-1.0799098408608079,0.019576762090171933,1.5890057587728696,-0.14092592389881278,-0.13479985209347917,-1.695962008377259,-0.28699218579099883,1.1504870500333517,-0.2502361656570745,-0.31779021391231094,1.1057145758432931,-0.31356411297056463,1.2920536322271228,-1.2846395953877447,0.6778539748410302,1.6463292076954565,1.0078568974549134,-1.8672735516352748,-0.6383032414308838,-0.24195152465778313,1.0099554967070807,-1.3316181162114358,-1.018936670392648,-1.6051514301799923,-0.825800250087814,-1.251606656972313,1.5979058601964082,-0.6473772706479662,0.6909252921300084,0.017969507218870237,0.0039612809245876,-0.5914438195394393,0.7700224871307078,0.15434423264234098,0.09674391293904691,-0.5934206101779232,-0.4297759261530207,0.5889111175754248,0.23005561154550086,0.12347231450854004,-0.7540424916675474,1.9441077035254948,-0.47970673955782334,-0.030252661725420512,-0.18703362887472083,1.954711197261288,-0.29081461270758724,-0.38234194097565327,0.11831114811666943,-0.6935408894621853,0.11159971690151374,2.3716035801677697,0.29969555555109145,0.2632459217265814,-0.717904892909212,1.7092071543529632,1.9390327007979793,0.852680375827011,0.6538332230623791,-0.23476535143881708,0.3913375808446224,-0.8351576048625073,-1.12611397577874,-1.487359916725743,0.4106739732747986,-1.378374472320688,-0.499635403112483,-0.061229375201977056,0.9952903995220314,-0.5782201666209199,1.1132723127393926,0.9391589131441817,-1.0713083276709745,1.1228254938852753,-0.28358112214153597,-0.4989511237259181,-0.2793532754133253,-0.0035057267586741823,-0.41504460043763486,-0.8396916603612474,-0.7512555936946737,0.13894280970401568,-0.16046355181704455,0.5273096933995635,0.05236289720326249,0.07701399598375847,0.5928122348342872,1.4189180719126842,1.4590223482918887,1.3404064201142178,0.8704491697413075,2.085410622092149,0.43782376624357244,0.3255458153220719,2.2439212755030495,-2.7259688500994756,-0.21389648864431846,1.2524957291499996,0.9802629527216836,2.5656515748356306,0.10748571833141884,-0.43081760238819583,-0.3320847466741954,0.3180681628612475,1.6216475959513212,1.6341410088854915,-0.056014671833671356,0.2530084866777919,-0.6116015792028642,-0.5072155476055451,1.0462572134371722,1.6022113887316758,-0.697283680469814,0.24295635213135128,-0.243078056079208,0.8638716595520065,-0.3885160223564554,-1.9264549394595483
GENE0044,3.007735254849401,2.97375831180687,2.4861538559944045,-2.3850420349191253,-2.1751115082617276,0.456121658752389,-1.6297331652461955,0.5563090120364924,-1.9090563503511346,0.7695651437810074,1.1183812821105803,-1.3685201427252165,0.32843299058154907,1.0571791296144326,-0.4490036203715333,0.6736363657086232,-2.785405872725681,1.098196118243411,0.02999423869317595,-0.2578293766360323,0.9840414529044801,1.729289675723977,0.4857158413539969,1.6087138830488947,-1.5532832525269797,0.6659488378340656,-0.13200385285427224,-0.7882191047163172,-1.9286814348628423,0.6117870490026632,0.8752900534165288,1.3420227509932474,1.1764904376350318,-0.7717096870583702,1.2907055153121305,1.3963475039118443,-0.25998392525270525,0.028428263711718648,-0.9341542070495419,1.4808862906533322,-1.5117871459689358,0.5349706723637695,-0.5968291881157131,-1.107852819556511,-1.874728280561408,-0.21540612797099312,-1.2645851145979052,0.05641945327380404,1.7693373234006244,0.1995073264388884,1.9972805022846487,-0.9822732534781534,-1.2809407999993476,-1.0270155882282783,-0.06510053875530415,2.722948687724303,-1.6621147135514407,0.6196631181624246,-0.6999653360405335,-0.22380305105096313,-1.2580199112663373,0.8791383240395397,-0.04392513295512187,1.0874535506941656,0.17524519403256078,-1.931623977176875,1.096542795975214,-2.0130006323096805,-1.8699026829164123,-0.9172026801316363,-0.9038555419523364,1.3960213653814821,-0.17115638675036388,1.247385291974663,-0.567917478585953,0.3176463690106352,0.47404231151220627,0.6960654170770493,-0.4649261744158378,-0.377854888784894,-0.2981305792658438,-1.6524123902968042,-0.08390186326829689,-0.38368425507628,0.5800728940775537,0.09130117105966842,1.3363818034531878,0.07008847520856673,-0.5622056962202638,0.05769722216578412,0.7241672408771637,-1.7732074077890467,-0.7152485188175908,-0.6941767358853519,0.4109902028775005,0.5272865396919497,0.10122772783489464,-2.478638119127923,-1.651918183191787,-0.23893182145712105,-0.5014694233584738,0.005370378836003093,-0.4693981624354754,1.531642466149037,-2.2939415848465217,0.3026276315298145,0.8280104061634723,0.7015384583583996,0.7872729880011845,0.9311159083909344,-0.6039798866072239,-1.101483756976957,-2.0346816726946724,-0.3626028336796952,-0.7775331239548554,1.1616088136571376,-0.2875581101511349,-1.030405737227558,-1.1885354539611006,1.9888200537837943,-0.02208631499157738,-0.7815044632739434,0.12404180777202146,1.8968891561650707,-0.38968064229955557,0.6870107094481968,1.1864610373303244,-1.8914238918499067,-0.6384124186695391,1.0610866281588633,-0.6993034391025061,0.4146253992672834,-0.75848159912481,-0.44555190351192697,-0.5673638056071063,0.636670153695832,0.20158011419959287,0.09885944501101981,2.5074952378588335,1.7396974071200668,-1.9812436205537804,-0.44340967321854846,2.4264636746069916,-0.574590030688042,2.0877459858751446,-0.42632681486826046,-0.23399757054656292,0.8635713591358122,-0.09020717500783575,0.49462463957428626
GENE0045,-2.155762097855749,-2.5583410549591252,-2.3372074330026105,1.5584866746659962,1.7427780548010026,-0.733543163097348,1.980075233444019,0.6423655920501782,-0.21367676886986164,-2.0208175845859473,-1.3775763800646668,1.7001349103999372,1.7396652519704507,0.08528406873324018,-1.7702441759754863,-1.0869752536506059,-1.6237683520495778,-1.6601112599137606,2.026802368936906,2.059917908414474,-1.1208471535655697,-0.008734975897599313,-1.2847961599318027,-0.015238046500086614,1.6393038833690963,1.0787190508030151,0.8086627654972872,-0.19417973726286455,1.2619671159963644,0.646668746583331,0.40391558131571953,-0.11540933819978547,0.3183729395146662,0.2882515778693265,-0.5414316450742607,-0.7749165337272664,-0.9969069603303903,-0.9328631117935932,-0.18810287554505153,-0.35268489899558153,-0.6207337466025565,-0.6947814747351655,0.29188002611631647,1.3776074471743054,-0.010915681073449155,-0.07633080004076884,-0.9348866927133695,-0.2230698117907077,1.1903363406093688,1.0374611035089725,0.9679737442743352,0.9358688292198426,0.4367325555648351,0.40120716348299545,0.24475032668477378,-0.4168852800525142,0.08369939861550929,0.21559968370586682,0.6331686033160521,0.10025648704515945,2.105161380972418,-1.2098121970579119,0.7544756997706997,-0.0412437066390535,0.0021462821265419876,-0.8125757823108081,1.019343267248685,0.6528415343211572,0.8336373968036918,0.16924540481896463,-0.32489481464022496,-0.06656154854445688,0.43346565005563986,-2.0055761729197408,0.8729328675754577,2.4261928146830667,0.4803350469534765,-0.280926624207774,-0.16123525467926955,0.7075423509341688,-0.25828866331511835,0.8686752713391771,-0.17414071713024398,1.7141834666243372,1.686596136022188,-0.3301696679409411,-0.0810238367387997,-0.022368861878339998,-0.00896632576373965,-0.9474290450606763,-1.0872606842743522,1.2497575715479559,1.089787014204167,1.0725207141772715,-0.06937836694032916,1.8920117699896957,-0.022468976674567223,0.8628761738997408,-1.3886220145349841,-0.22973533149785047,-0.15582105557381679,-0.06548753802161475,-1.325498967995686,0.7038809278242575,1.0286103113033778,-0.7438593891229156,-1.1473415163213292,-0.7689416248939225,0.49549866914018087,-0.5966033549083545,-0.1340652496363761,-1.0734607447026951,1.9792864055014634,0.0731986281627831,1.1497153292266302,0.4931698342388367,-0.04188005496506906,-0.09366232488927782,-0.7252436766377852,-0.4504631508837254,-1.0078023315985045,-1.116865971932945,2.0863754175513516,0.2789123650819429,1.4657172417040598,-0.794062257036022,-1.2516035924647442,-0.9777782109588511,-0.42207188508969595,0.03649993182615992,-0.15093661684399282,-0.7731909684866285,0.0877150093177639,0.17538612453994687,0.7022764275515784,1.470432303012538,-0.36389378950892304,1.215480593634632,0.06593759342798698,-1.5273189874177815,1.783270810395837,2.2725364418996903,0.619096478051551,0.08978496441913161,-0.2714050601644967,-0.4639479694844082,1.2107012531475165,-0.01727323804817288,1.6739397972447685,0.03486241532916554
GENE0046,-1.829823358235751,-1.5985407842184514,-1.5395697934446577,2.0715085379320817,1.890764749168291,-0.8183374833362532,1.3244826258410705,-0.9545493108244779,0.8627049219900169,-2.0630118115008154,1.450087042175752,-1.2702318390275464,-0.8763937434747587,0.6803425779863251,0.2704081342080487,0.8949874360948072,-1.2782626292575752,-0.28680540933353904,-0.6170782092104371,-1.1101887981524234,0.5958974585203659,0.9430514466067954,-0.3368662050405336,1.5227112992961702,-0.7857002208783427,1.4984673241370412,0.5622390597582658,-1.2235671854750108,1.9815242670826692,-0.4444775331910273,1.2051177396144506,0.14564912192963253,0.3744412244518318,0.9012067804923078,0.8458511844690035,-0.3421465631234604,0.531665595938595,0.4565998486985019,0.21356119968924533,-0.20331653382972917,0.21156483319424793,1.96754074619586,-0.29502735211415737,1.2065874198042088,-0.6196364239164643,-0.8813146623227437,3.276399345113,0.5400241969892433,0.5675134612896133,0.5952277718342022,1.4072997065345885,0.4078100146177539,0.8162218725571921,-1.0585682782565227,0.9839235372444523,-0.23676055803754095,0.6717424821918727,-1.7151199546946958,0.6301795923651135,-2.2418963547748287,-0.2759154704361769,-1.7055515908996055,0.6330367262505261,0.06926988117587513,-0.7707874030402765,1.434408045034828,-0.8966664943333816,-3.031193832490089,0.5136350338651522,-1.7665987194139492,-0.8650096430108425,-0.5173465729392782,-1.4239938496960118,-0.4937275860582207,-1.4052818872548896,0.16238318513304686,-1.2287452557521887,0.03014639878201458,1.1620077042712105,0.7823727702921633,-0.08171069214157814,-0.9887373184198183,0.15917711592258094,-0.6957191244670855,0.20112345870152593,-1.7152852174529993,0.8072610563356423,0.033216563013147696,2.2085166800091733,1.3060614618427262,0.5661869364210564,-0.12399297370756884,-0.7296043637016657,0.9424092950341348,-0.22946979131971185,1.1683646329483,0.4008231637352854,0.4079971272497635,0.5945261269679613,-0.9196269384375572,-1.0221362438736228,-1.0567094483632247,1.0474969148759905,-0.9457215875184727,-0.8211597081953365,0.5375171269731426,-0.25204912463485596,-0.37979424209195584,-0.4665549688269199,-2.325631677841348,-0.9668815259640181,1.1815631368820914,-0.5393981015339728,-1.9004897060177401,-1.0079942388684906,0.3598539647549959,0.34003460920573797,-0.2942806125613498,-0.6892040470850336,-1.4021959857560435,0.3681850364120082,0.8378704176677894,1.288880002051845,-1.1105873586900432,1.3655229804061881,-0.05661208726445672,0.026571963404306374,0.8935920406314611,-0.5409539034797328,-2.1638030013490286,0.7048615481957615,0.34857074429507295,-0.3602768468769759,0.6225313439371939,0.8269434604651958,-1.5120063120615763,0.0225129743977275,-2.2775626068490844,-0.12369318951178283,-0.3727422440286893,0.4919090174272401,-1.0730552296239266,-0.4214865358515187,-3.2160571992571363,0.5575038210338372,-0.08839991679407365,0.08724143782060971,-1.493430736034726,0.398062174853005,1.6527497035142258
GENE0047,-2.0202008432074523,-1.766918621317968,-1.74669161067585,2.0553265668970506,1.4751096995841222,0.7881218046934625,0.15984057716539674,-1.2192863858260627,-0.8018621768380816,0.061086172598312574,0.9238650159641746,1.4795272035185179,-0.1341253790451568,-1.3646486738693806,0.23846514032379457,1.7848823990323515,-1.6227484053225147,-0.9545956492889311,0.6109643442466431,0.15359913525416638,-0.5450197282648013,0.22011387330145232,0.9775452018543154,-0.098336342192499,-0.18600769429209638,0.5890241699257166,-0.2705148819041963,1.1425235608781303,2.0267396784843514,-0.892941968129662,-1.250025532784049,0.37171923869004314,-1.2855045230279023,-1.3025774789535371,-2.0492057703238418,-0.3822522475718751,-0.032990302827250004,-0.5173629891422328,1.3903331835321713,1.3158872670461172,1.9288439640217565,0.04652846593370863,1.1838190585107766,0.30885264878715324,0.20838231251962103,-0.4673860752954615,-2.263146790755144,0.6372914550139895,1.1541362365280234,-1.5256179282982496,-0.009698662182608321,0.9916471684145696,-0.359498776645418,1.193103673332268,-0.1402830333573683,-0.5251585306982606,1.2502869129412333,-0.933753736140097,-0.7249040318247932,-0.8955458847173062,-1.142595269487263,0.15303391737438812,-0.5129346017785028,0.48861309641645756,-1.7346403355315245,-1.1225480905044163,0.05157908952637019,1.4696805972037168,0.3785021489175206,-0.5893905948504429,-1.4895313533802972,-0.6478460484060938,-0.04248412254282049,-2.3576918940430893,-1.2133700702479149,-0.7375559646469723,-0.2574086071849611,-0.05433647974870458,-0.610867778207135,0.5058731822029174,0.12470690303046499,-0.3700632845051798,0.6437753809379322,0.5619406165101333,-1.4537985507462725,-0.03202756915864482,0.8902605314672007,1.0574892793021782,0.3709087906352869,-0.23328856174639337,0.42131979423243615,0.8077734312917835,0.11583194900956444,0.22860414557842074,-0.24980315433531908,-1.3367852010836798,-0.17436412025215542,-0.677113945880534,-0.6739213776630413,1.4338344891601564,0.9515573777304999,-1.6934990908350727,-1.0848787762763399,-0.3635620445525684,-0.6406322301359623,0.3174182735037913,-1.2435850778072015,0.9585319612986151,-0.044005544941825944,-0.34051204471117696,-0.014319442715773,-0.4175080735150316,-2.0306425707261035,0.011925980771476226,-0.32074638863455823,-0.954457012652753,1.0974298314165813,0.6694380133932271,2.4388567065792515,0.8348285011924532,-0.6434350670302766,-0.9057893786017872,-0.4943056012863549,-0.6666286156786452,0.10878336385396588,-1.5387973771589998,0.6472865640460312,0.09119636937142765,0.5324643077886954,-1.144146477027523,0.24668877033605638,1.299176580869636,-0.8605072511002159,-0.8878557074772063,0.7119574667172651,-0.9690510515375831,-0.2332839831572693,1.475732678992345,-0.873668891922626,1.5444420988742655,-0.33578174195413085,-1.1212013268388503,0.6037041551226275,0.1077481346260674,0.01318026088668942,-0.7687182605183653,0.10045295045211468,-2.06763055408835,0.21876473678477085,1.2972492001860536
GENE0048,-1.7592937504021997,-2.2110464860224583,-1.9908444889346886,1.8582790650386922,1.904530471886406,-1.1808359169921354,-0.24237661538640737,1.1491370484685344,-1.5227145097905055,0.29439275913620677,0.21964158661701466,1.671962960073275,0.5710314643971474,0.6285994930303792,0.6993003997179004,-0.9242320153191939,-0.5728225235804407,1.1168681622707382,-2.050799855994148,-0.6823110722071305,-1.3308092618619995,0.23424404203927096,-0.4216085853111196,0.6259704749887176,-0.10899516071138146,-1.5460923203036725,-1.499867639262517,-0.006048518639085177,-0.7711349672336278,-0.532633852777348,0.9384154217891143,0.7590326768672186,1.797733840577358,-0.3163355447400646,-0.641146634452866,0.41818896442890974,-0.5607944692399751,-0.5280611130257374,-0.20210159393183622,1.6527489558168793,0.7039658051286266,0.8088204022778498,1.6078543368082463,0.9025329600753249,-1.1314056101350374,0.8873823641411338,1.0142548571152574,0.6518648526930954,-0.19544187379288433,0.5463317060017511,-0.020239721297646392,-0.9780883762484497,-0.7296336453351577,0.7037228188992819,-0.9058201794228425,-0.8115535434762642,0.7533844599846924,0.13378906286510542,0.5771933171877279,-1.2290179365531857,0.5494295074357635,-0.660028148910743,-1.0168839855478449,-0.505344892200297,1.3620649569274774,-0.36445413494894163,2.201390712287935,-2.062178104748147,-1.5462779189814124,1.3241852371455578,1.5756045591557335,-0.8634572371883934,0.06889361672285461,0.7121899185032764,-0.22937568736475497,0.1498670913877777,0.010933013243189653,-1.4814469796527912,-0.3446612859620184,0.012365095136532597,0.10312183410805609,-1.7305061086190905,0.7536938995540108,0.12949365289609474,-1.0553862213417338,1.799064234023653,-0.34658458161881917,-0.28164738225493074,0.6417092451913268,1.8840011375698578,0.6810395960445219,0.8261098366938703,-1.001621865490398,0.08695970203716943,-0.5322617261715757,0.7041298480492758,0.796965795509925,1.6332295165199409,-2.158341916889131,-0.63057816231632,1.3002489442520417,-1.4015298469325184,0.8056510328936717,1.1340005008147496,-0.0283398453664603,-1.4214646871565255,-0.12151967820023801,1.4586813374587233,1.539017375255416,0.20788037677769067,-0.9772376887147608,1.738397194049411,0.8209228791097093,-0.9115099686768718,0.3425189711405081,0.29674848097815815,-0.6367951015495571,0.3481068147147108,1.1061868381238813,-0.2962491987642396,1.2082690915880543,-1.7553545693201642,2.2182669931208663,0.057351269979681666,1.0730209948036222,0.21861148653470555,-0.8235226168569771,-0.036376623659504295,-1.9094710179012568,0.6883869307128097,0.19376457864482052,-0.19155715846824467,0.7526995710756373,0.03752326159319303,0.6068298722825746,0.9623165788801443,-0.5492281394953985,-0.8354102823918249,-1.7225600747524696,0.1225607988278583,0.45209728845068775,-1.3236153984890395,1.4203798480283505,-0.822335471352724,-2.103500091725501,1.4948228998923268,-1.9730149999848399,0.9641787733834252,0.7211195208758526,0.31955410121987704
GENE0049,1.774410842957345,2.355554443527196,2.2305566687532945,-2.317943017922533,-1.8830170559945958,0.9308745119372439,0.29305109092155535,-0.5379748780811127,0.9354573648487758,0.5083129561625233,-1.0159596631945673,-0.3673558087682479,0.8190549384206998,0.11458061710084447,1.0859828944453254,-0.3416466956483962,-0.9998952922481001,2.193602615610071,-1.6808950827464908,-0.4998395974016641,0.2797480006999844,0.9860838914777112,0.646449368542261,2.311259004942879,-0.11759845265813158,-0.8729832613505268,-0.21969602421644946,-0.31997652935102444,-0.06829514729013945,-0.9824881228992798,0.7840560382503569,0.3708302093362092,-1.263880829074111,0.9680250758705841,-0.8114815369845049,-1.182815502304289,0.08732870392164904,-1.7578434493993103,0.589503049877248,-2.8388403307831935,-1.0293626899886377,1.5751373210879114,-0.6866592091733184,-0.5115852052062981,1.2736650541304377,-0.7928636050723185,0.7634381813894765,1.1741881650593213,0.4785303141499034,-1.4448973229642597,-0.6039858592158763,2.713619777528997,-0.4905236525315732,2.986329375576428,1.7089640520298932,0.5190695393722207,0.29723427249751627,-0.4648233551271014,-0.08891259090346215,-0.6887241565242733,-0.06362640381960291,-1.362194891382653,-1.4157710130558239,1.3010156626547096,-1.6123097359794165,0.8861381534941315,-1.894382195925908,0.6296376030255896,-0.20758434514303986,1.3213162028034042,-0.3319944588800761,-2.009540055171467,-0.1880362858866683,0.15966056554792507,-0.1319776420317892,0.5751078209897706,-0.5643880987057234,-1.2634031625456064,-0.9996488843142238,-0.5157673445295374,-0.5243486162483538,2.406122358003271,1.2551054165830837,0.6867092043485655,0.4460125107285377,0.29977223560213645,0.3050005452097285,0.1632860530801324,0.04011908243657868,-2.0918640945508673,-0.36912727307249366,-0.2403008051482479,-0.7489730972700454,-0.5560969362288024,0.30074901718079544,0.7675900769499596,0.299236461918441,0.7424442386469563,0.7601080308146904,-0.29970559352785353,0.5253074625021505,-1.74637247962368,-0.3843252268587723,-0.5018515894662998,1.5313268023142323,0.337087292733681,-1.3344540811529162,0.5945838047755574,0.9097833451011628,-0.08966392153963396,0.6902559291228032,-2.495707383782465,-2.6993223494322995,-1.178669236297522,0.14903970062499755,1.5321637696085468,-1.1264276888827558,-0.853677408287937,0.08860639072474857,-0.4923187949790351,-0.5491907692968236,-0.4214748374312925,1.3147884915190176,1.1161342887381218,0.023469322292615936,1.6544802739196438,0.5090283540679753,1.1538941345384908,-0.8605465725486288,-0.653677053748058,-0.6643822914959687,-0.08672224914150004,0.059913237091261326,0.3241773085969957,1.9731048680819048,0.7212781292490482,-0.5147916994996568,-0.0032743790558235593,1.504942189115205,0.7818798426041219,1.4917821634240598,-0.48268326364734954,-0.7116615385763058,-0.6970447013594224,-0.4019864911361351,-1.0632830097704935,0.29519306170841997,0.31238724341164475,1.3387779704210623,-1.760262500580009
GENE0050,-3.034353364229962,-2.1193458764044752,-1.850450383638953,2.4988280280169515,2.467932822888442,-1.0099542026761599,-0.7287293926540226,-0.8465118444436109,-2.0129080438933564,0.13281753341626526,-0.5228525870362869,-0.7329008084917776,-0.9134251263173027,-0.017746692418393682,-0.798539514558761,0.221567527608239,0.45918016733486333,-0.2945776404999956,-0.36246763975942536,0.18549100031849017,-0.028849720134268272,1.3301593553547282,0.3182655375602048,1.0955860002743094,0.610511002359014,-1.3184181401263892,-0.5582648758056487,-0.048097423042657995,0.8684443105959316,1.9278129974385718,-0.48414713088721034,0.05525609828667641,0.7999112816883867,-0.057827508305891395,1.6440967778524607,-1.3477869752125091,0.6780199154669925,0.6682132544361378,1.1520386983137296,0.06205134882299451,0.8915212184058299,-0.24913924623956143,-0.8013912702625892,-0.9472030111595046,-1.4414021873754232,-0.4413587915148518,0.31148837705706356,-0.20813209608425529,0.19796609997355485,1.2348790173863373,-0.5174865483256956,2.3402964980453067,0.7552429989905723,-0.1969257225752349,-0.2196020942255738,-1.0081299567768498,-0.025716964887102477,-2.161596133238537,1.2557661752685587,-2.8166108000172683,0.04175097336784854,-1.1439890013233718,-0.701178651923643,-0.5721519329225444,1.9256261274619442,-1.1032507054703398,0.9142595447941229,1.1604018292673417,-2.3384282002430976,-0.615352766761434,1.4844590928257,-1.3147734507194535,1.1982760366446361,-0.01786658140108544,-0.06109732956768189,0.0694916127196336,0.34257183153145665,-0.9556381846942431,-0.26041953315253874,0.3705984139802113,0.17688583943000827,0.3492255625444667,-0.7186870441488834,0.6322992097833006,0.1264756754883747,-1.5807000516739227,-0.5313715169669784,-0.8955045203086053,-0.9083780929706866,-0.4764801304514311,0.6134719366917788,-0.6267922495600579,0.22505788525793918,0.061162567850915076,-0.7790524043066904,-0.34481513066729513,0.8648492232989141,0.14980630694108532,0.5488278614010552,1.2724965439077798,0.4349370541780767,-1.9206888668853224,0.2705977161156537,-0.6181114316735742,1.8103026100041621,0.3992694076141758,-0.5974382974725463,0.5665119294411894,0.0907909029671071,-1.7179573137198072,0.8630607812527138,-0.40553991406707834,1.420618292774008,-0.12443078414381013,1.439293483835469,0.42489814990581537,0.9741233692959304,-0.4918194904828303,0.3530061805464952,-1.7262347840120666,-0.1270369028750425,-1.4845315419310572,-1.1429771408530993,-0.8908042657446247,0.6604209359413116,-0.14736013475628804,0.0314270093538459,-0.17458772422775815,1.0807204988869867,0.00404195782316077,0.24883707875137878,-0.5702531928280898,1.1494092936662468,1.224389286802904,-0.03688895306890407,-0.5842950296804812,-1.6159763337170558,-0.8685964306357081,-2.1670900615257573,-0.9106425200879945,0.35697009739526736,-0.0503999505990221,2.323266984454728,-0.3710567148003856,-0.4491317409544426,1.0627695995287993,-1.9269362882455545,-1.4817672225794876,0.6638413612554662,-0.19542420296937088
GENE0051,-2.647960875295049,-1.684522808352218,-2.1680957886116485,1.7996114699259425,2.436123801175639,-1.1584835618532354,-0.18239698738255672,2.024868940495847,-0.4249357897375238,-0.1317581881917793,-0.2025229974690826,0.17453140834448458,0.46815197968425365,0.25723775067652227,0.2793158417725047,-0.18083338439885213,0.10028972250703876,-0.21395542918754967,-1.8123587064271196,2.630615009851872,0.7281727495472169,-0.979319205284551,0.23006040438340009,-1.3461407225802056,-0.4942015491627052,-1.4819885411257958,-0.05118484564042785,-1.581355226130057,0.3884228943128649,0.6822210809128297,-0.8269805995836251,0.16089420419906206,-0.87996435202241,0.5117309642699077,-0.6886180485624596,0.7889701250469207,-1.8115918203349892,-1.0049759150998872,-1.1088163212865454,0.20335375840499775,0.5550896994415868,0.28063736678268697,-0.5089765283907034,-2.7950870659419196,0.03870229475756321,0.7880490843170695,2.6805088716332452,-0.4243952207106612,-0.6653155109340871,0.3202547812881538,-0.25615844322144626,1.2753734072632077,-0.8081886582481381,-0.24884771899102934,0.8762130742723462,0.30836431263188574,1.1612076717580284,-0.4365660514296659,1.2632845023687043,-1.6638403732769556,-1.6238053114724023,1.2790399164592539,0.007349575464749858,0.9208158658799955,0.09947095810915063,-0.00704090853069996,-1.3280208591242249,-0.026839568317151834,1.3616072363167513,0.05667029407167183,0.6820781957402268,0.6543739593936179,-1.0127080166616316,0.8571303317527184,-0.31372872305984767,-0.25965240829469444,2.0976951890053264,0.597303366831519,-0.6385020242772084,0.06453806300972237,0.036619926358222935,1.686093154338994,0.039460580464104576,2.207998653330968,-1.2967326974200395,-0.03235275367069412,-0.7628554421965549,-0.4948286054196252,-0.4731215046093557,-0.711306679998877,1.7301718049856214,1.422560328842514,0.4026445114641222,-0.4743518948893711,-0.683233042777688,0.7418087414777685,0.3001509512361751,-0.14482595359958514,0.5411930073004309,0.8910705409104919,-0.15404003002697222,-0.7873259126880789,-1.321115666827012,0.2506316743414634,2.1672459731329945,-1.1106632699512438,1.0994690810340573,-0.6755561593467891,-0.4740315359130864,0.9149234801178312,-0.2552581566621963,0.2482597964904795,0.22909475621236441,-0.6739476617634077,0.8950975559201985,-0.06158218723279078,-1.3885102489172416,-0.8924840191326041,-3.1166528474598914,0.051992032174644494,1.3040664633488368,-1.0471498277799574,0.585538258338495,0.4305673840619083,-0.7518775255875075,1.5365341563181696,-0.2726604402249168,2.0102683798365533,-1.635678969000222,-0.26913555159124275,-0.1502520240166568,-0.0406130213206811,0.7163309842882809,3.3981273176629,0.4550661535347574,0.024240242625477082,-1.096199523567522,-1.8901064726537538,1.1702608313680876,-0.5467841559157098,2.6041583532456154,0.8682116183855557,0.3415594734479631,0.3941288958921099,0.4039767650554655,-0.6945669453637701,-1.7515027038203508,-0.5506851265158396,-0.018356224193736944,-0.6478173012280894
GENE0052,1.3207335244077956,1.905578825992886,0.8547651524636457,-1.7454297465523727,-1.886433858196574,0.5870979263002958,-1.1319334675943329,-0.7954247917548061,0.3110150743781913,-1.0045088309328234,0.10839824808820993,-1.2625245940527738,-1.6496129294336135,0.7360787560448773,1.0270458521777606,-0.6308209939074417,-1.5204625824708864,-2.2083721890129024,1.8420001495344303,0.11139085350495989,-0.6079932971682473,-0.3639115638274787,-1.91333225014893,0.6198984737662316,2.000107691885334,-0.782757008879377,2.3834570366468655,-0.11640489946110076,1.66675312854367,0.30722104429568986,0.30613118900499553,1.843925742515286,0.7827039386018507,0.3748480783328206,-1.9413368380718552,-1.507208565856235,0.4585549740189212,1.4677833053712417,0.12845106724629307,-0.5913046388789457,-1.839170389171607,-0.7835850574837824,0.1309811291970358,-0.8564566522457612,-0.964446270397466,-0.05111726347663867,1.4484116701223901,0.6847193878884175,0.285871785370116,0.18848638076042115,0.5511767023571392,-0.11013157578269007,-0.4110816176784839,0.7381939592582714,-0.22539528216232319,-1.1885974024676345,1.4433000101297884,-1.8699272950480827,1.518322824567314,0.5064552465077627,-0.9691507327393264,0.024254553886991242,-0.42886340069726764,0.8077257283550481,0.7879312524960529,0.4613635210800931,0.7463830809835645,-0.11483242508622125,1.7616750951939784,1.2236068834576266,-0.4770057183213565,0.8108617160332247,0.7235822859100567,-0.2597616552876761,-0.33825664424707685,1.2145080117778038,-0.014693753025559694,0.260171890336454,1.4011040654640814,2.5333390006978433,-0.526624946980564,-0.22090025092110704,0.07400401194286525,0.09673643273801409,0.37635488861189087,-0.49017850813700087,-1.266191019612826,1.753825244849748,0.6120825008037826,-0.41853573333948785,0.43711300792073243,1.8329505259537546,-0.7880216187756558,0.21114021307695982,-1.3898647409015294,-0.11834162387382174,0.6165953861145571,-1.1147232559550084,-0.18720136910847632,0.7999272995299169,0.5892001322325895,-1.1576316809288612,0.37377487490223954,0.5587188371873778,0.10798551668603056,1.0893393093166917,-0.5894473186396925,0.4124844627915127,-1.1652002870532356,-1.600625843183379,0.7810789812152732,0.020562470429827465,-0.4634175711160962,-1.0651560140953598,0.8271023817633405,-1.5080143726328283,0.9928774681886875,0.450997370432614,-1.4577913880148494,0.12596141487863907,2.6537248753663505,1.1894182844634764,-0.8280271791876589,0.7167056822387093,-1.4159131295368785,-1.371314176106123,-0.0673056699677156,0.5516522685790743,0.8113303189214178,0.8251837245533683,0.49475011253520057,-1.6139911270961003,-0.06093163514728437,0.9686818916312215,0.44329092660742553,0.18210603205732684,0.32922586691031347,0.31251987977721984,-1.964897282976844,1.1548911426353936,-0.11053290748678851,0.707586457485561,-2.305645505204216,1.6609919041406227,-1.1564116437728786,2.541341032030526,2.1192403872289507,-1.3249160194224634,0.8170366862591912,-1.0172118579001592
GENE0053,-2.15859669018078,-1.9804568163843113,-1.368594197002627,2.0530457223258898,1.6552844556094222,0.4399514034031104,-0.20410912649344204,-1.820552881661241,-0.434032263769012,1.6604268534933473,-0.4002812712029349,-1.835536811025906,0.8144667327485066,-0.9275101847098595,0.21442893041244723,-0.17198649540817798,1.7616702321368773,-0.1712833244641871,-1.144589275339776,-0.4688476040618242,-1.228776149049634,-0.2092647116644092,1.7697907328371107,1.2484680394227587,2.041190503194086,0.4792500958967251,0.1431002076430992,-0.9982930583210694,0.2696677889872804,-0.13036128097934865,0.7786273646421575,-1.1222549787929021,0.05268245431008198,-1.5734971240144306,0.3376125925551852,0.6757518815092038,-1.6215100915888327,-1.339752253686006,-1.2959800206477685,-0.17762495864332084,-1.3974846128304432,1.3784902221527295,0.4361529815080361,0.5990395797343382,-1.5890478856133363,1.2931780855282224,0.649609440098562,-0.6823456398792657,-1.5417679247047975,-0.07612722306890851,-0.46643141236127256,-0.4249268355569598,-0.7054319960782337,0.7214359073440844,-2.600575019529331,1.429927790332089,0.9981164887161206,0.2106851882954789,-0.14408557045249443,1.0830506555535826,-0.04225915609369724,-0.2784294845234738,1.1387180678560977,2.0933957250499264,-0.971006823410639,0.4247993134767853,-1.0863918778775465,0.5016396822608584,-0.7781814783754998,1.2115482569117613,-0.10011940196124765,0.04647866920478809,1.6311150974555833,-0.7330029191123658,0.684842194105591,-0.6334534418836993,1.1962975438431387,1.7867554488303223,-0.262907197874966,-2.1940903997612478,-0.6881370621515897,2.432636324021755,-0.5921141931896984,1.7710211503980606,-0.6062859901292459,-0.6309993558939682,0.7791875770008039,0.6593409950691119,0.852174181321905,0.004910558563553437,1.034360098014559,0.9615000943039684,1.1490280629982936,-0.6235590552991402,1.0336292027789111,-0.5213361424671525,-0.15710122998950854,-0.17762703762329876,-0.9981039109477717,-1.7355176103597263,1.2237240425047213,-0.7022495423631435,-0.2697397245750924,-0.7307167800986489,-0.25665453670229804,-0.5059029403923645,1.279083869442422,-0.5905041485967646,1.714554147761008,1.1392713991971015,-0.47444699149447894,0.31981163479617813,0.5193463295971336,0.8416072037583913,0.9404670077214295,0.18663265651273872,-0.9544230996419101,0.6408883245136207,-0.23650637545752326,-2.7892049920138704,0.3902784770595461,-0.7341100512387413,-0.45838807685368677,0.00602113581669193,-1.553647043369941,0.13904147711338619,-0.3167074442742699,-0.8772199858868932,0.04624182501819926,-1.6901962176328016,0.07562677839040349,0.4705989135033593,0.305248659617571,0.7888842075486421,1.1653523825521162,-0.08134772703574868,1.0954494845089495,-0.08508516565102109,-0.6994608735492777,-0.39275061839707964,0.2669775898716591,1.085177848172317,0.0014628548137902023,-0.6736568716031917,1.4442600468203788,-1.434816511346655,-0.6672053844763253,0.8927843782269886,1.7664572465375616,0.4806812642203949
GENE0054,-2.166388956003583,-2.3285554810700435,-1.9410450632683325,1.704217349773446,2.202177012797139,-0.3089937683704872,-0.867445996680596,0.01361561438082699,0.16183947304260143,1.6343831986477642,-0.5973971256906215,-0.18077675480348723,1.2591813215132046,1.8050893504578904,0.4747109773986651,-0.25356317144820206,-0.47301766727095396,-1.8430668148602856,-0.9277682990957032,0.10156242350360772,-0.18098586601432187,0.6234079739950275,-0.19520278682916792,-0.7260572966372096,0.3413442593453236,2.5052652454734647,-0.31734916739652724,0.13888752134537663,0.8469255812126805,-0.5716183915692663,1.2727575366353827,-1.5790401111179289,-0.4077270172686185,-0.31122089750855303,0.151157745253608,-1.9714812999899154,1.3527398946610956,0.4142175849508347,1.1228314454991277,1.6130357374638709,-0.7405637783370573,-2.4943540007227973,1.1463660752968312,-0.28638267017338714,-1.1331684958720607,0.5762996530405098,2.4635569321322595,-0.10890649513833205,0.9511163073023188,-0.9875027934694685,-1.6867577654495531,0.9139404693229914,0.5460731718082676,-0.4657028346590745,1.7062193080253947,-1.7644889696569042,-1.2300300759220195,-0.5428675947525371,-0.35639700732060503,1.4653547075286175,0.04919793781076271,-0.1929539895997672,-1.2700067677908868,1.0866335418415303,-1.1366408834672381,-1.2746112913601737,-0.4002581409471725,0.16319402465516725,-0.7201426001603074,0.7070175029576056,-0.2829762769807495,1.0527689396115851,0.5051106120830741,1.7914793403641365,-0.4422289258774891,0.8439710244055942,-1.7868112218136827,2.8916586930758936,0.7939465334712549,-0.2963072222227201,-0.2591252106328507,-0.24702307363726908,1.8400366231016745,0.898549500341217,-0.443318302385349,-1.2388150181242825,1.1961046355079166,0.838548926313624,0.7063706972505993,-0.08374443538190161,-0.29961744891075925,1.6852235114797387,1.778269239304477,0.6401248756416215,0.9698408648399088,0.23609816417071042,-1.3699857724669031,-0.9797427560096463,1.1461819030494391,1.2737053478111904,1.054127008309619,0.3460523100870328,1.0912989562952675,-0.058137294499229976,0.6213903365383007,-0.2046823681201177,-1.0567856331498822,0.8645719724972687,1.2751244046611432,2.4739587804167162,0.26402900139599467,-1.0478098183782303,-0.328440737328814,-0.13589138552518037,0.14849780662791137,0.4708762567384327,0.36296929239666775,0.7770822584652559,0.19742304769258168,-2.2252959027767756,0.2271338286934484,0.08673076130718821,0.5502668638209331,-0.36148220557752314,0.22352572447638855,0.556242187528883,-0.16004220173068698,0.675870602230281,0.07012493246484428,0.1566588323151004,-2.9227087990570007,-1.1438872848255242,-1.1411658156596491,0.2163322178996688,1.2716652332964993,-0.11841510471612826,0.848298179304868,0.6482526563258691,0.13989342347031813,0.5739767008316777,0.24594371883183785,-0.14228049679277768,0.39108034966653454,1.4466314098017299,0.47274897347569583,0.2179711200386592,-0.877450581169481,1.4158751492646091,-1.4070485309989456,-1.7060630805981012
GENE0055,2.773233559346208,3.1769395323890484,2.728629580681902,-2.3797945196954613,-3.0171922149211987,0.8209819347379005,0.11801596410790594,-2.099571642580309,-1.7233031203192695,0.23993527772492584,-0.23279200038544726,0.7273302849030036,-0.06821629173123701,-0.15518063225233406,-2.4263175734587334,0.8224323117726177,-0.6491461847589073,-0.3982059237192233,-1.0697790431091505,-1.5404110639503477,1.472137828165119,0.7954876949548881,0.811995575354132,-0.21651061809936764,-1.737922445965795,2.102044755837806,0.42229163126339586,0.1367892000769957,-0.35913302229707783,-2.044556252937615,1.1415587322767222,-1.0577035069022556,0.5465691628622559,0.770833961123564,0.334157621873155,0.4699735403318847,1.3461197518982968,-0.7924154118329717,0.16450259004350581,-0.2251054046798361,-1.839565047822103,0.2863333298670089,1.2512505965246858,1.3763341586771942,1.85747720929573,-1.773719124589243,1.6286276978812413,0.1848397643603801,1.6005625073699596,-0.39478240919542645,-0.530800478794885,-1.2152725762268937,0.7759775664061606,0.5144760705317492,-1.1170095622303255,-2.1641367670130003,0.4152452343233938,0.5291703669447326,-0.9869515117257659,-1.1878284133709622,0.6558681791462481,1.8563936983248859,-0.49499019890806567,-0.879638932722936,0.29885846375057945,0.635253064848071,-0.364290095892411,2.025091083491953,0.901685122141679,-0.3812707060316669,-1.5924829722782052,1.3194217878148724,1.191931236215073,-0.30275286996176626,0.3505754576125445,-0.1504698974825089,0.5205988811089679,-1.024949531131682,-1.167519120076846,0.8108637327605234,0.9376148435095977,-0.49079202562160607,-0.7491210759610244,1.1475664521446984,-0.715262519315179,0.0554112559857662,-0.07141497837265344,-1.4669059453519193,0.19211426707866847,0.09440695340416014,0.3601912781016061,0.15823086965328603,2.1356874094133724,1.1616782313232301,0.03880900045480176,0.1302390838495389,1.7636192077507902,0.8630877860052469,-1.2290028604944465,0.9489482228070966,1.2428010820599429,1.6177170757757846,-0.40149168160748844,-0.47445049546896756,-0.9418150214473305,0.3081274643361337,0.7328675824556993,-0.5133291866775045,-0.141815297669161,-2.053717795619064,1.50944905040265,-1.564976371500097,0.37477975219280407,0.2382548333723474,0.04580796853159671,0.0687968783396897,-1.011781175722834,-0.3280652041944946,0.9689506522521703,1.265155500436636,-0.4209009385749402,-1.5604195304769135,-0.7786738512970465,1.852697094852882,-0.7191444899872259,-0.0972036702597796,1.415912362019825,-0.5268960053371092,-0.1655353896476764,0.7944982907563105,1.711806867529505,-0.6455518646949786,1.392095244121183,-0.2815287098643214,-0.8859287054649382,0.24955643030755706,-1.157568057768597,0.4720114314628812,3.1496480111345417,1.1056008152536936,-0.10489963779012249,1.0522019076744333,-0.9315217286172649,-0.76367463600217,-0.0771647752112645,0.08778119984983719,-1.293302819209767,-0.30647749211043135,-0.14458871698605452,1.5419723478386336
GENE0056,1.6246388133054024,1.9555162548564133,1.7521932478623525,-1.8310555498745145,-1.742594639439912,0.30267689342297366,-0.28860803000153085,0.6761049292948319,0.8268892198167086,-0.2573108661846765,-0.9486245101864299,-0.9421220953528093,0.8787342780476652,-1.5442733210975552,1.6770591752971125,-0.4561256934946034,0.3095319303042382,0.7017100579770927,-0.6836857150290852,-0.4598978426552452,0.13197000194557526,-0.8537208192156075,-1.0676417633325754,-0.9777822446797456,1.2091462860902118,0.397924846715333,-0.793167058876348,0.8727594562340973,-0.7377552468328822,-1.9504122016574068,0.6968089911603528,1.6462309518099063,0.5580396715190163,-1.8873369514350844,-0.023555400220754228,-0.27457799975296243,0.37821216264389274,-0.8472692768687942,-0.3334772500935388,-1.4200829830227115,0.22177078244138554,-1.3828959192725379,0.4374244857229345,-0.7505471890030484,-3.141414541296546,0.7937581430991331,0.4940400192124002,1.3529420477706988,-2.090118507169905,-0.6545495398363831,0.13159296056186615,0.5717058930363165,-1.462883937739432,0.43145995772721546,-0.5717769086093875,-1.8550786634867398,-0.7506809870516554,0.5143771366138569,-1.8132980723663006,0.6370518396087587,0.28337800240176236,-0.2538590771450713,-1.635197509984249,-1.5549488234341493,-0.3984816451323545,-1.1249400218849843,-0.33375860549063696,0.9061821573482992,-0.2730212174159279,-0.30044493773116476,-0.2996527756648127,1.0134019309650404,1.2933698874856707,0.42193371217351033,0.13659151739839284,0.22956261485596166,1.4279519022530862,0.47625276008722073,1.5224389097565452,-0.41908485198707596,-1.3355690197014451,-0.6690594839657179,-0.5627969307520315,1.6045279277362936,0.7364137445360135,-0.6374565243176132,0.8084111769326973,-0.12958111109198214,1.6345516920769652,-0.3337012446890455,-1.5388892570785884,-0.18675106650068315,-0.3331543320772962,-1.3432266479483186,0.5859117572783072,1.4247188303170473,-1.122484323722866,0.9727103929221741,-0.6066308273221378,-0.024718556623273127,-0.1297722243984588,-0.02471086506892419,0.4730826719950572,-1.0241826404477345,1.2933001091062284,0.5035427567167631,0.8355827763397274,-0.7800659529251152,-1.114773861037247,1.1827134318744033,-1.1577492458637992,0.14930524122544148,1.0189958316879406,-0.12680196910485925,1.1700770630296313,-0.2715583037938346,-1.2774179987810317,0.3741725411088173,0.19829603371445353,2.68797624380741,-0.9451088661130198,-0.25184710532935095,-0.7308656201837209,-0.14248458157179603,-0.1828024324063674,-0.8722998220605086,0.4682376096968881,-0.21414387208946423,1.3454829678839195,-0.6485571232886512,1.861373071318222,0.27587400637514864,1.2713334395850988,0.11545346562286796,-0.7806543998559737,-0.2635209201591318,-1.3867682108376858,-0.11153361619350736,0.17209287613183,0.04572279568544535,1.330157225136864,-0.14913383106290795,-1.8939935928422165,3.544065010959781,-0.6906085414833233,0.9687451087912454,-1.504246671044821,0.24521217346835436,-0.7945458080713664,-2.8226349582445267
GENE0057,-2.2583265025224777,-2.1645060345738423,-2.938855268202461,2.3294760854527383,2.4569128172028534,0.06914981613654678,0.1701120016542962,-0.03517808877043451,-0.1707758322020781,-0.8936535102956071,0.5944456040041143,-0.2829973472998606,-0.36382572554789916,0.5122943105042589,0.21195802700156327,-0.6982203212215793,1.2506586429382711,-1.1892239849123798,-1.0314745439107442,0.6683539678434582,1.7511355974144434,-0.5774021922294386,0.41282137273314556,-1.1923635582683558,-0.9289853160893053,1.1321981917206816,0.3657630307571361,1.1632297551407775,1.086308754436352,-2.0895496931173736,-1.195954340055588,0.27447580157780926,-1.6970899809405604,-1.054305042604079,1.4269674044104097,-0.5415658766108851,0.7102985786210347,-0.028168270152338536,-0.6799362542946168,-1.6642092727005329,0.2333021065643773,1.4546055390688633,-0.6515274797657549,0.06859835422886011,-1.5197888033519922,-0.672175191250047,0.3408816594615606,0.7437158203998124,0.5559487499581871,-2.0315513107472367,-0.45693483913474303,-0.9672811102946235,-0.3090282758170436,-0.11119143548734531,1.0663518911952374,0.29523703669352597,1.4178319728870847,-0.6995103144271798,-1.4170765579218223,1.4552426408204644,0.4334552379006314,-0.7432717673588966,0.437822878510287,0.8352595671994314,0.11919081300759192,-0.7290364280265381,-0.44126280485567565,0.2906214978498015,0.19888795535568726,1.2122600577854137,-0.2759102124020307,-0.9637605983755171,2.577054329570032,0.17448819948773614,0.834262757889537,0.5218483720258803,0.18657443856088918,-0.22774373074316773,-2.80381570335792,-1.0632212407978208,0.3291192134172946,-2.718973238006895,0.07161839271028005,0.6612305108643234,0.8332786171034329,0.598155247464706,0.9583919516171138,1.6056113832418772,1.096117935409184,0.1968313989019303,-0.13461985477275235,0.11463787455269113,-0.2754981516747189,1.117580732245625,0.5721002083009874,-0.3810764544467266,1.3240877836120952,-0.29187885403461106,-0.9457716460732776,-0.010742546650795135,-0.8241334836717221,0.9362057375372537,-0.8454321838049752,-0.11536962821082757,0.9397074919455912,-0.7122019585853434,0.41114353331964326,-0.973415358504453,0.24438312719718072,0.567246848857522,-0.0421505316814678,0.03352628747831908,0.44398582156052974,-0.2805085846244696,0.8895536310796278,1.3711410473420906,-0.9257846592636215,1.7670595744577013,-0.30348775949843565,1.9943449497198495,-0.2899170858638627,0.7073785751419703,0.7020106115294077,-0.38731153822335257,0.07262738817940276,1.439900556356811,-0.32218244976200616,-0.4175460662545877,-1.1534672011861151,1.5675522201049312,-0.4807765615046036,1.1999802179479444,-0.6013548170709753,1.1685846151954142,0.8066431167227499,-0.22843192106635843,-0.7342759712894197,-0.6530305754580548,-0.6657998701017706,1.06518318012364,0.16023036461340598,-1.1151224325087035,-0.2521334110010799,-0.131020101940283,-2.138988893613738,-0.19651291442616903,0.7231929760287334,-0.1376278822574411,0.254406878746652,0.4845131307727723
GENE0058,-2.2365341408572608,-2.4256237074740894,-3.102658675626452,1.8210971079279146,2.908197086191712,2.329617483453713,0.1705653832079994,-0.03485195049100507,-0.25804243022206463,1.2744351442728192,-0.9389931962291679,0.9261745266851372,-0.27675103077825325,-0.7498429227081852,-0.23110265066915348,-0.04638048590207275,-0.49774362542283473,1.1127725178150552,-0.7420840949227768,0.14007484795982725,0.5374325913880298,0.12972304868337323,0.7722299334832914,-0.4335640327635492,0.6226270398123211,0.6522282001166947,0.9681200772406187,-1.8856579482609903,0.5090461386740671,0.9012697695616143,-0.41145863079048745,-0.5478214242432214,-0.7013776052224556,-1.0320056563323736,0.6657600540078024,2.2819029165141713,-0.5560200221581361,-0.46654844620499125,0.015396536877895222,-1.6019750123696794,-0.6955483344918731,-0.05696568026326645,-0.8939283230009163,1.197441376549668,-1.2938173650678928,0.9010053242021153,1.4685022718853997,0.3817247448468266,-0.13745055695597733,0.2462818129724983,-0.4405635339398941,-2.0360681984757933,-0.9792523330043671,-0.011179115477882038,-0.940686884970515,-0.4131228857693131,0.47917915941149414,0.1450241724724937,1.0584747721189638,0.29416753800160234,0.35297074972286774,-0.7122892858062796,-1.331106098741396,-0.4129221450105309,-0.7271848826528688,-0.16676763087448562,-1.0660383628853936,0.8424887372351394,-0.7308749265135105,-0.3637690213731503,-0.020192102973766283,1.123176946601683,1.7586928369548633,1.827441941113795,-1.2817956203514085,-0.3731404762049969,-0.5633864504523027,0.370309127725609,0.30928260321359313,-0.5830018483659962,-0.6619364087633757,-0.9974337387517476,-2.654162345709856,-1.2981645335327363,0.8667746651846128,1.464704483741246,1.3478575872624903,0.9092339421829703,-1.011941946514925,-1.1812224476083824,-1.8110231428819916,-0.5831971578837205,0.08710621930597107,-1.0077842719176842,0.4310880736371018,0.6518577695156011,-0.47449044474837226,-1.3400177279235521,1.3809265638012977,0.035142224620872076,1.941206008265922,0.09237914939206851,0.16221291724622397,-0.9644968199896022,-0.4235433333907801,-1.5588027694179176,-1.3436243632847782,0.7411650473265385,-0.2825833831169834,-0.4226580286171217,-0.7404259806871265,-0.38552370444361184,1.1330634416071725,0.1442217568726688,-1.1800148800942867,1.0303846938889931,1.725038589798016,0.49470466805022306,0.8912902117888275,1.220782917368932,-1.6566049184843923,1.864270367885672,1.0988140706772018,0.4888547009129279,-0.12546053915217067,-1.3372424159188452,-0.33140110369626374,0.44839701652961467,-1.1043583790396148,-0.06974726738073497,-1.183541370810924,-0.3846241760641808,-1.3526273662573858,-1.457776087797201,0.34008941146390376,-0.5797575584004494,-0.48579059640847966,-0.6334436347708801,2.7231179876264315,0.6073670857057871,0.7147435391677069,-0.7754155363065609,0.5047506885713305,-0.22772100307808643,-0.7834497409003949,1.9290914012185698,0.5727913622096251,0.5223386304721858,-0.9717336207717223,-1.2702092433869467
GENE0059,-2.1476230432129477,-2.737911472673482,-2.205618343367318,2.2555147791027554,2.4204917176432144,0.8277131735827529,0.1933043981059928,-0.871689615568809,-0.1982747167143214,0.13573304258710203,0.9289250606418465,0.22495084443915328,-0.5714506046542517,0.9661713059476548,0.3807558457479327,1.5456737255866613,0.08727746895221603,-1.0373287137697196,1.1769793635484866,-0.5767899634632523,0.29542412700076187,0.18571668936896457,0.045629329987863926,-0.16981997217719902,-1.6521441318888168,-1.0021039246304306,1.1221323222304762,0.42880071777425993,1.9092970506264633,-1.0377048220344753,-0.030656105352437783,1.1631935189613771,-0.5658235103536783,-0.4853670441109201,-0.29333986463873724,-0.4453477949965509,0.5317973984806225,-1.7802101698159276,1.6427259073979663,-0.9596633265554438,-2.1171716879951163,-0.010239397817224511,-0.3774009640534827,-0.17797974883261283,0.3125765753355642,0.6448412895542254,1.6866513536678973,-0.6901408375488947,0.7742910581643598,0.708936451068717,-2.6407856355754045,-0.8331944025358734,-1.2869805642807612,0.4478928585579239,0.33782591593198846,0.3579276999848825,-0.30559226751441604,-0.20475655908015436,-0.028580751611073024,-0.40111327126292945,0.7771822721048227,-1.0696636260124668,-0.7818138633588233,0.1213192322565576,-0.36792921814495894,-1.1087815794105107,0.5319253213688535,-0.5722873725943023,-0.8447209707679075,-0.17437970740390066,-0.8932494975183977,-0.034181328830489306,-0.3596988359733296,-0.5125801037467602,-0.5063335625312257,0.9956151640252442,0.3692174112776782,-1.7091965261833535,0.8829862054617901,0.5165570447998351,0.4575149018450362,0.8879108862517514,0.015030036910796848,0.6200836816119566,-0.464471939856346,0.8475803182091776,0.21811355504055643,-1.3769616544358936,1.0363849679305441,-0.12890464877038457,-0.2681227090178478,-0.44266746064323714,-0.3693636189282429,0.2296353150738254,-0.987579995165302,-1.5686126744824473,-1.0644655390996216,0.3817178508400354,-0.1619381465632616,1.1131931245769775,-0.06491273274502102,0.8425131082361962,-0.6928146080500917,-0.4351422094022193,0.009524157933607764,-0.14697698204713777,-0.24036503163270606,-0.8721145525081975,-1.5855620458659492,0.631016571988494,0.5192603543577117,-0.6138692230737175,0.37888378780283605,-0.16644600946993743,1.1061717517923306,-1.3122595933253687,-0.12672634156275403,-0.2065467344489443,0.16111595885617766,1.5371378108818,-0.12371717013848642,0.7431321798582009,-0.14781626507577086,1.0709129433745872,0.7528483312002712,-0.33331499450800395,-0.40530106080334305,0.4869606394296784,-0.6554060396046076,0.19063259563121088,-0.35579657792987746,0.3681026481568129,-0.1610175756624195,-0.6925811773904662,1.1053069074036117,0.23955623724338154,-0.05358537531886059,0.41998874522080465,-1.6711873328966327,2.09018482476606,0.02468776388565832,-1.9631729098813249,1.1970945262589563,-0.7513885026828745,1.0437133532761307,0.12156748771264907,-1.5704148248389855,0.26126170860518405,0.1877094481279248,1.1517714693868732
GENE0060,1.7739871987088394,1.6007616250594594,1.9593184747665577,-1.7999485194852662,-1.8715367597741064,-0.35477988735035715,-0.21129135779325584,-0.8219203325737525,-0.4985980356741741,-0.7629406833321151,1.176448825366272,-1.3315082995544527,0.804579635737642,0.8286601215177316,1.3775475229465746,0.04376152843993516,-1.0266937580742832,-0.17175804735996186,0.5946985299808122,0.08472993850013799,0.366727752185813,1.3652861358913664,0.5820033544286162,0.19844152853085534,-1.8443616622206864,-0.7838505846547171,-0.40467511819418844,-1.9771131794544552,-1.1092685864671672,-0.26845256119676414,-0.10571802470109723,0.5058102656436596,-0.20529259405139316,0.2480406428958048,-0.41778944907906534,0.042013229553474946,0.4509728107517077,1.4726302506630577,-0.514642808101213,0.14418199150892913,0.8691275372181939,-1.4395936078302172,1.9978261250271308,1.1790307525919472,-1.7114884853649401,0.3713818416034398,-0.5644534338641156,-0.39734803191811113,0.3505014968221044,1.050399535874439,-0.4658729421732854,-0.452448205783607,0.3721667623661084,0.5719563219724997,-1.0071313718040806,1.7236729016919548,-0.6433143271598216,0.9646742396864201,0.45170464989067716,0.6063239220082872,-0.6239514162412679,-1.7238502188100389,-0.021401497909198104,-0.017280136061296122,-0.9580219076852879,0.9179431915621112,-0.05152943818644059,-0.8090726619424522,0.5850713443840813,0.6116200011127101,-0.7163479391359003,1.233391932409381,2.2432439632303542,-1.090030495473646,-0.1836939663765929,0.3370098008989906,2.280260230298927,-0.7337772828073789,-0.9395844885947484,-0.9464191472847515,1.2214235933919522,-0.7078312782339351,-0.8501342027176184,0.23096732869515393,0.3082213115839804,1.0710204721128358,0.09192603700722637,0.24893210596026719,-0.10527061557930024,-1.3043069235264135,-0.19960467236367965,0.06283357291934077,-0.44382347969133185,-1.5644539866239684,-1.1349904677611198,-0.0393812978951484,0.9327530959052602,1.682284096123216,-0.1838305803201219,-0.7168742707124743,-0.37250949853380483,-1.0464152361937116,0.7877455413114314,2.1376116293792236,-0.6925348843550028,-1.192041544161932,1.0064833299902844,0.31805154817895986,0.33492902589548784,1.588173928170954,-1.3664863206353663,-1.3944165652589056,-0.16171431618060486,0.06340351086049253,-0.35494826674065827,2.46075292870838,-0.3102420581859267,-0.5507252822722143,0.12434358488113018,0.9708869120133524,-0.7254277431833954,-0.14698665016498094,0.9992846402345082,1.054806433094623,0.21762810012285053,2.4183912202545006,1.9806510466956204,-1.4061161810597387,-1.6919612196875748,0.7957144478653583,1.3653656446411597,-0.22475898485840615,-0.5021957917238288,-0.8202905939056933,-1.168011923843705,1.1363427959118493,-0.381294960804576,0.3018007570109797,-1.825805741892989,1.0022710356756102,0.5877782278896486,-1.344689200249953,0.2590288214837144,0.004743359527588349,-0.45015491984272826,-2.9029273219015455,-0.6603292617513736,0.30243114577612157,-0.5485649505571252,-0.2216950367589593
GENE0061,-2.1427002035621716,-1.848514201634853,-1.3771391975513414,1.8543858633114185,1.8920594559206465,-0.8253546569619061,0.7347485957410083,-1.4622289725210473,-0.1377410990575783,-1.4737589013433978,-0.29568771745753575,0.7081298604952805,-0.1616799272144955,-0.2200535073716947,0.02777007853531545,0.07776746897252963,0.6937519207067695,0.6998157231050156,1.4216958832848487,0.16761698552937818,-1.6607244951100175,0.8579485996243433,1.3498244592045914,2.4616950171848235,1.4517058807768237,-0.49029841026058163,0.1871840274885842,-0.27062674654025753,-0.4065269251031607,-0.11348539083663012,1.2857431021330643,-1.5891712845113304,-1.002545632389522,1.2194930225666292,1.4536681740739517,-0.6594957083176173,1.650748344305217,0.9758820833077517,-0.26776113604559193,-2.4352655719912657,-1.6680151436677062,-0.6581766876096433,0.7599369819598278,0.7631000245479146,-0.46644919190686945,-0.2312742653625762,-0.032481349941885077,-0.21873801295081943,0.16363376366879356,-0.030041156748162053,-1.6742271490919693,-0.20756156621926944,-0.022597833044902496,0.989799345927511,-0.8313061316402847,0.2039053513449041,0.5628399963216041,-0.1483471788078211,-1.754797885371245,1.0100690205936125,0.7471412320266032,0.22877338002468198,0.0403304008891439,-1.781424899551631,0.774656635890075,1.486396043328376,-1.1137455204218745,1.3450186562715805,1.1314577963453558,-1.143195323350039,-0.39414359935289583,-1.39543764310967,-0.06513833572888815,0.448317562430157,-1.3204681310202717,0.38580277512469857,0.639125763478494,0.6534786562187336,0.45450257208562816,-1.2284906763809074,-0.12147401855004489,0.3523521103140539,1.4610256223390974,0.002465829487519671,0.42554129427578086,-0.9320268136452012,-1.1548940361658717,-1.2830719897303882,-0.42026827411085543,2.0620511530068595,-0.40207625943985037,0.36462635394205084,0.5570979585709954,-1.0915291090361594,-0.43510685061213883,0.6244151389325242,0.42832741416942294,-1.9939946266792412,0.5944103539572518,-0.5509903908437844,-0.5248171962928653,0.4048656929636095,1.5229359244837934,-0.2004346266943614,1.1790502155392657,-1.4409227678818468,0.1307433459121305,-0.5410554059280798,0.2820069867560609,-0.296307402785102,-1.3410614189638046,-0.8874093628011421,-1.6432010798565861,-1.3069012289487179,0.4803243748750477,-0.25103712985722254,0.23086441012808764,1.815577481595072,-0.2959717932122608,0.6342839331822381,0.028135512201254837,2.762684532731502,-3.017646892747387,-0.7176622759721215,0.654023974231481,-0.7529053954279397,0.5660715573099809,-0.06007919289668886,0.864948838011637,-1.1321228304276592,0.1728423106163546,0.46601823001338427,0.13178915821133652,0.14941248492088846,1.20243090577956,-1.6799057465048952,0.1249671907916849,-1.2091481328792792,0.7576109369263103,-0.8379335823697159,-2.472445658094348,0.7814674142474503,-0.26837129395896864,0.35662961610160226,1.4270089026990616,0.3714010859322353,0.16942808390894876,-0.047270379229430746,-1.1473064837490117,-0.2152478580953917
GENE0062,2.1511234369163406,1.552474255612336,1.8802978214163864,-1.517765675421712,-2.0735204359031694,0.6201240509569362,-1.5888799198050498,0.3991887168814596,-0.022409448398201484,0.6124001607980137,-1.012474370154391,-0.5350330846915701,0.664052953305583,-0.5098325165018007,0.7555152605285028,0.20916981068875165,-0.4457517579301611,-0.3153541780306752,0.0035048316686189687,-0.22018211404140178,0.7302497537329496,-0.3712793295240841,-0.5730309262122213,0.910251681532861,-0.4221291640727909,-0.5403716202650091,-2.48566380157107,-1.0395033686039294,-0.8386274786632111,-0.5401305925079748,-0.7221392166288632,0.9830501486789515,-0.7751476444510823,-0.7006263702385763,0.15565419709973197,-1.101681879928681,1.563992154846776,0.8021567911628121,-1.1680869521078483,1.0136670858668373,1.2217081395199536,-1.1421147369186135,-1.1651666157588243,-0.6104131458981339,-1.4152051197449083,-0.7802885344227728,-0.4001245847187433,0.504152361376481,0.08122550315024984,-0.1480215065346948,-0.48317329492491273,-1.307955749963377,0.5917177267819871,0.5693741568237123,-0.6168485909917149,-1.1011551411244231,1.5561044375270834,0.24673045108693178,0.39696829132504247,0.4401478606997584,-1.202483698581293,1.4992765840168665,-0.40349793294423086,0.8220420039289429,1.4584327034267779,0.0813760320181998,-1.1814784087351164,-2.493470513485736,-0.03841580930193807,0.25014444773255406,-0.580775133685619,0.13568545345691707,0.4303448381710576,0.9939277907946352,-0.22856539112620938,-0.0453416734600633,-0.17860032943355417,0.033594633326849505,-0.5131843809238639,-0.5179653844944841,-0.45502283927230186,0.15626624161949673,-0.8473140278511367,-0.45099393312640995,1.8085899671214083,0.8963993405043827,-0.9570810772666166,0.8646729305935682,0.6273920740836848,-0.1039195114788388,-0.7079729470064022,-0.8215141124852376,0.22384017278323629,-0.8462336621965075,1.097221329671825,1.3808065884550094,-0.042804497568092424,1.1387808119221292,-0.41154894830274796,-0.7143517832841195,1.1002751801452397,1.5798669556055074,1.9631579869922164,0.332655071477108,0.8621103951896245,0.31061722846614837,1.40337865669859,0.43328413343925887,0.8050837886620336,-1.1354184552028659,-0.23116277536767244,0.8136361486422357,0.723972744069368,0.8989032098691095,0.1206546471908864,-0.6520220031352797,-0.05894653351895392,0.047034364008503374,0.24174080853257543,-0.967865426885087,-0.26586658568729793,-0.0886676094941289,-2.2422216587440293,0.8325047813737684,0.16401595664061125,0.26531887044821906,-0.5154963110282808,0.5862503755302528,-0.8319258239334376,-0.6748142442311369,0.6283300457417965,0.3571617361440502,-1.2776002651682936,1.5773708700880358,-0.7584976535731471,-0.13259355462133912,1.7467873866019517,-2.059781569210089,-1.7062608199696396,0.44193368708851755,-2.4785367158538194,-2.0434935024851213,1.1751578262941413,-0.40887336840408994,2.1960895592968157,-1.0347697780535663,-0.3184817988704806,0.5406307261785857,0.4715284841752391,-0.2548996154888451
GENE0063,1.7213417180048813,2.2532371904348323,2.3332506043176626,-1.7936420618748001,-2.4044953562119304,-0.9917726460793398,-0.692788987709958,-1.2737428853658157,0.14740948232724443,0.8137861787342837,-0.0713399985004032,1.7197667929295155,1.7754145751546893,0.3077352688284212,0.7019377404766833,-0.9004579779694477,-0.3608064938391779,1.2722703777665494,-0.5792726172884418,1.487379807016452,1.1125641020748327,0.7516239610463575,-1.1726948896596399,-0.3119864840703217,0.6442088388441277,-0.9857480745020302,-0.19007724721659816,0.7521309491276379,-0.5681722279222957,-0.846454491268648,-1.8007744587881793,-0.38663419771430846,0.7731815128101375,-0.8729036753264977,0.01787210646770664,-0.22420927179406716,-0.6666235559680475,0.8377055993758877,1.6422722811658959,1.0043379436417033,-0.6959364024507146,1.9923656638459448,1.0014029102300654,-0.4573570689642907,-0.7753263821119137,1.1210392638449234,0.17376920195727316,-0.8507648486877276,-0.14810897947188312,-0.40719681788136125,-0.8240591186880378,1.0145862532614673,0.7817241883143133,0.8385414775592605,0.824670393319513,-0.9160337447075975,-0.6036872717969973,1.4586575229376622,0.10801212243899834,-1.470470693704303,0.2169443275957465,0.6547912616681332,0.5240414373702086,-0.937869603161639,1.8867215592575532,-1.5005945871087527,0.1108964301634123,1.7365528527660827,0.5916570839354447,0.8362195690513551,-1.0531641491701353,0.34704645759687075,-0.036602662694947094,-1.1300441691643648,0.865071489474962,-0.8194867386506691,-0.7009246321685271,0.43257932208484806,-0.1432454456450152,0.16928802365601284,-0.20449965876983628,1.4130608435040422,-0.9250306472386158,-0.4648087802060128,0.48117155757922697,-0.9879178336410189,-1.032223382395876,0.13774389400313738,0.8673533789188775,0.9978778157942548,0.09173987598728203,-0.6721326584973266,0.2756631976342582,0.5661383087123703,0.26186065929027363,1.2341698587913752,-1.0141612652549674,-0.6969760176435625,1.0953491943987237,-1.4730198305152638,-0.5393857270815005,-0.7315402947263614,-1.5642049013469685,-0.18714880464091355,0.7462938598884538,0.15632791552110267,0.7996037853020775,1.191955967642973,-0.3856317609455195,2.64684602298873,-0.34541542406383324,-0.21253102584369113,-0.7076205368687772,0.5453894809246739,-0.2905034189769749,-0.0788922219149961,-0.20521300622596286,-0.2279045472268739,0.15828602939857542,-0.45022355303663136,-0.40329558191709247,1.0728514906209918,-0.2935224638814117,0.3835524037071247,-0.889491740488447,-0.44469002715287254,-1.2325605624906806,1.8544334333618275,1.375459677668053,0.5954589932786869,2.151102720289829,0.7702860513831254,-0.17197574364882165,0.37251966709167095,1.3607863554791413,-0.8803161750079682,-1.1728177872665615,0.40607916662993754,-0.5868497335487376,-2.2599013674584763,-1.2429333469105683,-0.3114243493535451,0.04818875474790214,0.07796909938329855,2.0051963402354454,-0.20762525670109364,0.2781254895361048,-1.6258920273744961,-0.03113553831527568,0.33419894317176624
GENE0064,-1.9846219630624522,-2.7307505636765503,-2.617487690340364,2.5584068984982125,2.4453204446226375,0.5407775189589796,2.036872171795816,-0.22178520107839217,1.7691980788774428,-1.9587736612955935,0.14836285868198548,-0.334089207095231,-0.5324589840683974,0.6580675755568536,-0.21462066538522007,-2.024953334893217,-1.5883692482505825,0.7220269583564439,-1.6372279069240634,0.7488211811807782,0.12477348791115626,-0.1702845318258011,-0.08147417319827278,0.5147580201800833,-1.1774859736064411,0.04229109399772563,-1.1395027940812656,0.16364477600286786,0.6464767861983517,0.16594586281231494,0.6086021639305891,-0.7000148350932873,-0.06218005432057701,-0.237975813124896,-0.3034393871369916,-0.8006411644518884,-0.4318225494249425,-1.112704595006501,-1.6941546618245804,-0.7007166605407599,0.6259596487811641,0.2340659910556799,-1.2566032042472546,-0.40601135338038663,0.6924643413643276,-0.44849136978710036,-1.4177661931289058,2.2576285464143426,-0.1669588306529502,-1.1635788999990166,0.17126352582019327,-0.0856033323127354,-1.541478104914368,0.09336886080316495,0.9837355113956464,-0.23291020749024438,-2.0601985472166997,0.34192161058930365,0.6029000452481538,-0.5864120768279117,-0.5790616013392247,2.2578563002576475,-0.6582142988421027,-1.1218809663342515,0.02511408402601105,0.5748423257703992,0.5324337287103161,-2.4680677543056952,-0.6607315058889722,1.1528880451287398,0.32668946534170584,-1.235791411506426,1.2424093078962049,0.9648977191061778,-0.2966016080228718,0.8794671868111364,1.9997558319580198,-1.0543801952454162,0.5554461822029292,1.9859447760880076,0.6530295532955295,-0.7543828593643029,0.23891324044138745,1.3698832599523623,-1.0157664669241608,-0.030096707290532855,-0.2434828217817324,-0.6314116367541304,0.24155486847639582,-0.10071725405597709,0.6433501795697513,1.1409694942564317,-1.272830420453946,0.0675310639804901,-0.053126138754456785,0.2034146733895821,-0.015470844767045444,-0.9806629122300344,1.4547495353705886,1.8807611462026483,0.5468897034516844,0.5981017797611552,0.13104916396117336,0.9692032217790022,-2.4431453052307317,-0.00386227879186147,-0.5726270026955117,0.14581809802128917,1.092627565173108,0.01903417621607687,-0.36049233867067115,-1.4032710297404474,-0.10927651221839026,0.6722776969106796,-0.8410881270119684,-2.0033398570094416,2.274240151211362,0.3351754841006962,-0.2215735885909586,1.3909948052043724,0.14147934148380373,1.3320318116312337,1.2463612158772228,-1.2745208738851306,0.4599946164130554,1.7252856569693447,-0.998650690347807,-0.9863745920523426,-0.8172010695020143,0.8904185854902072,0.28438571286359393,-1.9357723308396255,0.3409461235169334,-0.2519149328711576,-0.11227586865016873,-0.8370200964411151,0.34825822151413316,1.0504582803069586,-0.64196636733248,-1.682456030936918,-0.303114321516715,0.7562867286022293,-0.421030345862495,-1.4975489611601611,0.7632428489193804,1.4153481469983127,0.02001555011092398,-1.605790859981598,-0.3178305420195441,0.15153888082527078
GENE0065,-2.4180450670228044,-2.406201348884604,-2.54861215232578,1.957647864418142,2.088114846181107,0.615854798150086,-0.014269177594557755,-0.1964917000792602,-0.8028652402339286,0.03476901459326828,-0.26020750135894166,-0.8705302562280075,0.15949102441843352,0.3639713400560984,-0.33840722205681556,0.931569231063757,0.2639743094361582,-1.2838538868586389,1.3373939949136822,0.7669879313800368,1.001831211261531,0.4005029568627704,-2.337727140527021,1.0926185912568263,0.060787683319983375,0.35321918183079504,0.5403840477736647,1.9362771126445633,-0.546223684466106,-0.5204029902394508,-0.8510345217095674,-1.0699425513951173,-1.0515312335846951,-1.8517647462704183,0.4266558105924759,1.9878065647620853,2.0515743218202203,-0.8523681240420008,-0.27215437763923833,1.2333421804507967,0.43234696420778335,0.13451567159461553,-0.2567345788425684,1.178301444943211,-1.073050958706466,0.48087506544596653,0.3449338425226121,0.04337195668334984,0.7877296574335861,0.03373729493280132,-0.5345275899374476,0.09251130898214224,-1.592103669637827,0.6127147311965667,0.8682292534995744,-0.6566145314461566,-0.8945112216182736,-0.6197516566710809,-0.06302297737989031,0.21588595803559726,1.6154919438900808,1.4890910161111548,0.8315426650725335,0.1212606623491845,-0.926924086099608,1.6796372334212621,-0.24764213068230878,0.2813741339352519,0.6273523885443659,0.06159585537267723,1.1510973454488218,0.45539194410251904,0.9886385221392621,0.44734555930633746,-0.03789966221856508,0.07418561152216567,-0.06224047832400179,-1.2842858184294499,-1.0008194609836172,0.7405475358236818,-1.2593712749659631,-0.40422329037518645,-1.0501035694666678,-0.45771894803881824,-0.15526930410375947,-0.4062337583664761,-1.4283644272500728,-0.18553050234646426,-0.9588961614478968,-0.6365572097261013,0.740520153299995,0.9553929964573576,-1.3109708357228902,1.5686658970781466,-0.5100865767189783,-0.6010101206318919,-0.891654787340781,0.05591207498653649,1.9815502500489357,-1.5396594189528883,-2.0568862634215748,0.2685105257470888,0.5693391729252982,0.05267220981521858,0.5957994754163319,-1.1312609933900393,-0.9448697722957545,0.12395793250589623,1.7580693607288245,0.5606806600900509,0.6072039897442452,-1.0736764955672504,0.4224050828319216,-1.1821492488017975,1.7677573579602104,-1.0119273093633734,-0.7964806184983622,-1.473075643064614,0.08581631955639477,0.04379164786310843,1.5132410811767127,0.7764149186384308,-0.79076671325505,0.8733955364172833,-1.243515672324092,-0.7183530388306428,0.11845954873922036,-1.1318863785325983,1.0646588504081422,2.2793128348480223,-0.2945220908126371,-0.651686918691203,-0.12958961067404556,-0.5573723285120052,0.2617304381938836,-1.3224044807028261,0.31850639860137464,1.911923238569825,-2.002142553240551,-1.1686474299403113,-0.44505734388725304,0.5418928204759059,0.8903820957650477,0.8099344925008359,-1.6917018225949945,-0.6743458265962993,-0.9003169081180842,-0.06519888434982433,0.01828008575882125,-1.3692271134705776
GENE0066,2.1117934090830177,1.911151695850267,1.9814019882271479,-2.802995419900744,-2.5037409818513225,1.9900295135191748,-2.161361092625359,0.11389757199847944,2.9170327712086563,0.478846867832576,0.018490058947156017,1.3126881784496485,0.21809280646166604,0.7091371455113367,-0.21030449499204273,0.203510360414917,0.42663069004219983,0.8655587656739854,-0.43172068208941927,-0.4588990877908779,-1.9274824275340938,-0.387151055849824,0.9530353650977579,0.46322445600013434,-0.9967519024057656,-1.9038624751242004,-0.14242073508756506,0.923777852643977,-0.4788983318098163,-1.4449225041457987,-0.5895071723046144,0.3261588639157633,1.2424372865256907,-0.25669502812438827,1.054892412551747,0.9440421481490846,-1.176665157385487,1.2507081182691515,0.2951127670771424,-1.206683053744219,1.760831339937733,-0.1255755879300833,-1.9434431523109172,-0.7062663479041092,-0.9524542417152264,-0.681739934114868,-0.4451854121582469,-0.2573892662849306,-0.295002708517136,-0.09748522597705872,0.5873933864175546,-0.7464363592272815,1.1810005310039455,-1.2251834985716743,0.6151188558254251,1.6432713276859345,-0.17735654863990935,0.19346537098823938,-0.9679723903754718,-0.5117817241250272,1.5676785372146536,0.7484822943836419,0.41854432009397274,-1.9379745472165477,-0.7164729010665846,1.7389918103268525,0.41083196312415055,0.5355953968440476,0.17055515394610585,-0.6129894889335459,0.33254159045644316,-1.5302141458225098,-1.605454699039078,-0.7352747193775556,0.19216423603326513,-1.5696731250284734,0.12704269201489998,-0.9945592463314714,-0.8598254707878951,1.2995884776652062,0.03729407982066181,-0.9038053784355482,0.18683347276095172,-1.4696183040062905,0.3823303277998872,1.1073181865159336,0.661728735021597,2.1577143044379676,-1.9383910612622153,0.12696908007978747,-1.3435007298245198,-0.1732214313517653,0.0015439684122525292,2.2798454829745136,-0.059777110392333035,-0.07843022028465019,1.0051591066900896,-0.05282173952757766,1.8311470752546317,0.6696844893165048,0.8285030798200165,-1.8675639364387564,1.9852128188365519,-0.6564589203020619,-0.00973016750834365,-0.6527039051353473,-1.024251310627874,-1.20216836717434,0.10324165869908547,-1.9698967934405986,-0.24280228731195067,1.0577686473022374,0.631942237742184,0.4324353876560606,-0.8953845421915588,-1.5860951923189113,1.0417941190215945,-0.44895981594017376,-0.08307844096388375,-0.19759456872235912,0.672392969880875,1.843316046125959,1.4623741514234287,-2.3322385151963227,-0.30853897128903923,-1.346743518518539,0.9384288575801846,0.0039834816240835865,0.6061518715353611,-0.394124470557792,-1.0393716059309797,-0.8682807317999605,-1.5330126672577307,-1.26363406950157,-1.474293055508531,-1.0357026778131113,-1.0922781640311832,0.39409310502821954,0.35486164465499803,0.3930042068581856,1.174995362251581,-0.07833789137611492,-0.7808145970829122,2.2114035759302024,0.9056459033037962,0.15231979320455766,0.08287445399233105,0.28965352090030033,-0.2021012803542177,0.12822454150382243
GENE0067,1.1569997638961569,1.1555451190363888,0.5362859180165154,-1.1140856430608133,-1.0459318708058942,-1.5829241627174528,0.4653439939578765,-1.154355895048134,-1.13824594605993,-0.7181987605057618,0.19413215200564363,-1.2885917083775926,-0.6169324702941189,-0.025719072180556725,-1.2102617908469389,1.4282342144746913,-1.7225377425938015,-0.21816918245082972,1.2725406325855013,-1.3244665638906121,-0.10962585048771564,0.13285868266724815,-0.8067704520025192,-0.0774827743318861,0.5614444608599518,-0.4671406983178905,0.7643296141303859,0.39273094038199013,-0.5829002011534333,1.1274543671225496,-0.7409371136831225,0.8558933054052137,-0.7230156982860678,-0.31607335884173615,-0.1626442897771436,0.3385830908863617,-2.413448170283476,0.4580155514898559,-0.10247922314240923,0.28574016127659174,0.5024883236221023,0.39380883799126415,-2.0073608522590525,-1.0610105987880223,0.33281593432606343,0.199696196625398,-0.789553685516321,0.737639200059881,-0.25642516912858027,0.8857263538818548,1.2100213114457437,0.27830205156317733,0.5555524818325563,-0.6084600814322608,0.8922098728099856,0.2181243696810031,-0.2947110388441811,-1.2188183332176559,-0.4854413691040997,-1.1094755448397435,0.7614897389393612,1.220429909588865,0.9162691989298705,2.4860202462776724,-0.46040692149697343,0.5965723448835499,-1.1813549645828454,-0.1972506403523,-1.477349208854877,0.56819431730479,-0.35549166291420126,-2.0545820248619173,-0.6850184429350642,1.7931143276074963,0.4104298872509025,0.7690926629557497,0.12554527929976342,-0.1815589215952325,0.015579013809551462,0.24543272422378476,-1.096652445601016,0.7630620157385543,1.121827491987481,-0.19658939694433109,-0.5230404296165858,-0.7419089996448037,1.7592166035624288,-0.4522708391935566,0.6533143142145408,-0.1895736954826558,-0.24363005571793026,-0.764749700205723,-0.9702994960940159,0.7399207602465501,-0.9929224800300693,0.46251923959207825,0.0905839234814968,0.7526385344792369,-0.6099539105905558,1.080144166520095,-0.1411905820903369,2.5916947213095622,-1.61417633496484,2.428934738076904,-0.12636599805613863,0.2228021017188606,-0.6042894316091492,-1.568881293023388,-0.5283967720203763,-0.36568698487245527,0.18280171273074106,1.1211383450103514,0.19073072660711488,0.20814176328264009,0.3843677165168059,-1.7549301931162484,-1.6625245021360924,-1.496988988864299,-0.3732738579953543,-1.8717151197240403,-0.6897875447291053,-1.3682492449810157,0.4877154261986817,0.4376556289082504,-0.3006440397359652,-1.8999609181669426,-0.23714390943617578,0.32862611537610265,0.8107266672390149,1.7534046273129704,1.118498180421683,0.16477652906792958,-0.2852413403073753,-0.7429340962912804,1.355661895889928,0.16659057969910715,0.6305442086834521,-0.5902197379293576,-1.2409090655098076,-0.4003377182727271,-0.3029282658056264,0.19177243364413823,-0.7374338889839753,0.02496986338196453,1.1777063543550181,-1.6729616095371351,-2.1169025919563484,1.2459138486184576,-1.463626458032287,-0.3800719668924537
GENE0068,-2.616573114730045,-2.6337217829629864,-3.140456574901771,2.694442390369808,2.9467852047040815,1.7806249559172147,-0.6937253088683843,1.0508882409468694,0.5055077575917957,-0.019514802751701654,-0.9078688084774094,0.4513680314454664,-0.3060454650644175,-0.3795600749291589,-0.7670713513188714,0.9998235210624266,-0.767738018629382,-0.7616452389357636,0.7779377675803066,-0.1443304678030941,-0.11741852378595928,1.032893484091672,1.3137006117919356,-2.1278457219335216,-0.12877425478424495,-1.4102645281739967,-0.3867933378573258,-0.006736156114102297,-0.3548545730742157,-1.025275430669701,-1.0760066377147952,0.7279413890322503,1.5348098061038578,-2.0604769289335,-0.3276186660655158,0.7319641373943171,-0.03260376040084858,-1.1136866219055395,-0.4777894040635778,0.3021502374318582,-0.3071921093803557,-0.04797993391856003,-0.01916049758164179,-0.5242816096582952,0.8165690239710347,-0.4774915968411002,-1.0054679922322418,2.229639433423198,-0.0777940894374174,-2.6001207001989832,1.2547448373376535,1.251528869213899,0.4571755311570313,0.6316352098206687,2.1597423126681368,-0.9628017639684975,0.13324005397481176,1.9697026790511198,2.181569080968208,-0.3660923129077371,2.0101508500891336,0.8026307013236168,1.4952144978685697,0.7698209031577865,0.3054462438603733,2.209387125902919,-0.5286099642377425,1.9022831403539713,2.0606889337279184,1.3630483212767515,-0.07172898181100094,0.24443534797901806,-1.2748056152728766,-0.45257996994319016,0.6207117531051783,-1.4267123057666307,-0.2979113279980711,1.9448286415681042,-0.1543640727738832,1.0336283354875164,0.5665024550552186,-0.3076894365069016,-0.15504865885163163,0.16686524744165504,-2.0510224885260975,0.9469748008755057,-0.11838007505413023,0.9819171632688918,0.38820061355195645,-0.16255961747506978,0.19754862805014903,0.20091093732841497,1.4761900997298043,0.06265449277865744,0.2881655076420865,-1.2618897827267748,-0.04704344829848102,1.4543101017964906,0.428821006012148,-1.0810120697625603,-0.9738283359082052,-0.7414954274106673,0.9996310435934835,0.8765405122923029,-3.4542548528409984,-0.08138569428412104,0.1476381003869167,-0.9621435288593144,-0.39047499694389004,1.3309985491296976,0.40884321181450367,-0.49958264031183874,-0.1873083616080402,-0.22787312899556308,0.2819551981854992,-1.4297306562360077,-0.6697552997899471,1.0353964498047432,-0.07256648695919042,-0.8499082527601255,-0.8086600416577134,0.7208436021306857,-0.5178052653301162,0.5109033790865827,-0.6268343208914771,-1.1299648926666546,0.2444479584974529,-0.09738100591346759,0.685124338415306,0.8841243210313999,-0.3579668887533979,0.348933827351114,-0.3888097854593733,0.633646964071388,0.23341546110730832,-0.6238365173627743,-0.7075778910185139,0.2686679251038352,1.1621910526525827,0.9012962112060259,-0.9430094039799051,-0.8378432960225561,-0.6904777115664218,-0.5965629295846528,-1.8166601035191046,0.7900432041297202,-0.4558827353720192,0.4620742558975168,-0.31575800821709465,-0.022965900314450522
GENE0069,1.6965147388881359,1.7211006808205453,1.4627809352939343,-1.319339059040665,-1.5785287223129032,0.5206047181610041,0.2910519010263632,-1.3197408180339942,0.5672564020580001,0.6644533843597537,0.2682657095322018,0.21428249173813113,-0.14018119361085737,0.6494025158224628,1.3970105549865224,0.33052817290541564,-0.971717179276927,-0.8952171441525554,0.7262398732709644,-0.9635914050207207,0.2010549873105696,-0.34554274141749064,-1.072235953355306,0.8322695885742079,0.7067703870618957,-1.3556493032680186,0.4814434623118279,0.3352599949493718,0.8374572023585122,0.1667819386556424,1.4268361417556514,-0.12666088153077432,-0.2720943974841667,-0.9747908775978406,-0.9339419074180088,-1.0244849990154385,0.21839964541077247,-0.2690993186764677,0.3306932266568553,-1.2092487544616037,-0.8556922001737279,-0.8725433767755096,2.1692707351256835,-0.1656813289113687,-0.06636632177105291,-0.077453007266273,1.5528293201988428,-1.6133394017494636,-0.05989952431426344,-1.6227140503458455,-2.379814282430362,-0.7342399476916422,0.4121638465035031,-0.7977807260741908,0.3957651515251236,0.10647630450482724,-0.1390655984692081,1.2649635597716582,-0.596036549847532,0.3806554213602774,-1.8030867617451225,0.09877943755105899,-0.25721603684469535,-1.1822464019884,0.39849877872840567,-0.7389510239018741,1.732184577177565,-2.4338165053449266,0.2482585417616836,0.04269727445844389,-0.2808637555749642,-0.5292357005230119,0.06862819993275557,1.0621913076271912,-1.6721855090761322,-0.8059868968101835,-1.0503171343221405,-1.0972922697226934,0.3427490054354261,0.5893372847338489,1.0651028687320374,0.6050978326295844,0.6861419242417663,-1.4118082207413227,1.4835632416259588,-0.20975753075451017,1.0329960790963895,-1.3761670164179343,-0.24141983551822463,0.9430159085677375,0.027924442679475893,-0.7539698852904088,1.309813335192124,-1.171414392093989,-0.020426742247011312,0.6401707108826453,2.0956903299603655,-0.45835559274570603,-0.2764512536598367,-0.444691133350475,0.23847015891454734,0.5879282679978648,1.093313378668319,0.7560477759808097,-0.49737414965028837,0.8133710226294238,0.09154564404472815,0.7452522288182044,0.8023674328958811,1.6301257460098268,-0.35459063250298134,-0.5455526027368869,0.4471634130857203,1.1825169176703132,0.05806383002443512,1.2477122918598191,0.6900583398086663,-0.20121547789209077,0.5633355030589059,-0.43482679126773655,0.2386000732661008,-1.0731591448312356,-0.06815663043443759,0.9996891539453561,0.7671469014357418,0.6208417480333385,0.2874796750148208,0.1598460497127946,-1.267057102065067,-0.20608537303860355,0.18261578366539605,-1.1244034957402724,-1.7517559167898828,1.128832746943447,0.05083852660983912,0.2099792807577828,0.5556268227948727,-0.982166950484931,-0.40349579406262814,1.5040676045201982,-0.48865539661173335,-0.2658552954468585,-0.6694881650021808,-0.7408542264806607,1.1054813523421145,-2.476681556030022,-0.4570138198521978,0.2254101426299924,1.696791098740288,-1.1352253558884424
GENE0070,-1.719658308481989,-1.9580699589914405,-2.4300274564280593,2.029701950601852,2.22936638597614,0.09955759759996681,1.5514377658892888,0.26448040107313564,0.16455789062864684,0.22474211958217438,0.41450272056286624,-1.2671015614018384,-0.2319240021136228,-0.17975613307640745,-0.4834690199775001,0.6861216087738703,-0.6339934632565143,-0.3599684214241245,-1.2601726806541929,0.37831055964085886,0.9419029617610208,-0.3610205176022864,0.8073904106539035,-0.14695677543719574,-2.5274493700576737,-0.051515334704473136,-0.1755712091840432,0.10299559976168061,0.2531854351405917,-0.6839215253494749,1.4713149777599452,-0.06616155380558271,-0.19966367418641573,0.7445296083014029,0.018539945289034115,2.565841659244398,-0.20990779110796134,0.3518154509138963,-0.7491526548670611,0.8705355430382522,0.30871839419384045,-0.3389680508233362,-0.8724380986016776,-1.309422299601324,0.4187145588757942,-1.386879470527027,1.3084741692001631,-1.262845249768365,-0.17837491960827281,-0.881541272073833,0.03268623443857666,0.026507179375304425,0.444802998019575,-1.5262789938349903,-0.7637026591789572,0.9705474511521981,0.6585516020040107,-2.499482528276352,0.37722958659484596,-1.0324649759681026,-0.5918228767052861,-0.2273275873143359,1.5573901576496663,-1.0426974091832861,-1.4038933514001541,0.4503188267807239,-0.02801762233399993,1.2070032387525482,-0.35283390585135754,1.2108172591919983,0.01626859771827849,0.5291151085637205,1.6239434870162683,-0.16724790473917292,1.0446662356754068,-0.613598571738008,0.22753895389624126,-1.4446591716832917,-0.5043199689792308,-1.0580352588581445,1.2207526032547376,1.7387983609508688,-0.3547019443319408,-0.7730381824010908,-1.31394449670997,0.26454137610206696,-0.6022863546684106,-0.5487163413482677,1.629588617431935,-0.29639865154618206,0.5866495703386697,0.0529610899146122,-1.3552054073404338,-1.8448803728381054,0.48752205869567816,1.704110520866804,0.31498753542050073,0.6240901831841357,-0.9047063055854803,1.014894342063009,1.0025044548820388,-0.6961984723041789,0.5454087738331277,-1.7664178506729673,0.7239119667589867,-0.5724175857800458,-1.2271291369100206,0.40263995699200367,-1.7717299651156453,0.3424135807683234,-1.1322791295448962,-1.3462761232318594,0.05985296137968417,-0.17255125751486772,1.4567894510905068,-1.2848012501226194,1.375054491164709,-1.1376446042692772,0.9194424164250404,1.106092522853374,0.32145878589092547,-0.7909538805384142,-1.522954471956448,-1.9517764835951803,1.8522909540708852,-0.29685489373197,-1.1046675477275152,-1.1431606060400803,0.16786239360676053,-0.3948521036040913,-1.9192925788569681,0.8645406694634493,0.3349835554979247,1.8399109991688833,1.1407914475545389,-3.09814715452078,1.416973973837563,1.2074912492745373,-0.7363727523560001,-0.43257575712307933,0.41172510724124184,-1.0142150087968282,-0.2427288682128304,1.0000374458259134,0.5177279086900803,-0.6667847639617395,1.0227605566412248,0.3028952625429311,0.26870545294687354,-0.514932362981204
GENE0071,-1.2390345674940242,-1.4967595480022649,-1.5310077265535524,1.237899195502824,1.1970942237593456,0.1372887794876652,1.212154598368495,-0.65228484472671,-0.36775200351471965,0.7661775976212185,-0.7525221145818455,0.15374952880847811,-0.4082820135643562,-0.2436243827114264,0.758144889210677,-0.3734530559804402,0.7907440072398346,-1.952433108205158,-1.4296146739194613,-2.318200090748849,-1.1657706171669668,1.8568436628491722,-0.017535908683452835,-0.7213027504574568,0.7828068249924235,0.9240110572571724,-1.220847814062526,2.4982001179741125,0.27633084300105565,0.4023519884543412,0.49723315135786184,0.495137870045973,-0.6214734047144778,2.112519290962802,-0.28518844674365945,0.957517777643326,-0.4749346222212478,-0.6522665031033145,1.90186461325099,-0.10837103661884025,-0.03410720098954454,0.28361720550501,2.601770471320802,2.168761167921427,1.283782608325773,2.8536225827404498,-0.9445767199209086,0.6558839906913896,0.0758229309804383,-1.7690877320358567,0.46309693066377544,-0.49082647991404904,1.5335008409803093,-0.39502186443836856,-0.4518919692228427,1.5330688258513046,-0.06545397842217143,1.1628776937471557,0.424359439923299,0.43777146130347266,-0.24404737288040645,0.5022100457070079,-0.13149181198922538,-0.8038034476563688,-0.10425431531645454,1.2878307886750573,0.5360092255913662,0.768440731326766,0.001467371442110529,-1.9377901561814954,-1.221428498419076,-0.28900555354386737,-1.1350623455172877,-0.5243575625907722,-0.5605545697142021,-0.530408740127566,1.4371698553041121,-0.052978274929529716,0.9346701581005344,0.16394494455802602,1.4157466076601128,1.0209796051476259,-0.5915158696705674,1.9616294732981792,-0.45452240701841656,0.20000066583166098,0.37702683303032763,0.4883647602144977,0.7961798949762344,-0.756784418747691,0.7123352668133672,0.581145557008673,0.0004720347890848933,-0.18974350395406103,-0.8081016455257083,0.4803511621244528,-0.6604695199582961,0.23788077019964818,-0.10132902281809021,-1.3341607557492254,-0.9334385138729933,0.40477585777353403,-0.524318113969408,-0.558420168487533,-0.7639474022443523,-0.730011522864486,1.6426665178563478,-1.1199391370046168,1.4729032456651778,-0.3307312207982786,-0.6537544925778764,0.3838235638312693,0.05304078427044711,-0.19749995086866415,0.21988363049347096,0.037198196936267684,-0.21559775133984035,0.93567437925074,-1.4469767155111604,-0.9146648231644132,-0.7882151673019151,-1.057936662008909,0.08592660933240631,0.5054195590744918,-1.9625304945209214,-0.47405307303580635,-0.32166358054911637,-0.2858559561574305,-1.285087969866526,-0.31332087282762977,-0.9111228918701051,-0.33437710670132015,-1.7196275186655354,-0.3275594233689797,-0.719033595962493,-0.2624810477468882,0.3007927103144743,-0.04473506041522046,0.7933952017755574,-0.36076641319634223,0.618884817865093,1.124987106380164,0.2737597054639536,-0.020797830532211254,0.4143620841787884,0.30908361745445717,1.0012430080932584,0.7937994595098654,0.8058272104247736,0.04402595756180984
GENE0072,2.7561063307642084,3.091862042955785,2.6067267261330627,-2.429781751733333,-2.969272084444076,0.7121866576270373,0.26699609685770814,-0.2842882277692054,0.39119015882625124,0.4185693262294482,-1.3077999067530763,1.416126282081506,0.07213805385166665,2.3147323045409203,0.7897710286367065,0.04939734691538389,-0.6900392859926178,-0.11083953719272857,0.14983072858266513,1.4654301543277208,1.2266598343105293,0.4514884824749464,1.7691911692366638,-2.016181129600552,0.46278738652830775,1.2556519185204347,0.5474377714155506,-1.3328079788234986,1.389443133517794,0.7613485633734344,0.34301196021346014,0.08835799115607225,1.9937020681487547,0.44451754373295177,-0.2419196587371638,-0.8113785008955597,0.7575291392086145,0.9862333952756013,0.0565155544836897,-0.5577784798460769,1.33005659821205,-0.8874154176968325,1.9694453813319799,-0.7345338183480314,-1.2782980138486677,-1.1503666973633662,-1.1097208282932345,-0.2365961040368478,-0.4681725156008433,1.0246398248307156,0.8820748152894805,-0.22351105901568988,3.10338440576487,-0.2367610667849929,-0.10351635506286486,-1.2774179481323849,-0.0805403246249705,0.29740069139109965,-1.1842208938938112,-0.498691424809695,0.32701072997561287,-0.5248354791007701,-0.7341591723709454,0.7821330142039431,-1.2821138111330639,-1.0879223785936563,0.1773793405842796,0.8461592627402835,0.30552396622662004,-0.2238872553562106,-0.3053886192040924,1.0104418828265367,0.8590014329706827,0.04984925184290562,-0.27761869913651793,0.03527219264530364,-0.7271974485930746,-0.1501756513949002,-0.4895366719905653,-0.10084481837845984,-0.4536842696609017,0.5239518739379996,0.8184053998494355,-0.3797158202146883,-0.8118796688667311,0.7116217341841727,0.1847588127884412,-0.3667360785170223,1.375551913363207,-0.5650342604664934,-1.9929363156801763,-0.707959370631998,1.6183784768913128,-0.3177037310668073,-0.5154392914359576,0.026603121253563643,1.0110630878929017,-0.08289999071715835,0.5913475819086403,-0.1892662309368083,0.599211171146366,0.18026279390151156,-0.3979917748892223,0.2580919766013363,-0.5425099077147337,-1.3781883518331057,-0.019887793852138756,-1.2893743578898493,0.5974295355288878,-0.03749077172481981,1.4232919484238338,-0.33023711102424674,-0.020027196843524074,-1.4696260511465133,-1.1040933111705458,-1.6787227623485266,1.0774938111461643,-0.45955431499411903,1.3270797513934045,-2.680611134073835,1.5480743985441079,-0.06802289070487834,0.33984738896533107,-1.0629427301831689,0.527289918837327,-0.37391414605521067,-1.193954222045233,-1.2076663529019347,-1.2253504365823,0.3802395957968297,-0.6356316158615979,-1.640093755709837,0.3692995140377083,-2.172729523202664,1.3290720969940957,1.986410576273252,-1.3124236755267384,1.0524506316140432,0.34909800240550426,-0.50003867654928,-0.45337242062983774,0.6544783129101075,-0.03995079760345853,-2.5942091573068455,2.073014403003523,0.4331741859848042,-0.052010780817045285,-0.7184232396848437,-0.1889605036664311,1.269187258851191
GENE0073,-2.3532958821799115,-2.2615673976865205,-3.482418384557275,2.52889706214835,2.926233714904013,0.6965663434575416,-0.41581620987865425,0.9278687654752137,-1.144353208345442,0.06953632308696173,-0.09761487889845397,-1.5155264613855894,-0.0477081566758965,-0.5826045205661375,1.413774727492927,-0.410256035921087,0.35087053459271467,-1.231041982815341,0.23656889341322374,-0.41504630860954944,-0.7762764839679763,2.833892231937442,-0.3534490287498693,-0.21194892932393988,0.9019934527501375,-0.768426681526005,0.4032722774108696,0.5103204124441805,0.2447004264617071,2.296339315929359,-0.8042690495286687,1.5376006015739785,0.4721404024255661,0.9094496131899353,0.3412343716834272,1.8782773517441866,-0.32007792327212864,0.49722023844336843,1.3054729405706766,-0.5588426970712582,1.0004366772966917,-0.018638255594339036,-1.2348836273343775,-1.451589578549887,-0.09081983337538539,0.9908851216043476,-2.078969564967517,0.20045003912884646,0.892377134884908,-1.277949885321198,-0.6339666256300026,0.5723669415776499,0.8485379473419877,1.6040982221990354,-0.58634080130006,-0.815576854438179,1.6526854646819444,-0.7549418661797522,0.5072855076006385,2.1831148564321228,0.7527086936061849,0.7832702169367295,1.2780661047654278,0.5248675778853081,0.7880704016029603,-0.34258961413729694,1.1599624668414104,0.413481615879562,-1.4780690905925407,0.2429439123508158,-2.1696480821845556,0.7139129656588621,-0.23355154357638175,1.9055526671437324,0.48963126469015217,0.9241815910239345,-1.0492232500470189,0.6845747250358474,-0.6406580226027632,1.0905176747426688,-1.118352226000482,0.10980735285693292,-1.1578824319165888,0.12580995348529364,2.022486906000581,0.7212680802565271,-0.032628501909356664,-2.4621591233850464,-0.5356871181435664,0.47465364575734525,-0.5108576756023839,1.4271502479634401,0.07153816245060336,1.0785951161118734,0.20490085797712446,-0.27598214310674973,-0.4713265035703927,-1.012154038322279,1.0966131834620525,-0.42801193205420235,0.5222968416165916,-0.5257449832680463,-1.0830289045923183,0.5551408106255694,-0.7467038962808958,-0.4004872448671374,-1.2486884854285891,-0.4931232515794686,0.024107168287894772,-0.28749098012453,0.8182266164596151,0.1455207430655127,3.0873138111123435,0.42425058766885315,-1.735487535167645,-0.21288241591064475,-0.12624814774958787,-0.6136312383802843,0.07261083423621893,-0.6433970622003758,0.33281979894319524,-1.9086877127708235,1.1441584717919149,-1.5782903761504106,-0.26355555201653547,-0.732706789097174,0.3059200710474129,-0.1832411107353288,0.2516506656796395,1.1111924114542773,0.7686154376669616,0.036307341741559356,0.4595077666386616,1.9600075188155925,0.8042382946826748,-0.2935379342872174,1.2778643373901297,0.3913103208194433,-0.9627748512670647,-0.18072229018177993,-1.4722573634829728,-2.2850201039320615,-0.9490402912155661,0.12258106868047293,0.12550887448218748,-1.411575685125063,-2.3787619272587017,1.4707624743207173,0.0952931191602342,1.5557119779162487
GENE0074,-2.1177978870537797,-2.1999861823789684,-1.7338950231966708,2.366633533135706,2.1413483161912783,-0.15985786583573805,-0.5896192625604866,-2.0979046842888645,-0.08310530841660531,1.09667088749613,1.259316579895051,0.05327871056486983,-0.8887103506067264,0.9027438555188002,-0.015365447646741267,-0.36567533472660846,-1.4559149194658056,2.103761476945794,0.7383984490605373,0.8462485085725001,-0.8628092636081056,0.07974966748849803,-0.08149386595949229,0.7820946110195612,1.3597184561448057,-1.4342155973569695,-1.0746775979831065,0.6457378503779051,-0.5080293594424473,0.8148741178747696,-0.37305934438201005,-1.2487746306749965,-1.7593494887836287,0.48412792003922966,0.5086505435474191,0.9702157422712177,0.32787360631045837,-3.7574353212591856,0.5034341078469109,-1.4574574645085605,-1.8677179981596814,-1.9881546189214958,-2.080187972641872,0.2789781019156488,-0.7311842409140402,-1.519105291242564,0.023082555702404917,-1.1059332245799558,0.9810709238787138,1.4502193738337088,-0.21760223577931304,1.377274386508468,1.3755907606524072,0.08460774371294438,1.7334534666048018,-0.621662005047517,-1.955255159091572,-1.5543780791236008,-0.6676846546932222,0.534302049730166,-1.1548228677262822,-0.6758008534284953,-1.249476488541901,-0.6529019851784491,1.3427094389440943,0.3575758908293014,-0.5769892665921663,1.2204711231867227,0.025665237997579016,0.13365550105624702,1.1427752666675521,-0.342621129847713,0.916240462969932,0.844928641765585,-0.1455449736397707,-1.3961933160458857,0.012691764112708524,1.1372532466416827,0.8197680694754877,1.710250391117314,-0.4904002065731625,0.7793004727322356,-1.006287753837945,0.20158396064036266,1.1054124052149825,0.9064245874010424,0.10307304192408763,-0.2680521625612906,-0.994830991369274,-0.22577327271580225,-1.3102038415387305,-0.34319404826442146,-1.8062232153398967,-1.3186672280286587,0.8528059005567749,0.7413940915019883,-0.28884783873196923,0.0647687896196319,0.1988956723491754,0.460328390011182,0.3533167072516935,-1.3367758782752475,-2.443083621848954,-1.016888549129112,-0.15433037587971055,0.960183669374349,0.2343596907289823,0.5343765628400474,-0.8968816214343724,-0.07072889952100804,0.06548485945721165,-0.7556768387288985,-1.069559905877322,-0.2266777770960381,0.6612363481148585,-0.9049514889131439,-0.20819273278073774,1.3549896343416075,-0.5193413108811302,0.007282987050419192,-0.105708080975688,-0.18779162815613853,1.6684781643340088,0.30575330903406023,-1.5701820997373575,1.5284198465730907,0.2748134611974878,-0.37357436365296853,1.3494425056388255,-0.7786899631250612,1.7157000928806039,0.09330264256756057,1.0055588470061783,3.0675021115866503,0.18009153881108567,-0.09683190004017382,-1.0670296045940793,-0.1205704567692146,-1.0361717752673318,-0.18696842946794323,2.8946841304733337,0.11959795457485885,-0.553687515924103,-0.2097180768228321,-0.4118713992431347,1.0484018731416267,-0.09022459790015883,1.608888093413138,-0.31609928405105125,-0.2515792770268969
GENE0075,2.2157833536833897,1.7984793019904544,2.504337729157855,-1.9015630725373278,-2.050906068404692,-1.745440629920937,0.4059654991830201,-0.5004968498447857,0.9395289721634184,-1.7234044207138595,0.5982508136813659,0.33159995427906114,0.36251622528176697,1.123898866891339,0.07028706708913407,-2.447838883399216,0.44910809069038693,0.31967261257605173,-0.24462508304127525,-0.8417729076788759,-0.36091932299328416,1.4580597766491035,-0.9199078445739007,-1.740411474056052,-1.468262686962047,-0.035295917188680345,1.6708505294436606,2.2048507220781515,0.6502315094495458,-0.9812459486006698,-0.875091755375022,0.8758373287657037,1.331635429967839,-0.6419969944533351,1.4244504949072732,-0.22956017300372036,0.7142839761013748,1.1454669865593403,-1.4817678489735828,0.45143876653347564,1.4286425440145551,-0.5606650203606613,-1.056581435577234,0.4947854353300981,0.1334432790439806,-0.32730403127438007,-0.0022127099597559416,-1.6702940057558509,0.40447532285054083,1.5925978553403537,-0.7146757897840716,-0.8284169304503102,0.17256174399088403,2.845877450289003,1.0998832735534692,-0.09417478472929892,0.03959881805213766,1.1988468756167485,-0.90937524752908,0.6117426066644042,-1.117455008894189,0.9249146692185436,-0.2939543922142164,0.20069412524292482,-0.3588760848681331,0.6986867093533149,-0.17468191658949636,2.1579716860282594,1.418867589802212,-1.3042886623027445,0.1914561361499349,0.7351552319892513,-0.45815932859321384,1.2124767039620095,1.094650815910273,-0.08356255319286285,0.9812158840733828,-2.410662694908141,1.3575882092768423,0.8865088020755251,-1.087677694731258,0.2518803600928554,-2.02628351136724,-0.7634236328562302,1.095639338082413,-0.012836158405151399,-0.06820297252355163,0.04522619064655778,-0.07142964623750515,0.9874897169687276,-0.6189896144478633,0.4193460736613444,-1.1446176648765949,0.7410992282667114,-0.32137110185219164,-0.04098753284461416,-0.36217093885845253,-0.23565340051520234,-1.004726227645455,0.3292500621593337,0.5546640973688259,-1.330640153846021,-0.5963999059798073,0.030013842616624525,-0.5986481381993365,-0.22282161418672475,1.6161017404900149,-1.0181627854590918,-2.312187002938297,-0.5987398123063147,-0.3281596849796921,-0.4899899488812818,0.26881119718204194,-1.0280817598431713,-1.1752801165962552,-0.674487174380772,-0.6538487364791594,2.1208409479491186,1.5524475479283126,-1.6695269492947693,-1.929808912891066,-0.08575294762046702,1.9115950120043594,0.666089741826487,-0.03288569920279419,-0.4560742727116305,1.0771624764408045,0.17798937960330405,1.7317583831803514,-1.6877048624258153,0.4236457885331881,-0.5632976675458828,0.4142752175136015,0.25085625159639774,0.5096662090000231,0.9775821467761894,1.3897925797618274,1.9517231704036162,0.01579430105737277,-0.5423499736103137,-1.225821768681723,0.43488634036358464,0.8349173474267537,-1.348447749031108,1.1446649842487395,-0.1013503103838119,-1.2558167842423265,-0.8482871944946482,-0.9432427626437779,-0.9254552480990578
GENE0076,0.6387252571901942,0.7800669330053044,1.6084895592372868,-1.1416395453120731,-1.4252350252073551,-0.6470258002986565,0.020123902995707287,-1.4803803873256582,-1.12319714033978,0.803060488658778,-1.4834659521057496,0.6148309676776891,-0.6761490520517169,-1.925536384706547,-2.5385693394314695,1.4634613465533428,-1.905416468015876,-0.0643726160140594,0.3539507943769819,-1.3132022290464695,-0.5535253683535555,0.47882391000781277,0.29331618482047384,-0.4605755664742546,0.2369046296753219,-0.10223466418557733,-0.9704165795625277,1.2004904567737311,0.20742058496143312,-1.8420311772390687,0.5216746491717466,-0.6155158499936345,-0.28943619064809273,0.008194834196739996,-0.7929475029860962,1.8030378628943522,-1.4933177252684207,0.056687477298438156,0.38135158115491613,0.04121277502800201,-0.1909858084779715,-0.37701328298679065,-0.80317994579797,-0.82091315817284,1.1585434512677808,-0.4417467234969245,2.1321856668063788,0.6689403187957681,-2.667629714606425,0.8832590162275658,-0.05315980572258217,-1.3899517473838237,1.3042551998259626,-0.4359169334535281,-0.5209323602817835,0.3751900169422932,1.1428303395562345,0.11341519819815811,0.04181934789533887,-0.6968660144532531,1.1257568490321013,0.12305078655877959,-0.22544312741700015,-0.34950687695877036,1.026825595587056,-0.26232359629912794,1.0293976181353213,-0.47157470335653606,0.7223054837827397,0.20709618034236218,-0.950754988583956,-0.08697609762672419,-2.1906029164011374,-0.7440398410318515,-1.5778064052596468,1.9975000931796743,-1.5660306160166126,2.585790627217978,0.5142795326684824,-0.518867167953021,0.8063601006208263,-0.6445147191595499,-1.4095488804076082,0.07907026820882807,0.7000726963262405,1.2784108952618878,0.497730109558992,-0.5293455236693311,1.3862760820808229,1.16297582623604,0.269017527771541,1.2107777468234946,2.184810310984808,-0.543583940093733,-0.8996776822830035,-0.572689190427965,-1.3496500299658434,0.5912147846166919,-1.6099032013436871,1.2650142340716974,-0.672181636173488,1.3587077988441587,-2.5570382983204483,-0.38518762770383064,-1.2930104157562536,1.3533549225882027,1.6790247985038282,-2.3440788973493767,0.8658615583337871,1.068687353658907,0.32568452521082647,0.588163309412022,0.5160550147755645,0.8695084820001195,-1.09246704047634,1.2004943444400167,0.20934633589542911,0.14933383976980114,0.5666249492410705,-1.2707687888295405,-1.5534421847494064,-0.12103216230287615,1.5435389313807983,-1.1853826287004856,0.17515444066647393,-0.7166839079360776,-0.8509784292529539,0.5007483659768419,0.759375499389452,-0.7875514689632215,1.3872502559667828,0.42250362649253753,-0.2416779645132707,0.3475180359052687,2.036347514656217,0.7535307511006826,-0.6986969352588083,-0.018707495277022007,0.13126887117150568,0.6653567876449542,0.23954772086923148,1.8953239089521703,-0.22668642870116962,-1.7299056974267928,0.21452856949725138,-0.44112519919610754,-1.5040309901488447,-0.7035239816671137,-0.3583879681773203,1.1398042162504856
GENE0077,1.8560463061632704,1.8263117004176075,1.876327867982326,-1.504889324516229,-1.7622177241167782,0.7197765194776986,0.5221815959136071,1.4175622239040202,-0.1671111278986771,0.7021929116496299,0.7181007888740206,-0.33555589315130274,-0.11398018998202876,-0.01119917145977023,-1.237699814640416,-0.38867839345363986,1.4961645267668793,1.037716615671117,-0.5799359157154906,-0.015742148532632987,0.9713898894275428,0.4434056875422199,0.799910952490804,0.5341281187946741,0.21541140273012366,-0.16589268284638348,-1.1951085602602058,0.6922348854682576,-0.22175201800740965,-1.6478868938568443,-0.5456589932114322,0.8522896894528121,-1.9161643812659455,-1.029524515195794,0.1371334013192164,1.4057186433942654,0.99997606893382,1.5016346186299734,0.20778184872621697,-0.20918043446703338,0.8433066744329553,-0.8993672798372561,-0.9773832502346362,-1.155089775168019,1.0888846209650607,-0.8345805774771595,1.0006034085162683,0.1484502836510538,1.1017396495445941,-1.1053821813650617,-0.6255156566820088,0.4539890643795448,-0.4309599067001535,-2.4933500484826845,-1.372259452409794,-1.1132566940209931,-1.0391461303604195,0.6817831818346294,0.33704869084474515,0.16222461337815983,2.008669008239167,1.175224455567833,0.8018192902010522,-1.4952660600014247,0.05953993623099409,0.29869666232126635,-0.415227229260821,1.7063797807824088,0.05120391057396452,-1.2283487652379041,-0.9973773707490861,2.2823423382265653,-0.4201229772718935,-2.078528943200621,-0.5993444805665006,-1.8266194934838311,0.9173107984708001,-1.954852079131145,-1.4022050903368122,0.003988560511122636,1.1093801670164412,-0.0694340684793298,-1.257645437799047,0.18256299069534276,-0.467797463976134,1.1327021732161113,0.8547880014130469,-0.5371594624806632,0.779772810403127,0.271225614199156,1.3668094667202824,0.7371813066985751,0.5469957248776356,1.327959478670963,0.015404681557600861,-0.7731004559390707,0.20083973869410499,-0.35541430412854735,0.6041965491497002,0.06194403497818751,0.40293687242053067,-1.2041147328955137,0.5082865353556245,-1.2852227868542092,0.9617601815353501,0.9632543765890385,0.34795413260678965,0.31008690835253166,-0.2236560706129202,-0.6032286716303763,-0.014979205429377819,1.98268492160917,0.22931891678802221,-1.3457491040495697,-1.70835896623914,-1.438074351490207,-0.37759658026846044,1.265799084366345,-1.0234837863686934,1.4217464845954924,0.17944839173657468,0.48344366827831825,0.4560395883836946,0.5906652967043781,-0.4113654880221563,-2.334415589215141,-0.5883570224656404,-0.8878791855361773,0.3105624837042775,0.219238917490338,-0.27237962308522584,1.755524980070087,-0.6407286126266447,-2.22573333738889,0.11945667340578713,1.1891949720939472,0.2871608776027747,-0.3566384941390436,0.24044750514001126,1.8389065643095044,-0.8751280279606837,0.0308731842042529,0.6699427761606213,0.2538871906655972,-0.24786705924526514,-0.42632586644180925,-0.28519447469178416,0.5320323254226663,0.47377236185884813,2.094718583848544
GENE0078,-1.9820925534808453,-2.9394935663360804,-2.6411338404673654,2.7246734740399337,2.6578344111306516,0.8524084101599746,1.1566180339150132,1.374777288920952,-0.039830995283980514,1.3876308807840454,-0.6291561861216988,-0.3052969757219085,-0.18201506898283903,-0.5266296128965336,0.05985632434587526,0.8964247219074125,0.6513459774516481,-0.613184333208273,-0.695520715106446,-0.8553469957392672,0.08879182231780254,-1.5808434575424193,-0.8906003988521356,-0.45882107267510414,1.0553709578623531,-0.13217027117084984,1.0058589844658574,0.187574793190974,-0.474299165819574,-0.4331418994366356,-1.166058118578336,2.403181925697177,1.1105125515124403,0.6037255754575325,-1.3033096836080165,-0.4516260887061294,-0.9753336776902222,0.1275682330539122,-0.9273072539306401,-0.670290580449449,-0.9011549513389546,-0.2397533247641409,0.07142498043680509,-0.21326194401298093,1.532906465411626,0.8111069044531379,-0.7830327985989051,0.32560568144342206,-0.7006611020632972,-0.395123928280688,0.4791972032760403,0.6656499905839105,-0.5874320142889945,-1.1048695867855087,0.08770349772433118,0.43462240858194356,-0.6382888306167251,0.8165545175655982,0.6392930032654406,-0.6528710359036057,1.1301621858591637,1.160727284317493,2.067668105623625,1.711759717983775,-0.9026132225242168,0.924982520865801,0.8796292965893135,-0.3484831994228694,0.45492472806603235,-1.877623650223818,-1.9053856678929664,-1.7146419404673492,0.3892569214267273,0.4365091319200617,-0.27388411317441996,1.7211691287592639,0.987075402909285,-1.5983131847898309,-0.17197420588542284,-0.9396853161813035,0.4139958687215099,-0.030578924765371687,-0.8829783739064431,1.6944725305279356,0.05739690795874399,-0.4160395394702413,-0.2531399494603059,1.6186680462086267,0.9112746398340557,-0.16235110816511772,-0.992089680099622,-0.8361951381595797,-0.48214261100469924,0.5071657592155541,0.7565319009867107,-0.7255411589750427,0.8007601833715027,-0.9086158879680972,-0.61177365396552,-1.4495235207054613,-1.4793077461833894,-0.9194273607965344,-0.025731755889352552,-0.9939813806107903,1.4980843617057056,-0.9324969863289585,0.18394640250141972,1.3202429672526672,0.09251260427375449,-0.3639158241690215,0.1470085865535555,-0.5617346640606443,-1.0008091940426938,0.6127062860344694,-0.5831114770864428,0.9367532635304259,0.7962627995269133,0.16631650937512346,0.9708858890881581,-0.5440592180188311,0.7837769056550118,0.77857289727785,-0.301421489244918,-0.4297193890991661,0.3290285458274665,1.968244455161773,-0.2322354613235033,-0.45077237329337355,1.1783948015767771,0.06813255569934913,0.8660210649846025,1.4746311275151218,-1.9070238860698252,-0.03757959144892407,-0.22980370331577363,-0.9623307674450841,-1.9186340908607376,-1.5914981540273423,0.10436878186941813,-0.5340360293188317,-0.8018335869197718,0.09442737971475966,-0.6921470503760725,1.290180638778603,-0.6208842391872638,1.505321519972564,-0.030015732047902168,-0.6518995938750431,-0.7245647575411844,1.513794255131043
GENE0079,2.0868415042971846,2.4789821040022573,2.7823045318948556,-3.2201898802326534,-2.4678249037469375,-0.7502886691740386,-0.774817263600515,1.2130147200800059,-1.9141866727408046,-1.4278065290843733,0.45239448329036974,0.23027231325506942,-0.3497708355813571,2.052488928796899,0.6174070918679953,1.2228247056561032,-0.05080011843311441,-0.5435821435468099,-0.5321293773977546,0.9276649113725367,0.772748337704709,-0.21860813248412103,0.4715840546290202,0.9626180540172147,-0.5639294797822884,-0.34339547472429444,0.4466405016553858,-1.7886602576326742,0.4655921753951986,-1.125049059547313,0.9416533909405052,2.1477848272405127,-0.6971683148162352,-1.349643734862504,-0.1799086308015253,-0.2652597831197709,0.6607238244589877,0.23406131089431337,-0.2963302826486849,0.09061360172477564,-1.1221524151085256,0.8292150433882666,1.6179611429548872,-1.197597137779373,-1.5792529774324968,-0.40208842674785095,-1.2214704771233247,-1.2762176831011511,-1.4020184956478765,-0.19360239600739912,-0.41142246965604795,0.3732569241351695,-0.5630141949126682,-1.2166430955406744,-0.01688297991511885,-1.058556042344289,0.5121711192871908,-1.6662228008386173,-2.164885808912056,-1.6097727003353888,-0.4183194199414598,-0.2871298562298711,0.13694178346810365,-0.5647023539979451,-0.8465079577702125,1.4332745706268781,1.1688854185670607,0.9862024308615258,0.30889629326929696,0.38850632385943296,-0.8051978857221099,0.14435828822543298,-0.9398672200214812,-1.0532733006201687,-1.6174897792415734,0.40607158196005083,0.16367176222971988,-0.3028848778801811,-0.4338065870878184,-1.8301064887175909,0.25639955924383856,-0.3155400628963584,0.8959972104136343,0.14621135589758608,0.7057838852040312,-0.007240398594146747,0.18167787215559464,0.9311262776878393,-0.19238926433841047,0.471854888201497,-0.44352441480040034,-0.13110690962450014,1.593523998609482,0.6405066819570927,-0.5414589086036469,0.42291916022725257,-1.2799812736257956,-0.22119221461923189,-0.9534243008225031,0.45190619763333684,-0.18893157166819427,0.28347847557650846,0.7741795185432268,-0.46021425907704966,-0.4244843165341625,-0.03703718059913433,-0.8604962743954631,-0.011212988182289848,0.041562792633555036,0.22894021516454757,0.4195504419139125,-1.603116255930204,-1.2851214985646227,-1.1671842538476616,0.09260800122649453,-0.28437585908066076,-2.267724568135045,1.9470448084720289,-1.9889690677458423,0.03042368004247671,0.5633730417648825,-0.7197869743492218,0.639959690661533,-1.0081774793848166,0.17110140193267767,-2.180546822491492,1.173229091293498,0.000875586240620727,-1.5947124045428194,0.6287543145278464,1.6321522438452944,-0.926410464593819,-0.21021194189649736,-0.5148238963607281,-0.7702169147313244,-0.8755621004332629,-0.6464582095203093,-0.5923804604873747,-0.3564634138030431,-0.4290766509704263,0.7611710130736653,0.6718763164925986,-1.5335006108119764,-0.5935903593905646,1.2505572465103996,0.29402495961091474,0.3344707050584852,0.23897841806376185,-0.2616610860424581,-0.04104779063976698
GENE0080,2.0287081381847787,1.7177922981568543,1.4544243967432062,-1.626321635689727,-1.2066080067715095,-0.32779200392716895,-0.07072004890021252,-0.35819799128777635,-0.08933492345641343,-0.3243220409101956,-0.5358567265693974,-0.7079529306359024,-0.17245076202828996,1.0182382110986368,0.6236970675579746,-1.5791816761710757,-0.42914949366660404,-0.6383385688598876,-1.5623231616000273,0.27527852910081746,-0.0960912191687334,2.0229420763065855,-0.33402033423760474,-0.776175564897887,-0.8729382946572608,-0.4515906532470789,0.5903266244416787,0.7048680817970705,2.926157338518293,-1.2065815287074781,0.08623487529719638,-0.684281536425708,0.35049977179139785,1.3831571691334672,0.8621113790337348,-1.207604507566461,0.6846575410030471,-2.113350793238269,-2.3799193621810226,-0.2490505611996868,0.6106802242124623,0.34819685301797904,1.9057882343626686,0.10932698296244958,-0.10685870078910822,1.1551928402812521,-0.37413268149103635,0.3887483035904761,0.4489761444216759,-0.9717680577398935,0.3874667927634213,2.1850269286444295,1.1366497063755456,-0.839289536708479,2.338650940554561,0.689269669125307,0.4242495529750107,-0.09722155873808332,0.6827056477468983,0.11178463132985637,0.019644455960846092,-0.13310886351736356,0.9737669359390929,0.8629397112422239,-0.14939421360242464,-1.5189845835554145,0.036066060382323344,-0.7178763595791292,-0.47357931981800644,-0.12485241842666885,-1.0603159900310417,-1.61029815551116,0.29197320006678507,0.02682953092481496,-0.011409078855165644,0.5107665885939133,-0.6595378722631091,0.33247343108210803,1.337422041572723,-0.25470594087176274,1.8993837609679463,0.04999442712030695,-0.852379241858792,0.8496840249283797,-0.11256052914617856,1.0525504945983397,0.41334628868820267,-0.32782896911400583,1.5210149413423977,-0.4993712043191545,-2.1656189938478017,0.8805796708543511,0.3499319947444421,1.2837191877332192,-0.8816738583581837,-0.24715165741179193,-0.3600417738324499,0.9337620752499189,0.6508501800122718,0.21480037571713861,0.2212447039887671,-1.1509711621737373,0.7686821368867198,0.7891210234902003,2.291107174618739,0.4707849743952435,0.6324586861481764,0.47760112766229346,-0.6967047672987804,1.24940142981085,-0.05574617812386366,-0.19295885256670225,-0.13481352569439856,-0.06594360833295647,-0.48640908866705174,0.21523861318770118,-0.09660848485687168,-0.1817093920268027,0.48982495484649824,0.0757886878538678,-0.5541359462103228,-0.7635405870758643,0.09840166681486873,-0.746631839036923,-0.8186117520503523,-0.8044767380716004,0.25498473247773684,1.1935424710049374,0.3477606482268912,0.886821712427383,-0.06970191911782275,0.14222520069638298,1.6529956688486502,0.8287049876070091,0.9370267314088443,-0.26420463033316927,-0.005267776652484927,0.4056644571998912,-0.6064017622469376,-2.363179061041231,0.3964669716288463,0.9613664880499276,0.055201753795182745,-0.5959074408130466,-0.33069614544277387,-2.028273040578791,-0.33322598736240233,-1.1150848070752997,-0.6996416220674734,-1.1656832736504297
GENE0081,-1.8322240354772974,-2.337244473677817,-1.9939394261173193,2.2830333527782187,1.9374162911081216,0.7540140713944891,0.12897210781189702,-2.363665540004127,0.9956243422557726,0.072073392136454,0.7703739290740633,-0.22522233836094227,1.6046906298810326,-0.38188864345932905,-2.635838969513206,-0.8893702662248517,0.5021391293011044,0.15908652584386626,-0.12251423984480558,-0.9863860712965885,0.01841918618654087,-0.014375613119645837,-0.024649069343663586,0.5376701182018969,0.18176889538381724,-0.25229567587847995,-1.002564849997556,1.359995270562447,1.9816014026513504,1.744209822592061,0.6990808867441777,-1.6750808004617643,-1.7973349779332692,-0.5484228891280898,-0.05475155588077412,-0.09582708075830544,0.1937518326758752,-1.392446526503188,1.6074193470813503,1.5052386894064136,-1.3113538919198857,-1.8615435281616473,-0.08974533601511399,1.2620904960258454,-0.03218056512901509,0.2599553065442319,-0.43971156043633197,0.14627904381135326,0.9444771321985024,0.4121092051372377,0.5755087277566842,-1.6632344792394895,2.138282316458755,-1.6512538430900197,0.1564220204206677,-0.15044774625148527,-0.10690649009074292,0.869825681396013,-0.7078108009966816,-0.432707627937086,-1.1466051963455226,1.1221588504151059,0.266085421067041,0.6372180913553204,0.8119838526340167,1.9914127606138468,1.8169458252058674,0.3230416237873795,0.1579626977529609,-0.5321418699618199,0.7441577788946404,0.7071129589620102,-0.729391334370174,0.7197829516672924,1.0083544936940132,-1.1216466229495925,0.1899139709201114,-0.0657289443524329,-0.005386506614087911,-0.9526532293994713,-1.8265557591292327,-0.755416300249058,-0.8954583137194013,0.3532230675468552,0.3695131163164241,0.31259223015353105,-1.396730673228127,-1.1195583744715538,-0.6166726850782285,0.0231430125659436,-0.3351075453280277,0.3106390995647888,0.9754703167375094,-0.9992938076263314,-0.9612704991504749,0.13535998609221697,-0.08203063630915813,0.7433635615069143,0.007576659778061981,1.7405212298373929,-1.5878747688613812,0.8402168599640815,0.19932619610515928,-1.40300106702754,-2.0679592873527577,-1.125019066580641,1.2090877114727585,1.0952315559283752,-0.12865248500536386,-0.3622729834926137,-0.8560969966212014,-0.18738931935650738,-0.47416168549832216,1.709942050999601,-1.2365556001487341,0.3924377040762278,1.757071341531166,0.7745828158224525,-1.1242767035241603,-1.5423301975893509,0.27440120505235754,0.15052320556869614,1.232409097246681,0.5484478486844262,-0.4848399241688649,-0.5527147286079154,-1.3061577004789535,0.12936433827975002,-1.4044482508332634,0.909990347594524,0.5891552112188644,0.5574560004726746,-1.3218271117477924,-0.1499634011101363,-0.38930562075357045,0.10280638445942597,0.5285128808059492,-0.5135970504353424,-0.47598352432522295,0.6799278365353183,-1.1294999627831657,-0.7466614364206963,0.005836832034040919,0.8997203730295341,-0.9687747384090089,1.7896989895963833,-1.3506627611656268,1.550278824078565,1.199590148993406,-1.4301015922497284
GENE0082,-2.780434255178608,-1.6956272951161844,-2.7696093129775043,2.101821615779485,2.8711791021332913,-1.1939024401995502,-0.7269385975720276,-0.6083983130978005,-2.7994488274364855,0.09136775910665185,-0.9115585553391796,0.8105361148297376,0.9412627229597609,0.23172100021419154,0.24304662965364918,0.16358911436627577,-0.7004041846681613,-0.6148279504490115,1.3232269477749123,0.7352414442896228,0.2060869845050001,0.6000653263523612,-0.06108352877975474,0.18494676932607876,0.5945169111701049,-2.0742808203295895,0.906138918091378,0.8343402211571068,-0.7806882771074571,1.244102516156723,-2.217314784660689,0.3529530848137524,0.039933046556253286,-0.3094710746994398,0.01936732748731335,0.5827305583275634,-1.805568253985203,1.0009645902889825,-0.41027351238081644,1.0154528481746792,0.6435176776499427,-0.4310701409423293,-0.0793261963762133,-0.02057942709086451,1.606260380726673,-1.1404457867700528,-0.43807285678130725,-1.5821880508751418,0.12390824563606952,-0.6235090134903337,-0.5021715068525778,1.4846904025987575,-0.8233695226135396,-0.15952204806612233,-0.4586002861898597,-0.3958303766699278,2.7717896094916394,-1.7349756969458754,0.6440685429949569,2.4273733843796843,1.0790857713471862,0.04694216544975854,-1.1727683201250934,1.3047743340434088,0.9373459780957001,-1.5296924370016545,-0.3202812299610218,-1.2060939462781195,-2.859520038674442,-1.2293574806183247,0.10543922618137079,0.5803191772595504,-0.3234369531427366,1.3741253925021604,1.0294399127439522,-0.1252776371125806,-0.2526026876211592,0.3827396187084526,-0.01784640979348933,-1.4256840815724963,-0.2953819846892018,0.665567197875302,1.314740264821312,0.9601638968056067,0.3343026976252587,1.4573716424645666,0.4239516680632088,-0.08855005154301071,1.4787115680334728,0.7202586588327751,1.3020030937586895,-1.1876068675257494,-0.8602686289293175,-0.8174050744048971,0.1817766247947565,1.8243495331622963,-1.138946872057132,0.9053650058030519,-1.2025685442481686,2.1175194017310353,-1.5966516602507685,0.740300328761527,0.8803754230545769,0.6200049889007526,-0.8772495699787377,-1.0563434720992264,1.2724006274490574,1.048406632234971,1.0347608071046908,1.1559719901158712,-1.5360816755659061,-1.5659710486073257,-0.6713238076569781,-0.4796414053936284,-0.5862022186072832,0.2774979724338658,1.1152504932817804,-0.29399520860356854,-0.8153172366678603,0.8129231008899449,-0.28196448842920624,0.10732488313411907,-0.33247325251159277,0.3399703595692396,-1.0139041329929706,0.7262722258771492,-0.03277670195769679,-0.7643162302278239,0.5309329863493768,-0.7652711290778673,-0.7210725979957165,-1.2012768987579148,-1.7035821602729582,0.5342853792078425,1.1656166491111606,-0.45059972468403203,-0.798472511187592,-1.8122947792484574,-2.173351079895689,0.7267305457153483,-1.9740078022656418,-1.1439335705975266,0.2834313183720053,0.08970726268500426,0.3247023835507225,0.00691944848858827,-0.35692685379485195,-1.1378656746537843,-0.6341434452723188,-0.28904787606115256
GENE0083,1.9623087205594725,1.6450584790375333,1.9850221115145008,-2.149507525755151,-2.1212730339977295,0.6687277509012801,0.7914859272852282,1.511353147977536,-1.50790236336102,-0.42074514889806713,1.2275795050671234,-1.7457359145765963,-1.1762292523374869,-0.615735666971556,2.0443238023747976,-0.974532704094733,1.0838206418312581,-0.0278968936700094,-1.1464540161028787,2.7998241463378313,0.1946480039058068,0.376202317860116,0.534507548206712,0.4569561821721156,2.15207335586206,1.7859438482695904,-0.9315981435288059,2.0187249129722367,-0.7001329529499091,0.3222408808824085,-1.4515181184283728,1.0366064138649516,-0.30736124134784987,-1.149487636578482,1.1885010140347059,1.4362013949052208,1.4701027817186962,-1.522950449385224,1.5735429200497177,-0.3005156804971317,2.0515034709238975,0.6249536980641566,0.251331260458493,0.008521072738391776,-0.013662923339917733,-0.6795143155756067,-1.0680638475628392,-0.3626619713560788,1.1908885364487696,-1.3966249658369505,1.3406662306033916,0.1433897463604586,0.7814746188612576,0.8331604940258077,0.9283449745581417,0.022401588039713274,0.05234312465149099,0.8940966759537066,-1.0412947614311003,-1.1944585565751942,-0.4646869225241402,0.2880905219873251,1.9208711499397864,0.04798272044661219,2.0001525124929094,0.5154576979248359,-0.45346265036937033,1.1470686485209218,-0.24286282457205172,0.2512094484418934,-1.3363713032768696,-1.5086637698222398,0.5536555308075164,1.1037289539515915,1.9456675025532757,-0.8093724413438168,1.4637441249908447,1.314446899976997,-0.49116285903675344,1.3880868894563783,0.9442163762851975,1.1421830785395795,2.1673603787432,1.100661847549999,-2.136898129362142,0.3225604959975529,-1.566801501069484,0.15145007027714577,0.09362786145530562,-0.5836949027619238,-1.027603143173384,-0.5303319007472351,-0.33716055142808665,-0.1317048459346119,0.10543390613686206,0.5852508255422673,-0.3125523090219542,1.2796484346719947,-0.03823850767809254,0.9244908185733717,-0.30448081739030786,2.7437091693368596,0.46726417503386314,1.6352986013166044,-0.6939419888127902,-0.4471502783061326,-0.25213765264941096,2.4729999267680864,-0.21274001806560003,-0.8234340949567343,1.3009064535471864,0.05880434573626804,-0.21811946065081583,-0.6102823114778584,0.48882855820201454,1.0626556336097004,0.7880854407681365,-0.4793337774953818,-0.987702687655587,-4.019121156763875,-0.945468708176232,-0.3721345413413484,-0.05903983159068665,-0.2708112728027683,2.800876947609391,0.4913651372326318,-1.2376427261280285,0.6555673984218366,0.39147672077115386,-1.0499106120188058,0.288805553332357,0.5301512631836031,1.0245044244477173,-1.7756722535017238,0.6480780112135067,1.4099046552689196,1.8876865790080442,-1.2260675264464345,-0.14595227263352686,-0.04906552846734478,0.6755187365822855,-0.16462909752818766,-0.715393571239174,0.21717637258489192,-0.337502066157465,0.5621895306852417,-0.8095673868458734,-1.0223096560479346,1.3154402182249612,2.2725276138044332
GENE0084,-1.8725992211676474,-2.6073367345928533,-1.8436560680889784,2.0119246978383365,1.9986564166275396,-0.5838027669199817,1.2565041179401115,1.1234647179238435,2.0759541110974755,-0.22930508753249892,1.579033701092001,0.506465061928088,0.07538846923434823,0.3369938400965603,1.6980131615034877,-0.1319367148937541,-0.08106186188457366,-2.0657020978301204,-0.14704806469804693,0.26436192795818286,-0.76224777776055,-1.0078551986814441,-1.8512385761517283,-0.5846505953032183,1.4211790967971158,-1.4818523031090187,0.7890172518121636,0.8793465470270936,2.4528616211424015,1.0383551849025725,0.9545795811061782,0.3676972532248786,0.0008573342459645112,0.8521995130955187,1.2487012727080387,0.1704963074522855,1.291885901864576,2.8832112963376884,0.07085890482031604,0.09900162758932099,-0.09211683792364958,0.13374294128699207,1.2231052939763496,0.0870546368075889,0.18917808231135325,-0.2496496656607904,0.48905750054155556,-0.5031963884173696,-1.2261473645198493,0.4476719908369938,1.9793844714143014,-0.289944066366679,-1.0412051371272881,1.9156420206593923,0.04556069771985127,0.9445582824931873,-0.7289658219887498,0.009770567353241414,1.400554386500802,0.13077246894419722,0.14320219249638214,-1.4885939779624031,0.7870334719498473,-0.7858821230749682,1.1197004005736249,0.20238122708930897,0.2912191217622159,0.7725418190513192,0.37526944904329784,1.7184534155694289,1.5600385988583547,-1.2172438936271344,-0.1707120012565216,0.8365348805804116,-0.9426029620135037,-1.5680607594522489,-0.7602045787553829,-0.11516540618663129,-4.06460314373439,-1.113889652964548,-1.7785352691945528,1.146672268128483,0.9314788266529853,0.2785636893603813,0.1000118741213807,0.5448068412694402,-0.9983351894961722,1.252888995413658,0.0930212882214317,0.9175992702596298,0.8764153664646398,0.5341144682972696,0.31291798890117156,0.23843984438833996,-0.06297691981449226,0.4829567337840797,0.20620920830783845,-0.48702086303450615,0.6097147286535098,0.2805000229198326,1.2097881878438104,-1.810416783357745,0.03622057046526678,-0.7249029262599724,-0.517622744420836,0.5597480275899028,-1.436060494836333,0.13313564624990556,0.030439562394779483,-1.049949577930627,0.15807289709124248,-0.7615531754262111,2.1974837210545815,1.2019666345182933,0.06725995952489733,-0.4317485253908717,0.504050337735262,0.7674759178141847,0.2545325897876385,-1.0151475363744358,-0.20958776620291633,0.07801307445558936,0.2902750174592024,0.3133631511417689,0.7308322351949248,1.3417202887201152,1.0125637066960274,0.5903198457071825,-1.2577039911128594,1.1863432356827102,0.8188063521069772,-0.25579127846400995,0.029739030956155498,0.0655809713701782,-0.43782232443032437,-1.7480345371360055,-1.1165426433475378,-0.9065072854978103,-1.9678301230925799,-1.113266268792409,1.1411994149084022,0.4859183394591162,-0.9709848652156902,-0.6882235578279712,1.2291836259407989,1.204467208253648,0.06988799586940828,1.1747976933816309,-0.7659040109460482,0.22735992012082787
GENE0085,2.1663448122623907,1.6955315081286966,1.9944428661724325,-1.5649377624018395,-2.379650905410347,0.7602016326255314,1.0111190714443534,2.334246897312939,0.4167143492589161,-0.06408287656884287,-1.6020830094994443,0.39195243160084786,0.559432845408076,-1.3560122715994256,-0.2400873199671996,0.011132592717344245,0.5295254443280599,0.8562414122965504,-0.5365572838111947,0.20136082868448554,0.5737354822298656,-0.18177923278010719,-0.4214622973621976,0.7125794466100616,-0.17771586627014554,-1.1970856815502995,1.3730423293848015,-1.0862916569979282,-0.09450654226908063,0.32176355946390134,0.4552082481016471,0.1696168067176415,-2.9421258106806167,-0.7025136898233378,0.296290348483435,-0.10909320827625384,0.5116663001659018,1.0214949864074392,0.5066873795191851,-0.7290157224810525,-0.5385026522226634,1.6314404017982647,-0.1791091508538055,-0.095408181766648,0.5098759829067596,1.2372216428843834,-0.9012642255798817,-0.49611677818152405,-1.6039617514266094,-0.29637189375324985,0.5675933646089623,-0.3642404820512782,1.7598129231736774,0.11620171909580941,-0.10226574498399026,-0.3521362158210421,-1.3598560244719025,-0.09033230551015822,0.3583866131281748,-0.11806975592214562,0.23111327104951215,-0.6706762364050985,-1.2447227969187662,-0.10620869171899912,0.22060692295888165,-0.16869103498212665,0.20351560371854796,0.7766424893377897,0.7728340492664013,0.8573713651756364,1.005326025666313,0.4970819410032019,0.3563258295730599,1.9429614348444821,0.7836198305408291,-0.8451669978400385,-1.8630468568224754,-0.241152492261653,0.624742026481505,0.9589501074502397,-1.250474143603487,0.7294219383503361,1.1346860199275617,0.6087368960918721,0.41572550997978686,-0.13281060880247617,-0.46000206411180583,0.7855463198980283,0.5833469497415206,-0.32713704663827264,2.54210634866988,-1.5097989084835268,-0.23213125280232189,-0.7713972154433943,0.38417588133766406,-1.9489636382185753,1.269266272924928,1.0054503350780786,0.2673544374262525,-0.3103239158053969,0.716309850566015,0.32870639862509166,0.9520165453293079,-0.12245281353774572,-0.1814742023560683,1.0777374176922063,0.6336620212924092,-0.17401311532615715,0.36783819339889656,0.18481416761224878,0.4672036928277625,1.2694507234235926,-0.3498704033229377,-0.64455293189099,0.2737919252862003,-0.536553754137027,-0.9109180635470367,0.9935510273126569,-0.28720617978326923,-1.8680628413076206,0.8474157131500993,-0.4381515056207866,0.5778322886399249,1.083441303347885,0.1896473970119882,-2.0354794285511777,-1.9636701238610712,-0.6724081857942658,-0.05685659986476705,1.200141587526417,0.29133364331879874,2.617273338971958,-1.4914267376560257,0.12129183090008201,-0.44547088676687246,0.23463799594133422,1.7516744537778939,1.8149139351663486,0.05446036929644432,0.86151388816879,0.21555000064529165,-1.0752939033304105,0.014320402204858777,-0.5051094154115093,-0.06276942449341091,-0.852086884120294,0.15514701868247027,0.3056502529768904,0.7042530950209204,0.30985994436768094
GENE0086,-1.7263494081243191,-1.4887170556317435,-1.2513297966974948,1.733157140896848,1.5644118180365674,0.9961226602523151,0.7173234939267886,-1.821856901770366,-0.558075932285895,-0.4121039499732385,1.3871907131863401,-0.7306095413814279,-0.08537467997269305,0.8402754540097592,-0.775699349550235,0.27908968505734144,0.1487734045010925,0.8771101252519663,0.6588491411272431,0.627292013125093,0.20078517039165847,-1.6759559708658476,0.1396621276864955,0.05530418530522223,0.7665447517711645,-0.42292834500272886,0.04179908472949723,0.07336098816887582,-0.7125546539848696,-1.1532776534114078,0.38254082049506766,1.0077630756515632,-0.6249099624230801,-0.2177675245439617,0.8295492202251548,0.9267084730097143,0.23142546831230806,0.41420159943005663,0.5320498384858374,0.7110339802617263,-1.0714193917120802,1.9172103890413,0.274003902442758,0.729832112840642,-0.7618042487351302,-0.18590069517566735,0.37698370092659567,-1.804407722497076,-0.9011400512018701,-0.7252854787770965,-1.278636704557792,0.10608271025834201,-0.07408266206618958,1.4237073100207738,-1.1206755675459958,0.2347483784081829,-0.8800899873211465,-1.7171401030675408,0.5878038540094718,0.6705989393347973,0.5521186852449957,-1.31649613930369,0.08358736538447735,0.5973604797329994,0.9521602235241249,0.6282947190876064,0.9651341243644521,1.0673798415062998,0.10486503307861315,0.4985301921556723,0.9996770969070387,0.3901255382675968,1.1989974816554931,0.8744963283982289,-0.6324513939508659,-1.3059999057352296,0.01930752922613046,-1.1811304632386497,0.08312581787924939,-0.007402396000651359,1.3009112374165572,0.5050626662835506,0.9779352082870972,-0.48959488244877264,1.529668274287631,0.8936480961224382,0.4274382280833858,-1.8065594062345491,1.1787397760052507,1.7733350570043276,0.011286223160318652,0.0317487576237926,-0.5166771070339689,-1.631735399777714,-0.5620938101481859,1.6594194988582092,1.0790113624135365,-0.7727086601309809,-0.5783871217234395,2.13508200893013,-1.0201552225268866,-0.7154255205767448,-0.42958164559171663,-1.3580100590415056,-0.5375102708450441,-0.5223083274730251,-0.9022498754642679,1.3279711693079097,-1.1668292849211088,-0.14192592360688056,-0.8770011627319106,-0.2099739613735248,-0.9234649965579527,0.07589463184009229,0.3214630873029826,1.4021818738013903,-0.5885949845622744,1.6178267235679804,-0.8069782666399364,-0.23801908044889125,1.764739752441796,2.9029416285053427,1.6859365539573317,-0.2235917799038682,0.5148752363294603,0.6826368812128897,0.3454238190404714,-1.0078465490671427,0.2345824670753469,-0.5058456692529554,-0.9684127137100002,-0.31136924127099364,0.3153314706444249,1.001383145660648,-0.2539283100109162,-0.07860980175325702,0.8039292795848746,0.07087187047536225,0.3815515758892609,0.07796847219394218,0.20273168823968934,-1.0790244592678986,0.1223266861648562,1.4278623820852956,0.16899143141433093,-0.8337509418377196,1.4765300374527022,0.7213716777887588,0.7676277622673545,0.7405222889724334
GENE0087,1.727182715645983,1.5592968664068265,1.959106193474826,-0.996077900333366,-1.5793815521547532,0.3655715546381378,0.0327476475294002,-1.5476155133595542,0.6053785558135218,0.5302923590659436,-1.4661391332916416,1.889307222378654,0.7511211907804813,-1.890260196687171,0.8188640655851059,0.7898260704176857,1.4150080642858613,-0.6238758718582349,0.8333030533402974,-0.23665190536331263,-0.5564847701387777,-0.8650065001733912,-1.9031432059736781,0.5404240025304289,-0.2730490825151575,-2.730117814770566,0.07535519985566355,1.1578468514595746,-1.3069854591359271,-0.7125990819117928,0.44092170941588715,-2.558876230187336,-0.5336812998656861,0.3466063404724999,-0.5611180472569117,-1.2980084860916576,-1.2500886750939233,-1.6121135315254396,-0.6330354005616816,1.056661949261027,2.361890703170213,0.0361827294430916,0.7682485771525432,-0.9408220741920303,-2.091651903364375,1.85160907703945,-0.5950987410478299,0.7187082925761192,0.15846118511886256,0.9945909288357225,0.9540976603759755,0.2777256563345103,0.3877812093623871,1.2125845819735506,-0.409692876293349,1.5556149614627257,-0.7078562474049283,0.07657993120346739,0.6291798578745547,-1.6290932886306528,1.3818480357930825,0.47590083452498055,3.3009718943015276,2.080692510430297,-0.010901131003714686,1.7855867024760725,0.8473363253542434,0.231107168513459,-1.6593624592297702,-1.4235351409702315,0.004370251582966527,-0.4953646267899452,0.22518922479702655,1.3723698309363015,0.864958205837676,-0.696286082911922,0.9249578945057592,-0.914047320840518,-1.1422402519844435,0.3816370677020346,-0.8145025922824178,-0.6418457827653071,0.9939720640754781,0.6576336910076903,-0.37180568078333676,-1.6250989687178627,-0.7351623100669669,1.9420780101652007,0.9665404149994133,1.4235909510202784,0.25602474490187466,-0.3510482574722215,0.9051925673718886,1.2818390285952945,-0.47974189529556244,-0.7132048029780338,-1.5212596396782603,-0.738425005943864,0.6689188763437223,-0.5962608845449534,0.931730050970849,1.967174962803145,0.024820554624800366,-0.01626976090966454,0.5486115271211793,-0.5744024706049964,-0.6473206015015319,-0.6175076902303165,-1.145577535434755,0.8997868507630178,-0.49657995373991737,1.111386925431259,0.5292829920311475,-0.022780630445084823,0.8096282780621594,-0.9434615786943489,-0.7804042777105111,0.713597488557311,-2.1956724413257467,0.014611180300383027,0.5905023187952785,1.3108827266886962,1.5154796656876108,-0.13028624928391652,0.7702665284831038,-0.8043501578320993,-0.4434864390182549,1.3676605136511624,-0.039904311589052395,0.1596777618308206,-1.0331362400785684,0.42256716467424005,0.7540542848457129,0.723022903730172,-1.211361133949532,0.9999443433110298,-0.9981006602355318,-0.026414999087045726,-1.6181191703935376,-0.17946835767597058,-1.0035864681614417,-0.44885715967470863,0.059910439684482286,0.8272248068737484,0.7929034666922938,-2.337296287244784,0.6783182731341613,0.20627640584490153,-0.5602026923402286,-0.8804073025864007
GENE0088,2.7727544898493353,2.4120764012832807,2.1995684425045776,-2.2367226370320124,-2.3720603592312304,-0.4953032426034153,-1.1836923420361263,2.055220968516346,0.059312765419377855,0.7411200128832625,0.6351270937507677,0.3103284759617465,-0.416217619899324,-0.543829053927893,-2.0205935003323385,0.14219313514130974,0.30038093695788537,-0.04782984619791361,0.14342186871507598,-1.2064103339541288,-0.2940473139662285,-0.6498537937817882,0.6650059156350103,0.04098432823524924,-0.6398126391918693,-0.15995088456830253,-1.039524675720976,-0.3281751268411529,0.582686961681618,-1.3322948735215885,-0.06115660284555901,-0.7499349137782523,-1.3315816613576672,1.8652935992889785,1.2537740179980934,-0.5980633236488281,-0.28976909672896906,-2.0222458092034,-1.5924872056449197,-1.1280284070314834,-0.03358497517999565,-0.11472151179391586,0.3317219466232881,0.6786076590701907,0.2780092848865,-1.0814078479612759,0.32402343422206537,0.6353518112991401,-0.4272725817655366,-1.8464216590525009,1.1840690584438738,0.08831454946524162,-2.772838743096468,2.070253084867195,-0.47876251908483464,2.4390231871773165,0.37736436613524704,-0.2026796750711744,0.18359472430730595,-0.7092717171438492,0.061310397556036705,2.01062063320819,-0.8986224302507531,0.5333647089351805,-0.7197588447268848,-0.1680809844048159,1.9766103338806056,0.5264618134118679,0.7456735234735848,0.07084639605228406,2.695488709469085,-0.9496387450907569,-1.5793719075375352,1.686012583861031,-0.3815835486484203,0.41025906898077413,1.716358498799454,0.42355883701672115,2.230818271811151,0.1361958628054981,-0.7081268640084478,-2.35348319363109,0.30054744840099773,-2.2364262035051636,0.3246397411466488,1.4595381748779412,-0.017060687140464822,0.19010629284927974,0.9156646964840696,0.6695342435560055,1.160498489410031,-0.01917862516714182,-2.2511352240100946,1.1760176917840621,-0.23880188735057656,-0.8786526806291152,0.33593539139645895,0.18654182120262447,-0.7494624633831906,-1.2855844352134582,0.4684153581887788,-0.8498716714065278,0.1143834751359338,0.3734453554444396,0.968176152875425,2.1191036023595675,0.23720920127565875,-0.425361470265525,1.6584359070094898,1.048092728848176,0.16838302778308764,0.23648694614658164,0.026911724141361133,0.16221150474248305,-0.10186535164261648,-0.9748304823479658,0.008873458852412548,1.7572742170721443,-0.816042000988651,-0.27127131945695626,-0.8919192661546727,1.1573322956735501,0.8297041293737117,-1.2783128203538188,-2.018462428472016,0.8657011788346128,-1.339267121988083,0.8282663567889997,-0.6380730352667855,0.694999668887765,0.4441164261684147,-0.5364541150229348,-0.8789920131961103,0.5757967128909325,-0.6925857199104988,1.1089802385271024,-0.8323499145880878,0.350350320805497,-0.39020450596025524,0.005714110552789686,-0.7005269906110326,-0.1786064354098913,-2.5617515620580185,-0.8129224823594956,-0.5876116834101616,-0.07187652958566514,1.2931917687021603,-0.6977305159963834,1.4139851569978024,-0.8614186380975557
GENE0089,2.303165626386109,1.9541041538234074,1.6969732654818912,-1.9283644015588228,-1.7441316099164075,0.13162068898893264,-0.009197164050925629,0.28442374045197166,2.1524861327973177,-0.4739381960231787,2.054322205562732,0.8523631348003574,0.36519790841142424,0.5545285700218084,-3.1956240884900367,-0.2616635842307758,-0.6702333622134368,2.112393328314427,-0.34139865313360873,-0.029799976194821397,-0.04604373437170928,-1.3065326416622,-0.5602216277648677,0.8168979113065603,-2.1318067842521535,0.3113523830140507,-0.9014797888584318,1.2999189780618117,0.3949217672080263,-1.5197678828100394,-0.41614521651172764,0.45356003026458863,-0.3039540630705414,0.14512033292760365,-0.01923676106405932,0.8668210859166574,0.4395657746659394,-0.04820838564256086,0.017917738221916595,-1.0828340625830453,1.4673820105354922,2.9622138644205442,-0.3303492465514715,0.04769947087362862,1.015046943458476,1.0094696724921264,0.17830995631569363,-0.976169018468538,1.8181588366757873,0.6812343199949997,0.22054890689522208,-0.7228276301385732,0.057955168641172075,-1.814447367262549,0.740904633051127,0.9847346857512055,0.2297589919427541,-0.9602529244189619,0.4518975861164713,0.7873580466943357,-0.7432363667780943,0.933992223153786,0.5245174345941758,-0.27401631381909686,-0.5576555790986524,-0.1788746048480557,-0.9706677673827739,0.26026272991097116,0.5584845207792332,1.168596592795489,0.2974486052239491,0.3913177662105359,-0.2680077425053572,-0.8741035628626731,-0.42993197092420804,1.4280708119024874,0.634080936752976,0.4073971776443704,-1.8153707896967453,0.3128133167436986,-1.3296826073926284,-1.258368594304883,-1.1463526088450813,-0.772833460036299,0.8333894899614118,0.22659212617799823,-0.9431462779775022,-0.580741118283471,0.4983144204532381,0.6978071357336549,0.13363319318873396,-1.147490415073775,-0.4125260725372831,2.380991489339341,-1.2108740331176684,0.37493286844768214,2.1208329953340357,-0.27348423330496235,1.8338038593637813,-0.6876846207632886,-1.9748950310693996,-0.5792779729461932,-0.7577050013726064,-1.6701781924162264,-0.4174489690553193,0.9909961797249501,-0.5941201885449019,-0.37600315706297405,1.3705086531082344,-0.7482709979740649,0.6189276135952376,-1.7074329104488837,-0.9661420287898361,-0.21343106519824123,1.2091198099505955,-0.9125400174205731,-0.9245598282041674,0.27235248759196323,0.4328864946404487,-1.035597974779926,-0.5218957376082406,1.0866608278509824,-1.1800090873473532,0.34147673904707876,-0.5175334889131944,1.402581417043068,0.5804197564673585,0.8805628943076674,-0.5375840551879599,0.8245151560185962,0.7984770104452468,0.5194888741480125,-0.2826092674912256,0.16260534505003804,-1.8527095348652787,1.7590046180128887,-0.6039225937437165,-0.3348507296111789,-1.3177985324194006,0.6728948662991454,0.5292100439110343,-0.2955162932555183,-2.334672448315709,-0.7115554940294971,0.46002269879431695,0.25142160740464653,-0.04620147110896543,-0.4239476620747896,-1.5786201484291058,0.963870518999406
GENE0090,1.967046831454354,1.4587537090925926,1.9858394917541309,-1.679198534430732,-1.1052619250442175,-0.3572022912606917,0.691184158377242,-1.491739307541365,-0.07949794586859955,-1.0548634298235902,1.0250632960511181,0.37428951013084594,0.6499430178123937,-0.5532421842024213,0.7448110491967598,-1.1169803085905285,-0.9735258086474549,-0.17515645435956012,-0.9347231808085009,0.7096048881627881,-0.47345625965469706,-1.0806594295742495,-1.2101819050972824,0.6973933261952787,-2.544075518734061,-1.0110388627342,1.4029047839621902,-0.3443633306768606,0.7164531930526367,0.4274993208920174,-0.19087430235377886,-1.6589105828832822,-1.3258700887244808,-1.342719664837795,0.48205072830031004,0.6695805734803052,-0.8788145790381195,-0.07877182941689992,0.008114698472211069,0.07819513169342533,-0.7619866461208319,1.6380555983709402,0.6778741863753364,0.07308376479083839,-0.5188301809198854,-0.8335684515025388,0.3978950934659485,-0.4737720477692401,0.13373192659534713,-1.8993111708452337,-0.5297938203086952,-0.1090878971166739,0.9678122108045354,-0.9223240562677364,-1.4858332395471836,0.4447222620741773,-0.0640564346457395,-1.7220235808146194,-1.6721595136444953,-0.6468759020702652,-0.08374738765171298,1.3892851290935988,-1.0811393326732892,0.5387771269189496,-1.9608507978328928,0.36096088772505125,1.5065848461335742,0.1417047166539316,-0.6681645907735275,1.2325361550005687,0.3488818313036715,0.15359460673551137,-1.0177329400894606,0.36376990672783033,-0.6847161543480678,0.3114420846290003,0.04853913982263525,1.0841165459049067,-0.5760059204952394,-0.1493467286627817,0.7983132369011378,-0.23603757155354116,-0.021526145688816417,-0.40673138151517996,-0.16364583881502875,0.670957572095812,1.8359124002008285,-1.6785011885482375,-1.2650189283134636,-0.14147620346559694,0.04964376356751898,-0.21765189078506683,-0.5532785728680706,-1.2323575043213433,-0.610764907132292,0.8172366189978882,0.09306677628155917,0.6755618979049025,-1.2034140699711293,1.4441433207128669,-0.5618846512624851,0.475201627947098,-0.12508053197001676,-0.5400143385700622,0.4328185412653227,0.6005097972271872,2.688014290491059,0.6392699474777953,0.6242691543408252,1.14488162369814,0.5318540204738004,-0.0387147689465107,0.32572503424362986,0.8548070356513602,1.3907631720334803,-1.5106847034140596,-1.8902406641369962,1.3483754483380468,-0.7974605228064238,-1.657932993720959,-1.7519635347055817,1.8018480256358902,0.8776128145279906,-0.7950928146383525,-0.7537543405673636,0.05486328715614163,0.8593904978198513,-0.29400776113237803,-0.786028274403234,1.135046561869691,-0.025838144716133032,-0.19162591565741793,0.5921246247453483,-2.1363317116359837,0.4741348011830975,0.4109161335930336,-1.3789165487173327,-1.9413731289826768,-0.5643615535611595,0.1829733603052616,0.28487101741084303,1.7040464798219168,0.18341945902120274,-1.398826660161565,-0.25097144402999827,-1.2986433949888831,-0.17910355363265076,1.4089107574829256,0.4592428063793111,-0.7207847968099884
GENE0091,2.4378202234860065,2.199621012183824,2.7710628569393303,-3.0369017346267215,-2.23907087644234,0.7723360402943095,1.7176476866808064,0.3411796290033564,1.3471592934086047,0.6300931581315045,0.9374027104720325,1.1017204865890793,0.4870171564202809,1.074848721680636,-0.6985530493827176,-2.4266179602311997,0.6507397040931587,0.3747785308586731,-0.875272098575002,-1.2624524016646612,0.1306748998926192,0.7169219523855107,0.5199100723365851,-1.01964533574504,-0.7953836793707056,0.6694853551747171,0.07268612506370074,1.060153914745751,-0.3232719397152676,0.7395248008042937,-0.03964982602951878,-0.7228012370979725,0.9281628335101157,-0.9925609153928416,0.0741518959311109,0.1774864154778142,-0.12028871150379637,0.9907995001253634,0.5726153920568272,0.4534284892223496,0.06846306437172907,1.8563277133624871,1.4646672588818006,0.9194291158384525,0.7551027307933962,-0.602258177282046,-0.049079204226818746,0.6358209031476184,1.0515810454264938,0.8920478034272733,0.5809622947236015,2.000625932214334,-0.13558814302883332,1.0131898045103889,0.8914400467341643,0.44406597792336067,0.48050023313565854,0.460344804825644,-0.7082363191646834,0.40086101146682657,0.7482806471485979,0.32193644418963757,-1.8420827576087893,-1.5861688669408667,-0.8182319835023398,-0.111927250405041,-0.7645469051075113,0.6459120154192018,1.191998915532283,1.3336697411479546,0.3368112723874649,1.0841610169548659,-0.5625517736187333,-0.15165367203420396,-1.1669881821406638,1.2068993489717312,1.9659458520065505,-0.348597716534829,-2.170160938560155,-0.9554018651065527,-0.650172272086158,-1.3262027893636903,-1.0303076505733457,0.20461822559046108,0.6597224693877705,-2.0643909640288443,-0.5321615134814498,0.037676204708587735,-1.0667675546846611,0.2361841552978902,-0.11782971759325418,-0.4485906214500624,-0.8644916117566375,0.2734077897503936,-0.7634876247136259,-1.7330137884913392,0.022099323550935804,-1.239023260309863,-1.6461963003787083,0.12952207826988577,-0.16290915628598213,-0.866336617187862,0.22894024389627662,0.42393231161354816,0.2398285379235732,0.2035247552148713,-1.6053830270598055,1.2932370523496068,0.5574705280918698,-0.9507909185327753,-0.011758058393880949,0.17829094112565858,-0.03933995592736076,1.7930609918104823,-1.9452516969612503,-1.476197440705909,-2.298935839162718,0.07987605427022527,0.5440149383064131,0.3615990341455025,-0.28912429678450113,0.40654029375198053,-0.29644951459805774,0.7407256829826417,1.1072942573856106,-0.9311880324535422,-0.28763746103701304,-0.1256653852725217,1.4254332795296318,-0.8134420560054573,1.097662811596601,-1.4660596703982696,1.2435456010978068,0.851883409377045,-0.1556575382899,0.9166737118471837,-0.5009405371965816,-0.9228129499824342,1.706462455746808,-0.5411811545334609,0.6770023973137358,1.108841419071706,0.80633201905893,0.5992716708727502,0.680176080063276,1.0574531394341933,0.3177217350129339,-0.03964207789491337,-1.3689405567031943,0.31812686237369603
GENE0092,2.0756568541362683,1.908899528959984,1.698240998807975,-1.825869182336034,-1.9008692418472581,-1.1585691575463308,0.7934524888344344,-0.3577869084808121,-0.6736325764305153,-0.9180082651146999,-0.6555425358109414,0.49910644197992277,-0.22777127624396384,0.7142374677317087,-1.1218488443481371,0.6969971029231489,0.43379340501900926,-1.5077964445891907,1.5062332353968872,0.3399049296657207,0.7654307292350953,1.1561357486456394,0.9683751663534794,-0.12610241655815774,0.7251601334034021,-1.8100431225280182,0.39376624230404117,1.7324850076956253,-0.6953774654837629,0.9154535210773648,1.7729838520970223,0.6892068696490764,1.0254067251419892,-1.569472453051818,-0.9349240814388441,1.4297352661900702,0.9603501523569682,0.4960210635212485,-0.2646116022346786,0.284621047537073,1.7381467583261392,-0.10190237177542805,0.6992510888287639,0.6729799604696928,-0.6658509226836544,-0.588684643504235,1.5270132612259923,0.5701299455178457,-0.6803426190998739,-0.3112792838795362,-0.9855878206715561,1.0665016591810415,-0.251766827070369,-0.23844566714956222,0.840918636530436,-1.6794266193847127,-0.036902840728767206,-0.010901197099380455,-0.2856085173890448,-0.5495377985779493,-0.71005905662051,0.28245048926523897,-1.0100864588595426,0.16118492225185851,-0.5529049383707991,-0.48640551982541314,0.196991156116792,-0.49759074464419595,1.2670446625292706,-0.14006602627764192,1.0466483608417794,-0.7619278440542826,-0.7841013735016077,-1.6630555148805193,-0.4921575747920368,-0.23260590298925776,0.07702802084587244,0.6973507446380671,0.6247953894695016,1.1356412676748064,-0.8873013670361983,0.03082420442756455,-1.0001675514487454,0.4142344193015289,1.8042551370778928,-1.1964282051012067,0.6875477146212243,1.0486407091206436,-0.8927279710372812,0.4363281949032192,-0.3599331714808636,-0.12116589280300478,-0.3930518958787473,-0.22487537795256549,1.155529776357458,-0.0791411392458341,-0.6016691771074415,0.06899756116248447,-2.122133412674471,-0.8168960881781395,1.2485911362493523,-0.14534531448773885,-0.478034012631749,0.1729698079558269,0.7366199329005703,1.3287414300992495,-0.45102611861540615,-0.42801925570870175,-0.22317224097286925,1.0291608274696276,0.05704168467895999,2.165879741391191,-0.16100816619470118,1.7634856074177445,-0.893030501908519,-1.3898470660572526,-0.10142889318015628,1.1393869305161624,-0.47697938932273776,-0.6165369271282555,1.025014696114955,0.705099736904737,-0.7924151516998811,-0.8508863000277902,0.8292921113418817,-1.6318705831329816,1.0795235160501695,0.6918287913117352,-2.28091210820784,0.015568274812603318,-1.9788681601400961,-1.2050891663637544,-0.5029710109066279,-1.267788564261654,2.2181609054442255,0.8640580536141788,1.3674390431630605,-0.14028650834818324,0.030467406804004168,1.5807270423985165,0.43373239402801883,0.6122418014477762,-0.9111795851435988,-0.9158118041755245,0.2610399825869071,0.37296933720957415,-0.9970911242653454,0.3584569662278545,-1.2216696022432145,0.013830199723696996
GENE0093,1.7468404096839332,1.3739352335505943,0.9898978012340697,-1.0444523363900775,-0.9978684036457615,-1.24198535994816,0.43641023868737466,1.003801889635533,0.9037327842984106,1.3965915625222476,1.7481804580692595,0.9579268653362378,-0.5028928587633323,0.16948104742061337,-2.2569653844766964,0.6375801377818118,0.14926551039329786,1.5952280459034476,-0.7433592616256149,0.5155156340150927,-1.0033440637460869,-0.11003342425971001,-1.6352658859898688,1.356046346631442,1.0526493886477606,-0.4726843884369919,0.2618353205715371,0.038485528340927076,-0.6123937847213143,0.12319366136479747,-0.4427715566861966,0.9803386702177634,-0.21080832450621106,2.3905354771458587,-0.07784778154432369,0.11277074508506787,0.5281585217116831,0.8370510042355225,0.077974461818732,0.506379498694662,0.1828039641701267,-0.778582645746157,-1.0481502997801369,0.6992476221520606,1.5172310250102452,-1.6309532132923052,-1.4345623784678974,-1.4442213202567409,0.7751445506114306,0.8586029566244989,-0.9763393192547702,2.2057863526773978,-0.38496652880844884,1.4356447200992184,0.808540758322193,-0.9581008136621948,-0.4180326946851387,-0.8724171526193806,-1.344319297606588,-0.2532212766165934,-1.1986001519629408,-0.17494736099589125,1.9329566907526607,0.6966881579538906,-0.557129888598408,-0.638723320526415,-0.4011203061709095,2.071132593760768,-1.088354451073005,-0.0017690228592416313,0.46536292373182886,1.2154887216247832,-0.3326707985128008,-0.962675694089487,0.28950072246712927,1.3146637309753773,-0.2728833027596277,-0.8394178106597178,0.11020687923412407,-1.6235870856348384,-0.21865885725176532,1.1780256831922882,0.8748468271196571,-0.1438642738914198,1.6593293931145676,1.9098748679089967,0.664086228770222,-1.467771340655257,-1.8799117053720003,1.3834901644375224,0.24472791816001685,1.6355541783488972,-1.338682741545504,-0.16118523821931702,1.02919059020358,-0.7297874874885265,1.0147850596575199,-0.12277952727933832,0.028060806383912448,-1.1836328966144969,0.25138603885751637,2.1927896822643738,0.38802180529863045,-0.7917242738890955,1.3955415800780508,-0.7615715270929277,1.721103239138698,-1.2749591283821455,0.27270840729127993,1.526312495686149,-0.8668191285941451,0.08316008339929655,1.1572892423540373,-2.2555209723316882,0.9268837505549764,-0.08792649091714158,1.441954153562435,-0.8274972855463505,-1.3867758626915752,-0.5430364949296431,-0.5639164696142108,-0.20648597646606412,-0.46857970955031664,-2.0078985737640673,-0.09495636950312068,0.2317967095246296,-0.19324244245896385,0.28682824500187637,0.08494807836662877,-1.381993551174754,-0.30085274896254033,0.11389991890318406,-0.23717063112593234,-1.4927901206286105,1.2231129450683034,-0.9721556533948422,-1.2421965946218991,0.040818566389435304,-0.3157568372191886,0.6014415936106075,0.8726539356295474,0.7205648517880489,-0.0017830102524277096,0.5532974244013308,-1.560013095298083,1.0943608572807824,-0.4048296410783314,1.9699379120649152,1.1247999769778887,-0.19728558300943913
GENE0094,1.4392292680149066,1.7674507337694723,1.6720159904969072,-1.5641346862253063,-1.3062647825191946,0.844853590025043,-0.8377138748720581,0.3144746111207469,-0.9766931954727915,-0.34146687286163924,0.33383761907736353,0.5098251816073188,0.7294187242115334,1.2337872769596048,-1.1937262442757581,0.024021027749844527,-0.85034709797423,-0.3988563971108943,-0.7544376098037611,0.49940348661769857,1.0530192099399445,1.1070142239824061,-1.1051730810190554,-0.1232980464189985,-1.1329018927418335,-1.1662282279953577,-0.6617313742720755,0.34329769092415446,0.5189150428456454,0.6542295064967376,0.5923584078044751,-0.8478509736907655,1.1827590192195223,0.803280035971742,-0.4126901596808782,-0.37491967205057475,-0.6575415838632674,-1.291843267510811,0.6660248555449385,0.8220617843060168,-0.9260524618792649,-1.2318587110719776,-0.9365367870263103,0.1102446321191789,-1.3819773746726571,1.1278099799572492,1.0679577442582933,0.42434494386140187,0.8097357497947946,0.058755387939084004,0.46515399482691894,-1.3001822433097072,1.3904794772046483,-0.48735293921005945,-0.1288008287892548,2.487200767392342,-0.22000744910587589,0.7394018150232046,0.5145324663418078,-1.332818630339381,-0.9997430516452073,2.0358886435007544,0.5791629425114344,-0.016875005724353236,-0.5356480725277246,0.3200775621770699,0.4151477329298358,0.22652154024166818,1.0689605809846687,-0.8668585821680357,-1.000701436779549,1.0430704919703606,2.11268738714391,0.8425924426888154,1.297753711787242,-0.07484063612659135,0.2661150248621453,0.2526563456989241,-0.05542664775446476,1.411296865959639,1.1158472749366464,-0.3992342192971013,-1.6455770589327428,-0.0635742772052676,-1.1546521849035831,0.023675056330267077,-1.0758659254889664,1.2565166360057005,0.6844227200437256,0.6601315794508399,1.0721858374302682,0.3911072442408998,0.5468017883385884,1.4346987329613874,-0.13451512782328243,0.6051153345389434,-1.0531385098995758,0.0792769154367707,2.259283720273219,0.8148253797881114,-0.08599431564531318,0.2645406157361685,-0.020998256334276225,0.23170061977835565,-0.3990068502286412,0.49487120020162356,0.5303099362479597,0.006638010381105304,0.1400593061162479,0.3407676757274373,-0.5272430277356126,0.48527033434820427,0.7801577172566626,1.4648661065048172,0.31837245005863,-0.5556358881760158,-0.10293725847909896,-1.1429640539185577,0.7273525822688602,-2.059725226878529,1.024655190284435,1.1453242656988951,-2.9306252724774917,1.275280993218131,1.027286169739685,-0.29005178328421694,-1.1918156909863078,-0.8377590998621844,-0.7585177963827971,1.3160559602096273,-0.4490401927324806,0.9053230960752856,-0.1240606779362897,0.05507563831471145,-1.571395594482974,-1.1470701456912535,1.2930975212410925,-0.15572252146734258,0.300659448885967,1.8063571593725565,-0.1276261786504852,-0.18424597885404745,1.2060858873997573,0.012349689985716507,0.32000702692797417,0.9968162895388207,0.0001146437703595783,0.7875884733611177,-0.11584627234825322,0.9811391535716845
GENE0095,-1.723886360645007,-2.0787348972917052,-1.769249020080661,1.941956606210344,1.5501577251792924,-1.2546344849838706,-1.0691176606988213,-0.4380185617930879,-1.7929505772841936,0.4676162799442456,0.36101400468125744,-0.48653903455631425,-0.6780398631505739,-0.6933965369343416,0.6147984103600516,-1.5937258559551035,-0.4089991792265975,-1.5294277200326896,0.7687444546116228,-0.3362224142095311,0.5467493539641234,1.2495376393526856,1.2664270376268931,-1.0221012939641378,0.3094599960034553,1.1213940199703027,0.6964764641679814,0.7953302717885513,-1.7833234851885762,0.6811469645654931,-0.7929312963688351,0.664686050262168,0.6428079888429726,0.5899172328436647,-0.1106491484308348,1.3160913602427415,0.5103080062634342,0.32151594622755614,-0.9344108510382787,0.39609100485977183,1.97871068423802,-1.390182485391283,0.7301060979994994,0.8562393195989401,1.7255194045644981,0.725740075270287,0.010678863235011486,0.4226115733141262,-0.2680557684270527,1.2192579890966468,-1.5489796616692089,-0.4878711748161698,0.4461557379622669,1.1709307785954146,-0.013783411986730233,-0.7823374710664194,-0.21087275318943097,-0.36696159452816834,-0.32097516939919124,-0.4351787726987831,-0.434743063192325,-1.7159390725522328,0.30015374152697616,0.6747335553087742,1.4983949574188502,0.8604009567555533,0.8093600720105012,0.29601205313814366,-1.76255218604164,0.2801411217288841,0.11237668162789474,1.0298733405125822,0.5674786341372773,-0.1298726431173898,1.9581522269127134,0.8484564564700638,0.33986463328470484,0.45531378783033694,0.06118220714424601,0.016504455311128593,-2.170219000302106,-0.9150837506108667,-0.5409272285948689,0.45063433992680635,-1.651683488490996,-0.521167367008148,-0.6493180051164164,0.1167548178384844,0.4531231087104852,-0.6458124527580007,-0.5739354126827827,-0.6802958350592943,-0.3901281909734498,-0.051145631821634376,1.3151253352250993,-1.0124939702036138,1.7508410716500276,-1.233817801774028,0.9546421221064131,-0.4757959447086059,-0.9109581754432782,1.3168798384684821,0.0817527464644891,0.04348692860380232,-0.27707588805595107,-0.5814625592604257,-0.17684586429168253,-3.2268996247805846,-1.8536912317696805,0.3923182190045338,1.1827773704720832,1.363556544275729,-0.956998485340265,0.1928215503619328,-2.1934751053849944,-0.35138946791479164,0.8236922388427681,-0.01749734565510574,-0.3317477920999383,-0.013288947872645994,1.282847553046021,-0.24470165672857286,0.07264421304330575,1.5193945969413418,-0.22832189135444766,-1.6365231763997656,1.3684080185586749,1.0155948097511047,-2.2166655160135096,-0.13018518848216945,-0.022162684630854367,1.3686507868999138,-0.014381681509604524,0.1659181710960416,0.19698604998941163,-0.46609040423510983,1.2972303535117882,-0.7922679859637135,-0.4854481339801763,-0.005936426468805091,-1.3380529005349184,1.7654092134731805,-0.0008555995700376844,0.8246072919220278,-0.9574868582445993,0.7117343679998122,0.7965943027229403,0.9408692382732966,1.9049998404102473,-0.5582369335841517
GENE0096,-2.034189920846007,-1.6558928977108913,-1.2686847622221937,1.780453202540201,1.9351490666237803,1.6407522582727576,0.4901971418462857,0.0005618554692100441,-1.091749429224336,0.866320364823763,-0.15649639057169043,0.8890417717343652,-0.4247716341168265,1.2007077511836866,0.3863169679584866,0.9922521257553025,0.38581270320864025,-0.9253363714385271,-0.36537743585665683,-1.280415803416591,0.18464585699325556,-1.4626339528990246,0.29387621185014656,-3.619537169968412,0.8099330151167708,-1.1036692709671903,-0.9539161419959209,1.3718725864957029,0.31978354055967184,0.8463352179958841,-1.0053349058597516,0.9618958986902391,-0.13746376973901273,0.11762398407484267,1.4902968916692982,-1.162895316247801,0.9130359846462619,0.3854101769320479,-0.21309040193366116,-1.0941353992037057,-0.22431846489054252,-0.8183524620850697,1.1868537905048748,0.0917583267555199,-0.6769702910612971,-1.4376025361115554,-0.4630462600250518,1.2362351239265392,0.11143233272431184,-0.1801911896639009,1.6986881537835914,-0.4145461142877869,-0.8083195385975238,0.4040896142169139,0.4195653159883031,-0.5867888074710782,-0.7976653690474433,1.4470703017347137,-0.4329859088131957,-1.4518736168731694,0.19286967649813178,0.8945914825692303,-0.19060853575922052,0.5371272087373036,-1.0473358943365787,0.6282594678874105,-0.9552154704962744,0.3051731831289448,0.7676694887643675,0.0987039684153378,-1.235447832122853,-1.1920782645758172,1.5931210565100329,-0.7681413934931884,0.7651239739437059,0.11837588533238683,-1.0040408610202272,-0.5327575394612195,1.6998330137637852,3.4896476094098703,-0.31731233288599736,-0.3863782404371976,-1.6382959142023927,-1.6499153920277536,-0.8572519004509404,-0.44500348253773475,-0.025441815478882114,0.6901337767224391,0.22087622608652624,0.7067084702023088,-0.6139488594002418,-0.07079242518472023,-0.36409991015970355,-1.2667207021315745,-1.974011955045982,-0.6691427506673333,-2.4809745673016015,-1.132876867847411,0.5451694612222437,0.18016214656648327,0.021404045400808237,1.1805262912317216,-0.7284740158847517,0.6819538813098218,-0.8071133415620749,0.2774532576559205,0.1535485542601713,0.2075196377161215,-0.38670454127544374,0.31932188607293716,0.39750594509097736,-1.4306525137212387,0.8484960689000609,-1.2359163752366034,-0.8773510038092717,0.2419691680554044,0.5979135073989382,0.22003100406939308,0.3255604071093235,-1.1366876164461543,-0.5236746880555153,-2.0503721163607103,-0.9187853088777681,-1.3416189757453971,0.013321019523264815,2.3561289626774022,0.7601208090554414,-2.244860266589254,-1.51763740478641,-1.2988288180988146,-1.7551658799899803,-0.2824777107832254,0.22875558021718137,-1.2929813522351876,-0.22304411329846785,0.22021318514480237,0.6989758183447671,0.1561053524822054,0.33040111100578506,-0.03741064817386257,-1.0141980701800475,-0.7955126936948659,-1.322796752239192,1.4986923173282682,-1.469240580740372,0.9520877708182744,-1.4594948960263467,0.767439127001189,0.9721281319000936,1.151985565847456
GENE0097,2.9118589365082377,2.974591373240904,2.2667703033092543,-2.1947771242700798,-2.801854376127856,0.8138928135389966,-0.5951497782664485,0.3291710222650008,-0.9077499505561069,-1.043243409174384,-0.324402919948115,-0.26447378409691047,0.6677815605961868,-1.2515247542153443,2.158634915835072,-1.7922662057838596,0.22806686765319084,-0.28507574290574894,-0.6483411841439948,-0.17513175563934363,0.6721675822523486,0.8275142147312098,-0.21756368625587086,0.3317880317096099,-1.3302923563147366,-0.1842694730461071,0.394373845392447,-2.2830103724248696,0.08091522552712062,-0.16820529063211465,1.2698139338097467,0.16711659922497588,0.4798283715194892,-0.27151118310388506,0.6320484771210559,0.5622889179004108,-1.3066080266531346,0.31097634501422283,1.1822403898584486,0.9837917519532065,0.02737247869320873,0.3216893700802989,0.9149082035567687,-1.138854967307,0.47438303898169265,-1.970911088659686,0.862356164470016,-0.3847560032107115,-0.08645742057300403,-0.5553682568228798,-0.04104785170187289,0.25538336538533213,0.7543139687865577,1.299500767006587,0.04854854468103579,-1.661590238341676,1.3056463681161927,-1.471979277029429,-0.4222567217214018,-0.49035659652468316,0.011557922771419234,-1.2634846050611068,-1.3120488770737155,-0.02152099458265692,-0.7977905543208894,1.3460935524432736,-0.550880043204996,-1.0283217820401684,1.6718358587443891,0.46993623307939514,2.7169530343388417,-1.922314187472833,0.20776587899190344,0.48561258014951975,0.027822885627764096,-0.3620005389905039,1.2456183122182143,0.46639774924761235,-1.6892409229827003,-0.869368250231262,-1.1640049100033534,-0.12115804919071038,0.948865245446841,-0.3792459077712594,-0.2531215762858126,-0.979022129575797,0.7613423567935124,1.232647504381844,-0.032442661893587,1.5800187623238664,-0.544081311017581,-1.3969825943443908,0.8043685299379365,-0.0958713062625303,-0.5812391970261442,0.07667120561471819,-1.5843834266666759,-1.7480674719137859,0.09256355362227849,0.4343624898395662,1.3938584729693488,0.8866387211137388,0.6353644611714051,1.2704333556647733,0.4898951064096436,-0.3442015976650044,0.9123865736422752,0.8756049308219175,-0.007815917090578843,-1.1998061740488901,-1.7850694591464658,0.8423977011074516,0.47867436758652293,0.6190988310119043,0.8797386742198852,-0.8990231137247617,-1.8766951084609356,0.5158553280253295,1.1977419366271709,0.3518594294465751,-1.4863533019065733,0.24068982229387786,-1.1247465308643787,-1.5424162038886688,-0.0076678020480680726,0.16249851024908865,-0.0986221043341575,0.43813657214145746,-0.7905992211312695,0.08568111164060456,-0.48535131078557103,-0.2516894907690534,0.2684125798529064,1.059638220644354,0.2922960126139994,0.62400913211282,0.01022547425274586,0.48761536727790644,1.0337971915140716,1.8791878850731307,1.2107755219347964,-0.05508475461707899,1.1446661572756716,0.5490418113477318,-0.6072104429957799,0.5628109699500876,-1.1286963336068758,0.564301351141907,1.7517962170705998,0.8226153699736483
GENE0098,1.8488750469827608,2.3807215960759134,2.5297210166788555,-2.5202671706646,-2.0989945304352577,0.6837091504024939,0.4546889519536365,0.6948161429230939,-1.0300758824810878,1.2760988288178194,0.45064293672396416,-0.11813638993902573,-0.09401224410092489,-0.038826288656095734,-0.8289266290193714,1.1891600128447566,0.9631090120434588,1.0303287322501544,1.51319168432021,0.18977761392638479,-1.6557345104979544,0.6288712544525031,0.5916247232846588,1.5538331422956793,1.0820841971530328,0.13398422394332238,-0.1443119324167644,1.003636878369115,-2.65494744061676,0.24139996626790924,0.9456606628205836,-0.12100720324288335,-0.3821578620523226,0.2948435631526776,1.3494466825380171,0.45104363374589096,-0.6770232850807263,1.2169820392052504,1.411646503919558,-0.8073294029214,2.7985659120309045,-0.0006530739155414998,0.9484257707181705,0.7274621945320923,-0.6980016553104355,-0.45152601692168154,0.06770781001595248,-1.870061098685374,0.8209775618249165,-1.8957461434125769,0.014667372685599258,-0.6717136568774156,0.578809109784556,-2.2041733854125187,-1.662199495723507,-0.596758318019291,0.5188439229401117,0.22159801813674082,1.050281993397764,0.10789969826743621,-0.017741834514377944,-1.0715789405176976,-0.22337033778687312,-0.01951543940406494,-2.054754692432885,-0.8902193420638422,0.4633561570182974,0.17949336279124653,-0.2530073476011097,-0.6074408952832138,-1.7428879738170595,-2.1753814320391736,-0.3066876363767765,1.4889450601163348,0.03690533855301416,1.0213997688818381,-1.1766874215550533,0.2831494955184188,-0.7036867654919974,-0.742279685508737,0.7445896031071664,-0.12044699536116532,-1.385534197789162,0.09802958244366852,-0.7161685164733763,-1.4443302334227175,-0.9953495843461563,2.045893295523032,1.2123844528897523,-2.0145375914856953,-0.1883658466196552,-0.1154828963916312,-0.26603725114374654,-0.6638895056131665,0.7470673189738315,0.942695667499274,1.0490007010654008,0.33010801011515206,0.6086563386341333,-0.34448676495407904,-1.5764391935210893,-1.602750887498892,-0.8516928244212486,-0.2005728328917318,-1.2831490454166905,-1.1298710165326669,-0.3783926926938018,0.8641143920499731,0.33432825353352447,-0.8635260630446725,0.04638355791654349,-1.3286435742272604,-0.8635221330147131,-1.6571763603015677,0.42883829780528115,-0.2828072651121267,-0.15772244506990077,0.8059371244868503,-0.9972512344570928,0.4667492341202872,1.9849209941538246,-0.9821138759143679,-1.5630189012964497,-1.2578405560053199,0.38858528903260314,1.7462922006600914,1.7053290328976094,0.8449059226217087,0.8792965256794323,0.4645569014871503,0.72509972869941,0.3037579491009266,-0.7997641277878986,1.7134380090505723,1.3354317289695847,-0.7769898342505827,0.648479326697246,1.461242227246194,0.4186801288643035,-0.20535722387881458,1.4297307261923515,0.25534010009093083,-0.6278775390205247,-1.1501688401667924,-2.9310967637125387,1.9731246657865393,-0.836851563487394,0.9639448490796676,-0.9203904278356327,0.16695961439579357
GENE0099,0.8812242431696248,0.6806218888746506,1.1283979817226262,-0.8000226109849105,-1.0917599573353798,1.4545182356013244,0.7396229667440826,-0.0948269890469991,1.9440486756879016,-0.04465130112862316,0.09313295739232577,-0.1636254487730873,-1.2256029509557917,-1.3357859623848647,-0.554202454952579,-1.0137331535651615,-0.2776701970863062,0.8261618320092936,-0.4090685863233753,0.21996209981516307,-0.5059063354307114,2.545035523403604,1.5082349315811752,-0.24760714791784602,0.2721992597537909,-1.3403841850963165,-0.21440668474875849,-0.600381390512336,0.742890329541174,-0.9303115711456651,1.6577405500269589,-0.06542809442218743,-0.86941543155261,0.03215861956518158,0.7367754089031674,0.5204017627353577,0.1565737489967365,0.877631471260267,0.8164903425759307,0.8214824391716363,-0.2756707504917144,-0.2826252795480116,-0.2073438265359958,-0.49406428586035417,0.10567472528083996,-0.005622584426260658,1.6550683418264938,-0.5048153650986971,-0.986707685714242,0.6457349470842716,0.07152204427778032,-0.686344286648976,0.7821156049763861,-0.2789919002886576,1.524284860747478,-0.9501449068564668,-0.5808206468277702,0.12766134984344943,1.3577845520580714,-0.713501774997195,0.376505680977427,-1.1639678613911928,0.9167248643158379,-0.6518236786645775,0.6187727395848064,0.6704054890594515,-1.8159319960198228,0.20932685149187039,-0.5056883931084507,0.4985108042011814,-0.8740604823997152,-0.5814317037171435,1.1984651733852207,1.1210763684490113,-0.9941057342308224,1.7963707747586768,-2.5820591707634684,0.2145789262421487,-1.2844508622826205,0.3713790976173894,-0.26164355290069913,-1.0176392518337791,-0.7374053455801753,-0.7866299715542499,0.07638440758894635,0.9747256009057284,1.9588100681422542,-0.17089419816686402,0.29881422490814685,1.1862157344024336,-0.44893645002908195,-0.7830847248349347,1.9484253341324134,-0.17976763432824605,0.21733684768254632,-1.6038669547973994,-0.5238126045090208,1.8871389599922743,0.46280645918185465,-0.028681658637313222,1.3937155644181263,-1.6450972541397806,-0.4147493167088482,2.2749884135364646,-0.04996879081053281,-0.05688614954256105,1.179145716235675,1.2486557538896381,-1.3015463831853458,0.4279666733564731,1.7557905435329837,-0.643084132454357,-0.3724308530373982,0.028818713528359484,0.6943448944071322,-1.4276650104675974,-3.112527440092419,0.2154934679861821,1.165877811457279,-0.311959313116186,-0.6103998335406896,-0.16696642234871384,1.5975461699369529,-0.6645614074647973,0.5702823044203353,-1.1535709971018095,-1.1057054754195994,0.8450430673104926,1.6343692945319386,0.8890021156230895,-2.053829440163577,-0.41994423956869936,0.23891686709962753,0.059574110980515994,-1.9196755003382913,-1.2971955754332818,-0.8017604510188983,-0.06760412435084459,-1.9340439217476193,0.6002250417454383,-0.09298240734595058,-1.0432034011890876,0.19358699506569838,-1.4400225578501806,-0.052085761646117223,-1.8007174883715154,-1.6547849517952353,-0.45404639815968423,-0.7162669418890676,0.38428868066582644
GENE0100,2.7053401753432076,2.079201532206792,1.4171718730486011,-1.6267080592754504,-2.2771505007637955,-1.1961266586802455,3.3845388598946484,-0.03672313763077546,1.1085315772530144,1.007209102997765,-1.2669074620582157,-1.7931247843359261,0.6423133625895667,-2.220453751503902,0.9776591369651063,-0.11705532308526423,0.6160542355371026,0.3034422502910077,0.35682849865796107,0.10448654160568759,0.2816017539623824,0.0460850135404643,-1.3764734410914066,-0.3938585671692143,2.169770748750665,0.3141158493773917,1.1424495630017617,-0.9831431262668516,-1.0005526347347284,-1.2034524246244487,-1.3317689903878926,-1.6223984967559022,0.23321456024834725,-0.3558188353382118,0.8754948832617212,-0.3103964849550655,-2.403239790981312,0.4436168006413885,-2.0304135758161195,0.21439434738168503,-0.7713575356158918,0.23251003365745868,-1.4436185572670992,0.7783255241455084,0.03760944630373803,-0.3442030790233886,-1.6947505248528592,1.810534841351558,-0.9067927155209334,0.26294077876109573,-0.9488789445761757,3.77748997612812,0.14942137069267467,-0.6146877925374229,0.6057587975500438,0.7500617971067234,0.394598935358264,-0.3235174434423892,0.4405071726036236,-0.1553415541160091,-0.02529319310900609,-0.7854119933226567,-1.4634361560181446,0.5632470008238349,0.6063001833470958,1.296638769919316,0.04851466221955901,-0.2157337077705497,-1.4098129026777428,-0.039523846164824177,0.36019813633321623,-1.8197386399121749,1.0690222891970598,-0.7120374862077322,-0.1961002821171336,0.5977706503364763,-0.007313180268049925,1.4033611573730884,0.6288061507847076,-0.1483321063012,-3.1202495468984583,0.996186671095305,-1.179557021683391,0.8518649257217694,0.49018927413981556,-0.19878598122853228,0.9532912543025196,0.5210397575671122,0.3283623953335297,-1.7163271096772137,0.039848239515323805,-1.242826058329825,-1.0959377796704024,-0.3611424346118292,1.463417447976724,0.36539078436214323,0.431268441605056,0.7704267719063206,-0.8746803013392757,-1.57640980780968,-1.7539828207421797,0.2310710744819205,0.9866912199945005,0.9127497799138464,-0.8310478483110985,1.3554955328750073,2.043042243470318,0.6076317593481398,1.4872796272729016,0.8731556045083784,-0.22971559344511477,-0.6645818159304667,-1.6130781536758105,-0.4447625813337491,-0.23683145896557267,-0.21472739379050806,-0.11258146453394723,-2.2936972502275563,0.7790295379797135,0.8950868360643341,0.3710312159860168,-1.1693454637658045,0.36698575655102667,0.02261002381455466,0.47448269625052647,1.551122589466414,-0.17846899441444944,0.18152549674664747,-0.8643615024257507,0.9216763194775675,0.7027366716094254,0.2165605471382922,-1.053130882905641,-0.6833033288473127,-1.8312586378117337,-0.6951026620765272,0.7093673945834129,0.39576180425807006,0.15968796121003587,1.4842990909183178,0.30452974933012356,-0.5771548375561611,-0.699935209266492,-0.23171496691141202,-0.45019500330053314,0.9529814950227902,0.4214471827301903,-0.31967310745946675,-0.28160380343382274,0.7032417288224121
GENE0101,2.074878505595911,2.400138496538245,2.9747083020565452,-2.389337625111541,-2.420577315796022,0.11299243431797523,0.40719991580648,-0.2369591399441459,-0.8058609552534246,0.7841950999855668,0.8159059889844836,0.6518337321690524,0.82979081410692,-0.9717275602551337,-0.5074351128366975,1.119866629935746,0.35623312286764025,0.05616725646711806,-0.2518927508324297,1.2678987951708858,-1.7704339025362246,0.29407296281894457,-0.0666113560055051,-1.2525161922076724,1.6166411789888955,-2.6906063880179767,0.12125475009869426,0.5284618918237096,-0.9750607254204126,0.27726029436616295,-0.22448215446342795,0.9880493146133418,3.513676313065459,0.3385937497892153,0.6040476593785556,-0.9751559462030559,0.2147990149793038,-0.37301165148314186,0.7788107685278894,-1.4260393293170577,-1.0735110468966247,1.1800193126959724,0.20998819408049657,1.3238246127209083,0.36374464416026897,0.5097791306937841,-0.3095033827597953,-0.1936273596236468,0.9644174581203495,-0.14323554191355994,1.183535444768603,-0.10985363780509941,-1.1796394343446839,-1.2707564549216974,-0.17173600889506777,0.9157398191575445,-0.665091948081787,0.7317864863922184,0.10073524631751796,0.6062097760176023,-0.2896871727535511,0.18300995037398718,0.9387431750565721,-0.017171438588209225,-0.5248547799343276,-1.8177453874985223,0.5415324964554455,-0.7716545938719451,-0.5205491170534167,-1.07085729555163,-0.23008476161135608,2.097543915047065,0.35203911000761784,-0.6441381578535159,-0.45630339249623575,-1.4387297499463698,-1.1306119239505787,-1.289516719300908,0.2703320831613331,0.4467118992709157,0.07759846984107813,0.36984069075304565,-0.7662030903453688,-1.148276834394577,-1.154616824354365,-1.198926071463697,0.3586747060511434,2.013698349534853,-1.0472740400910394,-0.3419458118312522,0.2028933792661254,-0.27900802150803067,0.33295020049012247,-0.5753908793371463,-0.6803345111790656,-0.18234036328361974,0.32656143033812945,1.2824920372746025,0.3766353761798157,-0.25215685083557865,0.8307939231033094,1.0001008972055816,-0.3033469188198543,-0.14595299782903404,-0.4271030163021271,0.8209033054358575,0.07419057067955154,-1.4055189311177638,0.40615883013056386,1.4896352833883448,1.5686021064379236,-0.4791070961969124,-0.6966096841922437,1.8978680757991242,1.566703721444044,0.46730270129488166,-1.7121923601223947,-0.6063205852377572,-1.0935586856554882,1.8123562925094931,-1.5255799251838817,1.803648596287526,-0.10552482732608953,-1.19769935087518,0.9867984350370388,0.6294941559995911,-1.2662226643379593,-0.025243058663484013,1.3755683911973327,-0.40990352279450387,1.679728476372106,-0.7447828501171511,-1.6220263782875344,0.04521571709750941,-1.4606426996778186,0.12488728990101115,0.0051431414744674145,-0.7589265408192374,1.878682479838358,-0.003975671286582807,0.8643653463895952,0.928717832228207,1.761011230334019,-1.209418667715089,-1.757472622092309,1.7240207155655047,0.5811209451637238,0.1263110138013661,-0.1332975669939288,-0.31064688184828193
GENE0102,-2.429258931759354,-2.150785043300165,-2.34811975591211,2.2885187809357603,2.261261175348818,-0.0713906357151618,-0.002662187982655652,1.285693270572076,0.581920189438312,1.755181004032714,-1.742696701788964,0.9067156838508832,-0.811268733480996,-0.07291096782415907,1.3760064863638541,-1.0023521099305026,2.115613183331255,1.10566072778317,0.5792129424360255,-0.9320368655873537,-0.17972636478580264,-0.35837809823226846,-1.2323125260226988,1.0937656474284883,-0.4043653256803252,-0.17554791863099908,-0.12503728432039923,-0.21417610337056878,0.5304587899390387,-0.6226729773168778,1.018318594558966,-0.5959467111162355,-0.028526458109744773,-1.3065936064563095,1.0716639795447496,1.3258207169727854,0.7158715028435898,0.170414268811586,-0.0361435972205378,-1.562234856650264,-1.3547416592922763,0.7504960325257349,-0.18077509273742426,-1.3592247772616144,-1.4053404471049296,0.6349129212136558,0.8739744760317137,-1.5339193555362345,0.15206265915339834,0.3878877170798863,-0.5836604573054179,1.239733307978622,-0.34475201767868985,-1.7168575228553693,-0.19464136458099254,1.3679694020252005,-0.3454547476179307,-1.046878502776499,0.628208011796339,0.25840171553463326,-0.0029312185062886987,0.4771243697879102,-0.6916896590824176,-0.6000195816539611,0.7275201938589706,-0.9663882593312797,1.6149059259718217,1.2293691835821718,-1.1441161886235383,1.475809645436334,0.15219377980108464,1.3847875073682903,0.13342691465345397,-0.1771848754283862,-0.2814631750493462,-2.4495920378914326,0.9271029658316023,-0.7071005858762134,0.9598239527423692,1.6739581096660563,-0.5775570245230115,-0.6366176209441123,1.0077935711396466,-0.46754654788279687,1.3172459401476873,-0.6911966267469493,1.438210776281385,-0.3057369316307639,0.3302480893350243,0.9822575212039218,0.5115029991322932,1.07066002828769,-1.4559855451036634,-0.40720196174469764,0.06323765706912303,-0.7655184968435811,0.9707845542771427,-0.5122488471822143,-0.7634731228902925,0.9404565783741969,-1.0454545078799107,-0.9967184101416476,0.5082764311900971,1.3438214295481254,0.1616789110029908,-1.6158441299088375,0.6849349394011915,-0.5925982839474283,1.1207586339390962,-0.3796535890915712,1.1439455703891357,-0.417809221584259,-0.6887323175867517,-1.9175646190215117,-0.6595915038863804,0.17727015250844574,0.10044449685978103,0.6116357854983389,1.244147403639742,0.028666540368652703,0.06773039361612657,1.1128842530120984,0.2310154145762398,-0.9231577428076859,-0.5221314199471975,-2.129899448407258,-0.9367373553060163,-1.690319025877201,0.3510011542248495,1.2115302123032055,-0.9408488722060531,-0.9036343635923532,0.9431422558888813,-0.45088711147920785,0.2567472610395303,0.743133265424835,-0.7080770729458538,-0.6886588709738297,-0.5063856144965024,-1.5535572229478418,0.48667668606921916,0.6008689137235076,0.07968878144473109,1.3596767365019493,-0.2611853187979934,0.61758990470135,0.4858344244121921,-0.799111924560637,1.1548665470807686,0.12817519067067903
GENE0103,-1.5900555848908626,-1.7548271718400352,-1.6170338802520483,1.7335648001089068,2.24987810973864,1.4094980979850957,0.19529665595685236,-1.4769688615746857,-0.49730722022471474,0.9390519244075611,-0.85287820987419,-0.9549853534635654,-0.14704456043989222,0.4693077924198947,-0.7282723260188415,0.3907213759231011,0.034862176111455326,0.15643586735931037,-2.4047437965298086,0.015914963050670444,-0.2506906561965594,0.39034874889595167,-0.6538033597937238,-0.3709455018546202,0.5331036100347484,1.4457181121423268,-1.3245730745368822,0.5131472038994898,1.2199329755364838,0.6947049704670458,1.1525370103303259,-0.5435217529450828,1.2367718895022066,-0.7244621682423739,0.05512820536405596,-0.5023907477200587,-0.4621951832629567,-1.7213539671940445,-1.97181516773194,1.1767833821743214,-1.7990008402114075,0.2504425935159528,-1.2990356362655615,-0.848554259014613,0.6843025841384672,0.16203399361214757,-0.12714041478611238,1.1446542192482123,-0.28967445509489786,1.2299774604644524,-1.069443986395557,-1.1897906460157648,-0.1381681462798993,0.003275907102981825,-0.8583881142065399,-0.2761054479357567,1.3647647548555963,-0.3943916269381333,-1.9363692749310826,-1.7433314020665682,2.0866256153414393,1.450575700819326,-0.43600197022494996,0.8105937992459662,0.2604186067710959,1.2705053810343956,-1.0712222864955514,-1.0429690333437662,1.3193687758229597,-1.4932429867505081,0.06980279583672772,-0.044702815741785216,0.7842615695024255,0.13987822377301146,-0.1320396864822392,-0.3805397280510515,-0.9948060936097859,-0.16609776301710188,1.1650994130651908,-0.28593314473347575,1.406260179174236,0.7310042450668561,0.476579396547265,-0.16182322817597725,-0.6284090639621739,1.681588375924964,0.7935841176691436,-0.13938039625977947,1.6991150188707476,0.6290379839581703,-1.4204972858182259,-0.42652244809009326,0.7271073735155452,1.5075674538069848,2.3613010227878575,0.025567818794591177,0.6162438096985431,-0.6115805703465956,-0.8873987088908116,-1.6858236362126073,0.38999838747385573,1.264508281227147,0.775881094081244,0.0871360855498081,1.223610737986763,2.950764746605784,-0.8316922893199672,-2.4235828128312282,0.342399349995849,1.0825103927622437,-1.5473356864655803,0.8327488885850196,-0.3371069725385019,0.3368430229165376,-0.9190197910689418,-0.9805463271163027,-1.1046309924184885,0.6675089224817384,-0.6243219765982982,0.2697489374919197,0.029508591268061803,-1.1801416044618,0.07608325081486271,0.2370049658786637,1.062631673678995,1.4943366208944862,-1.0194778316576736,0.354826829520639,-2.2173089054711967,0.8512333705208499,1.0973012889525897,-2.6717142433836316,-0.33921311906995527,-0.8970953004816778,-0.34178037492148444,-0.5399295668892661,-0.04362647082574351,0.9873207116256772,-0.3137418348982358,-0.9874439340698364,-0.19763800625307526,-0.2532459471742025,-0.08659437663819446,-0.6279767328966177,0.3626279925145258,1.293426818020839,-1.2689930591075735,0.4507156200324405,0.9597296602772671,-0.43395549707247744
GENE0104,-1.6905619156310143,-1.5991462912813317,-2.1343314464578453,1.2417249052547987,2.0508080835374747,0.692857874596972,1.5642902635270133,0.6707183224357742,-0.0994724027795285,0.48230842425577825,0.07208750410662172,-0.33257312833496894,-0.5493628701120722,-1.7230162191325151,-0.7421464237843225,-0.01965001220148896,-2.7061569997716033,-0.5148659103564028,0.9205737054833188,1.3432289012964824,-0.5274444556279309,-0.5649990232431683,-0.7199817377150125,-0.5583904374523014,1.1426489868487453,1.6292081188074055,-1.6884768330888253,-0.8114652006233829,-1.863472815908306,-0.028634524995832824,-0.4883670868558086,0.35892050887264293,0.6632184207404347,0.5522618258130304,-1.6459388977685612,-0.025702232509186518,-1.6957194907004491,1.7368727731524258,-0.3546774435728737,-1.3664632710364661,-0.5442654980966511,0.2078824286333278,0.7332484725630033,1.300309545788696,0.06290973059478448,-0.33383207446018304,0.6850693709324386,0.6576356647244124,0.11877840680279592,0.8096224271269085,-0.610248829249581,-0.024023127365470052,-2.032973548237199,1.3898682046779944,-0.4916916087597099,1.3955638697052697,-0.6561907366361542,0.3022240447578436,0.05474395453837187,-0.6019941468839443,0.4796087861778043,1.2769492546645032,1.7897906998373772,0.7427230614249261,-1.2100329674810664,-1.4055789105072019,1.138935820977949,-0.9972915110979095,0.6159550890440554,0.13394029593058274,1.3187013557682354,0.5099516667426873,-0.030578532411292016,2.0612454684605774,0.8232475017125183,0.5547322169891947,-0.6826060722180601,-1.1466430836672743,-0.2594680999879023,-1.4988247789067888,-0.3219769900741795,0.8009535693011547,0.9817898365690693,-0.342004268275726,2.9359748746381094,1.273340552051642,-0.029969424069509792,1.1414234246983592,-0.5794930678011466,0.2539157193348046,-0.36056673178985454,-1.2117769192049808,0.5326311343770632,-0.005902242320550605,0.06828327593863867,-0.027135232619142746,-0.8981012047997423,1.5883379572273506,0.24873822972854492,-0.26696594618356206,-1.309210352534179,1.4033805327436546,0.9173182278766948,0.0015093991782153475,-1.284129532581842,1.658931254979496,-0.3647905816135046,-0.6715108447416982,-0.04912272262259028,0.37513607217556344,-0.16863290969190903,-3.387234583891768,0.24962602560472855,0.9225819634611637,-0.8910505172076293,1.560552959916954,0.8748708753092173,0.4687752061135092,-1.0140883331826094,0.2788684195580776,0.3549299233926498,-0.08192307484655668,0.8913396468447979,-0.36073055824440614,-0.2716279797439698,-0.6663714077047016,-0.451236745566911,-0.14999045077976747,-0.18610951475596346,-0.23103693566139877,0.9240979409662279,1.502697866344197,-1.2818521573795725,1.4794614334697658,0.6744654244910979,-0.8930786006049823,-0.3298838851601831,0.28398781971254555,-1.6550168940722543,-0.08674444724533177,0.525545680190085,-0.7443711598045819,-1.4798553430192238,0.1986435513874016,2.2082504289968408,-0.7132320106245545,-0.6870450659553086,-0.20049376535647676,1.5697275392410768,-1.6524045853927698
GENE0105,-2.4968129120887017,-2.1372399536764446,-1.3089548460917988,2.440265089453445,1.7665354601397394,-0.9812987632552502,-0.5423190856848674,-2.4654939933130136,-1.7339123969769745,0.3367229815964999,1.262226753925343,3.229829126809528,0.9245536575733021,-0.5146974113162374,-1.9836314728963822,0.5397664303241543,-1.4525254463122808,-0.8071774512125034,0.8860273870113858,0.2942050199296082,-0.9290649408936263,-1.7063994104714486,0.21224348794614614,0.33569658215474196,1.503861686107504,-2.492120701400832,0.11821787129875717,0.9167682707243727,-0.42024592587123644,-1.5966598015238114,-0.9247893506054676,0.03741531071346355,-0.48700055589077146,0.3038877592858257,1.2793526763660894,-0.3993263833797075,1.21972587292093,-0.11565343298540094,0.33892938479967777,-0.11710405608922823,0.3648287889421647,0.5387409256759493,0.6418107560002312,0.0032443440781993525,-3.3307860143946333,0.5955383221999349,-1.970288616052164,-0.6068852617171128,-2.3912418679213387,1.698553206067221,0.4173034615036174,-0.3258117824897338,1.4189040694751835,0.5320288361173547,0.12459075794206703,0.39514433315690634,-0.3820614873547184,-1.2396844358680121,0.9608916750154606,-0.0709694698460463,-1.7591221951140201,0.5073768827634214,0.04085672131381844,1.6998196379523638,0.2685323189287194,-1.181056275629766,-1.7901523661966843,1.264294587115343,-0.06362406685235351,-0.8658042625918827,-0.7196651691755729,1.298344096105355,0.471809099253734,1.0971775503822956,0.24521470470437323,-0.8366223496618795,1.7865771239787347,-0.3910497259790923,0.8044109709235767,1.0842152041413629,0.006266239915073867,-1.1132230564770607,-0.67815904304702,0.6771831431164261,0.5338200702519021,1.3006633667656036,1.1392942244733477,-0.9529710249382074,1.443641475179593,-1.0261763079634616,0.594794706576607,2.421465132961808,0.3124849981973039,-1.7787817299151834,-0.3258976178858741,2.174837707063181,-0.20709681153663623,1.3269940334879096,-0.956623632107696,-0.3556773472480454,-0.21570397772861039,1.950914171273827,-0.30593985378884925,-1.8854421728240518,2.381982369408583,0.22746726788069838,0.654663962731513,-1.6068579463628425,0.2577645534085519,0.01909671231209128,-0.9662583876600286,0.6679560449210992,-1.7063751662015183,-0.9733038916927772,1.2119540526648163,-0.7258343041374581,-0.493357969058513,0.09000028297732356,-0.3719472646945709,0.6908871287623843,0.17597808900561476,-1.5066441222537537,-0.7348740666403528,-0.8430385264380745,-0.4634083344985053,0.11197676608075031,0.30628765064639657,-2.3679392654336255,1.0250593926252292,-0.09086768085739949,-1.1203981119008073,0.9523204023308188,-2.105580831204928,-1.5757242629982147,2.129155862409928,0.1463059745402124,-0.7372466703760234,0.10849833926309564,-0.1815694541931124,0.035775485295785336,0.48913448707453666,-0.1980248989587013,0.354690986039357,-0.15802448008628092,-0.820867267409795,-1.1060684529617113,1.3190761913682747,0.6474075265997693,1.0370622897644273,0.0037664035082537583
GENE0106,-2.5018915286444647,-2.4757996581301613,-2.2865394620632244,3.1363463571717705,1.9190819309722122,0.5212773722162125,-0.15213588679357515,0.24991899402434054,0.7111257601086451,-0.5791240421355486,-0.2189222734120121,-0.3104110382599766,1.28679100245301,0.014319507797229505,0.15637719199261638,-1.1564402736314159,0.7307945903136984,0.42810739345163473,-0.8352383651250496,1.9229934548284913,0.33719442250856185,-0.6236103906056415,-0.002852270673149132,-0.3685729093066381,1.543877161056002,0.933180772362211,0.4540350958756309,1.7168459305521968,-1.0382307304919214,0.7758975489914652,0.5472504430673867,-0.23045290172181426,-0.22598734951128918,0.923178305622918,0.8498886462208913,-1.422260182210169,1.8164205713614432,1.1427586984161453,-0.281538610157381,-0.7912495297675677,1.1104459441892987,0.4964009969786951,0.7164073912990427,0.5708545641151014,1.2145474420049598,0.8559364587000746,-0.5338772156735258,-0.5924588757834237,0.3559512148443263,2.289746384473335,-0.1497862171201022,0.3631220161854476,0.8945948669615069,-0.4192103396856869,0.7974841151321669,0.013978623619684896,1.2498965025459858,-0.9445876907683202,2.3138872734260305,-0.31249134783963395,0.521465363701863,0.004881240618592314,-1.078651992451084,0.8332556325987531,-0.26431229167624964,0.525719805887057,-0.8051319883859205,-0.25981653389290366,-0.29444944702490183,0.5506149637757695,0.30784383291718953,-0.17659369379737352,-0.36994417856372275,0.3149101318319002,0.19771537465791925,0.12892331254997774,1.969340336819593,0.5519363398830722,1.9240334998004929,-0.06950594997902164,-0.04841325921206709,-0.5054200350549426,0.3019073715335394,-0.3256632213160001,-0.4681576748475779,-1.9003008344173675,1.4658451589835841,-0.3832646883357892,1.474971431581151,-0.09624754594503522,0.6445848930713157,0.07429896277471433,0.4147005139839453,-1.0090361636684972,1.1823501319889367,-0.36684031774047227,0.9256766356107624,-1.4606703825179908,-0.7545091468138538,0.3717821000782752,-0.16363299564993505,0.45686325636846165,0.20758361209537735,1.8279434714648592,0.5403449145364171,-0.4326804985026243,-0.3932363596671669,1.2041277404634543,-1.528341582162881,0.5591949907086667,-1.1157803568259743,1.109227535934208,-0.43223285233237513,0.5262360018519999,0.03719327862066938,-1.3866957742675619,0.6403199554944988,-0.7208662498331265,0.8018504822507189,-1.0019998181759349,0.2420656213543121,0.03906451073402389,-0.6025838131807076,1.3797500638776827,0.03354209382480263,-0.4216547671935536,0.2987552795742291,-1.4556817265935151,2.4516986759010893,-1.085695731996642,0.5517911190550536,0.06111730269761683,1.1804283572479357,0.1779210100791577,-0.6382929251113144,-1.8579760248927368,-1.780103237122918,-0.23801962011695701,1.3703428095107595,-1.6721490355238497,1.8493687915666626,1.0869379000326989,-1.3487177217748425,-1.0851790521321152,-0.984427920527556,0.299287147941539,-0.05621681212847209,-0.09362778596860905,-0.5046319891835901,0.17818927202181611
GENE0107,1.6204674987164938,1.123595441117071,0.534031582795407,-1.1618890603404002,-0.6160956227153196,0.5519693633849005,-0.09989757926648388,1.08504181797306,1.233242982485753,1.198300439267942,-0.551876051185797,-0.5621175920759395,0.873738818091332,-0.06457787865275445,-0.034202591431231416,-0.6949127775561155,1.4094266295635078,1.0404926377298214,-0.11898119144995098,-0.64539309458811,-0.6896617174685151,0.1332382865864439,0.386769903030794,-0.8624217197354466,-1.2448715514454882,0.07965422339253156,0.8646627678606656,0.07383257979777495,-0.24936783834808848,-1.1300003760924564,-0.6339879499669326,0.878412979507654,-1.2532080412418714,1.772723101755885,0.08507113919863317,-1.5863350751318903,0.503237403877222,0.45022163322274883,-0.43761802428654,0.939303383562338,-0.6198526283571891,0.6319871331739438,-0.03478006986894213,-0.28358716021938346,1.3429950777402997,0.9835457924075637,-1.1074607803497711,0.3803018024448286,1.8934523228245186,1.3688845853099327,-0.9093696726362216,1.5959797350372649,0.930037197223281,-1.0485724682482491,0.20767478048424776,0.477662138095501,-1.076931746256939,0.7060941340718802,2.4297560258036457,1.3652260676801675,0.1619883436562097,-0.281370535527243,0.3283885415530026,-0.9752177936179999,-0.4775447923350288,-1.9617708151754156,0.43455954691339777,-0.337500884988916,0.6180514628381729,0.11976998154074835,-1.0108055705118018,0.20048900501679653,-0.7134700492892669,1.6554330809031192,-0.8434854962770777,-0.47007371980795604,-1.013597550510733,-1.1002243796808588,0.030062963183246534,-1.2454902051189494,-0.187894223288639,0.43002207415017135,-0.42364400961303694,-2.2029309113576905,1.333961392289332,0.26658333542841856,0.2785740264381559,-0.2320626885980007,0.810893025754504,0.9379953450911961,1.0379708957043694,0.26872299878292705,-1.3759751853157975,0.40517254459739543,0.2674330349504143,-0.5486495621405001,-0.8018560945434515,0.5430383607482107,-0.0758367202452196,-0.3901206894213935,1.6724060321201581,0.6715419334514876,0.4345363395234831,1.2184322813768975,0.3303788177616823,-0.7041057461622038,-0.3895943705336476,0.7319427134575307,0.6248388021620401,0.44631343147647756,-1.13770200192949,0.8133559522149549,-0.06501382277805628,0.5999416089408499,-0.8301641222853287,1.9660342824646067,0.24749590391802714,-0.4175473072659852,0.6461860121365275,0.8580582255459638,0.6340766610392347,-0.9948042414019207,1.1426674988225407,-0.34486025309278195,-0.016094437156061972,-2.208753389507562,-0.46405062626332033,-0.47034770790953173,0.4506078354157196,-0.5249963268482449,-1.6216014229044902,0.24384367249350644,-0.2504293322103213,-0.7285501843308623,0.08752634984501938,-1.7797405111628606,0.6204598024623365,-0.1828025517326632,-0.2673010743900444,0.9528001076053968,-0.5358206557192421,0.2586560299831514,-0.12951692306300036,3.215947243111665,0.48839956236244525,-1.1414567992076388,1.7522111572056083,1.0429936246590428,0.044961761758351496,-0.437327684847254
GENE0108,-0.9604584232859541,-1.217320049938823,-1.8285829583505449,1.3027075187249813,1.6476004662082802,1.5449046987091442,-0.47627302276737804,0.8058934603321255,0.21221912837602613,0.3588285326452703,-0.8186210871641832,-0.2123489140343474,-1.0966375086388196,-1.2225973479885914,0.5182752280363537,-0.5242889110312867,-0.9150829928523506,-1.2095088408167478,-1.5137375821749355,-1.9564074511792362,0.1109447982453347,-2.6274248130323024,0.47131917048291755,0.46427464682496516,-0.09912479138785595,0.0741340400516567,-0.2853601457781144,0.22519232749093304,0.21356693329250903,1.3015113634798892,1.5328290976625387,1.502194217148193,-0.7977338737999218,0.757725176405555,0.5060641378930499,-0.6489547856369821,-0.886353477310738,-0.3767004863722298,-1.0608834215622855,-1.38928126862327,0.49738208669202055,0.032732477657032286,0.027586351623552368,0.9266967343836623,-0.19587438650316466,0.8303669550428232,-0.7389766845937729,-0.7452172837276045,0.013988115887712862,2.121315929734298,1.2854023401596286,1.0980235492601698,-1.3719413505485563,0.14510379388362948,0.8211067539633902,2.085327800717563,-1.6837276933113343,0.7309593663135436,1.0643735818970168,0.4517422157590722,-1.3503178098315267,0.25325862226729384,0.42882255462666935,0.17778455640450103,-0.6849664698523465,-0.8088451508609211,0.4561661270135527,-0.6763657556359388,-0.6535504696058138,-0.13964364124158132,0.15977013611188073,1.0387347441445698,-1.1960583674759722,-1.2948656516261972,-0.3820945938345779,-1.8001838537040453,0.5865593133958481,-1.9935783824291238,0.7073735171147446,1.1090074365548068,0.25970817559978626,-1.8573189505197714,0.10612440721318038,-0.7967402233081192,-1.2020033392056921,0.5794330929655631,0.7668608673967203,1.2856924464791224,-0.2847904542827663,0.17194140317400342,1.6653588124305174,2.0952885111185133,1.0803706831781659,-0.34995827823602044,0.007255173636000776,-0.1781954217106992,0.7056312338051302,-0.8196567616334733,0.3213331813140992,0.32637832261954636,0.3837505255981918,-1.0223952908709855,0.24720339962663224,1.7692977462631747,-0.4569525571435672,0.2597377466574619,-1.8420337457856046,0.2528944168422004,0.21656930617088582,0.11647407729198958,0.7303645292521455,-0.27903673405722407,1.1764015364136864,-0.8831310532587847,1.4432835324486173,0.21265508171988973,-0.07164041289092338,-1.4318006060395643,-1.1096989703470332,0.35083947442464103,-0.7168080980752114,0.9950527466570456,0.287435751696084,-1.4250143355638836,0.7610866056087316,-0.16241108601822737,-0.045759969161904605,1.0445856045414657,-1.3942997730017028,-1.124634439627607,0.3255795308747585,-1.6987693064583123,-0.607147676627312,0.9784597999849344,-0.10872911346889559,-1.3744301068469618,0.18909763054717318,-0.4048836100592911,-0.7022909050377665,3.556458074376815,0.5748278843813402,-0.2834620453258333,0.8983055138568968,-0.2909867411001344,-0.5181357692550287,0.29944600405475946,0.5086900801902082,0.9257446007025706,1.4236655802423905,1.1875055205126552
GENE0109,1.8081883524566744,2.2151754962466605,2.041747932384639,-1.888976103710464,-2.642940029668522,0.49764481186339266,1.3769771255488261,-0.802819172916993,-0.392055160251482,-0.06010294181646917,0.19010406145054135,-0.5551012746191685,0.05726211434034541,0.5132522896942462,-2.0102742675983114,0.07477684662155416,-0.3825774540460087,-1.7068795676073696,0.5641996880589301,0.3112916502664342,0.16492924878638401,0.6104853015107121,0.3212499236908218,-0.7378983351183096,0.7229828113771894,0.8942375132116674,-1.0858074135065343,0.8805145741964782,-0.28353987807492004,0.6128210444429151,0.15195187794363502,-0.17202404701473895,0.5392101339846195,-0.33313433015792104,1.0802927581214419,1.244731167430424,-0.5470738565215975,-0.16722796934892703,-0.3741446410079085,0.375255256743957,1.3100562153731727,-1.6675689759482688,-1.4183029081738565,-0.08352567618569602,0.18593029505716607,-0.9412931361365815,0.18074021532834086,-0.7409566670561635,-0.4467774296361395,1.2696292205834045,-0.34313311305969985,-0.36072481995861383,0.13176187600038997,1.0922907020247334,-0.043022322964259174,-0.5582410564333905,0.5791253871425066,0.8127356647019062,1.1446614595996163,-0.035662653621835405,0.47517515689408685,0.7903916101860035,0.1818629132550231,1.3194413356711556,0.6513841605059241,1.882865749640369,0.917710524560253,-1.9267095965809427,-0.39837213707773766,-1.6178451497568869,-0.6388206348223144,-0.37136212933189056,0.8687260250438161,-0.4396558551334833,1.39420825461489,-0.6685311764253546,-0.2884782028839011,-1.2397101999703488,1.4445480754794222,1.5783366953387015,-0.13212487511416424,-1.480665778696691,-0.20818714378121492,0.2321547681635336,-0.634862376641585,2.3508520262346253,1.8253414656306106,-1.7488212394787468,-1.1538036932359073,0.4587228452020665,-1.0718783600727297,0.18290515945825367,0.010704326716246944,-0.039567825797951574,1.0187999801530154,1.807419379422577,0.39607752796858386,-1.212079295109567,0.14388562665174215,-0.5841510598010923,1.9922734717416066,0.6931615178029368,0.4025194432442333,0.6496059135003164,-0.03836330690595214,1.252055091558079,-0.5708890002192526,0.9600376056717446,1.5920027369828416,-0.8139486218500639,0.3376567976939641,0.41655376162904734,-1.0745147516033553,-1.3689814857098772,-0.9159978695561506,-0.052075163942980264,0.4188669269168215,-0.36962123238004674,1.9306420024624773,1.0261759668603714,0.45267917616006303,-0.43044733867642976,0.06983160829428585,1.1015546500565505,0.9200138055422513,0.9091983490293388,-0.30366577891320257,-0.5228941622933254,-1.427374967075064,0.5285450937889634,-1.518523795229399,-0.015510369813372431,-0.42026305469107744,0.22246486234247298,1.165553450492999,1.353650607880588,0.7023857243546086,-0.7642534049257304,-0.022333817718137108,-0.8737640927475011,-0.6542121157383459,0.4824182247247532,-0.9742095738891192,-0.45440651239148844,-1.069785702078506,0.658297225203948,-0.36054902617202,-2.2163489560259397,1.63364099040358,1.0133771216457046
GENE0110,-2.045260448253765,-1.9076013706561408,-1.9924309133359381,1.9407202559745635,1.868262883217152,-0.31871610879204393,0.5197392453656917,1.0331737607434923,-1.1910931621995946,-0.70616220682207,0.10164708294847297,0.3102185252548131,0.407456296175835,-0.19252023107088947,-0.882059272039484,0.9852620705038592,-1.2216478602937484,-0.492276373398045,0.01781292268083246,0.4851389993319725,-0.291870521179968,0.753075565832127,1.2507886953628862,-0.6228263745532341,0.39157170388508683,0.24617043036257155,-0.3410022181445496,-1.9062206815931022,0.35418909321495473,0.4640646677051737,1.0872813456209043,-0.3350396163618237,-0.6670652825297668,-0.9145649199926179,-2.9982071584904135,-0.40471705118231993,2.766497489123994,1.2709411935773276,-0.9921847276391071,-0.514685383424769,-0.5210292768318966,1.3985322446780686,2.2245343387712104,0.08979608698994405,0.26366934468270115,0.5203926245593335,-0.01585513388758311,0.2819842426944233,0.04817330375311533,0.47796997759923515,-2.001736131354037,-0.4794804554303609,-1.1833941744295695,0.690094797602683,-0.7856072811244635,-1.564894919035778,-1.788388927204346,0.4493766390248095,-0.9287565596886601,-0.1381804933322729,1.5828800453236225,0.375182312451085,-0.5101250493637778,-1.1751619961278839,0.434971472673564,-0.12910270847372343,0.5785853082125527,-2.3836212600507434,1.137453907923797,-1.7128076130966914,-0.48416050526859233,1.3899850432724044,-2.233605245995567,-0.0868038020675589,-0.2747629760909964,-0.02876037551022778,0.3562005887321266,0.015077038782823729,-1.34000399502458,0.09730575190293085,-0.018306624706789416,-0.06021387961472527,2.0860051855221386,1.3374262538004262,1.8271567575793073,0.34409443166432935,1.7853391366968123,-0.8560010352744445,-0.35923655034770324,-0.5801452652155596,-0.49589815629597495,0.04130141786486448,0.20396560091124497,0.43099121927838796,1.7446550619086891,-1.524631319721042,-1.2052471644989584,-2.441915562924823,-0.8419765290621017,-0.44416742136371407,-0.6984224386906184,-1.1389482066999677,0.0890737697140614,-0.38668632198399133,-0.8847348374730727,0.15105575691727147,-0.573195807468886,1.1565280859800942,-0.16362745408401935,-0.34996441550588114,0.26154229042581373,-2.00580622161407,1.2135529453935023,0.7848997197486183,-0.7930683907128941,-1.1306565105457478,-1.0099957354457663,-1.409946401889573,-1.6967359427510438,-1.4424079802360232,-2.647112108055182,-0.3636101362420109,-0.13655653611546312,1.2810763920911812,0.9870843417498008,-0.7339942788786429,-0.24765560383738025,1.1030922335588764,-0.44850253406305407,0.1705878131532736,-0.6059441628470909,0.03923805481997368,0.08368981997688686,-0.3489217264410125,1.0659097871516237,-0.8643077150294702,0.11533979039383678,1.7835000132962895,0.3112986174303915,-0.7965213077035429,0.3475157982269089,2.4320269751801242,0.03922723036183155,0.7936207477280433,0.005182484353656514,0.27545109836331394,-0.07825521553347335,-1.0180445374050637,0.3739578630598228,-1.2230144614347815
GENE0111,-1.9205505151234885,-1.9844737711084133,-2.105801375497319,1.4926031689184573,1.5951788140604695,-0.5535820109362976,0.10861135804182094,-1.1765479739412434,0.7796750143719668,0.12463934394784838,-1.0018987506741357,0.35972292514357795,1.935177501963806,-0.7958740858336678,0.7576285725975442,0.41793466062350854,0.40329874305178615,0.9002590232205655,-0.2770011830038617,0.15233515982726717,0.09825901506819355,-0.8557315886428748,0.4587974992733392,-0.3624418210905925,1.8302184099405412,-0.507859581870685,-1.3203080761282289,1.1204162316812527,-0.7442460611397718,-1.21329195605392,0.3875279582421452,1.3324943599506938,0.7373477600580713,-0.5717468894180819,0.1285589213693865,-0.28737163969779744,1.6608549116041296,-0.43730622618779175,0.09899805762479688,0.16924826174266294,-1.1602170570327905,-0.19291717253005522,-0.17660171886594317,1.3768376228188624,0.195140049758993,-0.37832244799109405,-0.14511856333613612,-0.06695933390142567,-0.038913744909976,0.9274297691916048,0.9787061296547942,-0.9907027589334488,1.0679596745340911,0.7513474611501303,-0.05272508423498128,-1.473964180376095,0.2126424823268253,-0.3539424825269719,0.5548823050956851,0.6466033975037647,1.3190756280592197,-1.06118769724083,2.138367241978551,0.8952873269005954,0.7142508458989006,1.916408812398578,0.3178376319746965,1.0336471776787366,0.1697713998342717,0.8408189056757108,1.1616069404668121,1.0589280641174017,-1.5119852905682407,-0.413817636054196,1.1718021704176789,0.49813622664012625,-0.049429040207482726,0.5076500985507231,-1.1036947701542872,0.7864785189607976,0.37145905395101597,0.08524997629284713,-0.17891184212026082,0.23105805323198284,-0.2742731402743024,-0.32388224088105777,1.7888664942840682,-1.5865276436576432,-1.5659687963468298,0.7815181527137038,-1.219735606326348,-2.0035304194121597,1.0142669879699076,1.2600693961701763,-1.308035777360805,-1.7953282230512257,-1.218776233189182,-0.6999094117674,1.9139128463736548,-0.42974708628784625,0.831857703613595,0.7217672558611554,1.3224211821038407,-0.6259807525302213,-0.01019412784890688,-0.21919922077454188,0.537995649068834,1.2158839492580868,2.178416208037873,-0.3906286427666739,0.14138067630132475,0.8667179952095518,0.6117685069485765,1.7150881953325237,-0.10786102892635638,-0.39743790888032404,1.3762960778127988,0.30305042362014967,0.540240544084207,-0.07268275320428483,0.9270974788911364,-0.8650769226341175,-0.4582739153981058,-2.6482371713466084,-0.6275716804230591,0.9315796230032862,0.04641633623479096,-0.9239183911032677,1.4294647090765544,0.13851058301773517,1.693750624214755,0.8566877893186128,0.18820208842281722,1.8350049552611885,-0.374661562507252,-1.0948903856770922,1.5993508708140063,0.6045303061799301,1.393802351143269,0.8813644317524277,1.6434762709769233,-0.5115211683758064,-0.18863466385217598,-0.1991701900603925,-0.18568449612864546,-1.5670465728060061,0.16343732221414242,0.7910754438725505,-0.6805180722834149,-0.9136686974462381
GENE0112,1.490266973745234,2.0727224898446326,1.847619436840463,-1.867950500805004,-1.990035712067027,-0.5707074527238175,1.1340802960689875,0.9675318526039591,0.879987515299927,-0.6854355594395208,-0.4956604139187791,-0.8564195729613694,-0.3201930196346475,0.3827463149482212,-0.8612728703928975,-1.7481878472406622,1.1692196043476297,-0.18016619384139337,0.7480869472432111,-0.3091434841489421,0.5427958505501123,2.326189058863616,-1.1432864667343514,-0.7779230308329358,-0.9007384366187103,2.1041792751167683,-0.01807591335572484,0.8874775606097598,-2.643825437963495,0.3744588071991203,-0.36081014917830184,1.3886097868929361,0.6587608578241063,-0.4197113365134019,1.579819244832888,1.6716284579131035,1.5056888493420801,0.7624929335478066,-0.27728332263761374,0.23207619650262493,-0.4167152562281471,0.2213048939765561,-0.5946297082533925,-0.1696798284682546,2.1435487613719655,0.3109404457666454,-0.4298727342120928,-1.1002517228009645,-0.09980671115393072,0.7453589747902679,0.13670532275726222,-0.053962660064733624,0.42556604588258284,0.3942895459611482,0.7052834899766558,0.7319262453856865,-0.08857025731884294,-0.13859424920308436,0.0008206283430316763,0.560270477118585,1.1211554231851428,-0.33687345270658386,-0.16372795281767089,-0.813454723728982,-1.4952545180032015,-1.2378334701453404,-1.0037189970106466,-0.665768455807889,0.4598822437138199,-1.0713387501580618,0.01768327004313995,0.8378411043858961,-0.8298567681375087,-0.49187971578071743,-1.3200585659077924,-0.9525190612762426,1.369936719868268,0.5049919649096261,2.1495550892280053,-0.7370016848027501,1.5084231286249086,-0.7288229905018216,-0.5011735332008286,2.7223109325816255,-0.8350562251726814,1.5866683812059905,-0.031991096536398415,-1.076939252665135,-1.4306993716118372,0.10518365956392356,-1.1235103453834479,-0.29554480125901383,-1.9045245195686462,0.35441226171086265,-1.542445083515727,-0.06008556737978037,-1.3837935308890936,1.2258790482242037,-2.1099078362694663,-0.28294497536435914,0.5594082342054149,0.3588856151710838,-1.246830520143283,-1.7397453324806809,0.7813915011823453,-0.1236721460180847,-1.0717180793482237,0.8177972485357209,-0.5627021657665037,-0.6573816578684561,-0.8666786213532843,-0.7594573199836635,-0.7954994046001439,0.32830717562133405,1.550636238255454,-1.396729446763195,-0.34100666379425365,-0.16405323275606953,0.4645627276650941,0.9883231156063628,-0.15936209930464576,-0.6370871999386887,0.5780705978080088,-1.6400976219083032,-2.143995262641302,2.5903744751954325,-0.8078781666150006,-0.41372532258962474,0.5438158475517247,0.34699425912560994,0.8852383057401894,0.9376297471804805,-1.4424544578939948,1.2692806778651264,0.5107098709589695,0.3780156477602202,0.42251814434160273,-2.232289356078517,-0.20992298972844026,-0.9665753971147637,-1.1106135266653414,-0.48787760068237834,0.8254521507811602,0.28719327787279425,0.4374746644216136,-0.4463327971520985,0.3762977791910654,-0.1990496153407668,0.9491235890461854,0.6956595442991098
GENE0113,2.3815572381182575,2.593598441179827,2.7139330983248464,-2.4145656880238024,-2.7532428188716986,-0.47586306313645077,-0.6545419810780835,0.3223703997275838,-0.8576946679325813,-0.2517702752648782,0.5868679358583361,0.44148803926035224,-1.1572673103742563,0.2985247053435757,2.0318814020301676,0.675595516064319,-0.2745882455510398,1.3074946412317412,2.199188037889086,0.863356514604708,-1.7315569899670584,0.6168130787385951,1.3487876228401647,-2.063938429603112,0.9371155079842594,-0.20312173627250116,1.3154384618571806,-0.07115603179572852,0.34322571871700347,0.3599926394206753,0.7141106880059229,0.44710404572433665,-0.8990971326111976,-0.26312452696043603,-0.0065804533130177445,1.230357722628503,0.484325437702705,-0.6575902822898048,-0.9196953187613095,0.6547472191614669,-0.47482378421047405,0.7531941940567736,-0.05578622690702294,1.4601059062478023,-0.737015875785262,1.4387631124233622,0.9834764405625623,-0.4403966431119995,-0.8783327991137353,1.927688056490815,-0.9026286254062197,0.30638280074245927,0.34535686073450617,0.010004445747878203,0.7813434393694474,-0.9305707077566631,1.9330652257107903,-0.8245185534670733,-0.14393338401606803,-1.4381769033956318,1.0461131058475746,1.88811087881252,2.008141936137437,1.1347210354858641,-0.371142076954873,0.0017194350566970612,-0.32290444596664075,-1.2131506873002398,-0.29548073452660994,0.9087614801144298,-0.8669840205875055,-2.280986931002761,-1.253003319348715,0.8182179165456491,-1.718203895546123,-0.4719921726233347,-0.3836219320035151,0.25800099766949486,0.23460484106257998,0.40021839083867333,-0.14867908887143086,-0.9445294576993009,0.9014020901613844,-1.763723876486993,0.7812571909962575,1.1440926945412941,2.336746454024997,-0.7541921187951445,-0.560191180674306,0.0533279658494385,-0.021264052012147087,0.8346231822478283,0.5224641173900957,-0.35188217414045164,-0.09808541239626974,0.9333207846519014,-1.2661959099636664,-0.23369881352617866,0.5547233026509205,-1.066668737774761,-3.5409611463465622,1.4465764535017855,-0.020473201969290162,-1.2575669298603165,0.920419303313525,-0.20830815696970303,-1.0348148885745907,0.36972874103394227,0.051553182211181825,-0.6131888143874002,-0.7696127630272848,-1.0261395775913584,0.7355521354802225,-1.248356477711689,-0.7975065804790082,0.10115429469956397,1.4588832873162534,0.13289998652542262,0.5881732469452824,0.102208999741308,0.906436867932051,1.937562720390904,-0.43772557538684836,0.014040818007840617,0.17352802613449572,0.5298100656836389,0.1324149765536345,-0.5437411103659249,-0.007095859572590296,2.431672342531423,0.313883772123974,-1.9107704356721398,-0.3948939793937619,0.013395129720671672,-0.14057444122984536,-0.06843836882482655,0.28626701517894115,0.5086115694764219,0.25883640606842534,0.9506245451701658,-1.495349626197055,-0.2526572157097547,0.434267269143753,0.25616301965282456,-0.652299404494563,-0.5318947428632855,-0.8417222679965889,0.9766664952266192,-1.8521032545245222,-1.2815334474735183
GENE0114,1.9549110391967306,2.1246286809265373,2.076520169501464,-1.8081976041854104,-2.334337882819052,0.5156628049375553,0.07245312981093784,0.42547139158009356,0.460028085116589,0.4719104151741429,0.2440657104931369,-0.08556184173385854,-0.07964197820578524,0.23016620357939316,0.8254141182487367,1.9647410016492728,0.528468304969544,0.37740758388993767,1.215429813686056,0.3964597130409407,-1.0603097838015614,-0.7333306934278847,1.8289196752065244,-0.7134334011115273,0.5701473246469615,-0.98870611557405,1.2842937430602945,-0.46016996854292425,0.08277953666162044,-0.22824094771857162,0.5048666322952801,0.17154505056332062,0.9099641374112959,0.6552668888528668,0.28183150156650727,0.6513867121868381,0.7003694696476837,-0.3974591697846353,-0.47370913813461124,1.5520950076720532,0.7062831431437482,0.40439952092816306,-0.8016790366677842,-1.7882474858842188,-0.292668612410809,-0.45265911659782876,-0.3103254573286268,0.8528564394017648,1.5274092087643527,1.1094661819546467,-0.605716916648595,0.5381739465275096,-0.4873205361087919,-1.8411117324200659,-0.07645955083947616,1.2607253490553065,-0.33469496850826597,0.8332245281449644,-0.6656055779091222,0.6884984655791221,-0.24359950775306205,1.523368553129795,-0.31332259200413143,-0.5423862636822946,1.4714876651735471,-0.576838243669509,0.21283260712534693,-0.5696328035424871,0.9240967134422856,1.2968796713609954,-0.6745280779152143,0.5463388555557811,0.6391569570392404,0.12620050557729662,1.525591152789017,1.518026291570467,-0.8526449096356515,1.208658108376434,0.5066156599231009,0.2440076296495193,-0.23219199489833087,-1.4822918233240703,0.2830216194483871,0.3078675874772428,1.9947339527082228,-0.6741189790132863,-1.6072712038057224,-1.1791732187363086,1.5912231997682411,-0.4477896183634996,1.3638251736003766,0.00625654097073757,-0.9746863187175773,2.0013179568661594,1.3177766977259247,-0.17951678623153824,0.9967977661275882,0.12306236652628441,0.4375876145863273,1.76232165216181,-1.519634186517625,-0.3586388907881295,0.029211015710739783,0.3344932083453429,-1.2486863901571623,0.9169294538718386,-1.153966190889869,-1.2498039072751423,-0.25078506603645556,1.8955024193925007,2.541641059840153,0.4885221794282672,-0.23819804026761085,0.15631269781593382,0.33490993645994044,1.4663987246010093,-1.2181484120692732,1.1944648053276665,-1.4267375640444053,-0.4808957088136235,-0.002570863685376058,0.4111456975296016,-0.003604518113449724,0.175065046793389,0.04043983951099896,-1.5207475248088895,0.5751351036511284,0.8113055056977589,1.3426532450114794,1.8470672178884158,0.4108338077809825,1.4115117885397617,0.018099964323894817,-1.450418241232103,0.961085968241973,0.7395234840549056,0.0006268318364188177,-0.06228182390564911,0.4779993874469378,-0.3375665886361984,0.4422573396945423,-0.9221949631142771,-0.8098259570138625,-1.3205892995098218,2.244058511936747,0.07308213092744939,1.2082567326532243,-1.096782829414477,-0.1816864782254697,0.5514985299957588
GENE0115,-1.9070213589004064,-1.2610312456959043,-1.6061073471485257,2.0718171530764673,1.5909572658030933,-1.0198484874835236,-1.436742238258311,0.25867908548323615,0.6705966261110702,-1.1390428885780886,-0.6744922294583658,-0.09994740187442086,1.7067523547241472,-2.832571490783083,0.4449712931193825,0.6792531857002103,-0.7121370117112932,-0.3492294754153675,0.33299007977811707,-0.029634337083576892,1.6990607523969676,0.10264510297377231,0.8612234150998442,0.450257691189742,0.6941188538511088,-0.7773887684381586,0.2011890594004428,-0.06556392602974538,-0.716225009423016,0.925017468122467,-2.0154014068621935,1.3469542192380486,-2.2187552546413603,-0.15372666069731275,0.9411618657467511,-1.1883818721560526,0.4237396768413433,0.31562233082838287,0.32663196225679314,-0.3487016354401247,-0.4652991634843355,-1.570125281645645,-0.10398329868709742,0.9175108270821316,-0.4561010078113793,-0.4062243293734895,1.5896615658433906,-0.1634989587288872,0.35215976323623555,0.53571874834145,-0.16415158480821837,0.6812562316208439,0.9894010636697103,0.9035713920356012,1.0153815223840665,-2.0827162606895335,-1.1719209327168651,-0.5144780974176624,-0.7959547802024568,-0.7201020157788871,0.889563675057157,0.10691421276993877,-0.13685192852986058,-0.22556247838096438,-0.4001376378530022,-0.24193362930049625,1.3875896801940337,-1.7642225586347025,1.2744480525552093,2.293677076382116,1.266843064300445,-0.989933276576141,-0.4865312708925418,1.033299000054421,-0.24865568356527437,-0.5060102892035697,-0.10098034615933793,-1.121850825000477,-0.13025810743674918,-1.2062156831740176,0.7224739109091558,-0.8443312450806665,0.051502719973320316,-0.44444133933559726,0.38205067755333055,0.8223340695724903,0.2864986092893359,-0.7003148997607653,-0.5631622215089241,2.3599002133108433,0.9485140803534553,-0.19785795186096838,-0.5741608037981262,-1.4389428634499404,1.1282334261578777,-0.7109032877644443,1.0537353176489332,0.8274648012495125,1.352802149680511,0.758839056359829,-0.20984211000905195,0.01590761982389131,0.02453558675076115,-0.2687459905037352,-1.6232176949497985,-2.1550069168997035,0.7588292682758264,-0.18092202765987037,0.9600391808954257,-0.37953889742192626,-0.0011495648046663729,0.9295289063494676,1.555338239475078,-0.3161792525756171,-1.0000807425869997,1.213008142942167,-0.2870858663221182,-0.48523912503814143,-0.3997933544875725,-0.718633930052811,0.7737454171487219,-1.338229370477771,0.10205115731285117,0.24970880640742232,-0.5985453168360358,1.5871324514543836,0.8983342466106601,-0.4545289723907412,-0.10614639482332917,0.894290528046484,0.08002708834754667,1.4015781389994453,0.5662096991492005,0.2528832771300831,0.24427662897052735,3.1488966450468734,-1.0184630299249242,-1.094436049068404,-0.24144306041634547,1.4046883313272998,-2.463886694684311,-1.9038895341252002,-0.3997279824149245,2.1201597078736754,0.0254406820750314,-1.1624189639290536,0.8220484403720753,1.6619297703472755,-0.6386898406438029,0.4544055593214179
GENE0116,-2.65712174743109,-2.8140628991062964,-2.602079925014985,2.7396912280661145,2.412532068350508,0.7142993841007695,-1.6223406408284906,-1.4338636526151392,-0.6892325721353322,0.26748740873384264,0.559199603440875,-1.0540868798292016,0.32423730126634465,0.9457291126502332,0.6680008739414233,-0.45983156206462994,-0.3684207928619764,-1.2975681295405261,1.74032396241713,0.47402952815930655,-1.6122337991099362,1.2266461317191177,0.658548553730445,1.1942945702200611,-0.55860552883825,-0.4190255848402959,-0.8126470558890512,2.1171815399897724,-0.5009905968099438,-0.955211809699693,-0.6469530541180206,-0.3251592339758745,1.5559537240668089,0.27683914813024113,1.2335506973690682,0.2853040054883148,-0.18023570501649122,-1.0425125371315882,1.5940284730672647,0.9909616123926529,1.081948177713248,0.9251642928846124,-0.710114504684698,0.26500726923505735,1.086863166074582,0.9443368547967097,0.1565915053864577,1.9749868235409183,0.5329773658984741,1.3219920032027368,0.20014503304048192,-0.3716610336843118,0.9691829873622679,0.7335184624712162,0.3464642278810146,-0.8461329085490981,1.0109611858611562,-0.7934614696311579,0.7773564295851175,-1.0969856920886976,-0.847046819168613,0.2920904179848597,0.5789655930842613,0.21668758147199288,-0.5271602352964028,1.1132103250442176,0.13882475714133868,0.19337521056786575,-0.157513987790085,-0.7227128683857843,1.126676679430129,-0.6427153221102642,1.6974122264385847,-0.8249821416716359,0.3229322148383435,0.06954783670284528,-0.11262005072912981,0.6819230032173926,0.7897857458625657,0.5359644092424989,-1.0638849116799036,-1.171304595544942,-1.2314681704286847,-0.24408563855855206,2.1153432191621837,-0.049173784270552794,2.100916139234912,-0.033404181002878494,0.15998831789186987,0.5957719966107027,-0.2910193172430512,0.22728888284546345,-1.702850560955932,-0.8891107160670026,-1.6818144538663589,0.7252398504962689,-1.3633436074053245,1.4116720638553426,0.3560225035862777,0.9594099968570928,-0.6466556335942929,-1.1234717190204166,-0.34772356153097006,1.0641839529286203,2.1150516821422025,0.5083650441335016,-1.3156669929208955,-0.9718983104405119,-1.4883254135185378,-0.12916976316448395,-0.27723669854677996,-0.1366106534676014,-1.0734209422789178,-1.1736040996661792,0.0941154134992307,0.48441088120221254,-1.1848400604750189,0.47371502653892616,0.9467695460069344,-2.3307727820257185,1.575681897225293,0.7022043139226125,0.9561290412932573,-1.0208817019915095,0.7871490498965369,0.9020762444317644,-0.6515465769762155,0.7798745284307934,-0.13815962286397315,-0.6175077949031385,-0.1964474910457107,0.16827298131919224,-0.3026030234289217,-0.791786135965779,0.3929540631734413,0.559778494786625,0.14602111704443896,-1.617554530930328,-0.5845914456550211,-0.8440900609951246,1.7310983601060217,0.11789407276334242,-0.2802281820987568,-0.5587182538539862,-0.1248559071075058,0.7515334211533271,-1.8299038611633953,0.23016532200719958,-0.504595558749045,0.4306701193507018
GENE0117,-1.6080755418138013,-1.0405490144766603,-1.736063602844682,0.9020560965613509,1.106325013336218,0.8356572511822711,-0.3776228215973046,-0.6348391242889239,-0.5593494798043172,-1.2976255371808256,0.7847740305269084,0.9674163511946909,-0.38713757665058196,-0.5006813998088716,-0.698273796231372,-0.4503654144104354,-0.7351735618733791,-0.15520391286675808,0.7863963530491347,0.6833588234970358,-0.8386907445435131,0.15180971381551212,0.6461510893561248,-0.9397883083349045,0.14141697257100241,1.2136458541964776,-0.24489006504943875,-2.017902276462043,-2.5172303766303354,0.3108127360499551,0.10651657632390796,0.18773481527053326,0.4892874738498093,-1.4794533330897426,-0.8068119536816358,0.42306344112465016,0.7358637437619352,-0.25688522910376554,-1.4322774857320153,0.33996379075691296,0.05113416662288371,-1.0582486265279207,-1.9836340926863736,0.5712516986466183,-0.6174524110056049,0.18669796459422633,0.14955959763717236,-1.1469285123354318,0.4178640261994408,-0.8597876419714956,-1.4953821824487257,-1.6234784747561903,-0.003236870733649335,1.594102320009313,0.041021756243463325,1.7831584515836283,1.4488218177872538,0.5162858974073742,1.574491300465195,1.4613719875076132,1.1786959847192626,-1.884330018952845,-0.2367438476519242,-0.6936967170887008,1.1711304464147227,-0.30725048846738107,1.752309969710899,0.10156233219140404,-0.027952130248583073,-0.3786476669000349,-0.18461480150574489,0.2687447194320087,-0.0660784330903093,-0.46486996957351817,-0.4056259646062051,1.8210197732551878,1.9975117034922045,-0.4707974897078709,0.848970296135283,-0.8278088794581001,-0.32682934551661674,-1.0875140136176797,1.0198338123847552,0.4845230229456296,0.6754472964345897,0.8882573990374616,-0.8696103367439861,-0.32441790215599525,0.4452323628985012,-0.3455671193606471,0.06942513408968863,-0.7997222554109635,1.3297307914204186,0.9385307351878646,1.2370779464988295,0.6591204741688469,-1.0938758852802368,-0.47952703998332624,-0.7017324838175452,-0.25727489014295285,1.057763695670583,-1.4727608328976456,-0.5836394264251722,-0.39448600958242896,-1.3140166635802102,0.20475825482335014,-0.34197931931745823,1.111816825565053,-0.2751234003385167,0.4589421583025453,0.1149853683772765,-2.481512537985418,-1.4351455928700212,0.3835404689576883,0.33796181661337843,-0.06866985450094097,1.3301333079378432,0.5099747407083967,1.570295513321641,-2.4596671470716576,1.734148024184437,-0.6071529663023779,0.024863632753244016,1.1867719039853397,-2.1147648964521877,-0.25333374148674426,1.0088153550438954,-0.6170497881602497,0.9137407408368338,0.6763817197037947,0.16916687482853096,0.5988996097207662,1.2946333037401292,0.6025009698088679,0.929128862531557,-0.881293733690008,0.5819938044171737,0.48936498527543776,1.1238932901712488,-1.1579956366942243,1.0736102952456577,-0.8791639454365066,2.34064329118308,-0.8884719666699248,-1.1667737929036508,-0.29050516053877085,1.048364885635423,0.3550476714550934,1.6795018425491917,-0.30049656562514065
GENE0118,-1.2360171170661607,-1.4990882663419103,-1.9245347970013365,1.239056157169507,1.7444307364380858,-1.2104825899419085,0.7189700393221041,1.480194519239204,0.2216396548893205,-0.6738995484092392,0.74427582661273,-0.039259683875249037,1.014847728147081,-0.9454278641443407,-0.8760028902037027,0.7261591215755627,-0.020266883137630812,0.9268766994609047,-0.858524093424465,0.4336526641592427,0.5464872790777332,-1.5371212226942688,-0.0034211511349828503,-2.0161918230225315,1.4698533885675769,-1.317601438487428,-0.1888923762694141,-0.0049014769304754294,-0.9621350557828677,1.8492046824691233,-0.6916948232763047,-0.26979318020727744,-0.6894983102069558,-0.6979916205382681,-0.10898123136589323,0.7030552015900584,0.160131152760603,-0.7585286987145928,-0.006291795050064441,-1.367005278394882,1.1832613194239208,-0.5059640909787979,-0.45246181143500497,-1.9461488609145319,-0.5066970968393757,1.6823222129520023,0.6115210937041258,1.108997119123672,0.1166107956322724,-2.620157187847513,0.06960207363820838,0.20121297085981218,0.8956391411630628,-0.03674030556591419,-0.771791009002435,-0.09920049916946326,-0.34226026490642114,0.5236445700358784,-0.09697051766864213,-0.9901388917442313,0.5668998185387946,-0.7388575013091938,-0.31599664488331153,-0.4639180403218601,0.23722296403412438,-1.3712828902582723,0.032108245831276166,1.0804390648354485,0.09577141565544345,-0.6674296206734219,-0.36565146884881455,0.29574778647011774,0.5602975015318421,1.5039367461662614,-1.6257425823246754,0.26343776865072016,0.185392640516553,-0.06675917817732932,0.3554395723604608,-0.2295359368102314,-0.9988137109846277,0.21352592592847303,0.6492544997712605,-0.04731389199931435,1.0593425433607495,-0.23739712676564328,0.4605658786015438,-1.5817432128345434,2.2424311574609384,-0.22757931935184353,-0.4881863780695798,-0.26575124088784435,-0.9487840855769527,-1.1685165527852863,0.041044328103827146,0.11411575013335006,0.2238756784689018,-0.03394224289090872,-0.08308800314950383,-1.2030760107564613,-0.4873689446800402,0.16127459380310194,-0.5387411578546822,0.292168651847224,-0.13520951313015353,-0.14292023225737802,0.20726875313021484,0.48514309564823804,0.7080211958677365,1.9830425583505231,0.8637819031668581,-1.4804439250227162,-1.0838621380563884,-0.2746467915329495,-0.7629170239709068,0.3904968604816443,0.49659235119030115,-0.48351258853658513,1.189675198185023,1.4542000122758232,-1.8118279424555976,-1.4288779545288437,1.0972401515594965,0.8698289854000336,0.5026518176033214,0.010939742575923972,-0.103116812655206,0.5365994334273445,0.17647664247949113,1.3077227069761872,-0.681243948494123,0.017995461854860437,0.8903353149820696,0.1644181871250766,0.673159335294313,0.6586218087487499,-0.42484098276342286,-1.0206677299017983,-0.7477830397187013,-1.0837664368374886,-1.8559847476631552,1.0917613641014539,-1.8860230068683301,1.8614602246792642,-0.5277873316105391,-0.27835531621919474,-1.514893499076297,0.3845668539420678,-0.26089226948679867,0.061097635289098715
GENE0119,2.5432336200672925,3.381088546723471,2.5187410456607005,-3.2227365937707253,-2.8380872898014182,1.4513090463002989,0.8059009431107838,0.08987912040214814,-0.007968024861214118,0.31341205266384853,0.7667121161322208,-0.744311787757107,0.9032093341312314,-0.9369942289200422,0.4563130579586909,0.5414271305752033,-0.6715650880005795,-1.5423806084462635,-0.26456903260431874,-2.629870835259099,-0.17836431054107404,-1.248240583452878,3.1132516778982913,1.058695226424739,0.07219952824971228,1.3324100584207152,0.7050351073346284,-1.1635398405562185,-0.6254358019996236,1.0294670082259965,-0.9605374335913761,0.39531805332085235,0.6747579975700542,-0.2606433360551251,0.15232988944879264,0.8317939252957322,0.7840896324124739,0.44817732718093745,-0.01295434828290414,0.5873557717532321,-2.021536284703223,1.4755796296880372,-0.13255731964008563,-0.7349673486767199,0.5994639186251742,0.5714296182464823,-0.9764265916915398,0.06753977906994638,0.03733507711071247,-0.027916923967480682,1.6240197994726442,-0.020155336347329265,-0.1299047314984712,-0.6803677664898552,-0.8248395207257326,0.39204258191853336,-0.46982008950291654,-0.1879293768007396,0.19816848318225402,0.06368945260736163,0.1349610569154279,0.13131683316005388,0.624600518224056,2.641030778662475,1.229310691907974,-0.36229010397795286,1.2155068050230795,-1.0537907973425453,-0.5662575689260696,0.7068829212666524,0.6758664079374624,0.6015360185136042,-0.590297885171597,-0.5834437764610827,0.13115144275044122,-0.25228972837061264,0.8881757470134929,-0.2773340202006641,-0.30681279609034245,-1.6258412685835972,0.8753302341145854,0.32237737229452007,-2.286002531993625,0.44501865990850775,-0.40117690543454726,0.7759430787368385,-0.10510987311309057,-0.8043743958018357,1.7290472561926302,1.5719679853876172,-0.1856795921842839,0.3726386387632,-0.4592261105352324,-1.706489127679997,1.3176976819723825,-0.7977414984564859,1.2735407305469741,0.6972281793958297,0.28715950949617813,-0.0409166103546503,0.701441383817183,-0.930408983940217,1.3344168995455894,0.14320770777299666,1.495024519636157,-0.12231037606927596,0.1425038986720126,0.26389251849658063,0.5760034500128405,1.8108732335944926,-0.438068918780994,-0.12790190849850178,-0.01923508911892533,-2.3154453373656176,-0.554906869988666,-0.48984742313183643,2.6381026760084905,0.2584706853722215,0.4934823189718855,-1.468665526659181,-0.0627278789796975,0.9360986445775823,2.516646555793866,-0.6842979794038673,-1.8155792897895147,-0.7753675845865745,-0.7713261415573625,-0.7619772317066479,0.9075070629706259,0.3427840438239591,-1.1284187576530538,1.4162033220839674,1.8930361454035207,-1.7050087727384593,1.1776479844929932,-0.17011807523122538,-0.942013330118567,-1.4551949957935235,-0.45278495163698707,-0.5218554578971543,0.14749362751133432,2.1460426806736215,-0.5079213264530645,-1.4065642432797338,-0.33017857477018797,1.0420069943602674,-0.24768145809650083,0.651477246707511,0.16999604147217434,0.06116488315665739
GENE0120,1.7077638956787078,1.3555460051422157,1.2656516392293677,-1.5281356004763178,-1.785015926854705,0.05343175265543497,0.7101300294384755,-0.07604718898391674,-0.19560276242776056,0.32915655084322104,1.6964582202444303,-1.1622916482008077,-0.9201563140982175,0.041097351910449824,2.0324736611373293,-1.0716491536683932,-0.0099953123778403,-0.8774020159860154,0.3981787880153095,-2.0642622724454216,-1.0361717215877837,1.27834420165593,0.00932133779606678,-0.7453442950497876,-0.04581104431808029,-0.06329525886579862,0.5608080651609907,-2.075784765046595,-1.036667316152543,-0.9548742310505617,0.6294212470834306,-0.006310363664730578,1.440599892079389,0.8291414805583857,-0.34590472220400376,-0.04954601779552097,1.2938846414336787,1.433214850447274,-0.09567949575639233,-0.985037135661774,-2.100863540056221,-2.101102840252927,0.4720825952742088,0.4519901009445182,-0.6753964869738631,1.3014869442559946,-0.20694265952511098,-0.5883973472357426,1.1711618481218093,1.0385605581135338,-0.051595886695763676,0.5175309627246585,0.6437137296826219,2.1752668788798832,-0.13102042404249964,-1.1798716805474392,0.6254783881772652,0.062215074428531726,0.11231835996165258,-0.031222958823870196,-1.591324606721872,0.2613790660348003,-0.3591561876613128,-0.30906802223636265,-0.3981771222907189,-0.039201192697753275,0.26044992516951804,-0.02930551667137811,1.1548151195135978,0.7561677995898207,-0.07310003566416852,-1.0353758919116014,0.5805281489178395,-0.3149055719182106,-0.1707450883346634,-1.3186850609261938,0.4135708163086037,2.5933857454493516,-0.5062866317860745,0.6226023381728207,1.2458590811883452,-0.5229771004631462,-2.425189153677281,0.6955114932633333,0.07931147640280711,0.31133418225071396,0.054895598514712006,1.159803362660916,-0.09752322568194934,2.17088440485843,0.698049258314823,1.0114852945665962,0.006569535087340565,0.31084550551527557,-1.689635454447032,-0.5769852675470976,1.0776539629053858,-0.06687430404484876,-1.1248783053912466,-0.6842085748240915,-0.6922824693857184,-0.03892295418009306,-0.8342049667644664,1.4230616090087518,0.20820510866883737,-1.3955146863728802,1.536140701893776,-0.04578311596028421,0.5059930665679871,0.3067413093760945,0.4174220312496067,-0.34350902910005643,0.33076289325841235,-0.1492366148317193,0.3621047766572867,-0.18572713111714992,-0.29004168766946337,-1.462032809090067,-0.005204434201671527,0.2246136665566537,1.8488740554822498,0.4793660066383242,-0.7246822424099253,-1.0146776252897303,0.26743788000512814,-0.744947659356444,-0.5684768301404822,-0.7481261159492422,-0.3285867802985206,0.7361223323766257,-1.9898377931261881,1.2946499243206915,-0.20413617748976157,-0.6340823478860038,0.88776025567464,-0.20625010944675237,-1.0468561799564047,-1.521833572450686,0.6954447363925536,0.7597374610582138,-0.41304848883482537,1.3213248613799733,0.035830944414326875,1.328004885771481,-0.9573676317161598,-1.0797961458829073,-0.5136493036810069,-0.399564369060038,1.1510868603120104,0.2933430900455739
GENE0121,2.755685089840014,2.5189783664107432,2.962719373301004,-2.491671436649075,-2.357886732706113,-0.19085611049206905,-0.7656786179842419,-0.7763640214625551,0.8145965765897881,0.4234158554251784,0.9436687296069644,-0.28375176282171016,-1.0877357201232787,-0.5739021370441768,1.0273140059700046,-1.60040439852996,1.4447108845233778,-1.110159643645336,0.7796765159428879,-1.0204585492088687,-0.595168049907042,-2.057477032504352,1.853798561024796,0.5748307500486405,0.6336985153625104,-0.49286782267190415,-0.9307543502498805,0.7765306072377874,-1.203124591748787,-0.16712686023920295,-1.2507301164587183,0.12394844658533295,-1.9169127644712842,-1.4805787733610272,-0.8598194543323827,0.6147530741053199,-0.5313177112619316,0.9835983231147025,1.5006982776594644,-0.3086431296882937,-1.478447420270831,0.965679956276048,-1.541566171854868,-0.9032637051054866,-1.701064270926387,0.9631647253543423,0.5720856825544234,1.6182857249576108,-0.44125560951006937,-0.8239751584107831,-0.5248106343369602,-1.3327707749297721,1.4286517806288948,3.37663390862728,-0.7238117978770413,0.5926980809082312,-0.1554891254723913,0.4417404281684909,1.0596986858041393,-1.1430913688343682,-0.4785905516305926,1.2031555599366837,0.5088348945408068,0.3273197427278892,0.5096838407462164,0.6078915092165353,1.1577634187371215,0.7537736383292195,-0.05072667649707912,0.35303638356506645,-0.06742899634275008,-0.7461437035383703,-0.051627452021667186,-0.11381055231939148,-1.6980919577970242,0.7749349594220498,0.9444634456286217,0.5438089064632462,0.8847058197228541,-0.1759091355515497,-0.5140741113005324,0.9489053703967205,-1.0587834409252077,-1.093440425718558,0.4481387274067076,0.4207631976917133,0.9300724593022313,-1.7104423501281598,-0.09774224079349929,-1.1303667208654253,0.8552942132023134,1.3337490486275165,0.5044956768553063,-0.5578478552534369,-0.748585152673294,-0.41182859732470173,-0.8411243921722905,-0.15924114901195818,-0.7508654171230501,-1.3816491097930366,0.3806464279451594,0.45782402125066585,1.6994199924016902,-0.43319374933425525,-1.8902046566489292,0.8153014226602041,0.9277562548475287,1.142001638082349,1.4713243367159607,1.4855307290178366,-0.9767764478332219,1.5480775548308632,-0.32803530481887266,0.7984368278836503,0.25949272103084603,-0.9727491043467843,1.1603583474564951,-0.45610151571644547,1.8587744285726526,-0.7632431986607814,-1.0044511413844686,-0.6628706096290684,1.495201274428798,-1.567199936427171,0.913066469436057,1.832360509364944,-0.1693817234585768,-0.39308638379268024,0.07989595296304818,-1.1224091618015102,2.6482642329022617,0.6698104296701444,-1.2205159520884334,-0.8071875693361718,0.1791337902429902,-1.2944235058983073,-1.5043210930877229,0.29376808097944007,1.005998339632682,0.9152219625044209,-0.05973756981298445,-0.2745094076227692,0.05167018890043356,0.9921270387570604,-1.2567680144595086,-0.7774176421991921,-0.3777659733923902,-0.24223934567906757,-0.05447091709771166,-0.02490268636281973
GENE0122,3.1284316279737334,2.7214694505960804,2.0824015407303538,-2.6678527983484663,-2.139365061423663,-0.6519497788555446,-0.041082239274284706,0.1281404230120102,0.31609675546062715,1.5645751121996672,0.6946441783379123,0.9974631423862255,-0.12679637412070588,1.4735038550299198,0.07160766226722236,-1.9553201958289914,2.4583866628276656,0.04618260219027473,0.5297725016151714,-1.0686094623850018,2.1971194491054633,-0.7932539146805512,-0.3852468100929874,-1.5290945669123341,0.36457769602775814,-0.28151537927043885,-1.543594188442038,-0.06757092778864765,0.09479495967607107,-0.24747600804098666,-1.8208879754571394,0.2907958072297566,-1.2676402966468037,0.889217016047867,-0.5554109870163402,0.9276188906152871,0.014082859801776095,0.06539482043495345,1.276297389532607,-0.8152656243595809,-1.0957739331099479,0.5557017395395832,-1.314048843156099,-0.798778722698252,-1.5791616134224458,1.15182256221938,-1.0026750756807397,-0.6542793759632473,-1.2900524924491579,-0.38542130616181514,-0.1429443645388315,0.8259770564370071,-1.3219563219303276,-0.6009219329203157,1.42273846755332,1.0410598049433069,-0.6778052757472707,-0.049473135323638895,1.9680352393081826,-1.1939822700424956,-1.9212610077501346,-0.5360943424181992,-0.08337788958990831,-0.8021954554031063,0.9769099334165062,0.21065569003151208,-0.6044277679644929,-0.5389869883751089,-0.7463478933968806,0.8297338809873693,-0.4725339852820247,-1.1929104792665814,0.9619013805140025,-0.27640248323800076,-1.3598998531241966,1.7128217198660913,0.610546936630688,0.04624906206550146,-0.2118460555387638,-0.28033970734258046,-0.300738659533365,-0.2735735435110236,-0.5897052945112294,-0.103349777083527,-0.609478192509407,0.2234542861390162,-0.023477077188779297,-0.7004744397347292,-0.08682070928795677,0.542939262004888,-2.256413898350012,0.5781983077870861,-1.226380271756487,-0.45888347590577067,-2.8296823039074646,0.5656617105651747,-0.7402360104949621,-0.4998103420224061,0.09066013311417374,-1.9708008160932078,0.06205826470539632,0.6482465433674083,0.17420134235907095,-0.39385053612312304,0.041153126403164396,-0.07549237144633661,0.7585357401050976,1.2550102168635007,-0.4108334265721668,0.23152783030047383,-0.66758289705895,0.41670781964097137,0.46012429163816976,-0.16679395237954375,0.519016980640679,0.0031928483930527213,-0.04806484377381428,-0.8803647133665949,0.17196282285843462,-0.5779155259724277,0.8696817644204146,-0.8432002642886639,0.26883972355844793,-0.2606231311382364,0.26632157530136463,-0.05830046226307204,-0.818002250319816,1.0937852635274434,-0.8871688489050034,0.642574289154662,-1.6983798596450652,-0.28892201256274863,1.5291861234707007,-0.27544846536480916,0.09647282113420927,1.602610771879153,-0.14282304795941597,0.259006159256651,0.6046388845495557,-1.3796926479329006,-0.4855118512994366,0.12987066726514784,-1.5958579799665258,1.3698045451925922,0.7564145480524449,0.6074835600168066,1.3199964485196727,0.7232459804171976,-0.2298904026480623,-1.6322435893953684
GENE0123,-2.0982105622937026,-2.453720386140231,-1.8049066908361493,2.1550636377299446,1.999377740477398,0.8651320911599828,1.3293639912144088,1.47553895416861,-1.1299276814200714,0.3215702326526785,-1.0063702630140052,1.9391847007126581,0.030577548013576275,-0.3701864527252774,-0.5542149526868441,0.33403512895649146,0.5156143007854291,-1.648057003398717,1.396863893052305,0.4709130635579519,1.388824414144988,1.710706652833669,-0.09941428931580211,0.8569070581843299,-0.5757834293430089,-0.46771754321744174,1.5723786330446405,-0.7391037499025365,0.19646875102926079,-0.9077566874743674,-0.6556053068461208,-0.5051207853795951,1.4471458278702671,0.5137683344017713,0.841858822708537,-1.8068227978401867,0.03464843675968635,-0.38249466006302923,0.49232306391234126,2.4065258685822086,-2.3905578050202423,0.3994491421961073,2.2047856091211497,-0.5097878468704842,0.14983905381468807,0.6765699283895829,-2.155890739226377,0.26618433113747114,-0.794064730343127,2.047768790586787,-0.20737120693623548,-0.710340236669095,0.8466316210331553,0.4880127154018677,0.8959346053683231,1.9104238403739253,-0.5852073314390038,1.7190358336358966,1.8774480359594623,-0.7685009532997439,-0.6716437881359524,0.04722252151672714,-0.19967730185646448,1.7090551833235816,-0.8639247038254283,0.24465882966440797,-0.7654864541360713,0.10846814483876122,2.1416979973638197,1.8230412506059113,0.37852486357855314,0.6297696806372028,0.4714901784489648,-0.3040052521220364,1.916548336667717,1.3195506254513676,0.23437276333840346,-0.21684593856554543,-0.15195789555783176,0.3387748238996087,-0.035047612322013685,1.1395090852038305,0.47902687132962074,-0.9537447835110242,-1.146614981730292,0.9907993854841025,-1.1563368995267436,-0.3486100788429641,-0.43962476653438176,-1.238494019014307,0.310208136245163,-0.12381534259560323,-0.637815766438833,2.0851869683975806,-2.4309326470154935,-0.863364761768626,-0.5767478254688776,-1.3583772685040414,2.257907698801984,2.247356908849594,-0.6844594894144985,1.2687364571297728,0.596541664204475,1.6561148928803573,-0.10720471209814875,0.4316085228765972,1.4025460222205832,1.2495949332371197,0.15163477940817363,-0.9425754319909965,-0.7633569134830759,-1.8491844262661106,0.7872676660296659,0.2121639462900121,0.28926376021656436,-0.025166187405987618,-1.1433497317594268,0.31261712346775994,0.6052510586909339,-0.8681750192726655,-0.028348422059595108,-0.6483486790087554,-0.21554187847022402,-1.1353992851868588,-0.26819763059141155,1.627385914591245,-0.5019135031386625,-0.6809178073213656,-0.6181175191584042,-0.19021542135113323,1.7923213309924462,1.4056990119767847,-0.1434200235684966,-0.6428194309191418,-1.760980219842372,-0.9113172654620733,-1.9745417840113808,0.7401173216811205,1.3355561782979053,-0.3752311512879533,0.3838946998444078,-1.0889876118721935,-1.9398859788059604,0.05567430649672625,0.38334213970512815,1.703973771732034,2.06318341931558,-0.27856809862348714,0.9121147771056591,0.3150902334695747
GENE0124,2.8431928681316627,2.7130383640440185,2.459078543674906,-2.573123688952416,-3.1695560508578486,0.21457835371221973,1.741861621390041,-0.8983094322567038,-2.8327324642996805,-0.46289444885602127,-0.8360494010989112,-1.4935785651259672,1.300650204369242,-1.3363917283234141,0.5827858540321198,2.014194322354516,-1.149914414500833,-0.23093733744925501,1.3527081646970955,-0.4153992328349966,0.33238948905545945,0.6392940877220978,0.173594816444725,-0.44831327504372454,-0.7808804109046579,-1.0947801900189507,0.5965138147719378,-0.6578858506873694,1.1959762233609808,1.5891672432416373,-1.156812095652981,0.7381925158806075,2.0589856957943367,-0.8553334027860247,1.2006419492392584,0.5619306932835202,0.9604844122940904,-0.7564039912677225,1.90518491022359,-0.6696704597370643,0.6406441757628246,-0.06323557326745641,0.536653206277333,-0.9834197923409767,-1.2273638140282521,0.2870308590264553,-0.36725254626764503,-0.4012904359713322,0.5448183424396977,-1.4946772909676016,1.2068828909268574,0.11951288540670313,0.7628291455859143,0.5273482352810756,0.5824976279287521,-1.1984572935988032,1.1646880949860372,0.2729141152332561,-0.47499368715749835,-0.12528987130810787,0.3621361125491255,0.1802288241646462,0.5972420907518813,1.6533901164606613,-1.0366364513781783,0.7502745084934752,-0.10729900430378937,1.1425447262462796,1.625647936627077,0.19612250538824302,0.6208076608404062,1.2160648364361837,0.9982391058303398,1.2567705974733345,-0.2980841033181589,-0.5168826360841203,-1.1361742365255116,-0.19534099645859268,-0.08416759665911136,-0.14360161433714919,0.49222845504796187,0.5182585984333133,-0.06542828162620223,0.34677090290089946,0.8267443031062924,-0.7987863651708964,0.9332205155802827,-0.6113656473643301,1.4390803611260128,0.1662437949792915,0.0641017720484653,-1.789701272552644,0.6578891343618591,0.09505707799052146,0.17414775800578922,-0.09307900935152867,0.6251956600097754,0.8254715419951355,0.48402347708498744,1.3170679130769716,-0.7192980317999896,-0.5928494752075841,0.40670368394829,0.6617784795792891,0.5166955341262855,-1.287529174059209,-1.2025120409708805,-0.18478670874805977,-1.7892719485488386,0.26089708605712036,-0.07483576567329805,-0.9144619914712221,-0.5517426457515363,0.10972728830430939,-1.4935237650839297,-0.6034000328390805,-0.26338968781213823,-0.2998011976493202,-0.2710610081026204,1.3590541562478977,0.9485542996542414,-0.6431357920283707,-1.0371946977668485,-0.41335029676045315,1.2271601762567586,-2.127309541174646,0.08358674262930688,-0.30805367307068693,1.198369010406861,0.9811478261603003,-1.4681381266162603,1.1966525349394779,-2.333763907254147,0.6122769888067473,0.7020504838600158,1.6851671320478099,0.22734486471158466,-0.6644311950343323,-1.0083631615496809,1.4602281797389625,1.6971114804731318,-0.44847523098891556,0.022189938606687668,1.363305800938278,0.7690683973394554,-0.18677880407860065,-0.7596591181946618,-0.841293741624213,0.9533548629223614,-0.36700279873585523
GENE0125,-2.2742398003443727,-1.809343534229526,-2.1736840218481337,1.7128627376031498,1.4417713502445377,-0.3656113189940691,-0.7344400000857142,0.7089682397369979,0.08505322082348757,0.2931555559996933,-1.0197365473416686,0.6957074159398469,0.312079553784244,0.730303746639179,0.34513930965405826,0.28601615539704284,-1.8201492150456389,1.1377530422910016,-1.3204577700840827,1.0370752932265712,-0.07280683292011868,-1.6067183342213327,-0.08613257450566396,-1.500234043503258,1.107982511053644,-0.5157374727634082,-1.0411847851742946,0.6608481338784317,-0.04235015603246924,0.5201670887293468,-0.11389685872120985,1.1566532095497886,-0.40151313290290563,-1.5758885285575106,-1.0943038805934107,0.4351880749310681,-0.657796769596215,1.2833859762413429,-1.170679283503695,1.0182204292344588,-0.4330493147383709,1.3075338803175378,0.5056310512531128,0.19250493701867427,0.6644002490290501,1.2266538650824201,-0.05080359788240608,-1.876997526507554,1.2000455531706102,-0.27124473751674977,2.559899259768538,-0.6026916869903975,-0.3807958538356352,0.7444454732331406,0.7615828521273778,0.4226237175671739,-0.559925837513242,-1.1601938689154594,-0.677085423451663,-1.5166579287172552,2.0634455377887395,-1.024623458538768,-0.2940541639195322,0.6924495930442146,0.005221415342270941,-0.5913360168023712,-0.14858950995744283,-0.6085894659501591,-0.2544568596749418,0.3905465704266527,-1.0366873137998296,1.080440696112888,0.07268672728206203,-0.5834879624313636,-0.31563385420893914,1.167450417876661,0.8184087934315182,0.2399715905526778,-0.6004698164031986,0.56824371113879,0.01415947951850353,1.7456690286729868,-0.037544957923991595,1.683817763331205,0.19483095711623527,-1.036845096146613,3.296717537444139,-1.4469585215458134,-1.9767240766805607,-2.0747358221225483,2.739682135421516,2.123990440317852,0.14401170666942645,0.4341420240093177,0.250921497770598,-1.7706561716636915,1.4588275466785003,1.3278599275082155,-1.2310930592657698,0.32568309383772637,-0.07341422739246924,-0.21115898007514328,-0.6790973635694569,-0.1123231172015702,-0.5268458339016268,1.0642412951735265,-0.02764129760354811,-0.6925449561889402,-0.025213046997475976,-0.14129889580556862,-0.1833849837729115,0.6770887603403851,-0.27664090930542495,-0.5710793027684546,-1.360115713423864,-0.00859491539426787,1.2453533120556632,-0.12380952482787257,-0.5017990264337873,-0.7572358488882398,-1.72383445100243,1.1764522011048124,0.48470175022428375,0.7696302903444611,0.251069560976945,-0.8053575966500807,-0.31684321911156244,-0.5005395085832681,-0.4168601707117526,-0.41072888997746465,1.1047763680558182,2.021714986154262,-0.8722740951353968,-0.16920973832562736,0.21678207171360697,-0.9804528959686019,0.052812202494263556,0.3516375673328582,-0.07801128822630118,0.6270286659192188,0.00032872366813150114,-2.8658299342265896,-0.9605035349648755,1.4324072576377531,0.5202820618006929,-2.8511678072466404,-1.5101601780690737,0.7218202312280553,-0.5761545513551488,-2.7022422583615797
GENE0126,-1.323443067675689,-1.4371197108188365,-1.63879176925547,1.5609509655178466,1.8782182004628083,-0.622904822813386,-0.4856954063711564,-1.8954725766269596,0.41270776722344166,0.520105082478144,-0.45852764241592936,0.706253373594852,-1.5911259720182742,0.6860804385999714,0.3253981609903326,-0.6906878558432369,0.4141154672917551,-0.8815874130137338,1.1051109038041915,0.5270516892626117,0.3636426845226114,-0.4623721693028736,0.7751818291196713,1.2037105353950988,1.6068927004822113,-0.5452870705094125,0.8185370524351505,1.3954404905875524,-0.24304406264474712,1.4054286815359291,0.1588646731198175,-1.0186537813026597,-0.7099652740337309,-1.4434144362585513,-0.038905100420539226,-0.16018356623500876,0.18839031490654692,1.3617021199323263,-0.01643330920075887,-0.2671293106425735,-0.19950520536929126,-1.8533495120693815,0.6834652781834198,-0.15079247496042736,0.08033176151922583,-0.20076493852699323,0.12738509982699775,-1.311758544475317,-0.0010805572549957114,-0.6040322904454045,0.03492913375477898,-1.014962413228682,0.47856454040038177,0.02140532153797481,-1.2954792654238505,0.9463355628647137,-0.5143412605706125,-0.3586199493630518,0.79821695357066,1.0733801151386306,-0.46587784477974814,0.11148481715107776,0.6819688604934749,1.263261422331151,0.08867731672515512,0.4717364144754229,-0.9139433523080077,-1.5123032302235344,0.5548979270078646,-0.8069263194902846,-0.9243571318584792,0.6414197688667168,-0.14744890778052236,0.22757028281509753,-1.2832425671459746,-0.9110710862795801,1.6306189801163626,-0.6580058510221363,-0.20329250508088953,0.23736300547130496,-1.0699608578550825,1.3527998456957198,0.0075029744816880765,-0.2364146302786353,1.0681132885028883,0.9117999464107457,1.966990882370666,-0.4370322923294635,2.19327750306061,0.6461402606020927,1.6904034430144184,0.9858039103443025,-0.6419809735454817,-0.8337091559586342,-1.8041227197116072,-2.0105781283618955,-0.6122657653113872,1.267004998622063,-0.4981271602150922,-0.6764278860792328,0.6996362769517311,-0.8615331681829262,1.8405651181061153,-0.2616674882456412,0.9306886339120374,-0.20006740560382155,0.024577142273143403,1.1270858255522334,0.22935042736273703,1.4937943478681257,-0.7832837788003133,-1.2990294830521263,-1.749326282829664,1.2549657286283131,0.9015884492222208,-0.2656379293122753,0.2987553119881882,1.0694432755560228,-0.1902321072394553,-1.7600527801528132,-1.7473053686323792,-1.094666539179358,0.10220450942045464,-0.9416248028469959,1.033487292768359,-1.2735990010357823,-0.6934630283464318,-1.821350209142141,-0.44519171214701,0.007121368815214101,1.0777585841183233,0.11998438383813205,0.7409003258682187,1.0051132244250869,0.39227475487539126,-0.8966117234382827,0.4046040350430019,1.4878043483205123,-0.3149411597827107,0.554650939213158,0.5288338337497608,-0.36897665151337017,0.9373290724340834,-0.3846916248072168,0.45305156626192244,-0.23937394244873753,0.0436279710993578,0.9335733354482981,-1.9469685957382254,0.6169967809590753
GENE0127,2.538153725531438,3.160660405354149,2.875437149839711,-2.8868414258309345,-2.0483199590134373,0.27095659924073434,2.6251394165986133,0.6639641904247354,-0.848314387102404,0.7757951119777513,0.5808885316918493,-1.72686569437961,-0.31588100484938014,-0.142547237861408,0.11808109989878969,-0.031515059180472246,0.14776694946647423,-0.9351449983886685,-0.32512999833242945,-0.2657873368998263,1.1599622074410596,-0.6974991904168614,-0.24448627059796935,-0.3560014137279139,1.587375666946666,0.6651656439423783,-0.9336976911315972,0.3974466575527625,-1.0116208319130646,0.2605732060304859,1.366029827277988,-1.956319821074563,-1.0082137015816448,0.15584301556104116,-0.3960059346683209,0.2139423010789787,-0.08333147487540847,-1.6807878975523232,0.6219809940211398,-1.334828583078318,0.20551907288371393,-0.4545017008435902,2.401070328237232,-0.12088687171277415,0.3509995917697252,0.55396892568194,0.33762153050386134,-0.02668113383841335,-0.9905749882082076,-0.11180928233577364,-1.8658857479785826,0.4875580051653644,2.9204904044206113,0.17669053423017642,0.33950801348700793,-1.5519074381324354,-0.815959761786859,0.8948366881445676,-1.4472793731982214,-0.7279811584459457,0.5678703623375408,0.8091143329550596,-0.10906419583791718,0.12269806874485811,0.12036976627681863,-1.2333694817101266,-0.07333400222239998,0.24189379463840782,-0.08840507423815364,-1.9255620177702029,1.5356460350208718,-1.0933726863471092,0.07212825847578085,0.32179072243667456,-0.4548215505531764,0.2445087890551595,-0.7752694619753632,2.1470984705430554,-0.26050775328163955,0.8990096064679136,-1.0926284944280082,0.7212779118743922,-0.7172063638014581,-1.393146084046777,-1.065083382649938,-0.8479103127088908,0.11145319721527233,2.875789884094662,2.735675704938641,-0.32185213791070033,0.959419586733026,-1.2537770721815429,-2.1040623376104812,0.030585296202751112,0.546289716908982,0.7832561840454081,1.0796981834765567,-0.330445464599729,0.07204143598613004,0.8212387696803878,1.1934684285472081,-0.9071336497623553,0.21067741079213015,0.6495528894502819,0.14755258590743503,-0.6220434744420537,0.003092701675185356,0.5297299040236267,-0.760651829016339,-1.1972388392996314,2.0595428218659446,0.1875297603029304,0.9383503130243317,0.20949624772827988,1.0503174060369804,0.07917846297497264,0.5871134486556414,-1.1095303570559183,-1.7651210852192303,-0.4764778411540553,-1.425793870746916,-2.116981760848309,0.30174768174155014,-1.7693614013366434,0.9494956552807335,1.4411855668059204,-1.4429897287624562,0.2886656165459601,1.8579341453614433,-0.4719794377973724,0.6108464558758292,2.392903508064368,-1.6771488774994348,-1.0192841150098697,0.5640910993814007,2.172438621558828,-0.7112168334479686,2.4357318594418893,0.131956147396246,-1.96725566380081,1.5904816260728583,-0.4636238546099987,0.44852527859203944,-1.659169687533271,-0.7532515846590415,-1.4968719232406782,-1.6029935627107097,0.09803959795341746,0.5667774688155444,-0.5467581480120538
GENE0128,-1.9409587515061568,-1.56069344840075,-2.5210505439456172,1.7628919954383886,2.2881088781806946,1.5584052226061689,0.575349547181206,0.4090293980124951,2.3687164651947503,-0.2747844358000674,2.3836753807382025,1.4238836901560672,-0.29792540895699365,0.8048388411714839,-0.21520086081834872,-1.43639540914514,-0.008039255121611723,-1.4671263296585115,0.23296475174492035,0.8004798391920516,-0.21690649479446159,0.23095745105544835,0.21439164828688503,0.8443495872916004,0.08947552186419196,-0.31472630753852054,0.7989403953983882,0.15855818572933547,-2.135556828532329,-0.35028653939402,-0.5171712769561332,0.14745924039754665,0.039990647464107375,-1.9503589928936267,-1.4917216884536304,-0.9528604968058533,0.06445508322799433,1.0738418279516018,-1.6036437308725953,-0.6721149512375412,-0.04847417771047321,-0.9313989990059521,0.08738031255296189,0.6402749485134016,-0.7568111256825973,0.3275834721774964,-0.11451920329155672,-1.149101952596802,-0.14088162250669609,0.4566659726899563,1.4137430047628436,1.6442437428975856,-0.5676847280756565,-0.6279460814439954,0.04039012677854469,-0.5426969874043752,1.213032502217007,0.10069073885990747,0.05524351057590904,0.6433077805035644,0.159836176173211,0.3052446480541334,0.2631909745697459,-0.14463799478756567,-0.9024383611615057,1.7590220152037213,-0.9057337111173013,1.6542305182799522,0.34144262276440296,-0.6015839795487117,0.5548575935630102,0.785916086903764,1.7182016314186765,-1.315644767820483,-0.14000309873147185,1.3772098071488719,0.7465528516535793,0.4860175071658253,1.4784876511486336,-0.17994065538414408,-2.398034810453,-0.36650780077482936,2.011756445879286,0.2984759569068916,-0.8424305054311236,1.3341294680772102,0.8448629037751898,0.14701175086615675,0.5851320392637632,-1.0172549002237248,-0.3620983942919553,-0.06493122827130599,1.0991722973503169,-0.5487467773601188,-0.025749703749578454,1.4409914934980286,2.52432696755967,-0.8706387270186103,0.13995758970452596,-1.5079529142781543,-0.014500928811820791,-0.29010445031525917,1.2510329684557555,-1.1729056357417236,-1.3099830361559428,1.5209347285857213,-0.6331322097304,0.19743114156823624,0.2950445672486496,-0.7873156222315935,-0.786250951185374,1.126909684703219,0.67707208884533,-0.015687459758462027,-0.13679182482424398,0.31661088485229333,0.38219921192012235,1.2611455222174035,-0.020856111561143437,0.4429807482001637,0.7181787951786809,0.7357751900383704,1.4497195853612284,-0.012588778647906937,-0.5658672319748156,-0.3579630232291837,0.640826684094971,-0.10810134206353603,2.2867976224938507,0.012588933245220358,-0.9549533108150229,0.3227016673129792,1.538812212756033,-0.8157598097246371,-0.8446214651010399,-0.1868153704650658,-0.6459105588325199,-1.3502180969120867,-1.540820838239643,0.2324286038002629,0.7150431070145676,-0.7011642221636102,-0.07051869299831703,0.18496192708549483,-1.1052340683795763,0.858860697014663,0.21190033541756872,0.5244765096507347,0.6799686647978321,2.4257629980549185
GENE0129,-1.7885433828883002,-1.4757328091967068,-1.9340660096774671,2.227625243901601,2.292647855150682,-0.4780865301973929,-0.23188640541701172,-0.21248063518698887,-1.4949782387626431,0.9731986969018226,-2.010657325280877,-0.8490612961262416,-0.4317743279329833,2.1434843878526117,-0.10079716865163538,0.31646249880928584,-0.877489510734938,0.8687290128481986,2.951881228495774,0.4915010796055491,-0.3355045498107592,-2.0317394874755146,0.6936922352576004,-0.9859464729639118,-0.7557760029620287,0.9317107504104423,-0.4736296745194499,-0.09414252420741283,0.7497863441084922,-0.706063863983191,-1.2889575344959205,0.4643035854826244,0.7543503330210294,-0.5775648464288357,-0.6271309945281689,-1.1000953409680636,0.7134909550395123,1.9188980845533383,0.9315450858532519,-0.09118694286731123,0.7164553793160368,-0.8318077936161518,0.3684036250303284,-1.0852670583970272,-0.1221853577687985,1.0756934280298593,0.8120380720416848,0.5684752117493578,0.4162768309522312,-0.7361222943903317,0.14248067306008824,0.783275553112538,-0.24315444871494035,-0.2045818112704244,-0.4702253330854083,-0.2849490926965793,-0.773323345441705,0.024071719656142992,-0.3202756618312719,-1.474245653848466,2.6009423272071777,-1.0374281551427578,-0.1346938671506559,0.061167902617495,-0.5348676170953474,-0.08971782879225479,-0.8185447897918054,0.7271793158035581,-0.02223855383509401,0.7183932583473456,1.4698956716929237,-0.28122874397210224,0.7734489466366704,1.5363451472193685,-0.12346770792446907,0.6910992500686718,-0.46528178375082174,1.1972120351038775,-0.4997982746072958,0.7030633962107434,0.9951178975866359,-1.1789771002104676,-0.6667098917415991,-0.7071805390599533,1.0799328830008623,-1.1753476361514408,0.32568923091146523,0.7264777152506449,0.16938898316541598,1.274733007658071,-1.9245938786319685,0.6079155485728651,-0.18175317352578932,-1.505127877843057,-1.0810978479371895,1.5651014406085924,0.6322213684854999,0.8019079171281337,0.9589644432802982,-1.3568241505532372,0.24572839181969625,1.0984186438710222,-0.40260254702296555,1.3624464238751592,-0.6126065402657834,0.12476119133876987,0.39753402869705673,0.7545984239319935,-0.287736460733591,1.0121121187164135,0.4280144757658992,-1.6387936170798318,1.836572634028904,-0.95786539542868,1.9190005553026819,-0.15768544119221178,-0.34390849218098485,0.39923817625149016,-0.698613253811365,-1.8859152729904813,-0.10930869658077089,0.37505281034510035,1.5377699538871124,-1.1913603509163007,0.5802232496523899,-0.10390013237014918,0.03304173913145254,0.9720448871025391,-0.5114228386536627,0.16752597516224846,1.089937788201805,1.0296003861898777,-1.2202851841396174,-0.6129380027344853,-0.14372636180804266,0.813938574523824,-0.25120281285935886,0.08273792225487876,1.2503091888975149,-0.33865918778936765,1.4731587573144636,-1.6054336663358353,-0.39275143795352224,-1.365144502345953,0.11669856322580324,0.7509916217780057,-0.1612166055924357,-0.47443040864975816,-1.3596195472716661,1.6813349111565896
GENE0130,2.051630695218331,0.7615116336317191,2.37348901990451,-2.2178138880374654,-2.6771573675765943,-0.7102805552766089,-0.8572399555835665,-1.0660281667145108,-0.6934365427720093,2.414950633712375,-1.1498229653074727,-1.4921519573133117,0.2780294675789354,-0.0759663790646399,0.6600409565708283,-0.5540843202239443,-0.8685133873043879,1.6737197674826467,-1.6116895845554704,0.3605988992629755,0.6903029280919347,0.8217021225148194,-0.30338126813725386,-1.2482218897904178,1.4995140293927778,-0.4455442533670452,1.5299979810812656,0.36807394657107784,-0.4839240117725786,0.3934430472833983,1.1508019570579198,0.08208825049054352,-0.7375824425574512,-1.7875529941443247,-0.4242568728972785,0.807640580885491,-1.0103338502364385,0.6811620645961635,0.028199075720235417,0.7454953375768243,-2.339231900406873,-1.4203351327654734,-0.4625983328395942,1.8662730762681676,-0.7542681612914635,-0.12678330663866985,2.15073068849605,0.4286371027612596,0.8596300943629369,-0.642324717499428,1.1789867406346337,1.3313949355150587,0.5015982477225653,-0.08597694162442279,0.5594272545655826,-1.6256858545986492,1.0886339009915547,-0.8491217032005768,-0.2785981935135685,1.3175548705658742,1.0975622504266707,-1.6211277178462484,-0.9473285223137352,0.6401133507918124,-1.7394074657461145,1.4193462322275132,0.11792507680331835,1.4129175737918527,-0.7448868587480999,-0.656171647592537,1.0341529977218715,-0.29637267569760684,-1.2409214848171524,0.5614719778717568,-1.5923727788616056,1.4421342627087936,0.18420844265114247,-0.889656483546141,1.1451880569815647,1.1627853918188706,0.0037324092913725926,2.2754087236928893,2.252344795981425,0.3233486563033481,1.0654061017940906,1.308805224450165,-1.1349234521737372,0.28671626455601884,-0.6818358775564558,-0.8229015570243284,0.12160681456946391,0.19674126045260296,-1.6120096035916003,0.3437152742537163,-0.2509477943413519,1.3979189145917652,1.1627105936059665,-0.8560084859461911,1.3127283711385471,0.5359553424434758,-0.2182809861481987,-0.5121789855063287,-1.1476463988654357,-1.2179978405563514,-1.827128939574133,0.02088172952146569,-2.060054950306531,-0.8665159110088873,0.6568495243296528,1.493264821887517,-1.1484146746365285,0.6096077271513874,-0.3096849162762836,-0.516206131356464,0.15466707007445016,-0.6548463529547736,-0.08417534880653477,0.07093603807778562,1.1605811769046714,1.377495904468828,-0.5985461518916502,-0.269940227621031,0.8042110316696448,-0.18096352391090428,0.7143299024856388,0.9021997058040736,1.0191848538616466,0.08777675152119907,-1.163478928827099,-0.1679160596677682,-0.5072841646663382,0.7771389479869385,1.5254704216932449,1.5536337286320647,0.8855252043009731,-0.9347817066872002,1.403154849034468,0.42652289832243134,-0.8247780263739947,0.8619275535967361,-0.22104868266817745,-1.949534351137355,-0.9802875507378687,-0.06532352227941156,-0.10475954895594994,-1.064953567532012,0.7510727195414566,0.5197665619892278,-1.4357626198939757,2.63338996572831
GENE0131,-2.2542630133505623,-2.216827660085328,-1.9833670821878018,2.8007574641699233,2.0066321668973273,-0.1752892911276536,-0.9217184360492205,0.6145200456752457,-2.8994102006598883,0.5338190112628001,1.2899248509336336,-2.3066722137367695,-0.4040026605932531,-1.6461780437171643,0.013128618177702509,2.2435203729965183,0.22927295412675203,-0.21859654631753653,-2.824373288829641,-1.106122433593503,-0.13301891577435737,0.0931582623472575,0.34311527970609357,0.7680946961831208,-0.9056683356590169,0.040089862110221745,-0.4963074772123244,-0.9383436399325162,-0.8718592203480735,0.5408684452119157,-2.5642269231648243,-1.8550700827230568,3.167190144013333,-0.6645061367695306,1.4688643405962059,-0.06465904405918249,-0.5615731560429537,0.6571982828397226,0.08059288598063183,-0.17907399232725432,-0.043993674302532544,0.3940335049674712,-0.6882074598312597,-0.48186051498714544,-0.9775356934974807,-1.2074556814368047,1.850083344877236,-0.906252341483306,0.9985951094403411,-0.3558290788930478,0.5404761960191353,-0.0019169541299692222,-1.7912793069264543,0.028947520979278874,0.6057249608417221,-0.9549818664438822,2.3217147523124373,0.8121907476688637,0.820969443909761,0.9271716972012574,-2.3340388172889677,0.704864276814403,2.276079017827666,0.7594137742218154,-0.2627954769471024,-1.1153187307459504,-1.2118542487185013,-1.331934917425371,-0.40043120165039753,-1.0681342320041944,-0.1519738338542887,0.2039386894265557,-1.7198428038477005,-0.7650897883929612,-0.5790497264811371,-0.607262235373436,0.017915077827127833,0.12478226339264413,-0.4242912796324582,-0.6724595311842119,-0.02061352592390042,1.4422966481699737,-1.4554559368513527,1.1316858302507236,-1.6336642947203286,0.3618339101777725,1.049612794970177,-1.3235043526342511,0.350760358110139,-1.0462495298810175,1.170315725601516,-1.600081471014645,-0.8924730851638318,0.13137983491836477,0.7114737873829802,0.09271690243886915,0.49514064846765027,-0.5492166407779563,-1.0911065660968535,1.4646126836464202,0.4987648534898779,-0.4877349955728979,-1.6537523350828152,1.223173117718746,1.2643543655031328,-0.21746445303636536,-0.660612791367439,-0.25929636872599593,-0.2107875245785709,0.7695369144946985,-1.137859635100625,-0.5836045631035177,-0.18366840415521798,0.2583906110004671,0.8663791234753557,0.310980567993401,1.7521044461853779,-0.9915465858092688,1.4616356882140775,-0.9538748722322484,-0.39530341555931936,0.38722306791821093,1.177870082842069,-0.39365447841166196,0.39251491808002564,-0.31562378300665983,-2.2955650441516853,-0.03843581734672485,-1.241529374368818,1.2714890648841282,1.2784062939240168,-0.8359976884415627,-0.9896952395176519,-0.6289804092048148,0.5323947223602453,0.5363612026353547,3.408050705845994,-0.30867957190051903,0.09136966439671572,1.931733004669761,0.2863411877133191,-1.088075672714367,0.34196597992327854,0.7048153128918327,-0.3416952121919562,0.7952796573157087,0.7062900561002204,-0.4584450688214202,1.5517029929977706,-0.7835793053616179
GENE0132,1.4970868057706554,1.6256453974976472,1.14298768525439,-1.4175877083878217,-1.941804164571279,-0.05384107306194828,-1.4934250598806327,0.2220580585267834,-0.8186828751613636,1.0537921573368656,-0.22863441646288882,-1.7725623420533865,0.5085239849292551,0.2088776424503408,-0.299878327616624,-1.0388026463178595,1.7891373967611799,-0.45190853190720215,0.8970981713963961,-0.4632618931990147,0.6808242091727538,0.05345216576063642,0.02801479195690148,-0.8264737179404995,0.5281444082270119,1.405123588075272,-1.034379382162932,-0.8322834266436067,2.944579624053463,-1.0016018406867915,-0.5545770178178621,1.3837003872294342,1.4138259911137887,-2.4280830770610407,0.7654259139507126,-0.19500476490089885,-0.1493549210304904,1.1651235834075448,-0.34817592777237977,-0.511950364132987,-0.3215327579442687,-0.3491026562396311,0.3473570132568793,1.3233299263440124,0.427551801109357,-0.01286438196665133,0.5463887643092598,0.7801961311995445,0.5780103551552566,-0.6673049378769047,0.42460450844599607,-2.1195518356393817,1.5339214444906837,1.5310812266172202,0.8894010298444365,1.2459344583103642,-0.07416201288608566,-0.7504865750365622,-1.2539027591240839,1.0081375994095685,-0.7506149240081764,-0.37376214996776835,0.22413810153903438,-0.03746988941503044,0.26477278299039114,-1.8081173204200738,-0.23349635122676596,0.8241633168494836,-0.43181730966359355,-0.8621634159040397,0.9547947998150143,-0.42425171461208533,0.18448888360197918,-0.2104438844397439,-0.00043362841861018024,1.5296102941645908,0.5719357696010684,-1.221785011464673,-0.3720822077368768,-0.4126128425368305,0.21637148617916466,0.9087833297801328,0.03183755908554016,0.002461785463031483,-2.2315542203893663,1.3240448141621386,-0.16786706198111284,0.25864116920232705,0.25627962729143833,-0.7692285984720855,-0.2439077424589,-0.77709315346917,1.3833297485483524,-2.2238530623712354,-0.9533234567365458,-0.322069824853645,1.4974957159134523,0.7078163206381513,-1.6380402869428872,-0.11550943112516086,0.7213310082617503,2.226903139247802,-0.3397478621808091,-1.1844380678030872,0.32236826902943033,-0.04328560487960969,0.46330867118861435,0.6904749348373335,0.3199316921378321,0.5281967236673127,1.6356849863616734,-0.2910584302873996,-1.224430902208791,0.31397575048414034,-1.2813330301857804,-1.1215917527347823,-0.8221001888480155,-1.2507407008750524,1.1685650420088254,0.04891109801747072,0.7067888371939568,0.5102643849253244,-0.20995053178224082,0.9605038550767908,-0.4825680087110775,-0.16796274132646088,-0.7078411857552442,1.4003058073742787,-0.10713520827973697,0.5980277403306284,-0.5814616429655602,0.8470195771454558,0.7728030900982756,-1.6254796836283474,0.004125093716180475,0.11690053329630949,-0.2997213946110118,1.3847103342804297,-1.2172471224257115,-0.4482826864121744,-0.8493378480651751,1.0299214770121665,-1.0286139207653675,-1.8325822656977986,0.4313851184005227,-0.13917179601910046,1.040349620673238,0.8123433957204345,-0.04248315886883168,-1.4431782691335713
GENE0133,1.9052639030587901,1.9273772769557467,1.6256901331394014,-1.9321150908928921,-1.5195808082343247,0.17356417550563577,1.8983007103623,0.5808673594217597,0.07133711502838612,-1.5647967808746726,0.026211546301595424,0.8818414917946646,0.39083930818940676,-1.047861005649387,-0.3764495462407827,0.07337293133466874,-0.4081128456889421,-0.6171059308711718,-2.1472017930564586,-0.768181231336283,0.25114235331670126,0.8751159565444877,0.07615901024625008,1.0594488394260166,-0.0785693474887933,-0.877727335322902,-0.47400925790323173,0.49901369211312363,-0.268081108885498,-0.6424973548592735,-1.5575389048162822,-0.8931757809925622,-0.3970794402094839,-0.5813064019537125,-0.9745993055540371,1.557376998764244,0.6004009492911057,2.1921357102521886,-1.605207117877063,0.3131437255376883,-0.43460890905432703,0.019653001848540623,1.8507736460120157,-1.7394928664515845,-0.5727141635652003,-0.7481288786064559,-0.5700439924170096,-2.1106808475884145,1.2853701610377257,1.3250960561048197,0.5818812995760403,-1.3383765348357681,0.27764132753442305,0.865985332962196,0.3883821769051948,-0.04936066670984474,1.4105803987732242,-0.7091398766342952,-0.16883219817952008,0.6256003295579746,0.31784095752490377,0.5599642402758171,0.5335366393000435,0.5248666105286669,-0.36481840567903223,-0.6975055376442856,0.13713878637758647,1.5111887071014398,-0.024860702277161358,0.5993984109262183,0.1124373261121793,2.033725188216292,-0.13791604105950458,0.6028369859445081,-0.7188889862114795,-1.120439970124733,-0.006901727599153482,1.1810979272050781,0.6335889411275479,-2.0864004336303914,0.7328592825468382,-1.5313504028128033,0.8399921663703858,0.5444097308576138,-0.14980544584183836,0.7272526063920683,-0.26413299751087016,0.14936369615132886,-1.438230413137147,-0.2561992803311974,0.9238625711591292,-1.3311593184926405,0.8186236834904836,-2.0187197232791982,-1.18959583783011,-0.31478685328559447,0.15358500003462883,-0.5727126798313026,-0.6000071384546486,1.1071603794356628,1.1886901750625483,-0.42439523180951105,-0.3941123750491345,-0.2870543011179178,2.21774535654848,0.016962149554998737,1.5710166564483963,0.7320172648970423,-0.10486523106102547,-0.6473876570865835,0.7791897214109057,-0.7861306361826071,-0.38651304521391355,0.6588419843714824,-0.24058461846072685,-0.39495274806257097,-0.30794405632504207,-0.6867030049898435,0.44946465197448005,0.03624572732326078,-1.3561720611949675,-0.4874668254589845,-0.36704139608245534,-0.37404412439466284,0.5990917671149544,-0.7021934948906061,2.7038751925892255,1.385555582216974,1.380736412639098,-1.0336988128072997,-2.0305766118258752,-0.3390693946152719,0.29352587261165525,-0.16195879131002258,-0.529823015525806,-1.7409878956035099,-0.6721412733897842,-0.24308016897727405,-0.4953671777646991,-0.5010588804930958,-0.7982871671857356,1.654858434987831,0.7084473049486499,0.9560099376296091,0.2727721410045393,-1.3350978462177538,0.7384312046880726,1.348222567056998,1.4940589166473897,0.6236384220340094
GENE0134,-1.9960737016465862,-1.9782420484814947,-2.0287040876702958,1.3621988909320193,1.486185339682422,-0.4856854436871016,2.209466789802954,-0.30049738935540643,0.19453705809943997,0.14471957467845872,-0.6921374476344834,0.45730209961325197,0.3420902462709844,1.0228048345882408,0.720447443255888,0.18714741971803342,-0.8187800660743506,-0.7897155821024897,1.657010733925431,0.08714659375793643,2.0765591822949307,-0.8182586786761233,2.1938109639419716,-0.9435133686439552,-0.43838577468587037,0.44214367920896724,0.9975385929663236,0.6780799393850981,-1.9131109389806655,-0.572403645531329,-1.1455232195037977,-1.3813128343946004,-0.01623227748081371,-2.1115717682134347,0.9999070671650587,0.7447893122340409,1.6194097838938561,-1.0666453450909712,-0.9682440303015647,1.052163681281408,1.1277934571837898,1.3486576375929775,1.154162780421457,0.21914533865734734,-0.4600643894655564,0.7349989987664513,-0.44185108950097624,0.10528354744163662,-0.3817802326421663,0.26663261246274955,1.2420668589648343,-0.3494492331373076,-0.5013837093931583,-0.10613605837241423,-1.1789799438104607,0.6641204834678983,0.11651890357079941,-0.03538879411054802,0.3286526124078189,-1.4739519250185793,1.400652448813693,-0.5196484051285446,-0.3747569689664438,0.8650372719866001,0.6112334183053157,1.9988627933509382,-0.9651731048048171,-0.9376487423327777,-1.1958693746230586,0.13352250825536127,-0.27057942895951476,-0.6952984573125116,-0.06567292439635014,-1.0321420999568447,1.545954432072925,-0.6992319757377646,-0.5711446737074408,-2.3869000412569576,-1.6455140326145554,-0.5880412461492505,-0.3054953142666428,0.7193810383730597,-1.4956041779407176,0.4521707472913795,0.6241865858040871,0.676946124385601,1.0356597806266927,-1.1619200955385505,0.5412311540108008,1.7651609012393776,1.4002698155131248,1.8919557118026367,0.2410031643257942,-0.5918526868981545,-2.530405088595326,-1.2427378832094915,-0.5254009747377487,-0.3451151409295554,-0.7917531571705695,0.3395709268027178,0.19480989797762438,0.04095290967621846,0.7852936070350481,-0.4696354882689994,1.0959894562453656,-1.2037853261956195,-0.30357995193639475,0.3185427636639564,-1.9186761655227416,-0.5038754402029701,0.7117486399752095,-0.4273416121837854,-1.8226127032356025,-0.8873425077133807,-1.3451193311100536,0.49620389903074363,0.11728724123517927,-1.5614602772137092,-1.6379682253332581,-0.7248566756938344,0.031291483610775904,-0.671867261992875,0.3502265430547991,0.31557239886041755,0.5323037768383855,-1.4133339664027331,-0.27581983195813325,1.0754327173023768,-0.6718645076195995,-0.8135513073093346,-0.48832767680027656,-0.5134109244564404,0.12147311217226026,-0.5815222787187041,-2.0198088751700762,1.1853146765987381,0.5064209447780279,0.14908184178491468,-0.09417253955545139,-0.3227058998684365,-0.7999666467484103,-1.8775833652979093,1.6274389692279618,0.020893607149565625,-1.6111077573600283,-1.026153516920301,0.3044805090237054,0.2845316663412878,-0.7475070624641847,-1.077868092936311
GENE0135,1.337112393868964,2.0111925065641154,1.9058481322623917,-2.426236568870348,-2.693467384731394,-0.45068495113308804,0.25284825123092497,1.5982875604840379,-1.0672884134027065,-0.6246906322107701,-0.5394041144390472,-1.6745800318304551,-0.2614990216374043,1.1633915627249158,0.84555436145622,1.182272450659539,-0.6338013961460311,-1.1291819358805553,2.256050870676975,0.21477271849184867,-1.6123747040309508,2.5603954846995793,-0.08997996133865264,-2.9473662684402178,1.4545288689773865,-2.3103660883022696,0.2884164713787953,0.8424447008310508,0.6813937801101121,1.5560894868111015,1.017126792105105,1.8566360566350362,-0.09298728302425228,-0.41361550552956816,-0.3466525739117052,1.3736475717009295,-0.6393787834823357,0.8474042084925388,-0.8599049331774803,-0.8418218031902239,1.1842845970325626,0.4366658501624984,-2.1596417656784386,-0.8538150667118378,-2.5708548950331225,-0.3755282598020564,-0.2734258196126437,-0.4740411404377241,1.2064926184712497,0.41305403178613803,2.4658511788338564,0.534118811938557,0.5525232328664614,0.2719941245413601,-0.26901332884820794,-0.6496488659795991,-0.23498348204406258,-0.1890782078648715,-0.09420858348949422,0.6359871413654583,0.3000735046672947,-0.5169282608621684,-0.738144068839076,0.22427828109070927,-0.9267390378003573,-0.4268805676707039,-0.5313454903849577,2.4260467839819433,-1.2741790157830006,-0.7926367439472988,-0.5555767668782052,-0.4519678481932752,0.9998089836291046,-0.2543879071029957,-1.3241970607411517,1.4309140809977245,0.263639000841129,0.4205235612836212,0.6508368368858828,-1.2320412667608316,-0.006880933000533404,0.8212477942767271,-0.6402697053364846,0.30666064011898936,0.5435185493640222,-1.4599560846477098,-1.032446589776108,-2.2847766357465473,0.2267338018512025,1.8849697124153164,-0.6921831005163138,-0.19268745421445066,1.0133234549197176,0.2658756455315677,-0.9736901794418419,1.526307586900495,0.19732424223386374,-0.2322156326447411,-0.14944257774083314,0.5908688904778764,-0.6133865042135246,1.5716207904882062,1.2586333405031742,0.008479777436482074,0.06160938637731035,-0.8460417197294041,-0.6373394013771815,-1.1353963408262207,-0.20407453278885793,0.062343519956018,-1.5900777401244082,0.6889118217969987,-0.8708827208669946,0.4118117237279797,0.8072502021401189,1.3070539078034213,1.0970534224750779,1.656642406436628,0.8154893322996768,0.16772404963795876,-0.47267389793993014,-0.11943788263706824,1.629461848665075,-0.19784127376865898,-0.00514452773822704,1.4762230044946576,-0.23332212603649682,-0.7948053454859894,1.1331854140725077,-0.8275086725243231,0.4038173938478745,0.22882935917896907,0.31573956357079386,-2.419756416236269,0.7804667886468013,-0.05949496648047176,0.6162829123272068,0.5007933512270392,0.31593100782932415,-0.39717987743452765,-0.38614202373853346,-0.05429371752190458,0.1714731904476285,-0.4240004902682071,0.9429364077572585,-0.3278430410499731,-0.9798512387665809,0.5952355459830837,1.8811635073371178,-1.1675520952169836
GENE0136,1.3698951329457258,0.9984330014750062,1.6736902591900233,-1.7559633726421389,-1.3961264752752016,-2.6580023855695467,0.2578523829182443,0.3734826502971333,1.1258393017292299,-0.7509676978032308,1.68281957242436,-0.31044586524096723,-0.4826373711344015,-0.7207662465484796,1.0463286156962754,-1.0959924344178027,0.6319264122951593,-0.8075658147271331,-0.04415809479126799,-1.5246540564912776,0.7853767093802351,-0.15004027240982856,0.5574302874712542,-0.17891899578689366,0.5277479093914943,-0.04610952694782359,0.7406390488585125,0.5337861409200408,0.19624237893849572,-0.9001463811938956,-0.4373908888517595,-0.7722125753385581,1.4286946164732075,0.780358849196099,0.0377482591988032,-0.562149729099303,-0.78977125441499,0.1224751610484041,1.8432095870626992,0.005930498097845524,1.2019202529988124,0.27566345673451825,0.5625741703648524,-0.47591730666017984,-0.19706750261046374,-0.830805904848733,0.30458367308015605,-0.24342275255394902,0.3598855665660685,-0.9852098786207614,0.4557276144960468,0.168902892429114,0.1368696179417854,0.3893757998748603,-0.2376008824036259,3.8067173661195937,0.4684457328788059,0.10511197712037275,0.7419742028318573,-0.5212596926497903,-0.5543706661827079,0.8003686802923236,0.8891430275673704,1.1917511255579984,-1.4251690613784223,-0.12638905361647146,0.3296308281952898,0.720314425174431,0.5265829791630156,-0.8510776176758198,0.5147568977638253,0.32123547589442286,0.3185152887806779,-1.0964416439410125,-0.9344656698352467,1.8122306622123627,0.9861125414364632,-0.062970050277336,-0.045888150742652664,2.222831914851334,0.04533351766186557,-0.11679009123297983,-0.7934086510328179,-0.23366419780537248,-1.6828436951840477,0.5207929984500359,1.2592589968430505,1.270398150637164,-0.702458532323886,-2.29468788163448,0.3392747115045034,1.3187063497149698,-1.6041389422076309,-0.37360463790956844,0.35741462029241006,-0.8410618540027395,-1.7281573196025548,-0.7437129977866034,-0.5690853304803436,-1.8861613427703794,1.0715439701706324,1.5539154154555064,0.029556860753027256,0.729487155906694,-1.4791891985809522,-0.1415782866854496,-0.5789045384003241,0.4115573988265126,-2.6980151998720716,-0.30407049450980767,0.6284007960474711,0.23819751895098848,0.7829069949032201,-0.598375581770551,-2.8233179523676903,1.0988844279922962,0.7591461765311076,1.5687572352524275,0.07425641868632615,0.4162391740148056,2.3292477031701004,-1.8510105009183744,0.44470396222799174,1.2177396036443755,0.21258171274776771,0.06630707912943543,-1.4835722481992117,1.4672231497130366,1.0689401661654243,1.2825589396649273,-0.021553860750971165,-0.32072956310004025,-0.006705839785366929,1.6993226904255312,-0.26030777712080566,1.48194287919213,-0.147097984104485,-0.857257981957913,-2.0772440441176037,0.574130050867025,0.7681221192147674,-1.1505349706993067,1.4768633383636696,-1.381376776232157,0.7084381994142844,0.7574823144502231,1.0731648175979622,-1.9707975152931905,1.0668726901990064,-0.14484224569553084
GENE0137,2.172588087234839,2.1062068667005263,1.9674979852525343,-1.213416758858987,-1.4475502769052948,1.1992125415975634,0.47498907718038735,0.18175230782212465,-0.9856702214002299,0.4388416508920292,1.2189321316067163,2.3179329296432325,-0.35418689500982214,0.8770861786505075,1.8548815801328788,-1.448693866664951,1.7991285085238564,0.20064358687201592,0.07486429894211466,-0.5417287860767501,-0.3638946006086468,-0.7450122020091959,-0.9530240434724605,0.4496225044284339,1.1126874376155074,-1.0477462850493768,-0.6951676553164858,0.2563449776515816,-1.1145006033325158,0.24413004083393114,-0.26968914130564314,-1.6379459055542478,0.4716304120078518,-0.5610195769455976,1.0250485095005544,-0.19549581392144594,-0.7113105088048456,-0.03324474005486299,1.241970764915101,1.8418225272751392,0.5930711132280979,-0.589031650398693,0.03260698276809068,-0.09841730370816769,-0.1502401888175545,-0.2543900306421997,-0.9654273428698082,0.9756188423425718,0.8607798304457065,0.023162585640135434,1.2587476574216843,0.5910505791592214,-1.116434681827791,-0.35440498334042336,1.4803707499856724,-0.3606478574917862,-0.6933300023137564,0.7224091679624486,-0.2802174123142433,0.560784869127428,-0.03611607551891809,-0.7966556097979897,-0.6931119574583672,-1.6857491774960969,-1.1051825582596264,0.6283783803912162,1.205770384043141,-0.6104262486684379,-1.3749829590853453,1.1378373302646378,1.1674280740407892,0.7229587562584417,-1.4509317840801823,0.5151195291091405,0.5515788667318559,0.9005758955652866,0.15098902520849833,-0.7501750339834308,-0.40454163694871526,1.177052936907225,0.37954230135216616,-1.308056963400935,1.7064673571301374,1.1555472628682162,1.6624986628269725,1.1343123839122942,-0.9283978115738216,0.33000495167014887,0.6034942010640987,-1.3443040062242781,-1.1723863657853573,0.7433982336448763,0.8226882962396292,2.3682190292639884,-0.2603865991125219,-1.6829453330053552,-0.15113257809898908,0.8434598963086195,-0.36409871988493897,0.1017457917223192,-0.6420977684879863,1.1930951558165848,0.7446155823530636,-0.8200745383419062,-0.5219255788528742,-0.679491937832169,-1.8596215538011787,-0.7619833021261706,-1.772863024428604,0.9335796218348111,1.0128751316555278,-0.2987892731725994,0.20469585913677396,1.0709996607916195,0.7837820407584202,2.004698609344382,0.25941246073775687,1.452635333476702,0.09511996898559305,-0.1194984581539616,0.6786840648175321,0.5521532131732327,-0.607921725918519,-0.8240311159254023,0.07477557858347839,-1.8900707404653267,-0.30753037871179045,-0.9823385209537272,-0.5763462617337513,-0.7787326492597042,0.7679089673716136,0.44667962805067185,0.05295252471004327,-0.38337637429407084,1.0346983424780327,0.9006485975134297,-0.1111413251951515,1.3547467456518398,-0.18954314762500785,0.20470252423791846,-0.5742186202068906,-0.39321023278252254,-0.6270165247163441,0.6875918566492015,0.37621949712225244,-1.0527387146712468,0.5664490504243518,1.7929510562154198,-0.6600760334433915,-0.7172585625800516
GENE0138,2.834505765932449,2.206414044222229,2.4144169700047184,-2.2109618066024757,-2.0980954011353288,0.1880485663434207,-1.7012600695328595,-0.936146950463015,-0.2134009278984776,0.2701941212793142,1.2407319772736758,-0.6993293103686408,0.42064391124468936,-1.3391070824234175,1.0098534940790427,1.3103823016194398,1.037524842395457,1.036064430399516,-0.09138355732989936,0.2767121246944584,-0.09697999989447041,-0.045508673370260426,-0.7436630983495965,0.2816685698427734,0.417800337439622,0.9852976686977338,0.392117915554187,0.8810793262529909,-0.7442747098740682,1.4234379234442338,-0.24125311871540903,-2.0487540284471115,-0.3894901037506373,0.5766803472442661,0.08220433631370518,-1.9420122465327243,0.2151564208915537,0.12673148563790018,-0.9714339279224332,0.564514442494071,-0.13382935168049312,-1.9510815662936234,0.6950751080610457,0.17481734991455514,1.513559210992294,-0.8649459744745971,-0.2330426630219333,1.0659934359656962,-0.9156209051196368,1.0307494163525688,1.0568296091987137,0.31378037316111457,-0.1651288141675722,-0.6472868124331714,-0.721082716712601,0.3108307240138969,-2.8774620334201506,-0.5570564628912819,-0.6949640767214214,-0.988042262250959,0.1857107904158947,-1.4697894926351487,1.2028723612267171,0.9135805762143632,1.3595481664914555,-0.5272261106046283,0.2077997827576764,0.8231710105585494,-0.13080610876552373,-0.5666049539441838,0.11967904986594737,-0.205023466771399,-1.070681609193382,-2.3803802241468044,-0.923559320681498,-2.3596116016658097,-0.8699889808563954,1.419062512392482,-1.8485162198537257,0.44889978614753057,1.2226891787626726,-1.5726688480083009,1.7943292040583583,-0.07647062184746294,1.3581526911483353,0.2708421114958986,-0.46065313802770413,-2.9074368790206333,-1.1148024867471467,0.6797501924429028,1.5372832973619506,-1.4046529172800495,-0.05966649781699161,-0.4459930579434315,0.41781564850595193,0.08836801975427087,-0.3716803386714791,0.6391083254981511,-0.6915304090883179,0.011240233861028608,0.770106578353353,-0.7263688127204645,-0.3589550393492094,-0.5580191754917718,0.4521693765582542,0.34955765418418955,-0.5181445207143796,0.3408727472117895,-2.8120642732645935,0.8352724079086473,0.8957012998512331,-0.5063811799298801,-0.7053168659710661,-0.05752351015304711,-0.9100717563689603,-0.7546549668889936,0.307852774423666,0.8090612209649455,0.31787156782644804,2.8863288812175214,1.2485874792165037,0.7353755549544853,0.6991883786529121,0.08675888582924589,0.504653440534112,0.19759538225999923,1.0508385454367086,-0.2791394381123184,-0.3325791068855909,1.178068240281266,-0.45999075209164175,-0.944928697312802,-0.7481294701478486,0.7486170320494442,2.6718858734933053,-0.8876909928490474,0.6451486413971713,0.15377618022069323,1.1281889946098111,0.6363793285423056,1.1901891224134347,0.2921356971966038,-0.8347739864259969,-0.680014768218883,0.21198059631934188,0.46708274150919193,-0.3842111695953622,2.015059575832491,0.9412219317146497,-2.083906529208803
GENE0139,0.5779866304894102,1.135843518516628,0.5586709014330334,-0.28585818706344873,-0.7188648677585882,0.1233243976285878,0.813907117439669,0.3227610568764579,2.0693246878060867,0.9179304668533151,-1.8380930529192674,1.404216161675138,0.20315333060565888,1.4059133875296714,-0.317079334759079,-1.0623296815748147,-1.2513770301250424,1.0613960432687646,0.7971783484083358,-0.5919475625676713,-2.6700999790333615,1.0996748093942164,-2.0375240930224034,2.1739111516855587,-1.445414246976224,0.014076821331431039,0.23001673775495812,0.36485122092911765,0.32428362482254725,0.13043955865550175,-0.43407387903562705,-0.22344727593936864,-0.6518187151163334,0.11587674255328372,-1.7538854067587886,0.3154615322724144,-0.0986719333870818,0.8414324167727243,-0.30366427436997073,0.6022284349488773,0.5520252364909931,-0.13906514848428447,0.3528823147861195,-1.3426662632518216,1.3415654819809009,-0.545546172593574,-0.1783156809008798,-1.052834870654465,-0.7682116911426369,1.6435381994090106,0.13789015557837458,-0.29678443774118357,-0.3023552513126442,0.0019788180076371056,0.7224577375295662,0.19383853715483967,0.21519489017089477,-0.9231729152630268,-0.2937990753099973,0.1565204679684785,-0.031190836306037924,-0.41587441739690867,-0.5075045619643784,0.4355644754036715,0.4601971650151179,0.9894126569827697,0.19578382232160313,-2.076214683266343,2.3582909408661386,-0.008801490904678251,-0.4100226416643925,-0.05816069650308416,-0.39609403795107484,-0.8187041034273156,0.6145533722417159,-0.1485462821404375,-0.08943949036055167,-2.50280747593477,-0.22648822002917873,-1.0766083537430295,-0.5224364519576513,0.2362800939530502,-0.6135114919120409,-0.47554158539872265,0.09657718195083985,-0.5065133960964893,-1.0553130297365483,-1.7215056469395473,0.3365757840157911,-0.5165045943795326,-1.6655210507202076,1.2456625424390397,0.3380254972504945,-1.1879505285757208,-0.7046361959596328,1.0464119671796868,-0.17542844851469763,-0.4183702760697038,0.7506751545019497,-0.16781688434476486,1.229670326389756,-0.41270024169995817,-0.5703693148191389,0.016591919364427866,0.9646774583640515,0.249513149378733,0.10354514082690147,-0.8073865227361522,-0.9543162411489825,0.9657757371220537,1.0708423528589326,1.0385951156815743,0.7910505554403641,0.4465167667113189,0.43120955683497164,0.13359324356525704,0.5620721671812241,-0.04169063232594463,0.5592710027474893,0.9175598104530225,-1.2577629585617285,1.096313912250664,-0.05781160271659436,1.4581998588132654,1.2704661940864688,-1.0307519675102705,0.000634852884015299,-1.865833599127323,-0.3860769810302055,0.3557396076228804,0.8469543083355965,0.06923611962887509,0.4427595803888087,-0.7024374010425293,-0.019019309588873334,-0.590158405786928,0.28255844048583967,1.389727882485203,-0.056936711348061296,-1.3710951862360874,0.19627625742978883,0.7054357467408582,-0.9180264422595715,1.2418411551582156,-0.5963393477491515,-0.760235216803198,-1.7806202871464176,0.26879942587475,1.8159915194793805,0.3667500419522634
GENE0140,1.402820149406888,1.9954385334531914,1.9395485439474922,-1.460221990777138,-1.457292397203075,1.5530597700421156,0.21344607598919835,1.7531945585119801,0.15558821386487437,0.5767630368056954,-0.9486279287838232,0.9848406649977343,-1.0769129773961408,0.26877864198349144,-0.43053977589764114,-0.08810488022517711,1.0852247735677778,-0.35502251006283186,1.1056749878972751,-0.4069634474011361,0.13090599015536716,2.149817020802585,0.12172199094026374,-0.07586309299336713,0.13994739132384915,-0.33024952232940086,-1.0013555776051477,2.0591481927525077,-0.4063242279690111,-1.522477652210444,-0.15540640930584368,0.3568733133178915,-0.2077956041721919,-0.04874409808453292,-0.16390291002517046,0.425536792696028,0.8189778579346002,-0.19246400347209391,2.5896463483355454,1.0408916439114408,-0.0054566218131444615,-1.3184346311646222,0.11427265992868325,0.8138856487128693,0.8215501731802358,-1.8526603239723536,0.11536157613322785,-0.480586695911231,1.4971961687651463,0.12367927119511847,-2.2842093092862674,0.36832699865464447,-1.9498812423425667,0.45011584091519835,2.587198242838767,1.360346155050598,0.25882789337202083,-0.6594603785245904,1.2741652805932968,0.6358903997329355,-0.2668405418206366,-0.5387596254909608,-0.9067389633036362,0.3746839514291556,-0.41676327722166,0.16784783607778286,0.9277678910381758,-0.441708370811123,0.6450997762008317,1.2223292055524015,0.3951806195733558,0.6995666148515437,0.40263949781801217,0.016262034689114302,0.8371383377181192,1.6092141446339991,0.854991407222731,-0.19361945169410327,-0.1674626849310439,-0.13005613643714392,0.9474275723138452,-0.5262396743670368,-1.024371863687437,0.4689233958878529,0.021642961342174444,1.481316515058742,-2.256643046318989,0.20808486425573608,-0.4037273326619602,0.810279120301311,-0.27999306880781855,-0.5760504607606073,0.9358800728775721,1.278986415660654,-0.09768069646121723,-0.07849940549693891,1.2705806052553272,1.1588421569987246,1.0314256876441483,-0.402730878913721,-0.6584686519354378,1.636643724807389,0.6097107556367111,-0.7414781797460644,-0.1063579974297973,0.08497206159438697,-0.10564588080167885,-0.29225802554012503,1.2306017792654174,0.5284041345903148,2.253311936862172,1.285383856524289,0.13631158716211073,1.417107090895097,0.3528265977941008,2.4182918205309725,-0.31494351049356656,0.4530449171210191,-0.6007041353006921,-0.38106275316101756,-0.3413943742470701,1.2362367061087687,0.20803199688177396,-2.4589556197256996,0.09365887721495852,-0.973884186117414,-0.44066917327288757,1.150624009712789,-1.3434584479408478,-1.2281537044314965,-1.6604713298033742,-0.38742260011959745,-1.689606820338274,-1.6057171781206176,-0.22979917405279157,0.31371057996141216,-0.9111255231923776,0.3611053582364322,0.11067160963075891,0.5401520723509761,-1.0406614386642201,1.9839537876147846,-1.1393479741684913,-0.6254094347326481,0.5149744922304267,0.11780806738790763,0.8469188921878276,-0.30991401524691997,-1.2267989859396826,-1.525060470683866
GENE0141,-1.8312851481412704,-1.9075851986292305,-1.4981657604517906,1.7540840719563249,1.4650746777893435,0.02424177251554789,-1.032549035304391,-1.3123094719895705,1.8897768880133123,1.903634270566796,1.0210457067927523,0.9875130504844618,0.7543684220404183,-0.7392974363605449,0.29072874896373796,-0.5037804489447905,-2.589752194657605,1.1192696739847967,0.5546500584893489,-1.3172192749651421,-0.360287588613359,1.0521903877600354,0.13194024092515289,-1.6987793078475364,-1.2131878367886395,1.8572841881277753,0.06586025649579998,1.0585165903487896,1.8383385026292238,-0.4588556081882441,0.3520515109518273,-1.966638932713355,-0.6070594848347454,0.5757492183166991,-0.19208523584304732,0.45188024151488304,0.9298770958468389,0.5602598613329849,0.33082272529863804,0.19086030765253428,-0.5682055742081584,-0.9237022554878763,1.355614377373964,0.7924135352849436,-0.789141819804924,0.06409320282321493,-1.3918927300953639,-0.4778938340167973,0.5357031545742523,0.26020378937641425,0.11577424605554125,-0.8836169076746739,-1.0864501741488903,0.9499854173875839,1.6936067070365732,0.5499603250880295,-0.17230071610603706,1.2250333617792413,-0.8421577093770197,1.0530622397556881,-0.5966192987962037,-0.5475195874063795,-0.3327915862238279,-0.10119351726761724,0.9149382248769038,-1.3043317489119686,-0.6044129087470321,0.20964938347225226,0.5578252572498902,-1.7048435803359037,-0.7904004827281953,-1.74872604505755,-0.6994597225390521,-0.4373366073852139,0.5027512306645171,-2.290981438374425,0.6532686037086156,-0.5093569361233815,-0.3408989269883307,0.9712955987921812,1.3448881020389312,-0.655115576454404,-0.6618550943636917,-0.35422229778063513,-0.6667797978713114,-1.4350901278477843,-0.0314218999039425,-0.659978731673013,0.09785615371914815,1.708691538093944,-0.1056496404649442,-0.7557030035596204,-0.27222338423095116,0.12869040231616133,-0.16546367642398113,-0.5628291493608575,-1.6567384541445032,0.6336679412485579,-0.893232783526692,1.4624762163941751,-0.36893259097403047,-0.5165189338756034,-0.4714913004787184,0.15019083715519255,-0.8664215698823531,-0.6751966693136414,0.6223557982088727,-1.01771636049522,0.5482277197510133,0.8274640850213348,0.6676398755133396,0.23362537365415853,-1.804172654594719,-1.210715799577454,-1.355375884325145,-0.37837757472725114,0.031241122977947525,-1.1910818316848417,-0.17267733702932922,0.6842044071306663,-0.9987259287436792,-0.8184576733140416,1.1809594988541983,-0.9273002149251984,0.3422751414605762,1.2392553294634996,-1.181494255571218,-1.1066820248250582,-0.2314810695710949,0.06760029623244934,-0.641604951056615,1.9712825395142675,0.5386265831632292,-0.8043122644488854,-1.3660079161702607,-0.06300255095660524,0.43883830193446804,1.8404545212578993,0.07581476765732446,-0.24288896282605701,-0.9765724788143244,0.3703826380050328,1.0166918628504908,-1.7873665750664478,0.07469128423228319,-1.0201493809567364,-1.357556946455415,1.6939846337775444,0.8872964225375415,-0.606222548585636
GENE0142,-2.395418411461918,-2.3839902200493084,-2.0138198364897755,2.54484169650327,2.0229983565714456,-0.5658074612354137,0.4640285391806819,-0.5580593603172669,-1.184197796636598,1.194406323420924,-2.1303627708517454,1.7849827566808207,0.9979443634392972,0.1827131547940168,-0.4458793362268278,-0.36793812694029926,0.20246281841925354,0.18477356828625602,-0.9591754295933342,0.06778195717152705,0.25871016055812696,-0.30065393132372226,2.2391855650566965,-0.13397382465128635,-1.7633515518113385,-1.0102971245851835,0.703527846726503,-0.7224259977212155,-0.9937906113375456,1.3953610717832956,0.16978777189969418,-0.6012185778649408,-2.7687566489724116,0.6203385767441011,0.015482514549813184,1.300742004345744,-1.0946051429375772,-0.37324365758609657,0.29861946707825804,1.2559459654383198,0.2584695632726361,-0.7074400802225478,1.297766359224592,-0.3122831341298548,0.18002928663771678,0.7506722304333794,1.5631981532570365,0.3688855015501813,2.587282570423211,-0.08954811551035001,0.2935661338945634,-0.6186476305939604,0.3225909342631092,0.2971499158920785,1.045702891964966,0.4445140926566401,-0.5272385723163847,0.25640327315436795,-0.6723688646894017,0.5494939037726312,-0.559164348145294,-1.3980022952373203,-1.1301055540566824,-1.174997649293336,-0.5280640122679626,-0.8472955410637681,-0.022105293107386213,-0.39196641967735624,0.516182362303746,0.38272718415568296,-0.3238979455269096,1.2423188676047683,-0.9264388994557825,1.0064439899032849,0.15615683089724114,-0.3943931021675813,1.1294218894285828,0.557152744540783,-1.0756082476060034,0.36398060384964687,0.3629843997381095,1.0073841279577875,0.5853592400667383,0.6569044226843329,-0.44138050852339505,-0.20970572161881315,-0.2521389491112569,-1.5986991256485101,1.2866551405478472,-1.1191618343064476,0.26872139437193016,-0.3310923111239177,-0.23843873623169146,0.6775424065583061,-0.7803172607724657,0.45657982113628653,0.46612161924986334,-0.775594762489478,0.911162877879646,1.3674295742611293,2.0247244208160087,-0.26203254698631534,0.19112285975160406,0.25218865829243337,0.665771060837476,1.7485397451126439,0.4868276281111017,0.5140596808729196,-1.094670276054154,2.0486438191669487,-0.47534254253888053,-2.6596240879427966,-2.275696830927855,0.32507674318526925,-1.2731136619784333,0.05378512588327067,-1.4947471226195939,0.3050412477836996,0.5642752106490326,0.175836516544474,-0.6963339446959711,0.8785620976733143,-0.39936349131725574,-0.18835622647590086,-0.5096964688958858,-0.267916181352738,1.871248918330586,-0.004951273461915913,-1.269626761962255,-0.9592501971012752,-0.27618378676115973,-0.7946402743902745,0.9496593586124389,-1.416941475259401,-0.11906678390511732,1.0106367274294292,-0.630093873549423,0.43905866087037315,-0.040331543597826224,-0.03155499995066295,0.511893244861761,-1.8588618040055669,1.2033619835581906,-1.8969873104990196,1.135915929265988,0.4340122162887452,0.47314090541592796,1.6145647607569273,1.1834520272223101,0.8141751033515644
GENE0143,3.1656917154782267,2.756464356808871,3.1837477902618225,-2.5940089621600766,-2.384371907416569,-0.056945814638392545,-0.40780697254720366,-1.3899991495802584,0.6435574270231549,-0.18168286100819983,-0.24668286564502964,-1.8125591428182706,0.0927013683015591,-1.3633746720629294,-0.4346297828822762,0.7927029496542347,0.06327701991013154,-0.10537974447715705,-0.7266166999350964,-0.5475413964451052,1.5853633721787135,0.7797358777052895,-0.46209766898870086,-0.10552935873192433,0.24733361283350028,0.43808328159721177,-0.02431605477401721,-1.7703785232805254,-0.031479281709333035,-0.0924900515130625,2.0572992272863457,2.6917532958709813,0.6421646849882297,-0.6771279108178737,0.6790160760438262,-1.6984925816882124,-0.5326813069143703,-1.626384874504523,0.5505529479153625,-1.2106710608841014,-0.28698991746008123,-0.0441357761681578,-0.028929040364761342,-0.4728706620033471,0.33671603096806324,-1.254237534677396,1.739279442772578,-1.0340649961411605,0.03969764518158545,0.6249630727935845,0.6827160809291423,0.7753605022205854,-1.5927664939774977,-0.9173919852632801,0.13585784955288796,0.48116640829861995,1.2571283082609743,-0.5140189141911219,-0.9049939934941328,-0.5468297061108588,2.2594321350986166,1.5004280297346428,-0.1694919708072041,1.284803699871247,-0.5724848065451609,0.9545186119264573,-1.3789187098739666,0.3564902917835151,1.0194699250294874,-0.3266334019375888,0.6134157022483732,-0.5615575147736843,0.30354364700293107,-0.48154425786104943,0.819137814070018,-1.2643676561550858,-1.0152174391128763,1.3057089032153253,-2.4594747312114733,-0.6410085435384932,-0.14208025228912144,0.35300781263293396,-0.47780647420021344,-1.1257607399200642,1.2262804134177054,1.0532577946635924,-0.37928981358613467,-1.7906710121105207,0.3061680987644578,0.18175054075859615,-0.6670587240056953,-1.955063042721507,-0.27155421277052066,0.7665557959581434,0.917167335738365,-0.04418459717668677,-0.6234734170904759,0.7344634653250866,-1.1370103706331787,-1.3547885173372158,-0.08846044585236078,1.5464470157149268,1.583952166671473,-1.317777837929614,-0.4372578832197198,2.433895780053542,-0.6884183219332114,1.6197390823843134,0.9760105643937562,1.1908581096712736,-0.4458557988331543,-0.4162602635496502,-0.9106161977045666,0.7988314342734841,-1.6365086746051831,-0.16340045074789664,1.6344718983073303,0.5945400074189489,1.0026385322962081,-1.6440456361548499,-0.9940829944985712,1.184156479322327,0.12578246803964552,-1.0396417387001684,0.6263860331002923,-0.5335589477510904,2.537559110656036,0.5990312802550951,-0.9226118354668165,0.8810201840556517,1.6147683168437459,-0.005954377574845044,-0.7679331465970476,0.04432151866678664,-0.6127970364611621,-0.2583149365735837,-1.3888433682294679,0.8752149751633859,-1.149279060702824,0.6081619294322382,-0.30410011381914887,0.2229014537554047,-0.4747045090048151,0.19621711133618072,0.4326480346289848,-0.3508639727654561,-1.729543797366763,0.33701537860137293,0.39082921819937216,-1.432740007430867
GENE0144,-1.153841009522252,-2.2132831558007955,-2.2642920307013936,1.7647954870204692,1.9338034255339425,0.2885704752219924,-1.0622712693450138,2.017488518597287,-1.42058944098977,-0.498473556984149,1.1990837397052172,-1.1494154736946978,0.09101846347162929,0.6268430611820571,-1.5064701596322434,-0.6686553611433486,0.19016319447550922,0.4533204997515322,-0.8222981122393547,1.8405673751381095,0.4809436382755358,0.7766522431924405,0.7179891413082952,-1.5633074041774064,-0.1147700671445124,-0.016237301962710206,-0.2543592541723125,0.207458013598411,-2.1072982947370593,0.12808588820996464,-0.3033154743251318,-2.1160411163320956,0.42242282217763627,-1.1811962745063784,-0.3805212455874885,-0.254399569511165,-1.8461893744570723,-1.7343493339888194,0.54537558677868,-0.6038181582207843,-0.3929066177061567,0.07284160463566662,-1.7582160032045422,-0.40770543623022304,-0.1106190785488152,1.7645351240781617,-0.9202916506641354,0.7888795811242115,-0.001794597683584102,-1.1355900797216238,-0.6329411967488909,0.8662643616277227,0.7769954865977537,-0.5202796602568759,0.34372471388774534,-1.0370146967833602,-0.17655805321626544,-0.4295931247583048,0.9317772655251275,0.46284257906977055,-0.6760672333696209,-0.5764933369284905,-0.029049952514663413,-0.16128683367420105,-0.27952349670394916,-0.3519547292557266,1.3791869793847908,-0.45192028309850685,0.29998120276257684,2.4226688755390207,-0.8464889300248778,0.19271734348973327,0.2444647433512436,-0.011097052106183421,0.041106484080118855,-0.8789845307272849,0.35884438259380075,-1.8372352147897113,1.7978372678210017,1.7130392830837224,-0.3292318331569714,1.0517516999593768,-0.2933691152969921,0.009810028271456755,-0.6809353889494114,0.8197720347515387,-0.5812889565244118,0.7851548579497323,-0.04204376796431034,-0.01724628831099586,-1.4913222845284002,0.059852030594329295,-1.1458411396778154,0.061594441583688736,1.9397682632366897,-1.3895535791170603,-0.1469054250386752,-0.6354977408001427,-1.0403182977453251,-0.7912414773973764,1.4708228726979409,1.7364860038419647,-1.046344934756216,0.40090921462191054,-0.9189933135562479,-0.6783237193907298,-2.0492317195345278,2.131828467799029,1.0983185669536935,-0.6516849238248302,0.2848393011864897,-0.39998166000827745,0.9459521410358805,-0.34125602032129265,-0.19477464119991564,-0.6620532221907275,0.6038930123616106,2.209328354464066,-0.2842590545704682,-0.2957298708708032,-0.02514059754586416,0.26020899395879427,-0.2989771050759749,-0.39226135702429976,0.08252414132912494,-1.7510685855622767,-0.5474009427622819,-2.000993165165428,-0.4926718386386751,-0.9482601586080457,0.6269816647968336,-0.7352143784025338,-0.3655126362807712,-2.1478501563257333,1.022395503475179,-1.086399886601619,-0.482670871941979,0.7780969651481896,0.7818433132435716,-1.1108086237555441,0.5269462190343199,-1.1487286282093003,0.2323100448623203,-0.7842571859706045,-1.0151125362813045,0.035248757398451916,-0.7235146976817955,2.018580324611521,-0.6177766161137611,-1.1919564866450747
GENE0145,-1.8739367293498936,-1.667347401422704,-1.4689347567831839,1.6003436449667359,2.210772888000162,-1.670904434184382,0.9571624402224015,-0.9139034639960295,0.4016529237196372,1.721104096603201,-0.7982622082391274,-0.8396772461761868,-1.024282616095902,-0.3379879252858817,1.2653786409860053,-1.1143035846315326,-0.49375339186156536,0.9757389447754404,0.623951317876599,-0.4997156716657063,-0.21091941029747827,0.9158530583140829,1.5817637029614795,1.7010124105367244,1.3798015531879129,-0.6700596858653397,1.818627772035568,-0.7388764963556125,-1.6511304736310881,0.11236153574385471,1.476216518029734,0.6636247183212306,-0.07371051413012551,0.2913631159837713,0.5321320078359945,0.14756729455489434,-0.2953573526881948,-0.7407446188890449,0.11232186863611165,-0.12255043091896291,0.0036073537076300433,1.0459944569590156,-0.24763775482431943,-0.20813108254450416,0.18991089943914738,2.6258583953179975,-1.0918963820421894,1.0918760062474988,-0.2989933481727581,-0.060988186421360266,-1.3121641298553959,1.8804628501481804,0.22253584113948924,0.658827244793202,-1.498824913895362,-0.6422684913108627,0.41247633914815524,-0.1609777068647716,0.4466789364698936,2.1028500211406884,0.5046132023196631,-0.44874509686992803,-0.6513608316929584,-0.765345967986795,-0.4276402031835861,-0.38548085983017455,0.11891506637456102,0.5283234565210635,0.43545395780278306,0.1321117331081251,0.20116558831151618,2.535673641278469,-0.7224312999426785,-0.036853087497611015,-1.78527576978264,-0.3829135855689627,-0.8988008707232633,-0.7298559819383715,-1.1857643484894296,-1.3521213205763554,0.12230919098792595,0.7103330866754772,-0.7715307011546592,-2.0277679231649866,0.11108641769694873,0.4694588288650424,0.6737304882755186,-1.021268067583795,-0.6059139716243815,-1.109872978488819,-0.739270870623477,-0.7897694532153167,-0.5097835166710376,-0.251436752473494,0.11468115925651041,-0.8455233915853783,-0.13973688217377114,-0.9068253301019217,-1.755219974400954,0.5406112039619526,-0.6628039716392837,-1.7330916151558549,0.560506230141569,-0.25081776760670776,0.4528113933050707,0.4183644931773538,-1.0943515031343833,0.9304824509235254,-1.8327062129565748,-0.3971661738562422,-0.4633827080477286,-0.7766120806414085,1.226062033644951,0.3012478930185536,-1.4081283178505524,-1.2634485247478389,2.1542274081053523,-0.47686680272346976,-0.7960488500342344,1.1564564877672674,-1.7771080213875565,1.387010395010795,-0.797860568861729,0.5148941080659255,-0.47889622967824036,-1.5743633573235716,0.1784675674570625,0.947796278832903,-2.34840562880592,-1.1557412736009913,1.2378942012423588,0.39762409337237065,0.46399912904985174,0.9308848716851502,0.46785116932001547,0.1474690355829153,1.116141012930935,-0.3901074838096812,-0.016577225495944817,0.8258555796201295,-0.7648697349896997,1.424893676638832,0.291344461114156,-1.1488930680601896,-0.1935850767035002,-1.3857866564051906,0.08589594564948416,-0.37880447408405254,-0.8647049285599683,-1.7801367478958465
GENE0146,2.5098592493007237,2.205403275813123,1.8388874066053043,-1.8708119183752905,-1.9259485273011026,-0.985533841599192,0.9218900548156326,1.0691294360742993,-0.25707846413382146,1.5761259574106552,-0.14096353531250091,-1.3004904039002187,1.1852276940859066,1.6141145160942794,0.9946224192749955,-0.7638486627339589,-1.2353632753732913,-0.3502961120440016,2.4764062313852637,-1.1768813204315556,0.8207551108636598,-0.09253469386186064,0.9441521914230817,-1.2599882842029764,-0.24950139987957742,-0.898049675105254,-0.8411508791142853,0.7366430399659643,-1.1190463782488422,0.28986929354256397,0.05577551511008643,-0.9538052465586536,-0.7377210576914103,0.33393248703048656,-0.025136446915406535,0.038294487252045956,-0.23260203172406507,-0.2973232117545814,-0.02156211788870044,1.4392022643194289,0.5290829817297604,-0.13088950630311388,-1.0818416283734535,-0.419030234154692,-0.9202440309016282,-0.79658628758592,-1.8704475729763366,-0.011292222765988916,2.067727139300996,0.19616899846621352,0.7274071349941924,0.9597984620734153,-0.2866984465259786,-0.21975168585761387,-1.3966667356870257,0.19691480240704445,0.05588927953999875,-0.856184454044946,1.1485430150232032,-0.7766351599419932,2.8473738528450068,0.4034462900122984,-0.02187313754468159,1.938942130635714,-2.283035622295226,-0.2862218478597265,-0.43354717207539323,-0.18113676299268214,0.22612303854827148,-0.21057796153695102,1.4010020564491563,0.43537346726797804,0.48398946463997317,0.4623458158727735,-1.288400133542527,0.2019661426173398,0.23646667593104356,-1.1243074063213536,0.8859999747748353,-2.037413653353657,2.519708077376307,-0.037528965125643056,-0.8554517117689004,0.6177282421009959,0.626153713823183,2.0461141976684316,1.7821762156682432,-1.3298328304564078,-0.2700459445560377,-0.9096543480206484,0.7421551742781722,1.415005752824045,-1.3165853859030257,-0.06320453445223755,-0.6318646048146721,0.8444399482528874,0.4094854578835981,1.1758142234156344,-0.4210627495810095,-0.11664924688905674,0.3941149744146093,-0.27105016953587724,0.29900153621634856,1.270148421966446,2.1335972795408114,-0.48833077934404806,2.147533132779986,-0.5022926700770772,0.8689265622845058,-0.4943960680827652,-1.0295928602564584,1.2227260100852637,-0.04914978753855528,1.2839983334151266,0.752014046061744,0.41111414131397833,0.5511559752582244,1.0886435432988102,0.9264481468249857,-0.40452976354780945,0.42293443184520274,1.5006153871350185,0.04529044729486691,-0.4940926662760314,-0.6213834467477355,0.8491543040802064,-0.2404251346503542,0.3622350395549847,-0.28806388987016773,1.1739456577013931,0.1502164142534984,1.4281692662332854,1.3915440833480848,-0.08814491896441783,1.33334392748678,-0.3377691150910298,0.26614697645219965,-0.7797074425641423,0.5935551388401176,0.3012963493157382,0.5141988983641826,-1.360127618408287,-1.9893558670589484,-1.1326309113099182,0.4991186481272361,0.6734531083159477,1.129336792163099,-0.4045111673191136,0.20864201779814015,-0.7010262337469861
GENE0147,1.8951168976315227,1.7744838873934572,2.0894708663111796,-2.2770514857533324,-1.1602041119405762,0.1829576633927227,0.16108736892718167,-0.754080114733209,2.167017072484586,0.9908157774907052,0.5119562095511141,0.2395546213963597,-0.6607331523918664,0.673271044960149,-0.0667026254657238,0.05752042296663656,0.8909705245069403,0.2844526576283307,0.01815076616077974,1.4356482854186674,-0.8188703195614008,-1.6548767888540477,-0.7959977166193544,0.15204181076527454,0.6945501040036444,-0.7441139651061446,3.6874668014983003,0.18216095444462005,0.1517815684066938,-1.2896345078352776,-1.4427987011490615,-1.78309546463869,1.3714190019041985,1.2124509509434849,-0.0014525987778563727,-1.2149116447837478,-0.2775250111399096,1.4214381748525053,-0.5041548835536127,-0.9020427812995114,-0.3810002280680549,-0.29286094960750525,0.738086795904378,-2.207231205176024,0.16932911066387576,-0.6968142404236679,-0.5355419832670971,0.7544597233303035,-1.3018077347303465,0.1799303118113388,0.4812744546497187,0.5796073501379316,0.706866783741549,0.5719050117982476,0.7192658541312512,-0.8808023308628828,1.3656736844771362,-1.1845636870990603,0.3703444894493176,-0.6808915732198839,-1.7178137320846552,-0.5701098510004964,-0.11845005646544954,1.3869088340596765,1.8196725713055433,-0.12964070924560472,-1.389028820603181,-1.3061207588647534,0.7718693127423429,0.7081572558078263,-0.6073676181233753,-1.1742279297823626,0.9922747294398715,-1.2279891832805916,-0.4443121908369156,0.473492435420027,-2.0009054484548625,0.9533482552360615,2.3802813702286687,0.11388882186482913,-0.03465261036366199,0.044325434365469984,0.22484938870529922,-0.7299733950767141,-1.124332658559483,-0.35310915243344193,0.15360191986532398,-0.9984104400366497,-1.346608626889406,-0.440420127574344,-1.3334113861368384,0.6717969451862478,-3.4415792471851825,-1.1681339241923536,1.413529805095847,-0.22171849381178274,0.18392932627159647,-0.12891970800619026,-0.6273183204530441,1.0951930995855286,-0.5718616155932046,-0.8284815597870121,0.6567619783725123,-1.9306522347345203,-0.2854235209552161,-0.5189570826434774,-0.3041546491212015,-0.4883837695554094,0.3750875717338467,1.0996862200399624,0.4593369247856475,-0.33691361786768426,0.6314334252071935,0.7485912982505656,0.3609287229901454,1.0486498944735392,-2.347395646413385,0.02676439775223908,0.3078534436267028,-1.4812357116409642,0.22077121842169808,0.9149506585392493,-0.22387475118136693,0.6565393821360263,1.0227533286706472,1.342463772162648,1.1621538808555265,1.3656067662506852,-0.49954753554920805,-0.39013235211168124,-2.473445893668184,-1.065168065731695,1.2184490601191387,-0.6048565073281402,0.3975883728511986,0.2407266094567804,1.2406861651433425,-2.0203822702982475,0.35263009484274094,0.3363673927668584,-0.8577974726390025,0.9602467824654133,-1.3990352965905581,1.0645358472303923,-2.1556857596153813,-0.9049202568184825,-0.13988794267799,0.21765979446459033,-1.868083748368918,1.0429093955848912
GENE0148,-1.7922311165555662,-1.691333329499787,-1.9843610874938873,2.0613564344817425,1.976857205707439,-0.42059153444004027,2.1808150497041847,0.04760716444615775,0.09025389234465608,1.3794609163016796,-1.1645288260785236,0.538960281037568,0.5163430005440565,0.9573574551117774,0.8522934503006728,-0.058691152929314636,-1.383112851155231,-0.5648800467247536,0.8420959678984358,1.854375626896814,-1.2229327546458943,-1.2887720151884616,-1.573903424198271,-0.7670499136936044,0.9475611856380832,1.3161911703164269,-2.0786569163582502,-1.205174520483723,-1.3922280129516678,-0.8676762879118334,-0.22234768836951774,-0.39741696003845495,0.5138192237763901,-1.9266456705749981,-0.5205210799256276,1.3664009695094368,1.404511808423396,1.6647457327227049,0.39325373066447006,-0.6550841942755501,0.17486234249488264,2.52771847904853,-0.5305645711366545,1.8328366920290835,-2.436790291731916,0.5719853618714938,0.6472651543716933,0.37358604994647143,0.4390643258527338,0.5232154919327876,0.5699889051318785,-0.33073958648709806,-0.2710309293682056,-1.3608158263370282,0.7324890414061122,1.302275857744767,1.7443846181759908,-0.8210800097142817,-1.7240796986249523,0.3763108297333539,-1.1556261225154958,0.5717682629720083,-2.2053448366806605,1.087209461771397,0.15328034721060685,-1.9213384816302201,0.304082646032703,0.09496148915312223,0.5228932094290569,0.802013602729971,-2.4163121096735463,-0.47120755822819277,-0.08903002503300356,-0.2953724755378279,-0.35102850418128956,1.0544502271524923,-1.7312650679673098,-0.291483712761721,-0.21225642167361064,-0.10942406379726602,-0.9773139884762714,2.1417463879505343,0.9785886133918077,2.2115354099435893,0.6402712334650095,0.7622809242840798,-0.004381943353212756,1.5630831246746923,0.5655279918145413,-0.19064884631419646,1.8465716502943967,-1.3028176142531889,-0.7321170055584766,2.810617924246237,0.6707034588386055,-2.633143044022036,1.018932017783599,-1.0231036064151164,-0.5743142539125958,2.550940035193932,1.6555162246666688,1.9981115358353607,-0.6072988747752069,-0.29110657759487546,0.2186656225918904,0.8683972296875326,-0.3419839852173764,1.8783732034691099,0.49118572678485567,1.4909311159920509,-0.7799896570121608,-0.4188785722938289,0.24567417685497378,-0.4591160508088197,1.0477243990202074,1.067647711716651,-0.23906307958743775,0.6579711807999089,2.0418540868630988,1.044597447378469,0.6520014558527486,1.295316761604936,1.680820167294172,1.5179142862230117,-0.07197860371738857,0.9022849998719265,-0.2980604607142,-0.054444090948024576,0.4792416198545909,-1.4484461823214034,0.3686431404497469,-0.6914413753914558,-1.1861102777281374,0.7949140617092454,-0.2607861873723939,0.21998696828150868,-0.23637482387617492,-0.6166441037860069,0.11757043848094913,-1.362248247195733,-0.09623903738874413,1.9807331982851426,-1.1994765585898897,1.426158300716195,2.0867978044352475,-0.7855081867916142,0.3276089583419018,-1.2997293701154606,-1.4493704328559087,0.16717001293497277
GENE0149,2.4649884561552984,1.908247070312659,1.8968636394871352,-2.444013308227205,-2.3974379940714057,0.8979242526661779,0.6425090612225574,-0.3856041957915818,-1.0755616972612017,1.3127606590060419,1.641167909472439,-0.5249076974063555,-0.1589006180018763,-1.4670508897606058,0.5339373980590603,2.0757862212419953,0.9436308178168978,2.2119981995341362,-0.3903840994102916,-1.307614840188023,1.5043080027023767,0.17180449071600387,-0.8930573046829074,1.8723208407197205,-0.6060691790963968,-1.1197898753354474,0.6016104825875591,-1.301748121911409,1.0223506889964333,-1.1523123119218026,0.2514900346627837,0.31667965978998325,0.2649183372258612,-1.2876938138654106,-0.1945314141952151,1.3735881093374234,-0.20201671864169957,-1.15088034327613,-0.44507109913546034,-1.2582965283438698,-2.181732230301142,-0.17644091735297546,0.10001049934180474,0.6988849347846179,0.46736527148514,0.6146474157096987,-0.04107052998367497,2.1274992771025687,-0.8415008715393107,-0.3171112807510508,1.6586360776165816,-0.38991119307998706,-0.11021727725560455,0.404184641918113,1.1674611897113703,0.1420031052364933,-0.8837440084603321,-0.4100768386159105,0.540006104902134,-0.2951100110734545,-0.46730097688193484,-0.9319997775300813,1.1934823152629634,-0.12157751775232185,-0.11523708860063153,0.6798896747060805,-1.3623600338854833,0.04198712520108483,1.5053217260194849,-0.06383348872629499,0.21951561616268533,0.19717084398446577,1.0613443717528315,0.20122493102096117,2.468584893662669,0.2312763357615428,-0.43575277922749583,1.5119468308694872,-0.21068613770371605,-0.5996014488866775,-1.1884272089588124,0.4787591059248104,-0.45746031923220953,-0.7773543746409647,-0.5658131216174611,-0.36332045930561596,0.8327147219303266,0.4835358739356677,-0.14454022044839246,0.5608391980881995,-0.10634061805684115,0.20656661250494676,-0.6669402342034914,-0.6577039859679312,0.15134756751307127,0.15359025634475576,1.0111808267879074,0.4993246142274765,-0.49194667841980144,-1.2800729073468584,0.8825908260792253,0.3316711008585959,0.9692227991928256,0.45876279597417424,1.804962523081355,-0.2163798381782341,0.041408267473309744,0.7904707318349238,0.8630158032378694,0.32709595539259934,-1.5910943001188196,-1.7679656058120177,-0.3859493598966116,0.02181505055600336,-1.8679850217204916,-0.029809212266428166,0.6511871189027237,-0.05919972165456937,0.2951265528652911,0.5878175644577087,-1.601268126485565,0.652581820889264,-0.7335337446468693,-0.23810624249066514,-0.6610918494958523,1.0738864161480697,-1.1724195626719087,1.3813452682112073,2.391827719642015,-1.5511200738755966,-0.5860533644959968,0.6124477252166005,-0.9934498420327081,-0.2718748319094538,0.17587726191913447,-0.7128210148442343,0.08198313873718953,0.9487362744277312,-0.07831511029616775,-1.0386544135280786,1.1648866285390431,1.3890346755481984,0.3685796987868984,-0.98179235027287,-0.8777272636867991,-2.3684344357120315,-0.5921274752413529,1.065579444485567,-0.6839683174460539,-0.9559326209051104
GENE0150,-1.5457645172301697,-1.607485861546341,-1.9683369234550294,2.0538256864039055,1.7875381299424136,-0.3426321430101899,-1.8201103078126581,0.3601021460727724,-0.10291352976325198,-0.6719273245915529,-0.09203003358934295,-0.21505095741264424,-0.827246058792064,0.3985507704669513,-0.2979491828664624,-0.13428026691092623,-1.4606613655599547,-0.12561757942609217,-0.17932996688266972,-0.8256140803014054,0.531543744504293,-2.10780852163246,-0.4821983771391807,0.3099544273467764,2.0985091195798558,-1.3656729349985453,0.08862746276840082,0.5479027930001471,0.06334792764511184,-1.2323435923307713,-0.4836725998536152,-2.44164858749056,0.0038659348320997764,-1.41589273706644,0.45566094096078064,-0.6534223787482349,-0.7475148235000917,0.16655025760340794,0.2602565636236518,0.8712843018855585,-0.26136191679311443,-0.10578146487814596,-1.3863240807784079,1.4483994232518627,-0.9344404570202748,0.7248346986695466,0.7321872924638225,0.39990265472797654,-0.23739037392648654,-0.3627357681889285,-0.06407631734001577,-1.9038885318519851,-0.026099036301325675,1.48575093966304,-0.2258514888722361,-0.03274016676954971,-1.0241175397706241,0.18568730884227388,-0.7779691636196633,0.8498565017378237,1.1413282628968906,1.3595966254836545,-1.4435428374975543,0.7227104989853911,0.6469899448872997,-0.4150706082877433,1.1926775277414932,0.41444545033218555,1.3731158418664868,-1.2676201897025425,-0.71405532330728,0.09372354632673792,1.1725905330973148,0.45479945567380353,-0.9483379815075013,1.7763423118757484,-0.2947071781136514,-0.9163345062590343,-0.7750973937953827,-1.332240545444822,-2.2473031096242413,-0.11659342210572768,-1.5546034876955204,0.31366769759808283,0.9842826502432089,0.37662004684636274,0.04398769163394749,-1.5408557889491703,0.8460493484671823,1.9465639205096612,1.4082690747746727,-1.3305352926511669,-0.07796739196679794,-0.2827300147939021,-0.39803660573554134,0.027078038249237976,2.165082217434605,0.10735731758723639,-0.44434314132028907,0.2979033663239351,-1.3133070786186722,-0.716075901992217,0.9862320735263328,0.18834432636587475,2.1017300876586846,0.2676804458393133,-1.2458245631239084,-1.5850594349340394,1.0016454196603577,-1.0415266674799433,-1.1311234867604978,-0.5149845243650389,0.9962580717807346,-0.36772394057126495,-0.841611577887965,1.2126070532914888,1.0419498938411955,1.667066148357472,1.3513305471076535,1.0589160358952834,-0.7512417207677052,0.65902862649258,1.2146352740636528,1.8557982425746533,0.171124625063127,-0.49195959547484264,-0.8841316620708443,0.9794303523498218,-0.6667307455268605,0.10724334839604492,-0.8802656394770324,-0.1589216586226859,0.43898576996361655,0.26925057330729946,0.7379489077517801,-1.3740924970915869,-0.11654340595968071,-0.4702004474082574,-0.9823519788494222,-0.7495137717600987,-0.8940818499158115,0.34993083998435953,0.4001388997132096,0.8756242197871619,0.32806287073597984,0.15880393130355044,0.0788911377631423,0.6756578710866232,-2.10685572769888,-0.059131050359578614
GENE0151,2.3853315860786073,1.915761976094521,1.9320833993717739,-2.236762947885728,-2.393871914614321,-1.3907806034332668,-0.15130456922369395,-0.724033100985787,-0.7453815841608601,0.02292897210256553,0.5823060485028645,0.012505015343629005,0.026698409035857032,0.4036092126290777,-1.832709085083111,0.12899458723469426,-0.0749326196232097,-0.007100122215735238,-0.5840597304344906,-0.2054727676329154,0.40264641847663174,1.60904778550253,-1.6913708228202795,0.5717838902489225,1.2178635150022223,-1.2705595069383429,-0.1794125499929276,0.2757755205987887,2.0089465111901315,2.173327671575556,-1.2707032796455788,-0.30223237181668305,0.1994909986240912,0.5564545027571425,0.2007979139785592,-0.9481139684501937,-0.9923101616359873,-1.541251424037345,-2.0205945325398584,-1.5640519933805743,1.1615219575192044,0.7102785391760771,0.5532781601254368,-0.22271508035637755,-0.04150659407009333,-0.2686974230328262,-1.586935264145139,0.6476867185108032,0.8526789563321066,-1.1503304334716815,-1.1512475875975778,0.35176720169185216,0.34294876410888947,0.7326759053714847,1.4135730344249247,-1.057910613619455,-0.08199462063832304,-1.000519400348357,-0.928491260682534,-0.42979643799860356,1.4403559451573686,1.1048182329599532,-0.07482344641216339,-2.156101758148346,0.39277819273203196,0.36967215465874187,-0.9335936059468981,0.830696394508142,-0.9528239661171313,0.8277389887818016,0.2410654012350828,-1.4598149207340623,-0.36147653153871095,0.14465139154044984,0.30015797644704756,1.0331771413689799,1.1577739301811867,-0.23862479721825064,0.5593218748236782,1.607935933597025,-1.0186642966089088,-0.6079602062009536,-1.6551349653786696,-0.6314322303874383,0.20578143777242455,-2.116146239986127,0.4370449951288117,-0.4723443664530787,-0.06267376250895734,-1.1688719805411683,-0.10226078706942304,1.679199664937084,-0.3998041652196633,-2.2129369794643554,1.2137722786308258,0.5424478467212955,0.09404279099435894,0.5680521563119797,0.08251617275026123,1.6432662399096565,0.7519995285823454,-0.4564247325115009,1.491954941655716,1.8199848644790972,0.9103639516779449,0.40692958892884556,-0.8540968831727593,0.6856590107015685,0.3880261980090746,-0.026802787079873533,0.6992681361293903,0.08705755421392453,0.5487830415874635,1.035828783971802,-1.331094498845084,-1.024675396052814,-0.912221834596125,1.940009409240935,0.6334747327755845,0.72661921405323,1.1294380500187358,-1.0466544193252418,-2.0382804050194543,-0.06286216285270983,0.8975719601897459,-0.19759296063294687,-1.3699383045269669,-0.9052278309418225,-1.1792580002954482,-0.6123644367278854,-1.1593804506159435,0.14677901272898816,-0.5475814066130479,0.6334322269187602,-0.97647794546663,0.25534688774512726,-0.037599152861953644,0.3960289442412771,0.5367135862988128,0.6436446259952242,0.8307571709013057,0.5422910241858707,0.2978660058140575,-0.6667236839087579,0.8507370485590988,-0.6968842027998349,-0.2919133219387593,-0.8616532129042705,-0.8824813650471803,-0.31700146906165244
GENE0152,1.72601060323119,2.107255720920851,2.198765665502014,-2.1616136566193656,-2.394433364401475,2.289639138815099,0.332698276703041,0.11826489933151699,-0.6759559443097996,0.13784186288132916,0.2408026370657553,-0.00347430800337882,1.4186510064394808,-1.7014714387112044,-0.380379305056798,0.713835393059119,-0.8966626478031198,-1.5466726677498848,-0.5188898698187129,1.0439361704227161,-0.8729599275009423,-0.3564266982277956,0.42148206671903377,-0.579302906224897,-0.4399511555713656,-0.6520502384619222,-0.5677793782534163,-1.1629355231904364,-0.2572836386738268,1.06423381438391,1.5828092713363926,1.2498152878598012,0.13769562787397982,1.6588500470173637,2.302859433167354,0.18127779894355706,-0.9905643493123883,1.3119365767016014,-1.2034853326206734,-0.886508739870779,-2.0825341324378632,0.7274133525180659,-2.3154443255594463,0.9928510818422681,1.8094423214643256,1.727776037446084,-1.265821006641914,-1.8636963563307483,-0.6424852093089086,0.8791921864265351,1.203788656664959,0.6644994845485601,0.528005288197053,2.361004937000359,-0.4780441708839296,-0.7779752322371035,-1.189130801558776,0.4329659175148597,-0.17955108909337536,0.8249790644500962,-0.45054942058807257,0.6287820996303176,-0.38385620948210336,-0.16270484088582363,-0.0679902243048342,-1.7003015822006398,-0.1399848194364008,0.5621428228907491,-0.9881115768852436,1.9101226932652922,0.00488574093019347,-0.6268021775719514,-0.6572540235566787,1.370511559284474,-0.8248067914418262,0.2980971679913876,0.8830361717255496,0.5542157380796099,-0.562677297568024,0.8392217411109192,0.15577645586750033,-1.719941918602412,1.2232656058473093,-0.6135858222903192,-0.1756037547371385,0.30946537655868,-0.5318919353374066,0.756907721993194,-1.1038404260171149,-0.5743805091186861,1.225723201905533,0.025277013148469495,-1.0568141808153906,0.07872821703620124,0.4016537673404463,-1.5860192558283148,1.6542842544652332,1.789403564306525,0.12000074311496153,-0.20008165960876023,0.022944088013458316,0.8930509851373575,0.45260934964476973,0.23922820057249836,1.382330080304381,1.1309387925618508,-0.9599136850395528,0.8873958319228887,1.1516206068141648,0.2782596986290418,0.5990334172837148,-0.30743808109017506,-1.2044202325260338,1.8872785622056851,-1.3394619789177664,1.6812587597831745,-0.0652490560011619,1.2474396287007097,0.022915988438130808,0.9374107795401669,0.4488544539083109,-0.6693766082162661,0.13411958811364608,-0.14293040838992144,0.642980457334991,0.14154122084022877,0.28615688389954597,-1.0258715215989511,-1.2781318799455943,0.07062782869834133,0.1815521110438528,-1.0515672871485071,0.5715565710387613,0.6150446019760258,0.15613353419362538,0.01573857973231852,-1.2674969159095062,-1.2842634099521737,0.39470894760309594,-0.8280212998063755,-0.7577631004228758,0.278787138224366,2.0376524975723016,-0.3974410946176139,2.0506786733272984,-0.07625629631593005,0.5638532050609941,0.959716177831136,1.0325174732007807,0.3390647084520556
GENE0153,-1.6248753506741402,-1.5207854597349355,-1.3694495108955034,1.7440375994576398,1.5454084025793642,0.4573986378362093,-0.7491898614388942,-0.8661583665260716,1.958916624082344,-0.4926150336058205,0.7529450525303037,0.3768538849158118,0.7189495770093558,1.9118135898933488,0.9973160811838668,0.8357707238441429,-0.19687274516305378,-0.6645732138166578,2.4194656822405447,-0.04183618971424044,-0.10668905166339439,0.28879285518669384,0.191455111124829,1.5927762143713924,0.5396068350309917,-1.3099243199660973,-0.6596380545199162,0.010709409439417868,1.025641096646287,-1.5204298521441193,0.49388269570949295,0.7313127823956391,0.8823664242424935,-0.08008824343685578,1.0492398719584197,-0.815012442845064,0.9454923287114765,-0.061645926802185634,0.042885599224399995,0.031772225936316775,0.6501216146301122,-1.1048062588469574,0.8852905154238416,0.8708620889295472,-0.3014832461875034,0.0024676625720383236,-0.8594457188353586,-1.1603752506115388,0.19741484183300131,0.20387252749461302,-0.33706278287403046,-1.2497790457432416,0.45705739670714696,-0.3613041477015429,-0.7493414504516045,1.2759319858607252,-0.9751547490361389,0.5619176094750099,-1.499538348973508,-1.4362158035718935,0.48267840809593554,-0.3361367392494147,-1.1688477920082279,0.9499354180905146,0.37131491715382703,-2.1278881946769914,0.9594015456748938,-1.0638845635013556,-1.7078935349386917,-0.8205609429028039,-0.04180224775162977,0.07737632761947057,-1.634865236554947,-1.413101641732568,-0.7609057800198264,-0.6970175642362948,0.7617988339525773,-0.4133215854485946,0.7426299939141227,1.0958248359841736,0.5556705028575117,-3.0741099936155956,-0.30401689526598963,-0.16630578290832382,-0.05442377588582589,-2.082179077728345,-0.7640855342637003,-1.3622442105250372,-0.9265626019814763,-0.2586889520549061,-0.7415526039614807,-0.8530125633358254,-0.19796944182127724,-0.492207790968045,0.19968990865345315,-0.4198561911143674,-1.5676090120517445,-1.0310823188108482,-0.32805067272293886,-0.4479754677695841,-1.4134822697944798,0.6765804201387406,0.31222345486365677,-0.6007925312432002,-0.16369076310907998,-1.0718735209733135,0.8530678670993113,2.0689303564211263,-0.6445869371669741,1.2239323488661262,-0.860792203752028,-0.5319614573942383,1.4336902318374543,-0.11983903688604358,0.686983686736405,-0.2694609087995017,-1.8027356300181465,2.3374118030770306,-0.21677314623465152,0.15611754452117496,-0.7325277198121316,0.7801316239135077,0.7065863087564661,-1.5572546726113887,0.1710995873048751,0.8771010025259578,1.200436866673032,0.6464489772378144,0.73433746826572,-0.5400937062533924,-1.2290387019419655,-0.3108738148769548,-1.2517653866139233,-0.73903108600508,-0.7539772953871173,-0.940704522280778,0.5322862544139333,-1.0127272634128923,1.835580437856084,0.9891500401425736,1.1894937345501595,-0.6891562561313513,0.20029656479729016,-1.0428946936057153,0.2173557941119708,-1.7677208646053852,1.0622968819112963,-0.6448953238382149,0.30284483926723055,0.4884741510318143
GENE0154,1.6497710250423223,1.7319855626212566,0.9619151590606516,-1.322433836807736,-0.8082968228241323,0.6029577859633884,0.7940915391664592,-0.19245288176091954,-0.11267650140146543,0.13880737873873936,1.1424046255826095,-0.34328159429596883,1.1377505258287988,0.25512745192797287,-0.7366109335075179,-0.04199385122860111,-1.1206340352036939,-1.346007271613347,0.6068492485540589,0.7977689213047717,-0.03302374637691856,0.047681367386169,-0.5767636673049116,0.16987942513442464,1.9814787708644557,1.0096967202535028,-0.07605732892686651,-0.16318935476092003,-0.3763910047715011,-1.4110673558404296,-0.48291284722839156,0.6742317925034584,-0.9320182634750263,-0.2800573211844655,-1.118181142212857,0.7854446300551747,-1.273231628138199,0.5926779072618362,1.028640610073081,-0.32337584590447205,-0.6869234154593553,0.4751179533384053,1.602425145626405,1.3416775610499883,-0.07376044127238657,-0.8831825694815804,-0.23209246902268377,-1.689908859809542,-0.5557051247840179,0.45054594569390183,-0.3677070840365687,-0.6004491400265938,-0.055488604367231804,-0.2693538166732936,0.7554931404303789,-1.3267562005444338,0.5264675646146835,-0.046138365790440256,0.43427816066120717,-1.3891019799191424,0.883046322462991,0.5430405441725561,1.6732075106392454,-0.8327369035849782,-0.5849761029581865,-1.7841826471992501,-0.8235983451692709,1.4343041525806546,0.2950628637323551,-0.7263569146901417,0.13309136075499253,-0.061550419672321235,-1.909131103686756,-1.7281569166785278,1.1067746252602664,0.7366107642068844,-1.4845299264555774,-0.12686678003788668,-0.7157048327215019,1.088837765398461,0.44756917808902563,-1.104604954155374,0.1202408343239678,-0.041110732164029856,-0.03837193429432864,-0.5101193850409896,0.024825354160865475,-0.8507698083411803,-1.1878079070844885,-1.246547484159911,-1.0491046458767084,0.4222831295033616,0.44947183759510256,1.4605252934756352,-0.22846905732234488,0.7014091946752973,0.047062613184142364,0.29959823275961106,0.8083674300579229,0.5820470805774158,0.10843998972747285,-0.6135759193909469,0.2757984090810329,1.3643011694937865,0.17533239726846755,-0.3953409130830503,0.8214003028561089,-1.3851233906846052,-0.3599535034019913,-0.9807749201516472,-0.12148613053298399,1.2464800012775776,0.640879637256476,-1.8679571143242404,-0.6187141946497247,-1.4990647307534786,1.0582891780988617,-0.5824671648393631,0.07589282077485351,0.12404242358056887,0.2058551698477734,-2.892739538444555,0.36112743663948,-0.5484630639094585,0.8458011890203355,0.20276126907626296,0.6316983467547398,-0.7281649001382979,-1.1289186126467559,0.8903493473142281,0.5634045049040575,0.2222144080146437,0.22077690014097923,0.42062760605404803,-1.292259091968081,1.0755679379999952,-0.15405573881161116,-0.1255376798911237,-0.4181156745995209,-2.4695538281708047,0.575197065651539,-0.998388344625265,0.10805825079478931,-0.8202117199610012,-0.34352577588237754,-0.39915305553104985,-0.8433418293973327,-0.2258958337622229,-0.48091000429941116,-1.0404648388770816
GENE0155,2.387277558014451,2.865640371151073,2.370258868888482,-2.515745344642568,-2.727432489939603,-0.54548453585351,-0.19873955543579142,-0.16784163651288508,0.5272144840151144,-0.24237332812407242,0.45847986047768347,-0.25579197722717456,1.117196164341796,-0.011743152021564887,-0.13209497695624803,0.339507768372794,1.6355002972234984,-0.6051852775304685,1.0394249952586816,-0.8175862116629818,0.04382914768530759,-0.7947756691685385,-0.37131201465296415,-0.6785460618082994,0.6982175508037494,-0.4972441395492524,0.5302070141050813,-0.5268289726252063,-0.0055383542133556375,1.4575984784712448,-0.7454912693195149,-0.726528268393714,-0.24620847683548694,-0.017581448638234503,0.6208041800195778,0.04298489309235521,0.24519709018183813,-1.1543274993622716,0.3015685285863645,0.32830088238009164,0.6716002152234339,-0.32835192190592716,-0.006734145762371445,0.7063567623952876,-1.0586419707854662,-1.7949799017233223,-1.108948952704328,-0.6393198297925317,1.072406086496827,2.029252061158681,-0.9094429466888794,-0.08419239103838097,-0.526857807672589,0.4811950991375323,0.27989566898186896,-0.8765839884347106,-0.6211438789894017,-0.14302055149435133,1.2302529817992063,-0.6537906823706545,-1.551359220896578,1.3030226301042414,0.49729318213321827,-1.1628867101227327,0.30634283937043144,0.8116673629600006,0.0937455203352411,1.3625768604220636,0.5553281472039053,0.30549548607281285,0.20388407175965417,0.13589436418687145,0.8780680089791214,-0.14958209466385114,0.9495332678899792,0.311937625540629,0.10556239673808898,-0.3080379076410163,-0.2986877984162514,0.3190195180651765,1.0131034272295656,0.5043991965754544,-0.7144720063859485,-1.5989273659421095,0.7397581839774379,2.682968275463645,-0.2758612024062202,-0.46361333780360325,0.8205262083872951,-0.8608830970835802,1.4961983548274973,0.41231019403353353,-0.02661190196113309,-0.7741152295185563,0.8820689973231818,-0.4441973031427701,0.7092146838868116,0.3990893449322871,1.2914241192577505,0.15897768103941404,3.1163480330180198,0.5549715291001369,0.14627001036183682,-0.38904507005696065,0.8766705352669774,-0.36660809475290124,-0.7742036111088738,-0.46868471165428055,-0.19215393550685142,2.2497840227814425,0.2924730422230902,-0.6610053958956067,1.0887936331305388,0.18850928443364504,1.294763431412261,1.9117578013098968,-1.4917607625478264,-2.375095272450193,1.9914689398824705,-0.6873224252574562,-1.698509918995982,-0.5248629381290125,-0.9676108601799308,-0.7725173201647596,0.855743443556822,-0.35939703589379485,-1.6178728457544937,0.03254010128724651,-0.8511516934635965,-0.2493477004934708,-0.19210455654989575,0.845482284145223,-0.5053879166370269,0.6977833900455738,-1.5951157223675254,0.8987646687396638,1.2989303257321374,-0.23023512493250767,-0.8185902332490166,-1.0776008874647178,-0.025487037055611343,1.216071919120379,-0.4257781623144803,1.1114422463806588,-1.1513837351068839,-0.35154291644841207,-0.04359603445081443,0.21639487424794848,-0.3327601667090064,1.2466433062863491
GENE0156,-2.867445621936963,-2.630514623299924,-2.79475830177212,2.4401463838272823,2.6311484506707807,-0.6650156131092885,-1.461390063935754,-1.312158283803538,0.6669757469053575,-1.3653592473563636,-0.39892118914435415,0.10215863094974963,-1.6821050946728053,0.18227260922421132,-0.32456866459546924,-1.9073054120491297,0.19522565016398208,0.3958010052174996,0.1846767292337134,0.5043114914764457,0.25811761597042004,0.7301521140622168,-0.9458622060320331,-1.3968268089029212,-1.1613216099874735,-0.812158366879187,2.021956153595149,-0.8033123783225156,-0.5217709255908219,-0.2343103308969935,-0.3567479912378774,1.815210056037539,-1.7256048823794647,2.185371733284947,0.14469421319308495,0.9614856507091686,0.020369054946290686,0.8152691015015723,-0.9443595905453981,-1.3549727707134436,2.59312101769616,1.9134715587063238,-1.0537783546299824,0.7165471527344628,1.1578769144756471,0.6601882398579441,-0.2083275657939122,2.0244993192824183,0.6876626237950153,-0.9279036657590679,-0.3868863011382074,-1.069976954623892,-0.10739685144882034,-0.13974541446749617,0.755362615868472,0.7406481588024338,0.3883392862190113,0.36139897126592485,1.0432667554144957,-0.2258377437137052,-2.3930617633805,2.110967952448771,-0.9107398715894301,0.6954666411386154,-0.3406212506455759,1.3980309650348604,-0.96169161502585,-0.7107854986014653,-0.4977668243330497,0.5542958974564696,0.22303705115310118,0.5652082330749556,0.12675704373906307,0.9320288940468883,0.948799405364417,1.514480297758265,0.3437965798799513,0.3390209913263253,1.7670086266347913,1.197402611398549,0.5187344358764837,-1.3944733562733174,-1.6836813984389982,0.6127063296193023,0.6539248202008935,-0.7227865196606073,0.35389722666978135,-0.913145573073174,0.5721793837246472,0.5982208130885605,0.5917426543810811,0.33553565409693775,-0.29412227012536,-0.2116935895708967,1.1590985818616737,0.4149148557162031,0.48808899966754477,0.08648981740593759,0.6514498360132249,0.9589306885694545,-0.6279670581252966,0.5927472845078328,-0.22608386327707417,0.3138533314335379,0.8352365470278461,-1.4517012936507447,-1.0838198368112544,-0.6593930500181916,-0.730344479721119,-0.1623489009027853,1.6923808784619938,1.1784468853753214,-0.5805898008472249,0.8688833600885858,-0.0432226736887327,0.34374928497275403,-0.9808593282705529,-1.3206835510444115,0.7323485338059597,0.03284581128008501,0.5225971530633636,1.59374759404403,-0.23880003547004297,-0.22963539600249672,1.768661239579193,0.016989280384034702,-0.8033072487591058,0.7356821592925853,-0.23767614427420716,-0.8226382177411825,0.08968659995440867,0.826686021107913,-1.1591821060307181,-1.1824357797692917,-0.08005905988050957,-1.1000326779773888,-1.276072681970571,0.006116067008443496,1.1060704735963496,0.7880173575606384,-0.10694102804136375,1.2825719892295757,1.734959576768841,0.49122149136359294,-0.3661916386486347,1.5626158246707789,1.5185485564446033,0.2533961534892248,1.2228454900629753,-0.7812846539208296
GENE0157,-1.5833995601691802,-1.3529854102641752,-1.2041745674483186,1.0110081901146,1.1075832526630958,-1.485655499492098,-1.4661115798740532,0.7623044655803054,-1.4359266570767037,-0.2707534915556983,0.024562933096071212,-0.6504891945824361,0.577861214096289,-2.0618673939556698,1.831928089933372,-0.330136035287354,-0.17027186285266901,2.693577202426576,-1.3599004552293816,-1.045097953832226,1.4044972780946012,-1.5564634918343625,0.49518044084861923,-0.6062812488493281,-1.6161405618426534,0.5268493557073033,0.5562573912095082,0.0013858548430013022,2.069088945024369,-0.7714973245236618,0.86657362382332,0.3273415136270503,0.9715217651023007,-0.5040868291301743,-1.384669393035774,-0.6820114534200507,-0.06377856362809804,0.6808955389608131,0.017286763766214346,0.21507702131602913,1.7255621861100967,-0.024222048206083893,-0.532373616670392,0.4403246655707306,-1.7158156490281737,-1.7179571892290137,-0.13405234631160148,-0.9329005921963099,-0.6082384332376899,0.9347734439106482,0.5262449476308334,-0.07697504862101459,0.08296606863183595,-0.4245147445112534,0.849340904059049,0.7925417862603313,0.9909328491049462,0.9449269960527593,0.054048139819834744,-0.6982104762422492,-0.1673044218339797,0.11662454001126092,-0.6740265472699329,1.6298691547510749,1.6348611666164226,-0.12006786026666219,1.0308799976787726,0.5600215153396962,-0.4966208656686623,0.4120104825765275,-0.7742561050627675,-0.8800028940083993,0.47690342558488463,0.4888080744033495,2.694087535337941,-0.155469905003629,-0.5289639871483915,0.9227542183548245,-0.02505639991234336,-0.6476203340119325,-0.5858133052425042,-0.17953174822057114,1.0544510746789264,0.4316259860584671,-0.8333923779421146,1.834718224496187,-0.9073798555877602,-0.7373280510197849,1.167026690633779,1.4975608075470437,0.35355678165713594,-1.2906122377629918,0.09689811852783257,-1.3670635950003,2.484745045695931,0.28716794414069463,0.8014941876295353,-0.3702755723824354,1.8056671746072988,-0.5024785906937406,-0.8588226968065185,0.30488490738437274,0.8800643858085628,2.128694793052634,1.614297858189814,1.1950848896339825,-0.6852002302885737,-0.7063403777659979,-0.8778463780197555,-0.15065389859154632,-1.9132745175965902,1.3654578944989981,-1.0245866931454852,-1.1480985340734973,-0.4058317773207346,-1.3423830314616167,0.644290593102461,-0.9660222970928196,0.5014692742032589,0.9248808928622517,-0.5493574316760487,-0.7174530724418777,-0.8021668549618599,-1.0822197396773219,-0.4203574784240349,0.0673806024210696,-1.3830160053916845,-0.6419926559511446,0.1577766033466109,0.034675924804770206,-2.6671895879051823,0.633631828124144,1.2384496075818678,-0.5726414357366862,-1.734907476651366,-0.7643876978554843,-0.7938815451983209,1.1998553355219186,-1.0936480333605114,-0.3580345427567648,1.6782365603832814,0.16098056037732192,0.19559742870109828,-0.10119697162161273,0.9776866536233111,0.40405114114530627,1.8535430119918523,1.9626640979091399,0.3137168540253303,-0.037225900514114105
GENE0158,-1.713943997067495,-1.6990256270659976,-1.9398223991739656,1.5004529504834654,1.3696128561323162,0.7864869531287039,0.5380543764348511,-0.12729020974109,0.41889320915075695,1.5061566141529685,-0.38561427687574545,-1.4352018761514058,0.6272058971648163,0.5362551470660816,0.7596961244396169,-1.1972197307275814,-1.5002413916826591,0.264939394902242,0.19494622536120126,-0.3571775340481359,1.4467417370178535,-0.009890229208234288,1.2310220506905587,0.8782186066351834,-1.0899028288968664,-0.8869320085649508,-1.2822119030289674,0.431261371140035,0.09810777494123614,1.3500939233452363,0.5950826926233389,-1.297961656465402,-0.46205947077830695,-2.1104364863810936,0.2933728445692313,2.790748342898729,0.13081827325510498,0.20118536939744028,-0.01731748227851103,0.35585160915094666,-0.15623439385304017,0.6178554137565535,-0.7724172523331104,-0.7309754434660377,-1.2924797975909885,-0.032526149910068775,-1.1058233659986403,1.4525363893238166,-0.430940607793809,-1.9690155628213108,-1.1354255405753246,0.13504335296370912,0.6523549290685877,0.35392735572680556,-0.8223396341474432,-0.571229539935257,-0.6883402892486052,0.5666351370150909,0.11629513511427116,-0.44740315581303597,-0.6594597788528883,-0.5229400264942958,0.008486340711587777,1.3408216152681238,0.18659674172694246,-0.3366055700331034,-0.4145339407015539,1.7018944374152891,0.8247263799064221,0.9787111111740064,0.7473903585930887,-0.04994061428175437,1.197785937947242,-1.4678132924989218,1.5509412993469585,0.7421389233806317,0.48590000618704365,-0.7569863241880902,0.9309591388148828,1.1450471949323704,-0.7044089148943471,-0.6739776643400687,-1.0336088569434467,0.5479894893255806,-0.0981571578138971,2.1224834106870887,-1.5340901699509348,-0.8706191375516203,0.012025584791942455,0.6650113624326469,0.619745189361392,0.08449659425665561,0.35239236207840746,0.11843364606229889,1.0493655970176463,-0.556254964143223,-0.4429908994405326,0.6894329817648569,1.57233987637452,-0.6342484644026888,0.241182555152756,-0.37842699457975215,0.554765789092328,-1.6412748731956877,-0.34572367349003025,-0.5742089704217842,-0.3423539738532581,-2.538881896648163,2.02444762756604,-2.4941955180760433,0.4762066700018822,-1.2939187773993035,-1.2447131363767872,0.1380228450890939,0.6912470088662062,-1.0754757117633582,-1.1080545572959022,-1.2948998905100728,0.21470704475376143,-1.047194991883691,1.2887121948033933,-1.1537834750191152,0.541800827317001,1.5446746801162379,0.0688208645975308,-1.7903633068701383,0.4000686813402377,-0.2463180796032679,-0.04164241820118128,1.5860448567893932,0.05157459095266477,0.5134324114993294,-0.6620509555982982,-0.2806157612343353,1.1231900074410524,0.13632743204568418,0.28545949268138004,1.0011119697361803,1.630196800176051,-1.1558263904413328,-0.49156005615057613,1.4580753950410612,1.9924954086899764,-0.26195563125862176,0.27133380214529434,0.3511853575607781,0.23428514610215595,0.24758848277055628,1.364857387585674,-1.800743056109478
GENE0159,-1.5653211527781208,-2.022955215061814,-2.271139851252696,1.9734589801344795,2.335460019990705,1.600129099440466,0.27744658261079375,1.489503363617231,0.14186329820713017,-0.3035340067177484,-1.5431168548111496,-1.0032894910956942,0.004715960917291302,0.025649549189097978,0.22944190292056701,1.836493719939752,0.7511278314195411,0.8044660906862748,1.82797824915557,-0.35644652082415146,-0.5089098047149979,1.2224560956040929,0.4858331469259038,-0.044346212153086595,-0.06055935062546677,-0.17196967150938822,-0.1009966414194309,-0.0027930726620182833,-0.29745492986462474,0.5554115258492787,0.7465416529872753,-0.5646851171447034,0.9026206787326274,-1.2713718510665313,0.5037573134162038,0.5537517287087829,-0.08373054967520761,0.057389514687252924,-0.23347091849330356,-0.5076516717423349,0.0005059017199613115,-0.5462993125566823,1.1395337623731594,-2.1025422048530134,-0.13457606789004908,-1.9007618253778795,-1.0638496309927965,-0.5768090141988949,1.3395873831156284,1.1536810993599962,0.07269242167587621,0.06386266887650824,1.0374882160472316,1.131354565524231,-0.5747972962469304,0.6727618409006674,-0.9564485892351755,-0.38946592539770214,0.5942037314860442,-0.6576997171780969,-0.35499040046018,-1.658736251841615,0.45082098762308,-0.8825602107374185,-0.8211319604881048,1.3552361767718226,-0.6873364439212735,0.7524865538119101,1.0992283453903484,0.9172984966093122,-0.24915793156608274,-0.42719573274500133,-0.9133163944714809,-1.761507397781324,0.7722281014155891,0.6771939985331886,0.4769750186646809,-2.8381294828296064,-0.1772137040804575,0.6295364761901969,1.2865531209198295,0.29891460852855267,0.19389251610194697,-0.6788425443655479,0.3785555918189633,-0.23683308888415008,-0.7293653506359464,-1.1574252964097616,-0.9457159252294116,0.3249206263702566,-1.3878774628873716,-0.2941077709239494,1.3078093293580548,-1.4341183975528777,0.4492577560788731,0.5471794809536353,-0.29129178663612193,0.6221351865315605,-0.18803751483960232,0.7952768100390041,-1.0680834396073868,1.8890496927796812,1.4372505864688878,-2.2297166148341567,1.1724249199675205,-0.5770200529793993,1.4325098198225428,1.0088695027671408,-1.0871672657163192,0.5750853104396335,-0.7008429855362637,0.5380383639249167,0.04603581011266547,-0.7294901107614066,-1.3369812804758388,0.23007268314545332,0.46407240642889175,-0.15784655621131746,-0.7741249689515213,-0.4832140905828485,-1.0962290992534973,0.7361028732976659,-2.1593310849558507,0.9517248450020626,-0.0759376371707834,0.5216414117302741,0.6197561240663594,0.11729186796425152,-0.3900291866578486,1.1061329954666246,-1.7153192688490282,1.30179276664542,-1.1233253874166167,-0.3256078861739348,1.4313126129013696,2.229464642912334,0.1819710918788573,-1.3546054341582523,0.8539244220286815,-0.03902927624950636,-1.0620366662754863,0.21917021369043294,-1.309739501988946,0.19504708055221823,-0.9202435108241467,-1.9679874387573901,-1.6617239476338246,-0.6075975143043544,0.5018679368358924,1.2540693356235542
GENE0160,1.6701492762180399,1.7741924534431022,2.130087534659666,-2.3641635935423575,-2.3761342556368716,1.410461826357984,0.16115199018731072,0.8677669605328829,2.211469952975141,-1.564858190971569,-0.4749412562128272,0.5712261567782445,0.26655144399115943,1.0486590282133506,-0.3838032198614706,0.2059943036666278,-0.7562216874110345,1.063863464077885,0.04209273412478242,1.403770260315929,1.4110710623455225,-1.2816182421056763,1.5649576350286756,0.9310865203268435,-0.1565570067495522,0.8412275067319416,-0.5078870743602614,1.3610455976599232,0.09918469385955905,0.887954245206013,-0.6308542885000343,0.28170800399949747,0.8859443236003517,0.30775055620623276,0.561398746391748,-0.7597462710585984,0.30453739851595774,-0.7545935690334009,-0.018361817095647444,-0.49293315728106646,-0.20462648034815567,-1.7516266696292417,0.02646608961567541,-0.10752980780808609,-1.515388026479296,0.3412659454726392,0.8260229229617403,0.31527407094933296,0.7856842495727304,-0.5269812683238403,-0.2127825127220916,0.07417550124719736,0.14599036116128358,-2.3496718578093283,-0.9208856304183295,1.0023442202797754,-0.7823333998495458,-0.2469188361740623,-0.05212892320585751,-1.3403513513039256,1.5801641876978867,-0.031309759436666654,-0.8564609105871785,0.6484564959587702,-0.2967240129935167,0.05877595092145416,1.4088553081678725,-0.5411934825506218,1.1427849929859886,-0.3421971342212584,0.0682535683050613,0.3031294530691815,-0.34461394751966035,-1.0167362681301717,0.45317284834634414,1.1214870325811224,0.626806400418837,0.5979270800242522,-0.4575889052595012,0.6883606091975978,0.35814267780415093,0.8628960522352916,0.0986799262208022,0.5967675799790658,-0.48323044995338793,0.6953664853765239,-1.259639779304051,-0.3346635709128331,-0.6973447334942577,3.5058714035449148,0.6521335108484756,-1.0838095113270576,-1.3677301092862344,-1.7457006029201294,-1.1397250691608476,-0.8487638743705084,-0.9753532882674387,-0.46713788386548966,0.8345015615853182,-0.1991309775185228,0.7129013630851462,-1.0650868841787495,-0.3825468151370136,-0.9379904718585524,0.4427213922066657,-0.18115429106513675,1.7730780059286768,-0.670426588369926,-1.0396030667268645,0.2967397631334794,-0.17621240910024064,0.502511684437542,-0.06167210034686946,-0.14069066888440973,-0.6679693917664473,-0.2695896389417261,-1.5296690262193857,1.1976687498774463,1.269678241010128,0.9375060366456974,-0.45784225494186676,-0.6282634730827698,0.4990954079243434,-0.9516343203148528,1.1366578761342607,-2.3810999156571997,-0.4519366932649261,-1.0645926704425632,1.2469119282431764,1.0734746352189302,0.5643733436302047,1.915626305174645,0.010011983818507403,0.6312579199072178,-1.597587969366292,-0.3201319621112302,0.11004405890732373,-0.9167124957525611,0.2555224367955003,-1.9687390705044758,0.5001316508223496,-0.4346275220145997,-0.7873490867805057,0.7433652305059327,1.4638381687287345,0.89181243169469,-0.8114370827653712,0.6681546299723155,-0.255951792586667,1.129432317813106
GENE0161,1.0709639330912897,1.525496349732405,0.8859162275264815,-0.7915678179484877,-1.5398150929703802,-0.32493273435194414,0.27421281821765603,0.9080484605061854,-0.5254240392791115,1.2126758129210697,-1.7024035398099533,-0.8378963588321309,2.048262711728085,-1.1426128151986692,1.251277024961427,-0.02597960338201959,-0.07085916343043974,0.9352615649754317,0.7951657775365581,1.3337513154370604,-0.24705532939514388,0.14299095718410818,-0.2501933846739631,-1.111886596473876,0.1706287454105473,-0.16488711766775627,-1.8713846997166654,1.1093935435878404,0.14810321942690877,-0.7002288365439614,0.3324252909825656,-0.5241100956269724,0.20149451784468989,1.3872052684128064,0.39875038991785505,-0.48706571115909436,-1.0309478778586225,-0.7143384814718722,0.812039023797824,-0.0565701386731725,0.5597528756020167,-0.27965210720750733,-0.9333881156319407,0.5989984011251621,-0.8088972712108411,-0.4079318125445338,-1.223915204838713,-0.9352003659238189,0.8957227321736219,1.047863802346406,1.0914757488117788,1.0949258219656213,-0.354031768236655,0.6653929700558268,1.052887506078674,-0.8725890149235329,0.19377229628235262,-0.12758950539970948,-1.871350029255265,0.3256473237899481,-0.7145714588424094,1.0512243802489618,-0.7623523716720163,0.32911144967323014,0.11217977977555434,-1.7229839896487733,-0.32034163815695893,0.35727841174029784,1.0235074418053713,0.01853739005197755,0.9060892421785063,0.5373665288665046,0.5708127149661361,0.6155286619903484,-0.2745727971914541,-0.9891447318069879,1.5697546827278046,0.7683281208536386,-0.06847687651249061,0.6171596731504206,0.39738875978146154,-0.8541342967824115,-0.33782388035528976,1.3264405652168996,-0.0052987294202601525,0.37523126331094325,1.2596179891688926,-0.008316163020389464,-0.9313469868346742,0.11331057830322679,-0.5583460082905469,-1.3915762317972649,0.8030470836745683,-0.2563214004993908,-2.9852628822427696,0.25352148035261374,0.2658305246318299,1.9507857035460328,-0.004165415825622835,1.067610720102078,0.6465610996280237,-0.589422222777757,0.3482931726795381,-0.16441881423051805,-0.6877450636083573,-0.5165675826887363,-0.6522947953251026,-0.009688258193378416,-0.004726574982161799,-0.5497954102172288,-0.2081858403071345,-1.8759654960658474,-1.008451723429244,-0.2924439280169994,1.6716766066393844,0.6332365887919514,-0.977309781650004,1.6148272099523837,-0.0016068346192020342,-1.1346316682867568,-0.07891454247166904,0.9850879080828006,-1.133719164223927,-1.0361369193759928,1.8063185938375637,0.2964273559915325,-0.4716591348631298,-0.10621318357812501,0.2855231583196428,-0.19345343234278428,1.3498300199126105,0.0989302312771099,0.6637084935342772,0.08331558411114623,-0.037347718990860757,0.89295593717394,0.9139211343042957,-1.6335712576288155,-0.019278559228669237,2.0497092516036868,-0.44616176274788577,0.4540682060737281,1.2472608526944753,-1.1081429224732855,-0.373277325237172,-1.5718854266391313,0.10445918547440662,0.38483300286835387,0.6434533119000633,1.5737755823380535
GENE0162,-1.9963863089108524,-1.5786500364294298,-2.0120449321207907,1.6562058141851705,2.4548722750035874,2.349974486186724,-0.07204200235641234,1.3740553543260088,-0.11405238114801533,-1.161558818298335,-0.8163835530391541,-0.7290839473887177,-0.12224771154835647,0.40554937982028005,-0.658542848933108,0.7906148775092637,1.0472143802120224,-0.2633522671964047,0.9181408900021274,-1.9422348330087318,-2.358238198401734,0.8327888721228647,-0.4219157403055488,2.203656792889412,-0.09285431710910516,-1.0002808825386165,1.6866907330423908,0.6557856611533672,1.5487752993048465,-0.5865294424095698,0.36445229645515975,-0.8755894825650197,-1.7458794112915998,0.7424368893013339,-0.4568409172322035,-0.995799521399585,-1.3881348535200755,0.18273079841094525,0.06414060507052764,-0.4834657639176749,-0.6741942190047651,0.7660807327253796,-2.4822486780224478,0.630970950029144,0.46521408134497355,-1.2303832121122233,-1.934318536505475,0.5885590590791591,-1.1738180393097941,1.5733906299964044,2.1180673625589406,0.4267569903650957,-0.10141387364145628,-0.21902536784833662,-1.7059402497185996,-0.28572364587527216,-0.4586782547049063,-0.63617399323455,0.3917924109737341,0.13130941539445853,0.7861884412820255,-0.4435647806165779,0.602621232880945,0.007952053374052605,0.5964001425270242,-0.07771554701180174,1.7780377726452856,-2.441660361188673,0.6256174317358046,0.856460687831434,-1.266758996698604,1.8249653724854862,0.02234551364215061,-0.12469139123201843,0.37129800456814344,0.8875039953976644,0.13221669264064909,0.10067974076098613,0.8378382834844933,0.9688456641668741,0.33657579549306055,-1.547610596879644,-1.0185452944219333,1.0846677495090138,-0.27806020413295907,-0.598617157725857,0.4399646917385551,0.3159590478445712,-0.21813533025940987,0.7435515930756139,-1.2680146301316826,-1.7324318842919888,1.5025827508508343,-1.1228060058822236,-1.4755467765456884,-0.3261654080825785,-0.029601481109428424,-0.4783751217498539,-0.22843950173141273,-1.4213748106351864,0.7137709169947649,-1.5296241819076537,0.022507349351006498,0.23391699233084018,0.6488987989654352,0.22734580352534528,-1.088301632179222,-0.4112308098598075,-0.7039779925102085,-1.5730244274764638,0.43557398287542826,-0.7566602914350559,0.14872770696440726,-0.11110866627749161,-1.1358654123434735,-1.202691383023435,-0.3350682719276897,-1.3135033932697568,0.9887759285215094,1.34494687644905,0.7830292925387224,0.3490704507698706,0.061278043088645415,-1.0478672072542499,0.8275610343098732,1.3708395835192864,-0.33942888866705323,-0.03633093962980757,-0.807843101989764,-0.33123714425785716,-1.257548602425692,-0.2892570938936288,0.4326909961624766,0.3251594256938061,0.25068857787254956,-2.441288583162873,0.04800848848300489,0.6131525036237014,-0.008767283639551812,1.1354110854577555,-0.09968909562836034,0.39716044064670114,-1.0027098542503992,0.5862226748557618,0.7867721208335572,-0.7135845921122078,-1.4294597003250686,-0.45082341107713203,-0.9981603007398593,0.5988933435717095
GENE0163,1.5535048494847818,1.7014362358434858,1.9603144595533688,-1.5238760314558641,-1.6701539441961346,0.27563296788373315,-2.0763670303170194,-0.2746908074173299,-0.36444100310552613,0.36156286855618697,0.050407579212079945,-0.9545058485177996,-2.2587494578265033,-0.7706624552844793,-1.2667873797738771,-1.208450893664569,-0.7348166194464202,0.8176457260783908,-1.2691991127377964,-1.8549915148115586,-0.5794902937541369,-0.2784069882877729,-0.3452388257321558,-0.6595764912554101,-0.24468058146863825,0.21550734964764567,-0.8720188700060769,1.0021609527919988,-0.18305772789915215,0.9794157462536135,0.26353593325652,-1.2602580457136845,-1.9549589945621006,1.0649885920318591,-0.912438604082267,-0.09715420463255917,-0.6027293487803754,1.3424074146459246,-0.07467471010404506,-1.3802817263790528,-0.26381528299564994,1.1246654557934046,-0.8700521195089783,-1.561694506799495,0.7301878551878013,-0.9789400599368574,-1.6999821246734823,-0.9452393052823004,0.22221911339845182,0.3868418195334683,0.3439321087363135,-1.0785038559148004,0.846853693399184,0.6836197510505335,0.43261564955955617,-1.1046460168216612,-0.6510802724623264,0.2815747161325989,0.5461267413725744,-1.0456378672053173,1.7175297531385287,-0.16957051508106274,0.917189441135346,-1.2731847457745118,0.17539540717177288,-1.2962562680762364,0.12111586003065766,0.432427280835588,0.487908089857875,-0.7677277138131968,-1.8490401854841048,0.2924992737177852,-0.42857758919606,-0.42909869290191643,-0.9521237421480279,-0.08372243519082201,-0.03464218925122146,1.0250168337050274,-2.046552861964885,-1.3527840398123527,0.42992384669979705,-2.2315987283974175,-0.7528380489875021,2.3445868200543676,-0.30772753259641233,0.6694108974440749,-1.7117394623358606,0.6700930893557933,-0.4072718061954245,0.25933097134688443,0.526805541261995,-0.5444698732599226,0.45673832680186466,-1.1506958624638546,0.023853702663337317,0.490028253317602,-0.569439588786998,-0.9927493009876758,-0.48620512243753466,1.0601856663243232,0.9068387683699508,0.7308048299381706,1.507831343803759,0.006297492454957948,0.17589375195864687,-1.9929654458832282,-0.9100186590511149,0.511472632708368,0.868221588532805,-1.2927564198436485,-0.09308927873538853,2.1594143713093117,-0.08771650645840447,1.4448355124267116,0.34728836677140706,0.5613686341043266,-0.9094796139659705,-1.6089517293264544,0.7224080067382691,0.3071045764250518,0.06056830704670717,-1.327105855650484,-0.3567629393485015,-0.6166709114020366,-0.5187505602952017,0.2284770250918683,0.7062292305088332,0.28607583562911,0.19446121588376344,0.11351865360251454,-0.17477313011859127,-0.8306659927265536,0.046846072395045665,0.7472760838722076,-0.11529688893053265,-0.9203633931166495,-1.195644430984824,-0.9537823799208845,-1.1437335394964545,2.8912118498389834,-0.8777288488418113,-0.03843056076158956,-0.08676980933351232,1.4133148334034842,0.42937407540625566,0.4244945105469875,0.17438566553243479,0.27509325299977194,0.3222551561713934,-0.6274076383233577
GENE0164,1.3542493190964555,2.2978592036020578,1.7272125230669668,-1.657450767075606,-1.9526640512921185,-1.473758007818976,-1.279323569881946,-0.0738782513166047,-1.6155686832575422,1.9496597523514017,1.9522322197953275,0.8854932673920671,-0.3694091223410694,-0.48360147194018865,0.29653583195876704,0.5966205163817784,0.2962578373574721,-1.3104733941124767,-0.1899087070713496,0.5332657549792487,-2.361538389993931,-1.10531111451137,0.5258695135564639,-0.3121397181067578,-0.31112344397990344,1.1084416200825367,-0.05381086900532917,-0.47345425656082846,-0.3085735567197574,-0.27564558692604485,-0.8345401287039296,-0.2225306528817864,-1.1399022137086863,-0.3333230972922531,-0.5160893007283645,0.2313536365498543,1.514524244784984,0.25956715058496116,0.10314817822142636,0.23383580285569414,-0.8628152458726148,0.7019563337598107,0.40640164203661816,-0.04498758352418838,0.3549782036937505,0.32764603895298255,0.32946174782298493,0.9942661357839931,-0.7581243357040363,1.3112127287580826,-1.6026582706837638,0.6618896035170411,0.16776031847117723,-0.9629104014319679,1.029103052433046,-1.8135142851696564,1.6252227452879815,2.256814402525205,-0.16320015758696935,-1.0277183560500989,-0.5777371342342039,0.9751145211207066,-0.3223748489583755,-2.935490821432694,0.38342736864214666,0.8938388109634029,0.514311918251578,0.6733222755307888,1.6045229462218031,-0.21146055002250272,1.7183255901465706,-0.15437204020534262,1.1266515630387623,-0.14241036015936429,2.038305825759681,0.647917588333574,-0.09617215797429893,-1.1995827154264818,0.2062132268221163,-0.8192772249133146,0.4409999447051571,0.6589678730153735,1.0403609061715406,0.537706650512417,0.08005796251107257,1.3245698181930392,1.4404677394012766,-1.0527071727028394,1.7620778076339698,1.229046158974032,-0.8531140034771788,-1.8791341743318104,1.2044724099051602,0.20624563762743722,-0.45534403524485295,0.313926446629339,1.186278271231893,-2.0315773243111184,0.12618315725359716,0.05740397701931097,1.4964560593725689,0.8285327771235158,0.8192281477032568,-0.4438569394969491,0.6695784305050845,-0.4851442654281422,-0.10874036302393643,0.5738875295691603,0.08538231043499055,0.3162372510212019,1.313044386990526,-0.3649660817981491,-1.0375996955578972,-0.906762062917125,-1.1244764699534253,1.607432550945298,0.6542407547832082,1.0705335735578865,0.8912830354649167,-0.1984029863845394,1.6298878685929792,-0.6909016953544066,2.012371447206125,0.12371225161601178,1.7886896662497807,-1.04910393728828,-0.43143897898355643,-1.602891765263958,1.0422478330483995,0.25321909055315567,2.0166124234609777,-0.4839833918632709,1.3370831775567942,0.07991510450788056,-0.09378918838834874,-0.2893831347670742,-0.8451472527435062,0.3742479186332696,0.2113917363391902,-1.5726827692728509,-2.5112126684852654,-0.31299658214695447,1.1619952675814986,0.222071116667942,-1.3027163067593057,-1.7738459337395758,1.1547963279335345,-1.6530422150039252,0.7593402928021163,0.5690419584181278
GENE0165,-2.058423476217099,-1.6696204483485313,-1.5590608032785256,1.340220984537926,1.666464638741207,0.13306196538049428,-0.04038663978035979,-1.063779191450438,0.26430980213018973,-1.1689913581687024,0.38216268136080717,2.173759407717909,-0.2042334860648611,-0.09489130469109,1.4165082975506988,1.259487925425993,-0.617645358877866,0.6882155675004508,-2.952629617510243,-1.004118320512435,1.0698813046722213,-0.5102249158994872,-0.20033187660301388,-0.9243204370107089,-1.0847262372915498,-2.4961800219763663,-0.36315047393556793,0.46561034402840196,0.24685030265513333,-0.8320160746403791,-1.4289917375127688,-0.37387666604325753,-1.3289683564502022,-0.7675706478861412,0.12910574042228698,-0.8715063590800407,1.2863148690981667,-1.0458163185834688,-0.6047807860317715,0.8497309956221186,0.6904244156423248,0.5166200467943914,-0.6380481693431806,0.584128321459197,0.7920645499261082,0.4416910823860296,-0.03236310990836913,0.5770939079373297,-0.07577489409196071,0.40392816920289787,0.07461397303167376,-1.510688750852842,-0.5837256583339152,2.0804607714384686,-1.937404675694699,1.5522366939143428,0.6255292437004567,0.034223319690265874,-1.6804127116316379,-0.0011495543398780522,-0.7463231409704632,1.1889785216677367,-0.6666989871434867,-0.27582769790392936,0.24618023383831225,-0.6445283106356816,0.9585903186942275,-0.29589012159399175,-1.8808388009804358,0.1507666641911813,0.8073741438163111,1.438030886920464,0.552668967022764,1.1531348786791829,0.4907053801601204,-0.9594167788871978,-0.7812342954552022,-2.29876429842855,-0.21685469159106374,0.6528198911803372,-1.5778172790395224,1.2939738745059608,-0.10279249973736174,-0.8963804510022381,-1.5829347112058996,1.661053976034506,1.182097038550029,-0.4034077620695098,0.9290090285976833,-0.2095567976929574,-0.6044325611580692,-0.6532452236966514,-0.23214185322811606,-0.3985552216512648,0.06146633792185644,1.6083461057286146,2.278336899957568,-1.2025631360276268,0.4594612998204094,0.20963008391828628,0.5304674904525988,-0.4501804227316995,0.5441076535168716,-1.3796822591261741,3.3822428762351637,0.29060916946140414,0.7300295312062078,-1.1182561446496022,-0.6951481700270656,-1.468582216488888,1.456285288912995,-1.109698001848983,-0.1888444550033698,-0.1444408360783805,0.4732027780727616,-1.2924203443622115,0.8596129393798341,1.2449811128143873,-0.6600494905053718,-0.03659142513378376,0.6265452686801465,0.25557280503720103,-0.9997194822099391,0.7012639250384477,1.5126942580929401,1.5095516743053912,0.5752749333622718,0.7659729081545613,-0.38918808111602776,-0.9172379158320894,-0.06870756670456205,2.2644361479458874,-0.5309968495586126,0.4344131504341494,0.3777625802011493,-0.37431991925421876,1.4836257436653333,1.5888104138074497,2.6670572308304545,-0.7984056574209569,0.40709722959801203,0.08855886207677965,-0.6864135896442815,-0.6661872842703866,0.16682557146429558,-0.46692692598392155,-0.9796558027189143,0.12358359560917835,-1.1062751266053987,-0.4663555782856685
GENE0166,1.8779549847611576,2.096864591972833,2.025731509680893,-1.978168473834557,-2.317748260618777,0.08245702989758452,-1.0143171809792118,0.8107593597556704,2.5261794491448644,1.3649923683502012,-1.3001208872900298,-0.19764098893855486,-0.7329833432593729,-0.9260720276904779,1.1350443777750294,1.1139658216309158,1.7754419096780154,0.6783490301314178,-0.044779223554883764,0.18789179974112238,-0.9055814964467445,1.3700994866880023,-0.741205034638168,-0.40860821388401597,-0.3036935961063179,-3.0709889462277067,0.8675621516799731,-0.9477365783678169,0.6894901967413225,-0.4485600217413734,-0.45741878451602247,-1.1105712151738012,1.3884386811550906,1.6112357579255077,0.9998887126522745,0.26511150080124585,0.1357184046929536,1.0865927093728471,-0.12569062026261868,1.3176548508270345,-0.9626296279733129,0.9815823325972547,1.285092823747467,-1.098113122210825,-0.8390290359061252,-0.04447107979044405,0.4231223673518206,-0.6175949809531657,0.0921969165877305,-2.0662146310098857,0.7649923456034087,0.8120350668947103,1.5209996491393756,0.5737737724280197,-0.37006865223977525,-1.0143278886422185,-0.8131389817435494,-0.08882064942586936,-0.8468374787977386,-0.7684217537432435,-0.037773569434509824,-1.6116046444752332,-0.9907633729489562,0.21843449505768472,0.26649986727780756,0.8648830321968387,0.15494856082683417,0.030924820673397836,0.6370310606037285,0.19030178986836324,-0.9721057060499688,-0.7995551979887466,1.6765765669516448,3.2169835867901884,0.736100555840965,-1.00841389005767,1.8989653346916118,-0.4302353353392509,0.424907632534393,-0.020402107126044244,0.1859811164947087,-0.4402823833802132,1.2978844539573071,-0.1844496733531008,0.6126977170240864,0.591076235420115,-0.11042952073576444,-1.5047132730263943,-0.8274152140858166,0.7119749404149304,0.30741652918225304,-0.8150312641441744,0.04370319269480575,0.20965426582870517,0.5827623495047128,1.820266331029392,-2.2828738651196097,1.2106968400430538,0.21718730728048394,-1.0302679571818611,0.16488596680360645,1.44641298775778,1.7456955242916676,-1.0211597556335346,-0.8486010674305268,-1.2929965133858505,0.2330201618355921,0.282353703268109,0.9874944315118808,0.44131336970445634,0.8934967632235289,-1.3869466213354347,1.7527658861736692,1.2972326700689625,-0.529197659071448,-0.7872221296404074,0.7462271622912312,-1.5616218732338785,-0.7352075558555196,-1.0277602509423998,-0.09682974696492935,-0.44397165052967513,-0.7854156279336412,-0.8836673755988683,-0.6390520523104248,-1.190098355087061,0.5426730763910991,1.1261580396444812,0.40153732790927343,1.3828064826120896,-0.8405606690608852,-0.7486606211479161,0.442268522359608,0.5722353666922803,0.015291995295807182,-0.024819622246128183,-1.0661374021308438,-2.660522995393271,0.5575874056746811,0.9818237728833917,-0.43613689366180736,-0.5521200815885884,-0.6587776924022384,-0.37518506214532843,1.0062395567583795,-0.934741205241802,0.6454695249490044,-0.4977267590346284,-1.9940213537652376,-0.3432864991510838
GENE0167,-1.5739896988999837,-2.788608260496465,-2.2436189609336146,2.2384296952602836,1.6358212921103399,1.5423451828678492,-0.7929374137549088,0.01062798306253543,0.7586471755938273,-0.7141137666640816,0.07309203496388104,0.982117875346927,-0.5197772682535587,-0.17322484326322593,-1.151579177797465,0.9469184737353108,0.15855321728211086,-0.42540410954929025,-0.30833021995069865,-0.009021880573374906,0.33418693229890495,-0.6527251131276176,-0.5740906595914261,-0.26332845260264487,0.15101988632431063,1.605934138728761,-0.8027373682068542,-1.6529768939512521,1.3999221270209399,-0.8779130836102628,1.4675451276792055,1.2435817205347903,0.5443006148308525,1.2154926684870857,-1.831573596391734,-1.352377074749181,0.28411329535018487,-0.38677519729828513,-0.7850507414912696,0.8079702659154591,0.25750501190948666,1.049314514625835,-0.37190006027034567,-0.01642757273097545,1.5396346677812376,-1.2833919769583346,-0.08617765678353949,-0.8744055630644767,1.6954875051353218,2.4057542736621467,0.20986921710529222,0.49264796952469264,-0.10371291899224043,-0.14234256414661467,0.08355358524401581,-1.3489548043426323,0.6602944476793567,-0.9853673440880708,-0.3538501935617767,0.03318104121039646,-0.7621491075067962,0.5977672982624946,-0.47542445978800635,1.0655637839313106,-0.8712093633106183,-0.16688590684968155,-1.0718789908293715,0.9824784267720141,-0.3109152193662554,-0.5571239976798625,-0.18995432395683556,-0.10951843596763612,0.405314636204498,0.5391201720708985,-0.15158408776429266,-0.03910403619223957,-3.1069260191991868,-0.45200767305804407,1.4306853165192506,0.44869520021855525,-1.0731354266731266,-0.3875177829085516,-0.5966999758391445,1.0701088429898735,0.9686165100631691,-0.7810076060760212,0.0098760626400211,-1.1337768565258166,-0.6266153090729425,-0.5897554797978153,-0.7022622578076418,0.3662045382369723,1.3491444742476182,-0.0602732717779427,-1.0549456435706173,0.20810674590511025,0.209473897843027,-0.1887478325133724,1.859114804641165,0.24412702088608149,0.5738218468920535,-2.2422099002726443,-0.9628913596242082,0.51390906501423,0.2838154354316865,-0.37849392561137807,0.4535650790171275,0.9273001922371351,-0.47282642084329146,-0.6230013158930239,-0.25598392457565067,0.49813719027966596,-0.572595236407886,0.8529183421236263,-0.4820125986306404,-0.5595634660696852,2.3464493568647145,-1.2345841193631235,0.7817180386174146,-1.8064396702355212,0.6581776985091147,2.691794673814491,1.057042261196059,1.3380689892965485,-0.09608238645868752,0.9422684386745112,0.2486579227620821,2.0259636025490693,-1.1066353125478474,1.1874843124607666,0.42770273525857644,-0.9128064712376655,-0.27445974039105137,-1.6009504911209134,-3.2648314800201907,-1.1995541043074305,-0.38804261784959343,0.08118747116551278,-1.3097832656785362,-0.31660298832124273,0.23641298209678027,-0.576405649002546,-1.0808575625560917,-0.7313462232083958,1.3365826377007834,-1.7267063084454617,1.1543525208548588,1.3653527245967476,-0.3562463783835583,0.46014388576669846
GENE0168,-1.5826867218123877,-1.844151947049395,-2.0480256520227034,1.2217746676136416,2.076869903970128,-1.3192220946210158,-0.2936731427202118,0.27329419368002966,0.7216119262181734,-0.10921538481326784,1.7860363190992723,0.03259704663633234,-0.47537115108016537,0.524541674581635,0.7000549035541545,-0.7628380650254947,-0.9386110774725654,-1.6419553479546845,-0.2889455016157498,1.216758238361086,0.666116837635053,1.1238664956919266,-0.6543701519743749,-0.16338501805032468,-1.9057372056918498,1.0078683541915205,1.3427415562735934,-1.066571555799511,1.6257494249283053,-0.23448923120330956,-1.0832761475891712,-0.3159408508458155,0.6284231502440458,-0.05385684118451689,-0.5780356749745817,0.5923247282052154,0.6844737091697553,-0.17392081259851633,-0.3567582391842619,-0.545615091149155,0.4785685658262142,-1.6042316949519322,-0.7626356063765112,-0.16204045906229825,-0.7882297370232847,0.2539761588561609,0.16337413481148777,2.4806655578622765,-0.7612592411324928,-0.011143927605751067,-0.9569365446970746,1.9398024898680992,1.7012201455433127,-1.5679198145231794,-0.1644711792196319,0.03603287309520233,-0.34018720372599376,-0.48387920070736273,0.7709023889625445,1.787869904551495,0.8070551347990526,0.8641486658962167,-0.354833148355583,1.017338541971477,1.0140477909450367,-0.47463846934340614,-0.23308884201799543,-1.575222603206657,-1.3525811955430032,-0.4337329673113364,-1.0697743968707762,0.8044124855023866,-0.1589703761243024,0.532575500597384,-1.2207799321756712,1.2987624822646517,0.48956736854829364,0.40446436288432464,0.9468607730140203,0.318770031148127,-1.0134072592736927,0.6268928194842975,-0.787414782898855,0.21088989994715018,-0.7728257528721194,1.662216427534441,0.6696549532395544,1.0074425212393454,-0.7592362943615609,0.29890867729071147,0.19020210032479018,0.11032164714775473,-1.9374253778698247,1.964282122370966,-0.03846439050330999,0.5018095249542994,-1.314744357078559,1.4637518030426806,1.3793941212451364,0.854377341471164,0.27284834271283476,2.335520893756594,0.983098489810972,-1.3661222100138457,0.2244867589402631,0.5837501436630098,0.10505078226578544,0.5731049161808107,1.4412333854125432,-0.1886545695081539,-0.37990291232555723,-1.085513022674733,-1.8659362252559817,-0.31224379779611117,-0.6772866967530925,-0.20663098880251304,-0.5852251823413607,-1.0744321285875014,-0.5504872639918358,0.51301593078462,-0.5352507286112158,-0.18866853438029949,2.0946514531061515,1.0751707322839845,0.227855960512026,0.26098693032031833,-0.7103107481262934,-0.41991432231524006,-0.2772875847536523,0.10500721489213552,-0.04411600767179164,-1.1284452559048697,0.59604215712279,-0.5734931562728595,1.9223458376666447,1.2496303141701446,-1.6615526084419563,-0.2532098482065603,1.6082831585970836,0.6627012713306347,0.08907337827973262,-2.3252325239478,-0.21756724980072378,0.2103622847489144,-2.055972388692753,0.6133768060328839,-0.7018445273715551,0.301297078306563,0.13182617548111425,-0.2554276529818654
GENE0169,-2.573250064772179,-2.9707913528851226,-3.275663303995523,2.902827935935937,3.0145893828852777,1.1868160234220506,-0.7366322021997084,-1.1743118364953253,-1.4761226049126905,-0.3581559259724111,1.005871968741621,0.1583601522341749,0.5084588361483869,-3.227071984266752,-0.2290168274382205,-1.0524874551169503,-1.5799809239943792,-1.2038584213928043,0.0709250307028196,0.6577609085446663,-0.9103976836191963,0.5890860749745981,0.8164123976571149,0.3296182343981416,-0.858258122463228,-0.4973409076024369,0.32777516990572697,-0.7156870414285432,0.6466416567330809,-1.107994754690382,0.38095088921207465,0.9069393196997899,0.1914641022280692,-0.9904857992476561,-1.6304341263274367,-1.107274854964595,0.4873908533951332,-0.20596056248916597,-0.600522733980478,0.3977352436656701,-1.9859614316901044,-0.2621465397205813,-1.1067272581730898,-1.3505329966422646,-0.5145804598405583,2.4721714513625326,0.6321447084375785,-1.1305985632204167,1.2109180473150036,-1.3066692309764605,1.517303978255719,-0.8815273087521788,0.10953631496535014,2.085628588735579,-0.35037160563076825,1.8377436153003923,-0.07213587617624656,-0.08710520535852988,-0.8860766819576824,1.4124145312183314,-0.49560690733306284,1.9051570601760803,-0.6277757011336205,-0.4553004100299999,1.003954683390948,-0.10847731842761277,0.28842643519731553,-1.3090013887371201,0.11020364934630288,0.37106733166954337,1.7242954474334586,-0.4784263998947005,0.33749901326902904,1.210221031517156,0.04262440442227257,1.086170107311254,2.498273379289094,0.029585426729072554,1.3236301685549294,0.5148421928734493,0.8574463881765508,0.7050125712466379,1.0664993147096082,1.0002910705202974,-0.07026903417667048,-0.5559771262163905,0.42537558125650893,-1.4530946045618658,0.6186221740984296,0.7458785015464382,-0.17885810394093826,0.04418049364936331,0.9118591448567257,0.7471471248429689,0.926789155018808,0.7770029625172802,0.10630344967340559,-0.014873829490969586,0.4223278000230179,1.4534930704257203,0.2642742314819092,1.3051585709987308,-2.0327493548321627,0.3216119684980479,0.08264453986566916,-1.6658073959411888,-1.515203868973601,0.4613206248871888,0.10712978530625153,0.7904665831645098,-2.596806204383699,1.069413764731721,1.0767944919656516,-1.38325948552308,1.407995525444814,1.7904089735170088,-1.3336463566021994,0.10764366713619469,0.19818859428439908,-1.797639807236755,-0.3300397830132879,1.4041034352051018,-0.8599744155543277,1.8286621280294055,0.3685481057512981,-0.7913756920140128,0.045121967383527466,-1.46345965818056,0.42823494801635187,-0.19226081222583638,-0.42620890025907093,-1.4461027280185585,-0.08092556095859624,0.20512930073540334,-1.3703374640003054,1.0811274741199504,0.2779167959189828,-0.8483128963106845,-0.09542540759167957,0.8369284352133449,1.3696410053828696,1.5869521108796756,1.8002285381302925,-1.3303952330879645,-0.7100242467042406,-1.4011730058389058,1.0909790530148702,-0.1728775227192876,1.2627276942025538,-1.4171854177947767
GENE0170,-2.859567980044285,-2.8064751139236495,-1.8719262898872913,2.680037754004754,2.6189459106162367,-0.46613051643330117,0.9594319097092565,1.1135270950424474,0.41364169441080456,0.1807295281423227,-0.9306400869747108,1.0701904616417472,-1.1969238653861733,-1.611346920052112,0.207665570312392,-0.4432481290102483,0.7235437606733699,0.48450470440323173,1.7077698238158436,0.40454878882614587,1.0598283566838047,-0.8513577003548688,0.711593538024513,-0.27659807959742916,-0.49398062965452055,-0.9025208390139428,1.5423709724388834,-0.006880400102028218,-0.7884156331940952,0.6780800073626503,-0.4399539922210124,-0.798447225501649,2.9021706348036407,-1.2087724589036493,1.8651071593741544,-0.810386240173333,0.6260035517187722,-0.10160298252763755,0.7364137950565769,-1.3819808987131919,-1.5040655918735732,0.7669429412022003,-1.7801739117340372,-1.1686286828570198,-0.08972018910044884,-1.2941520124676045,-1.1666935391899966,-0.4110586047583252,-2.1845269375881022,-1.4008949591767739,1.3401333721396091,0.9569115709409651,2.265148536261676,0.5947388705931083,1.3016168637924865,-0.4215326140249684,-0.18711839063866675,0.41290609047042764,-1.8938062523355057,0.5457724270702097,-0.6238157736022603,-0.45613492661086713,0.9972602630203073,-1.552101799130862,0.0551638617446861,0.4478487326490578,-0.5303488180325058,0.037326950985964995,0.08543234658079632,0.8974354289440717,-0.1824152373151762,-1.252298134162223,-0.5779094916518412,-0.3487786492888781,-0.8009705015449708,0.18941886551813444,0.14161091568772208,0.08985575524256213,-0.8975172094498055,0.12979141939258962,1.288300604596071,0.29455288030899945,1.0723279007441147,0.10891823324467338,-0.6372574946025921,0.8603393329406418,-1.407269859438544,-0.5583009160358806,-0.1412873120899389,0.6527676617035097,1.274569696935241,0.8464716339274181,0.7461274297952186,0.8646005863886839,1.003988338342223,-1.1376279913404455,2.204805026717396,1.109719581705981,-0.18098247794339253,0.3713069185677303,-1.3134540190555344,-0.25983722000107284,-0.3421231696459643,-0.4244053229308657,0.8144241552427022,0.10426895714306594,-1.1943868853678001,-1.1755083130505983,-1.9648295325117544,0.8797131798019319,-0.22461483793658132,0.7546791398071353,3.1400711174937883,-0.8988514649944812,0.3269740849523433,1.443196986880234,-0.4889923835576295,-0.339220291345426,0.5303228814368888,2.5428964457436356,0.6363688547798483,-0.8427976078085702,-0.7218785348575827,-0.4884064331471405,-1.8195821394577085,-0.15933541115393626,0.007466320593719553,0.04605604282380473,-1.4498765120109498,0.3453032973534039,-0.9839521373941029,-0.23893607447308596,-0.7425952415896138,1.154655905388987,-0.6851984234608143,1.345605684250839,0.1363090256215077,0.41985655815878203,0.08327786700026973,-0.8522661909803393,0.40601933967979664,-0.42993201418066335,0.3176096345450723,0.6039212068414063,1.9071034133448856,0.47087742836615704,0.9566252997067817,0.6605288871095782,-0.2249859885279659,0.6791051627475824
GENE0171,-2.3832888461816073,-2.351655246538683,-1.941930966885785,2.0318049067027073,1.6308991323670923,0.6284491796281995,0.004687247371700142,-0.2841873768471706,-0.8635749350061727,1.3007880526290998,-0.3926406615840316,1.586582594749442,-0.8182116969603536,1.5076743346127723,0.08394121403370815,0.8607298667107548,-1.3005473286570142,-1.305357417700682,0.2580032430071763,-1.013872314461966,1.328988385081543,0.36400488253885416,-0.6441768555679441,-0.9200404962257642,-0.28853410918447614,-0.567828761418755,0.4952905553873956,-0.07674173081273157,1.16837623393722,0.6322204387036022,-0.8669796318465463,-0.42555507180835606,-0.8645110251582188,-0.8636155641117497,-1.7952794226868964,0.9412496342517968,1.2923201351052573,-0.9875565970922491,-1.0882481035361067,0.5609277657437176,-0.8193750806251868,1.2740751564877033,-0.7167444098096838,-2.1384179234065126,-0.13026197630890002,-0.5923145381164844,0.1472862840260032,-0.34891210662960886,0.5765417163795801,0.4231266451155033,0.325735842130716,0.1907719305925331,-0.000623176899871723,-1.3973132971889952,0.3892787315217377,0.7319562774900421,0.348985033294006,-0.20150889736848634,0.5903439118771275,0.23662352181409577,0.7101077460467076,-0.08757758482390676,-1.4273584371119512,-0.1787674201482074,-0.9486662238433999,-0.46362783997579016,0.08653244108015462,0.9900571107877593,0.6660064141059328,0.20881735660542772,1.2481244897723196,0.04737443401531086,0.20238350198792382,-0.379136695114581,-1.0694351753515674,0.5569230165083673,-1.5680967181388359,-0.9312525410403725,0.1775166202437275,-0.8489908479182136,0.01778874035591434,0.14737436927986808,-0.5602833661721806,0.05516451846556768,0.04179136862600226,-1.14058393294557,0.5465614854044272,-2.0308581451747902,1.8784306986608357,0.5340804105823167,1.0211605545363918,0.6616997370488624,-0.04280395798856224,-0.7719434637189526,-0.02457295672053189,0.836117153189476,-0.822659506188728,0.1570248172347892,-1.810192155363967,-0.8083801467317573,-0.858667293448665,1.6803499538682414,-1.3374403318258017,0.39855335149157034,1.594472614737505,1.0054133002314873,1.521450157169277,1.669951282978696,0.05618151678074117,0.4751055784198079,0.19492639126912756,0.48076852983170315,0.42179704058209344,1.717394551251721,0.2917802210326831,-0.9537718321627254,0.5958372940409201,0.7308048278259475,-0.8219541056615981,-0.8628555215014823,0.9508435993402361,-0.5330362865479623,-0.4135823236567531,-0.46147075177055413,0.24513021353005762,1.1032323861215487,0.66863583518759,-0.4622637830618063,1.3380659269790276,0.8694263781695669,0.9924641950780103,0.9599278700956456,-0.5145889810564419,-0.9198535488916011,-0.33842295813327844,0.9906046298638753,-1.1798748414382605,-1.31510613482197,-1.8137808245183693,-1.2560910715249165,-0.789088675511887,0.1244950954306362,-1.1514746785015864,0.6619481726630806,0.04506921485319545,-2.0428709059209362,-0.018523540302303382,0.1415317122520896,1.9165032067183303,0.24203206460620047
GENE0172,-2.3278959890138102,-2.6395080238137916,-2.159930097404444,1.8474530144170478,2.389724219881546,-0.5365706858945376,-0.6526237634388614,0.4690759918729839,1.8255636851580956,0.67104604659568,-0.3426417019160762,0.9848596384708694,1.7938578884156093,-0.7687892820425916,-1.0006866577687863,0.05586313489352404,0.3011486340469518,1.384056377326512,-0.46877039729276826,0.4018789866259651,1.5568988099865835,0.22397890215302094,-0.39521787573338474,0.5701970555231892,-0.3303637032546099,0.3376217827466376,-0.18640835188905627,-0.1443387265198116,-0.4028484823351776,-0.5737066866414319,0.9939840905447994,0.18997644127482605,1.2738053552809596,-2.2503894932578596,-0.5198068281517645,-0.7406879627284342,-0.253947248475693,-1.0319977049296458,-1.6072708956063038,0.6722546490030943,-0.5932051259193936,0.5556588918570415,-1.1783086102152107,-1.636008579151261,0.24122526681515924,0.6326833769689787,-0.6155548336977341,-1.017072451027927,1.2492726141834793,-0.05722822602620605,-0.998126015092417,-1.497092598631732,-0.6884182762894664,-0.39432125908374105,0.7628604844305278,-0.016693239534585715,-0.1354889413514956,-0.9153607618436007,1.380785786697017,0.9764865127788058,0.8966994892570667,-0.06085368274200603,0.4010237996660596,-2.5750388443679153,0.20244681162812225,1.922881694713039,-0.5803563753213735,-0.985604583527803,-0.1423804952190998,-0.8614383167672617,-0.9241314619201335,0.2650081530323211,0.8244983893518867,0.27405575613011496,-1.1463070679944427,-0.6692107201110853,0.32107764790142856,0.6574034619786489,-0.20801759135869793,-0.8933132319864199,0.7744214036054885,1.8124722897203587,1.123806760805098,1.9844151182373881,-0.6213862767964047,1.031397801919874,1.2883954932194481,-0.4871236307288651,-0.8256329392522954,-0.9611069094257415,-0.09100739288704224,-1.5056938721687458,1.689462897998741,-1.2837744562569908,0.4218232861742496,-2.263094540589073,2.04525862507221,1.2494372807460705,-1.5937953901893809,0.30504568636554646,-0.24155410045358058,0.15502186714025215,0.6353165710718788,-0.8005780468528323,-0.0536144154873654,-1.8095072257543927,0.08318535246977922,-2.0590432757478982,1.305794767735239,-1.4648238607711577,0.2943192490353658,0.8286286211368612,1.8641501107119873,1.7733464727707555,1.3939025239838898,-0.016039461404155957,1.115654871666828,0.27595220853429714,0.3611919526325922,-0.6202174652017047,1.741495222697658,-0.802870026743361,-1.0704049927889578,0.4076456555588818,-1.7920582747828795,0.11755969444974049,1.634631834909587,0.4150866578544383,0.03161924530426891,-0.8399909368235391,-1.5022731620656051,0.8635582457245051,0.027990295807072494,0.6245289100686552,-2.1921639240006368,0.7319924316095656,1.985779549373067,1.3413058748422861,0.2966593265160524,-1.044472538378888,0.12179664041887106,0.1540880330055167,-0.4956115982272706,-0.41925326344292707,2.0985659045592424,-0.9657225906570324,-0.4288758382637355,0.5611077487342973,2.1809088193684736,-0.30104449544285555
GENE0173,2.828909746252832,2.9938341752521507,2.984867413240859,-2.903363792994655,-2.7460736358155278,-1.5125914665320204,-0.7887259510980241,-0.6482554662044676,-1.955285284411402,1.219031671831758,0.4307580051425291,-0.42704723033184777,-0.5748492450730225,1.0884929532441008,0.08998643972692573,2.085670953024382,-0.4476234655262884,0.42557911557896166,-1.2314087828393023,-0.4332480997380162,1.037509052437578,1.1788189731820586,1.8413130277173524,0.4450601859327594,1.2357608819390562,0.6238873312555733,-0.41302716572265913,-1.5140820292360908,-0.23146383251895342,-1.145291020209936,1.0545940642878193,1.1113518669933116,-1.0155255346254368,1.1121456854365446,-1.1803047566372284,1.4446284466304904,-0.1616634345188339,0.4587655211699281,1.4493589716834743,0.5968937035016041,-0.1335896669003642,0.8746674972771028,-0.96746112160168,-1.92899405301583,1.1460277143092417,-1.312649255290208,0.92185037042883,0.14123276247086622,-0.014497232258022684,-0.9450074164480402,-0.4502868471011738,0.01360407332085404,0.19857301167424676,-0.9030483767359115,0.7436220817737631,0.8071746823125959,0.483886298648816,-0.43868010861277923,0.8594644152515257,0.6210594103073604,-1.9541325742930757,0.21131702942554412,1.9331564940070805,0.9719250936635612,1.153454640879411,-0.7011222117290825,0.12564123614751954,-0.1831360995172441,-0.002235150111467181,-0.5142993078442597,-1.2352896733908356,0.06433404081612315,-0.7806376224372594,0.586023744055136,-0.030687619384100955,-1.9271954372584592,1.3818293630428355,0.43532038035300447,-0.4579632283579628,-0.33638645640224674,-1.228120340074191,-0.062417849158373125,0.6811801333529522,1.7449174627747135,-0.08867378366285052,0.0489732731980227,1.1925199800399207,-1.1588145250874216,0.14561613876517723,-0.7562534811269974,0.13116220120918692,0.9367472394406718,-1.6521671534230822,1.111162474236619,0.3596816940793624,0.13990878057746386,1.3459996647240233,-0.7906670003196188,-1.3398074506603426,-1.0244256275297767,0.5327064043520745,-0.49496290851828206,-0.8735352922468359,-0.97735273383169,0.17475746088193833,-0.02753919792731248,-1.4187919952886168,-1.3854195336012056,-0.5268775559595175,0.9180929192177245,-0.4258932421149047,-1.4764823046962416,-0.08661935813490008,0.03804950621891075,-1.485055674188856,-1.2177919403842177,0.7439383835236395,-1.23042779324721,0.7860827246907521,-1.5467324878869588,-1.5094115971767406,0.023146549969223225,-0.7546381760936879,-0.5347850438967795,0.15165527190158043,-0.5641445088171821,-0.9481421770879228,0.4905037284106122,0.1807111559457698,0.04325524019173205,-0.018143730353910207,-0.8019349237743483,-1.0104243864236224,-0.34473097462135205,-0.7853559912063197,-0.012476050611647693,-0.39164109045377865,0.018008825214061275,-0.09289451391718122,1.7652696693949463,-1.3861964253894494,-0.18734727324787787,-1.1077058987770787,-0.48307090347743403,-0.8170060074639116,0.6389743917776214,-1.4739119963281588,0.7808075600869208,0.5296891081501497,2.0554157406451323
GENE0174,2.07951001557305,1.5206916745760086,2.514077574944752,-1.6121258625507817,-2.4458529613759374,1.7200912801670276,-0.7582157380585803,0.05594021799708043,-1.9474111116552133,0.8879325447984122,2.1026498690518487,0.5732563715787151,1.3681154180497124,1.1419506102101102,-0.7066016667211676,0.3242013953637316,0.49390390383342625,-1.1664111519951825,1.4446619016378741,-0.5046947732222363,-0.21682274209381536,-0.2636442797444125,0.03748343044151456,2.9296776862602893,-0.6065355006629567,-1.5458589697859781,0.16360590961778826,-0.8630058476105167,-0.40861990571752194,0.6198340388780935,-1.0875522704108378,-0.3641042088884814,0.2929728822021668,-0.7783474096411247,-0.03956983884379657,0.29241854743511353,-0.11631971586511303,0.1569265012539441,0.3568336475858602,-0.673239898132942,-1.4681824910869772,-1.0355633515434248,-1.1981699610137444,1.2324539079778185,-1.7360125760768201,0.6280982635474428,-0.6845609099767205,1.0353799615201604,-0.4220669515091928,0.030975526569029372,0.5173758791795087,1.254256784680147,-0.5701026152634049,-0.6164442755875086,0.5113679313624813,-1.5870029916981552,-1.7175376875008876,0.3669695233232703,0.6692174869335251,0.33382040441327554,-0.09767093748007007,-0.5384475952467263,1.5875588917559542,1.7176878132800422,0.10761496488575929,-0.6837311960467091,-1.0091088213655226,0.43118542003545113,-1.2284874376510846,-1.205336393319812,-0.48425022043826044,0.5071855883761722,1.4687311983209013,0.25080081564605294,0.4966233119694473,0.9826502471123822,0.8894135604139836,-0.5519412664239335,0.8711815285904906,1.0317966614850234,0.31072092333422824,0.13647660791200458,0.5994445248268956,0.495005745754151,-1.8630039475308429,0.4288445484125269,1.1791038701339815,0.9886747995748207,0.3771498386252876,0.1480521375853986,-0.39687571283355144,-0.1145091324680288,0.7273521095816817,0.3845611014167463,0.903740936957407,-0.5192950252649302,1.0836047992064788,-0.6184459377212901,0.2027818683807691,-0.5618978302055627,-0.09844380806988903,2.033800049569428,0.5093559305345263,0.22518789756840368,1.4119620059496611,-2.5647078051498915,-0.15880912436900688,-0.49970684848603825,-0.8575448391026832,-1.5286489651946928,-0.21908699821172264,0.6935061974390734,-0.14687917109526835,0.7989078487927695,0.071495342457528,1.1661701048321504,-0.502796792338887,-1.872671446021675,-1.5803514479355782,-0.49775706301760125,-0.8801490266533925,-0.5905009809638624,1.1386941078203372,-1.501097170037035,1.508135748772155,-0.8057794549583039,-1.244010015336113,-0.1383703402015735,1.4990176492921565,-0.7122930972950344,-0.6009706474265069,-0.53415185738357,1.150031148540006,-0.4461728401205202,0.4462231525782905,0.12058826016822878,-0.10999710884267146,-0.498664483362298,1.9689817107991647,2.7920598747843237,-0.8834616950825707,-1.0714168799615282,0.040778665785044764,-2.2730089168923766,0.048299193935381846,2.007186216985941,-0.5989019356444178,1.0804661600712349,1.46934473848053,-0.861586647113201
GENE0175,1.8496141727151714,0.7883266852023523,1.5184165397083504,-1.181266620005092,-1.3337508100953426,-0.782124078988419,0.1740227716243513,1.4824136509407193,1.590495740975375,0.225090329170826,-0.5316220945888382,1.0352327547045455,0.5362189251831837,0.5146363240666902,0.7757723996009324,-0.9507134406745065,0.8471311535231437,0.1545267784516916,1.1414978351339617,0.020468180008705164,0.5834159846036835,0.45734361421845854,-0.5459452130644107,-0.9017350330506589,0.8066701574598942,-0.85686661973263,-0.33606985922118027,-0.3663004648926283,0.3671170444223692,0.675747650845586,-1.5565951553110222,-0.7251439304823433,-0.7722086629675899,-0.22803171629040137,-1.9922347915346175,1.1337999196954365,0.060397345910971935,-0.1342909319798393,0.754973324470794,0.5175334457625059,0.5067396927075554,-0.015634299455838423,0.10470995122006473,0.8443089442920132,0.5320483836433963,1.7282758326285543,0.1401378036100385,0.6506960908912313,-0.1229884575377515,0.32371015180045104,0.37580399423042776,-0.4438979873004992,-0.646434642775213,0.6411611228876519,0.45440842035377865,1.4675768195538175,0.004542379779986037,-0.9944424213271602,0.011525576101856179,0.7695050512946493,-2.121517329289824,-0.006172974279982181,0.6663828558775579,0.23476936769266696,-0.35833877991531576,-1.20268956920239,-0.011917685137617852,-1.2243002142444788,0.6730937241992831,0.06125074715436401,1.4949790135541157,-1.9533247308551869,-0.3399685048591044,0.7333751863632832,1.1426622829157422,0.7738725049127297,-0.953077788299531,-0.4812022455572023,-2.2357599639472694,0.04542678696177788,1.1632813090750225,0.007025871342969912,0.5766880217815591,0.5500466343170657,-0.3168564131420692,-2.4318519399599183,1.3408996019688921,0.43200023052785114,-1.2507322884010401,0.370877903455671,0.20006183306625508,1.3110883441523247,0.4720790805763306,0.4756605614182476,0.19932885569481296,-0.7697222308718856,0.6727451942868689,-0.025418284620748983,-0.9527863552334781,-0.6590390212767135,-1.1361570092466968,1.059681933804517,1.9787860924163827,1.1551616982270092,0.37623027124794367,-0.0654536202792209,-0.29093506134881436,-0.9862959608695043,1.946788825991345,-1.0340233093241296,-0.8494700142104952,-0.1955014759324935,-0.11291977217467222,0.6020393299459316,-0.6734286318730868,-1.9885931072763374,-0.23142383577160672,-0.16405720820950548,-0.24527466876541776,-0.25857520707082055,-0.3506240105517248,-1.3243782191004905,1.4622000840464575,1.4056060244573318,1.3954255062000651,-1.1855551171382204,0.4038085256984915,-0.4228456983827655,-0.477206022184578,-0.9286441554651748,2.5655622202043546,-0.24873936544775344,-0.9219939021599475,0.13817726481206005,0.7631358416507277,-0.14133492579830162,0.24425766747543023,1.0018763842730547,-0.9545961756992686,0.17779127177116533,-0.6390202216625587,-0.7743372894351556,1.7519733904649262,-0.0893893619394829,-1.0619231666368447,-0.11153332338035388,-1.2094844854896478,-0.21743871646335425,-0.6784838209778663,0.5109440912254752
GENE0176,1.6661328205033303,1.7602264475336664,1.276214251803539,-2.223470017436552,-1.4425871451543213,0.5163310650994681,-0.1410484461841121,-2.066394256723884,-0.0523259477486962,0.7765485469286657,0.957522128412558,1.3108417805330126,-0.6744937059980538,-0.4030475738036685,-0.12020815340829648,0.7096271420368573,-0.2631327066777083,0.5248317447143475,-0.3843686746282931,-0.7058413095416951,1.1097284754345362,0.3123608726250532,0.7466430775166576,-0.20629329598986737,0.8041269734539096,-1.0626700908368865,-0.9034310944593489,0.9421054703690607,-0.07024005097808525,-0.24654945493027114,-0.9195341844877959,0.8044705829791267,1.865399201692716,0.6076205485586204,-0.44913281426556695,1.3867936408265096,0.359393420467794,-0.43298875638731427,1.2756822450250436,-0.1804098551887218,-1.4426828880726559,-0.3176169133753296,0.5320823926656392,-0.7176581555626234,-1.8723293268343404,1.4698256189245404,2.9939050679346657,-0.475470321019185,-0.6298253995293323,-1.3470917597063503,-0.8211914106918087,-1.5278347284597893,-1.3049738308852368,0.002246107031253011,-1.5790308905560857,-1.4684266014009257,0.20702050939082917,-0.6174686729974613,0.35667344205192825,-0.3420055915646587,-0.18555840346604682,0.7801063150990825,-0.5486904097999161,0.7097010363359505,-0.4198477150729877,-0.8207418637012132,-1.0740187849840637,-1.6566739647538187,-1.2404225174642518,-1.7734918538386188,-0.994509615173678,0.8210058599325499,-0.008314212467998452,-0.38787583832958633,-0.6912897434090713,-0.08125230250009034,0.030208609078095607,-1.1150557140611976,0.4635583208295639,-0.32563307142638215,0.296814226915065,-0.03201357509634998,-1.4184043220776095,1.300849539797611,-0.011455296721681689,-0.3676974472804976,0.5825559601380931,-1.1573282690661557,-1.5742870306502652,0.5565879997027249,1.1465668363030392,0.2864156044608386,0.805783830224868,-1.2661693645067247,-0.35927411336406795,-0.6580439237534242,1.0275967859487591,0.4940673364796565,1.0311561801619373,-0.6178737764221163,-1.131478763875061,1.3290786739890195,0.026110352955185868,1.0648809812421383,-0.06494490837797702,2.2038520971122035,1.1779964949594808,-0.16005542327640132,0.020528901765270877,0.02398752617552971,-1.1360593887706503,-0.4819449196995168,-0.557976889419804,0.2325133563860684,-0.8151382819699597,-0.15007187418829074,-0.3661698115162787,0.07582953278578751,1.4681062680661983,1.0954362826790291,-1.3104990159324559,-0.05183856397937658,-0.30286819457178726,-0.6465996275392881,2.153021388967867,-0.5267678056840817,-0.4574368781984707,1.754389360272837,0.9690360331758242,-0.443298276160392,0.7606045076590366,-0.2394351032549895,-0.17281637863334537,-0.8053828502973774,-2.4330531485066085,-1.424873320506421,-1.1046056050160964,0.4190037738664481,0.1534383043691375,1.0862332842069935,-1.2033368435859422,1.7867904854396721,1.6943538935456013,0.03543665004790963,-0.6862503770635968,-0.6345030743032287,0.19813560818929982,1.8825953030555844,-0.09492023943085592,-1.5820325775681554
GENE0177,-2.6667360557733764,-2.4203374973388274,-2.6351999703699787,2.6516736231651525,2.4517025958144325,0.965939554859702,-0.7347458774539152,-0.29095686434046114,-0.5307353543328125,-0.20068113121288503,0.547750589298914,0.5402821640258872,-1.555316999792983,-0.5355397709355035,-0.36289119871837217,0.5861515903256682,-1.4003172972356626,0.7064677488979768,-1.1267089583484735,0.248347684001961,1.1144396650004227,-1.2268803845717136,0.24174967554716129,-0.1854812457315436,-0.9774476666350193,-1.224962756530279,-0.7075339168824166,-0.8104997409185407,-0.2055954310453375,-0.42662438037789724,0.4236162120725045,0.8084922744288519,-1.5290056365971425,-0.25065057443684424,-0.9499246437962541,-1.0851663211038924,-1.5688016350846476,-1.6426894821953608,-0.5191259997204939,0.39290783333463597,0.3893470228067903,-1.0526792839030832,-1.153820886643598,0.23924485380013444,-0.4317426573035036,0.8897101816034021,-1.1107211447182976,-1.8577109514317192,0.6124842102978152,-1.8900392636050203,-1.4457999022463426,-0.669228389697547,-0.2849934417508762,0.6014773275666383,-1.0142181770395167,1.317711726208887,-1.5160985818001365,-0.37193894006746886,0.8301549592649,0.8830936491984772,-2.9550259487769304,2.707944141783535,-0.32222817278141624,0.2784453374190063,-0.3336388799719015,2.1351538879952523,1.2893437409279578,2.1075069382383202,0.4732330748923653,0.912147027016459,-1.0446187930902044,-0.2645963657171757,0.912954620306918,0.31824563798746663,0.1057043387164432,-0.7756687991346262,1.1654714207692924,1.151280275071432,1.0422088065347175,0.29203797700007733,0.010104551055929837,1.1241323862320856,0.9368004830208964,-0.8927063153854309,0.3163477058465088,0.6580514258052779,-0.6731031618491319,0.9034402784012313,0.7176562903296481,-0.4163052745785527,-1.3567890283762778,0.5862408439925321,1.9646122498915382,0.25539910805492794,0.6413831774032035,-1.1653351635933518,-0.047789632786682704,-0.11146100758178112,-0.8864148716734289,0.4397855131384423,0.40139339611613956,-0.29414256957527635,-0.012734156097016527,2.052948439459977,-0.6206088421320175,-1.131355877651909,-1.15537654949297,0.24915245847302597,-2.544517182301781,-0.5103234626993076,-0.9686695016832657,-0.057251567746186574,-0.053099299605372734,0.34474128776704427,0.6155190234254585,1.141797099614418,-0.3536512831398441,-0.6663237815445242,0.8526322267071527,-1.6589689578926463,0.7573635312088819,0.1430229087468902,0.44903948583537623,0.3649673802584513,0.1364299708993652,0.17716376086239624,-1.1105884123210954,-0.6512581846998245,1.7773057017925924,0.6728576876858687,1.0606030025775692,-0.3453718176791336,0.07935946765028604,0.5266941014666915,1.2057074728833355,-0.15263704112025414,0.4770673437093948,0.7106968339888026,0.9349095836332435,-0.20163104021858924,1.281723539594864,-1.4224580693036881,-1.129488142842377,0.48066050341510047,0.45429005331010325,-0.23494733119864472,-0.4422838959616578,-0.4289510596889833,-0.8990486738412317,-0.04494007610311573
GENE0178,-2.150784622382483,-2.6410522364078455,-2.335383730110199,2.0741174777826874,2.581564394547725,-0.0371742349848348,0.12544451927625772,-0.6995311882544853,-1.243450801924478,-0.9845076887256973,-0.4263025181792531,-0.883348604657946,1.3487182033101404,-0.7053696049451256,0.3936251091857943,0.5843608316205889,1.237438552564681,0.6816618422576785,-0.17346228923435192,1.7059709782777823,-1.2440115841734893,-0.9400765619359723,0.21992111489591223,0.08587785416985415,0.8171261395614118,0.1605519383122771,0.3690347090314865,0.9961663543986442,0.14077359958166677,0.679593987031822,-0.7556409030768438,-0.6896687017269431,0.8810347536387857,0.12102247537725104,0.16929422476892492,-0.6935078253421025,-0.40869021434895747,0.2867047128859801,-0.30109952146951935,-0.8619461864213049,-0.8503223648181184,-0.6373315185492832,-0.338943617059692,-0.2765153631926253,1.5683767552476677,0.9241743496437154,0.29691980691013375,1.8623919682037862,-0.11554283727522563,0.4754842677138316,0.32881365304226085,0.4725455175524111,-0.7484219693469809,-0.3044375767552746,-0.8115319212995957,0.40765760210381713,0.0033274195831950867,-1.8821688290795302,0.5135521968628918,0.21673645419964271,1.7042274944929616,0.9270134448498357,1.112836743549456,-1.1288409140151705,1.1182243195810908,-0.1948963925084862,-0.691917185342424,-2.3454169345679317,1.3133702511779946,-0.2845732452789791,-0.12221902904728241,0.32103686786465296,1.862299802347153,-0.22583585970728187,-0.015432719684975858,0.9686490064537576,-0.27911453112993967,-0.8312240544639494,-2.1883722921684576,1.3362840635003845,0.2387283283560764,0.5460577375638241,-0.4861731870638999,0.6797437943734773,-0.5837963658540882,0.1626706066442845,0.10780395752861958,1.1293376791865164,0.6470066499113067,-0.6265411144106177,0.6012751811297552,-0.36712099348696847,-0.8122284967914727,0.5509796543035121,0.1939913289490852,-1.1959299587973575,-0.5152036293576422,0.7454097586955774,0.38911495434451604,0.43104563832533926,1.845339877174641,0.9959989643864737,-0.11678633986612308,-0.40394699351913865,-0.6801300148897855,-0.45978281176458946,-1.5991421051070394,-1.2160959049742,0.657761203944672,1.5347775976944225,0.05523249851304364,-0.7026217584139672,-3.404486485931853,1.7038626169752848,-1.3385225220510168,-1.472109706327306,-0.29745121765773147,-0.04232590964298583,0.010363113109881228,-0.8549415617525271,0.41571332369794867,-0.5217659458557397,-0.49695548156948743,-0.278713573434405,-0.6769143601514702,-1.254289598910707,-1.1890086802346642,-1.105151232636038,0.45607769747214266,0.3991186820646895,-0.26875637403827246,-0.21910248419605943,1.1675388736255816,0.5142081526487404,1.5648853801826468,-0.5773114607047838,-1.1649556604829516,0.9969043313968593,-0.020566058960239518,-0.8028382337226675,0.4887986414030439,-0.7050163757526768,0.6889959462443453,0.48595167095797076,-0.22596345769928491,-1.6866655687028371,-0.9231637797389002,1.5183543175457233,1.7454777437196378,2.5932551460832993
GENE0179,-1.0787412808092292,-1.2748713551668307,-1.2311522639740884,1.374517772976199,1.1618986410326708,0.33474402682229554,1.8969290449692906,-0.10530909933414562,0.01700158298701464,-1.5321480320494418,0.10775250334940593,0.6654810515915741,-0.08764441013541906,-0.013495811686846262,0.2251375425754161,-1.0491772178231749,-2.277721405935463,-0.10328818343115523,-0.22561837152864644,0.5700019412929034,2.397103598867367,1.296023768716349,-2.0569961393503458,2.520783372894506,0.6640085992939947,-0.2646788306983342,1.4763887095906,-2.553124804720991,-0.5445305733392659,0.19708161698214768,0.06732256957209698,1.5140777947616753,1.1804903685806785,0.6821236353829301,-0.27696385412026164,0.9613324357067675,-0.5980645572653881,0.7723203817734793,-0.7289775989460784,0.2941939231712619,-1.4558182851505919,1.0355188034609841,-0.444573986037075,-1.3690413393043028,-0.9636560275624995,-0.30645832682935026,-0.9122099018042182,0.7201674382073684,-0.2777353888664926,0.934970358025097,-0.2829038616022471,0.7170790290656974,0.008984724619779075,-0.25937650660704176,-1.0406313296885674,0.06785224180955025,0.7353959926953362,-0.6875123713601831,-0.012470406970066059,-0.5515774445558328,1.9362172842059369,0.31199242869089533,0.08994387324884202,-0.48575316969594473,0.8839235012291423,-0.0006785966703410279,-0.06490768521031422,-0.07328815833598118,-1.1059771787150485,1.4958385998840622,0.9196073816291506,0.008919871847261928,-0.10310266362726443,-0.8815941702058119,-1.4760178893576077,-0.8809500123012943,1.143628736435638,-0.38669808829537944,1.0823890583232043,-0.030001521220255546,-0.8684134695952532,-0.7340052667388991,0.2465995819092637,-1.6194923523171927,-0.7670356356604348,-0.4536100725310592,0.8205486334003222,0.28294288685869917,0.18739861499375737,0.4633803043897816,1.0341167309060062,0.05056801320829281,-1.0342818138219942,0.18789202287427845,-0.8403932641388425,-2.0690697038249257,0.188933410314267,0.5167290191258025,0.34686496636656666,0.5053370849016985,1.1146804812048055,-0.9690701581921362,-0.3880038226281149,-1.2870928307992595,0.4493423099519995,1.228813115353375,-0.5444754548134593,0.7223061954104107,-0.7693541616644708,0.6454854838960502,-2.233853363677597,1.5226398916731723,-1.0902736642775026,0.16894317464043468,1.4048045519355221,-1.168024191831741,1.759547271829562,2.103087728668229,0.6889835466815611,0.01681014357189368,-0.1848044649738344,0.5742404983824129,0.7461906407562207,-2.013072190073277,-0.2848318952519721,-0.5847114037147062,-0.7294311033998226,-0.7097116266687317,-1.2941154747213328,1.5498717041592647,-0.5873101978481875,-0.14483988295033545,-0.31250474849896126,-0.5487561199189867,0.4169725629801534,-0.31221741908597206,0.6053733942869031,1.5700508974701124,-1.100172910904936,0.32281683812675177,0.2932440469789688,-1.1753905632190973,0.6461648718881697,-0.2622973019414071,1.5792965765639675,0.9990013304626248,-0.0005042098737354098,-0.216397172007874,1.7325889435597563,-0.5793081410981639
GENE0180,1.7253312659011268,2.2246134206452695,2.0779756889731966,-1.955364003772903,-2.3538785047641126,-0.5278050644142356,-0.15649669658811755,-1.2302172134785654,0.24888852314446733,-0.8065856774717746,2.2388328948848106,-0.5476546022872474,1.0257894298342158,1.5284837965498062,0.8288368852020385,-0.5066378425708846,-0.578090936575649,2.9441160089826006,1.9739459014223524,0.3034714567058414,-0.3383721827842851,-0.8700115198177402,-0.6197872470460756,0.710308329943784,2.3129106297608737,-0.11879900747216757,1.1984765360993967,0.8984874386942964,-0.29248033511841115,0.9990723528538664,1.0301398560825816,0.9168088958838817,-0.4126085743479162,0.7171100948669109,1.1890440542288008,0.9557564862616222,1.0778164403875683,-0.20302247797353354,1.0725465119446487,1.290065035876678,-0.4569154333691609,-1.3840662037493898,1.6355859989762787,-0.4625307901256981,-0.7425865972230673,0.21229132147923174,-0.26997506575898067,-1.9262319517224968,0.8918181780704724,0.8667877755870737,-1.031367801247887,-0.025461110764491424,-1.017215174123941,-0.8587658325831028,-0.6019056933471514,0.5285755070751296,2.0111876832108386,-0.4132526939537446,0.8389588711543634,0.7976298955390789,-2.129768262533495,-1.3850107360038229,2.0462816562890795,-0.5062087175539033,0.45307722675239415,0.3367964522784419,-2.128063299348509,-0.6820469728137909,0.7266615021191012,-0.9377966243554279,-0.3780968541848281,-1.204089515841476,-0.8405207602940199,-0.5267391908819099,-1.859163037191152,1.171559010470227,-1.388591230776271,-0.17242656183794594,-0.7448772437373951,1.0768531989502246,-1.2323820034826902,-0.7820632812396648,-1.3371319506794825,-2.408098781648478,0.5090893310575455,0.03230140103754173,0.2190833153632252,0.8104862476292712,0.10810126312516541,-0.4440135952568882,0.2596361653183601,-0.5064881748116418,1.1123510774232184,-0.36207734255891316,-0.11923541737752813,0.6365710776701781,2.3361141438503115,-1.0221830814366792,-1.2183571553815016,-0.24500300515808401,-0.748229340764418,0.699963066323442,0.19744197623386037,-1.1194522185932698,0.7494605396908269,1.8476691021185552,-0.7990297240388818,0.3252652041761747,-2.194671679382774,-0.3681076650607013,0.3096630599655818,-0.14135817711595133,0.11258725990706074,-0.778048632537232,1.2600177394213699,-0.41065670273846405,-1.2294607847229264,-0.03880283825484976,0.9229052090193991,0.5544762598169899,-0.5177322087888763,1.7731600995871857,-0.07473746585634566,-1.7123468399337898,0.5943823707738919,-0.13732762714836927,-0.07404767418586326,0.8888158156776133,-0.2610242137334429,-0.29017553939790663,-1.2535245487700224,-0.5294424436870959,0.24497690164503388,-0.5878859834269099,-1.6693749422543351,0.6514911493209906,0.692479235150359,0.700006309872019,-0.9255423483832368,-0.020641213396210577,0.23964557488965957,0.5945928416180896,0.6169275106868255,-1.4128101799421877,1.722143225856191,-1.2084744952516213,-1.631163989078862,-2.933734492974521,0.6985311210775337,1.448845031181159
GENE0181,-1.3658681619086326,-1.0959364238298996,-1.7243027281281824,1.2794606017014747,1.2211167200988151,-0.9244843153079983,-0.4390770615296969,0.3192451130125196,0.32664509938656044,0.10675396571610239,1.4701767229845155,1.7143268346770932,1.7923222516014836,-0.17606781180746645,0.1060804961562784,1.3782808137465814,-0.6517133728928124,-0.4297554124524534,0.02084960025238944,-0.019290557578656317,-0.2864039753502104,-0.9349799500236788,0.8542611340236166,-0.3873868747497546,0.15635552331691674,-0.007025419562785687,0.6754027719082352,0.45624587223213414,-0.2552859396573646,-0.41496259023290416,-0.11074445841458508,-1.1097994118569416,-0.804272316727873,0.5305024377744528,0.2993689610301794,-0.9660349645779546,-0.11983180318346565,-1.5631062234984887,0.13525145038286787,-0.3361443614160974,2.0950506070663057,0.587153766832767,-0.953154820223897,-0.9669167496137651,0.6377324449490915,0.8793253830200521,1.858552411625337,1.156359120559627,0.4771443383913693,1.4231675301779148,0.07457615203612739,0.0300663876451924,-1.2126602480555833,1.508369699909448,0.13239097828149723,-0.09861693082984847,-0.7940046546843985,1.225376324675364,0.9865268699191256,-0.9022359383528566,0.510482759827689,0.7959842585148664,-1.2462764261220298,0.6412389776840448,0.44099268813815407,0.6231784864309536,1.9867104155026418,2.9616599485933954,1.2362300256134025,0.2604932168576579,0.6382415993670852,0.4340274938306062,2.3517499698598967,0.1374038293091988,-0.4142618547103739,0.548735831492293,2.087720481677295,-0.9686448863721446,-0.6718962452415039,-0.7272505557323016,-1.1970776832387902,-0.9511703242731129,0.9403749264536301,0.21981275804456535,-1.2938561620666047,0.6856782771224691,0.3454545111875592,0.9516400623246152,-0.604002977132968,-1.2270907538745341,0.6798811230877586,0.8250978262240763,-1.1044426021188303,0.2380999264024694,-0.6162628156884995,0.9711543798519111,0.662174442972561,1.2187412290075028,-0.8412290391614997,-0.6897273406833092,-0.37059131393443345,-0.5300506944429381,0.3684519999655114,-1.0770801968499928,1.5212036166515062,1.7438278442077244,1.1094427289097628,0.5000837085871893,-0.12316294932748702,0.18890857031471914,-0.7562914342697644,0.15743134318654015,0.33534585725677746,-0.825348106071837,1.6214083503306145,-0.08422642962581192,-1.0287242312449731,-0.2053089396904516,-0.6025166031117963,-0.8402893620676531,1.5713243804533803,0.009954349043195445,1.0297834219780846,0.4114528252010149,0.4766267037434475,-0.01369436990718454,-0.4319958297203456,1.299966616404053,0.6542465253738249,-0.18085934878506796,0.9943869012795084,1.510129325879391,0.3660477198566599,1.5514117699205972,-0.477181877679892,-0.8996313571086966,-0.34297256554616,0.04124568559270903,1.5553750872889025,-0.38093063304144836,0.3842372144756416,1.1009690624829316,0.4674444299575125,-0.49356480444128487,-1.2786123247095869,1.2188654505852268,-1.0524906209714426,-0.3786625412493349,0.03394218266591638,1.2634336342196515
GENE0182,-2.118443958295467,-1.183417289527484,-1.748790411375583,1.8930651425185039,1.8968710654514398,-0.39319924498091224,0.7491943800936945,1.6969974652947069,-0.6948364162186461,-1.8421218154757273,0.6495972494992013,1.3643351877441718,0.12948077891034412,2.6340252332216942,-0.8371525461252328,-0.7421897810239647,-0.7557682024868332,0.08709894621171559,0.11001126608989063,-0.7697785321362727,1.1233337861108166,0.26780626147384884,-1.034818156592341,0.6137318469757057,-0.42035962546274214,0.10157696774178945,0.887315709963142,0.9991087453710152,0.9165652227744854,0.04969759300267658,-0.9747994493933962,-0.31861317113880944,0.023194115226810665,1.546182362620166,-0.5260726733003243,0.20175626926049203,-1.2329628986213914,0.34053248021197213,-0.045425914786545,-0.12922582970985574,0.8466284281968087,-0.6857440737196069,1.4008792572496085,-0.7596121060476158,1.3660535989380755,-1.5961626210467634,0.3058437012794257,0.6102967783377901,-0.35974916926844086,0.27778252650438723,-0.3635943349263792,0.4477592456772903,0.25036176833695123,2.2169313565903024,-1.3785815503132692,0.2009265199206635,-0.4208059990422844,0.1245621231029474,-0.135854897092692,-0.3485174659598175,-0.52305623892149,0.7143781072870856,-0.37313186244124735,-0.021724996044236722,0.1857513678576868,-0.7245216811545522,0.6092778559647584,-0.9586421731000547,0.4933392863109031,0.40188676644896953,-0.13301905393161553,-1.0948545068448001,0.006738545307093142,-1.032350750567252,-0.11199191463478315,0.7888970604642729,-0.015447092357421074,1.2540354493151413,0.29508351224696616,0.77330587312418,0.7167116015358904,1.4071139586739796,-1.3051139866980248,-0.5229912736219701,0.027898314691621882,0.8006813556621357,0.1683672664874121,-0.006414301777532301,1.030382213811973,-0.3377235980936757,-0.3842452758373768,0.5208136122458716,2.3940198149782845,-0.019709288397913523,-0.6461468268861518,-0.5669308078376805,-0.365910969765993,1.3260461747770351,-0.36605070609828044,0.3045814621197868,-0.09195546633749177,-1.313145562368715,-0.32770882991310246,-2.47446165833032,0.1751007550317895,0.48954506214655863,-0.8456005269259774,-0.5420948337154744,-1.3405194853482245,-2.2163317386113577,-1.506176352952635,0.652004305968003,-0.31427109550177557,0.20937011390650465,2.0409470601154904,0.9987894719666116,0.5390357454589975,-0.48473237819297565,1.5593918070884487,1.2352537377949078,0.8931291412783857,-0.004920334993235869,-0.9245348303952341,1.5173161324002238,0.870515159306968,-0.20357017941798455,-0.27677243417806024,-1.221575367044848,0.7603585532585745,0.17048316919624168,0.3977573929764396,0.9302983550762455,0.7219457764350213,-0.8749810553484119,0.02237813406431721,0.41279987749472297,0.4882481799482171,-1.5902733203935797,-1.006032163033362,0.6573438652939351,0.6420913619898411,1.6096875766843193,-1.5500523858445794,0.8976155168636216,0.3763332821718818,-1.0509087310541387,-1.7674917352826087,0.940910883879347,-0.9835307005214492,-1.3141575508420875
GENE0183,2.549117001292075,2.0623965713980916,2.5339799835710934,-2.2336100151243463,-2.488893646160696,0.7235021690437672,0.6595749003357807,-0.8822605991039395,1.5623588340829297,-0.5053227824185181,-0.910392712911492,-0.21149157875479935,0.4401069411182457,-0.46182657290972284,-0.8764314847804072,-0.897772454556609,0.2057146516356898,0.560325803596556,0.6423631813711727,-1.5556328538303215,-0.8305790681481182,0.9312116687382725,-0.4242129595355222,0.20264531709830477,2.626310235781116,-2.2546038164172133,-0.12924521524026733,0.7079243501566491,-0.9817420332668001,-0.13487020749043388,-1.2002493311700966,0.5777932510287509,-0.6710871984030522,-0.43070057330631106,0.8967305626758713,0.5561051882043997,0.9733744493865836,1.7575048817717762,0.07367980926494352,2.1166786312738624,0.193670571880911,1.3176372766281867,-0.028800819699881648,0.8403499483518234,-0.42690868711704577,1.339434166590949,1.151022378201074,-0.21364024682623683,0.15622789980902388,-0.9441866858866826,0.9300485752951438,0.8406013580168666,-1.232627697101827,2.171490046264928,0.3975613033717844,-0.2322851717684565,1.1987064237854481,-0.5220406483868127,1.3069642136321409,-1.1762567479454462,-0.22192515019867304,-0.08742231386989534,-0.5440444395964625,-0.7367318872436055,-0.4868507836865621,-0.5323307876805883,-0.4690773352875434,1.4342029237529947,0.43336069090949997,-0.08806478784118156,0.7649971939279184,-0.09534004222663466,-0.7941019854503925,-1.605699780470328,0.9888247717224872,-2.22569847386997,-1.508632477516153,0.5046082929230434,-0.01726674628893345,1.4591763476760826,-0.6441577182209001,0.7694256391663441,-0.17644363172416175,0.5492164303499659,0.16994187491759277,0.5040272471616077,0.21497274266798236,0.2934996407169068,-1.0885491549713995,0.07566335651233778,0.6026507592352539,-0.051652398509889653,-0.10171742183537563,-1.882945854694038,1.5340916219339673,-1.3676383242898498,-0.6181522682818296,-0.7883441262403214,0.29675180170193316,0.3419615133919022,0.659340964957789,0.7038051213637843,1.7234638821107728,-0.3054208529835494,-0.8312544222650903,-0.2348202944575834,-1.1052341966524624,-0.3452482665213084,-1.5510640400183526,-0.835721156029488,-1.6874690612130387,1.2085155272473365,0.11109319306171002,1.8803171068441742,1.1105622753312672,1.209202548076382,-0.13968027722854298,0.49003157632924343,-0.8964100720732567,-0.5323683562266188,0.014010207969882206,-1.7391601946110635,-0.5064954824546604,0.7929507038463439,-0.4901862855632318,-0.7362487158062394,-0.3844517577962163,0.7480408052698734,0.3609738209410281,-0.2252870743319331,0.01762968173913671,0.8570287368192289,1.307388820504227,-0.47477570784746564,-0.08244670526704578,1.244837649313243,0.5228740198546974,-1.4029155224949645,-0.8931746008835152,-0.8621031838504611,-0.41568433028711155,0.36983444130798904,1.885223926798168,-0.0829729056516137,0.6595169280437979,1.13381339009708,1.486817462970208,1.134823905993749,-0.7469458409261024,-1.4506905531018504
GENE0184,-2.6282565916322325,-2.719171737293493,-2.476882498888912,2.2551751797038118,2.4270999457506175,3.006580180746723,-0.21929632652044434,1.8001330404027867,-0.2347324517230257,0.7926228932994547,-0.14318756002605482,0.0073127791423647625,0.778399871180435,-0.4024408328434304,-1.194150808306201,-0.8052021008292449,-0.8105995695202437,0.0837729989333954,-1.896005888774553,0.3052118030793774,1.2662982636734552,-0.5080452538123723,-0.6546320461082489,1.9673251216489829,1.4719789997621622,0.42757594692030054,-0.7475227022885166,0.5838627434687643,-1.008513751304247,-1.3229549422804767,0.45217863162031247,-0.47827330889867403,-2.0232656429885068,0.5867633820969806,1.4601734699654858,0.6596295873137671,-0.4988054557971273,-2.1403648303230494,0.14635224670957592,-0.6568958964969668,-0.9012527001687192,-1.9467598354598628,1.8770022433954425,-1.0971950316380301,-1.821592612356869,1.6946417602320107,0.03106234176609664,-0.12404252550737632,0.30939799814935803,0.43568846552950113,0.21322802300448412,-1.5067562989606322,-1.5842666858065393,-0.7289738178587862,-0.5101032198471679,-0.36003001628682274,0.22856341611404213,-0.279567679384274,-0.6806960506046669,0.3947119758039662,0.7138271263299022,-0.8087870649159447,-1.3679411132050887,0.1801912282279021,-0.4206525672145211,0.8360844976888051,-0.9852135373957361,-1.20579126143964,-0.6333338703406819,0.5197831464991396,-0.35162445006356874,-0.08859742879342436,-0.495214188900822,1.0155002672566504,0.48305243410380566,-1.522602919131543,0.9011798655114219,0.5904023582183862,1.0847770219821,-0.5287190010643527,-0.9390058867392302,-0.08267847080370375,0.16304547320188933,1.1853495470755961,0.6365244632170108,0.14908729338850005,-0.127525354538171,0.015257004077315405,-0.39431798081428227,0.67893715936758,-1.4521867585385932,0.008694620400793256,1.0441400069095401,-1.1357025796379074,1.9446671217525004,-1.077288676265129,-0.5046922153433838,1.0259342072505657,1.4520332292305191,0.3574795908080548,0.3311354366771716,1.787870715003657,-1.3681064679298847,-1.7248344923267829,-1.9243559293981887,-0.8512593135078382,-0.7160910705966865,0.38057151387629246,1.0077514327468389,0.9086104388939842,0.8793783073426799,-0.9580527098143476,0.3847971135036549,-0.7337902651708361,0.6008946882910976,0.04266799584506992,0.8849384811937618,2.376255803259791,-0.032835250649769616,-1.1033421217799904,-1.631205527191668,-0.8968077770590376,1.066836955641918,0.4844988581727025,0.23030416975636636,0.38144870096370254,0.7193692370702077,-1.5570455318768548,0.9862581381923934,0.3893939267600361,-1.4407334049663616,0.3354386730587683,-1.302418198804135,0.5101797436751645,0.11992572154323217,-1.0091869216720712,0.41350485891683497,0.8090311901536907,-0.5734975834412411,0.7822662040883062,-0.2785259935100543,0.8743035593304357,-0.095944506211593,1.1731521176823794,-0.9136062071809657,-0.8846486201322629,-0.78799791025996,0.12665903155703578,-0.15228111444270692,0.2865600696269515
GENE0185,-2.194749417680091,-2.3841335668493664,-1.888341156051,2.0339584355465727,1.9693011379526497,-0.2553010340262267,0.2948378125036678,-0.4748779038278137,-1.8502696950972581,1.035437479682824,0.18217873874411059,-0.7320399315576093,0.0012620513508245805,-0.4661552011202327,1.4984698448780989,0.6715589707549214,-1.1478384421673662,-1.2833605226697762,0.2505400794895282,0.1343635064545121,0.5179705107653142,-0.1433267889966528,-0.6473399898865044,0.5096476691388875,0.5940979373049315,1.2574744854941986,0.734454441421493,-0.8368326467123551,0.25645173383641806,-0.2858039249762326,-0.9450068291716966,-1.788882845540941,2.247742907516433,-0.5589056007547799,-0.12618945591571615,0.21980915067895304,0.11168492980170339,-2.521571771830738,-0.16573828478948294,1.7711553055604494,-0.21183560634187146,1.6351157876792772,0.03141621283219198,-0.3511404317066093,0.1444182886729557,0.03757015032890838,0.015333520450950948,-0.58206886140866,-1.3638733852276526,0.5612514401101296,0.09484455939053658,1.6644355555083543,-0.03335308290967354,-1.513850022601458,0.32241185540952305,0.07592102322836977,-0.43086016075627837,0.6184244124770871,0.49762211755235336,-1.196912962747972,-0.4678452334317717,1.0944248656423168,-0.9797339275241835,-0.17236071632934327,0.2271782297216455,-1.1538908345198176,-0.09841608859481728,-0.1312452403441337,-0.323479995255614,-1.530556586195073,-0.00031178075796579007,-0.6185674079062269,1.0657776961518615,0.41567343002894347,-0.7770364852041693,-0.39547381767514356,0.12512642865886495,-0.39707468146320307,-1.5151654666050949,0.29236152157836404,0.5261685817056289,0.740899796676248,0.938744251021189,-0.8283615754758799,0.7847563316218804,-1.1417829837010651,0.35715877394115875,-0.7086993642282728,0.418309724506659,-1.5078539331971017,0.5427296712235863,-0.786679555441912,0.4828432312847351,0.37274147013513687,0.3854129221135673,0.047601344543629416,-1.1671610118276243,1.4903300476284473,-0.12994417499854574,-0.13244690144658802,1.384838975697313,-0.8889412997246302,-0.047483164618452506,0.16975906478722225,-0.23174943983759091,0.2732538833871209,-0.5813065462115173,-0.06819330273561863,0.1312679917282588,1.36701688224365,1.656199105651475,0.16949958375604593,1.1992375566092388,-0.7250821727725908,2.251317973751833,-0.24471823616392757,-0.032832207247307274,0.5320436975973459,0.8525321208849549,-0.1714424894694722,-2.0081998107660075,0.6558628245023654,-0.9100940390980373,0.774206089861576,0.7523113686385284,0.19257950213937158,0.9043069312626079,-0.4903114683832891,1.3747631356160688,0.16293366441950527,-0.18532335635128044,1.1412714411637652,-0.6651854332225339,-2.104764858203345,-1.2476639370292109,1.4350786539545588,0.24996023438159998,0.17014198809862008,0.9107423536477182,0.2955587255237951,-0.27518787865992245,-0.43861978851235134,-1.175425725734763,-1.06694935411745,0.1747107327585474,-0.15570133146750337,0.488069922184174,-0.08577062087132668,-1.0639853219121502,0.24560856061515476
GENE0186,1.4847964077673603,2.130078841358711,1.5043300836390403,-2.08379189642411,-2.2082118493221348,-0.9571951220556801,-1.7018813445162642,0.09256105401407996,-1.9359804032148258,0.22417076616791143,-0.056182307376663854,-0.5738605380847381,0.4718914986701344,0.296594543674097,1.6050972287208105,0.6130497709655632,-0.06313472949059137,-2.281308586089509,0.92963718302185,0.9376760352396777,1.323637277036939,-2.287747458122683,0.20508375236758045,0.6585410662074567,1.2015626201533316,0.6018978456230794,0.06056575688919952,-1.0183542875600848,-0.11707881041027665,0.3888237215173109,0.7828400298116547,-1.586238995016163,0.29544993261616215,-1.4727860701454607,0.26587890548810433,-1.147398115828347,-1.4430078278286844,1.8104758657701332,-1.3821519397216522,-0.6366824837233288,-0.02037145790291696,-2.0824007059021814,0.7853994814304895,-0.7007228394750864,-1.0201694163054116,0.9243900462155668,-1.3358716445455892,0.44763598058784126,0.02355367751129097,0.057289680656636324,-0.05639205656641513,0.1286090361618849,-2.277103020162451,-0.8742376373373034,-0.9132577751843082,1.1075141808280866,0.15862203371208602,0.011347476975799456,1.855635684112075,-2.0244694961669625,1.4144844412582522,0.011794419729435759,-0.7551708411563337,-0.5342724683441019,-0.49816088277580645,1.500077642103384,0.23919126995168458,0.686460459030022,-0.7421628472712444,0.11117181070433145,0.9092939001787012,1.1261649550766988,-1.3397535907526321,0.8085720133047145,-0.14586255406536092,0.36537376924119885,-0.5280049773503354,1.5258127455099242,0.2601790756231082,-0.5880039714773437,-0.4889244099796109,0.8594098168699683,0.7215264311289796,0.0805704675003293,-0.3868170229930355,0.955126523899075,-0.526167248591328,-0.5764648992387994,2.526082952921034,0.37870195990775973,-0.0822196382610393,-0.44433233899856467,-0.21026818368862815,1.247863997801573,0.8285788372532947,-0.6489302913513277,-0.3300441445670066,-1.3154371020621167,0.2631878332342004,-3.967711444594042,-1.5410723701257767,0.09230029436114771,-2.624575497447951,2.284186951292216,-0.8866648115154907,0.48379266063200765,1.2677839279180887,0.2685606121243398,-0.005116755182137881,-0.5677726980331775,-1.3180722696121525,-0.4756141476266168,0.10303129893251521,-0.025944415379782843,-0.9549255066223213,1.063442289187257,-1.4305600285550093,0.5949099580142957,0.8507048835988336,0.23801964482862245,1.6638880355028012,0.40557399879083267,1.3787664465402063,-2.6668397657464586,0.9379393724822738,0.5856775467607466,0.5348550826399774,0.6171836136035294,-0.48111662742951383,0.758877543180597,1.781383143429005,-1.8778246086131056,1.1899429291472816,-0.12881602330058578,-0.6595695388808838,-1.2105586463055116,0.3798311440874944,1.5825518837169692,-0.38892813193950254,0.6666839583982711,-0.010492349868986972,-1.6434750023638616,-0.1793391194333697,-0.6646885730405762,-1.0134763133675422,-0.43033144230027826,-0.31835113770485457,1.0065646379964868,0.023578312087920012,-1.40484312059099
GENE0187,2.698442837028147,2.1502088247947486,2.4857810566100467,-2.5120526918079995,-1.9298010433269912,-0.5364034910230189,0.34657306779231895,0.6229286263720306,0.38142691296829023,0.8110194658253493,0.10045230931323762,-0.9955875029247702,-0.6291748093683088,1.3726073034048787,0.03273225154599515,-1.1275027579825154,-1.2218548286049777,-1.3389544571542473,0.8238537065610424,0.3097623524048434,1.8447332323755723,0.5761442774610127,0.6362920305645317,1.9898450095665838,-0.9687919342053573,-1.5002230625315673,0.5528898985721978,-0.24406221014771706,0.29753893802397086,1.2247635790626354,0.761558732117613,1.5165218223678032,-0.9080798884193191,0.897372701848969,-0.7725013969171382,1.6689342561317557,0.4481222517902248,0.5068765781250394,-0.5820050958852023,-0.5313748066309494,0.40528524023091667,1.7482642300112812,1.5823840283915775,0.35848010391115914,-0.4213021763850759,0.5729091416932595,1.2544636835916718,0.2117992004414931,-0.38728098885823053,0.6791273336702232,-0.2396816123317647,-0.3551096540513208,-0.056141789286628364,0.6666030957228817,-0.22253288266768662,-0.03721385637361559,0.14345786108280043,-0.3818140333690551,1.5495543970306493,1.842910963016902,-0.3028072378232204,-0.7976070461504208,-0.46399172352089363,0.4458215778764862,-0.08600093003257334,-1.2788051970527192,-0.15581463961487377,0.40705954238266495,0.9846383089277486,1.7569109164093806,-0.4480891389268773,-0.6234299302954925,-0.25054025969435934,-0.9455559349257652,-0.7002468564212776,-0.694284950165472,0.3269017387463234,-0.8328532530412796,0.8246977875947181,1.149128652594351,-1.1258426709575138,-1.3049567815341454,-0.5359585696357916,-0.4013272124840051,1.266062541919234,-0.05033563506145716,0.4197093661801531,0.41786815613874656,-0.8805874840191672,-0.2506971879565842,-0.012798669871084068,0.37758692137520417,-1.4342557299707748,-0.594586252347695,0.01150970956038026,-0.4396190677241902,-1.4021725186183736,-0.7224802133090025,-1.3924686080787245,1.3809449925788095,-0.31963955050876364,-0.0655083219194917,-0.9789094466560552,0.2307110072766469,0.6950678287131262,-0.9162077749053583,-0.89373242494944,-0.4955940765874636,-1.4000879843674685,0.38022562992875886,0.7589991339103851,-1.4325723237065533,0.8809830402409967,0.8817259407278182,-2.840842536862366,-1.1037256338910586,-0.6065667262392622,0.5683900166935717,0.43798542235555277,-0.9249230203786495,1.6245849793808549,-0.7000702516112512,-0.8352470621876973,-1.1608584019964325,-0.17857233678998077,0.9041679146146248,-0.9012948924202907,0.20842152702220731,0.20335983595301022,-0.031456964681352784,0.3221086793948148,0.9060926237765612,0.27298536714256255,1.0467742612787205,-1.1000625882411998,-0.4422142860251749,-1.098839801543903,0.5478962318033183,1.2218332060949655,-0.309662772553346,0.2815430087118576,-1.49454155866137,0.021551212050940828,-1.6731597716383022,0.060631375820471727,-1.9233695311189893,1.6944787837776865,-0.050645165388801205,-0.08983396532289771,1.908336817046162
GENE0188,-1.0397742265494319,-1.0263635014452068,-1.2903470790822276,1.3135177153731992,1.0560588325090088,-0.4405493078923024,1.546707950244519,-0.7710094536636743,-0.09541945191233488,1.350454021628495,-0.5737612783770683,-0.798553340407345,-1.8430096792888147,-1.102924429543348,-0.8834108082030604,-0.36312780772907116,0.357285580059022,-0.04462922204981593,-1.2315478603689292,1.3604576947873372,-1.1020266817599613,1.8036548118535072,0.15127431382309495,1.0453672883098615,0.5298776063902524,1.5057488824466922,-0.043366099548336264,-0.26656901137134575,0.30471475175028134,-0.27528969954331367,0.4535724473345734,1.5498058934200973,-1.6904989488382234,-0.07602220455660161,2.20059446095343,-0.39029914380804615,1.0137278992804586,0.8706240608526813,-1.4378380781590558,0.2968084476355398,0.21967713057641944,3.1823785040645323,-2.62599450735537,-1.6205542805499977,-0.2287160073639607,-0.3576258936813258,-0.8834940869141408,-0.8197217615375335,0.6842739744515063,-0.8402089744981762,-0.541093284124823,0.9970086019619141,0.8431290081480877,-0.4775756826037009,-1.4656213038647719,0.8792798090640433,-0.9398452612041823,1.291848216441449,0.41938180955726556,-0.1932698833783334,0.43848227498555165,-1.9520270674400755,1.480230324704056,-0.20918667773363783,0.16695952445269754,-0.5764508023212198,-0.17076348835672836,1.597995305173882,-0.27002187029742203,-0.41763997819188964,0.6831883264593744,0.31041593521789196,1.5537684003704728,-2.0161888131376227,-0.460505646635202,-1.4248199818185208,1.2313755247293834,-1.2922187943976398,0.32977785828863926,-1.306889061282646,-0.499362641743979,-0.9953043830493332,-0.006880795325241453,2.0280478497139005,-1.4254590845909751,-1.1376270203081071,0.5969809306267065,-0.15283274987031953,-1.272620580982833,-0.4710435676328277,-1.5136321923549891,-0.4901656502040073,-0.9718283065958225,0.31092758187767466,0.6431339246764789,-2.6539037865882187,0.10706058955443694,-2.303186448594082,0.006307799517029778,1.5915235491840705,-0.34836082465781076,0.2559094287062057,0.7373875093109462,0.773447600382574,0.8344374565283117,0.4351649729470782,-0.7537112540371185,0.6444252117298708,1.4899263536002787,0.4849441384748313,0.1901479921252132,-1.6748679428926916,-1.063100153303999,-0.7187664131915567,-1.098685142409619,-0.1643459558964511,-0.9285688118003078,0.8662652183210665,-0.3987386946413775,-1.115672166074201,-0.9227196052745015,0.06841968078810651,-0.28215198503529504,0.04176899186092278,-0.2465679557857979,1.7179900781625423,0.8566008465286504,-0.8600805536134594,-1.9457083143101772,-0.3599709240847465,-1.1370829503208861,-1.7284872051617686,0.6384421456431495,-0.010356993931561679,1.122542795506654,-0.0739196939682966,-0.21856899833167284,-1.2745582388056698,-0.6259944698265318,-1.7943510532262297,1.0389328785167367,-1.3168410850971901,0.22072268908341927,-0.24669128362560627,0.3886630123291927,0.034459065423621975,-1.3227653319994441,-0.33268817964405195,1.2667745177402898,-0.8231540894899116
GENE0189,-1.704465715958388,-2.4270479134000302,-2.1093801321194436,1.9985105331068103,1.843095600169432,-0.5103000349233029,1.1046165654402151,-1.2873851521510717,0.30799607763084813,0.02875789105230488,0.32852869122605033,0.7177750263365555,-0.8882572390129613,-0.8891284998107913,0.2153683774944933,0.9646379134149315,-0.2492030607926305,1.4378929810273835,-0.29995213014949745,-0.7115915839578838,0.4542549935872138,-0.5461559534755215,-0.5336983208342153,0.2600006608759651,0.9318718717778929,0.30233868915390005,0.10830063603608439,1.9235822628018042,0.6964543838660965,-0.33849067477484407,1.1027046564649727,-0.23951872136650246,0.6035546458994628,0.5401369456070468,0.002670089706526471,-0.7241595688231592,-0.02755431025547693,-0.47408918735476224,0.2633119981877094,0.4224848372332914,-1.9706028206796415,0.33765633805192874,2.9252803751484935,-0.31675107498529675,0.9889220147678934,0.7419696447833772,-1.6422901956417828,0.4977039582181344,-0.8406255650334981,-0.19751482401701392,-1.459294218135469,0.4422793360073821,-0.3410330655189614,1.3452914123621862,-1.3595892292273506,0.908696373124446,0.42135068230079614,-0.8583322660214932,-1.54559578966792,-0.289914362974125,0.23665456555291087,-1.0655743101860848,-0.9490136313405898,0.9904537454467832,-0.781485211185383,0.5799093945979683,1.2188571660123784,-0.8042565895538656,-1.2495233012672557,0.8719985271084444,-0.2988203626401941,-0.43879823040915417,1.4286399456288703,-0.2678464157803018,0.27765279251022523,-1.611482771875573,-0.07635165819076954,-0.8812798813350062,-0.5069639536957192,-0.5658609208476936,1.3013899158248632,-0.6631324239193579,-0.5347679101748003,1.534525234865268,-0.3568305391471209,-0.6204495134054141,1.1000499416430207,0.015948656754374776,0.08774677493568163,0.29888377707965863,1.3396134111925941,-1.0339561066607426,1.1444227347417817,-1.4937179995372265,-0.8153700040772143,-0.8966305607723997,-0.14104436972663648,-0.7502241859239825,1.2709985762421219,0.5200909850007069,-0.01462034273895484,-0.8781799845835287,1.401358652683081,0.09835848413707479,-0.2507835889877785,-0.13606521993389883,-0.22189187651374065,0.8461115566972242,1.1303533295981325,-0.9259438672517264,-0.6522854555205847,-0.6024111220325941,0.31986393708089766,0.9980615154763643,-1.3730388323596754,-1.046373281993827,-0.34359738492837333,0.5337580112475122,-0.940972322519671,-0.3860644556339441,-0.7214720186041311,0.7575165479628068,-0.10954047363581275,-0.7287020858048149,-1.1763378132400493,-0.39604701749923366,-0.26395544956231837,0.8473134257116071,1.018174442838346,-1.1830766843092233,0.9845706916384246,0.7125870083839215,-0.5310323596109858,0.7579370200416324,-0.7921409983431607,0.40564851278524255,2.425230023470288,0.23054883822423747,-0.34178313826854506,-1.313800871074172,0.08211487080059691,0.9979033696763773,-0.7093621573131672,0.5409498046270919,-0.26331776171002075,-0.3984633461339107,0.4892880395795887,-1.8931864022127036,-0.19134974835630528,0.987057182020705
GENE0190,-2.0869204475453222,-2.24855552392678,-2.0721958302416192,2.364290743072292,2.0793778681370836,-1.276057323039128,-0.865954106286216,0.09394944178841741,1.2578596381425438,0.6611130006408505,0.9923741413264524,-1.129762504910996,0.6307792702521228,-0.73778514064582,-0.12001333662851386,0.8500937026620364,-0.568624704822163,-1.4402841263907096,-0.3680890617470755,0.1210593624736629,0.6829141445739243,-0.8890926255200713,-0.5541029337098096,0.21522132385443102,0.5458231717333033,0.20289521879180214,-0.14653620852114463,-0.739526559660585,0.8871342791547473,1.213540569054641,-0.5844488575066139,-0.4743991613703914,0.6836678612285583,0.167285452454499,0.5818994401832946,0.27101628024055385,0.37971742685301374,-0.40720763851718617,-1.997981401209035,0.1933266188006049,0.6899245059628129,0.28582767359033606,-0.7460071686959076,-0.5788006999564078,2.4570933751477155,0.35177100715540255,-2.3477341203394286,-0.5742371668410184,-0.21704342628394177,-1.238369342239929,-0.12984392628951189,-0.49291996138949207,0.1958506436074498,-0.28479567043464826,-0.7000409754426833,-0.33883093757035243,0.8470592046135162,0.06407991338736785,-0.21518343650817895,0.351244151670364,-0.0015859262733926738,-1.1065637959263668,0.6865432151763621,-0.6243521492599413,-0.34255466658630035,-1.5135813647665468,0.8219488248257374,0.12466362266745842,0.28485476250314923,0.8138062088794258,0.8223833338108787,-0.7043015860295693,0.01212122309211662,-0.0858503850354019,-0.18060531719234085,-0.8045158852914841,1.425027911669431,1.0141644877635565,0.443420050686932,1.3568021601969253,0.47443518218912434,-0.3031004905443506,-0.4214809776565061,0.3857236375570304,-1.3781299299553713,0.8666833117354743,-1.628473857527454,1.1023741392039126,0.4967012552011479,1.950734640782982,0.1800805413792185,0.6559567258048162,0.69699121500238,-0.8855775662454841,-1.0673697513385594,-0.933778613392027,-0.03273083784539564,-0.007258642651445,0.034054760492067127,0.49415167457843656,-0.7428303190071222,0.8389899689650971,0.4305278694608702,1.5806935363234067,0.43093034935080293,-0.06945127464069274,2.147481793667097,-0.08396183700210595,0.2895054098202507,0.4345409296353224,0.931054772285358,0.08551590820811876,2.7670323714201657,-0.5732967840618952,1.489580084758466,-1.462368528470791,-0.984543984303426,-1.5562338893126808,-0.9252223065948284,-1.636018327359986,0.10818787854789104,-0.8928883269092323,1.5147870986803387,0.5026719656636606,0.0666398020580649,0.26575470338250445,0.6460393673534287,1.1927178608732458,-0.49724108286265406,-0.6816008508654665,0.41478028883819845,1.5689449551832566,-1.3619197717673195,0.399195611254287,1.2909707492525146,0.6156410745396291,0.33202460207993795,0.5403627172551217,1.8033753153897722,0.7949585272801896,-1.5511185108571612,-0.0845614702664156,0.08756097332645396,1.0258649072351824,0.08327404080967064,0.016025554057826102,0.042683916697649246,0.23985786755252853,-0.09339912363941687,-0.41913289763778894
GENE0191,2.7337869589041324,2.1078069600776423,1.857434986659646,-2.851078030353571,-2.5357349709720713,0.5871795690174798,1.4757750655055626,-0.7734901312285224,0.6846711770762893,-0.36488136677570365,-0.5164084876280468,-0.7331319247248258,-0.09069571962281098,-0.1281981421072861,0.7532975451762778,-1.4441447182224623,0.850018124094554,0.8277904441956572,0.308945999250318,2.287814421515975,1.2334248730952218,-0.5008911456105217,-1.1895000259430708,-0.6878231071138236,-0.5810070334128723,-1.8282059871973793,0.49427289397394947,-1.3138611601875032,0.2330196827037026,0.9378607795351357,1.3994773331523085,-0.25141241961274463,-0.7162798135542865,1.3364115250398851,1.506426596258796,0.6826383820923931,-0.6919031030875575,-1.316981008796495,1.1162341993677722,-0.0616315452001936,1.2397825958624724,-0.6652178794901562,1.1087013882881465,1.4074966312073809,-0.24202986630239728,0.308601055508868,-1.161192403934154,-1.1360049015162665,0.31729386809029075,-0.540157667228875,0.24070835870860677,0.16384580797481416,0.6524946162287035,0.5296999859550735,0.9205509192062417,0.22701600199899755,0.30729755127196096,-0.002074472409845884,1.0497343561892427,1.8404037650227503,0.7496648194021218,0.4974623095664551,-0.21734963653289952,0.2429701004188342,-0.3949929535827996,-0.615878241031853,-0.19619888680601189,1.7896213118621926,-0.0847520504593056,1.6234110524790935,-0.9721276289939549,0.1389641985297701,0.7206995922338914,0.7721617816522341,-1.0829965078053223,-1.2157728807569765,0.6194247636018987,-0.5532641806320266,0.6344521571569945,1.4357970301917995,-0.6560977772315848,-0.5222001459393851,-2.026181354268752,0.8011022696308178,2.1304072446263937,-1.2468525158671082,1.2439603680196283,1.3354518817955243,0.78398377343332,-0.6055174231132413,-0.2434093460444817,0.5523933750328083,0.5231184871522506,-0.25051292081487675,0.46040522079284696,-0.3610994622982106,-0.11256238285063425,-0.20284838460376725,1.0948229524297788,-1.428510672088122,0.6498968050256572,0.35925881835654694,-2.2691824551776887,0.871024480536483,0.9957861202844919,-0.40521843467467134,0.48476982860950335,0.2676150584813635,2.2318976052591433,0.5024213990988486,0.10576442362046036,1.0949463489874032,1.607692026721691,2.0720112832591138,-0.5975649441213174,0.42977832191442467,-0.621164001993346,2.3211550519886948,0.04730647002417452,0.9570739876364706,-0.16535581346706807,0.49910301434593013,-1.8058468884436396,1.0401704164265304,1.3026343555457602,-0.5925765753135007,-1.8098800267812212,1.4828725898981292,1.3560184927534369,0.7910232641043349,-0.1851310330903592,-0.2800551909365809,1.334032682664853,-0.32075472590205195,0.15745227137489462,-0.005274996382316439,0.3279470574077679,-0.1073444664296099,0.009691670714574946,1.791512349138934,0.5247480164635189,0.3826679882121791,0.8217772060372475,-1.1188191391941806,1.017606484621877,0.30286336678500325,-0.6170631248488667,-0.09624516760366952,0.5331609240494386,0.08619527774649824
GENE0192,-1.896291724145291,-1.1308832549041474,-1.2977682685299947,1.4187071922698071,1.4297733865896332,0.13417180932758258,-0.33145245265927126,-1.1871452663280024,-1.353055931048948,-1.2783876378669614,-0.2883490597517738,-0.8111009606728922,-0.3838104620127987,1.3275106943532096,-1.1696714751660198,0.29960109354672243,-1.1847978531112537,-1.334930458374759,0.3712918813182067,0.6749363322737297,0.7890312063302195,1.1109637648570587,-0.17727847628779891,0.27496812666120946,-0.3853526740834423,1.2929399625098346,-0.911316623510115,0.5008115879431271,-1.0652216607102516,0.10999093657078643,-1.606435856468633,0.22659462454430965,1.9741168171599357,-0.5586532027475263,-0.24233966525908668,0.8667030487311171,0.0446050855282342,1.222121059160711,0.39357617379917365,0.8755257497423468,-1.9777174890085756,0.09195528662964923,-1.1078287429374072,-0.3949402014490282,0.43207346047077927,-0.22964062673175234,-0.784191909782542,1.2541594601571036,1.0072199973405744,-1.3718984199001882,0.7624667851941349,0.1701834391008173,0.23583492080535307,1.5555463071561142,0.15489538643251938,0.7141974053763827,0.21403794472129267,0.2195261375028324,-0.9253356713630755,2.4538970952253205,-3.0755827889194802,-0.7255704816476649,-0.4887530637727683,0.9084127908081175,-1.4109731352851684,-0.1755902366945623,0.7868880137776569,-1.217872568549816,-0.136959466201888,-0.16805866414140125,-0.5979822649799326,0.03674523966726403,-0.4255300707281032,0.9676263885936561,0.529375127916655,-0.18434540412547085,0.06588611467083134,-0.389068876739292,1.3367670096549722,0.4522207766654843,-0.13996407043301753,0.43856407559576316,1.888779783764972,-0.6854636317066606,0.8845550050637124,0.4142355086355689,-0.21613375733764045,-0.7296255742245161,0.8591717726737769,0.290784992124041,1.443800714439614,1.1679695222734725,0.3004482839259974,-0.7220111875796321,2.0543071160030317,-0.6192929210273689,0.8305523714809273,-1.7717453239226715,1.5706615433847417,-2.033891956969194,-0.3135363648646909,-1.0621561225267548,1.3955103882186328,-0.7421721930540489,0.5287983641607672,0.2669602417893005,-1.445041370579585,1.0289719099688264,-0.01598195822382116,1.5076440077917255,0.6134949357153213,-0.7600309084815615,-0.20113238011307005,-0.22964300137697308,0.7779962454884063,0.7451974635759,-0.6732048502892638,0.9471657354585353,0.40659391293881797,0.6693918197274806,0.5178290546920915,0.8290195638708655,-0.9328118064103031,0.1900858233931888,1.0074186779447727,1.1157209628287266,1.1141778335953265,-0.8859232783542873,2.078247327281108,1.7650846676849807,-0.8655160672428843,-0.29902349882029866,0.6851485922933035,-0.7214405975064482,0.5817226240475176,0.21172460572426072,1.2886914691570148,0.4297183766711612,-2.0305347434111782,0.8626470419564917,1.2296290791230549,-0.06307949839117187,0.1478786088901868,0.1510852811858132,-0.5853198228318,2.4695003946778615,-0.7824027590958406,0.9279480251312169,0.9233474417662029,-0.45786048318133493
GENE0193,1.5881540715858842,1.2124024273209255,1.9637189633771326,-1.3370534626229678,-1.791782338963762,-0.5876457048364605,-0.5633825874262747,0.881681459002978,-1.6683113541853407,-0.5631191485343621,-0.1306082079047539,-0.014247630881020015,-0.5076924245523271,-1.824164164891383,1.414686018023137,1.3619426631333937,-1.6645114078707999,0.6738336502899052,-0.13508804104202363,0.5594637969363389,0.28059932518458214,-1.4572571123079197,0.8020299352709576,-0.5519723877684776,-2.5963715311178697,0.19920259263042747,-1.5631893457881603,1.144773062144286,-0.2910155538405239,0.07892460113312272,0.5196817748484917,0.10493593938573978,-0.5910296870870915,1.1295805328737183,-0.10855462162592926,-1.1241905157208945,0.3547810699315197,-0.08050986894451367,-0.022953179818889807,0.12575056003115576,0.0559782845397702,1.457485527235258,-0.8010470827416711,-2.0808139770138365,0.0005879872975924155,0.8318463535829396,-1.5641914317603174,0.3645309379489642,-1.4066318740320338,0.8437599628684784,0.0107888127289259,-0.8798609034173346,-1.6035310391159396,2.181078578824122,2.3052443734521595,-1.079064855035123,-1.1026141757878891,0.07908324966022341,-0.38560743938743053,-0.32608349237996515,0.2837333698103036,1.9177430758202654,1.362106387661391,-0.32025576882049983,0.7221138728022954,-1.8470453138330596,0.1358998868639036,-0.23664890497086166,0.9634546752323062,0.6219303660266216,0.3088784215487235,0.4602454152808821,-0.4335440197434825,0.9676448454057958,0.4601370041450058,-0.16224655385545697,0.09874246858326963,0.8440898448390518,0.9386930018700465,-0.3422399199725578,-0.8937174527583296,-0.4556482054572405,-0.4041280008163776,0.12325226055396497,1.197420339454917,-0.4705325396512233,0.38801922321335697,-0.18422722236777303,0.019113056270074064,0.30296191691269214,1.201591074898285,0.24734614024958101,-2.5815690557852835,-0.1991180358312974,1.5691033779939534,1.1420830026644924,0.7906286167024941,1.1793376583769277,0.8240228460368418,1.1599493287038318,-1.1175029403086363,-0.059859144513500266,0.14755419327162667,0.054046744289667145,-0.5770672846449787,0.14632040362257806,-1.7002326833811914,0.4531661125116759,-0.673787011291081,-2.176040714133324,0.01651401179922236,1.5481147473885226,-1.9008681052100456,-0.24304371644965392,-1.6221108055078972,0.25705422672112826,0.8710412311490083,-0.8092405833857074,-0.4236128907660596,-0.1486824784041567,1.239408572285255,-1.3981715012518783,-0.45387571678033206,1.5707097429320627,-0.7273547026711876,-0.39450153378689606,0.18013009989749784,2.327171831094046,-1.1173733269710004,0.7553593749568626,-1.1877928708470822,-1.0075493710514278,-0.5134404929330656,0.4648429677555527,-0.5497413711585165,0.13291491589148124,-0.7174965443387753,0.08148819861935591,-1.2977015927465092,-1.272839040806815,-0.513535305381911,0.611083327594552,0.1937963591316174,-0.7743730728869495,-1.13156945929172,1.0338104350860065,1.3632432582414573,0.5077243841498703,0.35554250537486626,-2.137798854962697
GENE0194,-1.5836457609203467,-1.4067836666235634,-2.3069969543808355,1.972595987499239,1.9792546075924653,-0.7043122095001391,-0.1448394895301217,-0.711644856485736,-1.1598750346479565,0.41911587265692507,0.9967415016472139,-1.3963985654547146,1.0379178685405663,0.22325305012312946,1.6230332949062931,0.7948308137922806,0.12989380845139337,0.13773109267775793,0.0021302725316547375,1.818577903134121,0.612054438162125,-0.3679849771776789,0.5692790173450671,0.4660872982553206,-0.42281834970367166,-0.8201481086366414,1.181954097551536,-0.26239668898122903,-0.31854848905002714,0.5818187679132188,-0.5177763756294582,0.228640138880106,-0.38024276460287726,-2.5792803977882994,0.38635031342739795,0.26182293450421334,0.35382593524071687,-2.075548494706947,-1.350675971433337,1.1625214498488576,0.07390186759904273,-1.8935028677672354,0.0845900662881133,-1.5697971368447574,-0.5732943537865651,0.25357960640720073,0.25502312494452206,1.0068544644126345,0.4652720958771515,0.528275524993228,-0.3814705130355826,-0.8503991054140999,0.04892223186401748,1.0200925579662905,0.8260650003856023,-0.20110635164108032,-0.05964140306186193,-0.9023814866983696,1.1505065755655455,1.6151195640797096,0.4393284421552732,-1.6356864185198698,0.6733991236709899,1.654528307332307,-1.1184948960779733,0.8458469661800985,-0.18800849206767584,1.2438452257577408,-1.1577718087051252,-0.4336671990856061,-1.567921855114636,0.33953708121226917,0.5531022506392108,0.3439678685065512,-0.5157207585619181,-0.4394138097715213,-0.3272030003918698,0.8853145883716469,-1.4526378103153914,-0.34055877799765455,-1.4723264749378582,-0.4092330739056816,-0.014223395806873939,2.1004609089505193,-0.6677118740849867,1.0270702477301241,-1.7103432667592235,0.039793451640505885,0.037625544399826266,0.7452391378616683,-0.5462069476429241,-0.7849036046095206,-2.080103449473167,0.33104768738696627,-0.6420591620340333,1.0254349312745914,0.5117732126204062,1.185496410952648,-0.8735330609972681,0.20452108851534112,0.18995522458586897,-0.4961139869614243,1.2303671703602264,0.7813366237015992,2.030739469870106,0.6946544643414463,1.8688853228950608,1.846137001828644,-0.4915481087452262,-1.4695451849189431,1.6865862103650824,0.6938230683839781,0.5212747372860739,-0.44864796563857384,0.3971513704009905,1.0170556705846325,0.658586344656636,-0.6138234237205725,1.5423489533626462,0.12482834328481325,0.6791829549066385,0.8405780420884758,2.131729221261342,0.4144633521612668,-0.052269500029997834,1.9137125920066507,1.107993307288569,0.30608571142441643,0.2430810326713741,-1.960049982741037,-0.08746967302804623,-1.4024364243992253,-2.669680366664121,-0.5959546770224795,-1.3814546015585398,-0.3550986825318197,0.30806035938715215,0.5091542966139893,-0.10928838450262579,-1.288790996710457,-0.1211476627775129,-1.0657418566779662,1.4033648833051102,-0.14762841804836316,-1.1391807645224268,-1.05101794475283,0.006943559753722974,0.058154777549682596,-0.1935281905746374,0.9937938884440914
GENE0195,1.797319333219173,2.456292364186782,2.948955202808813,-2.8005066075328373,-2.4073973497523413,0.7781177320106274,-0.8069907059196089,1.6473458040039297,-0.07998315398866533,-0.4308104435729651,-1.1737175865244867,0.1685950859550743,-0.1486309199837066,-1.3370525747067878,-0.7363382369408069,-1.9541879451509416,-1.129686884043241,-0.12295162796571171,0.3536017327061492,-0.3237833302557874,0.4715661272542067,-0.9586299061284765,0.4437603146215473,-0.0772131289206602,-0.2060086255944716,-0.0035611858716525836,-0.5992561555791459,-1.5343796232333045,-1.0451728066675965,-1.4118344915138914,-0.22785678972112586,0.6827085390928708,1.483637707550334,-0.46117672036651686,-0.16077862217315575,1.8826033839942888,-0.4027261558117603,-0.6267030790475168,-0.13040223045252228,-0.42449336431905216,-0.6785542464996196,-1.4077589590327655,1.5926261171919522,0.5507131831209593,1.6164513760078978,0.9546974950386221,0.015600906607699359,-1.6701238416219732,-0.9091168186778075,-0.3486605052759789,-0.9638894050535666,-1.8196211780928977,-0.8909064044174912,-0.1940704844861863,1.5899196226186967,-0.6731196909745443,0.6553631212748573,-0.9767652934412705,-0.22440713636115683,-0.034376267512949386,1.6001489317840796,-2.6702775464381614,-0.8113859400254679,0.24691339806735413,0.41802098666552523,-1.1770811017090523,-0.038521558081879674,0.01285306915560368,1.4715807787183395,0.2084478670243203,-0.14180197131995256,-0.7037240736268697,0.607624720840378,-0.25483393551091205,-0.5666099278191502,-0.9801138969108486,-0.29687694338181986,0.6985023164459168,-0.5130683046617224,0.034442388212760765,-0.5569292803965793,0.17041029033848917,0.08327462951479689,-0.7871845310212732,0.8318471746213802,-1.4560985907620927,1.1352317972405392,0.3291621656073052,0.5878803032873501,-1.650633216181882,-0.05102216171712267,1.5337222423796093,-0.14532328480876922,0.13031495036453744,-1.144156859143325,-1.4390747552482208,0.23038458624544275,-0.6780822003818598,-0.5537755881094242,0.06319082655500699,0.6863673142238954,0.5257158894638888,0.09965595109484077,0.8871258782480289,1.0439150850435848,-0.13160735732123524,1.6683093157241102,-1.0872467997930577,-1.5330131113204595,1.3833962226134822,-0.7000681700193767,-2.6724831036520977,-0.3258960087720073,1.2286667474227126,-0.3074718299857303,-1.7752217372096184,-0.2896071100107641,-0.18568895173503236,-0.33607896334677007,-0.7191114363365751,-0.6716953577808804,0.7277334985919344,-0.5798789348216229,0.1614137027544375,0.1578450733039087,-0.6162711665245576,-0.7523931390395009,0.06995104414750146,-1.6522964501085404,1.9938667847667852,-0.5727079957856954,-0.39062852460894903,0.7365762704626347,-0.16980319439240066,-0.4175660590141076,-1.3373228205706227,0.10190615108946523,-0.5468372892945869,2.08133607534918,-0.20531238783601435,-2.266935715454149,0.9501715386017936,-1.0000267205602102,0.10626156067016408,1.4048800806781325,-0.30880384827867013,-0.20471950621822432,0.9346560317976221,1.4255739081662329,-0.13732293077360228
GENE0196,2.5261156233197437,2.2688734358365306,2.29308051952155,-2.8023397349227137,-1.930699769884881,0.2304654871592032,-0.6750330893507847,-1.1259511822896107,-1.493549218063549,0.5161954505415952,-0.38940565674387106,1.0143670202644877,-1.4335448888846196,0.427184975711258,-0.042448346103028375,-0.6135508652665085,-0.5409830352772186,0.10293610077565697,-0.031516226969471824,-0.8916393201525016,0.5156064025154776,1.2050627138897076,-0.2439036405881119,0.5816715429609388,-0.1594023675784662,2.4102531852332847,0.013882667821793792,0.7014283634963061,1.1672641965852917,-0.6408475663874817,0.7059957583889291,0.8623703721217144,0.4298647980100758,0.7632052848677686,-0.6481238211901524,2.147292803987968,-2.398430286441559,-0.8412085388985402,-1.3377110260651168,1.7228992886186119,-0.13096198295672487,-0.9446690066157604,-0.6055938870939891,-1.5248935399213526,0.6274116264141991,0.7280196898121404,0.30354543883134116,-0.7159362327828015,1.526104321729615,0.7818633025076417,-1.744648066784945,-0.19380485378852874,-1.1568358310560711,1.4719071827548464,-0.4484061859687035,-1.37924808371366,-0.14617822936365182,1.5898141392588838,0.8644772374953112,-0.5213291674568507,-0.17401795565480233,0.9949556209739759,1.3946531869947891,-1.5507398772097805,0.15359833462117164,-0.35486759022840525,-0.4875726982440375,1.3420272607868098,-1.3549805026903685,0.8050207947578638,-2.2820917467798063,-0.725132240521119,0.03375115345803975,-1.3112017993118033,2.203790836770964,-0.7172704742282623,-0.7976870582806972,-0.6935712455901809,0.5836498411837081,0.9073911031373957,-0.4382164323738624,0.31665015667655527,0.39448585855645596,-1.441285223722825,-0.11909625482373001,-0.6305552661946555,-1.5566131543746244,0.21323925292030857,1.0148308774077393,0.04387320901629515,-2.5716775746744522,-0.4569280928635677,-0.8935806138132218,1.779743021084757,-0.3391466359308873,-1.613844232109252,-0.04581424291059651,0.6354956616736759,0.09892633603723659,-0.8026532220639115,-0.45865800602651785,0.7655473233588275,0.1011512666737154,2.025105107847757,0.09806341647343508,-1.5280099314764812,-0.1996883814525705,-0.563311124823587,-1.5523861084883046,0.1305224576036408,-0.418104469572192,0.14943586508308748,1.830104040519602,-0.12930238498704855,1.024536271607702,-0.19160546307250215,0.4154490247439272,0.1197823567629256,0.2674270295974748,-0.13157034208652155,1.4503620284890586,0.6319117536302533,0.11566495588273362,0.908564506863392,0.12856159561763905,1.116689641377125,-1.179733234843473,2.131607099249963,0.172307580723728,-1.1412238104574672,0.7490471544836241,1.293626296587855,-1.024886957499313,-0.47180262011623125,1.0149445143673195,0.564558098876674,-0.4400977171625708,-0.24917722989628707,-1.2504534823075533,-0.9878185839475526,-1.672894500021169,-0.34836533077649456,0.677608602170622,-0.2664635602561824,1.116562374310581,-0.6459018357750625,-1.49100236894055,1.154844101020157,0.36722312483894126,1.2274298039607365
GENE0197,2.574281009354259,2.5035295498114807,2.5778477412170053,-2.1285771724126588,-1.8279994653694343,-0.46918186520628147,0.2275438208316947,1.2477107633065823,0.3766944287842498,-0.1783546729893713,1.2263013456043423,0.5124533466882958,-0.007987987614115004,-0.07986590185200935,-0.36766183041417816,0.8430894982128295,0.8806343495248303,1.2653177076063253,0.430232962988477,-0.5442889762967646,0.3307543400065834,-0.5623103075586625,0.16207884958563462,1.4098049723649646,1.1812537447638027,0.9053248087607685,-0.02264963020743062,0.8959373945411511,-0.6407449785914296,-1.4617747188146308,0.2718884270448498,-0.37538145610048224,1.7841819653137487,1.6323615440343924,-0.6889673128064364,0.6946768411108678,-1.974559082924005,0.3393357930258131,0.31385724577411966,-0.9930044649963177,0.16510210881530182,-0.9283123873774262,0.8519058598364567,0.186237759455872,1.492755353632024,-1.530869932799819,-0.8680772946363264,-0.48500474956216894,0.4904994910040165,0.27095218555881556,0.4251576009054045,-0.6491474546431407,-1.9029578330736854,-0.7599298064504296,1.4081956056130922,-0.6203891283821137,0.17719473681261816,0.06094009999622039,0.18366409312814036,-1.3352972949088968,0.8180231429905729,-0.09935629332733534,2.3102827945463367,-0.3729456459098741,0.9771223084965038,-0.3879019135131578,1.9192163961170259,0.7307143080996454,-1.2852851112428745,1.4070578975471166,0.7752462547898445,-0.467204996269618,-1.613169707479282,1.1979791690300343,1.7276324241180276,1.1191244577632744,0.8696513957275637,0.5576210035028154,1.0590647470358372,-0.2619655540653791,-1.8146473905153737,0.7590871662675732,0.3925895800074882,-1.4035972995806076,-2.1928382853795436,0.08137164725418852,-0.15540531564275795,-0.2400024024637938,0.5795642944642145,-0.745143649308345,0.687256214628081,0.6945312598224783,-2.6605961085140057,-0.06866221374193433,0.2001248156687314,0.7480819007849948,0.548984520432423,-1.7509292109692913,0.09566306269328025,-0.2594660389602094,1.0748572157302807,-1.198627125914292,-0.0025720026487927147,0.871326893386785,0.7604105018926068,-0.15439277402181664,1.179763381798567,-0.7310841045075327,0.7321628919054022,0.8982131769939393,-1.3681679306909678,1.3028861701475567,-1.6485598835609496,0.37373477453572995,-0.4688148223852451,1.012349797254572,0.32978970719458384,1.790900881116404,1.1367480382451818,0.1318483172270748,1.205009460312364,-0.10319153592772577,-1.0892184984396958,-0.45741150977522504,-0.11477166086883968,-3.1078198733279727,1.3836645172103057,-0.09700762964584372,0.9640404354189851,0.16052018661350062,-1.541296253287114,0.07942334942961432,-0.11984968328419424,-0.6856990470047358,-0.3902987279818581,0.0265135672152323,-2.454257736119428,0.36005534926138993,0.6039999885462077,0.5009194426660396,-0.2814469186233805,1.9641413489560264,0.5109866551210646,-0.41785672016313397,-1.2388682825738393,-1.3649269809680389,0.3998735875292586,0.7218569916101722,0.12426873778132808,-0.05656563471631277
GENE0198,-1.608916690905556,-1.7376895024886045,-1.8905445770086569,1.3336962593120074,1.7298267026926364,0.5767839623359914,-0.8182886435718353,-1.00432952941944,0.04979282184371716,0.2070093303943671,-0.005287430485535406,-2.7137783950564103,0.3325653561696426,2.5684180336896354,0.9182061265199473,-1.9561136149549219,-0.4053975640786944,-0.19529340781933383,-0.3208954349073055,-1.2389113624205548,-0.8930330229236775,0.9338272182273607,0.7471471494865899,-0.11165347651596347,0.9480954743518956,-0.6568290138741234,-0.3428299609297368,-0.36468311697407846,-1.5514110756597728,-0.2558311149458504,1.6378806500493586,1.5285596938419483,0.11721529439666767,-0.218728400216553,1.7689243790114788,-0.2466358530269694,-0.5184799465127898,0.9571057538558676,-1.7111023706488653,-0.1109610809710438,-0.06565722721709456,0.5153203106163854,-0.5922810960742466,-0.17005071377640224,0.09354542107829379,-0.25446067528543365,-0.1854783071949178,0.8327710885750317,0.5809926220961263,0.5180021758181764,-1.6435062844882267,0.4297907257672019,-0.8406157818114738,1.9914906616219616,-0.009186722084718239,-0.19609381090859254,1.5190065863804083,1.2085809090430115,-0.23721326100309761,-1.1766479143170716,-1.7636302969383426,-1.0474467628306452,0.3210065993382798,-0.14766805395570565,-0.9369084376665925,-0.392182540456198,1.7169791553105584,1.1196135161338037,1.7526994663902828,-0.6898099420321521,0.8069610561434842,0.7032484458087049,1.4683606531466296,0.011570591472661481,-0.7827592676193803,-0.9017571605108504,-0.01330399380962096,0.07736301367362154,0.27269389888227913,-1.3958945963597262,1.2938896058438014,-1.3527985214509015,1.2907012755373546,-0.3228994742332959,1.845556018994896,-1.745860338554486,1.1754907528377074,-1.0308066111970997,-1.102398864051479,1.6561216174092266,0.7529134664559394,-1.4778438261315525,0.20190929371434824,1.4047902936677858,0.558419353672965,0.030915136536533383,1.15087657207537,0.36866036826184695,-1.6596173508051615,0.09605043714712716,0.4842250883273503,0.22254775222043163,-0.4047125489300302,0.45783633746765673,0.18362415193460738,-1.991838730766402,-1.3262640374766095,0.3101543210212768,0.7457470574309127,-0.7778915557806669,0.7370554217055713,0.5004489664830519,-0.18903608269240085,0.4268271222856313,0.40467275275047726,0.8765538871182497,0.9241498811618153,-1.0419230560259762,-0.7329051794629308,1.476593164493259,0.8828891292315729,0.6385494426361481,0.7944675007883284,1.1380936173540683,0.13368600333060054,-0.3790641977809409,0.5610613754756312,-0.026383971378865598,1.5492199269101596,1.5343704448156597,0.8909473066934134,-1.2768523814374269,-1.0950698516384592,-1.3151082238245586,0.18654106888644828,0.9230094817120237,-0.307814870678248,-0.646323096593717,0.10379032017232058,-0.7839139321077652,0.26585844321199104,-0.24323921472729046,-0.6570561973455599,0.11529017698344701,0.8875284721626011,-1.519099722665058,0.16812886589060091,-2.0989737278400504,-0.2546785692690531,0.6952054027520002
GENE0199,2.5501004273281986,1.9330359956042962,2.8994852537631193,-2.485597431083485,-2.278226381878477,0.16265028501659037,-1.002582765600717,0.5565046246836178,-0.7167271838795211,-0.3196614394666864,0.4993752705248887,0.6354610469219445,0.589976574126145,0.26361950434705733,-1.0866445364068422,-0.0314763230484939,-0.17414117319826142,-0.4207318742926211,0.07407156614632787,-0.8618577819295807,-0.03471992112849314,-0.299742983877268,-0.45739173015987844,-1.116430732954923,-1.1429281277742376,1.342300249977583,0.11480595323445157,1.8122749265077545,1.8618102747487555,1.2296485833648432,-1.2818421611576,1.4110203672724826,-0.12646644675893204,-0.27765476763832864,-0.42047418651301566,-0.35057288224800476,0.39940643185931857,2.2997808229864214,-1.6393357979454637,1.943406573241179,1.5090941380375456,-0.17770815913186472,-0.49765887306319256,-1.3470790637693153,-0.9081119652408802,-0.6071873629556563,-0.10317171956553796,-0.029559678965264426,0.7611380783377651,0.6513600490089047,0.23867518127513648,-0.04362453249466674,1.1431321070127851,0.8395380907605915,0.4449663219675768,-0.40575187676865054,1.1056475867588516,0.8348705013643479,-0.24595705136739915,-1.917491134790412,0.09500576593824374,-0.6923126169717498,0.7172434606840445,0.21590907401445647,-1.672731364163467,0.2947669488713626,1.7151111167020967,-0.1527913390166114,-0.008383448029862973,-0.34304741864405286,0.07207904009235196,1.540130669860402,1.0555289801264016,-0.5758141300459375,-0.07276987951260311,-0.007779170425073502,0.41166296693634524,0.4300855996754318,-0.09585428886570539,-1.2448555552711726,-0.11465539206411643,-0.362456326852827,-0.8974467975356183,0.7883878048226324,0.01921484945418607,-1.032747465150256,1.9799798653738627,0.41649742054684125,0.791941079449409,1.0480686287510415,-0.4361276073200601,0.5436568541826409,-1.9298404337291657,0.962360399888817,-0.06807066726845386,0.5267254766333834,-0.07019313129802682,1.8177025739243113,1.224170042282331,-2.610904858735281,0.5527673995839918,-0.28200274933054587,0.5922718665847648,0.5783880703253933,-0.7429851077190445,-0.11579529807478761,-1.0193933189236108,1.4860508058293391,0.3272853461637792,0.43246446584494164,0.3039414673797327,-1.0598113427609108,0.632818165736924,1.7851597363433906,-1.55609957693395,0.08029422826362541,0.7596108910399549,-0.7485147213918408,0.7323000627727059,0.04498784357610075,-0.7125789671773227,-2.509570855901224,-0.09934294131879018,-0.07331992526524429,1.314220585264144,0.33883513526701114,-0.5299547266707065,-1.5713425742226215,0.8745466192015411,0.11743656960918189,-0.39402474224177564,-0.5411597452250768,1.2434450686497005,1.391291786396494,-0.6267245708915488,-2.2983061801538542,-0.2134209543484186,0.22609812679603847,0.07243456351598326,-1.5743437082232996,1.533053682605455,-1.860433845962216,-0.7489295316024224,-1.0219445691616111,-1.0747878383102238,-2.1826167003429697,0.06063748823472024,1.4145307931105,-0.16469795285797176,-1.0076298191401671
