drug,indication,in_l1000_pool,ra_label
AVL-292,"Arthritis, Rheumatoid (investigational, not approved)",True,reported RA investigation (not approved)
AVL-292,Leukemia,True,reported RA investigation (not approved)
AVL-292,"Lymphoma, Large B-Cell, Diffuse",True,reported RA investigation (not approved)
IB-MECA,"Arthritis, Rheumatoid (investigational, not approved)",True,reported RA investigation (not approved)
IPI-145,"Arthritis, Rheumatoid (investigational, not approved)",True,reported RA investigation (not approved)
IPI-145,Asthma,True,reported RA investigation (not approved)
IPI-145,"Carcinoma, Squamous Cell",True,reported RA investigation (not approved)
IPI-145,Hematologic Neoplasms,True,reported RA investigation (not approved)
IPI-145,Leukemia,True,reported RA investigation (not approved)
IPI-145,"Leukemia, Lymphocytic, Chronic, B-Cell",True,reported RA investigation (not approved)
IPI-145,"Leukemia, Lymphoid",True,reported RA investigation (not approved)
IPI-145,Liver Diseases,True,reported RA investigation (not approved)
IPI-145,Lymphoma,True,reported RA investigation (not approved)
IPI-145,"Lymphoma, Follicular",True,reported RA investigation (not approved)
IPI-145,"Lymphoma, Large B-Cell, Diffuse",True,reported RA investigation (not approved)
IPI-145,"Lymphoma, Non-Hodgkin",True,reported RA investigation (not approved)
IPI-145,"Lymphoma, T-Cell, Peripheral",True,reported RA investigation (not approved)
IPI-145,Melanoma,True,reported RA investigation (not approved)
IPI-145,Mycosis Fungoides,True,reported RA investigation (not approved)
IPI-145,Neoplasms,True,reported RA investigation (not approved)
IPI-145,Precursor Cell Lymphoblastic Leukemia-Lymphoma,True,reported RA investigation (not approved)
IPI-145,Severe Acute Respiratory Syndrome,True,reported RA investigation (not approved)
IPI-145,Sezary Syndrome,True,reported RA investigation (not approved)
MK-0812,"Arthritis, Rheumatoid (investigational, not approved)",True,reported RA investigation (not approved)
MK-0812,"Multiple Sclerosis, Relapsing-Remitting",True,reported RA investigation (not approved)
PH-797804,"Arthritis, Rheumatoid (investigational, not approved)",True,reported RA investigation (not approved)
PH-797804,"Neuralgia, Postherpetic",True,reported RA investigation (not approved)
PH-797804,Osteoarthritis,True,reported RA investigation (not approved)
PH-797804,Pain,True,reported RA investigation (not approved)
PH-797804,"Pulmonary Disease, Chronic Obstructive",True,reported RA investigation (not approved)
S-ruxolitinib,Alopecia Areata,True,reported RA investigation (not approved)
S-ruxolitinib,Anemia,True,reported RA investigation (not approved)
S-ruxolitinib,"Arthritis, Rheumatoid (investigational, not approved)",True,reported RA investigation (not approved)
S-ruxolitinib,Breast Neoplasms,True,reported RA investigation (not approved)
S-ruxolitinib,Bronchiolitis Obliterans,True,reported RA investigation (not approved)
S-ruxolitinib,Bronchiolitis Obliterans Syndrome,True,reported RA investigation (not approved)
S-ruxolitinib,Cachexia,True,reported RA investigation (not approved)
S-ruxolitinib,"Carcinoma, Non-Small-Cell Lung",True,reported RA investigation (not approved)
S-ruxolitinib,"Carcinoma, Pancreatic Ductal",True,reported RA investigation (not approved)
S-ruxolitinib,"Carcinoma, Squamous Cell",True,reported RA investigation (not approved)
S-ruxolitinib,Colorectal Neoplasms,True,reported RA investigation (not approved)
S-ruxolitinib,Dermatitis,True,reported RA investigation (not approved)
S-ruxolitinib,"Dermatitis, Atopic",True,reported RA investigation (not approved)
S-ruxolitinib,"Dermatitis, Seborrheic",True,reported RA investigation (not approved)
S-ruxolitinib,Eczema,True,reported RA investigation (not approved)
S-ruxolitinib,Glioblastoma,True,reported RA investigation (not approved)
S-ruxolitinib,Graft vs Host Disease,True,reported RA investigation (not approved)
S-ruxolitinib,HIV Infections,True,reported RA investigation (not approved)
S-ruxolitinib,Hematologic Neoplasms,True,reported RA investigation (not approved)
S-ruxolitinib,Hidradenitis Suppurativa,True,reported RA investigation (not approved)
S-ruxolitinib,Histiocytosis,True,reported RA investigation (not approved)
S-ruxolitinib,Hodgkin Disease,True,reported RA investigation (not approved)
S-ruxolitinib,Hypereosinophilic Syndrome,True,reported RA investigation (not approved)
S-ruxolitinib,Inflammatory Breast Neoplasms,True,reported RA investigation (not approved)
S-ruxolitinib,Leukemia,True,reported RA investigation (not approved)
S-ruxolitinib,"Leukemia, Biphenotypic, Acute",True,reported RA investigation (not approved)
S-ruxolitinib,"Leukemia, Large Granular Lymphocytic",True,reported RA investigation (not approved)
S-ruxolitinib,"Leukemia, Lymphocytic, Chronic, B-Cell",True,reported RA investigation (not approved)
S-ruxolitinib,"Leukemia, Myelogenous, Chronic, BCR-ABL Positive",True,reported RA investigation (not approved)
S-ruxolitinib,"Leukemia, Myeloid, Acute",True,reported RA investigation (not approved)
S-ruxolitinib,Lichen Planus,True,reported RA investigation (not approved)
S-ruxolitinib,Lichen Sclerosus et Atrophicus,True,reported RA investigation (not approved)
S-ruxolitinib,Lung Neoplasms,True,reported RA investigation (not approved)
S-ruxolitinib,"Lupus Erythematosus, Discoid",True,reported RA investigation (not approved)
S-ruxolitinib,"Lymphohistiocytosis, Hemophagocytic",True,reported RA investigation (not approved)
S-ruxolitinib,Lymphoma,True,reported RA investigation (not approved)
S-ruxolitinib,"Lymphoma, Non-Hodgkin",True,reported RA investigation (not approved)
S-ruxolitinib,Macrophage Activation Syndrome,True,reported RA investigation (not approved)
S-ruxolitinib,Malignant Atrophic Papulosis,True,reported RA investigation (not approved)
S-ruxolitinib,Multiple Myeloma,True,reported RA investigation (not approved)
S-ruxolitinib,Myeloproliferative Disorders,True,reported RA investigation (not approved)
S-ruxolitinib,Necrobiosis Lipoidica,True,reported RA investigation (not approved)
S-ruxolitinib,Neoplasms,True,reported RA investigation (not approved)
S-ruxolitinib,Neuromyelitis Optica,True,reported RA investigation (not approved)
S-ruxolitinib,Pancreatic Neoplasms,True,reported RA investigation (not approved)
S-ruxolitinib,Paraganglioma,True,reported RA investigation (not approved)
S-ruxolitinib,Pneumonia,True,reported RA investigation (not approved)
S-ruxolitinib,Polycythemia Vera,True,reported RA investigation (not approved)
S-ruxolitinib,Precursor Cell Lymphoblastic Leukemia-Lymphoma,True,reported RA investigation (not approved)
S-ruxolitinib,Primary Immunodeficiency Diseases,True,reported RA investigation (not approved)
S-ruxolitinib,Primary Myelofibrosis,True,reported RA investigation (not approved)
S-ruxolitinib,"Prostatic Neoplasms, Castration-Resistant",True,reported RA investigation (not approved)
S-ruxolitinib,Prurigo,True,reported RA investigation (not approved)
S-ruxolitinib,Psoriasis,True,reported RA investigation (not approved)
S-ruxolitinib,Severe Acute Respiratory Syndrome,True,reported RA investigation (not approved)
S-ruxolitinib,"Thrombocythemia, Essential",True,reported RA investigation (not approved)
S-ruxolitinib,Uveal Melanoma,True,reported RA investigation (not approved)
S-ruxolitinib,Vitiligo,True,reported RA investigation (not approved)
S-ruxolitinib,beta-Thalassemia,True,reported RA investigation (not approved)
SC-12267,"Arthritis, Rheumatoid (investigational, not approved)",True,reported RA investigation (not approved)
SC-12267,"Cholangitis, Sclerosing",True,reported RA investigation (not approved)
SC-12267,"Colitis, Ulcerative",True,reported RA investigation (not approved)
SC-12267,Inflammatory Bowel Diseases,True,reported RA investigation (not approved)
SC-12267,Multiple Sclerosis,True,reported RA investigation (not approved)
SC-12267,"Multiple Sclerosis, Relapsing-Remitting",True,reported RA investigation (not approved)
SC-12267,Severe Acute Respiratory Syndrome,True,reported RA investigation (not approved)
TAK-715,"Arthritis, Rheumatoid (investigational, not approved)",True,reported RA investigation (not approved)
abatacept,"Arthritis, Rheumatoid",False,out-of-pool (inert for the filter)
abatacept,rheumatoid arthritis,False,out-of-pool (inert for the filter)
abbv-257,"Arthritis, Rheumatoid",False,out-of-pool (inert for the filter)
abbv-257,rheumatoid arthritis,False,out-of-pool (inert for the filter)
abbv-3373,"Arthritis, Rheumatoid",False,out-of-pool (inert for the filter)
abbv-3373,rheumatoid arthritis,False,out-of-pool (inert for the filter)
ac-430,"Arthritis, Rheumatoid",False,out-of-pool (inert for the filter)
ac-430,rheumatoid arthritis,False,out-of-pool (inert for the filter)
acacia,"Arthritis, Rheumatoid",False,out-of-pool (inert for the filter)
acacia,rheumatoid arthritis,False,out-of-pool (inert for the filter)
acalabrutinib,"Arthritis, Rheumatoid",False,out-of-pool (inert for the filter)
acalabrutinib,rheumatoid arthritis,False,out-of-pool (inert for the filter)
aceclofenac,"Arthritis, Rheumatoid",False,out-of-pool (inert for the filter)
aceclofenac,rheumatoid arthritis,False,out-of-pool (inert for the filter)
adalimumab,Arthritis,False,out-of-pool (inert for the filter)
adalimumab,"Arthritis, Juvenile",False,out-of-pool (inert for the filter)
adalimumab,"Arthritis, Psoriatic",False,out-of-pool (inert for the filter)
adalimumab,"Arthritis, Rheumatoid",False,out-of-pool (inert for the filter)
adalimumab,Asthma,False,out-of-pool (inert for the filter)
adalimumab,Behcet Syndrome,False,out-of-pool (inert for the filter)
adalimumab,Bursitis,False,out-of-pool (inert for the filter)
adalimumab,Choroidal Neovascularization,False,out-of-pool (inert for the filter)
adalimumab,Colitis,False,out-of-pool (inert for the filter)
adalimumab,"Colitis, Ulcerative",False,out-of-pool (inert for the filter)
adalimumab,Crohn Disease,False,out-of-pool (inert for the filter)
adalimumab,"Cystitis, Interstitial",False,out-of-pool (inert for the filter)
adalimumab,Dupuytren Contracture,False,out-of-pool (inert for the filter)
adalimumab,Giant Cell Arteritis,False,out-of-pool (inert for the filter)
adalimumab,"Glomerulosclerosis, Focal Segmental",False,out-of-pool (inert for the filter)
adalimumab,Hidradenitis Suppurativa,False,out-of-pool (inert for the filter)
adalimumab,Immune System Diseases,False,out-of-pool (inert for the filter)
adalimumab,Inflammation,False,out-of-pool (inert for the filter)
adalimumab,Inflammatory Bowel Diseases,False,out-of-pool (inert for the filter)
adalimumab,Macular Degeneration,False,out-of-pool (inert for the filter)
adalimumab,Mucopolysaccharidosis II,False,out-of-pool (inert for the filter)
adalimumab,Mucopolysaccharidosis VI,False,out-of-pool (inert for the filter)
adalimumab,Netherton Syndrome,False,out-of-pool (inert for the filter)
adalimumab,Osteoarthritis,False,out-of-pool (inert for the filter)
adalimumab,"Osteoarthritis, Knee",False,out-of-pool (inert for the filter)
adalimumab,Prostatic Hyperplasia,False,out-of-pool (inert for the filter)
adalimumab,Psoriasis,False,out-of-pool (inert for the filter)
adalimumab,Pyoderma,False,out-of-pool (inert for the filter)
adalimumab,Sarcoidosis,False,out-of-pool (inert for the filter)
adalimumab,Sciatica,False,out-of-pool (inert for the filter)
adalimumab,Severe Acute Respiratory Syndrome,False,out-of-pool (inert for the filter)
adalimumab,Spondylarthropathies,False,out-of-pool (inert for the filter)
adalimumab,"Spondylitis, Ankylosing",False,out-of-pool (inert for the filter)
adalimumab,Thyroid Neoplasms,False,out-of-pool (inert for the filter)
adalimumab,Uveitis,False,out-of-pool (inert for the filter)
adalimumab,rheumatoid arthritis,False,out-of-pool (inert for the filter)
adalimumab fosimdesonide,"Arthritis, Rheumatoid",False,out-of-pool (inert for the filter)
adalimumab fosimdesonide,rheumatoid arthritis,False,out-of-pool (inert for the filter)
adl-5859,"Arthritis, Rheumatoid",False,out-of-pool (inert for the filter)
adl-5859,rheumatoid arthritis,False,out-of-pool (inert for the filter)
ak-106,"Arthritis, Rheumatoid",False,out-of-pool (inert for the filter)
ak-106,rheumatoid arthritis,False,out-of-pool (inert for the filter)
alemtuzumab,"Arthritis, Rheumatoid",False,out-of-pool (inert for the filter)
alemtuzumab,rheumatoid arthritis,False,out-of-pool (inert for the filter)
amelubant,"Arthritis, Rheumatoid",False,out-of-pool (inert for the filter)
amelubant,rheumatoid arthritis,False,out-of-pool (inert for the filter)
amg-108,"Arthritis, Rheumatoid",False,out-of-pool (inert for the filter)
amg-108,rheumatoid arthritis,False,out-of-pool (inert for the filter)
aminopterin,"Arthritis, Rheumatoid",False,out-of-pool (inert for the filter)
aminopterin,rheumatoid arthritis,False,out-of-pool (inert for the filter)
amp-110,"Arthritis, Rheumatoid",False,out-of-pool (inert for the filter)
amp-110,rheumatoid arthritis,False,out-of-pool (inert for the filter)
anakinra,"Arthritis, Rheumatoid",False,out-of-pool (inert for the filter)
anakinra,rheumatoid arthritis,False,out-of-pool (inert for the filter)
andecaliximab,"Arthritis, Rheumatoid",False,out-of-pool (inert for the filter)
andecaliximab,rheumatoid arthritis,False,out-of-pool (inert for the filter)
anifrolumab,"Arthritis, Rheumatoid",False,out-of-pool (inert for the filter)
anifrolumab,rheumatoid arthritis,False,out-of-pool (inert for the filter)
apilimod mesylate,"Arthritis, Rheumatoid",False,out-of-pool (inert for the filter)
apilimod mesylate,rheumatoid arthritis,False,out-of-pool (inert for the filter)
apratastat,"Arthritis, Rheumatoid",False,out-of-pool (inert for the filter)
apratastat,rheumatoid arthritis,False,out-of-pool (inert for the filter)
apremilast,Acne Vulgaris,True,reported RA investigation (not approved)
apremilast,Alcoholism,True,reported RA investigation (not approved)
apremilast,"Arthritis, Psoriatic",True,reported RA investigation (not approved)
apremilast,"Arthritis, Rheumatoid (investigational, not approved)",True,reported RA investigation (not approved)
apremilast,Behcet Syndrome,True,reported RA investigation (not approved)
apremilast,"Colitis, Ulcerative",True,reported RA investigation (not approved)
apremilast,Dermatitis,True,reported RA investigation (not approved)
apremilast,"Dermatitis, Allergic Contact",True,reported RA investigation (not approved)
apremilast,"Dermatitis, Atopic",True,reported RA investigation (not approved)
apremilast,Dermatomyositis,True,reported RA investigation (not approved)
apremilast,Eczema,True,reported RA investigation (not approved)
apremilast,Erythema Multiforme,True,reported RA investigation (not approved)
apremilast,Gout,True,reported RA investigation (not approved)
apremilast,Hidradenitis Suppurativa,True,reported RA investigation (not approved)
apremilast,Immune System Diseases,True,reported RA investigation (not approved)
apremilast,"Influenza, Human",True,reported RA investigation (not approved)
apremilast,Lichen Planus,True,reported RA investigation (not approved)
apremilast,"Lichen Planus, Oral",True,reported RA investigation (not approved)
apremilast,"Lupus Erythematosus, Discoid",True,reported RA investigation (not approved)
apremilast,Oral Ulcer,True,reported RA investigation (not approved)
apremilast,Pneumonia,True,reported RA investigation (not approved)
apremilast,Prostatitis,True,reported RA investigation (not approved)
apremilast,Psoriasis,True,reported RA investigation (not approved)
apremilast,Rosacea,True,reported RA investigation (not approved)
apremilast,Severe Acute Respiratory Syndrome,True,reported RA investigation (not approved)
apremilast,"Spondylitis, Ankylosing",True,reported RA investigation (not approved)
apremilast,Uveitis,True,reported RA investigation (not approved)
apremilast,Vitiligo,True,reported RA investigation (not approved)
arginine,"Arthritis, Rheumatoid",False,out-of-pool (inert for the filter)
arginine,rheumatoid arthritis,False,out-of-pool (inert for the filter)
arry-797,"Arthritis, Rheumatoid",False,out-of-pool (inert for the filter)
arry-797,rheumatoid arthritis,False,out-of-pool (inert for the filter)
ask-8007,"Arthritis, Rheumatoid",False,out-of-pool (inert for the filter)
ask-8007,rheumatoid arthritis,False,out-of-pool (inert for the filter)
atacicept,"Arthritis, Rheumatoid",False,out-of-pool (inert for the filter)
atacicept,rheumatoid arthritis,False,out-of-pool (inert for the filter)
atorvastatin,Acute Chest Syndrome,True,reported RA investigation (not approved)
atorvastatin,Acute Coronary Syndrome,True,reported RA investigation (not approved)
atorvastatin,Acute Kidney Injury,True,reported RA investigation (not approved)
atorvastatin,Alzheimer Disease,True,reported RA investigation (not approved)
atorvastatin,"Anemia, Sickle Cell",True,reported RA investigation (not approved)
atorvastatin,"Arthritis, Rheumatoid (investigational, not approved)",True,reported RA investigation (not approved)
atorvastatin,Asthma,True,reported RA investigation (not approved)
atorvastatin,Atherosclerosis,True,reported RA investigation (not approved)
atorvastatin,Atrial Fibrillation,True,reported RA investigation (not approved)
atorvastatin,Bicuspid Aortic Valve Disease,True,reported RA investigation (not approved)
atorvastatin,Breast Neoplasms,True,reported RA investigation (not approved)
atorvastatin,"Carcinoma, Renal Cell",True,reported RA investigation (not approved)
atorvastatin,Cardiomyopathies,True,reported RA investigation (not approved)
atorvastatin,"Cardiomyopathy, Hypertrophic",True,reported RA investigation (not approved)
atorvastatin,Cardiovascular Diseases,True,reported RA investigation (not approved)
atorvastatin,Carotid Artery Diseases,True,reported RA investigation (not approved)
atorvastatin,Chagas Disease,True,reported RA investigation (not approved)
atorvastatin,Cognitive Dysfunction,True,reported RA investigation (not approved)
atorvastatin,Colorectal Neoplasms,True,reported RA investigation (not approved)
atorvastatin,"Colorectal Neoplasms, Hereditary Nonpolyposis",True,reported RA investigation (not approved)
atorvastatin,"Constriction, Pathologic",True,reported RA investigation (not approved)
atorvastatin,Coronary Artery Disease,True,reported RA investigation (not approved)
atorvastatin,Coronary Disease,True,reported RA investigation (not approved)
atorvastatin,Crohn Disease,True,reported RA investigation (not approved)
atorvastatin,Depressive Disorder,True,reported RA investigation (not approved)
atorvastatin,Diabetes Insipidus,True,reported RA investigation (not approved)
atorvastatin,Diabetes Mellitus,True,reported RA investigation (not approved)
atorvastatin,"Diabetes Mellitus, Type 1",True,reported RA investigation (not approved)
atorvastatin,"Diabetes Mellitus, Type 2",True,reported RA investigation (not approved)
atorvastatin,"Edema, Cardiac",True,reported RA investigation (not approved)
atorvastatin,Endometrial Neoplasms,True,reported RA investigation (not approved)
atorvastatin,Epilepsy,True,reported RA investigation (not approved)
atorvastatin,Essential Hypertension,True,reported RA investigation (not approved)
atorvastatin,Glioblastoma,True,reported RA investigation (not approved)
atorvastatin,"Glomerulosclerosis, Focal Segmental",True,reported RA investigation (not approved)
atorvastatin,Graves Ophthalmopathy,True,reported RA investigation (not approved)
atorvastatin,HIV Infections,True,reported RA investigation (not approved)
atorvastatin,Heart Failure,True,reported RA investigation (not approved)
atorvastatin,"Hematoma, Subdural, Intracranial",True,reported RA investigation (not approved)
atorvastatin,"Hemorrhagic Fever, Ebola",True,reported RA investigation (not approved)
atorvastatin,Hepatitis C,True,reported RA investigation (not approved)
atorvastatin,Hypercholesterolemia,True,reported RA investigation (not approved)
atorvastatin,"Hyperlipidemia, Familial Combined",True,reported RA investigation (not approved)
atorvastatin,Hyperlipidemias,True,reported RA investigation (not approved)
atorvastatin,Hyperlipoproteinemia Type II,True,reported RA investigation (not approved)
atorvastatin,Hyperlipoproteinemia Type III,True,reported RA investigation (not approved)
atorvastatin,Hyperlipoproteinemia Type IV,True,reported RA investigation (not approved)
atorvastatin,Hypertension,True,reported RA investigation (not approved)
atorvastatin,"Hypertension, Pulmonary",True,reported RA investigation (not approved)
atorvastatin,Hypertriglyceridemia,True,reported RA investigation (not approved)
atorvastatin,Inflammatory Bowel Diseases,True,reported RA investigation (not approved)
atorvastatin,Inflammatory Breast Neoplasms,True,reported RA investigation (not approved)
atorvastatin,"Influenza, Human",True,reported RA investigation (not approved)
atorvastatin,Intracranial Aneurysm,True,reported RA investigation (not approved)
atorvastatin,Ischemic Stroke,True,reported RA investigation (not approved)
atorvastatin,Kidney Diseases,True,reported RA investigation (not approved)
atorvastatin,Kidney Neoplasms,True,reported RA investigation (not approved)
atorvastatin,Leukemia,True,reported RA investigation (not approved)
atorvastatin,"Leukemia, Myeloid, Acute",True,reported RA investigation (not approved)
atorvastatin,Lipid Metabolism Disorders,True,reported RA investigation (not approved)
atorvastatin,Liver Cirrhosis,True,reported RA investigation (not approved)
atorvastatin,"Lupus Erythematosus, Systemic",True,reported RA investigation (not approved)
atorvastatin,Lymphoma,True,reported RA investigation (not approved)
atorvastatin,"Lymphoma, Non-Hodgkin",True,reported RA investigation (not approved)
atorvastatin,Macular Degeneration,True,reported RA investigation (not approved)
atorvastatin,Melanoma,True,reported RA investigation (not approved)
atorvastatin,Metabolic Syndrome,True,reported RA investigation (not approved)
atorvastatin,Migraine Disorders,True,reported RA investigation (not approved)
atorvastatin,Mucocutaneous Lymph Node Syndrome,True,reported RA investigation (not approved)
atorvastatin,Multiple Myeloma,True,reported RA investigation (not approved)
atorvastatin,Multiple Sclerosis,True,reported RA investigation (not approved)
atorvastatin,"Multiple Sclerosis, Relapsing-Remitting",True,reported RA investigation (not approved)
atorvastatin,Myelodysplastic Syndromes,True,reported RA investigation (not approved)
atorvastatin,Myocardial Infarction,True,reported RA investigation (not approved)
atorvastatin,Nasopharyngeal Carcinoma,True,reported RA investigation (not approved)
atorvastatin,Necrosis,True,reported RA investigation (not approved)
atorvastatin,Neoplasms,True,reported RA investigation (not approved)
atorvastatin,Nephrotic Syndrome,True,reported RA investigation (not approved)
atorvastatin,Non-alcoholic Fatty Liver Disease,True,reported RA investigation (not approved)
atorvastatin,Obesity,True,reported RA investigation (not approved)
atorvastatin,"Osteoarthritis, Knee",True,reported RA investigation (not approved)
atorvastatin,Osteonecrosis,True,reported RA investigation (not approved)
atorvastatin,Paraplegia,True,reported RA investigation (not approved)
atorvastatin,Periodontitis,True,reported RA investigation (not approved)
atorvastatin,Pre-Eclampsia,True,reported RA investigation (not approved)
atorvastatin,Prostatic Neoplasms,True,reported RA investigation (not approved)
atorvastatin,"Prostatic Neoplasms, Castration-Resistant",True,reported RA investigation (not approved)
atorvastatin,Psoriasis,True,reported RA investigation (not approved)
atorvastatin,"Purpura, Thrombocytopenic, Idiopathic",True,reported RA investigation (not approved)
atorvastatin,Renal Insufficiency,True,reported RA investigation (not approved)
atorvastatin,"Renal Insufficiency, Chronic",True,reported RA investigation (not approved)
atorvastatin,ST Elevation Myocardial Infarction,True,reported RA investigation (not approved)
atorvastatin,Sarcoidosis,True,reported RA investigation (not approved)
atorvastatin,"Scleroderma, Localized",True,reported RA investigation (not approved)
atorvastatin,Sepsis,True,reported RA investigation (not approved)
atorvastatin,Severe Acute Respiratory Syndrome,True,reported RA investigation (not approved)
atorvastatin,"Sleep Apnea, Obstructive",True,reported RA investigation (not approved)
atorvastatin,Sleep Wake Disorders,True,reported RA investigation (not approved)
atorvastatin,Stroke,True,reported RA investigation (not approved)
atorvastatin,Tuberculosis,True,reported RA investigation (not approved)
atorvastatin,Vascular Diseases,True,reported RA investigation (not approved)
atorvastatin,Venous Thromboembolism,True,reported RA investigation (not approved)
atorvastatin,Vitiligo,True,reported RA investigation (not approved)
auranofin,"Arthritis, Rheumatoid",False,out-of-pool (inert for the filter)
auranofin,rheumatoid arthritis,False,out-of-pool (inert for the filter)
azathioprine,"Anemia, Sickle Cell",True,known hit (approved)
azathioprine,Anti-Neutrophil Cytoplasmic Antibody-Associated Vasculitis,True,known hit (approved)
azathioprine,"Arthritis, Rheumatoid",True,known hit (approved)
azathioprine,"Carcinoma, Hepatocellular",True,known hit (approved)
azathioprine,Cardiomyopathies,True,known hit (approved)
azathioprine,Churg-Strauss Syndrome,True,known hit (approved)
azathioprine,"Colitis, Ulcerative",True,known hit (approved)
azathioprine,Crohn Disease,True,known hit (approved)
azathioprine,Delayed Graft Function,True,known hit (approved)
azathioprine,Dermatitis,True,known hit (approved)
azathioprine,Eczema,True,known hit (approved)
azathioprine,Encephalomyelitis,True,known hit (approved)
azathioprine,"Glomerulonephritis, IGA",True,known hit (approved)
azathioprine,Gout,True,known hit (approved)
azathioprine,Granulomatosis with Polyangiitis,True,known hit (approved)
azathioprine,"Hepatitis, Autoimmune",True,known hit (approved)
azathioprine,Idiopathic Pulmonary Fibrosis,True,known hit (approved)
azathioprine,Immune System Diseases,True,known hit (approved)
azathioprine,Infertility,True,known hit (approved)
azathioprine,Inflammatory Bowel Diseases,True,known hit (approved)
azathioprine,Kidney Diseases,True,known hit (approved)
azathioprine,"Leukemia, Myeloid, Acute",True,known hit (approved)
azathioprine,Lung Diseases,True,known hit (approved)
azathioprine,"Lung Diseases, Interstitial",True,known hit (approved)
azathioprine,"Lupus Erythematosus, Systemic",True,known hit (approved)
azathioprine,Lupus Nephritis,True,known hit (approved)
azathioprine,Microscopic Polyangiitis,True,known hit (approved)
azathioprine,Mucopolysaccharidoses,True,known hit (approved)
azathioprine,Myasthenia Gravis,True,known hit (approved)
azathioprine,Myelodysplastic Syndromes,True,known hit (approved)
azathioprine,Neuromyelitis Optica,True,known hit (approved)
azathioprine,"Pemphigoid, Bullous",True,known hit (approved)
azathioprine,Pemphigus,True,known hit (approved)
azathioprine,Precursor Cell Lymphoblastic Leukemia-Lymphoma,True,known hit (approved)
azathioprine,Pulmonary Fibrosis,True,known hit (approved)
azathioprine,"Renal Insufficiency, Chronic",True,known hit (approved)
azathioprine,Takayasu Arteritis,True,known hit (approved)
azathioprine,Thrombocytopenia,True,known hit (approved)
azathioprine,Urticaria,True,known hit (approved)
azathioprine,Vasculitis,True,known hit (approved)
azathioprine,rheumatoid arthritis,True,known hit (approved)
azd5672,"Arthritis, Rheumatoid",False,out-of-pool (inert for the filter)
azd5672,rheumatoid arthritis,False,out-of-pool (inert for the filter)
azd9056,"Arthritis, Rheumatoid",False,out-of-pool (inert for the filter)
azd9056,rheumatoid arthritis,False,out-of-pool (inert for the filter)
baminercept,"Arthritis, Rheumatoid",False,out-of-pool (inert for the filter)
baminercept,rheumatoid arthritis,False,out-of-pool (inert for the filter)
baricitinib,Alopecia Areata,True,known hit (approved)
baricitinib,"Arthritis, Juvenile",True,known hit (approved)
baricitinib,"Arthritis, Rheumatoid",True,known hit (approved)
baricitinib,Brain Injuries,True,known hit (approved)
baricitinib,Bronchiolitis Obliterans Syndrome,True,known hit (approved)
baricitinib,"Dermatitis, Allergic Contact",True,known hit (approved)
baricitinib,"Dermatitis, Atopic",True,known hit (approved)
baricitinib,Dermatomyositis,True,known hit (approved)
baricitinib,"Diabetes Mellitus, Type 1",True,known hit (approved)
baricitinib,Diabetic Nephropathies,True,known hit (approved)
baricitinib,Giant Cell Arteritis,True,known hit (approved)
baricitinib,Graft vs Host Disease,True,known hit (approved)
baricitinib,HIV Infections,True,known hit (approved)
baricitinib,"Influenza, Human",True,known hit (approved)
baricitinib,Lichen Planus,True,known hit (approved)
baricitinib,"Liver Cirrhosis, Biliary",True,known hit (approved)
baricitinib,"Lupus Erythematosus, Systemic",True,known hit (approved)
baricitinib,Mastitis,True,known hit (approved)
baricitinib,Myalgia,True,known hit (approved)
baricitinib,Myositis,True,known hit (approved)
baricitinib,Neuromyelitis Optica,True,known hit (approved)
baricitinib,Pneumonia,True,known hit (approved)
baricitinib,Psoriasis,True,known hit (approved)
baricitinib,"Purpura, Thrombocytopenic, Idiopathic",True,known hit (approved)
baricitinib,"Renal Insufficiency, Chronic",True,known hit (approved)
baricitinib,Sepsis,True,known hit (approved)
baricitinib,Severe Acute Respiratory Syndrome,True,known hit (approved)
baricitinib,Sjogren's Syndrome,True,known hit (approved)
baricitinib,Subarachnoid Hemorrhage,True,known hit (approved)
baricitinib,Uveitis,True,known hit (approved)
baricitinib,Vitiligo,True,known hit (approved)
baricitinib,rheumatoid arthritis,True,known hit (approved)
belatacept,"Arthritis, Rheumatoid",False,out-of-pool (inert for the filter)
belatacept,rheumatoid arthritis,False,out-of-pool (inert for the filter)
belimumab,"Arthritis, Rheumatoid",False,out-of-pool (inert for the filter)
belimumab,rheumatoid arthritis,False,out-of-pool (inert for the filter)
bevifimod,"Arthritis, Rheumatoid",False,out-of-pool (inert for the filter)
bevifimod,rheumatoid arthritis,False,out-of-pool (inert for the filter)
bezisterim,"Arthritis, Rheumatoid",False,out-of-pool (inert for the filter)
bezisterim,rheumatoid arthritis,False,out-of-pool (inert for the filter)
biib-023,"Arthritis, Rheumatoid",False,out-of-pool (inert for the filter)
biib-023,rheumatoid arthritis,False,out-of-pool (inert for the filter)
bimekizumab,"Arthritis, Rheumatoid",False,out-of-pool (inert for the filter)
bimekizumab,rheumatoid arthritis,False,out-of-pool (inert for the filter)
binimetinib,"Arthritis, Rheumatoid (investigational, not approved)",True,reported RA investigation (not approved)
binimetinib,Biliary Tract Neoplasms,True,reported RA investigation (not approved)
binimetinib,Brain Neoplasms,True,reported RA investigation (not approved)
binimetinib,Breast Neoplasms,True,reported RA investigation (not approved)
binimetinib,"Carcinoma, Non-Small-Cell Lung",True,reported RA investigation (not approved)
binimetinib,Cardiomegaly,True,reported RA investigation (not approved)
binimetinib,Colonic Neoplasms,True,reported RA investigation (not approved)
binimetinib,Colorectal Neoplasms,True,reported RA investigation (not approved)
binimetinib,Fallopian Tube Neoplasms,True,reported RA investigation (not approved)
binimetinib,Gastrointestinal Stromal Tumors,True,reported RA investigation (not approved)
binimetinib,Glioma,True,reported RA investigation (not approved)
binimetinib,Klatskin Tumor,True,reported RA investigation (not approved)
binimetinib,Leukemia,True,reported RA investigation (not approved)
binimetinib,"Leukemia, Hairy Cell",True,reported RA investigation (not approved)
binimetinib,Liver Diseases,True,reported RA investigation (not approved)
binimetinib,Lung Neoplasms,True,reported RA investigation (not approved)
binimetinib,Melanoma,True,reported RA investigation (not approved)
binimetinib,Multiple Myeloma,True,reported RA investigation (not approved)
binimetinib,Neoplasms,True,reported RA investigation (not approved)
binimetinib,Ovarian Neoplasms,True,reported RA investigation (not approved)
binimetinib,Pancreatic Neoplasms,True,reported RA investigation (not approved)
binimetinib,Peritoneal Neoplasms,True,reported RA investigation (not approved)
binimetinib,Rectal Neoplasms,True,reported RA investigation (not approved)
binimetinib,Skin Neoplasms,True,reported RA investigation (not approved)
binimetinib,Thyroid Neoplasms,True,reported RA investigation (not approved)
binimetinib,Triple Negative Breast Neoplasms,True,reported RA investigation (not approved)
binimetinib,Uveal Melanoma,True,reported RA investigation (not approved)
bms-582949,"Arthritis, Rheumatoid",False,out-of-pool (inert for the filter)
bms-582949,rheumatoid arthritis,False,out-of-pool (inert for the filter)
bms-817399,"Arthritis, Rheumatoid",False,out-of-pool (inert for the filter)
bms-817399,rheumatoid arthritis,False,out-of-pool (inert for the filter)
bms-986104,"Arthritis, Rheumatoid",False,out-of-pool (inert for the filter)
bms-986104,rheumatoid arthritis,False,out-of-pool (inert for the filter)
bms-986142,"Arthritis, Rheumatoid",False,out-of-pool (inert for the filter)
bms-986142,rheumatoid arthritis,False,out-of-pool (inert for the filter)
branebrutinib,"Arthritis, Rheumatoid",False,out-of-pool (inert for the filter)
branebrutinib,rheumatoid arthritis,False,out-of-pool (inert for the filter)
brodalumab,"Arthritis, Rheumatoid",False,out-of-pool (inert for the filter)
brodalumab,rheumatoid arthritis,False,out-of-pool (inert for the filter)
bucillamine,"Arthritis, Rheumatoid",False,out-of-pool (inert for the filter)
bucillamine,rheumatoid arthritis,False,out-of-pool (inert for the filter)
burfiralimab,"Arthritis, Rheumatoid",False,out-of-pool (inert for the filter)
burfiralimab,rheumatoid arthritis,False,out-of-pool (inert for the filter)
cabiralizumab,"Arthritis, Rheumatoid",False,out-of-pool (inert for the filter)
cabiralizumab,rheumatoid arthritis,False,out-of-pool (inert for the filter)
caffeine,Alcoholism,True,reported RA investigation (not approved)
caffeine,Alzheimer Disease,True,reported RA investigation (not approved)
caffeine,Amblyopia,True,reported RA investigation (not approved)
caffeine,Amyotrophic Lateral Sclerosis,True,reported RA investigation (not approved)
caffeine,Anemia,True,reported RA investigation (not approved)
caffeine,Apnea,True,reported RA investigation (not approved)
caffeine,"Arthritis, Rheumatoid (investigational, not approved)",True,reported RA investigation (not approved)
caffeine,Atrial Fibrillation,True,reported RA investigation (not approved)
caffeine,Attention Deficit Disorder with Hyperactivity,True,reported RA investigation (not approved)
caffeine,Back Pain,True,reported RA investigation (not approved)
caffeine,Breast Neoplasms,True,reported RA investigation (not approved)
caffeine,Bronchopulmonary Dysplasia,True,reported RA investigation (not approved)
caffeine,Chronic Pain,True,reported RA investigation (not approved)
caffeine,Cocaine-Related Disorders,True,reported RA investigation (not approved)
caffeine,"Colitis, Ulcerative",True,reported RA investigation (not approved)
caffeine,Common Cold,True,reported RA investigation (not approved)
caffeine,Communicable Diseases,True,reported RA investigation (not approved)
caffeine,Coronary Disease,True,reported RA investigation (not approved)
caffeine,Crohn Disease,True,reported RA investigation (not approved)
caffeine,"Dermatitis, Atopic",True,reported RA investigation (not approved)
caffeine,"Diabetes Mellitus, Type 2",True,reported RA investigation (not approved)
caffeine,Dysmenorrhea,True,reported RA investigation (not approved)
caffeine,Dyspnea,True,reported RA investigation (not approved)
caffeine,Endotoxemia,True,reported RA investigation (not approved)
caffeine,HIV Infections,True,reported RA investigation (not approved)
caffeine,Headache,True,reported RA investigation (not approved)
caffeine,"Hepatitis C, Chronic",True,reported RA investigation (not approved)
caffeine,"Hypotension, Orthostatic",True,reported RA investigation (not approved)
caffeine,Hypoxia,True,reported RA investigation (not approved)
caffeine,Intermittent Claudication,True,reported RA investigation (not approved)
caffeine,Low Back Pain,True,reported RA investigation (not approved)
caffeine,Melanoma,True,reported RA investigation (not approved)
caffeine,Migraine Disorders,True,reported RA investigation (not approved)
caffeine,Migraine with Aura,True,reported RA investigation (not approved)
caffeine,Migraine without Aura,True,reported RA investigation (not approved)
caffeine,Mitochondrial Diseases,True,reported RA investigation (not approved)
caffeine,"Multiple Sclerosis, Relapsing-Remitting",True,reported RA investigation (not approved)
caffeine,Narcolepsy,True,reported RA investigation (not approved)
caffeine,Neck Pain,True,reported RA investigation (not approved)
caffeine,Neoplasm Metastasis,True,reported RA investigation (not approved)
caffeine,Neoplasms,True,reported RA investigation (not approved)
caffeine,Non-alcoholic Fatty Liver Disease,True,reported RA investigation (not approved)
caffeine,Obesity,True,reported RA investigation (not approved)
caffeine,Pain,True,reported RA investigation (not approved)
caffeine,Parkinson Disease,True,reported RA investigation (not approved)
caffeine,"Prostatic Neoplasms, Castration-Resistant",True,reported RA investigation (not approved)
caffeine,Psoriasis,True,reported RA investigation (not approved)
caffeine,Severe Acute Respiratory Syndrome,True,reported RA investigation (not approved)
caffeine,"Sexual Dysfunction, Physiological",True,reported RA investigation (not approved)
caffeine,Spinal Cord Injuries,True,reported RA investigation (not approved)
caffeine,Substance-Related Disorders,True,reported RA investigation (not approved)
caffeine,Tension-Type Headache,True,reported RA investigation (not approved)
caffeine,Toothache,True,reported RA investigation (not approved)
caffeine,Voice Disorders,True,reported RA investigation (not approved)
canakinumab,"Arthritis, Rheumatoid",False,out-of-pool (inert for the filter)
canakinumab,rheumatoid arthritis,False,out-of-pool (inert for the filter)
cannabidiol,"Arthritis, Rheumatoid",False,out-of-pool (inert for the filter)
cannabidiol,rheumatoid arthritis,False,out-of-pool (inert for the filter)
cannabinol,"Arthritis, Rheumatoid",False,out-of-pool (inert for the filter)
cannabinol,rheumatoid arthritis,False,out-of-pool (inert for the filter)
cantharidin,"Arthritis, Rheumatoid",False,out-of-pool (inert for the filter)
cantharidin,rheumatoid arthritis,False,out-of-pool (inert for the filter)
carvedilol,"Angina, Stable",True,reported RA investigation (not approved)
carvedilol,"Arthritis, Rheumatoid (investigational, not approved)",True,reported RA investigation (not approved)
carvedilol,Atherosclerosis,True,reported RA investigation (not approved)
carvedilol,Atrial Fibrillation,True,reported RA investigation (not approved)
carvedilol,Breast Neoplasms,True,reported RA investigation (not approved)
carvedilol,Cardiomyopathies,True,reported RA investigation (not approved)
carvedilol,Cardiovascular Diseases,True,reported RA investigation (not approved)
carvedilol,Cocaine-Related Disorders,True,reported RA investigation (not approved)
carvedilol,Coronary Disease,True,reported RA investigation (not approved)
carvedilol,"Diabetes Mellitus, Type 2",True,reported RA investigation (not approved)
carvedilol,Epilepsy,True,reported RA investigation (not approved)
carvedilol,Esophageal and Gastric Varices,True,reported RA investigation (not approved)
carvedilol,Essential Hypertension,True,reported RA investigation (not approved)
carvedilol,Glioblastoma,True,reported RA investigation (not approved)
carvedilol,Heart Failure,True,reported RA investigation (not approved)
carvedilol,Hematologic Neoplasms,True,reported RA investigation (not approved)
carvedilol,Hypercholesterolemia,True,reported RA investigation (not approved)
carvedilol,Hypertension,True,reported RA investigation (not approved)
carvedilol,"Hypertension, Portal",True,reported RA investigation (not approved)
carvedilol,"Hypertension, Pulmonary",True,reported RA investigation (not approved)
carvedilol,"Hypertrophy, Left Ventricular",True,reported RA investigation (not approved)
carvedilol,Hypoglycemia,True,reported RA investigation (not approved)
carvedilol,Kidney Diseases,True,reported RA investigation (not approved)
carvedilol,"Kidney Failure, Chronic",True,reported RA investigation (not approved)
carvedilol,"Leukemia, Lymphoid",True,reported RA investigation (not approved)
carvedilol,"Leukemia, Myeloid, Acute",True,reported RA investigation (not approved)
carvedilol,Lymphoma,True,reported RA investigation (not approved)
carvedilol,Multiple Myeloma,True,reported RA investigation (not approved)
carvedilol,Myocardial Infarction,True,reported RA investigation (not approved)
carvedilol,Neoplasms,True,reported RA investigation (not approved)
carvedilol,"Prostatic Neoplasms, Castration-Resistant",True,reported RA investigation (not approved)
carvedilol,"Renal Insufficiency, Chronic",True,reported RA investigation (not approved)
carvedilol,"Stress Disorders, Post-Traumatic",True,reported RA investigation (not approved)
carvedilol,Vascular Diseases,True,reported RA investigation (not approved)
carvedilol,"Ventricular Dysfunction, Left",True,reported RA investigation (not approved)
ccx354,"Arthritis, Rheumatoid",False,out-of-pool (inert for the filter)
ccx354,rheumatoid arthritis,False,out-of-pool (inert for the filter)
ce-224535,"Arthritis, Rheumatoid",False,out-of-pool (inert for the filter)
ce-224535,rheumatoid arthritis,False,out-of-pool (inert for the filter)
celecoxib,Acute Pain,True,known hit (approved)
celecoxib,Adenoma,True,known hit (approved)
celecoxib,Adenomatous Polyposis Coli,True,known hit (approved)
celecoxib,Alzheimer Disease,True,known hit (approved)
celecoxib,Amyotrophic Lateral Sclerosis,True,known hit (approved)
celecoxib,Anti-Neutrophil Cytoplasmic Antibody-Associated Vasculitis,True,known hit (approved)
celecoxib,"Arthritis, Juvenile",True,known hit (approved)
celecoxib,"Arthritis, Rheumatoid",True,known hit (approved)
celecoxib,Back Pain,True,known hit (approved)
celecoxib,Bipolar Disorder,True,known hit (approved)
celecoxib,Brain Neoplasms,True,known hit (approved)
celecoxib,Breast Carcinoma In Situ,True,known hit (approved)
celecoxib,Breast Neoplasms,True,known hit (approved)
celecoxib,"Carcinoma, Hepatocellular",True,known hit (approved)
celecoxib,"Carcinoma, Non-Small-Cell Lung",True,known hit (approved)
celecoxib,"Carcinoma, Renal Cell",True,known hit (approved)
celecoxib,Central Nervous System Neoplasms,True,known hit (approved)
celecoxib,Cerebral Hemorrhage,True,known hit (approved)
celecoxib,Chronic Pain,True,known hit (approved)
celecoxib,Colonic Neoplasms,True,known hit (approved)
celecoxib,Colorectal Neoplasms,True,known hit (approved)
celecoxib,"Depression, Postpartum",True,known hit (approved)
celecoxib,Depressive Disorder,True,known hit (approved)
celecoxib,"Depressive Disorder, Major",True,known hit (approved)
celecoxib,Dysmenorrhea,True,known hit (approved)
celecoxib,Endometrial Neoplasms,True,known hit (approved)
celecoxib,Esophageal Neoplasms,True,known hit (approved)
celecoxib,Facial Pain,True,known hit (approved)
celecoxib,"Fractures, Bone",True,known hit (approved)
celecoxib,Glioblastoma,True,known hit (approved)
celecoxib,Gout,True,known hit (approved)
celecoxib,Graves Ophthalmopathy,True,known hit (approved)
celecoxib,Hand-Foot Syndrome,True,known hit (approved)
celecoxib,Head and Neck Neoplasms,True,known hit (approved)
celecoxib,Hemorrhage,True,known hit (approved)
celecoxib,"Hepatitis B, Chronic",True,known hit (approved)
celecoxib,Hepatolenticular Degeneration,True,known hit (approved)
celecoxib,Hypertension,True,known hit (approved)
celecoxib,"Hypotension, Orthostatic",True,known hit (approved)
celecoxib,Inflammation,True,known hit (approved)
celecoxib,"Influenza, Human",True,known hit (approved)
celecoxib,"Keratosis, Actinic",True,known hit (approved)
celecoxib,Liver Neoplasms,True,known hit (approved)
celecoxib,Low Back Pain,True,known hit (approved)
celecoxib,Lung Neoplasms,True,known hit (approved)
celecoxib,Lymphangioleiomyomatosis,True,known hit (approved)
celecoxib,Macular Degeneration,True,known hit (approved)
celecoxib,Medulloblastoma,True,known hit (approved)
celecoxib,Melanoma,True,known hit (approved)
celecoxib,Memory Disorders,True,known hit (approved)
celecoxib,Migraine Disorders,True,known hit (approved)
celecoxib,Mouth Neoplasms,True,known hit (approved)
celecoxib,Multiple Myeloma,True,known hit (approved)
celecoxib,Multiple Sclerosis,True,known hit (approved)
celecoxib,"Muscular Atrophy, Spinal",True,known hit (approved)
celecoxib,Myositis,True,known hit (approved)
celecoxib,Nasopharyngeal Carcinoma,True,known hit (approved)
celecoxib,Neoplasms,True,known hit (approved)
celecoxib,Neuralgia,True,known hit (approved)
celecoxib,Neuroblastoma,True,known hit (approved)
celecoxib,Neurofibromatosis 1,True,known hit (approved)
celecoxib,Obesity,True,known hit (approved)
celecoxib,Obsessive-Compulsive Disorder,True,known hit (approved)
celecoxib,Osteoarthritis,True,known hit (approved)
celecoxib,"Osteoarthritis, Hip",True,known hit (approved)
celecoxib,"Osteoarthritis, Knee",True,known hit (approved)
celecoxib,Ovarian Neoplasms,True,known hit (approved)
celecoxib,Pain,True,known hit (approved)
celecoxib,Pancreatic Neoplasms,True,known hit (approved)
celecoxib,Papilloma,True,known hit (approved)
celecoxib,Paraganglioma,True,known hit (approved)
celecoxib,Paraproteinemias,True,known hit (approved)
celecoxib,Peptic Ulcer,True,known hit (approved)
celecoxib,Peritoneal Neoplasms,True,known hit (approved)
celecoxib,Pharyngitis,True,known hit (approved)
celecoxib,Post-Acute COVID-19 Syndrome,True,known hit (approved)
celecoxib,Pre-Eclampsia,True,known hit (approved)
celecoxib,Prostatic Hyperplasia,True,known hit (approved)
celecoxib,Prostatic Neoplasms,True,known hit (approved)
celecoxib,"Prostatic Neoplasms, Castration-Resistant",True,known hit (approved)
celecoxib,Rectal Neoplasms,True,known hit (approved)
celecoxib,Rheumatic Diseases,True,known hit (approved)
celecoxib,Rotator Cuff Injuries,True,known hit (approved)
celecoxib,Sarcoma,True,known hit (approved)
celecoxib,Schizophrenia,True,known hit (approved)
celecoxib,Severe Acute Respiratory Syndrome,True,known hit (approved)
celecoxib,Spondylitis,True,known hit (approved)
celecoxib,"Spondylitis, Ankylosing",True,known hit (approved)
celecoxib,Squamous Cell Carcinoma of Head and Neck,True,known hit (approved)
celecoxib,Squamous Intraepithelial Lesions,True,known hit (approved)
celecoxib,Stomatitis,True,known hit (approved)
celecoxib,Stroke,True,known hit (approved)
celecoxib,Temporomandibular Joint Disorders,True,known hit (approved)
celecoxib,"Thyroiditis, Subacute",True,known hit (approved)
celecoxib,Tobacco Use Disorder,True,known hit (approved)
celecoxib,Tonsillitis,True,known hit (approved)
celecoxib,Toothache,True,known hit (approved)
celecoxib,Triple Negative Breast Neoplasms,True,known hit (approved)
celecoxib,Tuberculosis,True,known hit (approved)
celecoxib,Urinary Bladder Neoplasms,True,known hit (approved)
celecoxib,Uterine Cervical Dysplasia,True,known hit (approved)
celecoxib,Uterine Cervical Neoplasms,True,known hit (approved)
celecoxib,Uterine Neoplasms,True,known hit (approved)
celecoxib,Wounds and Injuries,True,known hit (approved)
celecoxib,rheumatoid arthritis,True,known hit (approved)
cenplacel-l,"Arthritis, Rheumatoid",False,out-of-pool (inert for the filter)
cenplacel-l,rheumatoid arthritis,False,out-of-pool (inert for the filter)
certolizumab,"Arthritis, Rheumatoid",False,out-of-pool (inert for the filter)
certolizumab,rheumatoid arthritis,False,out-of-pool (inert for the filter)
certolizumab pegol,"Arthritis, Rheumatoid",False,out-of-pool (inert for the filter)
certolizumab pegol,rheumatoid arthritis,False,out-of-pool (inert for the filter)
cetrorelix,"Arthritis, Rheumatoid",False,out-of-pool (inert for the filter)
cetrorelix,rheumatoid arthritis,False,out-of-pool (inert for the filter)
ch-1504,"Arthritis, Rheumatoid",False,out-of-pool (inert for the filter)
ch-1504,rheumatoid arthritis,False,out-of-pool (inert for the filter)
ch-1504 l-isomer,"Arthritis, Rheumatoid",False,out-of-pool (inert for the filter)
ch-1504 l-isomer,rheumatoid arthritis,False,out-of-pool (inert for the filter)
chloroquine,Acquired Immunodeficiency Syndrome,True,reported RA investigation (not approved)
chloroquine,"Anemia, Sickle Cell",True,reported RA investigation (not approved)
chloroquine,"Arthritis, Rheumatoid (investigational, not approved)",True,reported RA investigation (not approved)
chloroquine,Brain Diseases,True,reported RA investigation (not approved)
chloroquine,Breast Neoplasms,True,reported RA investigation (not approved)
chloroquine,"Carcinoma, Intraductal, Noninfiltrating",True,reported RA investigation (not approved)
chloroquine,Glioblastoma,True,reported RA investigation (not approved)
chloroquine,Gliosarcoma,True,reported RA investigation (not approved)
chloroquine,HIV Infections,True,reported RA investigation (not approved)
chloroquine,"Influenza, Human",True,reported RA investigation (not approved)
chloroquine,"Lupus Erythematosus, Systemic",True,reported RA investigation (not approved)
chloroquine,Malaria,True,reported RA investigation (not approved)
chloroquine,"Malaria, Falciparum",True,reported RA investigation (not approved)
chloroquine,"Malaria, Vivax",True,reported RA investigation (not approved)
chloroquine,Multiple Myeloma,True,reported RA investigation (not approved)
chloroquine,Neoplasms,True,reported RA investigation (not approved)
chloroquine,Pancreatic Neoplasms,True,reported RA investigation (not approved)
chloroquine,Pregnancy,True,reported RA investigation (not approved)
chloroquine,Severe Acute Respiratory Syndrome,True,reported RA investigation (not approved)
chloroquine,Severe Dengue,True,reported RA investigation (not approved)
chloroquine,Small Cell Lung Carcinoma,True,reported RA investigation (not approved)
chloroquine hydrochloride,"Arthritis, Rheumatoid",False,out-of-pool (inert for the filter)
chloroquine hydrochloride,rheumatoid arthritis,False,out-of-pool (inert for the filter)
chloroquine phosphate,"Arthritis, Rheumatoid",False,out-of-pool (inert for the filter)
chloroquine phosphate,rheumatoid arthritis,False,out-of-pool (inert for the filter)
cilostazol,"Arthritis, Rheumatoid (investigational, not approved)",True,reported RA investigation (not approved)
cilostazol,Atherosclerosis,True,reported RA investigation (not approved)
cilostazol,CADASIL,True,reported RA investigation (not approved)
cilostazol,Cardiovascular Diseases,True,reported RA investigation (not approved)
cilostazol,Cerebral Infarction,True,reported RA investigation (not approved)
cilostazol,Cerebral Small Vessel Diseases,True,reported RA investigation (not approved)
cilostazol,Cerebrovascular Disorders,True,reported RA investigation (not approved)
cilostazol,Cognitive Dysfunction,True,reported RA investigation (not approved)
cilostazol,Coronary Disease,True,reported RA investigation (not approved)
cilostazol,Fatty Liver,True,reported RA investigation (not approved)
cilostazol,Heart Failure,True,reported RA investigation (not approved)
cilostazol,Intermittent Claudication,True,reported RA investigation (not approved)
cilostazol,Ischemic Stroke,True,reported RA investigation (not approved)
cilostazol,Osteoarthritis,True,reported RA investigation (not approved)
cilostazol,Pain,True,reported RA investigation (not approved)
cilostazol,Peripheral Arterial Disease,True,reported RA investigation (not approved)
cilostazol,Peripheral Vascular Diseases,True,reported RA investigation (not approved)
cilostazol,Stroke,True,reported RA investigation (not approved)
cilostazol,Thrombosis,True,reported RA investigation (not approved)
cilostazol,Urticaria,True,reported RA investigation (not approved)
cilostazol,Wounds and Injuries,True,reported RA investigation (not approved)
ciprofloxacin,Amyotrophic Lateral Sclerosis,True,reported RA investigation (not approved)
ciprofloxacin,Anthrax,True,reported RA investigation (not approved)
ciprofloxacin,"Arthritis, Rheumatoid (investigational, not approved)",True,reported RA investigation (not approved)
ciprofloxacin,Bacterial Infections,True,reported RA investigation (not approved)
ciprofloxacin,Breast Neoplasms,True,reported RA investigation (not approved)
ciprofloxacin,Bronchiectasis,True,reported RA investigation (not approved)
ciprofloxacin,"Bronchitis, Chronic",True,reported RA investigation (not approved)
ciprofloxacin,"Carcinoma, Pancreatic Ductal",True,reported RA investigation (not approved)
ciprofloxacin,Cataract,True,reported RA investigation (not approved)
ciprofloxacin,Communicable Diseases,True,reported RA investigation (not approved)
ciprofloxacin,Corneal Ulcer,True,reported RA investigation (not approved)
ciprofloxacin,Crohn Disease,True,reported RA investigation (not approved)
ciprofloxacin,Cystic Fibrosis,True,reported RA investigation (not approved)
ciprofloxacin,Cystitis,True,reported RA investigation (not approved)
ciprofloxacin,Diabetic Foot,True,reported RA investigation (not approved)
ciprofloxacin,Diarrhea,True,reported RA investigation (not approved)
ciprofloxacin,Digestive System Diseases,True,reported RA investigation (not approved)
ciprofloxacin,"Dysentery, Bacillary",True,reported RA investigation (not approved)
ciprofloxacin,Endophthalmitis,True,reported RA investigation (not approved)
ciprofloxacin,Erectile Dysfunction,True,reported RA investigation (not approved)
ciprofloxacin,Eye Infections,True,reported RA investigation (not approved)
ciprofloxacin,Fever,True,reported RA investigation (not approved)
ciprofloxacin,Gastroenteritis,True,reported RA investigation (not approved)
ciprofloxacin,Gonorrhea,True,reported RA investigation (not approved)
ciprofloxacin,Hearing Loss,True,reported RA investigation (not approved)
ciprofloxacin,Hepatitis C,True,reported RA investigation (not approved)
ciprofloxacin,"Hepatitis, Alcoholic",True,reported RA investigation (not approved)
ciprofloxacin,Hypertriglyceridemia,True,reported RA investigation (not approved)
ciprofloxacin,Infections,True,reported RA investigation (not approved)
ciprofloxacin,Intraabdominal Infections,True,reported RA investigation (not approved)
ciprofloxacin,Kidney Calculi,True,reported RA investigation (not approved)
ciprofloxacin,"Leukemia, Lymphocytic, Chronic, B-Cell",True,reported RA investigation (not approved)
ciprofloxacin,"Leukemia, Myeloid, Acute",True,reported RA investigation (not approved)
ciprofloxacin,Lipid Metabolism Disorders,True,reported RA investigation (not approved)
ciprofloxacin,Liver Abscess,True,reported RA investigation (not approved)
ciprofloxacin,"Liver Cirrhosis, Alcoholic",True,reported RA investigation (not approved)
ciprofloxacin,Lung Diseases,True,reported RA investigation (not approved)
ciprofloxacin,Lymphoma,True,reported RA investigation (not approved)
ciprofloxacin,Neoplasms,True,reported RA investigation (not approved)
ciprofloxacin,Neutropenia,True,reported RA investigation (not approved)
ciprofloxacin,Osteomyelitis,True,reported RA investigation (not approved)
ciprofloxacin,Otitis Externa,True,reported RA investigation (not approved)
ciprofloxacin,Otitis Media,True,reported RA investigation (not approved)
ciprofloxacin,Pancreatic Neoplasms,True,reported RA investigation (not approved)
ciprofloxacin,Periapical Periodontitis,True,reported RA investigation (not approved)
ciprofloxacin,Peritonitis,True,reported RA investigation (not approved)
ciprofloxacin,Plague,True,reported RA investigation (not approved)
ciprofloxacin,Pneumonia,True,reported RA investigation (not approved)
ciprofloxacin,"Prostatic Neoplasms, Castration-Resistant",True,reported RA investigation (not approved)
ciprofloxacin,Prostatitis,True,reported RA investigation (not approved)
ciprofloxacin,Pseudomonas Infections,True,reported RA investigation (not approved)
ciprofloxacin,"Pulmonary Disease, Chronic Obstructive",True,reported RA investigation (not approved)
ciprofloxacin,"Purpura, Thrombocytopenic, Idiopathic",True,reported RA investigation (not approved)
ciprofloxacin,Pyelonephritis,True,reported RA investigation (not approved)
ciprofloxacin,Rhinoscleroma,True,reported RA investigation (not approved)
ciprofloxacin,Sepsis,True,reported RA investigation (not approved)
ciprofloxacin,Sinusitis,True,reported RA investigation (not approved)
ciprofloxacin,Typhoid Fever,True,reported RA investigation (not approved)
ciprofloxacin,Urinary Bladder Neoplasms,True,reported RA investigation (not approved)
ciprofloxacin,Urinary Tract Infections,True,reported RA investigation (not approved)
ciprofloxacin,Urolithiasis,True,reported RA investigation (not approved)
clazakizumab,"Arthritis, Rheumatoid",False,out-of-pool (inert for the filter)
clazakizumab,rheumatoid arthritis,False,out-of-pool (inert for the filter)
clobetasol,"Arthritis, Rheumatoid (investigational, not approved)",True,reported RA investigation (not approved)
clobetasol,Bronchiolitis Obliterans Syndrome,True,reported RA investigation (not approved)
clobetasol,Graft vs Host Disease,True,reported RA investigation (not approved)
clobetasol,Herpes Labialis,True,reported RA investigation (not approved)
clobetasol,"Lichen Planus, Oral",True,reported RA investigation (not approved)
clobetasol,Lichen Sclerosus et Atrophicus,True,reported RA investigation (not approved)
clobetasol,"Pemphigoid, Bullous",True,reported RA investigation (not approved)
clobetasol,Phlebitis,True,reported RA investigation (not approved)
clobetasol,Psoriasis,True,reported RA investigation (not approved)
clobetasol,"Scleroderma, Localized",True,reported RA investigation (not approved)
clobetasol,Stevens-Johnson Syndrome,True,reported RA investigation (not approved)
clobetasol,Vulvar Lichen Sclerosus,True,reported RA investigation (not approved)
corticotropin,"Arthritis, Rheumatoid",False,out-of-pool (inert for the filter)
corticotropin,rheumatoid arthritis,False,out-of-pool (inert for the filter)
cortisone acetate,"Arthritis, Rheumatoid",False,out-of-pool (inert for the filter)
cortisone acetate,rheumatoid arthritis,False,out-of-pool (inert for the filter)
cp-195543,"Arthritis, Rheumatoid",False,out-of-pool (inert for the filter)
cp-195543,rheumatoid arthritis,False,out-of-pool (inert for the filter)
curcuminoids,"Arthritis, Rheumatoid",False,out-of-pool (inert for the filter)
curcuminoids,rheumatoid arthritis,False,out-of-pool (inert for the filter)
cyclophosphamide,"Arthritis, Rheumatoid",False,out-of-pool (inert for the filter)
cyclophosphamide,rheumatoid arthritis,False,out-of-pool (inert for the filter)
cyclosporin-a,Acute Kidney Injury,True,reported RA investigation (not approved)
cyclosporin-a,"Anemia, Aplastic",True,reported RA investigation (not approved)
cyclosporin-a,"Aortic Aneurysm, Abdominal",True,reported RA investigation (not approved)
cyclosporin-a,"Arthritis, Rheumatoid (investigational, not approved)",True,reported RA investigation (not approved)
cyclosporin-a,Aspergillosis,True,reported RA investigation (not approved)
cyclosporin-a,Behcet Syndrome,True,reported RA investigation (not approved)
cyclosporin-a,Brain Injuries,True,reported RA investigation (not approved)
cyclosporin-a,Brain Neoplasms,True,reported RA investigation (not approved)
cyclosporin-a,Breast Neoplasms,True,reported RA investigation (not approved)
cyclosporin-a,Bronchiolitis Obliterans,True,reported RA investigation (not approved)
cyclosporin-a,Burkitt Lymphoma,True,reported RA investigation (not approved)
cyclosporin-a,"Carcinoma, Hepatocellular",True,reported RA investigation (not approved)
cyclosporin-a,"Carcinoma, Renal Cell",True,reported RA investigation (not approved)
cyclosporin-a,"Conjunctivitis, Allergic",True,reported RA investigation (not approved)
cyclosporin-a,"Cystitis, Interstitial",True,reported RA investigation (not approved)
cyclosporin-a,"Dermatitis, Atopic",True,reported RA investigation (not approved)
cyclosporin-a,Dermatomyositis,True,reported RA investigation (not approved)
cyclosporin-a,Diabetes Mellitus,True,reported RA investigation (not approved)
cyclosporin-a,Dry Eye Syndromes,True,reported RA investigation (not approved)
cyclosporin-a,Eczema,True,reported RA investigation (not approved)
cyclosporin-a,Eye Diseases,True,reported RA investigation (not approved)
cyclosporin-a,Fallopian Tube Neoplasms,True,reported RA investigation (not approved)
cyclosporin-a,"Glomerulonephritis, Membranous",True,reported RA investigation (not approved)
cyclosporin-a,"Glomerulosclerosis, Focal Segmental",True,reported RA investigation (not approved)
cyclosporin-a,Graft vs Host Disease,True,reported RA investigation (not approved)
cyclosporin-a,HIV Infections,True,reported RA investigation (not approved)
cyclosporin-a,Heart Arrest,True,reported RA investigation (not approved)
cyclosporin-a,Heart Diseases,True,reported RA investigation (not approved)
cyclosporin-a,Hematologic Neoplasms,True,reported RA investigation (not approved)
cyclosporin-a,Hepatitis C,True,reported RA investigation (not approved)
cyclosporin-a,"Hepatitis C, Chronic",True,reported RA investigation (not approved)
cyclosporin-a,"Hepatitis, Autoimmune",True,reported RA investigation (not approved)
cyclosporin-a,Hodgkin Disease,True,reported RA investigation (not approved)
cyclosporin-a,Immune System Diseases,True,reported RA investigation (not approved)
cyclosporin-a,Infections,True,reported RA investigation (not approved)
cyclosporin-a,Inflammation,True,reported RA investigation (not approved)
cyclosporin-a,Kidney Diseases,True,reported RA investigation (not approved)
cyclosporin-a,Kidney Neoplasms,True,reported RA investigation (not approved)
cyclosporin-a,Lacrimal Apparatus Diseases,True,reported RA investigation (not approved)
cyclosporin-a,Leprosy,True,reported RA investigation (not approved)
cyclosporin-a,Leukemia,True,reported RA investigation (not approved)
cyclosporin-a,"Leukemia, Large Granular Lymphocytic",True,reported RA investigation (not approved)
cyclosporin-a,"Leukemia, Lymphocytic, Chronic, B-Cell",True,reported RA investigation (not approved)
cyclosporin-a,"Leukemia, Mast-Cell",True,reported RA investigation (not approved)
cyclosporin-a,"Leukemia, Myelogenous, Chronic, BCR-ABL Positive",True,reported RA investigation (not approved)
cyclosporin-a,"Leukemia, Myeloid, Acute",True,reported RA investigation (not approved)
cyclosporin-a,"Leukemia, Prolymphocytic, B-Cell",True,reported RA investigation (not approved)
cyclosporin-a,"Leukemia, Prolymphocytic, T-Cell",True,reported RA investigation (not approved)
cyclosporin-a,Liver Diseases,True,reported RA investigation (not approved)
cyclosporin-a,Lung Diseases,True,reported RA investigation (not approved)
cyclosporin-a,Lupus Nephritis,True,reported RA investigation (not approved)
cyclosporin-a,"Lymphohistiocytosis, Hemophagocytic",True,reported RA investigation (not approved)
cyclosporin-a,Lymphoma,True,reported RA investigation (not approved)
cyclosporin-a,"Lymphoma, AIDS-Related",True,reported RA investigation (not approved)
cyclosporin-a,"Lymphoma, Follicular",True,reported RA investigation (not approved)
cyclosporin-a,"Lymphoma, Large B-Cell, Diffuse",True,reported RA investigation (not approved)
cyclosporin-a,"Lymphoma, Mantle-Cell",True,reported RA investigation (not approved)
cyclosporin-a,"Lymphoma, Non-Hodgkin",True,reported RA investigation (not approved)
cyclosporin-a,Melanoma,True,reported RA investigation (not approved)
cyclosporin-a,Multiple Myeloma,True,reported RA investigation (not approved)
cyclosporin-a,Mycosis Fungoides,True,reported RA investigation (not approved)
cyclosporin-a,Myelodysplastic Syndromes,True,reported RA investigation (not approved)
cyclosporin-a,Myeloproliferative Disorders,True,reported RA investigation (not approved)
cyclosporin-a,Myocardial Infarction,True,reported RA investigation (not approved)
cyclosporin-a,Myocarditis,True,reported RA investigation (not approved)
cyclosporin-a,Myositis,True,reported RA investigation (not approved)
cyclosporin-a,Neoplasm Metastasis,True,reported RA investigation (not approved)
cyclosporin-a,Neoplasms,True,reported RA investigation (not approved)
cyclosporin-a,"Neoplasms, Neuroepithelial",True,reported RA investigation (not approved)
cyclosporin-a,Neuroblastoma,True,reported RA investigation (not approved)
cyclosporin-a,Neutropenia,True,reported RA investigation (not approved)
cyclosporin-a,Ovarian Neoplasms,True,reported RA investigation (not approved)
cyclosporin-a,"Paraparesis, Tropical Spastic",True,reported RA investigation (not approved)
cyclosporin-a,Periodontitis,True,reported RA investigation (not approved)
cyclosporin-a,Precursor Cell Lymphoblastic Leukemia-Lymphoma,True,reported RA investigation (not approved)
cyclosporin-a,"Prostatic Neoplasms, Castration-Resistant",True,reported RA investigation (not approved)
cyclosporin-a,Psoriasis,True,reported RA investigation (not approved)
cyclosporin-a,Pterygium,True,reported RA investigation (not approved)
cyclosporin-a,"Pulmonary Disease, Chronic Obstructive",True,reported RA investigation (not approved)
cyclosporin-a,"Purpura, Thrombocytopenic, Idiopathic",True,reported RA investigation (not approved)
cyclosporin-a,"Purpura, Thrombotic Thrombocytopenic",True,reported RA investigation (not approved)
cyclosporin-a,"Red-Cell Aplasia, Pure",True,reported RA investigation (not approved)
cyclosporin-a,Renal Insufficiency,True,reported RA investigation (not approved)
cyclosporin-a,"Renal Insufficiency, Chronic",True,reported RA investigation (not approved)
cyclosporin-a,Reperfusion Injury,True,reported RA investigation (not approved)
cyclosporin-a,Respiratory Syncytial Virus Infections,True,reported RA investigation (not approved)
cyclosporin-a,Sarcoma,True,reported RA investigation (not approved)
cyclosporin-a,Severe Acute Respiratory Syndrome,True,reported RA investigation (not approved)
cyclosporin-a,Sezary Syndrome,True,reported RA investigation (not approved)
cyclosporin-a,Skin Neoplasms,True,reported RA investigation (not approved)
cyclosporin-a,Stevens-Johnson Syndrome,True,reported RA investigation (not approved)
cyclosporin-a,Urticaria,True,reported RA investigation (not approved)
cyclosporin-a,Uveitis,True,reported RA investigation (not approved)
cyclosporin-a,Venous Thromboembolism,True,reported RA investigation (not approved)
cyclosporin-a,Waldenstrom Macroglobulinemia,True,reported RA investigation (not approved)
cyclosporin-a,beta-Thalassemia,True,reported RA investigation (not approved)
cyclosporine,"Arthritis, Rheumatoid",False,out-of-pool (inert for the filter)
cyclosporine,rheumatoid arthritis,False,out-of-pool (inert for the filter)
dazodalibep,"Arthritis, Rheumatoid",False,out-of-pool (inert for the filter)
dazodalibep,rheumatoid arthritis,False,out-of-pool (inert for the filter)
decernotinib,"Arthritis, Rheumatoid",False,out-of-pool (inert for the filter)
decernotinib,rheumatoid arthritis,False,out-of-pool (inert for the filter)
dehydroepiandrosterone,Addison Disease,True,known hit (approved)
dehydroepiandrosterone,Adrenal Insufficiency,True,known hit (approved)
dehydroepiandrosterone,Aging,True,known hit (approved)
dehydroepiandrosterone,Anorexia Nervosa,True,known hit (approved)
dehydroepiandrosterone,"Arthritis, Rheumatoid",True,known hit (approved)
dehydroepiandrosterone,Atrophic Vaginitis,True,known hit (approved)
dehydroepiandrosterone,Breast Neoplasms,True,known hit (approved)
dehydroepiandrosterone,Crohn Disease,True,known hit (approved)
dehydroepiandrosterone,Depressive Disorder,True,known hit (approved)
dehydroepiandrosterone,"Diabetes Mellitus, Type 1",True,known hit (approved)
dehydroepiandrosterone,Dysmenorrhea,True,known hit (approved)
dehydroepiandrosterone,Erectile Dysfunction,True,known hit (approved)
dehydroepiandrosterone,"Genital Neoplasms, Female",True,known hit (approved)
dehydroepiandrosterone,HIV Infections,True,known hit (approved)
dehydroepiandrosterone,Hot Flashes,True,known hit (approved)
dehydroepiandrosterone,Infertility,True,known hit (approved)
dehydroepiandrosterone,Low Back Pain,True,known hit (approved)
dehydroepiandrosterone,"Lupus Erythematosus, Systemic",True,known hit (approved)
dehydroepiandrosterone,Malaria,True,known hit (approved)
dehydroepiandrosterone,Menopause,True,known hit (approved)
dehydroepiandrosterone,Multiple Myeloma,True,known hit (approved)
dehydroepiandrosterone,Myotonic Dystrophy,True,known hit (approved)
dehydroepiandrosterone,Osteoarthritis,True,known hit (approved)
dehydroepiandrosterone,Pain,True,known hit (approved)
dehydroepiandrosterone,Primary Ovarian Insufficiency,True,known hit (approved)
dehydroepiandrosterone,"Sarcoma, Synovial",True,known hit (approved)
dehydroepiandrosterone,"Sexual Dysfunction, Physiological",True,known hit (approved)
dehydroepiandrosterone,Skin Aging,True,known hit (approved)
dehydroepiandrosterone,"Stress Disorders, Post-Traumatic",True,known hit (approved)
dehydroepiandrosterone,Substance Withdrawal Syndrome,True,known hit (approved)
dehydroepiandrosterone,rheumatoid arthritis,True,known hit (approved)
denosumab,"Arthritis, Rheumatoid",False,out-of-pool (inert for the filter)
denosumab,rheumatoid arthritis,False,out-of-pool (inert for the filter)
dexamethasone,Acne Vulgaris,True,known hit (approved)
dexamethasone,Addison Disease,True,known hit (approved)
dexamethasone,"Adrenal Hyperplasia, Congenital",True,known hit (approved)
dexamethasone,Adrenal Insufficiency,True,known hit (approved)
dexamethasone,Adrenocortical Hyperfunction,True,known hit (approved)
dexamethasone,Alcoholism,True,known hit (approved)
dexamethasone,Amyloidosis,True,known hit (approved)
dexamethasone,"Amyloidosis, Familial",True,known hit (approved)
dexamethasone,Anaphylaxis,True,known hit (approved)
dexamethasone,Anemia,True,known hit (approved)
dexamethasone,"Anemia, Aplastic",True,known hit (approved)
dexamethasone,"Anemia, Hemolytic",True,known hit (approved)
dexamethasone,"Anemia, Refractory",True,known hit (approved)
dexamethasone,"Anemia, Refractory, with Excess of Blasts",True,known hit (approved)
dexamethasone,"Anemia, Sickle Cell",True,known hit (approved)
dexamethasone,Aortic Coarctation,True,known hit (approved)
dexamethasone,Appendicitis,True,known hit (approved)
dexamethasone,"Arthritis, Gouty",True,known hit (approved)
dexamethasone,"Arthritis, Juvenile",True,known hit (approved)
dexamethasone,"Arthritis, Psoriatic",True,known hit (approved)
dexamethasone,"Arthritis, Rheumatoid",True,known hit (approved)
dexamethasone,Asthma,True,known hit (approved)
dexamethasone,Atrioventricular Block,True,known hit (approved)
dexamethasone,Back Pain,True,known hit (approved)
dexamethasone,Blast Crisis,True,known hit (approved)
dexamethasone,Blastic Plasmacytoid Dendritic Cell Neoplasm,True,known hit (approved)
dexamethasone,Blepharitis,True,known hit (approved)
dexamethasone,Brain Edema,True,known hit (approved)
dexamethasone,Brain Neoplasms,True,known hit (approved)
dexamethasone,Breast Carcinoma In Situ,True,known hit (approved)
dexamethasone,Breast Neoplasms,True,known hit (approved)
dexamethasone,Bronchiolitis,True,known hit (approved)
dexamethasone,Bronchiolitis Obliterans Syndrome,True,known hit (approved)
dexamethasone,Bronchopulmonary Dysplasia,True,known hit (approved)
dexamethasone,Burkitt Lymphoma,True,known hit (approved)
dexamethasone,Bursitis,True,known hit (approved)
dexamethasone,"Carcinoma, Hepatocellular",True,known hit (approved)
dexamethasone,"Carcinoma, Non-Small-Cell Lung",True,known hit (approved)
dexamethasone,"Carcinoma, Renal Cell",True,known hit (approved)
dexamethasone,"Carcinoma, Squamous Cell",True,known hit (approved)
dexamethasone,Castleman Disease,True,known hit (approved)
dexamethasone,Cataract,True,known hit (approved)
dexamethasone,Cholangiocarcinoma,True,known hit (approved)
dexamethasone,Chorioretinitis,True,known hit (approved)
dexamethasone,Choroidal Neovascularization,True,known hit (approved)
dexamethasone,Choroiditis,True,known hit (approved)
dexamethasone,Chronic Pain,True,known hit (approved)
dexamethasone,"Colitis, Ulcerative",True,known hit (approved)
dexamethasone,Colorectal Neoplasms,True,known hit (approved)
dexamethasone,"Conjunctivitis, Allergic",True,known hit (approved)
dexamethasone,"Conjunctivitis, Viral",True,known hit (approved)
dexamethasone,Corneal Edema,True,known hit (approved)
dexamethasone,Corneal Injuries,True,known hit (approved)
dexamethasone,Crohn Disease,True,known hit (approved)
dexamethasone,Croup,True,known hit (approved)
dexamethasone,Cysticercosis,True,known hit (approved)
dexamethasone,Deafness,True,known hit (approved)
dexamethasone,Deglutition Disorders,True,known hit (approved)
dexamethasone,Dermatitis,True,known hit (approved)
dexamethasone,Dermatitis Herpetiformis,True,known hit (approved)
dexamethasone,"Dermatitis, Atopic",True,known hit (approved)
dexamethasone,"Dermatitis, Contact",True,known hit (approved)
dexamethasone,"Dermatitis, Exfoliative",True,known hit (approved)
dexamethasone,"Dermatitis, Seborrheic",True,known hit (approved)
dexamethasone,Diabetic Retinopathy,True,known hit (approved)
dexamethasone,Dry Eye Syndromes,True,known hit (approved)
dexamethasone,Dyspnea,True,known hit (approved)
dexamethasone,"Encephalitis, Herpes Simplex",True,known hit (approved)
dexamethasone,Endocrine Gland Neoplasms,True,known hit (approved)
dexamethasone,Endometrial Neoplasms,True,known hit (approved)
dexamethasone,Erythema Multiforme,True,known hit (approved)
dexamethasone,Esophageal Neoplasms,True,known hit (approved)
dexamethasone,Eye Diseases,True,known hit (approved)
dexamethasone,"Fasciitis, Plantar",True,known hit (approved)
dexamethasone,Fatigue,True,known hit (approved)
dexamethasone,"Genital Neoplasms, Female",True,known hit (approved)
dexamethasone,"Genital Neoplasms, Male",True,known hit (approved)
dexamethasone,Glaucoma,True,known hit (approved)
dexamethasone,Glioblastoma,True,known hit (approved)
dexamethasone,Glomerulonephritis,True,known hit (approved)
dexamethasone,"Glomerulosclerosis, Focal Segmental",True,known hit (approved)
dexamethasone,Gout,True,known hit (approved)
dexamethasone,Graft vs Host Disease,True,known hit (approved)
dexamethasone,"Granuloma, Lethal Midline",True,known hit (approved)
dexamethasone,Graves Disease,True,known hit (approved)
dexamethasone,HELLP Syndrome,True,known hit (approved)
dexamethasone,Head and Neck Neoplasms,True,known hit (approved)
dexamethasone,Headache,True,known hit (approved)
dexamethasone,Hearing Loss,True,known hit (approved)
dexamethasone,"Hearing Loss, Sensorineural",True,known hit (approved)
dexamethasone,Heart Failure,True,known hit (approved)
dexamethasone,Hematologic Neoplasms,True,known hit (approved)
dexamethasone,"Hematoma, Subdural, Intracranial",True,known hit (approved)
dexamethasone,Hemorrhage,True,known hit (approved)
dexamethasone,Hemorrhoids,True,known hit (approved)
dexamethasone,"Hernias, Diaphragmatic, Congenital",True,known hit (approved)
dexamethasone,Herpes Simplex,True,known hit (approved)
dexamethasone,Herpes Zoster Ophthalmicus,True,known hit (approved)
dexamethasone,"Histiocytosis, Langerhans-Cell",True,known hit (approved)
dexamethasone,"Histiocytosis, Sinus",True,known hit (approved)
dexamethasone,Hodgkin Disease,True,known hit (approved)
dexamethasone,Hypercalcemia,True,known hit (approved)
dexamethasone,Hypersensitivity,True,known hit (approved)
dexamethasone,Hypertension,True,known hit (approved)
dexamethasone,Hyperuricemia,True,known hit (approved)
dexamethasone,Hypocalcemia,True,known hit (approved)
dexamethasone,IgA Vasculitis,True,known hit (approved)
dexamethasone,Ileus,True,known hit (approved)
dexamethasone,Immune System Diseases,True,known hit (approved)
dexamethasone,Immunoglobulin Light-chain Amyloidosis,True,known hit (approved)
dexamethasone,Infections,True,known hit (approved)
dexamethasone,Inflammation,True,known hit (approved)
dexamethasone,"Influenza, Human",True,known hit (approved)
dexamethasone,Intestinal Obstruction,True,known hit (approved)
dexamethasone,Intracranial Hypertension,True,known hit (approved)
dexamethasone,Iridocyclitis,True,known hit (approved)
dexamethasone,Iritis,True,known hit (approved)
dexamethasone,Keratitis,True,known hit (approved)
dexamethasone,Keratoconus,True,known hit (approved)
dexamethasone,"Kidney Failure, Chronic",True,known hit (approved)
dexamethasone,Knee Injuries,True,known hit (approved)
dexamethasone,Lacrimal Apparatus Diseases,True,known hit (approved)
dexamethasone,Lassa Fever,True,known hit (approved)
dexamethasone,Leiomyoma,True,known hit (approved)
dexamethasone,Leptospirosis,True,known hit (approved)
dexamethasone,Leukemia,True,known hit (approved)
dexamethasone,"Leukemia, Biphenotypic, Acute",True,known hit (approved)
dexamethasone,"Leukemia, Erythroblastic, Acute",True,known hit (approved)
dexamethasone,"Leukemia, Hairy Cell",True,known hit (approved)
dexamethasone,"Leukemia, Lymphocytic, Chronic, B-Cell",True,known hit (approved)
dexamethasone,"Leukemia, Lymphoid",True,known hit (approved)
dexamethasone,"Leukemia, Megakaryoblastic, Acute",True,known hit (approved)
dexamethasone,"Leukemia, Monocytic, Acute",True,known hit (approved)
dexamethasone,"Leukemia, Myeloid, Acute",True,known hit (approved)
dexamethasone,"Leukemia, Myelomonocytic, Acute",True,known hit (approved)
dexamethasone,"Leukemia, Myelomonocytic, Chronic",True,known hit (approved)
dexamethasone,"Leukemia, Plasma Cell",True,known hit (approved)
dexamethasone,"Leukemia, T-Cell",True,known hit (approved)
dexamethasone,"Leukemia-Lymphoma, Adult T-Cell",True,known hit (approved)
dexamethasone,Lichen Planus,True,known hit (approved)
dexamethasone,"Lichen Planus, Oral",True,known hit (approved)
dexamethasone,"Liposarcoma, Myxoid",True,known hit (approved)
dexamethasone,Liver Cirrhosis,True,known hit (approved)
dexamethasone,Liver Neoplasms,True,known hit (approved)
dexamethasone,"Lung Diseases, Obstructive",True,known hit (approved)
dexamethasone,Lung Neoplasms,True,known hit (approved)
dexamethasone,"Lupus Erythematosus, Systemic",True,known hit (approved)
dexamethasone,"Lymphohistiocytosis, Hemophagocytic",True,known hit (approved)
dexamethasone,Lymphoma,True,known hit (approved)
dexamethasone,"Lymphoma, Follicular",True,known hit (approved)
dexamethasone,"Lymphoma, Large B-Cell, Diffuse",True,known hit (approved)
dexamethasone,"Lymphoma, Large-Cell, Anaplastic",True,known hit (approved)
dexamethasone,"Lymphoma, Mantle-Cell",True,known hit (approved)
dexamethasone,"Lymphoma, Non-Hodgkin",True,known hit (approved)
dexamethasone,"Lymphoma, T-Cell, Cutaneous",True,known hit (approved)
dexamethasone,"Lymphoma, T-Cell, Peripheral",True,known hit (approved)
dexamethasone,Macular Degeneration,True,known hit (approved)
dexamethasone,Macular Edema,True,known hit (approved)
dexamethasone,Malaria,True,known hit (approved)
dexamethasone,Mastoiditis,True,known hit (approved)
dexamethasone,Melanoma,True,known hit (approved)
dexamethasone,Meniere Disease,True,known hit (approved)
dexamethasone,Meningeal Carcinomatosis,True,known hit (approved)
dexamethasone,Meningitis,True,known hit (approved)
dexamethasone,"Meningitis, Cryptococcal",True,known hit (approved)
dexamethasone,Mesothelioma,True,known hit (approved)
dexamethasone,Migraine Disorders,True,known hit (approved)
dexamethasone,Mouth Neoplasms,True,known hit (approved)
dexamethasone,Multiple Myeloma,True,known hit (approved)
dexamethasone,Multiple Sclerosis,True,known hit (approved)
dexamethasone,"Multiple Sclerosis, Chronic Progressive",True,known hit (approved)
dexamethasone,Mycosis Fungoides,True,known hit (approved)
dexamethasone,Myelodysplastic Syndromes,True,known hit (approved)
dexamethasone,Myocarditis,True,known hit (approved)
dexamethasone,Nasal Obstruction,True,known hit (approved)
dexamethasone,Nasopharyngeal Carcinoma,True,known hit (approved)
dexamethasone,Nausea,True,known hit (approved)
dexamethasone,Neck Pain,True,known hit (approved)
dexamethasone,Neoplasm Metastasis,True,known hit (approved)
dexamethasone,Neoplasms,True,known hit (approved)
dexamethasone,"Neoplasms, Plasma Cell",True,known hit (approved)
dexamethasone,Nephrosis,True,known hit (approved)
dexamethasone,Nephrotic Syndrome,True,known hit (approved)
dexamethasone,Nervous System Diseases,True,known hit (approved)
dexamethasone,Neuralgia,True,known hit (approved)
dexamethasone,"Ophthalmia, Sympathetic",True,known hit (approved)
dexamethasone,Optic Neuritis,True,known hit (approved)
dexamethasone,Osteoarthritis,True,known hit (approved)
dexamethasone,"Osteoarthritis, Knee",True,known hit (approved)
dexamethasone,Otitis Externa,True,known hit (approved)
dexamethasone,Otitis Media,True,known hit (approved)
dexamethasone,Ovarian Hyperstimulation Syndrome,True,known hit (approved)
dexamethasone,Ovarian Neoplasms,True,known hit (approved)
dexamethasone,POEMS Syndrome,True,known hit (approved)
dexamethasone,"Paget Disease, Extramammary",True,known hit (approved)
dexamethasone,Pain,True,known hit (approved)
dexamethasone,Pancreatic Neoplasms,True,known hit (approved)
dexamethasone,Papilledema,True,known hit (approved)
dexamethasone,Pelvic Organ Prolapse,True,known hit (approved)
dexamethasone,Pemphigus,True,known hit (approved)
dexamethasone,Peptic Ulcer,True,known hit (approved)
dexamethasone,Pharyngitis,True,known hit (approved)
dexamethasone,Plasmacytoma,True,known hit (approved)
dexamethasone,Pneumonia,True,known hit (approved)
dexamethasone,"Pneumonia, Viral",True,known hit (approved)
dexamethasone,Postoperative Complications,True,known hit (approved)
dexamethasone,Postoperative Nausea and Vomiting,True,known hit (approved)
dexamethasone,Precursor Cell Lymphoblastic Leukemia-Lymphoma,True,known hit (approved)
dexamethasone,Precursor T-Cell Lymphoblastic Leukemia-Lymphoma,True,known hit (approved)
dexamethasone,Pregnancy,True,known hit (approved)
dexamethasone,Premature Birth,True,known hit (approved)
dexamethasone,Prostatic Neoplasms,True,known hit (approved)
dexamethasone,"Prostatic Neoplasms, Castration-Resistant",True,known hit (approved)
dexamethasone,Psoriasis,True,known hit (approved)
dexamethasone,Pulmonary Eosinophilia,True,known hit (approved)
dexamethasone,Pulmonary Fibrosis,True,known hit (approved)
dexamethasone,Pulpitis,True,known hit (approved)
dexamethasone,"Purpura, Thrombocytopenic, Idiopathic",True,known hit (approved)
dexamethasone,"Purpura, Thrombotic Thrombocytopenic",True,known hit (approved)
dexamethasone,Radiculopathy,True,known hit (approved)
dexamethasone,Radius Fractures,True,known hit (approved)
dexamethasone,Rectal Neoplasms,True,known hit (approved)
dexamethasone,"Red-Cell Aplasia, Pure",True,known hit (approved)
dexamethasone,"Renal Insufficiency, Chronic",True,known hit (approved)
dexamethasone,Respiratory Distress Syndrome,True,known hit (approved)
dexamethasone,Respiratory Insufficiency,True,known hit (approved)
dexamethasone,Retinal Vein Occlusion,True,known hit (approved)
dexamethasone,Retinopathy of Prematurity,True,known hit (approved)
dexamethasone,Rhabdomyolysis,True,known hit (approved)
dexamethasone,Rheumatic Diseases,True,known hit (approved)
dexamethasone,"Rhinitis, Allergic",True,known hit (approved)
dexamethasone,"Rhinitis, Allergic, Perennial",True,known hit (approved)
dexamethasone,"Rhinitis, Allergic, Seasonal",True,known hit (approved)
dexamethasone,Rotator Cuff Injuries,True,known hit (approved)
dexamethasone,Sarcoidosis,True,known hit (approved)
dexamethasone,Sarcoma,True,known hit (approved)
dexamethasone,Sciatica,True,known hit (approved)
dexamethasone,Scleritis,True,known hit (approved)
dexamethasone,Sepsis,True,known hit (approved)
dexamethasone,Serum Sickness,True,known hit (approved)
dexamethasone,Severe Acute Respiratory Syndrome,True,known hit (approved)
dexamethasone,Sinusitis,True,known hit (approved)
dexamethasone,"Sleep Apnea, Obstructive",True,known hit (approved)
dexamethasone,Small Cell Lung Carcinoma,True,known hit (approved)
dexamethasone,Smoldering Multiple Myeloma,True,known hit (approved)
dexamethasone,Specific Language Disorder,True,known hit (approved)
dexamethasone,"Spondylitis, Ankylosing",True,known hit (approved)
dexamethasone,Stevens-Johnson Syndrome,True,known hit (approved)
dexamethasone,Stomach Neoplasms,True,known hit (approved)
dexamethasone,Strabismus,True,known hit (approved)
dexamethasone,Subarachnoid Hemorrhage,True,known hit (approved)
dexamethasone,Synovitis,True,known hit (approved)
dexamethasone,Tennis Elbow,True,known hit (approved)
dexamethasone,Tenosynovitis,True,known hit (approved)
dexamethasone,Thrombocytopenia,True,known hit (approved)
dexamethasone,"Thyroiditis, Subacute",True,known hit (approved)
dexamethasone,Tonsillitis,True,known hit (approved)
dexamethasone,Tooth Diseases,True,known hit (approved)
dexamethasone,"Toxoplasmosis, Cerebral",True,known hit (approved)
dexamethasone,Trichinellosis,True,known hit (approved)
dexamethasone,Tuberculosis,True,known hit (approved)
dexamethasone,"Tuberculosis, Meningeal",True,known hit (approved)
dexamethasone,"Tuberculosis, Pulmonary",True,known hit (approved)
dexamethasone,Urinary Bladder Neoplasms,True,known hit (approved)
dexamethasone,Urinary Tract Infections,True,known hit (approved)
dexamethasone,Uveitis,True,known hit (approved)
dexamethasone,"Uveitis, Anterior",True,known hit (approved)
dexamethasone,"Uveitis, Intermediate",True,known hit (approved)
dexamethasone,"Uveitis, Posterior",True,known hit (approved)
dexamethasone,"Vaginosis, Bacterial",True,known hit (approved)
dexamethasone,Vestibular Neuronitis,True,known hit (approved)
dexamethasone,Vitiligo,True,known hit (approved)
dexamethasone,"Vitreoretinopathy, Proliferative",True,known hit (approved)
dexamethasone,Vomiting,True,known hit (approved)
dexamethasone,Waldenstrom Macroglobulinemia,True,known hit (approved)
dexamethasone,Wet Macular Degeneration,True,known hit (approved)
dexamethasone,Wounds and Injuries,True,known hit (approved)
dexamethasone,Wrist Fractures,True,known hit (approved)
dexamethasone,Xerostomia,True,known hit (approved)
dexamethasone,rheumatoid arthritis,True,known hit (approved)
dexamethasone sodium phosphate,"Arthritis, Rheumatoid",False,out-of-pool (inert for the filter)
dexamethasone sodium phosphate,rheumatoid arthritis,False,out-of-pool (inert for the filter)
diacerein,"Arthritis, Rheumatoid (investigational, not approved)",True,reported RA investigation (not approved)
diacerein,"Diabetes Mellitus, Type 2",True,reported RA investigation (not approved)
diacerein,Epidermolysis Bullosa,True,reported RA investigation (not approved)
diacerein,Epidermolysis Bullosa Dystrophica,True,reported RA investigation (not approved)
diacerein,Epidermolysis Bullosa Simplex,True,reported RA investigation (not approved)
diacerein,"Epidermolysis Bullosa, Junctional",True,reported RA investigation (not approved)
diacerein,Gout,True,reported RA investigation (not approved)
diacerein,Osteoarthritis,True,reported RA investigation (not approved)
diacerein,"Osteoarthritis, Hip",True,reported RA investigation (not approved)
diacerein,"Osteoarthritis, Knee",True,reported RA investigation (not approved)
diacerein,"Pemphigoid, Bullous",True,reported RA investigation (not approved)
diacerein,Rheumatic Diseases,True,reported RA investigation (not approved)
diacerein,Severe Acute Respiratory Syndrome,True,reported RA investigation (not approved)
diacerein,Thrombocytopenia,True,reported RA investigation (not approved)
diclofenac,Acute Pain,True,known hit (approved)
diclofenac,Aging,True,known hit (approved)
diclofenac,Alcoholism,True,known hit (approved)
diclofenac,Arthralgia,True,known hit (approved)
diclofenac,"Arthritis, Rheumatoid",True,known hit (approved)
diclofenac,Bile Duct Diseases,True,known hit (approved)
diclofenac,Carcinoma,True,known hit (approved)
diclofenac,"Carcinoma, Basal Cell",True,known hit (approved)
diclofenac,Cataract,True,known hit (approved)
diclofenac,Depressive Disorder,True,known hit (approved)
diclofenac,Dysmenorrhea,True,known hit (approved)
diclofenac,Eye Diseases,True,known hit (approved)
diclofenac,"Fractures, Bone",True,known hit (approved)
diclofenac,Infertility,True,known hit (approved)
diclofenac,Inflammation,True,known hit (approved)
diclofenac,"Keratosis, Actinic",True,known hit (approved)
diclofenac,Mastodynia,True,known hit (approved)
diclofenac,Migraine Disorders,True,known hit (approved)
diclofenac,Myalgia,True,known hit (approved)
diclofenac,Neoplasms,True,known hit (approved)
diclofenac,Osteoarthritis,True,known hit (approved)
diclofenac,"Osteoarthritis, Hip",True,known hit (approved)
diclofenac,"Osteoarthritis, Knee",True,known hit (approved)
diclofenac,Pancreatitis,True,known hit (approved)
diclofenac,Periodontitis,True,known hit (approved)
diclofenac,Pulmonary Embolism,True,known hit (approved)
diclofenac,Renal Colic,True,known hit (approved)
diclofenac,Rheumatic Diseases,True,known hit (approved)
diclofenac,"Spondylitis, Ankylosing",True,known hit (approved)
diclofenac,Sprains and Strains,True,known hit (approved)
diclofenac,Stomach Ulcer,True,known hit (approved)
diclofenac,Toothache,True,known hit (approved)
diclofenac,Wounds and Injuries,True,known hit (approved)
diclofenac,rheumatoid arthritis,True,known hit (approved)
diclofenac potassium,"Arthritis, Rheumatoid",False,out-of-pool (inert for the filter)
diclofenac potassium,rheumatoid arthritis,False,out-of-pool (inert for the filter)
diclofenac sodium,"Arthritis, Rheumatoid",False,out-of-pool (inert for the filter)
diclofenac sodium,rheumatoid arthritis,False,out-of-pool (inert for the filter)
diflunisal,"Amyloid Neuropathies, Familial",True,known hit (approved)
diflunisal,"Arthritis, Rheumatoid",True,known hit (approved)
diflunisal,"Diabetes Mellitus, Type 2",True,known hit (approved)
diflunisal,Fever,True,known hit (approved)
diflunisal,Osteoarthritis,True,known hit (approved)
diflunisal,Pain,True,known hit (approved)
diflunisal,rheumatoid arthritis,True,known hit (approved)
digoxin,"Angioedemas, Hereditary",True,reported RA investigation (not approved)
digoxin,"Arrhythmias, Cardiac",True,reported RA investigation (not approved)
digoxin,"Arthritis, Rheumatoid (investigational, not approved)",True,reported RA investigation (not approved)
digoxin,Atrial Fibrillation,True,reported RA investigation (not approved)
digoxin,Breast Neoplasms,True,reported RA investigation (not approved)
digoxin,"Carcinoma, Non-Small-Cell Lung",True,reported RA investigation (not approved)
digoxin,Cardiovascular Diseases,True,reported RA investigation (not approved)
digoxin,Cytomegalovirus Infections,True,reported RA investigation (not approved)
digoxin,Depressive Disorder,True,reported RA investigation (not approved)
digoxin,"Depressive Disorder, Major",True,reported RA investigation (not approved)
digoxin,Diabetes Mellitus,True,reported RA investigation (not approved)
digoxin,"Diabetes Mellitus, Type 2",True,reported RA investigation (not approved)
digoxin,Epilepsy,True,reported RA investigation (not approved)
digoxin,Essential Hypertension,True,reported RA investigation (not approved)
digoxin,HIV Infections,True,reported RA investigation (not approved)
digoxin,Head and Neck Neoplasms,True,reported RA investigation (not approved)
digoxin,Heart Failure,True,reported RA investigation (not approved)
digoxin,"Hepatitis B, Chronic",True,reported RA investigation (not approved)
digoxin,Hepatitis C,True,reported RA investigation (not approved)
digoxin,Infections,True,reported RA investigation (not approved)
digoxin,Inflammation,True,reported RA investigation (not approved)
digoxin,"Influenza, Human",True,reported RA investigation (not approved)
digoxin,"Keratosis, Actinic",True,reported RA investigation (not approved)
digoxin,"Leukemia, Myeloid, Acute",True,reported RA investigation (not approved)
digoxin,Melanoma,True,reported RA investigation (not approved)
digoxin,Myelodysplastic Syndromes,True,reported RA investigation (not approved)
digoxin,Nausea,True,reported RA investigation (not approved)
digoxin,Neoplasms,True,reported RA investigation (not approved)
digoxin,Non-alcoholic Fatty Liver Disease,True,reported RA investigation (not approved)
digoxin,Obesity,True,reported RA investigation (not approved)
digoxin,Pain,True,reported RA investigation (not approved)
digoxin,Pancreatic Neoplasms,True,reported RA investigation (not approved)
digoxin,"Prostatic Neoplasms, Castration-Resistant",True,reported RA investigation (not approved)
digoxin,"Pulmonary Disease, Chronic Obstructive",True,reported RA investigation (not approved)
digoxin,"Sarcoma, Kaposi",True,reported RA investigation (not approved)
digoxin,Substance-Related Disorders,True,reported RA investigation (not approved)
digoxin,"Tachycardia, Supraventricular",True,reported RA investigation (not approved)
digoxin,von Hippel-Lindau Disease,True,reported RA investigation (not approved)
dilmapimod,"Arthritis, Rheumatoid",False,out-of-pool (inert for the filter)
dilmapimod,rheumatoid arthritis,False,out-of-pool (inert for the filter)
dimethyl fumarate,"Arthritis, Rheumatoid",False,out-of-pool (inert for the filter)
dimethyl fumarate,rheumatoid arthritis,False,out-of-pool (inert for the filter)
dimethyl-fumarate,"Arthritis, Psoriatic",True,reported RA investigation (not approved)
dimethyl-fumarate,"Arthritis, Rheumatoid (investigational, not approved)",True,reported RA investigation (not approved)
dimethyl-fumarate,Cerebral Hemorrhage,True,reported RA investigation (not approved)
dimethyl-fumarate,Gliosarcoma,True,reported RA investigation (not approved)
dimethyl-fumarate,Immune System Diseases,True,reported RA investigation (not approved)
dimethyl-fumarate,Ischemic Stroke,True,reported RA investigation (not approved)
dimethyl-fumarate,"Leukemia, Lymphocytic, Chronic, B-Cell",True,reported RA investigation (not approved)
dimethyl-fumarate,"Lymphoma, T-Cell, Cutaneous",True,reported RA investigation (not approved)
dimethyl-fumarate,Multiple Sclerosis,True,reported RA investigation (not approved)
dimethyl-fumarate,"Multiple Sclerosis, Chronic Progressive",True,reported RA investigation (not approved)
dimethyl-fumarate,"Multiple Sclerosis, Relapsing-Remitting",True,reported RA investigation (not approved)
dimethyl-fumarate,Psoriasis,True,reported RA investigation (not approved)
dimethyl-fumarate,Severe Acute Respiratory Syndrome,True,reported RA investigation (not approved)
dimethyl-fumarate,"Sleep Apnea, Obstructive",True,reported RA investigation (not approved)
diosmin,"Arthritis, Rheumatoid (investigational, not approved)",True,reported RA investigation (not approved)
diosmin,Cardiovascular Diseases,True,reported RA investigation (not approved)
diosmin,"Colitis, Ulcerative",True,reported RA investigation (not approved)
diosmin,Infertility,True,reported RA investigation (not approved)
diosmin,Menorrhagia,True,reported RA investigation (not approved)
diosmin,Non-alcoholic Fatty Liver Disease,True,reported RA investigation (not approved)
diosmin,Peptic Ulcer,True,reported RA investigation (not approved)
diosmin,Venous Insufficiency,True,reported RA investigation (not approved)
dipyridamole,"Anemia, Sickle Cell",True,reported RA investigation (not approved)
dipyridamole,"Angina, Stable",True,reported RA investigation (not approved)
dipyridamole,"Arthritis, Rheumatoid (investigational, not approved)",True,reported RA investigation (not approved)
dipyridamole,Cardiovascular Diseases,True,reported RA investigation (not approved)
dipyridamole,Carotid Stenosis,True,reported RA investigation (not approved)
dipyridamole,Coronary Artery Disease,True,reported RA investigation (not approved)
dipyridamole,HIV Infections,True,reported RA investigation (not approved)
dipyridamole,Heart Diseases,True,reported RA investigation (not approved)
dipyridamole,Hypertension,True,reported RA investigation (not approved)
dipyridamole,IgA Vasculitis,True,reported RA investigation (not approved)
dipyridamole,Myocardial Ischemia,True,reported RA investigation (not approved)
dipyridamole,Ovarian Neoplasms,True,reported RA investigation (not approved)
dipyridamole,Pancreatic Neoplasms,True,reported RA investigation (not approved)
dipyridamole,Severe Acute Respiratory Syndrome,True,reported RA investigation (not approved)
dipyridamole,Stroke,True,reported RA investigation (not approved)
dipyridamole,Thrombosis,True,reported RA investigation (not approved)
doramapimod,"Arthritis, Rheumatoid (failed trial, not evidence)",True,excluded (RA trial failure)
doramapimod,Psoriasis,True,excluded (RA trial failure)
dronabinol,"Arthritis, Rheumatoid",False,out-of-pool (inert for the filter)
dronabinol,rheumatoid arthritis,False,out-of-pool (inert for the filter)
edicotinib,"Arthritis, Rheumatoid",False,out-of-pool (inert for the filter)
edicotinib,rheumatoid arthritis,False,out-of-pool (inert for the filter)
efalizumab,"Arthritis, Rheumatoid",False,out-of-pool (inert for the filter)
efalizumab,rheumatoid arthritis,False,out-of-pool (inert for the filter)
efavaleukin alfa,"Arthritis, Rheumatoid",False,out-of-pool (inert for the filter)
efavaleukin alfa,rheumatoid arthritis,False,out-of-pool (inert for the filter)
eldelumab,"Arthritis, Rheumatoid",False,out-of-pool (inert for the filter)
eldelumab,rheumatoid arthritis,False,out-of-pool (inert for the filter)
elsubrutinib,"Arthritis, Rheumatoid",False,out-of-pool (inert for the filter)
elsubrutinib,rheumatoid arthritis,False,out-of-pool (inert for the filter)
enalapril maleate,"Arthritis, Rheumatoid",False,out-of-pool (inert for the filter)
enalapril maleate,rheumatoid arthritis,False,out-of-pool (inert for the filter)
escitalopram,Alzheimer Disease,True,reported RA investigation (not approved)
escitalopram,Anxiety,True,reported RA investigation (not approved)
escitalopram,Anxiety Disorders,True,reported RA investigation (not approved)
escitalopram,Aphasia,True,reported RA investigation (not approved)
escitalopram,"Arthritis, Rheumatoid (investigational, not approved)",True,reported RA investigation (not approved)
escitalopram,Bipolar Disorder,True,reported RA investigation (not approved)
escitalopram,Borderline Personality Disorder,True,reported RA investigation (not approved)
escitalopram,Burning Mouth Syndrome,True,reported RA investigation (not approved)
escitalopram,Carcinoma,True,reported RA investigation (not approved)
escitalopram,Cocaine-Related Disorders,True,reported RA investigation (not approved)
escitalopram,Dementia,True,reported RA investigation (not approved)
escitalopram,Depressive Disorder,True,reported RA investigation (not approved)
escitalopram,"Depressive Disorder, Major",True,reported RA investigation (not approved)
escitalopram,Digestive System Diseases,True,reported RA investigation (not approved)
escitalopram,Fibromyalgia,True,reported RA investigation (not approved)
escitalopram,Hepatitis C,True,reported RA investigation (not approved)
escitalopram,"Hypertension, Pulmonary",True,reported RA investigation (not approved)
escitalopram,Neoplasms,True,reported RA investigation (not approved)
escitalopram,Obsessive-Compulsive Disorder,True,reported RA investigation (not approved)
escitalopram,Panic Disorder,True,reported RA investigation (not approved)
escitalopram,"Phobia, Social",True,reported RA investigation (not approved)
escitalopram,Phobic Disorders,True,reported RA investigation (not approved)
escitalopram,Premature Ejaculation,True,reported RA investigation (not approved)
escitalopram,"Renal Insufficiency, Chronic",True,reported RA investigation (not approved)
escitalopram,Schizophrenia,True,reported RA investigation (not approved)
escitalopram,"Stress Disorders, Post-Traumatic",True,reported RA investigation (not approved)
escitalopram,Stroke,True,reported RA investigation (not approved)
escitalopram,Substance-Related Disorders,True,reported RA investigation (not approved)
esomeprazole magnesium,"Arthritis, Rheumatoid",False,out-of-pool (inert for the filter)
esomeprazole magnesium,rheumatoid arthritis,False,out-of-pool (inert for the filter)
etanercept,Acquired Hyperostosis Syndrome,False,out-of-pool (inert for the filter)
etanercept,Alzheimer Disease,False,out-of-pool (inert for the filter)
etanercept,Anorexia,False,out-of-pool (inert for the filter)
etanercept,Arthritis,False,out-of-pool (inert for the filter)
etanercept,"Arthritis, Juvenile",False,out-of-pool (inert for the filter)
etanercept,"Arthritis, Psoriatic",False,out-of-pool (inert for the filter)
etanercept,"Arthritis, Rheumatoid",False,out-of-pool (inert for the filter)
etanercept,Asthma,False,out-of-pool (inert for the filter)
etanercept,Cachexia,False,out-of-pool (inert for the filter)
etanercept,Chronic Urticaria,False,out-of-pool (inert for the filter)
etanercept,Dermatomyositis,False,out-of-pool (inert for the filter)
etanercept,"Diabetes Mellitus, Type 1",False,out-of-pool (inert for the filter)
etanercept,Fanconi Anemia,False,out-of-pool (inert for the filter)
etanercept,Graft vs Host Disease,False,out-of-pool (inert for the filter)
etanercept,Granulomatosis with Polyangiitis,False,out-of-pool (inert for the filter)
etanercept,HIV Infections,False,out-of-pool (inert for the filter)
etanercept,Hidradenitis Suppurativa,False,out-of-pool (inert for the filter)
etanercept,Histiocytosis,False,out-of-pool (inert for the filter)
etanercept,Immune System Diseases,False,out-of-pool (inert for the filter)
etanercept,Immunoglobulin Light-chain Amyloidosis,False,out-of-pool (inert for the filter)
etanercept,Inflammation,False,out-of-pool (inert for the filter)
etanercept,Leukemia,False,out-of-pool (inert for the filter)
etanercept,"Leukemia, Lymphocytic, Chronic, B-Cell",False,out-of-pool (inert for the filter)
etanercept,Lichen Planus,False,out-of-pool (inert for the filter)
etanercept,"Lupus Erythematosus, Cutaneous",False,out-of-pool (inert for the filter)
etanercept,Lupus Nephritis,False,out-of-pool (inert for the filter)
etanercept,Metabolic Syndrome,False,out-of-pool (inert for the filter)
etanercept,Mucocutaneous Lymph Node Syndrome,False,out-of-pool (inert for the filter)
etanercept,Myelodysplastic Syndromes,False,out-of-pool (inert for the filter)
etanercept,"Myositis, Inclusion Body",False,out-of-pool (inert for the filter)
etanercept,Neoplasms,False,out-of-pool (inert for the filter)
etanercept,Pemphigus,False,out-of-pool (inert for the filter)
etanercept,Persian Gulf Syndrome,False,out-of-pool (inert for the filter)
etanercept,Pneumonia,False,out-of-pool (inert for the filter)
etanercept,Polymyalgia Rheumatica,False,out-of-pool (inert for the filter)
etanercept,"Prostatic Neoplasms, Castration-Resistant",False,out-of-pool (inert for the filter)
etanercept,Psoriasis,False,out-of-pool (inert for the filter)
etanercept,"Pulmonary Disease, Chronic Obstructive",False,out-of-pool (inert for the filter)
etanercept,Pulmonary Fibrosis,False,out-of-pool (inert for the filter)
etanercept,Radiculopathy,False,out-of-pool (inert for the filter)
etanercept,"Renal Insufficiency, Chronic",False,out-of-pool (inert for the filter)
etanercept,Reperfusion Injury,False,out-of-pool (inert for the filter)
etanercept,Sciatica,False,out-of-pool (inert for the filter)
etanercept,Sjogren's Syndrome,False,out-of-pool (inert for the filter)
etanercept,Spondylarthropathies,False,out-of-pool (inert for the filter)
etanercept,Spondylitis,False,out-of-pool (inert for the filter)
etanercept,"Spondylitis, Ankylosing",False,out-of-pool (inert for the filter)
etanercept,Stevens-Johnson Syndrome,False,out-of-pool (inert for the filter)
etanercept,Stomatitis,False,out-of-pool (inert for the filter)
etanercept,Subarachnoid Hemorrhage,False,out-of-pool (inert for the filter)
etanercept,Synovitis,False,out-of-pool (inert for the filter)
etanercept,Temporomandibular Joint Disorders,False,out-of-pool (inert for the filter)
etanercept,Tinnitus,False,out-of-pool (inert for the filter)
etanercept,Vitiligo,False,out-of-pool (inert for the filter)
etanercept,rheumatoid arthritis,False,out-of-pool (inert for the filter)
etaracizumab,"Arthritis, Rheumatoid",False,out-of-pool (inert for the filter)
etaracizumab,rheumatoid arthritis,False,out-of-pool (inert for the filter)
etodolac,Acute Pain,True,known hit (approved)
etodolac,"Arthritis, Juvenile",True,known hit (approved)
etodolac,"Arthritis, Rheumatoid",True,known hit (approved)
etodolac,"Carcinoma, Hepatocellular",True,known hit (approved)
etodolac,Colorectal Neoplasms,True,known hit (approved)
etodolac,Lecithin Cholesterol Acyltransferase Deficiency,True,known hit (approved)
etodolac,Muscular Diseases,True,known hit (approved)
etodolac,Osteoarthritis,True,known hit (approved)
etodolac,Pain,True,known hit (approved)
etodolac,Pancreatic Neoplasms,True,known hit (approved)
etodolac,Rheumatic Diseases,True,known hit (approved)
etodolac,Sprains and Strains,True,known hit (approved)
etodolac,rheumatoid arthritis,True,known hit (approved)
etoricoxib,"Arthritis, Rheumatoid (investigational, not approved)",True,reported RA investigation (not approved)
etoricoxib,Bone Neoplasms,True,reported RA investigation (not approved)
etoricoxib,Dysmenorrhea,True,reported RA investigation (not approved)
etoricoxib,HIV Infections,True,reported RA investigation (not approved)
etoricoxib,Low Back Pain,True,reported RA investigation (not approved)
etoricoxib,Melanoma,True,reported RA investigation (not approved)
etoricoxib,Osteoarthritis,True,reported RA investigation (not approved)
etoricoxib,"Osteoarthritis, Knee",True,reported RA investigation (not approved)
etoricoxib,Pain,True,reported RA investigation (not approved)
etoricoxib,"Prostatic Neoplasms, Castration-Resistant",True,reported RA investigation (not approved)
etoricoxib,Rheumatic Diseases,True,reported RA investigation (not approved)
etoricoxib,"Spondylitis, Ankylosing",True,reported RA investigation (not approved)
etoricoxib,Toothache,True,reported RA investigation (not approved)
etoricoxib,Tuberculosis,True,reported RA investigation (not approved)
etoricoxib,Wounds and Injuries,True,reported RA investigation (not approved)
evobrutinib,"Arthritis, Rheumatoid",False,out-of-pool (inert for the filter)
evobrutinib,rheumatoid arthritis,False,out-of-pool (inert for the filter)
famotidine,"Anemia, Sickle Cell",True,known hit (approved)
famotidine,"Arthritis, Rheumatoid",True,known hit (approved)
famotidine,Breast Carcinoma In Situ,True,known hit (approved)
famotidine,Breast Neoplasms,True,known hit (approved)
famotidine,"Carcinoma, Non-Small-Cell Lung",True,known hit (approved)
famotidine,Chest Pain,True,known hit (approved)
famotidine,Colorectal Neoplasms,True,known hit (approved)
famotidine,Duodenal Ulcer,True,known hit (approved)
famotidine,Eosinophilic Esophagitis,True,known hit (approved)
famotidine,Esophagitis,True,known hit (approved)
famotidine,Fibrosis,True,known hit (approved)
famotidine,Gastroesophageal Reflux,True,known hit (approved)
famotidine,Gastrointestinal Hemorrhage,True,known hit (approved)
famotidine,Glycogen Storage Disease Type III,True,known hit (approved)
famotidine,HIV Infections,True,known hit (approved)
famotidine,Heartburn,True,known hit (approved)
famotidine,Immunoglobulin G4-Related Disease,True,known hit (approved)
famotidine,"Leukemia, Hairy Cell",True,known hit (approved)
famotidine,"Lupus Erythematosus, Systemic",True,known hit (approved)
famotidine,Melanoma,True,known hit (approved)
famotidine,Mesothelioma,True,known hit (approved)
famotidine,Movement Disorders,True,known hit (approved)
famotidine,Neoplasms,True,known hit (approved)
famotidine,Osteoarthritis,True,known hit (approved)
famotidine,Peptic Ulcer,True,known hit (approved)
famotidine,Psoriasis,True,known hit (approved)
famotidine,Schizophrenia,True,known hit (approved)
famotidine,Severe Acute Respiratory Syndrome,True,known hit (approved)
famotidine,Stomach Neoplasms,True,known hit (approved)
famotidine,Stomach Ulcer,True,known hit (approved)
famotidine,Thyroid Neoplasms,True,known hit (approved)
famotidine,Ulcer,True,known hit (approved)
famotidine,rheumatoid arthritis,True,known hit (approved)
fenebrutinib,"Arthritis, Rheumatoid",False,out-of-pool (inert for the filter)
fenebrutinib,rheumatoid arthritis,False,out-of-pool (inert for the filter)
fenoprofen calcium,"Arthritis, Rheumatoid",False,out-of-pool (inert for the filter)
fenoprofen calcium,rheumatoid arthritis,False,out-of-pool (inert for the filter)
fexofenadine,"Arthritis, Rheumatoid (investigational, not approved)",True,reported RA investigation (not approved)
fexofenadine,Asthma,True,reported RA investigation (not approved)
fexofenadine,"Carcinoma, Non-Small-Cell Lung",True,reported RA investigation (not approved)
fexofenadine,"Dermatitis, Atopic",True,reported RA investigation (not approved)
fexofenadine,Diabetic Nephropathies,True,reported RA investigation (not approved)
fexofenadine,Edema,True,reported RA investigation (not approved)
fexofenadine,Gastroesophageal Reflux,True,reported RA investigation (not approved)
fexofenadine,Hypersensitivity,True,reported RA investigation (not approved)
fexofenadine,Prostatic Neoplasms,True,reported RA investigation (not approved)
fexofenadine,Pruritus,True,reported RA investigation (not approved)
fexofenadine,"Rhinitis, Allergic, Perennial",True,reported RA investigation (not approved)
fexofenadine,"Rhinitis, Allergic, Seasonal",True,reported RA investigation (not approved)
fezakinumab,"Arthritis, Rheumatoid",False,out-of-pool (inert for the filter)
fezakinumab,rheumatoid arthritis,False,out-of-pool (inert for the filter)
filgotinib,"Arthritis, Juvenile",True,known hit (approved)
filgotinib,"Arthritis, Psoriatic",True,known hit (approved)
filgotinib,"Arthritis, Rheumatoid",True,known hit (approved)
filgotinib,"Colitis, Ulcerative",True,known hit (approved)
filgotinib,Crohn Disease,True,known hit (approved)
filgotinib,Inflammatory Bowel Diseases,True,known hit (approved)
filgotinib,Kidney Diseases,True,known hit (approved)
filgotinib,"Lupus Erythematosus, Cutaneous",True,known hit (approved)
filgotinib,"Lupus Erythematosus, Systemic",True,known hit (approved)
filgotinib,Sjogren's Syndrome,True,known hit (approved)
filgotinib,Spondylarthropathies,True,known hit (approved)
filgotinib,"Spondylitis, Ankylosing",True,known hit (approved)
filgotinib,Uveitis,True,known hit (approved)
filgotinib,rheumatoid arthritis,True,known hit (approved)
filgotinib maleate,"Arthritis, Rheumatoid",False,out-of-pool (inert for the filter)
filgotinib maleate,rheumatoid arthritis,False,out-of-pool (inert for the filter)
fish oil,"Arthritis, Rheumatoid",False,out-of-pool (inert for the filter)
fish oil,rheumatoid arthritis,False,out-of-pool (inert for the filter)
fish oil triglycerides,"Arthritis, Rheumatoid",False,out-of-pool (inert for the filter)
fish oil triglycerides,rheumatoid arthritis,False,out-of-pool (inert for the filter)
fletikumab,"Arthritis, Rheumatoid",False,out-of-pool (inert for the filter)
fletikumab,rheumatoid arthritis,False,out-of-pool (inert for the filter)
fludarabine,"Arthritis, Rheumatoid",False,out-of-pool (inert for the filter)
fludarabine,rheumatoid arthritis,False,out-of-pool (inert for the filter)
fludeoxyglucose f 18,"Arthritis, Rheumatoid",False,out-of-pool (inert for the filter)
fludeoxyglucose f 18,rheumatoid arthritis,False,out-of-pool (inert for the filter)
flurbiprofen,"Arthritis, Rheumatoid",False,out-of-pool (inert for the filter)
flurbiprofen,rheumatoid arthritis,False,out-of-pool (inert for the filter)
folic acid,"Arthritis, Rheumatoid",False,out-of-pool (inert for the filter)
folic acid,rheumatoid arthritis,False,out-of-pool (inert for the filter)
folic-acid,"Abortion, Habitual",True,reported RA investigation (not approved)
folic-acid,Acne Vulgaris,True,reported RA investigation (not approved)
folic-acid,Alzheimer Disease,True,reported RA investigation (not approved)
folic-acid,Anemia,True,reported RA investigation (not approved)
folic-acid,"Anemia, Iron-Deficiency",True,reported RA investigation (not approved)
folic-acid,"Anemia, Sickle Cell",True,reported RA investigation (not approved)
folic-acid,"Arthritis, Rheumatoid (investigational, not approved)",True,reported RA investigation (not approved)
folic-acid,Atherosclerosis,True,reported RA investigation (not approved)
folic-acid,Autistic Disorder,True,reported RA investigation (not approved)
folic-acid,Breast Neoplasms,True,reported RA investigation (not approved)
folic-acid,"Carcinoma, Non-Small-Cell Lung",True,reported RA investigation (not approved)
folic-acid,Cleft Lip,True,reported RA investigation (not approved)
folic-acid,Cleft Palate,True,reported RA investigation (not approved)
folic-acid,Colorectal Neoplasms,True,reported RA investigation (not approved)
folic-acid,Coronary Disease,True,reported RA investigation (not approved)
folic-acid,Depressive Disorder,True,reported RA investigation (not approved)
folic-acid,"Diabetes Mellitus, Type 1",True,reported RA investigation (not approved)
folic-acid,"Diabetes Mellitus, Type 2",True,reported RA investigation (not approved)
folic-acid,Diabetic Nephropathies,True,reported RA investigation (not approved)
folic-acid,Epilepsy,True,reported RA investigation (not approved)
folic-acid,Esophageal Neoplasms,True,reported RA investigation (not approved)
folic-acid,Fallopian Tube Neoplasms,True,reported RA investigation (not approved)
folic-acid,Folic Acid Deficiency,True,reported RA investigation (not approved)
folic-acid,Gingival Overgrowth,True,reported RA investigation (not approved)
folic-acid,HIV Infections,True,reported RA investigation (not approved)
folic-acid,Head and Neck Neoplasms,True,reported RA investigation (not approved)
folic-acid,Heart Diseases,True,reported RA investigation (not approved)
folic-acid,Heart Failure,True,reported RA investigation (not approved)
folic-acid,Heavy Metal Poisoning,True,reported RA investigation (not approved)
folic-acid,Hemorrhage,True,reported RA investigation (not approved)
folic-acid,Hypertension,True,reported RA investigation (not approved)
folic-acid,Infertility,True,reported RA investigation (not approved)
folic-acid,"Infertility, Male",True,reported RA investigation (not approved)
folic-acid,"Kidney Failure, Chronic",True,reported RA investigation (not approved)
folic-acid,Lung Neoplasms,True,reported RA investigation (not approved)
folic-acid,"Lupus Erythematosus, Systemic",True,reported RA investigation (not approved)
folic-acid,Lymphoma,True,reported RA investigation (not approved)
folic-acid,"Lymphoma, Large-Cell, Anaplastic",True,reported RA investigation (not approved)
folic-acid,"Lymphoma, T-Cell, Cutaneous",True,reported RA investigation (not approved)
folic-acid,"Lymphoma, T-Cell, Peripheral",True,reported RA investigation (not approved)
folic-acid,Malaria,True,reported RA investigation (not approved)
folic-acid,Meningeal Carcinomatosis,True,reported RA investigation (not approved)
folic-acid,Mesothelioma,True,reported RA investigation (not approved)
folic-acid,Mucositis,True,reported RA investigation (not approved)
folic-acid,Mycosis Fungoides,True,reported RA investigation (not approved)
folic-acid,Myocardial Infarction,True,reported RA investigation (not approved)
folic-acid,Myocardial Ischemia,True,reported RA investigation (not approved)
folic-acid,Neoplasms,True,reported RA investigation (not approved)
folic-acid,Neural Tube Defects,True,reported RA investigation (not approved)
folic-acid,Oral Ulcer,True,reported RA investigation (not approved)
folic-acid,Osteoporosis,True,reported RA investigation (not approved)
folic-acid,Ovarian Neoplasms,True,reported RA investigation (not approved)
folic-acid,Parkinson Disease,True,reported RA investigation (not approved)
folic-acid,Peritoneal Neoplasms,True,reported RA investigation (not approved)
folic-acid,Polycystic Ovary Syndrome,True,reported RA investigation (not approved)
folic-acid,Premature Ejaculation,True,reported RA investigation (not approved)
folic-acid,"Prostatic Neoplasms, Castration-Resistant",True,reported RA investigation (not approved)
folic-acid,Psychotic Disorders,True,reported RA investigation (not approved)
folic-acid,Pulmonary Alveolar Proteinosis,True,reported RA investigation (not approved)
folic-acid,Rectal Neoplasms,True,reported RA investigation (not approved)
folic-acid,"Renal Insufficiency, Chronic",True,reported RA investigation (not approved)
folic-acid,Severe Acute Respiratory Syndrome,True,reported RA investigation (not approved)
folic-acid,Sezary Syndrome,True,reported RA investigation (not approved)
folic-acid,Tuberculosis,True,reported RA investigation (not approved)
folic-acid,Uterine Cervical Neoplasms,True,reported RA investigation (not approved)
folic-acid,Uveitis,True,reported RA investigation (not approved)
fontolizumab,"Arthritis, Rheumatoid",False,out-of-pool (inert for the filter)
fontolizumab,rheumatoid arthritis,False,out-of-pool (inert for the filter)
fosdagrocorat,"Arthritis, Rheumatoid",False,out-of-pool (inert for the filter)
fosdagrocorat,rheumatoid arthritis,False,out-of-pool (inert for the filter)
fostamatinib,"Anemia, Hemolytic, Autoimmune",True,reported RA investigation (not approved)
fostamatinib,"Arthritis, Rheumatoid (investigational, not approved)",True,reported RA investigation (not approved)
fostamatinib,Bronchiolitis Obliterans Syndrome,True,reported RA investigation (not approved)
fostamatinib,"Glomerulonephritis, IGA",True,reported RA investigation (not approved)
fostamatinib,Hematologic Neoplasms,True,reported RA investigation (not approved)
fostamatinib,Hemorrhage,True,reported RA investigation (not approved)
fostamatinib,Hidradenitis Suppurativa,True,reported RA investigation (not approved)
fostamatinib,Lymphoma,True,reported RA investigation (not approved)
fostamatinib,"Lymphoma, Large B-Cell, Diffuse",True,reported RA investigation (not approved)
fostamatinib,Ovarian Neoplasms,True,reported RA investigation (not approved)
fostamatinib,Pneumonia,True,reported RA investigation (not approved)
fostamatinib,Primary Myelofibrosis,True,reported RA investigation (not approved)
fostamatinib,"Purpura, Thrombocytopenic, Idiopathic",True,reported RA investigation (not approved)
fostamatinib,Severe Acute Respiratory Syndrome,True,reported RA investigation (not approved)
fostamatinib disodium,"Arthritis, Rheumatoid",False,out-of-pool (inert for the filter)
fostamatinib disodium,rheumatoid arthritis,False,out-of-pool (inert for the filter)
gadobutrol,"Arthritis, Rheumatoid",False,out-of-pool (inert for the filter)
gadobutrol,rheumatoid arthritis,False,out-of-pool (inert for the filter)
gamcemetinib,"Arthritis, Rheumatoid",False,out-of-pool (inert for the filter)
gamcemetinib,rheumatoid arthritis,False,out-of-pool (inert for the filter)
gamolenic acid,"Arthritis, Rheumatoid",False,out-of-pool (inert for the filter)
gamolenic acid,rheumatoid arthritis,False,out-of-pool (inert for the filter)
gevokizumab,"Arthritis, Rheumatoid",False,out-of-pool (inert for the filter)
gevokizumab,rheumatoid arthritis,False,out-of-pool (inert for the filter)
gimsilumab,"Arthritis, Rheumatoid",False,out-of-pool (inert for the filter)
gimsilumab,rheumatoid arthritis,False,out-of-pool (inert for the filter)
giripladib,"Arthritis, Rheumatoid",False,out-of-pool (inert for the filter)
giripladib,rheumatoid arthritis,False,out-of-pool (inert for the filter)
glpg-0259,"Arthritis, Rheumatoid",False,out-of-pool (inert for the filter)
glpg-0259,rheumatoid arthritis,False,out-of-pool (inert for the filter)
glpg-3970,"Arthritis, Rheumatoid",False,out-of-pool (inert for the filter)
glpg-3970,rheumatoid arthritis,False,out-of-pool (inert for the filter)
golimumab,"Arthritis, Rheumatoid",False,out-of-pool (inert for the filter)
golimumab,rheumatoid arthritis,False,out-of-pool (inert for the filter)
gsk-3117391,"Arthritis, Rheumatoid",False,out-of-pool (inert for the filter)
gsk-3117391,rheumatoid arthritis,False,out-of-pool (inert for the filter)
gsk2982772,"Arthritis, Rheumatoid",False,out-of-pool (inert for the filter)
gsk2982772,rheumatoid arthritis,False,out-of-pool (inert for the filter)
guselkumab,"Arthritis, Rheumatoid",False,out-of-pool (inert for the filter)
guselkumab,rheumatoid arthritis,False,out-of-pool (inert for the filter)
gw-274150,"Arthritis, Rheumatoid",False,out-of-pool (inert for the filter)
gw-274150,rheumatoid arthritis,False,out-of-pool (inert for the filter)
gw-406381,"Arthritis, Rheumatoid",False,out-of-pool (inert for the filter)
gw-406381,rheumatoid arthritis,False,out-of-pool (inert for the filter)
hesperidin,"Arthritis, Rheumatoid (investigational, not approved)",True,reported RA investigation (not approved)
hesperidin,Osteoporosis,True,reported RA investigation (not approved)
hydrocortisone,Addison Disease,True,known hit (approved)
hydrocortisone,Adrenal Cortex Neoplasms,True,known hit (approved)
hydrocortisone,"Adrenal Hyperplasia, Congenital",True,known hit (approved)
hydrocortisone,Adrenal Insufficiency,True,known hit (approved)
hydrocortisone,Aging,True,known hit (approved)
hydrocortisone,Alcoholism,True,known hit (approved)
hydrocortisone,Alopecia Areata,True,known hit (approved)
hydrocortisone,"Anemia, Refractory",True,known hit (approved)
hydrocortisone,"Anemia, Refractory, with Excess of Blasts",True,known hit (approved)
hydrocortisone,"Arthritis, Juvenile",True,known hit (approved)
hydrocortisone,"Arthritis, Psoriatic",True,known hit (approved)
hydrocortisone,"Arthritis, Rheumatoid",True,known hit (approved)
hydrocortisone,Asthma,True,known hit (approved)
hydrocortisone,Atrial Fibrillation,True,known hit (approved)
hydrocortisone,Borderline Personality Disorder,True,known hit (approved)
hydrocortisone,Bronchopulmonary Dysplasia,True,known hit (approved)
hydrocortisone,Bursitis,True,known hit (approved)
hydrocortisone,Central Nervous System Neoplasms,True,known hit (approved)
hydrocortisone,"Colitis, Ulcerative",True,known hit (approved)
hydrocortisone,"Conjunctivitis, Allergic",True,known hit (approved)
hydrocortisone,Crohn Disease,True,known hit (approved)
hydrocortisone,Dermatitis,True,known hit (approved)
hydrocortisone,"Dermatitis, Atopic",True,known hit (approved)
hydrocortisone,"Dermatitis, Seborrheic",True,known hit (approved)
hydrocortisone,"Diabetes Mellitus, Type 1",True,known hit (approved)
hydrocortisone,Eczema,True,known hit (approved)
hydrocortisone,Endocrine System Diseases,True,known hit (approved)
hydrocortisone,Exanthema,True,known hit (approved)
hydrocortisone,Eye Diseases,True,known hit (approved)
hydrocortisone,Fibromyalgia,True,known hit (approved)
hydrocortisone,"Granuloma, Pyogenic",True,known hit (approved)
hydrocortisone,HIV Infections,True,known hit (approved)
hydrocortisone,Heart Arrest,True,known hit (approved)
hydrocortisone,Heart Failure,True,known hit (approved)
hydrocortisone,Hemorrhoids,True,known hit (approved)
hydrocortisone,Herpes Labialis,True,known hit (approved)
hydrocortisone,Hypotension,True,known hit (approved)
hydrocortisone,Hypoxia,True,known hit (approved)
hydrocortisone,Infections,True,known hit (approved)
hydrocortisone,Inflammation,True,known hit (approved)
hydrocortisone,Inflammatory Bowel Diseases,True,known hit (approved)
hydrocortisone,"Influenza, Human",True,known hit (approved)
hydrocortisone,Insulin Resistance,True,known hit (approved)
hydrocortisone,Leukemia,True,known hit (approved)
hydrocortisone,"Leukemia, Biphenotypic, Acute",True,known hit (approved)
hydrocortisone,"Leukemia, Erythroblastic, Acute",True,known hit (approved)
hydrocortisone,"Leukemia, Lymphoid",True,known hit (approved)
hydrocortisone,"Leukemia, Mast-Cell",True,known hit (approved)
hydrocortisone,"Leukemia, Megakaryoblastic, Acute",True,known hit (approved)
hydrocortisone,"Leukemia, Monocytic, Acute",True,known hit (approved)
hydrocortisone,"Leukemia, Myeloid, Acute",True,known hit (approved)
hydrocortisone,"Leukemia, Myelomonocytic, Acute",True,known hit (approved)
hydrocortisone,"Leukemia, Myelomonocytic, Chronic",True,known hit (approved)
hydrocortisone,Liver Cirrhosis,True,known hit (approved)
hydrocortisone,"Lymphohistiocytosis, Hemophagocytic",True,known hit (approved)
hydrocortisone,Lymphoma,True,known hit (approved)
hydrocortisone,"Lymphoma, Large B-Cell, Diffuse",True,known hit (approved)
hydrocortisone,"Lymphoma, Large-Cell, Anaplastic",True,known hit (approved)
hydrocortisone,Melanoma,True,known hit (approved)
hydrocortisone,Memory Disorders,True,known hit (approved)
hydrocortisone,Multiple Myeloma,True,known hit (approved)
hydrocortisone,Myelodysplastic Syndromes,True,known hit (approved)
hydrocortisone,Myeloproliferative Disorders,True,known hit (approved)
hydrocortisone,Myocardial Infarction,True,known hit (approved)
hydrocortisone,Nasal Obstruction,True,known hit (approved)
hydrocortisone,Neoplasms,True,known hit (approved)
hydrocortisone,"Neoplasms, Plasma Cell",True,known hit (approved)
hydrocortisone,Obesity,True,known hit (approved)
hydrocortisone,Opioid-Related Disorders,True,known hit (approved)
hydrocortisone,Oral Submucous Fibrosis,True,known hit (approved)
hydrocortisone,Osteoarthritis,True,known hit (approved)
hydrocortisone,Otitis Externa,True,known hit (approved)
hydrocortisone,Pain,True,known hit (approved)
hydrocortisone,Pancreatitis,True,known hit (approved)
hydrocortisone,Phobic Disorders,True,known hit (approved)
hydrocortisone,Pneumonia,True,known hit (approved)
hydrocortisone,"Pneumonia, Viral",True,known hit (approved)
hydrocortisone,Precursor Cell Lymphoblastic Leukemia-Lymphoma,True,known hit (approved)
hydrocortisone,Prostatic Neoplasms,True,known hit (approved)
hydrocortisone,"Prostatic Neoplasms, Castration-Resistant",True,known hit (approved)
hydrocortisone,Pruritus,True,known hit (approved)
hydrocortisone,Psoriasis,True,known hit (approved)
hydrocortisone,Sepsis,True,known hit (approved)
hydrocortisone,Serum Sickness,True,known hit (approved)
hydrocortisone,Severe Acute Respiratory Syndrome,True,known hit (approved)
hydrocortisone,"Shock, Septic",True,known hit (approved)
hydrocortisone,Skin Diseases,True,known hit (approved)
hydrocortisone,Spondylitis,True,known hit (approved)
hydrocortisone,Tenosynovitis,True,known hit (approved)
hydrocortisone,Tobacco Use Disorder,True,known hit (approved)
hydrocortisone,Wounds and Injuries,True,known hit (approved)
hydrocortisone,rheumatoid arthritis,True,known hit (approved)
hydroxychloroquine,"Arthritis, Rheumatoid",False,out-of-pool (inert for the filter)
hydroxychloroquine,rheumatoid arthritis,False,out-of-pool (inert for the filter)
hydroxychloroquine sulfate,"Arthritis, Rheumatoid",False,out-of-pool (inert for the filter)
hydroxychloroquine sulfate,rheumatoid arthritis,False,out-of-pool (inert for the filter)
ianalumab,"Arthritis, Rheumatoid",False,out-of-pool (inert for the filter)
ianalumab,rheumatoid arthritis,False,out-of-pool (inert for the filter)
ibuprofen,Acute Kidney Injury,True,known hit (approved)
ibuprofen,Acute Pain,True,known hit (approved)
ibuprofen,Altitude Sickness,True,known hit (approved)
ibuprofen,Alzheimer Disease,True,known hit (approved)
ibuprofen,Ankle Fractures,True,known hit (approved)
ibuprofen,Arthralgia,True,known hit (approved)
ibuprofen,Arthritis,True,known hit (approved)
ibuprofen,"Arthritis, Juvenile",True,known hit (approved)
ibuprofen,"Arthritis, Rheumatoid",True,known hit (approved)
ibuprofen,Back Pain,True,known hit (approved)
ibuprofen,Bipolar Disorder,True,known hit (approved)
ibuprofen,Brachial Plexus Neuritis,True,known hit (approved)
ibuprofen,Breast Neoplasms,True,known hit (approved)
ibuprofen,Bronchopulmonary Dysplasia,True,known hit (approved)
ibuprofen,Burns,True,known hit (approved)
ibuprofen,Cardiovascular Diseases,True,known hit (approved)
ibuprofen,Causalgia,True,known hit (approved)
ibuprofen,Cerebral Palsy,True,known hit (approved)
ibuprofen,Chronic Pain,True,known hit (approved)
ibuprofen,Cognitive Dysfunction,True,known hit (approved)
ibuprofen,Common Cold,True,known hit (approved)
ibuprofen,"Depressive Disorder, Major",True,known hit (approved)
ibuprofen,"Diabetes Mellitus, Type 1",True,known hit (approved)
ibuprofen,"Ductus Arteriosus, Patent",True,known hit (approved)
ibuprofen,Dysmenorrhea,True,known hit (approved)
ibuprofen,Emphysema,True,known hit (approved)
ibuprofen,Enuresis,True,known hit (approved)
ibuprofen,"Epilepsies, Partial",True,known hit (approved)
ibuprofen,Epilepsy,True,known hit (approved)
ibuprofen,Fever,True,known hit (approved)
ibuprofen,"Fractures, Bone",True,known hit (approved)
ibuprofen,Glioma,True,known hit (approved)
ibuprofen,Glycogen Storage Disease Type III,True,known hit (approved)
ibuprofen,"Granulomatous Disease, Chronic",True,known hit (approved)
ibuprofen,HIV Infections,True,known hit (approved)
ibuprofen,Headache,True,known hit (approved)
ibuprofen,Hemorrhage,True,known hit (approved)
ibuprofen,Hypertension,True,known hit (approved)
ibuprofen,Hypospadias,True,known hit (approved)
ibuprofen,"Hypotension, Orthostatic",True,known hit (approved)
ibuprofen,Infections,True,known hit (approved)
ibuprofen,"Influenza, Human",True,known hit (approved)
ibuprofen,Kidney Neoplasms,True,known hit (approved)
ibuprofen,Low Back Pain,True,known hit (approved)
ibuprofen,Malaria,True,known hit (approved)
ibuprofen,Migraine Disorders,True,known hit (approved)
ibuprofen,Mucopolysaccharidosis I,True,known hit (approved)
ibuprofen,Multiple Sclerosis,True,known hit (approved)
ibuprofen,Muscle Cramp,True,known hit (approved)
ibuprofen,Muscular Diseases,True,known hit (approved)
ibuprofen,"Muscular Dystrophy, Duchenne",True,known hit (approved)
ibuprofen,Myalgia,True,known hit (approved)
ibuprofen,Neck Pain,True,known hit (approved)
ibuprofen,Osteoarthritis,True,known hit (approved)
ibuprofen,"Osteoarthritis, Knee",True,known hit (approved)
ibuprofen,Pain,True,known hit (approved)
ibuprofen,Pancreatitis,True,known hit (approved)
ibuprofen,Peptic Ulcer,True,known hit (approved)
ibuprofen,Periodontitis,True,known hit (approved)
ibuprofen,Pharyngitis,True,known hit (approved)
ibuprofen,Pre-Eclampsia,True,known hit (approved)
ibuprofen,Premature Birth,True,known hit (approved)
ibuprofen,Pulpitis,True,known hit (approved)
ibuprofen,Respiratory Distress Syndrome,True,known hit (approved)
ibuprofen,Retinopathy of Prematurity,True,known hit (approved)
ibuprofen,Rheumatic Diseases,True,known hit (approved)
ibuprofen,"Rhinitis, Allergic, Seasonal",True,known hit (approved)
ibuprofen,"Shock, Septic",True,known hit (approved)
ibuprofen,Sinusitis,True,known hit (approved)
ibuprofen,"Sleep Apnea, Obstructive",True,known hit (approved)
ibuprofen,Spondylarthropathies,True,known hit (approved)
ibuprofen,Spondylosis,True,known hit (approved)
ibuprofen,Sprains and Strains,True,known hit (approved)
ibuprofen,"Stomatitis, Aphthous",True,known hit (approved)
ibuprofen,Sunburn,True,known hit (approved)
ibuprofen,Temporomandibular Joint Disorders,True,known hit (approved)
ibuprofen,Tension-Type Headache,True,known hit (approved)
ibuprofen,Tibial Fractures,True,known hit (approved)
ibuprofen,Tooth Diseases,True,known hit (approved)
ibuprofen,Toothache,True,known hit (approved)
ibuprofen,Tuberculosis,True,known hit (approved)
ibuprofen,Uveal Melanoma,True,known hit (approved)
ibuprofen,Vaginitis,True,known hit (approved)
ibuprofen,Vasculitis,True,known hit (approved)
ibuprofen,Wounds and Injuries,True,known hit (approved)
ibuprofen,rheumatoid arthritis,True,known hit (approved)
icosapent,"Arthritis, Rheumatoid",False,out-of-pool (inert for the filter)
icosapent,rheumatoid arthritis,False,out-of-pool (inert for the filter)
iguratimod,"Arthritis, Rheumatoid (investigational, not approved)",True,reported RA investigation (not approved)
iguratimod,Graft vs Host Disease,True,reported RA investigation (not approved)
iguratimod,Lupus Nephritis,True,reported RA investigation (not approved)
iguratimod,"Purpura, Thrombocytopenic, Idiopathic",True,reported RA investigation (not approved)
iguratimod,Sjogren's Syndrome,True,reported RA investigation (not approved)
imatinib,Acute Lung Injury,True,reported RA investigation (not approved)
imatinib,"Arthritis, Rheumatoid (investigational, not approved)",True,reported RA investigation (not approved)
imatinib,Breast Neoplasms,True,reported RA investigation (not approved)
imatinib,"Carcinoma, Renal Cell",True,reported RA investigation (not approved)
imatinib,"Carcinoma, Squamous Cell",True,reported RA investigation (not approved)
imatinib,Chordoma,True,reported RA investigation (not approved)
imatinib,Colonic Neoplasms,True,reported RA investigation (not approved)
imatinib,Colorectal Neoplasms,True,reported RA investigation (not approved)
imatinib,Desmoid Tumors,True,reported RA investigation (not approved)
imatinib,Desmoplastic Small Round Cell Tumor,True,reported RA investigation (not approved)
imatinib,Fibroma,True,reported RA investigation (not approved)
imatinib,Fibrosarcoma,True,reported RA investigation (not approved)
imatinib,Gastrointestinal Stromal Tumors,True,reported RA investigation (not approved)
imatinib,Glioblastoma,True,reported RA investigation (not approved)
imatinib,Graft vs Host Disease,True,reported RA investigation (not approved)
imatinib,Head and Neck Neoplasms,True,reported RA investigation (not approved)
imatinib,Hematologic Neoplasms,True,reported RA investigation (not approved)
imatinib,Hypereosinophilic Syndrome,True,reported RA investigation (not approved)
imatinib,"Hypertension, Pulmonary",True,reported RA investigation (not approved)
imatinib,"Influenza, Human",True,reported RA investigation (not approved)
imatinib,Leukemia,True,reported RA investigation (not approved)
imatinib,"Leukemia, Lymphoid",True,reported RA investigation (not approved)
imatinib,"Leukemia, Myelogenous, Chronic, BCR-ABL Positive",True,reported RA investigation (not approved)
imatinib,"Leukemia, Myeloid",True,reported RA investigation (not approved)
imatinib,"Leukemia, Myeloid, Acute",True,reported RA investigation (not approved)
imatinib,Liver Cirrhosis,True,reported RA investigation (not approved)
imatinib,Lung Neoplasms,True,reported RA investigation (not approved)
imatinib,"Lymphoma, Large-Cell, Anaplastic",True,reported RA investigation (not approved)
imatinib,"Lymphoma, Non-Hodgkin",True,reported RA investigation (not approved)
imatinib,"Malaria, Falciparum",True,reported RA investigation (not approved)
imatinib,Melanoma,True,reported RA investigation (not approved)
imatinib,Neoplasms,True,reported RA investigation (not approved)
imatinib,Pancreatic Neoplasms,True,reported RA investigation (not approved)
imatinib,Pneumonia,True,reported RA investigation (not approved)
imatinib,Precursor Cell Lymphoblastic Leukemia-Lymphoma,True,reported RA investigation (not approved)
imatinib,"Rhinitis, Allergic, Seasonal",True,reported RA investigation (not approved)
imatinib,Sarcoma,True,reported RA investigation (not approved)
imatinib,"Scleroderma, Systemic",True,reported RA investigation (not approved)
imatinib,Severe Acute Respiratory Syndrome,True,reported RA investigation (not approved)
imatinib,Spinal Cord Injuries,True,reported RA investigation (not approved)
imatinib,Stomach Neoplasms,True,reported RA investigation (not approved)
imatinib,Stroke,True,reported RA investigation (not approved)
imatinib,Thymoma,True,reported RA investigation (not approved)
imatinib,Thyroid Neoplasms,True,reported RA investigation (not approved)
imatinib,Tuberculosis,True,reported RA investigation (not approved)
incb-047986,"Arthritis, Rheumatoid",False,out-of-pool (inert for the filter)
incb-047986,rheumatoid arthritis,False,out-of-pool (inert for the filter)
indocyanine green,"Arthritis, Rheumatoid",False,out-of-pool (inert for the filter)
indocyanine green,rheumatoid arthritis,False,out-of-pool (inert for the filter)
indometacin,Acute Pain,True,known hit (approved)
indometacin,Alzheimer Disease,True,known hit (approved)
indometacin,Arthralgia,True,known hit (approved)
indometacin,"Arthritis, Gouty",True,known hit (approved)
indometacin,"Arthritis, Rheumatoid",True,known hit (approved)
indometacin,Asthma,True,known hit (approved)
indometacin,Breast Neoplasms,True,known hit (approved)
indometacin,"Carcinoma, Squamous Cell",True,known hit (approved)
indometacin,Cardiovascular Diseases,True,known hit (approved)
indometacin,"Colitis, Ulcerative",True,known hit (approved)
indometacin,"Ductus Arteriosus, Patent",True,known hit (approved)
indometacin,Eye Diseases,True,known hit (approved)
indometacin,Hemorrhage,True,known hit (approved)
indometacin,"Histiocytosis, Langerhans-Cell",True,known hit (approved)
indometacin,"Hypotension, Orthostatic",True,known hit (approved)
indometacin,Inflammation,True,known hit (approved)
indometacin,Lecithin Cholesterol Acyltransferase Deficiency,True,known hit (approved)
indometacin,Melanoma,True,known hit (approved)
indometacin,Myalgia,True,known hit (approved)
indometacin,Osteoarthritis,True,known hit (approved)
indometacin,Pancreatitis,True,known hit (approved)
indometacin,"Pancreatitis, Chronic",True,known hit (approved)
indometacin,Premature Birth,True,known hit (approved)
indometacin,Prostatic Neoplasms,True,known hit (approved)
indometacin,"Prostatic Neoplasms, Castration-Resistant",True,known hit (approved)
indometacin,Renal Colic,True,known hit (approved)
indometacin,Rheumatic Diseases,True,known hit (approved)
indometacin,Severe Acute Respiratory Syndrome,True,known hit (approved)
indometacin,Spondylitis,True,known hit (approved)
indometacin,"Spondylitis, Ankylosing",True,known hit (approved)
indometacin,Squamous Cell Carcinoma of Head and Neck,True,known hit (approved)
indometacin,Squamous Intraepithelial Lesions,True,known hit (approved)
indometacin,Toothache,True,known hit (approved)
indometacin,rheumatoid arthritis,True,known hit (approved)
infliximab,Anorexia,False,out-of-pool (inert for the filter)
infliximab,"Arthritis, Juvenile",False,out-of-pool (inert for the filter)
infliximab,"Arthritis, Psoriatic",False,out-of-pool (inert for the filter)
infliximab,"Arthritis, Reactive",False,out-of-pool (inert for the filter)
infliximab,"Arthritis, Rheumatoid",False,out-of-pool (inert for the filter)
infliximab,Behcet Syndrome,False,out-of-pool (inert for the filter)
infliximab,Berylliosis,False,out-of-pool (inert for the filter)
infliximab,Bipolar Disorder,False,out-of-pool (inert for the filter)
infliximab,Cachexia,False,out-of-pool (inert for the filter)
infliximab,Choroidal Neovascularization,False,out-of-pool (inert for the filter)
infliximab,Colitis,False,out-of-pool (inert for the filter)
infliximab,"Colitis, Ulcerative",False,out-of-pool (inert for the filter)
infliximab,Crohn Disease,False,out-of-pool (inert for the filter)
infliximab,Dermatomyositis,False,out-of-pool (inert for the filter)
infliximab,"Diabetes Mellitus, Type 1",False,out-of-pool (inert for the filter)
infliximab,Endometriosis,False,out-of-pool (inert for the filter)
infliximab,Eosinophilic Esophagitis,False,out-of-pool (inert for the filter)
infliximab,Fatigue,False,out-of-pool (inert for the filter)
infliximab,Giant Cell Arteritis,False,out-of-pool (inert for the filter)
infliximab,Glaucoma,False,out-of-pool (inert for the filter)
infliximab,Graft vs Host Disease,False,out-of-pool (inert for the filter)
infliximab,Granulomatosis with Polyangiitis,False,out-of-pool (inert for the filter)
infliximab,"Granulomatous Disease, Chronic",False,out-of-pool (inert for the filter)
infliximab,Hepatitis C,False,out-of-pool (inert for the filter)
infliximab,"Hepatitis C, Chronic",False,out-of-pool (inert for the filter)
infliximab,Hidradenitis Suppurativa,False,out-of-pool (inert for the filter)
infliximab,Immune System Diseases,False,out-of-pool (inert for the filter)
infliximab,Inflammatory Bowel Diseases,False,out-of-pool (inert for the filter)
infliximab,Low Back Pain,False,out-of-pool (inert for the filter)
infliximab,Lung Neoplasms,False,out-of-pool (inert for the filter)
infliximab,Macular Degeneration,False,out-of-pool (inert for the filter)
infliximab,Melanoma,False,out-of-pool (inert for the filter)
infliximab,Microscopic Polyangiitis,False,out-of-pool (inert for the filter)
infliximab,Mucocutaneous Lymph Node Syndrome,False,out-of-pool (inert for the filter)
infliximab,Myelodysplastic Syndromes,False,out-of-pool (inert for the filter)
infliximab,Myositis,False,out-of-pool (inert for the filter)
infliximab,Osteoarthritis,False,out-of-pool (inert for the filter)
infliximab,"Paraparesis, Tropical Spastic",False,out-of-pool (inert for the filter)
infliximab,Parapsoriasis,False,out-of-pool (inert for the filter)
infliximab,Pemphigus,False,out-of-pool (inert for the filter)
infliximab,Polymyalgia Rheumatica,False,out-of-pool (inert for the filter)
infliximab,Polymyositis,False,out-of-pool (inert for the filter)
infliximab,Psoriasis,False,out-of-pool (inert for the filter)
infliximab,"Pulmonary Disease, Chronic Obstructive",False,out-of-pool (inert for the filter)
infliximab,Reperfusion Injury,False,out-of-pool (inert for the filter)
infliximab,Sarcoidosis,False,out-of-pool (inert for the filter)
infliximab,Scleritis,False,out-of-pool (inert for the filter)
infliximab,Severe Acute Respiratory Syndrome,False,out-of-pool (inert for the filter)
infliximab,Spondylarthropathies,False,out-of-pool (inert for the filter)
infliximab,"Spondylitis, Ankylosing",False,out-of-pool (inert for the filter)
infliximab,Stevens-Johnson Syndrome,False,out-of-pool (inert for the filter)
infliximab,Takayasu Arteritis,False,out-of-pool (inert for the filter)
infliximab,rheumatoid arthritis,False,out-of-pool (inert for the filter)
iscalimab,"Arthritis, Rheumatoid",False,out-of-pool (inert for the filter)
iscalimab,rheumatoid arthritis,False,out-of-pool (inert for the filter)
isopropyl alcohol,"Arthritis, Rheumatoid",False,out-of-pool (inert for the filter)
isopropyl alcohol,rheumatoid arthritis,False,out-of-pool (inert for the filter)
itacitinib,"Arthritis, Rheumatoid",False,out-of-pool (inert for the filter)
itacitinib,rheumatoid arthritis,False,out-of-pool (inert for the filter)
ivarmacitinib sulfate,"Arthritis, Rheumatoid",False,out-of-pool (inert for the filter)
ivarmacitinib sulfate,rheumatoid arthritis,False,out-of-pool (inert for the filter)
ixekizumab,"Arthritis, Rheumatoid",False,out-of-pool (inert for the filter)
ixekizumab,rheumatoid arthritis,False,out-of-pool (inert for the filter)
jnj-39758979,"Arthritis, Rheumatoid",False,out-of-pool (inert for the filter)
jnj-39758979,rheumatoid arthritis,False,out-of-pool (inert for the filter)
kakonein,Alcoholism,True,reported RA investigation (not approved)
kakonein,"Arthritis, Rheumatoid (investigational, not approved)",True,reported RA investigation (not approved)
kakonein,Cardiovascular Diseases,True,reported RA investigation (not approved)
ketoprofen,Acute Pain,True,known hit (approved)
ketoprofen,Arthralgia,True,known hit (approved)
ketoprofen,"Arthritis, Rheumatoid",True,known hit (approved)
ketoprofen,Bursitis,True,known hit (approved)
ketoprofen,Dysmenorrhea,True,known hit (approved)
ketoprofen,Inflammation,True,known hit (approved)
ketoprofen,Kidney Calculi,True,known hit (approved)
ketoprofen,Low Back Pain,True,known hit (approved)
ketoprofen,Migraine Disorders,True,known hit (approved)
ketoprofen,Multiple Sclerosis,True,known hit (approved)
ketoprofen,Myalgia,True,known hit (approved)
ketoprofen,Osteoarthritis,True,known hit (approved)
ketoprofen,"Osteoarthritis, Knee",True,known hit (approved)
ketoprofen,"Paget Disease, Extramammary",True,known hit (approved)
ketoprofen,Periodontitis,True,known hit (approved)
ketoprofen,Postoperative Nausea and Vomiting,True,known hit (approved)
ketoprofen,Renal Colic,True,known hit (approved)
ketoprofen,Rheumatic Diseases,True,known hit (approved)
ketoprofen,Sprains and Strains,True,known hit (approved)
ketoprofen,Tendinopathy,True,known hit (approved)
ketoprofen,Wounds and Injuries,True,known hit (approved)
ketoprofen,rheumatoid arthritis,True,known hit (approved)
keyhole limpet hemocyanin,"Arthritis, Rheumatoid",False,out-of-pool (inert for the filter)
keyhole limpet hemocyanin,rheumatoid arthritis,False,out-of-pool (inert for the filter)
leflunomide,"Arthritis, Psoriatic",True,known hit (approved)
leflunomide,"Arthritis, Rheumatoid",True,known hit (approved)
leflunomide,Breast Diseases,True,known hit (approved)
leflunomide,Breast Neoplasms,True,known hit (approved)
leflunomide,Bronchiolitis Obliterans Syndrome,True,known hit (approved)
leflunomide,Central Nervous System Neoplasms,True,known hit (approved)
leflunomide,HIV Infections,True,known hit (approved)
leflunomide,Hemosiderosis,True,known hit (approved)
leflunomide,IgA Vasculitis,True,known hit (approved)
leflunomide,"Lupus Erythematosus, Systemic",True,known hit (approved)
leflunomide,Lupus Nephritis,True,known hit (approved)
leflunomide,Lymphoproliferative Disorders,True,known hit (approved)
leflunomide,Melanoma,True,known hit (approved)
leflunomide,Multiple Myeloma,True,known hit (approved)
leflunomide,Myasthenia Gravis,True,known hit (approved)
leflunomide,Neoplasms,True,known hit (approved)
leflunomide,"Pemphigoid, Bullous",True,known hit (approved)
leflunomide,Polymyalgia Rheumatica,True,known hit (approved)
leflunomide,"Prostatic Neoplasms, Castration-Resistant",True,known hit (approved)
leflunomide,Severe Acute Respiratory Syndrome,True,known hit (approved)
leflunomide,Sjogren's Syndrome,True,known hit (approved)
leflunomide,Smoldering Multiple Myeloma,True,known hit (approved)
leflunomide,Uveitis,True,known hit (approved)
leflunomide,rheumatoid arthritis,True,known hit (approved)
lenzilumab,"Arthritis, Rheumatoid",False,out-of-pool (inert for the filter)
lenzilumab,rheumatoid arthritis,False,out-of-pool (inert for the filter)
leucovorin,"Arthritis, Rheumatoid",False,out-of-pool (inert for the filter)
leucovorin,rheumatoid arthritis,False,out-of-pool (inert for the filter)
leucovorin calcium,"Arthritis, Rheumatoid",False,out-of-pool (inert for the filter)
leucovorin calcium,rheumatoid arthritis,False,out-of-pool (inert for the filter)
levilimab,"Arthritis, Rheumatoid",False,out-of-pool (inert for the filter)
levilimab,rheumatoid arthritis,False,out-of-pool (inert for the filter)
levocarnitine,"Arthritis, Rheumatoid",False,out-of-pool (inert for the filter)
levocarnitine,rheumatoid arthritis,False,out-of-pool (inert for the filter)
loratadine,"Arthritis, Rheumatoid (investigational, not approved)",True,reported RA investigation (not approved)
loratadine,Asthma,True,reported RA investigation (not approved)
loratadine,Back Pain,True,reported RA investigation (not approved)
loratadine,Breast Neoplasms,True,reported RA investigation (not approved)
loratadine,"Dermatitis, Atopic",True,reported RA investigation (not approved)
loratadine,Eosinophilic Esophagitis,True,reported RA investigation (not approved)
loratadine,Hypersensitivity,True,reported RA investigation (not approved)
loratadine,Lymphangioleiomyomatosis,True,reported RA investigation (not approved)
loratadine,Lymphoma,True,reported RA investigation (not approved)
loratadine,Multiple Myeloma,True,reported RA investigation (not approved)
loratadine,Multiple Sclerosis,True,reported RA investigation (not approved)
loratadine,Pruritus,True,reported RA investigation (not approved)
loratadine,"Rhinitis, Allergic, Perennial",True,reported RA investigation (not approved)
loratadine,"Rhinitis, Allergic, Seasonal",True,reported RA investigation (not approved)
loratadine,Severe Acute Respiratory Syndrome,True,reported RA investigation (not approved)
loratadine,Urticaria,True,reported RA investigation (not approved)
losmapimod,Acute Coronary Syndrome,True,excluded (RA trial failure)
losmapimod,"Arthritis, Rheumatoid (failed trial, not evidence)",True,excluded (RA trial failure)
losmapimod,Atherosclerosis,True,excluded (RA trial failure)
losmapimod,Cardiovascular Diseases,True,excluded (RA trial failure)
losmapimod,"Depressive Disorder, Major",True,excluded (RA trial failure)
losmapimod,"Glomerulosclerosis, Focal Segmental",True,excluded (RA trial failure)
losmapimod,Lipid Metabolism Disorders,True,excluded (RA trial failure)
losmapimod,"Muscular Dystrophy, Facioscapulohumeral",True,excluded (RA trial failure)
losmapimod,Neuralgia,True,excluded (RA trial failure)
losmapimod,"Pulmonary Disease, Chronic Obstructive",True,excluded (RA trial failure)
losmapimod,Severe Acute Respiratory Syndrome,True,excluded (RA trial failure)
lovastatin,"Arthritis, Rheumatoid",False,out-of-pool (inert for the filter)
lovastatin,rheumatoid arthritis,False,out-of-pool (inert for the filter)
loxoprofen,Arthralgia,True,reported RA investigation (not approved)
loxoprofen,"Arthritis, Rheumatoid (investigational, not approved)",True,reported RA investigation (not approved)
loxoprofen,Low Back Pain,True,reported RA investigation (not approved)
loxoprofen,Muscular Diseases,True,reported RA investigation (not approved)
loxoprofen,Myalgia,True,reported RA investigation (not approved)
loxoprofen,Neck Pain,True,reported RA investigation (not approved)
loxoprofen,Pain,True,reported RA investigation (not approved)
loxoprofen,Rheumatic Diseases,True,reported RA investigation (not approved)
lumiracoxib,"Arthritis, Rheumatoid",False,out-of-pool (inert for the filter)
lumiracoxib,rheumatoid arthritis,False,out-of-pool (inert for the filter)
lx-2931,"Arthritis, Rheumatoid",False,out-of-pool (inert for the filter)
lx-2931,rheumatoid arthritis,False,out-of-pool (inert for the filter)
maraviroc,AIDS Dementia Complex,True,reported RA investigation (not approved)
maraviroc,Acquired Immunodeficiency Syndrome,True,reported RA investigation (not approved)
maraviroc,"Arthritis, Rheumatoid (investigational, not approved)",True,reported RA investigation (not approved)
maraviroc,Cognitive Dysfunction,True,reported RA investigation (not approved)
maraviroc,Graft vs Host Disease,True,reported RA investigation (not approved)
maraviroc,HIV Infections,True,reported RA investigation (not approved)
maraviroc,Hematologic Neoplasms,True,reported RA investigation (not approved)
maraviroc,Hodgkin Disease,True,reported RA investigation (not approved)
maraviroc,Hypertriglyceridemia,True,reported RA investigation (not approved)
maraviroc,Infections,True,reported RA investigation (not approved)
maraviroc,"Leukemia, Lymphocytic, Chronic, B-Cell",True,reported RA investigation (not approved)
maraviroc,"Leukemia, Myelogenous, Chronic, BCR-ABL Positive",True,reported RA investigation (not approved)
maraviroc,"Lymphoma, Follicular",True,reported RA investigation (not approved)
maraviroc,"Lymphoma, Large B-Cell, Diffuse",True,reported RA investigation (not approved)
maraviroc,Myelodysplastic Syndromes,True,reported RA investigation (not approved)
maraviroc,"Sarcoma, Kaposi",True,reported RA investigation (not approved)
maraviroc,Severe Acute Respiratory Syndrome,True,reported RA investigation (not approved)
maraviroc,Stroke,True,reported RA investigation (not approved)
maraviroc,Virus Diseases,True,reported RA investigation (not approved)
masitinib,Alzheimer Disease,True,reported RA investigation (not approved)
masitinib,Amyotrophic Lateral Sclerosis,True,reported RA investigation (not approved)
masitinib,"Arthritis, Rheumatoid (investigational, not approved)",True,reported RA investigation (not approved)
masitinib,Asthma,True,reported RA investigation (not approved)
masitinib,Gastrointestinal Stromal Tumors,True,reported RA investigation (not approved)
masitinib,Mastocytosis,True,reported RA investigation (not approved)
masitinib,"Mastocytosis, Systemic",True,reported RA investigation (not approved)
masitinib,Melanoma,True,reported RA investigation (not approved)
masitinib,Multiple Myeloma,True,reported RA investigation (not approved)
masitinib,Multiple Sclerosis,True,reported RA investigation (not approved)
masitinib,"Multiple Sclerosis, Chronic Progressive",True,reported RA investigation (not approved)
masitinib,Neoplasms,True,reported RA investigation (not approved)
masitinib,Ovarian Neoplasms,True,reported RA investigation (not approved)
masitinib,Pancreatic Neoplasms,True,reported RA investigation (not approved)
masitinib,"Prostatic Neoplasms, Castration-Resistant",True,reported RA investigation (not approved)
masitinib,Psoriasis,True,reported RA investigation (not approved)
masitinib,Severe Acute Respiratory Syndrome,True,reported RA investigation (not approved)
mavrilimumab,"Arthritis, Rheumatoid",False,out-of-pool (inert for the filter)
mavrilimumab,rheumatoid arthritis,False,out-of-pool (inert for the filter)
mdx-1342,"Arthritis, Rheumatoid",False,out-of-pool (inert for the filter)
mdx-1342,rheumatoid arthritis,False,out-of-pool (inert for the filter)
meclofenamate sodium,"Arthritis, Rheumatoid",False,out-of-pool (inert for the filter)
meclofenamate sodium,rheumatoid arthritis,False,out-of-pool (inert for the filter)
meloxicam,"Arthritis, Juvenile",True,known hit (approved)
meloxicam,"Arthritis, Rheumatoid",True,known hit (approved)
meloxicam,Dysmenorrhea,True,known hit (approved)
meloxicam,Low Back Pain,True,known hit (approved)
meloxicam,"Lupus Erythematosus, Systemic",True,known hit (approved)
meloxicam,Migraine Disorders,True,known hit (approved)
meloxicam,Osteoarthritis,True,known hit (approved)
meloxicam,"Osteoarthritis, Knee",True,known hit (approved)
meloxicam,Pain,True,known hit (approved)
meloxicam,Pharyngitis,True,known hit (approved)
meloxicam,Pregnancy,True,known hit (approved)
meloxicam,Prostatic Neoplasms,True,known hit (approved)
meloxicam,Rheumatic Diseases,True,known hit (approved)
meloxicam,Shoulder Pain,True,known hit (approved)
meloxicam,"Spondylitis, Ankylosing",True,known hit (approved)
meloxicam,Toothache,True,known hit (approved)
meloxicam,Tuberculosis,True,known hit (approved)
meloxicam,rheumatoid arthritis,True,known hit (approved)
metformin,Acne Vulgaris,True,reported RA investigation (not approved)
metformin,Acute Coronary Syndrome,True,reported RA investigation (not approved)
metformin,Adenocarcinoma,True,reported RA investigation (not approved)
metformin,Adenocarcinoma of Lung,True,reported RA investigation (not approved)
metformin,"Adenocarcinoma, Bronchiolo-Alveolar",True,reported RA investigation (not approved)
metformin,Adenomatous Polyposis Coli,True,reported RA investigation (not approved)
metformin,Aging,True,reported RA investigation (not approved)
metformin,Alopecia Areata,True,reported RA investigation (not approved)
metformin,"Anemia, Sickle Cell",True,reported RA investigation (not approved)
metformin,Anxiety Disorders,True,reported RA investigation (not approved)
metformin,"Aortic Aneurysm, Abdominal",True,reported RA investigation (not approved)
metformin,"Arthritis, Rheumatoid (investigational, not approved)",True,reported RA investigation (not approved)
metformin,Atherosclerosis,True,reported RA investigation (not approved)
metformin,Atrial Fibrillation,True,reported RA investigation (not approved)
metformin,Bardet-Biedl Syndrome,True,reported RA investigation (not approved)
metformin,Barrett Esophagus,True,reported RA investigation (not approved)
metformin,Bipolar Disorder,True,reported RA investigation (not approved)
metformin,Blindness,True,reported RA investigation (not approved)
metformin,Brain Neoplasms,True,reported RA investigation (not approved)
metformin,Breast Carcinoma In Situ,True,reported RA investigation (not approved)
metformin,Breast Neoplasms,True,reported RA investigation (not approved)
metformin,Burns,True,reported RA investigation (not approved)
metformin,Carcinoma,True,reported RA investigation (not approved)
metformin,"Carcinoma, Hepatocellular",True,reported RA investigation (not approved)
metformin,"Carcinoma, Large Cell",True,reported RA investigation (not approved)
metformin,"Carcinoma, Non-Small-Cell Lung",True,reported RA investigation (not approved)
metformin,"Carcinoma, Squamous Cell",True,reported RA investigation (not approved)
metformin,Cardiovascular Diseases,True,reported RA investigation (not approved)
metformin,Cerebral Palsy,True,reported RA investigation (not approved)
metformin,Cognitive Dysfunction,True,reported RA investigation (not approved)
metformin,"Colitis, Ulcerative",True,reported RA investigation (not approved)
metformin,Colonic Neoplasms,True,reported RA investigation (not approved)
metformin,Colorectal Neoplasms,True,reported RA investigation (not approved)
metformin,Coronary Disease,True,reported RA investigation (not approved)
metformin,"Depressive Disorder, Major",True,reported RA investigation (not approved)
metformin,Diabetes Insipidus,True,reported RA investigation (not approved)
metformin,Diabetes Mellitus,True,reported RA investigation (not approved)
metformin,"Diabetes Mellitus, Type 1",True,reported RA investigation (not approved)
metformin,"Diabetes Mellitus, Type 2",True,reported RA investigation (not approved)
metformin,"Diabetes, Gestational",True,reported RA investigation (not approved)
metformin,Diabetic Foot,True,reported RA investigation (not approved)
metformin,Diabetic Retinopathy,True,reported RA investigation (not approved)
metformin,Endocrine Gland Neoplasms,True,reported RA investigation (not approved)
metformin,Endometrial Neoplasms,True,reported RA investigation (not approved)
metformin,Epilepsy,True,reported RA investigation (not approved)
metformin,Esophageal Neoplasms,True,reported RA investigation (not approved)
metformin,Fatty Liver,True,reported RA investigation (not approved)
metformin,Fibromyalgia,True,reported RA investigation (not approved)
metformin,Fragile X Syndrome,True,reported RA investigation (not approved)
metformin,Frontotemporal Dementia,True,reported RA investigation (not approved)
metformin,Geographic Atrophy,True,reported RA investigation (not approved)
metformin,Glaucoma,True,reported RA investigation (not approved)
metformin,Glioblastoma,True,reported RA investigation (not approved)
metformin,"Glomerulosclerosis, Focal Segmental",True,reported RA investigation (not approved)
metformin,Glucose Intolerance,True,reported RA investigation (not approved)
metformin,HIV Infections,True,reported RA investigation (not approved)
metformin,HIV-Associated Lipodystrophy Syndrome,True,reported RA investigation (not approved)
metformin,Head and Neck Neoplasms,True,reported RA investigation (not approved)
metformin,Heart Failure,True,reported RA investigation (not approved)
metformin,"Heart Failure, Systolic",True,reported RA investigation (not approved)
metformin,Hemangiosarcoma,True,reported RA investigation (not approved)
metformin,Hepatitis,True,reported RA investigation (not approved)
metformin,Hidradenitis Suppurativa,True,reported RA investigation (not approved)
metformin,Huntington Disease,True,reported RA investigation (not approved)
metformin,Hypercholesterolemia,True,reported RA investigation (not approved)
metformin,Hypertension,True,reported RA investigation (not approved)
metformin,"Hypertension, Pulmonary",True,reported RA investigation (not approved)
metformin,Infertility,True,reported RA investigation (not approved)
metformin,Inflammatory Bowel Diseases,True,reported RA investigation (not approved)
metformin,Insulin Resistance,True,reported RA investigation (not approved)
metformin,Intellectual Disability,True,reported RA investigation (not approved)
metformin,Intermittent Claudication,True,reported RA investigation (not approved)
metformin,Leprosy,True,reported RA investigation (not approved)
metformin,"Leukemia, Lymphocytic, Chronic, B-Cell",True,reported RA investigation (not approved)
metformin,"Leukoplakia, Oral",True,reported RA investigation (not approved)
metformin,Li-Fraumeni Syndrome,True,reported RA investigation (not approved)
metformin,Lipid Metabolism Disorders,True,reported RA investigation (not approved)
metformin,Liver Diseases,True,reported RA investigation (not approved)
metformin,Liver Neoplasms,True,reported RA investigation (not approved)
metformin,Low Back Pain,True,reported RA investigation (not approved)
metformin,Lung Neoplasms,True,reported RA investigation (not approved)
metformin,"Lymphoma, Follicular",True,reported RA investigation (not approved)
metformin,"Lymphoma, Large B-Cell, Diffuse",True,reported RA investigation (not approved)
metformin,Malaria,True,reported RA investigation (not approved)
metformin,Melanoma,True,reported RA investigation (not approved)
metformin,Melanosis,True,reported RA investigation (not approved)
metformin,Metabolic Diseases,True,reported RA investigation (not approved)
metformin,Metabolic Syndrome,True,reported RA investigation (not approved)
metformin,Migraine Disorders,True,reported RA investigation (not approved)
metformin,Motor Activity,True,reported RA investigation (not approved)
metformin,Multiple Myeloma,True,reported RA investigation (not approved)
metformin,Multiple Sclerosis,True,reported RA investigation (not approved)
metformin,"Multiple Sclerosis, Chronic Progressive",True,reported RA investigation (not approved)
metformin,Muscular Dystrophies,True,reported RA investigation (not approved)
metformin,"Muscular Dystrophy, Duchenne",True,reported RA investigation (not approved)
metformin,Neoplasms,True,reported RA investigation (not approved)
metformin,Neuralgia,True,reported RA investigation (not approved)
metformin,Neurobehavioral Manifestations,True,reported RA investigation (not approved)
metformin,Neuroendocrine Tumors,True,reported RA investigation (not approved)
metformin,Non-alcoholic Fatty Liver Disease,True,reported RA investigation (not approved)
metformin,Obesity,True,reported RA investigation (not approved)
metformin,Osteoarthritis,True,reported RA investigation (not approved)
metformin,Ovarian Neoplasms,True,reported RA investigation (not approved)
metformin,Pancreatic Neoplasms,True,reported RA investigation (not approved)
metformin,Parkinson Disease,True,reported RA investigation (not approved)
metformin,Periodontitis,True,reported RA investigation (not approved)
metformin,Peripheral Arterial Disease,True,reported RA investigation (not approved)
metformin,Peripheral Nervous System Diseases,True,reported RA investigation (not approved)
metformin,"Polycystic Kidney, Autosomal Dominant",True,reported RA investigation (not approved)
metformin,Polycystic Ovary Syndrome,True,reported RA investigation (not approved)
metformin,Post-Acute COVID-19 Syndrome,True,reported RA investigation (not approved)
metformin,Pre-Eclampsia,True,reported RA investigation (not approved)
metformin,Precursor Cell Lymphoblastic Leukemia-Lymphoma,True,reported RA investigation (not approved)
metformin,Prediabetic State,True,reported RA investigation (not approved)
metformin,Pregnancy,True,reported RA investigation (not approved)
metformin,Prostatic Neoplasms,True,reported RA investigation (not approved)
metformin,"Prostatic Neoplasms, Castration-Resistant",True,reported RA investigation (not approved)
metformin,Psoriasis,True,reported RA investigation (not approved)
metformin,Psychotic Disorders,True,reported RA investigation (not approved)
metformin,"Pulmonary Disease, Chronic Obstructive",True,reported RA investigation (not approved)
metformin,Rectal Neoplasms,True,reported RA investigation (not approved)
metformin,"Renal Insufficiency, Chronic",True,reported RA investigation (not approved)
metformin,Reperfusion Injury,True,reported RA investigation (not approved)
metformin,Sarcoidosis,True,reported RA investigation (not approved)
metformin,Schizophrenia,True,reported RA investigation (not approved)
metformin,Sepsis,True,reported RA investigation (not approved)
metformin,Severe Acute Respiratory Syndrome,True,reported RA investigation (not approved)
metformin,Sex Chromosome Disorders of Sex Development,True,reported RA investigation (not approved)
metformin,"Sleep Apnea, Obstructive",True,reported RA investigation (not approved)
metformin,Small Cell Lung Carcinoma,True,reported RA investigation (not approved)
metformin,Squamous Cell Carcinoma of Head and Neck,True,reported RA investigation (not approved)
metformin,Thoracic Neoplasms,True,reported RA investigation (not approved)
metformin,Thyroid Neoplasms,True,reported RA investigation (not approved)
metformin,Triple Negative Breast Neoplasms,True,reported RA investigation (not approved)
metformin,Tuberculosis,True,reported RA investigation (not approved)
metformin,Urinary Bladder Neoplasms,True,reported RA investigation (not approved)
metformin,Uterine Cervical Neoplasms,True,reported RA investigation (not approved)
metformin,Weight Gain,True,reported RA investigation (not approved)
methotrexate,Alopecia Areata,False,out-of-pool (inert for the filter)
methotrexate,"Anemia, Aplastic",False,out-of-pool (inert for the filter)
methotrexate,"Anemia, Diamond-Blackfan",False,out-of-pool (inert for the filter)
methotrexate,"Anemia, Refractory",False,out-of-pool (inert for the filter)
methotrexate,"Anemia, Refractory, with Excess of Blasts",False,out-of-pool (inert for the filter)
methotrexate,"Anemia, Sickle Cell",False,out-of-pool (inert for the filter)
methotrexate,Arthritis,False,out-of-pool (inert for the filter)
methotrexate,"Arthritis, Juvenile",False,out-of-pool (inert for the filter)
methotrexate,"Arthritis, Psoriatic",False,out-of-pool (inert for the filter)
methotrexate,"Arthritis, Rheumatoid",False,out-of-pool (inert for the filter)
methotrexate,Asthma,False,out-of-pool (inert for the filter)
methotrexate,Blast Crisis,False,out-of-pool (inert for the filter)
methotrexate,Blastic Plasmacytoid Dendritic Cell Neoplasm,False,out-of-pool (inert for the filter)
methotrexate,Bone Marrow Failure Disorders,False,out-of-pool (inert for the filter)
methotrexate,Brain Neoplasms,False,out-of-pool (inert for the filter)
methotrexate,Breast Neoplasms,False,out-of-pool (inert for the filter)
methotrexate,Burkitt Lymphoma,False,out-of-pool (inert for the filter)
methotrexate,"Carcinoma, Merkel Cell",False,out-of-pool (inert for the filter)
methotrexate,"Carcinoma, Non-Small-Cell Lung",False,out-of-pool (inert for the filter)
methotrexate,"Carcinoma, Squamous Cell",False,out-of-pool (inert for the filter)
methotrexate,Cardiovascular Diseases,False,out-of-pool (inert for the filter)
methotrexate,Central Nervous System Neoplasms,False,out-of-pool (inert for the filter)
methotrexate,Central Serous Chorioretinopathy,False,out-of-pool (inert for the filter)
methotrexate,Choriocarcinoma,False,out-of-pool (inert for the filter)
methotrexate,Choroid Plexus Neoplasms,False,out-of-pool (inert for the filter)
methotrexate,"Colitis, Ulcerative",False,out-of-pool (inert for the filter)
methotrexate,Colorectal Neoplasms,False,out-of-pool (inert for the filter)
methotrexate,"Constriction, Pathologic",False,out-of-pool (inert for the filter)
methotrexate,Coronary Disease,False,out-of-pool (inert for the filter)
methotrexate,Crohn Disease,False,out-of-pool (inert for the filter)
methotrexate,Dermatitis,False,out-of-pool (inert for the filter)
methotrexate,"Dermatitis, Atopic",False,out-of-pool (inert for the filter)
methotrexate,Dermatomyositis,False,out-of-pool (inert for the filter)
methotrexate,Desmoid Tumors,False,out-of-pool (inert for the filter)
methotrexate,Ependymoma,False,out-of-pool (inert for the filter)
methotrexate,Fanconi Anemia,False,out-of-pool (inert for the filter)
methotrexate,Gestational Trophoblastic Disease,False,out-of-pool (inert for the filter)
methotrexate,Giant Cell Arteritis,False,out-of-pool (inert for the filter)
methotrexate,Gout,False,out-of-pool (inert for the filter)
methotrexate,Graft vs Host Disease,False,out-of-pool (inert for the filter)
methotrexate,"Granuloma, Lethal Midline",False,out-of-pool (inert for the filter)
methotrexate,Granulomatosis with Polyangiitis,False,out-of-pool (inert for the filter)
methotrexate,HIV Infections,False,out-of-pool (inert for the filter)
methotrexate,Head and Neck Neoplasms,False,out-of-pool (inert for the filter)
methotrexate,"Hearing Loss, Sensorineural",False,out-of-pool (inert for the filter)
methotrexate,Hematologic Neoplasms,False,out-of-pool (inert for the filter)
methotrexate,Hemoglobinuria,False,out-of-pool (inert for the filter)
methotrexate,"Histiocytosis, Langerhans-Cell",False,out-of-pool (inert for the filter)
methotrexate,Hodgkin Disease,False,out-of-pool (inert for the filter)
methotrexate,Hydatidiform Mole,False,out-of-pool (inert for the filter)
methotrexate,Immune System Diseases,False,out-of-pool (inert for the filter)
methotrexate,Immunoblastic Lymphadenopathy,False,out-of-pool (inert for the filter)
methotrexate,Inflammation,False,out-of-pool (inert for the filter)
methotrexate,Kidney Neoplasms,False,out-of-pool (inert for the filter)
methotrexate,Leukemia,False,out-of-pool (inert for the filter)
methotrexate,"Leukemia, Biphenotypic, Acute",False,out-of-pool (inert for the filter)
methotrexate,"Leukemia, Erythroblastic, Acute",False,out-of-pool (inert for the filter)
methotrexate,"Leukemia, Large Granular Lymphocytic",False,out-of-pool (inert for the filter)
methotrexate,"Leukemia, Lymphocytic, Chronic, B-Cell",False,out-of-pool (inert for the filter)
methotrexate,"Leukemia, Lymphoid",False,out-of-pool (inert for the filter)
methotrexate,"Leukemia, Megakaryoblastic, Acute",False,out-of-pool (inert for the filter)
methotrexate,"Leukemia, Monocytic, Acute",False,out-of-pool (inert for the filter)
methotrexate,"Leukemia, Myelogenous, Chronic, BCR-ABL Positive",False,out-of-pool (inert for the filter)
methotrexate,"Leukemia, Myeloid, Acute",False,out-of-pool (inert for the filter)
methotrexate,"Leukemia, Myelomonocytic, Acute",False,out-of-pool (inert for the filter)
methotrexate,"Leukemia, Myelomonocytic, Chronic",False,out-of-pool (inert for the filter)
methotrexate,"Leukemia, Myelomonocytic, Juvenile",False,out-of-pool (inert for the filter)
methotrexate,"Leukemia, Plasma Cell",False,out-of-pool (inert for the filter)
methotrexate,"Leukemia, Promyelocytic, Acute",False,out-of-pool (inert for the filter)
methotrexate,"Leukemia-Lymphoma, Adult T-Cell",False,out-of-pool (inert for the filter)
methotrexate,"Liver Cirrhosis, Biliary",False,out-of-pool (inert for the filter)
methotrexate,"Lupus Erythematosus, Systemic",False,out-of-pool (inert for the filter)
methotrexate,"Lymphohistiocytosis, Hemophagocytic",False,out-of-pool (inert for the filter)
methotrexate,Lymphoma,False,out-of-pool (inert for the filter)
methotrexate,"Lymphoma, AIDS-Related",False,out-of-pool (inert for the filter)
methotrexate,"Lymphoma, B-Cell, Marginal Zone",False,out-of-pool (inert for the filter)
methotrexate,"Lymphoma, Follicular",False,out-of-pool (inert for the filter)
methotrexate,"Lymphoma, Large B-Cell, Diffuse",False,out-of-pool (inert for the filter)
methotrexate,"Lymphoma, Large-Cell, Anaplastic",False,out-of-pool (inert for the filter)
methotrexate,"Lymphoma, Mantle-Cell",False,out-of-pool (inert for the filter)
methotrexate,"Lymphoma, Non-Hodgkin",False,out-of-pool (inert for the filter)
methotrexate,"Lymphoma, T-Cell, Cutaneous",False,out-of-pool (inert for the filter)
methotrexate,"Lymphoma, T-Cell, Peripheral",False,out-of-pool (inert for the filter)
methotrexate,Macular Edema,False,out-of-pool (inert for the filter)
methotrexate,Malaria,False,out-of-pool (inert for the filter)
methotrexate,Medulloblastoma,False,out-of-pool (inert for the filter)
methotrexate,Melanoma,False,out-of-pool (inert for the filter)
methotrexate,Meningeal Carcinomatosis,False,out-of-pool (inert for the filter)
methotrexate,Mesothelioma,False,out-of-pool (inert for the filter)
methotrexate,Multiple Myeloma,False,out-of-pool (inert for the filter)
methotrexate,Multiple Sclerosis,False,out-of-pool (inert for the filter)
methotrexate,Myasthenia Gravis,False,out-of-pool (inert for the filter)
methotrexate,Mycosis Fungoides,False,out-of-pool (inert for the filter)
methotrexate,Myelodysplastic Syndromes,False,out-of-pool (inert for the filter)
methotrexate,Myelodysplastic-Myeloproliferative Diseases,False,out-of-pool (inert for the filter)
methotrexate,Myeloproliferative Disorders,False,out-of-pool (inert for the filter)
methotrexate,Myocardial Infarction,False,out-of-pool (inert for the filter)
methotrexate,Neoplasm Metastasis,False,out-of-pool (inert for the filter)
methotrexate,Neoplasms,False,out-of-pool (inert for the filter)
methotrexate,"Neoplasms, Plasma Cell",False,out-of-pool (inert for the filter)
methotrexate,Neuroblastoma,False,out-of-pool (inert for the filter)
methotrexate,"Neuroectodermal Tumors, Primitive",False,out-of-pool (inert for the filter)
methotrexate,Neurofibromatosis 1,False,out-of-pool (inert for the filter)
methotrexate,Osteoarthritis,False,out-of-pool (inert for the filter)
methotrexate,Osteopetrosis,False,out-of-pool (inert for the filter)
methotrexate,Osteosarcoma,False,out-of-pool (inert for the filter)
methotrexate,Ovarian Neoplasms,False,out-of-pool (inert for the filter)
methotrexate,"Pemphigoid, Bullous",False,out-of-pool (inert for the filter)
methotrexate,Polycythemia Vera,False,out-of-pool (inert for the filter)
methotrexate,Precursor Cell Lymphoblastic Leukemia-Lymphoma,False,out-of-pool (inert for the filter)
methotrexate,Precursor T-Cell Lymphoblastic Leukemia-Lymphoma,False,out-of-pool (inert for the filter)
methotrexate,"Pregnancy, Ectopic",False,out-of-pool (inert for the filter)
methotrexate,Primary Myelofibrosis,False,out-of-pool (inert for the filter)
methotrexate,Psoriasis,False,out-of-pool (inert for the filter)
methotrexate,Retinitis Pigmentosa,False,out-of-pool (inert for the filter)
methotrexate,Retroperitoneal Fibrosis,False,out-of-pool (inert for the filter)
methotrexate,Sarcoma,False,out-of-pool (inert for the filter)
methotrexate,Schizophrenia,False,out-of-pool (inert for the filter)
methotrexate,"Scleroderma, Systemic",False,out-of-pool (inert for the filter)
methotrexate,Severe Acute Respiratory Syndrome,False,out-of-pool (inert for the filter)
methotrexate,Severe Combined Immunodeficiency,False,out-of-pool (inert for the filter)
methotrexate,Sezary Syndrome,False,out-of-pool (inert for the filter)
methotrexate,Shwachman-Diamond Syndrome,False,out-of-pool (inert for the filter)
methotrexate,"Spondylitis, Ankylosing",False,out-of-pool (inert for the filter)
methotrexate,Testicular Neoplasms,False,out-of-pool (inert for the filter)
methotrexate,Urethral Neoplasms,False,out-of-pool (inert for the filter)
methotrexate,Urinary Bladder Neoplasms,False,out-of-pool (inert for the filter)
methotrexate,Urticaria,False,out-of-pool (inert for the filter)
methotrexate,Uterine Cervical Neoplasms,False,out-of-pool (inert for the filter)
methotrexate,Uveitis,False,out-of-pool (inert for the filter)
methotrexate,"Uveitis, Intermediate",False,out-of-pool (inert for the filter)
methotrexate,Vasculitis,False,out-of-pool (inert for the filter)
methotrexate,Vitiligo,False,out-of-pool (inert for the filter)
methotrexate,"Vitreoretinopathy, Proliferative",False,out-of-pool (inert for the filter)
methotrexate,Waldenstrom Macroglobulinemia,False,out-of-pool (inert for the filter)
methotrexate,Wiskott-Aldrich Syndrome,False,out-of-pool (inert for the filter)
methotrexate,rheumatoid arthritis,False,out-of-pool (inert for the filter)
methotrexate sodium,"Arthritis, Rheumatoid",False,out-of-pool (inert for the filter)
methotrexate sodium,rheumatoid arthritis,False,out-of-pool (inert for the filter)
methoxsalen,"Arthritis, Rheumatoid (investigational, not approved)",True,reported RA investigation (not approved)
methoxsalen,Bronchiolitis Obliterans Syndrome,True,reported RA investigation (not approved)
methoxsalen,Crohn Disease,True,reported RA investigation (not approved)
methoxsalen,Epidermolysis Bullosa Acquisita,True,reported RA investigation (not approved)
methoxsalen,Graft vs Host Disease,True,reported RA investigation (not approved)
methoxsalen,Hematologic Neoplasms,True,reported RA investigation (not approved)
methoxsalen,Lymphoma,True,reported RA investigation (not approved)
methoxsalen,"Lymphoma, T-Cell",True,reported RA investigation (not approved)
methoxsalen,Mycosis Fungoides,True,reported RA investigation (not approved)
methoxsalen,Pancreatic Neoplasms,True,reported RA investigation (not approved)
methoxsalen,Psoriasis,True,reported RA investigation (not approved)
methoxsalen,"Scleroderma, Diffuse",True,reported RA investigation (not approved)
methoxsalen,Sezary Syndrome,True,reported RA investigation (not approved)
methylprednisolone,Abdominal Pain,True,known hit (approved)
methylprednisolone,Acne Vulgaris,True,known hit (approved)
methylprednisolone,Adenomatous Polyposis Coli,True,known hit (approved)
methylprednisolone,Aging,True,known hit (approved)
methylprednisolone,Amyotrophic Lateral Sclerosis,True,known hit (approved)
methylprednisolone,"Anemia, Aplastic",True,known hit (approved)
methylprednisolone,Anti-Neutrophil Cytoplasmic Antibody-Associated Vasculitis,True,known hit (approved)
methylprednisolone,Appendicitis,True,known hit (approved)
methylprednisolone,"Arthritis, Juvenile",True,known hit (approved)
methylprednisolone,"Arthritis, Psoriatic",True,known hit (approved)
methylprednisolone,"Arthritis, Rheumatoid",True,known hit (approved)
methylprednisolone,Asthma,True,known hit (approved)
methylprednisolone,Atherosclerosis,True,known hit (approved)
methylprednisolone,Bell Palsy,True,known hit (approved)
methylprednisolone,Blastic Plasmacytoid Dendritic Cell Neoplasm,True,known hit (approved)
methylprednisolone,Breast Neoplasms,True,known hit (approved)
methylprednisolone,Bronchiolitis Obliterans Syndrome,True,known hit (approved)
methylprednisolone,Bronchopulmonary Dysplasia,True,known hit (approved)
methylprednisolone,Burkitt Lymphoma,True,known hit (approved)
methylprednisolone,Bursitis,True,known hit (approved)
methylprednisolone,"Carcinoma, Non-Small-Cell Lung",True,known hit (approved)
methylprednisolone,Carpal Tunnel Syndrome,True,known hit (approved)
methylprednisolone,Chemical and Drug Induced Liver Injury,True,known hit (approved)
methylprednisolone,Cognitive Dysfunction,True,known hit (approved)
methylprednisolone,Colitis,True,known hit (approved)
methylprednisolone,"Colitis, Ulcerative",True,known hit (approved)
methylprednisolone,Coronavirus Infections,True,known hit (approved)
methylprednisolone,Crohn Disease,True,known hit (approved)
methylprednisolone,"Death, Sudden, Cardiac",True,known hit (approved)
methylprednisolone,Deglutition Disorders,True,known hit (approved)
methylprednisolone,"Dermatitis, Atopic",True,known hit (approved)
methylprednisolone,Dermatomyositis,True,known hit (approved)
methylprednisolone,DiGeorge Syndrome,True,known hit (approved)
methylprednisolone,Edema,True,known hit (approved)
methylprednisolone,Endocrine System Diseases,True,known hit (approved)
methylprednisolone,Erythema Multiforme,True,known hit (approved)
methylprednisolone,Fallopian Tube Neoplasms,True,known hit (approved)
methylprednisolone,Fanconi Anemia,True,known hit (approved)
methylprednisolone,"Fasciitis, Plantar",True,known hit (approved)
methylprednisolone,Friedreich Ataxia,True,known hit (approved)
methylprednisolone,Frontotemporal Dementia,True,known hit (approved)
methylprednisolone,Gangliosidoses,True,known hit (approved)
methylprednisolone,Gaucher Disease,True,known hit (approved)
methylprednisolone,"Glomerulonephritis, IGA",True,known hit (approved)
methylprednisolone,"Glomerulonephritis, Membranous",True,known hit (approved)
methylprednisolone,Graft vs Host Disease,True,known hit (approved)
methylprednisolone,Granulomatosis with Polyangiitis,True,known hit (approved)
methylprednisolone,Graves Ophthalmopathy,True,known hit (approved)
methylprednisolone,Hantavirus Infections,True,known hit (approved)
methylprednisolone,"Hearing Loss, Noise-Induced",True,known hit (approved)
methylprednisolone,Heart Arrest,True,known hit (approved)
methylprednisolone,Heart Diseases,True,known hit (approved)
methylprednisolone,Hematologic Neoplasms,True,known hit (approved)
methylprednisolone,"Hematoma, Subdural, Intracranial",True,known hit (approved)
methylprednisolone,"Hepatitis, Alcoholic",True,known hit (approved)
methylprednisolone,Hodgkin Disease,True,known hit (approved)
methylprednisolone,Hyperlipoproteinemia Type I,True,known hit (approved)
methylprednisolone,Hyperuricemia,True,known hit (approved)
methylprednisolone,Idiopathic Pulmonary Fibrosis,True,known hit (approved)
methylprednisolone,IgA Vasculitis,True,known hit (approved)
methylprednisolone,Immune System Diseases,True,known hit (approved)
methylprednisolone,Immunoblastic Lymphadenopathy,True,known hit (approved)
methylprednisolone,Immunoglobulin G4-Related Disease,True,known hit (approved)
methylprednisolone,Inflammation,True,known hit (approved)
methylprednisolone,Intussusception,True,known hit (approved)
methylprednisolone,Ischemic Stroke,True,known hit (approved)
methylprednisolone,Kidney Diseases,True,known hit (approved)
methylprednisolone,"Kidney Failure, Chronic",True,known hit (approved)
methylprednisolone,Language Disorders,True,known hit (approved)
methylprednisolone,Leukemia,True,known hit (approved)
methylprednisolone,"Leukemia, Biphenotypic, Acute",True,known hit (approved)
methylprednisolone,"Leukemia, Lymphocytic, Chronic, B-Cell",True,known hit (approved)
methylprednisolone,"Lupus Erythematosus, Systemic",True,known hit (approved)
methylprednisolone,Lupus Nephritis,True,known hit (approved)
methylprednisolone,"Lymphohistiocytosis, Hemophagocytic",True,known hit (approved)
methylprednisolone,Lymphoma,True,known hit (approved)
methylprednisolone,"Lymphoma, AIDS-Related",True,known hit (approved)
methylprednisolone,"Lymphoma, Follicular",True,known hit (approved)
methylprednisolone,"Lymphoma, Large B-Cell, Diffuse",True,known hit (approved)
methylprednisolone,"Lymphoma, Large-Cell, Anaplastic",True,known hit (approved)
methylprednisolone,"Lymphoma, Non-Hodgkin",True,known hit (approved)
methylprednisolone,"Lymphoma, T-Cell, Peripheral",True,known hit (approved)
methylprednisolone,Lymphoproliferative Disorders,True,known hit (approved)
methylprednisolone,Macrophage Activation Syndrome,True,known hit (approved)
methylprednisolone,Melanoma,True,known hit (approved)
methylprednisolone,Meniere Disease,True,known hit (approved)
methylprednisolone,Microscopic Polyangiitis,True,known hit (approved)
methylprednisolone,Migraine Disorders,True,known hit (approved)
methylprednisolone,Mucocutaneous Lymph Node Syndrome,True,known hit (approved)
methylprednisolone,Multiple Myeloma,True,known hit (approved)
methylprednisolone,Multiple Sclerosis,True,known hit (approved)
methylprednisolone,"Multiple Sclerosis, Chronic Progressive",True,known hit (approved)
methylprednisolone,"Multiple Sclerosis, Relapsing-Remitting",True,known hit (approved)
methylprednisolone,Muscular Diseases,True,known hit (approved)
methylprednisolone,Myasthenia Gravis,True,known hit (approved)
methylprednisolone,Myelodysplastic Syndromes,True,known hit (approved)
methylprednisolone,Myelodysplastic-Myeloproliferative Diseases,True,known hit (approved)
methylprednisolone,Myeloproliferative Disorders,True,known hit (approved)
methylprednisolone,Myocarditis,True,known hit (approved)
methylprednisolone,Nasal Polyps,True,known hit (approved)
methylprednisolone,Neoplasms,True,known hit (approved)
methylprednisolone,"Neoplasms, Plasma Cell",True,known hit (approved)
methylprednisolone,Neuromyelitis Optica,True,known hit (approved)
methylprednisolone,Optic Nerve Diseases,True,known hit (approved)
methylprednisolone,Optic Neuritis,True,known hit (approved)
methylprednisolone,"Optic Neuropathy, Ischemic",True,known hit (approved)
methylprednisolone,Osteoarthritis,True,known hit (approved)
methylprednisolone,"Osteoarthritis, Knee",True,known hit (approved)
methylprednisolone,Ovarian Hyperstimulation Syndrome,True,known hit (approved)
methylprednisolone,Ovarian Neoplasms,True,known hit (approved)
methylprednisolone,Pain,True,known hit (approved)
methylprednisolone,Parkinson Disease,True,known hit (approved)
methylprednisolone,Pneumonia,True,known hit (approved)
methylprednisolone,"Pneumonia, Pneumocystis",True,known hit (approved)
methylprednisolone,Precursor Cell Lymphoblastic Leukemia-Lymphoma,True,known hit (approved)
methylprednisolone,Prostatic Neoplasms,True,known hit (approved)
methylprednisolone,"Prostatic Neoplasms, Castration-Resistant",True,known hit (approved)
methylprednisolone,"Pulmonary Disease, Chronic Obstructive",True,known hit (approved)
methylprednisolone,Pulpitis,True,known hit (approved)
methylprednisolone,"Purpura, Thrombocytopenic, Idiopathic",True,known hit (approved)
methylprednisolone,"Purpura, Thrombotic Thrombocytopenic",True,known hit (approved)
methylprednisolone,Radiculopathy,True,known hit (approved)
methylprednisolone,Radius Fractures,True,known hit (approved)
methylprednisolone,Renal Insufficiency,True,known hit (approved)
methylprednisolone,"Renal Insufficiency, Chronic",True,known hit (approved)
methylprednisolone,Respiratory Distress Syndrome,True,known hit (approved)
methylprednisolone,Respiratory Tract Diseases,True,known hit (approved)
methylprednisolone,"Scleroderma, Systemic",True,known hit (approved)
methylprednisolone,Severe Acute Respiratory Syndrome,True,known hit (approved)
methylprednisolone,Shoulder Pain,True,known hit (approved)
methylprednisolone,Sinusitis,True,known hit (approved)
methylprednisolone,"Spasms, Infantile",True,known hit (approved)
methylprednisolone,Specific Language Disorder,True,known hit (approved)
methylprednisolone,Spinal Cord Injuries,True,known hit (approved)
methylprednisolone,Spondylarthropathies,True,known hit (approved)
methylprednisolone,"Spondylitis, Ankylosing",True,known hit (approved)
methylprednisolone,Stiff-Person Syndrome,True,known hit (approved)
methylprednisolone,Stroke,True,known hit (approved)
methylprednisolone,Tenosynovitis,True,known hit (approved)
methylprednisolone,Thrombocytopenia,True,known hit (approved)
methylprednisolone,Urinary Tract Infections,True,known hit (approved)
methylprednisolone,"Uveitis, Posterior",True,known hit (approved)
methylprednisolone,Vestibular Neuronitis,True,known hit (approved)
methylprednisolone,Wounds and Injuries,True,known hit (approved)
methylprednisolone,rheumatoid arthritis,True,known hit (approved)
methylprednisolone acetate,"Arthritis, Rheumatoid",False,out-of-pool (inert for the filter)
methylprednisolone acetate,rheumatoid arthritis,False,out-of-pool (inert for the filter)
methylprednisolone sodium succinate,"Arthritis, Rheumatoid",False,out-of-pool (inert for the filter)
methylprednisolone sodium succinate,rheumatoid arthritis,False,out-of-pool (inert for the filter)
midazolam,"Arthritis, Rheumatoid",False,out-of-pool (inert for the filter)
midazolam,rheumatoid arthritis,False,out-of-pool (inert for the filter)
minocycline,"Arthritis, Rheumatoid",False,out-of-pool (inert for the filter)
minocycline,rheumatoid arthritis,False,out-of-pool (inert for the filter)
mizacorat,"Arthritis, Rheumatoid",False,out-of-pool (inert for the filter)
mizacorat,rheumatoid arthritis,False,out-of-pool (inert for the filter)
mizoribine,"Arthritis, Rheumatoid",False,out-of-pool (inert for the filter)
mizoribine,rheumatoid arthritis,False,out-of-pool (inert for the filter)
mk-0873,"Arthritis, Rheumatoid",False,out-of-pool (inert for the filter)
mk-0873,rheumatoid arthritis,False,out-of-pool (inert for the filter)
montelukast,"Arthritis, Rheumatoid",False,out-of-pool (inert for the filter)
montelukast,rheumatoid arthritis,False,out-of-pool (inert for the filter)
moxifloxacin,Abscess,True,reported RA investigation (not approved)
moxifloxacin,Acanthamoeba Keratitis,True,reported RA investigation (not approved)
moxifloxacin,Acquired Immunodeficiency Syndrome,True,reported RA investigation (not approved)
moxifloxacin,Acute Coronary Syndrome,True,reported RA investigation (not approved)
moxifloxacin,Alzheimer Disease,True,reported RA investigation (not approved)
moxifloxacin,Amyotrophic Lateral Sclerosis,True,reported RA investigation (not approved)
moxifloxacin,Anemia,True,reported RA investigation (not approved)
moxifloxacin,"Arthritis, Rheumatoid (investigational, not approved)",True,reported RA investigation (not approved)
moxifloxacin,Asthma,True,reported RA investigation (not approved)
moxifloxacin,Bacterial Infections,True,reported RA investigation (not approved)
moxifloxacin,Breast Neoplasms,True,reported RA investigation (not approved)
moxifloxacin,"Bronchitis, Chronic",True,reported RA investigation (not approved)
moxifloxacin,"Carcinoma, Renal Cell",True,reported RA investigation (not approved)
moxifloxacin,Cardiotoxicity,True,reported RA investigation (not approved)
moxifloxacin,Cataract,True,reported RA investigation (not approved)
moxifloxacin,Cellulitis,True,reported RA investigation (not approved)
moxifloxacin,Cholangitis,True,reported RA investigation (not approved)
moxifloxacin,"Cholecystitis, Acute",True,reported RA investigation (not approved)
moxifloxacin,"Conjunctivitis, Bacterial",True,reported RA investigation (not approved)
moxifloxacin,Constipation,True,reported RA investigation (not approved)
moxifloxacin,Corneal Ulcer,True,reported RA investigation (not approved)
moxifloxacin,Coronary Disease,True,reported RA investigation (not approved)
moxifloxacin,Cystic Fibrosis,True,reported RA investigation (not approved)
moxifloxacin,Diabetes Mellitus,True,reported RA investigation (not approved)
moxifloxacin,"Diabetes Mellitus, Type 2",True,reported RA investigation (not approved)
moxifloxacin,Dyspepsia,True,reported RA investigation (not approved)
moxifloxacin,Endophthalmitis,True,reported RA investigation (not approved)
moxifloxacin,Epilepsy,True,reported RA investigation (not approved)
moxifloxacin,Erectile Dysfunction,True,reported RA investigation (not approved)
moxifloxacin,Eye Infections,True,reported RA investigation (not approved)
moxifloxacin,Fibromyalgia,True,reported RA investigation (not approved)
moxifloxacin,HIV Infections,True,reported RA investigation (not approved)
moxifloxacin,Heart Failure,True,reported RA investigation (not approved)
moxifloxacin,Helicobacter Infections,True,reported RA investigation (not approved)
moxifloxacin,Hepatitis C,True,reported RA investigation (not approved)
moxifloxacin,Hypertension,True,reported RA investigation (not approved)
moxifloxacin,Hypoglycemia,True,reported RA investigation (not approved)
moxifloxacin,"Hypotension, Orthostatic",True,reported RA investigation (not approved)
moxifloxacin,Immune System Diseases,True,reported RA investigation (not approved)
moxifloxacin,Infections,True,reported RA investigation (not approved)
moxifloxacin,Inflammation,True,reported RA investigation (not approved)
moxifloxacin,"Influenza, Human",True,reported RA investigation (not approved)
moxifloxacin,Keratitis,True,reported RA investigation (not approved)
moxifloxacin,Lice Infestations,True,reported RA investigation (not approved)
moxifloxacin,Lipid Metabolism Disorders,True,reported RA investigation (not approved)
moxifloxacin,Lung Diseases,True,reported RA investigation (not approved)
moxifloxacin,"Lupus Erythematosus, Systemic",True,reported RA investigation (not approved)
moxifloxacin,Lymphoma,True,reported RA investigation (not approved)
moxifloxacin,"Malaria, Vivax",True,reported RA investigation (not approved)
moxifloxacin,Meningitis,True,reported RA investigation (not approved)
moxifloxacin,Muscle Spasticity,True,reported RA investigation (not approved)
moxifloxacin,Myocardial Ischemia,True,reported RA investigation (not approved)
moxifloxacin,Nausea,True,reported RA investigation (not approved)
moxifloxacin,Neoplasms,True,reported RA investigation (not approved)
moxifloxacin,Non-alcoholic Fatty Liver Disease,True,reported RA investigation (not approved)
moxifloxacin,Obesity,True,reported RA investigation (not approved)
moxifloxacin,Osteomyelitis,True,reported RA investigation (not approved)
moxifloxacin,Otitis Media,True,reported RA investigation (not approved)
moxifloxacin,Pain,True,reported RA investigation (not approved)
moxifloxacin,Parkinson Disease,True,reported RA investigation (not approved)
moxifloxacin,Pelvic Inflammatory Disease,True,reported RA investigation (not approved)
moxifloxacin,Phenylketonurias,True,reported RA investigation (not approved)
moxifloxacin,Pneumonia,True,reported RA investigation (not approved)
moxifloxacin,"Pneumonia, Bacterial",True,reported RA investigation (not approved)
moxifloxacin,Postpartum Hemorrhage,True,reported RA investigation (not approved)
moxifloxacin,Premature Birth,True,reported RA investigation (not approved)
moxifloxacin,Psychotic Disorders,True,reported RA investigation (not approved)
moxifloxacin,"Pulmonary Disease, Chronic Obstructive",True,reported RA investigation (not approved)
moxifloxacin,Respiratory Tract Infections,True,reported RA investigation (not approved)
moxifloxacin,Restless Legs Syndrome,True,reported RA investigation (not approved)
moxifloxacin,Schizophrenia,True,reported RA investigation (not approved)
moxifloxacin,Severe Acute Respiratory Syndrome,True,reported RA investigation (not approved)
moxifloxacin,Sinusitis,True,reported RA investigation (not approved)
moxifloxacin,Skin Diseases,True,reported RA investigation (not approved)
moxifloxacin,Smoking Cessation,True,reported RA investigation (not approved)
moxifloxacin,Tuberculosis,True,reported RA investigation (not approved)
moxifloxacin,"Tuberculosis, Meningeal",True,reported RA investigation (not approved)
moxifloxacin,"Tuberculosis, Multidrug-Resistant",True,reported RA investigation (not approved)
moxifloxacin,"Tuberculosis, Pulmonary",True,reported RA investigation (not approved)
mycophenolate mofetil,"Arthritis, Rheumatoid",False,out-of-pool (inert for the filter)
mycophenolate mofetil,rheumatoid arthritis,False,out-of-pool (inert for the filter)
mycophenolate-mofetil,"Anemia, Aplastic",True,reported RA investigation (not approved)
mycophenolate-mofetil,Anti-Neutrophil Cytoplasmic Antibody-Associated Vasculitis,True,reported RA investigation (not approved)
mycophenolate-mofetil,"Arthritis, Rheumatoid (investigational, not approved)",True,reported RA investigation (not approved)
mycophenolate-mofetil,Autoimmune Diseases,True,reported RA investigation (not approved)
mycophenolate-mofetil,Burkitt Lymphoma,True,reported RA investigation (not approved)
mycophenolate-mofetil,"Carcinoma, Hepatocellular",True,reported RA investigation (not approved)
mycophenolate-mofetil,"Carcinoma, Renal Cell",True,reported RA investigation (not approved)
mycophenolate-mofetil,Cardiovascular Diseases,True,reported RA investigation (not approved)
mycophenolate-mofetil,Chemical and Drug Induced Liver Injury,True,reported RA investigation (not approved)
mycophenolate-mofetil,Crohn Disease,True,reported RA investigation (not approved)
mycophenolate-mofetil,"Cystitis, Interstitial",True,reported RA investigation (not approved)
mycophenolate-mofetil,Diabetic Nephropathies,True,reported RA investigation (not approved)
mycophenolate-mofetil,Epidermolysis Bullosa,True,reported RA investigation (not approved)
mycophenolate-mofetil,Gliosarcoma,True,reported RA investigation (not approved)
mycophenolate-mofetil,"Glomerulonephritis, IGA",True,reported RA investigation (not approved)
mycophenolate-mofetil,"Glomerulonephritis, Membranous",True,reported RA investigation (not approved)
mycophenolate-mofetil,"Glomerulosclerosis, Focal Segmental",True,reported RA investigation (not approved)
mycophenolate-mofetil,Gout,True,reported RA investigation (not approved)
mycophenolate-mofetil,Graft vs Host Disease,True,reported RA investigation (not approved)
mycophenolate-mofetil,"Granuloma, Lethal Midline",True,reported RA investigation (not approved)
mycophenolate-mofetil,Granulomatosis with Polyangiitis,True,reported RA investigation (not approved)
mycophenolate-mofetil,HIV Infections,True,reported RA investigation (not approved)
mycophenolate-mofetil,Heart Diseases,True,reported RA investigation (not approved)
mycophenolate-mofetil,Hematologic Diseases,True,reported RA investigation (not approved)
mycophenolate-mofetil,Hematologic Neoplasms,True,reported RA investigation (not approved)
mycophenolate-mofetil,Hepatitis C,True,reported RA investigation (not approved)
mycophenolate-mofetil,"Hepatitis, Alcoholic",True,reported RA investigation (not approved)
mycophenolate-mofetil,"Histiocytosis, Langerhans-Cell",True,reported RA investigation (not approved)
mycophenolate-mofetil,Hodgkin Disease,True,reported RA investigation (not approved)
mycophenolate-mofetil,Hypertension,True,reported RA investigation (not approved)
mycophenolate-mofetil,IgA Vasculitis,True,reported RA investigation (not approved)
mycophenolate-mofetil,Immunoblastic Lymphadenopathy,True,reported RA investigation (not approved)
mycophenolate-mofetil,Kidney Diseases,True,reported RA investigation (not approved)
mycophenolate-mofetil,Kidney Neoplasms,True,reported RA investigation (not approved)
mycophenolate-mofetil,Lecithin Cholesterol Acyltransferase Deficiency,True,reported RA investigation (not approved)
mycophenolate-mofetil,Leukemia,True,reported RA investigation (not approved)
mycophenolate-mofetil,"Leukemia, Large Granular Lymphocytic",True,reported RA investigation (not approved)
mycophenolate-mofetil,"Leukemia, Lymphocytic, Chronic, B-Cell",True,reported RA investigation (not approved)
mycophenolate-mofetil,"Leukemia, Mast-Cell",True,reported RA investigation (not approved)
mycophenolate-mofetil,"Leukemia, Myelogenous, Chronic, BCR-ABL Positive",True,reported RA investigation (not approved)
mycophenolate-mofetil,"Leukemia, Myeloid, Acute",True,reported RA investigation (not approved)
mycophenolate-mofetil,"Leukemia, Myelomonocytic, Chronic",True,reported RA investigation (not approved)
mycophenolate-mofetil,"Leukemia, Myelomonocytic, Juvenile",True,reported RA investigation (not approved)
mycophenolate-mofetil,"Leukemia, Prolymphocytic, B-Cell",True,reported RA investigation (not approved)
mycophenolate-mofetil,"Leukemia, Prolymphocytic, T-Cell",True,reported RA investigation (not approved)
mycophenolate-mofetil,"Leukemia-Lymphoma, Adult T-Cell",True,reported RA investigation (not approved)
mycophenolate-mofetil,Liver Diseases,True,reported RA investigation (not approved)
mycophenolate-mofetil,"Lung Diseases, Interstitial",True,reported RA investigation (not approved)
mycophenolate-mofetil,Lupus Nephritis,True,reported RA investigation (not approved)
mycophenolate-mofetil,Lymphoma,True,reported RA investigation (not approved)
mycophenolate-mofetil,"Lymphoma, B-Cell, Marginal Zone",True,reported RA investigation (not approved)
mycophenolate-mofetil,"Lymphoma, Follicular",True,reported RA investigation (not approved)
mycophenolate-mofetil,"Lymphoma, Large B-Cell, Diffuse",True,reported RA investigation (not approved)
mycophenolate-mofetil,"Lymphoma, Large-Cell, Anaplastic",True,reported RA investigation (not approved)
mycophenolate-mofetil,"Lymphoma, Mantle-Cell",True,reported RA investigation (not approved)
mycophenolate-mofetil,"Lymphoma, Non-Hodgkin",True,reported RA investigation (not approved)
mycophenolate-mofetil,"Lymphoma, T-Cell, Peripheral",True,reported RA investigation (not approved)
mycophenolate-mofetil,Macular Degeneration,True,reported RA investigation (not approved)
mycophenolate-mofetil,Melanoma,True,reported RA investigation (not approved)
mycophenolate-mofetil,Microscopic Polyangiitis,True,reported RA investigation (not approved)
mycophenolate-mofetil,Multiple Myeloma,True,reported RA investigation (not approved)
mycophenolate-mofetil,Myasthenia Gravis,True,reported RA investigation (not approved)
mycophenolate-mofetil,Mycosis Fungoides,True,reported RA investigation (not approved)
mycophenolate-mofetil,Myelodysplastic Syndromes,True,reported RA investigation (not approved)
mycophenolate-mofetil,Myeloproliferative Disorders,True,reported RA investigation (not approved)
mycophenolate-mofetil,Neoplasms,True,reported RA investigation (not approved)
mycophenolate-mofetil,"Neoplasms, Neuroepithelial",True,reported RA investigation (not approved)
mycophenolate-mofetil,Nephrotic Syndrome,True,reported RA investigation (not approved)
mycophenolate-mofetil,Neuroblastoma,True,reported RA investigation (not approved)
mycophenolate-mofetil,Neuromyelitis Optica,True,reported RA investigation (not approved)
mycophenolate-mofetil,Pancreatic Neoplasms,True,reported RA investigation (not approved)
mycophenolate-mofetil,"Pemphigoid, Benign Mucous Membrane",True,reported RA investigation (not approved)
mycophenolate-mofetil,"Pemphigoid, Bullous",True,reported RA investigation (not approved)
mycophenolate-mofetil,Pemphigus,True,reported RA investigation (not approved)
mycophenolate-mofetil,Polycythemia Vera,True,reported RA investigation (not approved)
mycophenolate-mofetil,Polyradiculopathy,True,reported RA investigation (not approved)
mycophenolate-mofetil,Precursor Cell Lymphoblastic Leukemia-Lymphoma,True,reported RA investigation (not approved)
mycophenolate-mofetil,Primary Myelofibrosis,True,reported RA investigation (not approved)
mycophenolate-mofetil,Psoriasis,True,reported RA investigation (not approved)
mycophenolate-mofetil,"Purpura, Thrombocytopenic, Idiopathic",True,reported RA investigation (not approved)
mycophenolate-mofetil,"Red-Cell Aplasia, Pure",True,reported RA investigation (not approved)
mycophenolate-mofetil,Renal Insufficiency,True,reported RA investigation (not approved)
mycophenolate-mofetil,"Renal Insufficiency, Chronic",True,reported RA investigation (not approved)
mycophenolate-mofetil,"Scleroderma, Diffuse",True,reported RA investigation (not approved)
mycophenolate-mofetil,"Scleroderma, Systemic",True,reported RA investigation (not approved)
mycophenolate-mofetil,Sezary Syndrome,True,reported RA investigation (not approved)
mycophenolate-mofetil,Sjogren's Syndrome,True,reported RA investigation (not approved)
mycophenolate-mofetil,Takayasu Arteritis,True,reported RA investigation (not approved)
mycophenolate-mofetil,Uveitis,True,reported RA investigation (not approved)
mycophenolate-mofetil,Vasculitis,True,reported RA investigation (not approved)
mycophenolate-mofetil,Waldenstrom Macroglobulinemia,True,reported RA investigation (not approved)
mycophenolate-mofetil,beta-Thalassemia,True,reported RA investigation (not approved)
nabumetone,"Arthritis, Rheumatoid",False,out-of-pool (inert for the filter)
nabumetone,rheumatoid arthritis,False,out-of-pool (inert for the filter)
namilumab,"Arthritis, Rheumatoid",False,out-of-pool (inert for the filter)
namilumab,rheumatoid arthritis,False,out-of-pool (inert for the filter)
naproxen,Acute Pain,True,known hit (approved)
naproxen,Alzheimer Disease,True,known hit (approved)
naproxen,Arthralgia,True,known hit (approved)
naproxen,Arthritis,True,known hit (approved)
naproxen,"Arthritis, Gouty",True,known hit (approved)
naproxen,"Arthritis, Juvenile",True,known hit (approved)
naproxen,"Arthritis, Rheumatoid",True,known hit (approved)
naproxen,Back Pain,True,known hit (approved)
naproxen,Breast Neoplasms,True,known hit (approved)
naproxen,Bursitis,True,known hit (approved)
naproxen,"Colorectal Neoplasms, Hereditary Nonpolyposis",True,known hit (approved)
naproxen,Common Cold,True,known hit (approved)
naproxen,Duodenal Ulcer,True,known hit (approved)
naproxen,Dysmenorrhea,True,known hit (approved)
naproxen,Fever,True,known hit (approved)
naproxen,Gout,True,known hit (approved)
naproxen,Headache,True,known hit (approved)
naproxen,Inflammation,True,known hit (approved)
naproxen,Low Back Pain,True,known hit (approved)
naproxen,Migraine Disorders,True,known hit (approved)
naproxen,Multiple Sclerosis,True,known hit (approved)
naproxen,Muscle Cramp,True,known hit (approved)
naproxen,Myalgia,True,known hit (approved)
naproxen,Neuralgia,True,known hit (approved)
naproxen,Osteoarthritis,True,known hit (approved)
naproxen,"Osteoarthritis, Hip",True,known hit (approved)
naproxen,"Osteoarthritis, Knee",True,known hit (approved)
naproxen,Pain,True,known hit (approved)
naproxen,Peptic Ulcer,True,known hit (approved)
naproxen,Pleural Effusion,True,known hit (approved)
naproxen,Prostatic Neoplasms,True,known hit (approved)
naproxen,"Prostatic Neoplasms, Castration-Resistant",True,known hit (approved)
naproxen,Rheumatic Diseases,True,known hit (approved)
naproxen,Severe Acute Respiratory Syndrome,True,known hit (approved)
naproxen,Spondylitis,True,known hit (approved)
naproxen,"Spondylitis, Ankylosing",True,known hit (approved)
naproxen,Stomach Ulcer,True,known hit (approved)
naproxen,Tendinopathy,True,known hit (approved)
naproxen,Toothache,True,known hit (approved)
naproxen,Vaginitis,True,known hit (approved)
naproxen,Wounds and Injuries,True,known hit (approved)
naproxen,rheumatoid arthritis,True,known hit (approved)
naproxen sodium,"Arthritis, Rheumatoid",False,out-of-pool (inert for the filter)
naproxen sodium,rheumatoid arthritis,False,out-of-pool (inert for the filter)
natalizumab,"Arthritis, Rheumatoid",False,out-of-pool (inert for the filter)
natalizumab,rheumatoid arthritis,False,out-of-pool (inert for the filter)
niclosamide,Adenomatous Polyposis Coli,True,reported RA investigation (not approved)
niclosamide,"Arthritis, Rheumatoid (investigational, not approved)",True,reported RA investigation (not approved)
niclosamide,Colonic Neoplasms,True,reported RA investigation (not approved)
niclosamide,Colorectal Neoplasms,True,reported RA investigation (not approved)
niclosamide,Diabetic Nephropathies,True,reported RA investigation (not approved)
niclosamide,Helminthiasis,True,reported RA investigation (not approved)
niclosamide,"Leukemia, Myeloid, Acute",True,reported RA investigation (not approved)
niclosamide,Prostatic Neoplasms,True,reported RA investigation (not approved)
niclosamide,"Prostatic Neoplasms, Castration-Resistant",True,reported RA investigation (not approved)
niclosamide,Severe Acute Respiratory Syndrome,True,reported RA investigation (not approved)
nipocalimab,"Arthritis, Rheumatoid",False,out-of-pool (inert for the filter)
nipocalimab,rheumatoid arthritis,False,out-of-pool (inert for the filter)
nitazoxanide,"Arthritis, Rheumatoid",False,out-of-pool (inert for the filter)
nitazoxanide,rheumatoid arthritis,False,out-of-pool (inert for the filter)
nitroglycerin,"Arthritis, Rheumatoid",False,out-of-pool (inert for the filter)
nitroglycerin,rheumatoid arthritis,False,out-of-pool (inert for the filter)
obefazimod,"Arthritis, Rheumatoid",False,out-of-pool (inert for the filter)
obefazimod,rheumatoid arthritis,False,out-of-pool (inert for the filter)
ocadusertib,"Arthritis, Rheumatoid",False,out-of-pool (inert for the filter)
ocadusertib,rheumatoid arthritis,False,out-of-pool (inert for the filter)
ocrelizumab,"Arthritis, Rheumatoid",False,out-of-pool (inert for the filter)
ocrelizumab,rheumatoid arthritis,False,out-of-pool (inert for the filter)
ofatumumab,"Arthritis, Rheumatoid",False,out-of-pool (inert for the filter)
ofatumumab,rheumatoid arthritis,False,out-of-pool (inert for the filter)
olokizumab,"Arthritis, Rheumatoid",False,out-of-pool (inert for the filter)
olokizumab,rheumatoid arthritis,False,out-of-pool (inert for the filter)
omeprazole,Alzheimer Disease,True,reported RA investigation (not approved)
omeprazole,Anemia,True,reported RA investigation (not approved)
omeprazole,"Anemia, Sickle Cell",True,reported RA investigation (not approved)
omeprazole,"Arthritis, Rheumatoid (investigational, not approved)",True,reported RA investigation (not approved)
omeprazole,Barrett Esophagus,True,reported RA investigation (not approved)
omeprazole,Breast Neoplasms,True,reported RA investigation (not approved)
omeprazole,"Carcinoma, Medullary",True,reported RA investigation (not approved)
omeprazole,"Carcinoma, Squamous Cell",True,reported RA investigation (not approved)
omeprazole,Central Serous Chorioretinopathy,True,reported RA investigation (not approved)
omeprazole,"Child Development Disorders, Pervasive",True,reported RA investigation (not approved)
omeprazole,Chronic Pain,True,reported RA investigation (not approved)
omeprazole,Clostridium Infections,True,reported RA investigation (not approved)
omeprazole,"Colitis, Ulcerative",True,reported RA investigation (not approved)
omeprazole,Colorectal Neoplasms,True,reported RA investigation (not approved)
omeprazole,Communicable Diseases,True,reported RA investigation (not approved)
omeprazole,Cough,True,reported RA investigation (not approved)
omeprazole,Crohn Disease,True,reported RA investigation (not approved)
omeprazole,Cysticercosis,True,reported RA investigation (not approved)
omeprazole,"Dermatitis, Atopic",True,reported RA investigation (not approved)
omeprazole,Diabetes Mellitus,True,reported RA investigation (not approved)
omeprazole,"Diabetes Mellitus, Type 1",True,reported RA investigation (not approved)
omeprazole,"Diabetes Mellitus, Type 2",True,reported RA investigation (not approved)
omeprazole,Duodenal Ulcer,True,reported RA investigation (not approved)
omeprazole,Dyspepsia,True,reported RA investigation (not approved)
omeprazole,Erectile Dysfunction,True,reported RA investigation (not approved)
omeprazole,Esophagitis,True,reported RA investigation (not approved)
omeprazole,"Esophagitis, Peptic",True,reported RA investigation (not approved)
omeprazole,Exocrine Pancreatic Insufficiency,True,reported RA investigation (not approved)
omeprazole,Gastrinoma,True,reported RA investigation (not approved)
omeprazole,Gastritis,True,reported RA investigation (not approved)
omeprazole,Gastroesophageal Reflux,True,reported RA investigation (not approved)
omeprazole,Gastrointestinal Hemorrhage,True,reported RA investigation (not approved)
omeprazole,Glaucoma,True,reported RA investigation (not approved)
omeprazole,Granuloma,True,reported RA investigation (not approved)
omeprazole,HIV Infections,True,reported RA investigation (not approved)
omeprazole,Head and Neck Neoplasms,True,reported RA investigation (not approved)
omeprazole,Heartburn,True,reported RA investigation (not approved)
omeprazole,Helicobacter Infections,True,reported RA investigation (not approved)
omeprazole,Hemorrhage,True,reported RA investigation (not approved)
omeprazole,"Hepatitis B, Chronic",True,reported RA investigation (not approved)
omeprazole,Hepatitis C,True,reported RA investigation (not approved)
omeprazole,"Hepatitis C, Chronic",True,reported RA investigation (not approved)
omeprazole,Idiopathic Pulmonary Fibrosis,True,reported RA investigation (not approved)
omeprazole,Infections,True,reported RA investigation (not approved)
omeprazole,Laryngomalacia,True,reported RA investigation (not approved)
omeprazole,Lymphoma,True,reported RA investigation (not approved)
omeprazole,"Lymphoma, B-Cell, Marginal Zone",True,reported RA investigation (not approved)
omeprazole,Melanoma,True,reported RA investigation (not approved)
omeprazole,Mitochondrial Diseases,True,reported RA investigation (not approved)
omeprazole,"Multiple Sclerosis, Relapsing-Remitting",True,reported RA investigation (not approved)
omeprazole,"Muscular Atrophy, Spinal",True,reported RA investigation (not approved)
omeprazole,Neoplasms,True,reported RA investigation (not approved)
omeprazole,Osteoarthritis,True,reported RA investigation (not approved)
omeprazole,Pain,True,reported RA investigation (not approved)
omeprazole,Pancreatic Neoplasms,True,reported RA investigation (not approved)
omeprazole,Peptic Ulcer,True,reported RA investigation (not approved)
omeprazole,Peripheral Nervous System Diseases,True,reported RA investigation (not approved)
omeprazole,Prostatic Neoplasms,True,reported RA investigation (not approved)
omeprazole,"Prostatic Neoplasms, Castration-Resistant",True,reported RA investigation (not approved)
omeprazole,Psoriasis,True,reported RA investigation (not approved)
omeprazole,"Pulmonary Disease, Chronic Obstructive",True,reported RA investigation (not approved)
omeprazole,"Spondylitis, Ankylosing",True,reported RA investigation (not approved)
omeprazole,Squamous Cell Carcinoma of Head and Neck,True,reported RA investigation (not approved)
omeprazole,Squamous Intraepithelial Lesions,True,reported RA investigation (not approved)
omeprazole,Stomach Neoplasms,True,reported RA investigation (not approved)
omeprazole,Stomach Ulcer,True,reported RA investigation (not approved)
omeprazole,Ulcer,True,reported RA investigation (not approved)
omeprazole,Wounds and Injuries,True,reported RA investigation (not approved)
omeprazole,Zollinger-Ellison Syndrome,True,reported RA investigation (not approved)
opigolix,"Arthritis, Rheumatoid",False,out-of-pool (inert for the filter)
opigolix,rheumatoid arthritis,False,out-of-pool (inert for the filter)
ordesekimab,"Arthritis, Rheumatoid",False,out-of-pool (inert for the filter)
ordesekimab,rheumatoid arthritis,False,out-of-pool (inert for the filter)
otelixizumab,"Arthritis, Rheumatoid",False,out-of-pool (inert for the filter)
otelixizumab,rheumatoid arthritis,False,out-of-pool (inert for the filter)
otilimab,"Arthritis, Rheumatoid",False,out-of-pool (inert for the filter)
otilimab,rheumatoid arthritis,False,out-of-pool (inert for the filter)
oxaprozin,"Arthritis, Juvenile",True,known hit (approved)
oxaprozin,"Arthritis, Rheumatoid",True,known hit (approved)
oxaprozin,Osteoarthritis,True,known hit (approved)
oxaprozin,Rheumatic Diseases,True,known hit (approved)
oxaprozin,rheumatoid arthritis,True,known hit (approved)
ozoralizumab,"Arthritis, Rheumatoid",False,out-of-pool (inert for the filter)
ozoralizumab,rheumatoid arthritis,False,out-of-pool (inert for the filter)
paclitaxel,Adenocarcinoma,True,reported RA investigation (not approved)
paclitaxel,Adenocarcinoma of Lung,True,reported RA investigation (not approved)
paclitaxel,"Adenocarcinoma, Bronchiolo-Alveolar",True,reported RA investigation (not approved)
paclitaxel,Adrenal Cortex Neoplasms,True,reported RA investigation (not approved)
paclitaxel,Anemia,True,reported RA investigation (not approved)
paclitaxel,Anus Neoplasms,True,reported RA investigation (not approved)
paclitaxel,"Arthritis, Rheumatoid (investigational, not approved)",True,reported RA investigation (not approved)
paclitaxel,Biliary Tract Neoplasms,True,reported RA investigation (not approved)
paclitaxel,Bone Neoplasms,True,reported RA investigation (not approved)
paclitaxel,Brain Neoplasms,True,reported RA investigation (not approved)
paclitaxel,Breast Carcinoma In Situ,True,reported RA investigation (not approved)
paclitaxel,Breast Neoplasms,True,reported RA investigation (not approved)
paclitaxel,"Breast Neoplasms, Male",True,reported RA investigation (not approved)
paclitaxel,Carcinoid Tumor,True,reported RA investigation (not approved)
paclitaxel,Carcinoma,True,reported RA investigation (not approved)
paclitaxel,"Carcinoma, Ductal",True,reported RA investigation (not approved)
paclitaxel,"Carcinoma, Endometrioid",True,reported RA investigation (not approved)
paclitaxel,"Carcinoma, Hepatocellular",True,reported RA investigation (not approved)
paclitaxel,"Carcinoma, Intraductal, Noninfiltrating",True,reported RA investigation (not approved)
paclitaxel,"Carcinoma, Large Cell",True,reported RA investigation (not approved)
paclitaxel,"Carcinoma, Merkel Cell",True,reported RA investigation (not approved)
paclitaxel,"Carcinoma, Neuroendocrine",True,reported RA investigation (not approved)
paclitaxel,"Carcinoma, Non-Small-Cell Lung",True,reported RA investigation (not approved)
paclitaxel,"Carcinoma, Ovarian Epithelial",True,reported RA investigation (not approved)
paclitaxel,"Carcinoma, Pancreatic Ductal",True,reported RA investigation (not approved)
paclitaxel,"Carcinoma, Renal Cell",True,reported RA investigation (not approved)
paclitaxel,"Carcinoma, Small Cell",True,reported RA investigation (not approved)
paclitaxel,"Carcinoma, Squamous Cell",True,reported RA investigation (not approved)
paclitaxel,"Carcinoma, Verrucous",True,reported RA investigation (not approved)
paclitaxel,Central Nervous System Neoplasms,True,reported RA investigation (not approved)
paclitaxel,Cholangiocarcinoma,True,reported RA investigation (not approved)
paclitaxel,Colorectal Neoplasms,True,reported RA investigation (not approved)
paclitaxel,"Constriction, Pathologic",True,reported RA investigation (not approved)
paclitaxel,Coronary Restenosis,True,reported RA investigation (not approved)
paclitaxel,"Cystadenoma, Serous",True,reported RA investigation (not approved)
paclitaxel,Digestive System Diseases,True,reported RA investigation (not approved)
paclitaxel,Endometrial Neoplasms,True,reported RA investigation (not approved)
paclitaxel,Esophageal Neoplasms,True,reported RA investigation (not approved)
paclitaxel,Fallopian Tube Neoplasms,True,reported RA investigation (not approved)
paclitaxel,Gallbladder Neoplasms,True,reported RA investigation (not approved)
paclitaxel,Gastrointestinal Stromal Tumors,True,reported RA investigation (not approved)
paclitaxel,"Genital Neoplasms, Female",True,reported RA investigation (not approved)
paclitaxel,Gestational Trophoblastic Disease,True,reported RA investigation (not approved)
paclitaxel,Glioblastoma,True,reported RA investigation (not approved)
paclitaxel,Glioma,True,reported RA investigation (not approved)
paclitaxel,Gliosarcoma,True,reported RA investigation (not approved)
paclitaxel,HIV Infections,True,reported RA investigation (not approved)
paclitaxel,Head and Neck Neoplasms,True,reported RA investigation (not approved)
paclitaxel,Hemangiosarcoma,True,reported RA investigation (not approved)
paclitaxel,Hereditary Breast and Ovarian Cancer Syndrome,True,reported RA investigation (not approved)
paclitaxel,Hodgkin Disease,True,reported RA investigation (not approved)
paclitaxel,Hypersensitivity,True,reported RA investigation (not approved)
paclitaxel,Hypopharyngeal Neoplasms,True,reported RA investigation (not approved)
paclitaxel,Inflammatory Breast Neoplasms,True,reported RA investigation (not approved)
paclitaxel,Ischemia,True,reported RA investigation (not approved)
paclitaxel,"Keratosis, Actinic",True,reported RA investigation (not approved)
paclitaxel,Kidney Neoplasms,True,reported RA investigation (not approved)
paclitaxel,Leukemia,True,reported RA investigation (not approved)
paclitaxel,"Leukemia, Lymphocytic, Chronic, B-Cell",True,reported RA investigation (not approved)
paclitaxel,Liver Neoplasms,True,reported RA investigation (not approved)
paclitaxel,Lung Neoplasms,True,reported RA investigation (not approved)
paclitaxel,Lymphoma,True,reported RA investigation (not approved)
paclitaxel,"Lymphoma, Non-Hodgkin",True,reported RA investigation (not approved)
paclitaxel,Melanoma,True,reported RA investigation (not approved)
paclitaxel,Mesothelioma,True,reported RA investigation (not approved)
paclitaxel,Mouth Neoplasms,True,reported RA investigation (not approved)
paclitaxel,Multiple Myeloma,True,reported RA investigation (not approved)
paclitaxel,Nasopharyngeal Carcinoma,True,reported RA investigation (not approved)
paclitaxel,Nasopharyngeal Neoplasms,True,reported RA investigation (not approved)
paclitaxel,Neoplasm Metastasis,True,reported RA investigation (not approved)
paclitaxel,Neoplasms,True,reported RA investigation (not approved)
paclitaxel,"Neoplasms, Complex and Mixed",True,reported RA investigation (not approved)
paclitaxel,"Neoplasms, Cystic, Mucinous, and Serous",True,reported RA investigation (not approved)
paclitaxel,"Neoplasms, Germ Cell and Embryonal",True,reported RA investigation (not approved)
paclitaxel,Oropharyngeal Neoplasms,True,reported RA investigation (not approved)
paclitaxel,Ovarian Neoplasms,True,reported RA investigation (not approved)
paclitaxel,Pain,True,reported RA investigation (not approved)
paclitaxel,Pancreatic Neoplasms,True,reported RA investigation (not approved)
paclitaxel,Paraganglioma,True,reported RA investigation (not approved)
paclitaxel,Penile Neoplasms,True,reported RA investigation (not approved)
paclitaxel,Peripheral Arterial Disease,True,reported RA investigation (not approved)
paclitaxel,Peripheral Nervous System Diseases,True,reported RA investigation (not approved)
paclitaxel,Peripheral Vascular Diseases,True,reported RA investigation (not approved)
paclitaxel,Peritoneal Neoplasms,True,reported RA investigation (not approved)
paclitaxel,Prostatic Hyperplasia,True,reported RA investigation (not approved)
paclitaxel,Prostatic Neoplasms,True,reported RA investigation (not approved)
paclitaxel,"Prostatic Neoplasms, Castration-Resistant",True,reported RA investigation (not approved)
paclitaxel,Psoriasis,True,reported RA investigation (not approved)
paclitaxel,Rectal Neoplasms,True,reported RA investigation (not approved)
paclitaxel,Retroviridae Infections,True,reported RA investigation (not approved)
paclitaxel,Salivary Gland Neoplasms,True,reported RA investigation (not approved)
paclitaxel,Sarcoma,True,reported RA investigation (not approved)
paclitaxel,"Sarcoma, Kaposi",True,reported RA investigation (not approved)
paclitaxel,Sex Cord-Gonadal Stromal Tumors,True,reported RA investigation (not approved)
paclitaxel,Small Cell Lung Carcinoma,True,reported RA investigation (not approved)
paclitaxel,Squamous Cell Carcinoma of Head and Neck,True,reported RA investigation (not approved)
paclitaxel,Stomach Neoplasms,True,reported RA investigation (not approved)
paclitaxel,Teratoma,True,reported RA investigation (not approved)
paclitaxel,Testicular Neoplasms,True,reported RA investigation (not approved)
paclitaxel,Thymoma,True,reported RA investigation (not approved)
paclitaxel,"Thyroid Carcinoma, Anaplastic",True,reported RA investigation (not approved)
paclitaxel,Thyroid Neoplasms,True,reported RA investigation (not approved)
paclitaxel,Triple Negative Breast Neoplasms,True,reported RA investigation (not approved)
paclitaxel,Urethral Neoplasms,True,reported RA investigation (not approved)
paclitaxel,Urinary Bladder Neoplasms,True,reported RA investigation (not approved)
paclitaxel,Urogenital Neoplasms,True,reported RA investigation (not approved)
paclitaxel,Uterine Cervical Dysplasia,True,reported RA investigation (not approved)
paclitaxel,Uterine Cervical Neoplasms,True,reported RA investigation (not approved)
paclitaxel,Uterine Neoplasms,True,reported RA investigation (not approved)
paclitaxel,Uveal Melanoma,True,reported RA investigation (not approved)
paclitaxel,Vaginal Neoplasms,True,reported RA investigation (not approved)
paclitaxel,Vulvar Neoplasms,True,reported RA investigation (not approved)
paracetamol,Abdominal Pain,True,reported RA investigation (not approved)
paracetamol,Acute Pain,True,reported RA investigation (not approved)
paracetamol,Ankle Fractures,True,reported RA investigation (not approved)
paracetamol,Anxiety,True,reported RA investigation (not approved)
paracetamol,"Arrhythmias, Cardiac",True,reported RA investigation (not approved)
paracetamol,Arthritis,True,reported RA investigation (not approved)
paracetamol,"Arthritis, Rheumatoid (investigational, not approved)",True,reported RA investigation (not approved)
paracetamol,Back Pain,True,reported RA investigation (not approved)
paracetamol,Borderline Personality Disorder,True,reported RA investigation (not approved)
paracetamol,Brain Concussion,True,reported RA investigation (not approved)
paracetamol,Brain Injuries,True,reported RA investigation (not approved)
paracetamol,Breast Neoplasms,True,reported RA investigation (not approved)
paracetamol,"Carcinoma, Non-Small-Cell Lung",True,reported RA investigation (not approved)
paracetamol,Chronic Pain,True,reported RA investigation (not approved)
paracetamol,Cleft Palate,True,reported RA investigation (not approved)
paracetamol,Common Cold,True,reported RA investigation (not approved)
paracetamol,Crohn Disease,True,reported RA investigation (not approved)
paracetamol,Delirium,True,reported RA investigation (not approved)
paracetamol,"Diabetes Mellitus, Type 1",True,reported RA investigation (not approved)
paracetamol,"Diabetes Mellitus, Type 2",True,reported RA investigation (not approved)
paracetamol,Diabetic Neuropathies,True,reported RA investigation (not approved)
paracetamol,Digestive System Diseases,True,reported RA investigation (not approved)
paracetamol,"Ductus Arteriosus, Patent",True,reported RA investigation (not approved)
paracetamol,Dysmenorrhea,True,reported RA investigation (not approved)
paracetamol,Fever,True,reported RA investigation (not approved)
paracetamol,"Fractures, Bone",True,reported RA investigation (not approved)
paracetamol,Glioma,True,reported RA investigation (not approved)
paracetamol,Glycogen Storage Disease Type II,True,reported RA investigation (not approved)
paracetamol,Graft vs Host Disease,True,reported RA investigation (not approved)
paracetamol,HIV Infections,True,reported RA investigation (not approved)
paracetamol,Headache,True,reported RA investigation (not approved)
paracetamol,Hemorrhage,True,reported RA investigation (not approved)
paracetamol,"Hepatitis B, Chronic",True,reported RA investigation (not approved)
paracetamol,Hypertension,True,reported RA investigation (not approved)
paracetamol,Hypertrophy,True,reported RA investigation (not approved)
paracetamol,Hypospadias,True,reported RA investigation (not approved)
paracetamol,Immune System Diseases,True,reported RA investigation (not approved)
paracetamol,Immunoglobulin G4-Related Disease,True,reported RA investigation (not approved)
paracetamol,Infections,True,reported RA investigation (not approved)
paracetamol,"Influenza, Human",True,reported RA investigation (not approved)
paracetamol,Intervertebral Disc Degeneration,True,reported RA investigation (not approved)
paracetamol,Kidney Calculi,True,reported RA investigation (not approved)
paracetamol,Kidney Diseases,True,reported RA investigation (not approved)
paracetamol,"Leukemia, Lymphocytic, Chronic, B-Cell",True,reported RA investigation (not approved)
paracetamol,"Leukemia, Mast-Cell",True,reported RA investigation (not approved)
paracetamol,"Leukemia, Myelogenous, Chronic, BCR-ABL Positive",True,reported RA investigation (not approved)
paracetamol,"Leukemia, Myeloid, Acute",True,reported RA investigation (not approved)
paracetamol,"Leukemia, T-Cell",True,reported RA investigation (not approved)
paracetamol,Low Back Pain,True,reported RA investigation (not approved)
paracetamol,Lupus Nephritis,True,reported RA investigation (not approved)
paracetamol,Lymphoma,True,reported RA investigation (not approved)
paracetamol,"Lymphoma, Follicular",True,reported RA investigation (not approved)
paracetamol,"Lymphoma, Large B-Cell, Diffuse",True,reported RA investigation (not approved)
paracetamol,"Lymphoma, Non-Hodgkin",True,reported RA investigation (not approved)
paracetamol,Malaria,True,reported RA investigation (not approved)
paracetamol,"Malaria, Falciparum",True,reported RA investigation (not approved)
paracetamol,Melanoma,True,reported RA investigation (not approved)
paracetamol,"Meningitis, Bacterial",True,reported RA investigation (not approved)
paracetamol,Migraine Disorders,True,reported RA investigation (not approved)
paracetamol,Mucositis,True,reported RA investigation (not approved)
paracetamol,Multiple Myeloma,True,reported RA investigation (not approved)
paracetamol,Multiple Sclerosis,True,reported RA investigation (not approved)
paracetamol,Muscle Cramp,True,reported RA investigation (not approved)
paracetamol,Myelodysplastic Syndromes,True,reported RA investigation (not approved)
paracetamol,Myopia,True,reported RA investigation (not approved)
paracetamol,Nausea,True,reported RA investigation (not approved)
paracetamol,Neck Pain,True,reported RA investigation (not approved)
paracetamol,Neoplasms,True,reported RA investigation (not approved)
paracetamol,Nervous System Diseases,True,reported RA investigation (not approved)
paracetamol,Neuralgia,True,reported RA investigation (not approved)
paracetamol,Obesity,True,reported RA investigation (not approved)
paracetamol,"Obesity, Morbid",True,reported RA investigation (not approved)
paracetamol,Osteoarthritis,True,reported RA investigation (not approved)
paracetamol,"Osteoarthritis, Hip",True,reported RA investigation (not approved)
paracetamol,"Osteoarthritis, Knee",True,reported RA investigation (not approved)
paracetamol,"Paget Disease, Extramammary",True,reported RA investigation (not approved)
paracetamol,Pain,True,reported RA investigation (not approved)
paracetamol,Parkinson Disease,True,reported RA investigation (not approved)
paracetamol,Pemphigus,True,reported RA investigation (not approved)
paracetamol,Pharyngitis,True,reported RA investigation (not approved)
paracetamol,Postoperative Nausea and Vomiting,True,reported RA investigation (not approved)
paracetamol,Pre-Eclampsia,True,reported RA investigation (not approved)
paracetamol,Precursor Cell Lymphoblastic Leukemia-Lymphoma,True,reported RA investigation (not approved)
paracetamol,Precursor T-Cell Lymphoblastic Leukemia-Lymphoma,True,reported RA investigation (not approved)
paracetamol,Pruritus,True,reported RA investigation (not approved)
paracetamol,Pulpitis,True,reported RA investigation (not approved)
paracetamol,"Purpura, Thrombocytopenic, Idiopathic",True,reported RA investigation (not approved)
paracetamol,Renal Colic,True,reported RA investigation (not approved)
paracetamol,Respiratory Tract Infections,True,reported RA investigation (not approved)
paracetamol,Rotator Cuff Injuries,True,reported RA investigation (not approved)
paracetamol,Scoliosis,True,reported RA investigation (not approved)
paracetamol,Sepsis,True,reported RA investigation (not approved)
paracetamol,Severe Acute Respiratory Syndrome,True,reported RA investigation (not approved)
paracetamol,Sinusitis,True,reported RA investigation (not approved)
paracetamol,Streptococcal Infections,True,reported RA investigation (not approved)
paracetamol,Tension-Type Headache,True,reported RA investigation (not approved)
paracetamol,Tooth Diseases,True,reported RA investigation (not approved)
paracetamol,Toothache,True,reported RA investigation (not approved)
paracetamol,Vomiting,True,reported RA investigation (not approved)
paracetamol,Wounds and Injuries,True,reported RA investigation (not approved)
paridiprubart,"Arthritis, Rheumatoid",False,out-of-pool (inert for the filter)
paridiprubart,rheumatoid arthritis,False,out-of-pool (inert for the filter)
paroxetine,Agoraphobia,True,reported RA investigation (not approved)
paroxetine,Alcoholism,True,reported RA investigation (not approved)
paroxetine,Anovulation,True,reported RA investigation (not approved)
paroxetine,Anxiety,True,reported RA investigation (not approved)
paroxetine,Anxiety Disorders,True,reported RA investigation (not approved)
paroxetine,"Arthritis, Rheumatoid (investigational, not approved)",True,reported RA investigation (not approved)
paroxetine,Bipolar Disorder,True,reported RA investigation (not approved)
paroxetine,Dementia,True,reported RA investigation (not approved)
paroxetine,Depressive Disorder,True,reported RA investigation (not approved)
paroxetine,"Depressive Disorder, Major",True,reported RA investigation (not approved)
paroxetine,"Diabetes Mellitus, Type 2",True,reported RA investigation (not approved)
paroxetine,Fibromyalgia,True,reported RA investigation (not approved)
paroxetine,"Hepatitis C, Chronic",True,reported RA investigation (not approved)
paroxetine,Idiopathic Pulmonary Fibrosis,True,reported RA investigation (not approved)
paroxetine,Myocardial Infarction,True,reported RA investigation (not approved)
paroxetine,Neuralgia,True,reported RA investigation (not approved)
paroxetine,Obsessive-Compulsive Disorder,True,reported RA investigation (not approved)
paroxetine,Panic Disorder,True,reported RA investigation (not approved)
paroxetine,Parkinson Disease,True,reported RA investigation (not approved)
paroxetine,"Phobia, Social",True,reported RA investigation (not approved)
paroxetine,Premature Ejaculation,True,reported RA investigation (not approved)
paroxetine,Schizophrenia,True,reported RA investigation (not approved)
paroxetine,"Stress Disorders, Post-Traumatic",True,reported RA investigation (not approved)
paroxetine,Tinnitus,True,reported RA investigation (not approved)
pateclizumab,"Arthritis, Rheumatoid",False,out-of-pool (inert for the filter)
pateclizumab,rheumatoid arthritis,False,out-of-pool (inert for the filter)
pd-360324,"Arthritis, Rheumatoid",False,out-of-pool (inert for the filter)
pd-360324,rheumatoid arthritis,False,out-of-pool (inert for the filter)
peficitinib,"Arthritis, Rheumatoid",False,out-of-pool (inert for the filter)
peficitinib,rheumatoid arthritis,False,out-of-pool (inert for the filter)
pegsunercept,"Arthritis, Rheumatoid",False,out-of-pool (inert for the filter)
pegsunercept,rheumatoid arthritis,False,out-of-pool (inert for the filter)
pelubiprofen,"Arthritis, Rheumatoid",False,out-of-pool (inert for the filter)
pelubiprofen,rheumatoid arthritis,False,out-of-pool (inert for the filter)
penicillamine,"Arthritis, Rheumatoid",False,out-of-pool (inert for the filter)
penicillamine,rheumatoid arthritis,False,out-of-pool (inert for the filter)
peresolimab,"Arthritis, Rheumatoid",False,out-of-pool (inert for the filter)
peresolimab,rheumatoid arthritis,False,out-of-pool (inert for the filter)
pexidartinib,"Arthritis, Rheumatoid",False,out-of-pool (inert for the filter)
pexidartinib,rheumatoid arthritis,False,out-of-pool (inert for the filter)
pg-760564,"Arthritis, Rheumatoid",False,out-of-pool (inert for the filter)
pg-760564,rheumatoid arthritis,False,out-of-pool (inert for the filter)
phytonadione,"Arthritis, Rheumatoid",False,out-of-pool (inert for the filter)
phytonadione,rheumatoid arthritis,False,out-of-pool (inert for the filter)
pioglitazone,Adrenoleukodystrophy,True,reported RA investigation (not approved)
pioglitazone,Alcoholism,True,reported RA investigation (not approved)
pioglitazone,Alzheimer Disease,True,reported RA investigation (not approved)
pioglitazone,Amyotrophic Lateral Sclerosis,True,reported RA investigation (not approved)
pioglitazone,Anemia,True,reported RA investigation (not approved)
pioglitazone,"Arthritis, Rheumatoid (investigational, not approved)",True,reported RA investigation (not approved)
pioglitazone,Asthma,True,reported RA investigation (not approved)
pioglitazone,Astrocytoma,True,reported RA investigation (not approved)
pioglitazone,Atherosclerosis,True,reported RA investigation (not approved)
pioglitazone,Brain Neoplasms,True,reported RA investigation (not approved)
pioglitazone,"Carcinoma, Non-Small-Cell Lung",True,reported RA investigation (not approved)
pioglitazone,"Carcinoma, Squamous Cell",True,reported RA investigation (not approved)
pioglitazone,Cardiovascular Diseases,True,reported RA investigation (not approved)
pioglitazone,Cerebral Hemorrhage,True,reported RA investigation (not approved)
pioglitazone,"Child Development Disorders, Pervasive",True,reported RA investigation (not approved)
pioglitazone,Cognitive Dysfunction,True,reported RA investigation (not approved)
pioglitazone,Coronary Disease,True,reported RA investigation (not approved)
pioglitazone,Crohn Disease,True,reported RA investigation (not approved)
pioglitazone,Cystic Fibrosis,True,reported RA investigation (not approved)
pioglitazone,"Depressive Disorder, Major",True,reported RA investigation (not approved)
pioglitazone,Diabetes Mellitus,True,reported RA investigation (not approved)
pioglitazone,"Diabetes Mellitus, Type 1",True,reported RA investigation (not approved)
pioglitazone,"Diabetes Mellitus, Type 2",True,reported RA investigation (not approved)
pioglitazone,Fatty Liver,True,reported RA investigation (not approved)
pioglitazone,Friedreich Ataxia,True,reported RA investigation (not approved)
pioglitazone,Gastroparesis,True,reported RA investigation (not approved)
pioglitazone,Glioblastoma,True,reported RA investigation (not approved)
pioglitazone,Glucose Intolerance,True,reported RA investigation (not approved)
pioglitazone,"Granulomatous Disease, Chronic",True,reported RA investigation (not approved)
pioglitazone,HIV Infections,True,reported RA investigation (not approved)
pioglitazone,HIV-Associated Lipodystrophy Syndrome,True,reported RA investigation (not approved)
pioglitazone,Hepatitis,True,reported RA investigation (not approved)
pioglitazone,Hepatitis C,True,reported RA investigation (not approved)
pioglitazone,"Hepatitis C, Chronic",True,reported RA investigation (not approved)
pioglitazone,Hypercholesterolemia,True,reported RA investigation (not approved)
pioglitazone,Hypertension,True,reported RA investigation (not approved)
pioglitazone,"Hypertension, Pulmonary",True,reported RA investigation (not approved)
pioglitazone,Infections,True,reported RA investigation (not approved)
pioglitazone,Inflammation,True,reported RA investigation (not approved)
pioglitazone,Insulin Resistance,True,reported RA investigation (not approved)
pioglitazone,"Leukemia, Myelogenous, Chronic, BCR-ABL Positive",True,reported RA investigation (not approved)
pioglitazone,"Leukemia, Myeloid, Acute",True,reported RA investigation (not approved)
pioglitazone,"Leukoplakia, Oral",True,reported RA investigation (not approved)
pioglitazone,Liposarcoma,True,reported RA investigation (not approved)
pioglitazone,"Liposarcoma, Myxoid",True,reported RA investigation (not approved)
pioglitazone,Liver Diseases,True,reported RA investigation (not approved)
pioglitazone,Lung Neoplasms,True,reported RA investigation (not approved)
pioglitazone,"Lupus Erythematosus, Systemic",True,reported RA investigation (not approved)
pioglitazone,Melanoma,True,reported RA investigation (not approved)
pioglitazone,Meningioma,True,reported RA investigation (not approved)
pioglitazone,Metabolic Syndrome,True,reported RA investigation (not approved)
pioglitazone,Multiple Myeloma,True,reported RA investigation (not approved)
pioglitazone,Multiple Sclerosis,True,reported RA investigation (not approved)
pioglitazone,"Multiple Sclerosis, Relapsing-Remitting",True,reported RA investigation (not approved)
pioglitazone,Neoplasms,True,reported RA investigation (not approved)
pioglitazone,Non-alcoholic Fatty Liver Disease,True,reported RA investigation (not approved)
pioglitazone,Obesity,True,reported RA investigation (not approved)
pioglitazone,Opioid-Related Disorders,True,reported RA investigation (not approved)
pioglitazone,Pancreatic Neoplasms,True,reported RA investigation (not approved)
pioglitazone,Parkinson Disease,True,reported RA investigation (not approved)
pioglitazone,Peripheral Arterial Disease,True,reported RA investigation (not approved)
pioglitazone,Polycystic Kidney Diseases,True,reported RA investigation (not approved)
pioglitazone,Polycystic Ovary Syndrome,True,reported RA investigation (not approved)
pioglitazone,Prostatic Neoplasms,True,reported RA investigation (not approved)
pioglitazone,"Prostatic Neoplasms, Castration-Resistant",True,reported RA investigation (not approved)
pioglitazone,Psoriasis,True,reported RA investigation (not approved)
pioglitazone,Pulmonary Alveolar Proteinosis,True,reported RA investigation (not approved)
pioglitazone,"Renal Insufficiency, Chronic",True,reported RA investigation (not approved)
pioglitazone,Stroke,True,reported RA investigation (not approved)
pioglitazone,Thyroid Neoplasms,True,reported RA investigation (not approved)
piroxicam,Arthralgia,True,known hit (approved)
piroxicam,"Arthritis, Rheumatoid",True,known hit (approved)
piroxicam,Eye Diseases,True,known hit (approved)
piroxicam,Myalgia,True,known hit (approved)
piroxicam,Osteoarthritis,True,known hit (approved)
piroxicam,"Osteoarthritis, Knee",True,known hit (approved)
piroxicam,Pain,True,known hit (approved)
piroxicam,Renal Colic,True,known hit (approved)
piroxicam,Rheumatic Diseases,True,known hit (approved)
piroxicam,Tennis Elbow,True,known hit (approved)
piroxicam,Wounds and Injuries,True,known hit (approved)
piroxicam,rheumatoid arthritis,True,known hit (approved)
placulumab,"Arthritis, Rheumatoid",False,out-of-pool (inert for the filter)
placulumab,rheumatoid arthritis,False,out-of-pool (inert for the filter)
plonmarlimab,"Arthritis, Rheumatoid",False,out-of-pool (inert for the filter)
plonmarlimab,rheumatoid arthritis,False,out-of-pool (inert for the filter)
plx-5622,"Arthritis, Rheumatoid",False,out-of-pool (inert for the filter)
plx-5622,rheumatoid arthritis,False,out-of-pool (inert for the filter)
"poison ivy extract, alum precipitated","Arthritis, Rheumatoid",False,out-of-pool (inert for the filter)
"poison ivy extract, alum precipitated",rheumatoid arthritis,False,out-of-pool (inert for the filter)
poseltinib,"Arthritis, Rheumatoid",False,out-of-pool (inert for the filter)
poseltinib,rheumatoid arthritis,False,out-of-pool (inert for the filter)
pravastatin,Acute Kidney Injury,True,reported RA investigation (not approved)
pravastatin,"Arthritis, Rheumatoid (investigational, not approved)",True,reported RA investigation (not approved)
pravastatin,Breast Neoplasms,True,reported RA investigation (not approved)
pravastatin,Carcinoma,True,reported RA investigation (not approved)
pravastatin,"Carcinoma, Hepatocellular",True,reported RA investigation (not approved)
pravastatin,Cardiomyopathies,True,reported RA investigation (not approved)
pravastatin,Cardiovascular Diseases,True,reported RA investigation (not approved)
pravastatin,Diabetes Mellitus,True,reported RA investigation (not approved)
pravastatin,Fibrosis,True,reported RA investigation (not approved)
pravastatin,HIV Infections,True,reported RA investigation (not approved)
pravastatin,Heart Failure,True,reported RA investigation (not approved)
pravastatin,Hypercholesterolemia,True,reported RA investigation (not approved)
pravastatin,"Hyperlipidemia, Familial Combined",True,reported RA investigation (not approved)
pravastatin,Hyperlipidemias,True,reported RA investigation (not approved)
pravastatin,Hyperlipoproteinemia Type III,True,reported RA investigation (not approved)
pravastatin,Hypertension,True,reported RA investigation (not approved)
pravastatin,Ischemic Stroke,True,reported RA investigation (not approved)
pravastatin,Leukemia,True,reported RA investigation (not approved)
pravastatin,Lipid Metabolism Disorders,True,reported RA investigation (not approved)
pravastatin,"Lupus Erythematosus, Systemic",True,reported RA investigation (not approved)
pravastatin,Mucocutaneous Lymph Node Syndrome,True,reported RA investigation (not approved)
pravastatin,"Multiple Sclerosis, Relapsing-Remitting",True,reported RA investigation (not approved)
pravastatin,Myocardial Infarction,True,reported RA investigation (not approved)
pravastatin,Myocardial Ischemia,True,reported RA investigation (not approved)
pravastatin,Pneumonia,True,reported RA investigation (not approved)
pravastatin,"Polycystic Kidney, Autosomal Dominant",True,reported RA investigation (not approved)
pravastatin,Pre-Eclampsia,True,reported RA investigation (not approved)
pravastatin,Progeria,True,reported RA investigation (not approved)
pravastatin,"Renal Insufficiency, Chronic",True,reported RA investigation (not approved)
pravastatin,Tuberculosis,True,reported RA investigation (not approved)
pravastatin,"Tuberculosis, Pulmonary",True,reported RA investigation (not approved)
prednisolone,"Arthritis, Rheumatoid",False,out-of-pool (inert for the filter)
prednisolone,rheumatoid arthritis,False,out-of-pool (inert for the filter)
prednisone,AIDS-Associated Nephropathy,True,known hit (approved)
prednisone,Acquired Immunodeficiency Syndrome,True,known hit (approved)
prednisone,Addison Disease,True,known hit (approved)
prednisone,"Adrenal Hyperplasia, Congenital",True,known hit (approved)
prednisone,Adrenal Insufficiency,True,known hit (approved)
prednisone,Alzheimer Disease,True,known hit (approved)
prednisone,Amyotrophic Lateral Sclerosis,True,known hit (approved)
prednisone,Anemia,True,known hit (approved)
prednisone,"Anemia, Aplastic",True,known hit (approved)
prednisone,"Anemia, Diamond-Blackfan",True,known hit (approved)
prednisone,"Anemia, Hemolytic",True,known hit (approved)
prednisone,"Anemia, Hemolytic, Autoimmune",True,known hit (approved)
prednisone,Anti-Neutrophil Cytoplasmic Antibody-Associated Vasculitis,True,known hit (approved)
prednisone,Arthritis,True,known hit (approved)
prednisone,"Arthritis, Gouty",True,known hit (approved)
prednisone,"Arthritis, Juvenile",True,known hit (approved)
prednisone,"Arthritis, Psoriatic",True,known hit (approved)
prednisone,"Arthritis, Rheumatoid",True,known hit (approved)
prednisone,Asthma,True,known hit (approved)
prednisone,Autoimmune Diseases,True,known hit (approved)
prednisone,Bell Palsy,True,known hit (approved)
prednisone,Berylliosis,True,known hit (approved)
prednisone,Blast Crisis,True,known hit (approved)
prednisone,Blastic Plasmacytoid Dendritic Cell Neoplasm,True,known hit (approved)
prednisone,Brain Neoplasms,True,known hit (approved)
prednisone,Breast Neoplasms,True,known hit (approved)
prednisone,Bronchiolitis Obliterans Syndrome,True,known hit (approved)
prednisone,Burkitt Lymphoma,True,known hit (approved)
prednisone,Bursitis,True,known hit (approved)
prednisone,Canavan Disease,True,known hit (approved)
prednisone,"Carcinoma, Hepatocellular",True,known hit (approved)
prednisone,"Carcinoma, Non-Small-Cell Lung",True,known hit (approved)
prednisone,Cardiomyopathies,True,known hit (approved)
prednisone,Castleman Disease,True,known hit (approved)
prednisone,Central Nervous System Neoplasms,True,known hit (approved)
prednisone,Chemical and Drug Induced Liver Injury,True,known hit (approved)
prednisone,Chorioretinitis,True,known hit (approved)
prednisone,Choroiditis,True,known hit (approved)
prednisone,Churg-Strauss Syndrome,True,known hit (approved)
prednisone,"Colitis, Ulcerative",True,known hit (approved)
prednisone,"Conjunctivitis, Allergic",True,known hit (approved)
prednisone,Crohn Disease,True,known hit (approved)
prednisone,Cystic Fibrosis,True,known hit (approved)
prednisone,Deafness,True,known hit (approved)
prednisone,Dermatitis Herpetiformis,True,known hit (approved)
prednisone,"Dermatitis, Atopic",True,known hit (approved)
prednisone,"Dermatitis, Contact",True,known hit (approved)
prednisone,"Dermatitis, Exfoliative",True,known hit (approved)
prednisone,"Dermatitis, Seborrheic",True,known hit (approved)
prednisone,Dermatomyositis,True,known hit (approved)
prednisone,"Diabetes Mellitus, Type 2",True,known hit (approved)
prednisone,"Embolism, Cholesterol",True,known hit (approved)
prednisone,Endocrine System Diseases,True,known hit (approved)
prednisone,Erythema Multiforme,True,known hit (approved)
prednisone,Esophageal Stenosis,True,known hit (approved)
prednisone,Fanconi Anemia,True,known hit (approved)
prednisone,Frontotemporal Dementia,True,known hit (approved)
prednisone,Gangliosidoses,True,known hit (approved)
prednisone,Gastrointestinal Stromal Tumors,True,known hit (approved)
prednisone,Gaucher Disease,True,known hit (approved)
prednisone,Geographic Atrophy,True,known hit (approved)
prednisone,Giant Cell Arteritis,True,known hit (approved)
prednisone,"Glomerulonephritis, IGA",True,known hit (approved)
prednisone,"Glomerulonephritis, Membranous",True,known hit (approved)
prednisone,"Glomerulosclerosis, Focal Segmental",True,known hit (approved)
prednisone,Glucose Intolerance,True,known hit (approved)
prednisone,Graft vs Host Disease,True,known hit (approved)
prednisone,Granulomatosis with Polyangiitis,True,known hit (approved)
prednisone,Graves Ophthalmopathy,True,known hit (approved)
prednisone,HIV Infections,True,known hit (approved)
prednisone,Hearing Loss,True,known hit (approved)
prednisone,"Hearing Loss, Sensorineural",True,known hit (approved)
prednisone,Heart Diseases,True,known hit (approved)
prednisone,Heart Failure,True,known hit (approved)
prednisone,Hemangioma,True,known hit (approved)
prednisone,Hematologic Diseases,True,known hit (approved)
prednisone,Hematologic Neoplasms,True,known hit (approved)
prednisone,Hemophilia A,True,known hit (approved)
prednisone,Hepatitis C,True,known hit (approved)
prednisone,"Hepatitis, Alcoholic",True,known hit (approved)
prednisone,"Hepatitis, Autoimmune",True,known hit (approved)
prednisone,Herpes Zoster Ophthalmicus,True,known hit (approved)
prednisone,"Histiocytosis, Langerhans-Cell",True,known hit (approved)
prednisone,Hodgkin Disease,True,known hit (approved)
prednisone,Hypercalcemia,True,known hit (approved)
prednisone,Hypereosinophilic Syndrome,True,known hit (approved)
prednisone,Hypersensitivity,True,known hit (approved)
prednisone,Idiopathic Pulmonary Fibrosis,True,known hit (approved)
prednisone,IgA Vasculitis,True,known hit (approved)
prednisone,Immunoblastic Lymphadenopathy,True,known hit (approved)
prednisone,Immunoglobulin G4-Related Disease,True,known hit (approved)
prednisone,Inflammation,True,known hit (approved)
prednisone,Iridocyclitis,True,known hit (approved)
prednisone,Iritis,True,known hit (approved)
prednisone,Keratitis,True,known hit (approved)
prednisone,Kidney Diseases,True,known hit (approved)
prednisone,"Kidney Failure, Chronic",True,known hit (approved)
prednisone,Kidney Neoplasms,True,known hit (approved)
prednisone,Leukemia,True,known hit (approved)
prednisone,"Leukemia, Biphenotypic, Acute",True,known hit (approved)
prednisone,"Leukemia, Lymphocytic, Chronic, B-Cell",True,known hit (approved)
prednisone,"Leukemia, Lymphoid",True,known hit (approved)
prednisone,"Leukemia, Myeloid, Acute",True,known hit (approved)
prednisone,"Leukemia-Lymphoma, Adult T-Cell",True,known hit (approved)
prednisone,"Lichen Planus, Oral",True,known hit (approved)
prednisone,Lung Diseases,True,known hit (approved)
prednisone,Lung Neoplasms,True,known hit (approved)
prednisone,"Lupus Erythematosus, Systemic",True,known hit (approved)
prednisone,Lupus Nephritis,True,known hit (approved)
prednisone,"Lymphohistiocytosis, Hemophagocytic",True,known hit (approved)
prednisone,Lymphoma,True,known hit (approved)
prednisone,"Lymphoma, AIDS-Related",True,known hit (approved)
prednisone,"Lymphoma, B-Cell",True,known hit (approved)
prednisone,"Lymphoma, B-Cell, Marginal Zone",True,known hit (approved)
prednisone,"Lymphoma, Follicular",True,known hit (approved)
prednisone,"Lymphoma, Large B-Cell, Diffuse",True,known hit (approved)
prednisone,"Lymphoma, Large-Cell, Anaplastic",True,known hit (approved)
prednisone,"Lymphoma, Mantle-Cell",True,known hit (approved)
prednisone,"Lymphoma, Non-Hodgkin",True,known hit (approved)
prednisone,"Lymphoma, Primary Effusion",True,known hit (approved)
prednisone,"Lymphoma, T-Cell",True,known hit (approved)
prednisone,"Lymphoma, T-Cell, Peripheral",True,known hit (approved)
prednisone,Lymphoproliferative Disorders,True,known hit (approved)
prednisone,Melanoma,True,known hit (approved)
prednisone,Microscopic Polyangiitis,True,known hit (approved)
prednisone,Multiple Myeloma,True,known hit (approved)
prednisone,Multiple Sclerosis,True,known hit (approved)
prednisone,"Multiple Sclerosis, Relapsing-Remitting",True,known hit (approved)
prednisone,"Muscular Dystrophy, Duchenne",True,known hit (approved)
prednisone,Myasthenia Gravis,True,known hit (approved)
prednisone,Mycosis Fungoides,True,known hit (approved)
prednisone,Myelodysplastic Syndromes,True,known hit (approved)
prednisone,Myeloproliferative Disorders,True,known hit (approved)
prednisone,Myocarditis,True,known hit (approved)
prednisone,Nasal Polyps,True,known hit (approved)
prednisone,Neoplasms,True,known hit (approved)
prednisone,"Neoplasms, Plasma Cell",True,known hit (approved)
prednisone,"Nephritis, Interstitial",True,known hit (approved)
prednisone,Nephrotic Syndrome,True,known hit (approved)
prednisone,Neuroblastoma,True,known hit (approved)
prednisone,Neuromyelitis Optica,True,known hit (approved)
prednisone,"Ophthalmia, Sympathetic",True,known hit (approved)
prednisone,Opsoclonus-Myoclonus Syndrome,True,known hit (approved)
prednisone,Optic Neuritis,True,known hit (approved)
prednisone,Osteoarthritis,True,known hit (approved)
prednisone,Pain,True,known hit (approved)
prednisone,"Pemphigoid, Bullous",True,known hit (approved)
prednisone,Pemphigus,True,known hit (approved)
prednisone,Peptic Ulcer,True,known hit (approved)
prednisone,Pericarditis,True,known hit (approved)
prednisone,Pneumonia,True,known hit (approved)
prednisone,"Pneumonia, Viral",True,known hit (approved)
prednisone,Polycythemia Vera,True,known hit (approved)
prednisone,Polymyalgia Rheumatica,True,known hit (approved)
prednisone,Polymyositis,True,known hit (approved)
prednisone,"Polyradiculoneuropathy, Chronic Inflammatory Demyelinating",True,known hit (approved)
prednisone,Precursor Cell Lymphoblastic Leukemia-Lymphoma,True,known hit (approved)
prednisone,Precursor T-Cell Lymphoblastic Leukemia-Lymphoma,True,known hit (approved)
prednisone,Premature Birth,True,known hit (approved)
prednisone,Primary Myelofibrosis,True,known hit (approved)
prednisone,Prostatic Neoplasms,True,known hit (approved)
prednisone,"Prostatic Neoplasms, Castration-Resistant",True,known hit (approved)
prednisone,Psoriasis,True,known hit (approved)
prednisone,"Pulmonary Disease, Chronic Obstructive",True,known hit (approved)
prednisone,Pulmonary Eosinophilia,True,known hit (approved)
prednisone,Pulmonary Fibrosis,True,known hit (approved)
prednisone,"Purpura, Thrombocytopenic, Idiopathic",True,known hit (approved)
prednisone,"Purpura, Thrombotic Thrombocytopenic",True,known hit (approved)
prednisone,"Renal Insufficiency, Chronic",True,known hit (approved)
prednisone,Respiratory Syncytial Virus Infections,True,known hit (approved)
prednisone,Retroperitoneal Fibrosis,True,known hit (approved)
prednisone,"Rhinitis, Allergic",True,known hit (approved)
prednisone,"Rhinitis, Allergic, Perennial",True,known hit (approved)
prednisone,"Rhinitis, Allergic, Seasonal",True,known hit (approved)
prednisone,Sarcoidosis,True,known hit (approved)
prednisone,"Sarcoidosis, Pulmonary",True,known hit (approved)
prednisone,Sarcoma,True,known hit (approved)
prednisone,Sciatica,True,known hit (approved)
prednisone,Serum Sickness,True,known hit (approved)
prednisone,Severe Acute Respiratory Syndrome,True,known hit (approved)
prednisone,Sinusitis,True,known hit (approved)
prednisone,Spondylitis,True,known hit (approved)
prednisone,"Spondylitis, Ankylosing",True,known hit (approved)
prednisone,Status Asthmaticus,True,known hit (approved)
prednisone,Stevens-Johnson Syndrome,True,known hit (approved)
prednisone,Stiff-Person Syndrome,True,known hit (approved)
prednisone,Synovitis,True,known hit (approved)
prednisone,Takayasu Arteritis,True,known hit (approved)
prednisone,Tennis Elbow,True,known hit (approved)
prednisone,Tenosynovitis,True,known hit (approved)
prednisone,"Thrombocythemia, Essential",True,known hit (approved)
prednisone,Thrombocytopenia,True,known hit (approved)
prednisone,Thymus Neoplasms,True,known hit (approved)
prednisone,"Thyroiditis, Subacute",True,known hit (approved)
prednisone,Trichinellosis,True,known hit (approved)
prednisone,Tuberculosis,True,known hit (approved)
prednisone,"Tuberculosis, Meningeal",True,known hit (approved)
prednisone,"Tuberculosis, Pulmonary",True,known hit (approved)
prednisone,Urticaria,True,known hit (approved)
prednisone,Uveitis,True,known hit (approved)
prednisone,"Uveitis, Intermediate",True,known hit (approved)
prednisone,"Uveitis, Posterior",True,known hit (approved)
prednisone,Vasculitis,True,known hit (approved)
prednisone,Vestibular Neuronitis,True,known hit (approved)
prednisone,Waldenstrom Macroglobulinemia,True,known hit (approved)
prednisone,rheumatoid arthritis,True,known hit (approved)
quetmolimab,"Arthritis, Rheumatoid",False,out-of-pool (inert for the filter)
quetmolimab,rheumatoid arthritis,False,out-of-pool (inert for the filter)
ramipril,Albuminuria,True,reported RA investigation (not approved)
ramipril,"Arthritis, Rheumatoid (investigational, not approved)",True,reported RA investigation (not approved)
ramipril,Atherosclerosis,True,reported RA investigation (not approved)
ramipril,Atrial Fibrillation,True,reported RA investigation (not approved)
ramipril,Atrial Flutter,True,reported RA investigation (not approved)
ramipril,Cardiovascular Diseases,True,reported RA investigation (not approved)
ramipril,Coronary Artery Disease,True,reported RA investigation (not approved)
ramipril,Diabetes Mellitus,True,reported RA investigation (not approved)
ramipril,"Diabetes Mellitus, Type 1",True,reported RA investigation (not approved)
ramipril,"Diabetes Mellitus, Type 2",True,reported RA investigation (not approved)
ramipril,Diabetic Nephropathies,True,reported RA investigation (not approved)
ramipril,Glomerulonephritis,True,reported RA investigation (not approved)
ramipril,Glucose Intolerance,True,reported RA investigation (not approved)
ramipril,Heart Diseases,True,reported RA investigation (not approved)
ramipril,Heart Failure,True,reported RA investigation (not approved)
ramipril,Hypercholesterolemia,True,reported RA investigation (not approved)
ramipril,Hypertension,True,reported RA investigation (not approved)
ramipril,Kidney Diseases,True,reported RA investigation (not approved)
ramipril,"Lupus Erythematosus, Systemic",True,reported RA investigation (not approved)
ramipril,Metabolic Diseases,True,reported RA investigation (not approved)
ramipril,Metabolic Syndrome,True,reported RA investigation (not approved)
ramipril,Myocardial Infarction,True,reported RA investigation (not approved)
ramipril,Myocardial Ischemia,True,reported RA investigation (not approved)
ramipril,"Renal Insufficiency, Chronic",True,reported RA investigation (not approved)
ramipril,Severe Acute Respiratory Syndrome,True,reported RA investigation (not approved)
ramipril,Stroke,True,reported RA investigation (not approved)
ramipril,Stuttering,True,reported RA investigation (not approved)
rebamipide,"Arthritis, Rheumatoid (investigational, not approved)",True,reported RA investigation (not approved)
rebamipide,"Colitis, Ulcerative",True,reported RA investigation (not approved)
rebamipide,Dry Eye Syndromes,True,reported RA investigation (not approved)
rebamipide,Gastritis,True,reported RA investigation (not approved)
rebamipide,Gastroesophageal Reflux,True,reported RA investigation (not approved)
rebamipide,Head and Neck Neoplasms,True,reported RA investigation (not approved)
rebamipide,Osteoarthritis,True,reported RA investigation (not approved)
rebamipide,Peptic Ulcer,True,reported RA investigation (not approved)
rebamipide,"Spondylitis, Ankylosing",True,reported RA investigation (not approved)
rebamipide,Stomach Ulcer,True,reported RA investigation (not approved)
remtolumab,"Arthritis, Rheumatoid",False,out-of-pool (inert for the filter)
remtolumab,rheumatoid arthritis,False,out-of-pool (inert for the filter)
repaglinide,"Anemia, Sickle Cell",True,reported RA investigation (not approved)
repaglinide,"Arthritis, Rheumatoid (investigational, not approved)",True,reported RA investigation (not approved)
repaglinide,Atherosclerosis,True,reported RA investigation (not approved)
repaglinide,Coronary Disease,True,reported RA investigation (not approved)
repaglinide,Cystic Fibrosis,True,reported RA investigation (not approved)
repaglinide,Diabetes Mellitus,True,reported RA investigation (not approved)
repaglinide,"Diabetes Mellitus, Type 2",True,reported RA investigation (not approved)
repaglinide,Gastrointestinal Stromal Tumors,True,reported RA investigation (not approved)
repaglinide,Hypercholesterolemia,True,reported RA investigation (not approved)
repaglinide,Hypertension,True,reported RA investigation (not approved)
repaglinide,Malaria,True,reported RA investigation (not approved)
repaglinide,Mitochondrial Diseases,True,reported RA investigation (not approved)
repaglinide,Neoplasms,True,reported RA investigation (not approved)
repaglinide,Parkinson Disease,True,reported RA investigation (not approved)
repaglinide,"Prostatic Neoplasms, Castration-Resistant",True,reported RA investigation (not approved)
resomelagon acetate,"Arthritis, Rheumatoid",False,out-of-pool (inert for the filter)
resomelagon acetate,rheumatoid arthritis,False,out-of-pool (inert for the filter)
revamilast,"Arthritis, Rheumatoid",False,out-of-pool (inert for the filter)
revamilast,rheumatoid arthritis,False,out-of-pool (inert for the filter)
rifampin,"Arthritis, Rheumatoid",False,out-of-pool (inert for the filter)
rifampin,rheumatoid arthritis,False,out-of-pool (inert for the filter)
rimacalib,"Arthritis, Rheumatoid",False,out-of-pool (inert for the filter)
rimacalib,rheumatoid arthritis,False,out-of-pool (inert for the filter)
ritlecitinib,"Arthritis, Rheumatoid",False,out-of-pool (inert for the filter)
ritlecitinib,rheumatoid arthritis,False,out-of-pool (inert for the filter)
rituximab,"Arthritis, Rheumatoid",False,out-of-pool (inert for the filter)
rituximab,rheumatoid arthritis,False,out-of-pool (inert for the filter)
rosiglitazone,Alzheimer Disease,True,reported RA investigation (not approved)
rosiglitazone,Anemia,True,reported RA investigation (not approved)
rosiglitazone,"Arthritis, Rheumatoid (investigational, not approved)",True,reported RA investigation (not approved)
rosiglitazone,Asthma,True,reported RA investigation (not approved)
rosiglitazone,Atherosclerosis,True,reported RA investigation (not approved)
rosiglitazone,Breast Neoplasms,True,reported RA investigation (not approved)
rosiglitazone,Cardiovascular Diseases,True,reported RA investigation (not approved)
rosiglitazone,Cognitive Dysfunction,True,reported RA investigation (not approved)
rosiglitazone,"Colitis, Ulcerative",True,reported RA investigation (not approved)
rosiglitazone,Coronary Disease,True,reported RA investigation (not approved)
rosiglitazone,Diabetes Mellitus,True,reported RA investigation (not approved)
rosiglitazone,"Diabetes Mellitus, Type 2",True,reported RA investigation (not approved)
rosiglitazone,Diabetic Neuropathies,True,reported RA investigation (not approved)
rosiglitazone,Endometriosis,True,reported RA investigation (not approved)
rosiglitazone,Erectile Dysfunction,True,reported RA investigation (not approved)
rosiglitazone,"Glomerulosclerosis, Focal Segmental",True,reported RA investigation (not approved)
rosiglitazone,Glucose Intolerance,True,reported RA investigation (not approved)
rosiglitazone,HIV Infections,True,reported RA investigation (not approved)
rosiglitazone,Hypercholesterolemia,True,reported RA investigation (not approved)
rosiglitazone,Hypertension,True,reported RA investigation (not approved)
rosiglitazone,Inflammatory Bowel Diseases,True,reported RA investigation (not approved)
rosiglitazone,Insulin Resistance,True,reported RA investigation (not approved)
rosiglitazone,Lipid Metabolism Disorders,True,reported RA investigation (not approved)
rosiglitazone,Malaria,True,reported RA investigation (not approved)
rosiglitazone,"Malaria, Falciparum",True,reported RA investigation (not approved)
rosiglitazone,Metabolic Diseases,True,reported RA investigation (not approved)
rosiglitazone,Metabolic Syndrome,True,reported RA investigation (not approved)
rosiglitazone,Multiple Organ Failure,True,reported RA investigation (not approved)
rosiglitazone,Mycosis Fungoides,True,reported RA investigation (not approved)
rosiglitazone,Nausea,True,reported RA investigation (not approved)
rosiglitazone,Neoplasms,True,reported RA investigation (not approved)
rosiglitazone,Non-alcoholic Fatty Liver Disease,True,reported RA investigation (not approved)
rosiglitazone,Prediabetic State,True,reported RA investigation (not approved)
rosiglitazone,Prostatic Neoplasms,True,reported RA investigation (not approved)
rosiglitazone,Sezary Syndrome,True,reported RA investigation (not approved)
rosnilimab,"Arthritis, Rheumatoid",False,out-of-pool (inert for the filter)
rosnilimab,rheumatoid arthritis,False,out-of-pool (inert for the filter)
rosuvastatin,Acute Coronary Syndrome,True,reported RA investigation (not approved)
rosuvastatin,Amnesia,True,reported RA investigation (not approved)
rosuvastatin,Anemia,True,reported RA investigation (not approved)
rosuvastatin,"Anemia, Sickle Cell",True,reported RA investigation (not approved)
rosuvastatin,"Angioedemas, Hereditary",True,reported RA investigation (not approved)
rosuvastatin,Anti-Neutrophil Cytoplasmic Antibody-Associated Vasculitis,True,reported RA investigation (not approved)
rosuvastatin,Aortic Valve Stenosis,True,reported RA investigation (not approved)
rosuvastatin,"Arthritis, Rheumatoid (investigational, not approved)",True,reported RA investigation (not approved)
rosuvastatin,Asthma,True,reported RA investigation (not approved)
rosuvastatin,Atherosclerosis,True,reported RA investigation (not approved)
rosuvastatin,Breast Neoplasms,True,reported RA investigation (not approved)
rosuvastatin,Burns,True,reported RA investigation (not approved)
rosuvastatin,"Carcinoma, Non-Small-Cell Lung",True,reported RA investigation (not approved)
rosuvastatin,"Cardiomyopathy, Dilated",True,reported RA investigation (not approved)
rosuvastatin,Cardiovascular Diseases,True,reported RA investigation (not approved)
rosuvastatin,Cerebral Hemorrhage,True,reported RA investigation (not approved)
rosuvastatin,"Colitis, Ulcerative",True,reported RA investigation (not approved)
rosuvastatin,Colorectal Neoplasms,True,reported RA investigation (not approved)
rosuvastatin,Coronary Artery Disease,True,reported RA investigation (not approved)
rosuvastatin,Coronary Disease,True,reported RA investigation (not approved)
rosuvastatin,Craniocerebral Trauma,True,reported RA investigation (not approved)
rosuvastatin,Crohn Disease,True,reported RA investigation (not approved)
rosuvastatin,Depressive Disorder,True,reported RA investigation (not approved)
rosuvastatin,Diabetes Mellitus,True,reported RA investigation (not approved)
rosuvastatin,"Diabetes Mellitus, Type 2",True,reported RA investigation (not approved)
rosuvastatin,Diabetic Neuropathies,True,reported RA investigation (not approved)
rosuvastatin,Endometrial Neoplasms,True,reported RA investigation (not approved)
rosuvastatin,Endotoxemia,True,reported RA investigation (not approved)
rosuvastatin,Friedreich Ataxia,True,reported RA investigation (not approved)
rosuvastatin,HIV Infections,True,reported RA investigation (not approved)
rosuvastatin,Heart Failure,True,reported RA investigation (not approved)
rosuvastatin,Hepatitis C,True,reported RA investigation (not approved)
rosuvastatin,Hip Fractures,True,reported RA investigation (not approved)
rosuvastatin,Hypercholesterolemia,True,reported RA investigation (not approved)
rosuvastatin,Hyperlipidemias,True,reported RA investigation (not approved)
rosuvastatin,Hyperlipoproteinemia Type II,True,reported RA investigation (not approved)
rosuvastatin,Hyperlipoproteinemia Type III,True,reported RA investigation (not approved)
rosuvastatin,Hypertension,True,reported RA investigation (not approved)
rosuvastatin,Hypertriglyceridemia,True,reported RA investigation (not approved)
rosuvastatin,Immune System Diseases,True,reported RA investigation (not approved)
rosuvastatin,Ischemia,True,reported RA investigation (not approved)
rosuvastatin,Ischemic Stroke,True,reported RA investigation (not approved)
rosuvastatin,Lipid Metabolism Disorders,True,reported RA investigation (not approved)
rosuvastatin,"Lupus Erythematosus, Systemic",True,reported RA investigation (not approved)
rosuvastatin,Malaria,True,reported RA investigation (not approved)
rosuvastatin,Melanoma,True,reported RA investigation (not approved)
rosuvastatin,Metabolic Diseases,True,reported RA investigation (not approved)
rosuvastatin,Metabolic Syndrome,True,reported RA investigation (not approved)
rosuvastatin,Myocardial Infarction,True,reported RA investigation (not approved)
rosuvastatin,Necrosis,True,reported RA investigation (not approved)
rosuvastatin,Neoplasms,True,reported RA investigation (not approved)
rosuvastatin,Non-alcoholic Fatty Liver Disease,True,reported RA investigation (not approved)
rosuvastatin,Obesity,True,reported RA investigation (not approved)
rosuvastatin,Orthomyxoviridae Infections,True,reported RA investigation (not approved)
rosuvastatin,Ovarian Neoplasms,True,reported RA investigation (not approved)
rosuvastatin,Parkinson Disease,True,reported RA investigation (not approved)
rosuvastatin,Periodontitis,True,reported RA investigation (not approved)
rosuvastatin,Pre-Eclampsia,True,reported RA investigation (not approved)
rosuvastatin,Prostatic Neoplasms,True,reported RA investigation (not approved)
rosuvastatin,"Prostatic Neoplasms, Castration-Resistant",True,reported RA investigation (not approved)
rosuvastatin,"Pulmonary Disease, Chronic Obstructive",True,reported RA investigation (not approved)
rosuvastatin,Rectal Neoplasms,True,reported RA investigation (not approved)
rosuvastatin,Renal Artery Obstruction,True,reported RA investigation (not approved)
rosuvastatin,Renal Insufficiency,True,reported RA investigation (not approved)
rosuvastatin,Respiratory Syncytial Virus Infections,True,reported RA investigation (not approved)
rosuvastatin,"Scleroderma, Systemic",True,reported RA investigation (not approved)
rosuvastatin,Sepsis,True,reported RA investigation (not approved)
rosuvastatin,Severe Acute Respiratory Syndrome,True,reported RA investigation (not approved)
rosuvastatin,Skin Diseases,True,reported RA investigation (not approved)
rosuvastatin,Stroke,True,reported RA investigation (not approved)
rosuvastatin,"Tuberculosis, Pulmonary",True,reported RA investigation (not approved)
rosuvastatin,Venous Thromboembolism,True,reported RA investigation (not approved)
rupatadine,"Arthritis, Rheumatoid (investigational, not approved)",True,reported RA investigation (not approved)
rupatadine,Cold Urticaria,True,reported RA investigation (not approved)
rupatadine,Hypersensitivity,True,reported RA investigation (not approved)
rupatadine,Mastocytosis,True,reported RA investigation (not approved)
rupatadine,Urticaria,True,reported RA investigation (not approved)
ruxolitinib,Alopecia Areata,True,known hit (approved)
ruxolitinib,Anemia,True,known hit (approved)
ruxolitinib,"Arthritis, Rheumatoid",True,known hit (approved)
ruxolitinib,Breast Neoplasms,True,known hit (approved)
ruxolitinib,Bronchiolitis Obliterans,True,known hit (approved)
ruxolitinib,Bronchiolitis Obliterans Syndrome,True,known hit (approved)
ruxolitinib,Cachexia,True,known hit (approved)
ruxolitinib,"Carcinoma, Non-Small-Cell Lung",True,known hit (approved)
ruxolitinib,"Carcinoma, Pancreatic Ductal",True,known hit (approved)
ruxolitinib,"Carcinoma, Squamous Cell",True,known hit (approved)
ruxolitinib,Colorectal Neoplasms,True,known hit (approved)
ruxolitinib,Dermatitis,True,known hit (approved)
ruxolitinib,"Dermatitis, Atopic",True,known hit (approved)
ruxolitinib,"Dermatitis, Seborrheic",True,known hit (approved)
ruxolitinib,Eczema,True,known hit (approved)
ruxolitinib,Glioblastoma,True,known hit (approved)
ruxolitinib,Graft vs Host Disease,True,known hit (approved)
ruxolitinib,HIV Infections,True,known hit (approved)
ruxolitinib,Hematologic Neoplasms,True,known hit (approved)
ruxolitinib,Hidradenitis Suppurativa,True,known hit (approved)
ruxolitinib,Histiocytosis,True,known hit (approved)
ruxolitinib,Hodgkin Disease,True,known hit (approved)
ruxolitinib,Hypereosinophilic Syndrome,True,known hit (approved)
ruxolitinib,Inflammatory Breast Neoplasms,True,known hit (approved)
ruxolitinib,Leukemia,True,known hit (approved)
ruxolitinib,"Leukemia, Biphenotypic, Acute",True,known hit (approved)
ruxolitinib,"Leukemia, Large Granular Lymphocytic",True,known hit (approved)
ruxolitinib,"Leukemia, Lymphocytic, Chronic, B-Cell",True,known hit (approved)
ruxolitinib,"Leukemia, Myelogenous, Chronic, BCR-ABL Positive",True,known hit (approved)
ruxolitinib,"Leukemia, Myeloid, Acute",True,known hit (approved)
ruxolitinib,Lichen Planus,True,known hit (approved)
ruxolitinib,Lichen Sclerosus et Atrophicus,True,known hit (approved)
ruxolitinib,Lung Neoplasms,True,known hit (approved)
ruxolitinib,"Lupus Erythematosus, Discoid",True,known hit (approved)
ruxolitinib,"Lymphohistiocytosis, Hemophagocytic",True,known hit (approved)
ruxolitinib,Lymphoma,True,known hit (approved)
ruxolitinib,"Lymphoma, Non-Hodgkin",True,known hit (approved)
ruxolitinib,Macrophage Activation Syndrome,True,known hit (approved)
ruxolitinib,Malignant Atrophic Papulosis,True,known hit (approved)
ruxolitinib,Multiple Myeloma,True,known hit (approved)
ruxolitinib,Myeloproliferative Disorders,True,known hit (approved)
ruxolitinib,Necrobiosis Lipoidica,True,known hit (approved)
ruxolitinib,Neoplasms,True,known hit (approved)
ruxolitinib,Neuromyelitis Optica,True,known hit (approved)
ruxolitinib,Pancreatic Neoplasms,True,known hit (approved)
ruxolitinib,Paraganglioma,True,known hit (approved)
ruxolitinib,Pneumonia,True,known hit (approved)
ruxolitinib,Polycythemia Vera,True,known hit (approved)
ruxolitinib,Precursor Cell Lymphoblastic Leukemia-Lymphoma,True,known hit (approved)
ruxolitinib,Primary Immunodeficiency Diseases,True,known hit (approved)
ruxolitinib,Primary Myelofibrosis,True,known hit (approved)
ruxolitinib,"Prostatic Neoplasms, Castration-Resistant",True,known hit (approved)
ruxolitinib,Prurigo,True,known hit (approved)
ruxolitinib,Psoriasis,True,known hit (approved)
ruxolitinib,Severe Acute Respiratory Syndrome,True,known hit (approved)
ruxolitinib,"Thrombocythemia, Essential",True,known hit (approved)
ruxolitinib,Uveal Melanoma,True,known hit (approved)
ruxolitinib,Vitiligo,True,known hit (approved)
ruxolitinib,beta-Thalassemia,True,known hit (approved)
ruxolitinib,rheumatoid arthritis,True,known hit (approved)
san-300,"Arthritis, Rheumatoid",False,out-of-pool (inert for the filter)
san-300,rheumatoid arthritis,False,out-of-pool (inert for the filter)
sarilumab,"Arthritis, Juvenile",False,out-of-pool (inert for the filter)
sarilumab,"Arthritis, Rheumatoid",False,out-of-pool (inert for the filter)
sarilumab,Fallopian Tube Neoplasms,False,out-of-pool (inert for the filter)
sarilumab,Giant Cell Arteritis,False,out-of-pool (inert for the filter)
sarilumab,Immune System Diseases,False,out-of-pool (inert for the filter)
sarilumab,"Influenza, Human",False,out-of-pool (inert for the filter)
sarilumab,Lung Neoplasms,False,out-of-pool (inert for the filter)
sarilumab,"Mastocytosis, Systemic",False,out-of-pool (inert for the filter)
sarilumab,Melanoma,False,out-of-pool (inert for the filter)
sarilumab,Pneumonia,False,out-of-pool (inert for the filter)
sarilumab,Polymyalgia Rheumatica,False,out-of-pool (inert for the filter)
sarilumab,"Prostatic Neoplasms, Castration-Resistant",False,out-of-pool (inert for the filter)
sarilumab,Sarcoidosis,False,out-of-pool (inert for the filter)
sarilumab,"Scleroderma, Localized",False,out-of-pool (inert for the filter)
sarilumab,Severe Acute Respiratory Syndrome,False,out-of-pool (inert for the filter)
sarilumab,"Spondylitis, Ankylosing",False,out-of-pool (inert for the filter)
sarilumab,Uveitis,False,out-of-pool (inert for the filter)
sarilumab,rheumatoid arthritis,False,out-of-pool (inert for the filter)
secukinumab,"Arthritis, Rheumatoid",False,out-of-pool (inert for the filter)
secukinumab,rheumatoid arthritis,False,out-of-pool (inert for the filter)
simvastatin,Acute Coronary Syndrome,True,reported RA investigation (not approved)
simvastatin,Alopecia Areata,True,reported RA investigation (not approved)
simvastatin,Alzheimer Disease,True,reported RA investigation (not approved)
simvastatin,"Anemia, Sickle Cell",True,reported RA investigation (not approved)
simvastatin,Aortic Valve Stenosis,True,reported RA investigation (not approved)
simvastatin,"Arthritis, Rheumatoid (investigational, not approved)",True,reported RA investigation (not approved)
simvastatin,Asthma,True,reported RA investigation (not approved)
simvastatin,Atherosclerosis,True,reported RA investigation (not approved)
simvastatin,Atrial Fibrillation,True,reported RA investigation (not approved)
simvastatin,Bipolar Disorder,True,reported RA investigation (not approved)
simvastatin,Breast Neoplasms,True,reported RA investigation (not approved)
simvastatin,"Carcinoma, Hepatocellular",True,reported RA investigation (not approved)
simvastatin,"Carcinoma, Non-Small-Cell Lung",True,reported RA investigation (not approved)
simvastatin,"Cardiomyopathy, Dilated",True,reported RA investigation (not approved)
simvastatin,Cardiovascular Diseases,True,reported RA investigation (not approved)
simvastatin,Carotid Artery Diseases,True,reported RA investigation (not approved)
simvastatin,Cerebral Hemorrhage,True,reported RA investigation (not approved)
simvastatin,"Cholangitis, Sclerosing",True,reported RA investigation (not approved)
simvastatin,Choroideremia,True,reported RA investigation (not approved)
simvastatin,Chronic Pain,True,reported RA investigation (not approved)
simvastatin,Colorectal Neoplasms,True,reported RA investigation (not approved)
simvastatin,Coronary Artery Disease,True,reported RA investigation (not approved)
simvastatin,Coronary Disease,True,reported RA investigation (not approved)
simvastatin,Cystic Fibrosis,True,reported RA investigation (not approved)
simvastatin,Dental Caries,True,reported RA investigation (not approved)
simvastatin,Dental Pulp Exposure,True,reported RA investigation (not approved)
simvastatin,"Depressive Disorder, Treatment-Resistant",True,reported RA investigation (not approved)
simvastatin,Diabetes Mellitus,True,reported RA investigation (not approved)
simvastatin,"Diabetes Mellitus, Type 1",True,reported RA investigation (not approved)
simvastatin,"Diabetes Mellitus, Type 2",True,reported RA investigation (not approved)
simvastatin,Diabetic Nephropathies,True,reported RA investigation (not approved)
simvastatin,Diabetic Retinopathy,True,reported RA investigation (not approved)
simvastatin,Dyslipidemias,True,reported RA investigation (not approved)
simvastatin,Endotoxemia,True,reported RA investigation (not approved)
simvastatin,Epilepsy,True,reported RA investigation (not approved)
simvastatin,Essential Hypertension,True,reported RA investigation (not approved)
simvastatin,Graves Ophthalmopathy,True,reported RA investigation (not approved)
simvastatin,HIV Infections,True,reported RA investigation (not approved)
simvastatin,Heart Failure,True,reported RA investigation (not approved)
simvastatin,Hemangioma,True,reported RA investigation (not approved)
simvastatin,"Hemangioma, Cavernous, Central Nervous System",True,reported RA investigation (not approved)
simvastatin,"Hepatitis B, Chronic",True,reported RA investigation (not approved)
simvastatin,Hypercholesterolemia,True,reported RA investigation (not approved)
simvastatin,"Hyperlipidemia, Familial Combined",True,reported RA investigation (not approved)
simvastatin,Hyperlipidemias,True,reported RA investigation (not approved)
simvastatin,Hyperlipoproteinemia Type II,True,reported RA investigation (not approved)
simvastatin,Hypertension,True,reported RA investigation (not approved)
simvastatin,"Hypertension, Portal",True,reported RA investigation (not approved)
simvastatin,"Hypertension, Pulmonary",True,reported RA investigation (not approved)
simvastatin,Hypertriglyceridemia,True,reported RA investigation (not approved)
simvastatin,Inflammation,True,reported RA investigation (not approved)
simvastatin,"Influenza, Human",True,reported RA investigation (not approved)
simvastatin,Intermittent Claudication,True,reported RA investigation (not approved)
simvastatin,Intestinal Neoplasms,True,reported RA investigation (not approved)
simvastatin,Ischemic Stroke,True,reported RA investigation (not approved)
simvastatin,Leiomyoma,True,reported RA investigation (not approved)
simvastatin,"Leukemia, Lymphocytic, Chronic, B-Cell",True,reported RA investigation (not approved)
simvastatin,Lipid Metabolism Disorders,True,reported RA investigation (not approved)
simvastatin,Liver Cirrhosis,True,reported RA investigation (not approved)
simvastatin,Lung Neoplasms,True,reported RA investigation (not approved)
simvastatin,"Lupus Erythematosus, Systemic",True,reported RA investigation (not approved)
simvastatin,Lymphoma,True,reported RA investigation (not approved)
simvastatin,Migraine Disorders,True,reported RA investigation (not approved)
simvastatin,Mucositis,True,reported RA investigation (not approved)
simvastatin,Multiple Myeloma,True,reported RA investigation (not approved)
simvastatin,Multiple Sclerosis,True,reported RA investigation (not approved)
simvastatin,"Multiple Sclerosis, Chronic Progressive",True,reported RA investigation (not approved)
simvastatin,"Multiple Sclerosis, Relapsing-Remitting",True,reported RA investigation (not approved)
simvastatin,Myocardial Infarction,True,reported RA investigation (not approved)
simvastatin,Myocardial Ischemia,True,reported RA investigation (not approved)
simvastatin,Neoplasms,True,reported RA investigation (not approved)
simvastatin,Noonan Syndrome,True,reported RA investigation (not approved)
simvastatin,Obesity,True,reported RA investigation (not approved)
simvastatin,Optic Neuritis,True,reported RA investigation (not approved)
simvastatin,Ovarian Neoplasms,True,reported RA investigation (not approved)
simvastatin,Pancreatic Neoplasms,True,reported RA investigation (not approved)
simvastatin,Pancreatitis,True,reported RA investigation (not approved)
simvastatin,"Pancreatitis, Chronic",True,reported RA investigation (not approved)
simvastatin,Parkinson Disease,True,reported RA investigation (not approved)
simvastatin,Periodontitis,True,reported RA investigation (not approved)
simvastatin,Peripheral Arterial Disease,True,reported RA investigation (not approved)
simvastatin,Pneumonia,True,reported RA investigation (not approved)
simvastatin,Polycystic Ovary Syndrome,True,reported RA investigation (not approved)
simvastatin,Prediabetic State,True,reported RA investigation (not approved)
simvastatin,Prostatic Neoplasms,True,reported RA investigation (not approved)
simvastatin,"Prostatic Neoplasms, Castration-Resistant",True,reported RA investigation (not approved)
simvastatin,"Pulmonary Disease, Chronic Obstructive",True,reported RA investigation (not approved)
simvastatin,Rectal Neoplasms,True,reported RA investigation (not approved)
simvastatin,"Renal Insufficiency, Chronic",True,reported RA investigation (not approved)
simvastatin,Sepsis,True,reported RA investigation (not approved)
simvastatin,Severe Acute Respiratory Syndrome,True,reported RA investigation (not approved)
simvastatin,"Shock, Septic",True,reported RA investigation (not approved)
simvastatin,Sinusitis,True,reported RA investigation (not approved)
simvastatin,Sleep Wake Disorders,True,reported RA investigation (not approved)
simvastatin,Small Cell Lung Carcinoma,True,reported RA investigation (not approved)
simvastatin,Smith-Lemli-Opitz Syndrome,True,reported RA investigation (not approved)
simvastatin,Smoking Cessation,True,reported RA investigation (not approved)
simvastatin,Stomach Neoplasms,True,reported RA investigation (not approved)
simvastatin,Stroke,True,reported RA investigation (not approved)
simvastatin,Subarachnoid Hemorrhage,True,reported RA investigation (not approved)
simvastatin,Urinary Bladder Neoplasms,True,reported RA investigation (not approved)
simvastatin,Uveitis,True,reported RA investigation (not approved)
simvastatin,Vascular Diseases,True,reported RA investigation (not approved)
simvastatin,Vitiligo,True,reported RA investigation (not approved)
simvastatin,Waldenstrom Macroglobulinemia,True,reported RA investigation (not approved)
sirukumab,"Arthritis, Rheumatoid",False,out-of-pool (inert for the filter)
sirukumab,rheumatoid arthritis,False,out-of-pool (inert for the filter)
sodium butyrate,"Arthritis, Rheumatoid",False,out-of-pool (inert for the filter)
sodium butyrate,rheumatoid arthritis,False,out-of-pool (inert for the filter)
sodium chloride,"Arthritis, Rheumatoid",False,out-of-pool (inert for the filter)
sodium chloride,rheumatoid arthritis,False,out-of-pool (inert for the filter)
sovleplenib,"Arthritis, Rheumatoid",False,out-of-pool (inert for the filter)
sovleplenib,rheumatoid arthritis,False,out-of-pool (inert for the filter)
spironolactone,Acne Vulgaris,True,reported RA investigation (not approved)
spironolactone,Acute Kidney Injury,True,reported RA investigation (not approved)
spironolactone,Alcoholism,True,reported RA investigation (not approved)
spironolactone,Aortic Valve Stenosis,True,reported RA investigation (not approved)
spironolactone,Arrhythmogenic Right Ventricular Dysplasia,True,reported RA investigation (not approved)
spironolactone,"Arthritis, Rheumatoid (investigational, not approved)",True,reported RA investigation (not approved)
spironolactone,Ascites,True,reported RA investigation (not approved)
spironolactone,Atrial Fibrillation,True,reported RA investigation (not approved)
spironolactone,Cardiomyopathies,True,reported RA investigation (not approved)
spironolactone,Cardiovascular Diseases,True,reported RA investigation (not approved)
spironolactone,Cerebral Hemorrhage,True,reported RA investigation (not approved)
spironolactone,Chorioretinitis,True,reported RA investigation (not approved)
spironolactone,Diabetes Mellitus,True,reported RA investigation (not approved)
spironolactone,Diabetic Nephropathies,True,reported RA investigation (not approved)
spironolactone,Dry Eye Syndromes,True,reported RA investigation (not approved)
spironolactone,Edema,True,reported RA investigation (not approved)
spironolactone,Essential Hypertension,True,reported RA investigation (not approved)
spironolactone,Fatty Liver,True,reported RA investigation (not approved)
spironolactone,Fibrosis,True,reported RA investigation (not approved)
spironolactone,Heart Failure,True,reported RA investigation (not approved)
spironolactone,"Heart Failure, Diastolic",True,reported RA investigation (not approved)
spironolactone,Hyperaldosteronism,True,reported RA investigation (not approved)
spironolactone,Hypertension,True,reported RA investigation (not approved)
spironolactone,"Hypertension, Pulmonary",True,reported RA investigation (not approved)
spironolactone,Leukemia,True,reported RA investigation (not approved)
spironolactone,"Leukemia, Myeloid, Acute",True,reported RA investigation (not approved)
spironolactone,Liver Cirrhosis,True,reported RA investigation (not approved)
spironolactone,Macular Degeneration,True,reported RA investigation (not approved)
spironolactone,Melanosis,True,reported RA investigation (not approved)
spironolactone,"Muscular Dystrophy, Duchenne",True,reported RA investigation (not approved)
spironolactone,Myocardial Infarction,True,reported RA investigation (not approved)
spironolactone,Neoplasms,True,reported RA investigation (not approved)
spironolactone,Nephrotic Syndrome,True,reported RA investigation (not approved)
spironolactone,Neuroblastoma,True,reported RA investigation (not approved)
spironolactone,Non-ST Elevated Myocardial Infarction,True,reported RA investigation (not approved)
spironolactone,Non-alcoholic Fatty Liver Disease,True,reported RA investigation (not approved)
spironolactone,"Polycystic Kidney, Autosomal Dominant",True,reported RA investigation (not approved)
spironolactone,Polycystic Ovary Syndrome,True,reported RA investigation (not approved)
spironolactone,"Puberty, Precocious",True,reported RA investigation (not approved)
spironolactone,"Renal Insufficiency, Chronic",True,reported RA investigation (not approved)
spironolactone,ST Elevation Myocardial Infarction,True,reported RA investigation (not approved)
spironolactone,Severe Acute Respiratory Syndrome,True,reported RA investigation (not approved)
spironolactone,Toxemia,True,reported RA investigation (not approved)
ssr-150106,"Arthritis, Rheumatoid",False,out-of-pool (inert for the filter)
ssr-150106,rheumatoid arthritis,False,out-of-pool (inert for the filter)
sulfasalazine,"Arthritis, Juvenile",True,known hit (approved)
sulfasalazine,"Arthritis, Psoriatic",True,known hit (approved)
sulfasalazine,"Arthritis, Rheumatoid",True,known hit (approved)
sulfasalazine,"Cholangitis, Sclerosing",True,known hit (approved)
sulfasalazine,"Colitis, Ulcerative",True,known hit (approved)
sulfasalazine,Glioblastoma,True,known hit (approved)
sulfasalazine,"Hypertension, Pulmonary",True,known hit (approved)
sulfasalazine,Intestinal Obstruction,True,known hit (approved)
sulfasalazine,"Leukemia, Myeloid, Acute",True,known hit (approved)
sulfasalazine,Nausea,True,known hit (approved)
sulfasalazine,Osteomyelitis,True,known hit (approved)
sulfasalazine,Paraganglioma,True,known hit (approved)
sulfasalazine,Peripheral Nervous System Diseases,True,known hit (approved)
sulfasalazine,Premature Birth,True,known hit (approved)
sulfasalazine,"Spondylitis, Ankylosing",True,known hit (approved)
sulfasalazine,rheumatoid arthritis,True,known hit (approved)
sulindac,"Arthritis, Rheumatoid",False,out-of-pool (inert for the filter)
sulindac,rheumatoid arthritis,False,out-of-pool (inert for the filter)
tabalumab,"Arthritis, Rheumatoid",False,out-of-pool (inert for the filter)
tabalumab,rheumatoid arthritis,False,out-of-pool (inert for the filter)
tacrolimus,"Anemia, Aplastic",True,reported RA investigation (not approved)
tacrolimus,"Anemia, Sickle Cell",True,reported RA investigation (not approved)
tacrolimus,"Arthritis, Rheumatoid (investigational, not approved)",True,reported RA investigation (not approved)
tacrolimus,"Conjunctivitis, Allergic",True,reported RA investigation (not approved)
tacrolimus,Delayed Graft Function,True,reported RA investigation (not approved)
tacrolimus,"Dermatitis, Atopic",True,reported RA investigation (not approved)
tacrolimus,Eczema,True,reported RA investigation (not approved)
tacrolimus,Graft vs Host Disease,True,reported RA investigation (not approved)
tacrolimus,Hematologic Neoplasms,True,reported RA investigation (not approved)
tacrolimus,Immune System Diseases,True,reported RA investigation (not approved)
tacrolimus,Keratoconjunctivitis,True,reported RA investigation (not approved)
tacrolimus,Kidney Transplantation,True,reported RA investigation (not approved)
tacrolimus,"Lichen Planus, Oral",True,reported RA investigation (not approved)
tacrolimus,Liver Transplantation,True,reported RA investigation (not approved)
tacrolimus,Thalassemia,True,reported RA investigation (not approved)
talmapimod,"Arthritis, Rheumatoid (failed trial, not evidence)",True,excluded (RA trial failure)
talmapimod,Multiple Myeloma,True,excluded (RA trial failure)
technetium tc 99m tilmanocept,"Arthritis, Rheumatoid",False,out-of-pool (inert for the filter)
technetium tc 99m tilmanocept,rheumatoid arthritis,False,out-of-pool (inert for the filter)
temsirolimus,Adenocarcinoma,True,reported RA investigation (not approved)
temsirolimus,Adenoma,True,reported RA investigation (not approved)
temsirolimus,"Arthritis, Rheumatoid (investigational, not approved)",True,reported RA investigation (not approved)
temsirolimus,Astrocytoma,True,reported RA investigation (not approved)
temsirolimus,Brain Neoplasms,True,reported RA investigation (not approved)
temsirolimus,Breast Neoplasms,True,reported RA investigation (not approved)
temsirolimus,"Breast Neoplasms, Male",True,reported RA investigation (not approved)
temsirolimus,Carcinoid Tumor,True,reported RA investigation (not approved)
temsirolimus,Carcinoma,True,reported RA investigation (not approved)
temsirolimus,"Carcinoma, Endometrioid",True,reported RA investigation (not approved)
temsirolimus,"Carcinoma, Hepatocellular",True,reported RA investigation (not approved)
temsirolimus,"Carcinoma, Islet Cell",True,reported RA investigation (not approved)
temsirolimus,"Carcinoma, Non-Small-Cell Lung",True,reported RA investigation (not approved)
temsirolimus,"Carcinoma, Renal Cell",True,reported RA investigation (not approved)
temsirolimus,"Carcinoma, Squamous Cell",True,reported RA investigation (not approved)
temsirolimus,Central Nervous System Neoplasms,True,reported RA investigation (not approved)
temsirolimus,Colonic Neoplasms,True,reported RA investigation (not approved)
temsirolimus,Colorectal Neoplasms,True,reported RA investigation (not approved)
temsirolimus,Diffuse Intrinsic Pontine Glioma,True,reported RA investigation (not approved)
temsirolimus,Endometrial Neoplasms,True,reported RA investigation (not approved)
temsirolimus,Fallopian Tube Neoplasms,True,reported RA investigation (not approved)
temsirolimus,Ganglioneuroblastoma,True,reported RA investigation (not approved)
temsirolimus,"Genital Neoplasms, Female",True,reported RA investigation (not approved)
temsirolimus,Glioblastoma,True,reported RA investigation (not approved)
temsirolimus,Glioma,True,reported RA investigation (not approved)
temsirolimus,Gliosarcoma,True,reported RA investigation (not approved)
temsirolimus,Hepatoblastoma,True,reported RA investigation (not approved)
temsirolimus,Hodgkin Disease,True,reported RA investigation (not approved)
temsirolimus,Insulinoma,True,reported RA investigation (not approved)
temsirolimus,Ischemia,True,reported RA investigation (not approved)
temsirolimus,Kidney Neoplasms,True,reported RA investigation (not approved)
temsirolimus,Leukemia,True,reported RA investigation (not approved)
temsirolimus,"Leukemia, Myelogenous, Chronic, BCR-ABL Positive",True,reported RA investigation (not approved)
temsirolimus,"Leukemia, Myeloid, Acute",True,reported RA investigation (not approved)
temsirolimus,Liver Neoplasms,True,reported RA investigation (not approved)
temsirolimus,Lung Neoplasms,True,reported RA investigation (not approved)
temsirolimus,Lymphoma,True,reported RA investigation (not approved)
temsirolimus,"Lymphoma, Large B-Cell, Diffuse",True,reported RA investigation (not approved)
temsirolimus,"Lymphoma, Mantle-Cell",True,reported RA investigation (not approved)
temsirolimus,"Lymphoma, Non-Hodgkin",True,reported RA investigation (not approved)
temsirolimus,Melanoma,True,reported RA investigation (not approved)
temsirolimus,Multiple Myeloma,True,reported RA investigation (not approved)
temsirolimus,"Multiple Sclerosis, Relapsing-Remitting",True,reported RA investigation (not approved)
temsirolimus,Myelodysplastic Syndromes,True,reported RA investigation (not approved)
temsirolimus,Neoplasm Metastasis,True,reported RA investigation (not approved)
temsirolimus,Neoplasms,True,reported RA investigation (not approved)
temsirolimus,Neuroblastoma,True,reported RA investigation (not approved)
temsirolimus,Oligodendroglioma,True,reported RA investigation (not approved)
temsirolimus,Osteosarcoma,True,reported RA investigation (not approved)
temsirolimus,Ovarian Neoplasms,True,reported RA investigation (not approved)
temsirolimus,Pancreatic Neoplasms,True,reported RA investigation (not approved)
temsirolimus,Paraganglioma,True,reported RA investigation (not approved)
temsirolimus,Peripheral Arterial Disease,True,reported RA investigation (not approved)
temsirolimus,Peritoneal Neoplasms,True,reported RA investigation (not approved)
temsirolimus,Prostatic Neoplasms,True,reported RA investigation (not approved)
temsirolimus,"Prostatic Neoplasms, Castration-Resistant",True,reported RA investigation (not approved)
temsirolimus,Retroviridae Infections,True,reported RA investigation (not approved)
temsirolimus,Rhabdomyosarcoma,True,reported RA investigation (not approved)
temsirolimus,"Rhabdomyosarcoma, Alveolar",True,reported RA investigation (not approved)
temsirolimus,"Rhabdomyosarcoma, Embryonal",True,reported RA investigation (not approved)
temsirolimus,Sarcoma,True,reported RA investigation (not approved)
temsirolimus,Small Cell Lung Carcinoma,True,reported RA investigation (not approved)
temsirolimus,Somatostatinoma,True,reported RA investigation (not approved)
temsirolimus,Thyroid Neoplasms,True,reported RA investigation (not approved)
temsirolimus,Urethral Neoplasms,True,reported RA investigation (not approved)
temsirolimus,Urinary Bladder Neoplasms,True,reported RA investigation (not approved)
temsirolimus,Uterine Cervical Neoplasms,True,reported RA investigation (not approved)
tetanus toxoid,"Arthritis, Rheumatoid",False,out-of-pool (inert for the filter)
tetanus toxoid,rheumatoid arthritis,False,out-of-pool (inert for the filter)
tgn-1412,"Arthritis, Rheumatoid",False,out-of-pool (inert for the filter)
tgn-1412,rheumatoid arthritis,False,out-of-pool (inert for the filter)
tibulizumab,"Arthritis, Rheumatoid",False,out-of-pool (inert for the filter)
tibulizumab,rheumatoid arthritis,False,out-of-pool (inert for the filter)
timolumab,"Arthritis, Rheumatoid",False,out-of-pool (inert for the filter)
timolumab,rheumatoid arthritis,False,out-of-pool (inert for the filter)
tirabrutinib,"Arthritis, Rheumatoid",False,out-of-pool (inert for the filter)
tirabrutinib,rheumatoid arthritis,False,out-of-pool (inert for the filter)
tocilizumab,Amyotrophic Lateral Sclerosis,False,out-of-pool (inert for the filter)
tocilizumab,"Arthritis, Juvenile",False,out-of-pool (inert for the filter)
tocilizumab,"Arthritis, Rheumatoid",False,out-of-pool (inert for the filter)
tocilizumab,Astrocytoma,False,out-of-pool (inert for the filter)
tocilizumab,Behcet Syndrome,False,out-of-pool (inert for the filter)
tocilizumab,Breast Neoplasms,False,out-of-pool (inert for the filter)
tocilizumab,COVID-19,False,out-of-pool (inert for the filter)
tocilizumab,"Carcinoma, Hepatocellular",False,out-of-pool (inert for the filter)
tocilizumab,"Carcinoma, Non-Small-Cell Lung",False,out-of-pool (inert for the filter)
tocilizumab,Castleman Disease,False,out-of-pool (inert for the filter)
tocilizumab,Colorectal Neoplasms,False,out-of-pool (inert for the filter)
tocilizumab,Cytokine Release Syndrome,False,out-of-pool (inert for the filter)
tocilizumab,"Depressive Disorder, Major",False,out-of-pool (inert for the filter)
tocilizumab,Dermatomyositis,False,out-of-pool (inert for the filter)
tocilizumab,"Diabetes Mellitus, Type 1",False,out-of-pool (inert for the filter)
tocilizumab,Epilepsy,False,out-of-pool (inert for the filter)
tocilizumab,Erdheim-Chester Disease,False,out-of-pool (inert for the filter)
tocilizumab,Familial Mediterranean Fever,False,out-of-pool (inert for the filter)
tocilizumab,Fever,False,out-of-pool (inert for the filter)
tocilizumab,Fibrous Dysplasia of Bone,False,out-of-pool (inert for the filter)
tocilizumab,Giant Cell Arteritis,False,out-of-pool (inert for the filter)
tocilizumab,Graft vs Host Disease,False,out-of-pool (inert for the filter)
tocilizumab,Graves Ophthalmopathy,False,out-of-pool (inert for the filter)
tocilizumab,HIV Infections,False,out-of-pool (inert for the filter)
tocilizumab,Hematologic Neoplasms,False,out-of-pool (inert for the filter)
tocilizumab,"Hypertension, Pulmonary",False,out-of-pool (inert for the filter)
tocilizumab,Immune System Diseases,False,out-of-pool (inert for the filter)
tocilizumab,"Influenza, Human",False,out-of-pool (inert for the filter)
tocilizumab,Leukemia,False,out-of-pool (inert for the filter)
tocilizumab,"Leukemia, Biphenotypic, Acute",False,out-of-pool (inert for the filter)
tocilizumab,"Leukemia, Lymphocytic, Chronic, B-Cell",False,out-of-pool (inert for the filter)
tocilizumab,"Leukemia, Myeloid, Acute",False,out-of-pool (inert for the filter)
tocilizumab,Liver Neoplasms,False,out-of-pool (inert for the filter)
tocilizumab,Lung Diseases,False,out-of-pool (inert for the filter)
tocilizumab,"Lymphohistiocytosis, Hemophagocytic",False,out-of-pool (inert for the filter)
tocilizumab,Lymphoma,False,out-of-pool (inert for the filter)
tocilizumab,"Lymphoma, B-Cell",False,out-of-pool (inert for the filter)
tocilizumab,"Lymphoma, Follicular",False,out-of-pool (inert for the filter)
tocilizumab,"Lymphoma, Large B-Cell, Diffuse",False,out-of-pool (inert for the filter)
tocilizumab,"Lymphoma, Mantle-Cell",False,out-of-pool (inert for the filter)
tocilizumab,"Lymphoma, Non-Hodgkin",False,out-of-pool (inert for the filter)
tocilizumab,Macrophage Activation Syndrome,False,out-of-pool (inert for the filter)
tocilizumab,Melanoma,False,out-of-pool (inert for the filter)
tocilizumab,Motor Neuron Disease,False,out-of-pool (inert for the filter)
tocilizumab,Multiple Myeloma,False,out-of-pool (inert for the filter)
tocilizumab,Myasthenia Gravis,False,out-of-pool (inert for the filter)
tocilizumab,Neoplasms,False,out-of-pool (inert for the filter)
tocilizumab,Neuromyelitis Optica,False,out-of-pool (inert for the filter)
tocilizumab,Non-ST Elevated Myocardial Infarction,False,out-of-pool (inert for the filter)
tocilizumab,Ovarian Neoplasms,False,out-of-pool (inert for the filter)
tocilizumab,Pancreatic Neoplasms,False,out-of-pool (inert for the filter)
tocilizumab,Panuveitis,False,out-of-pool (inert for the filter)
tocilizumab,Pneumonia,False,out-of-pool (inert for the filter)
tocilizumab,"Pneumonia, Viral",False,out-of-pool (inert for the filter)
tocilizumab,"Polychondritis, Relapsing",False,out-of-pool (inert for the filter)
tocilizumab,Polymyalgia Rheumatica,False,out-of-pool (inert for the filter)
tocilizumab,Polymyositis,False,out-of-pool (inert for the filter)
tocilizumab,Precursor Cell Lymphoblastic Leukemia-Lymphoma,False,out-of-pool (inert for the filter)
tocilizumab,Prostatic Neoplasms,False,out-of-pool (inert for the filter)
tocilizumab,"Prostatic Neoplasms, Castration-Resistant",False,out-of-pool (inert for the filter)
tocilizumab,"Renal Insufficiency, Chronic",False,out-of-pool (inert for the filter)
tocilizumab,Respiratory Distress Syndrome,False,out-of-pool (inert for the filter)
tocilizumab,Schizophrenia,False,out-of-pool (inert for the filter)
tocilizumab,Schnitzler Syndrome,False,out-of-pool (inert for the filter)
tocilizumab,"Scleroderma, Systemic",False,out-of-pool (inert for the filter)
tocilizumab,Sepsis,False,out-of-pool (inert for the filter)
tocilizumab,Severe Acute Respiratory Syndrome,False,out-of-pool (inert for the filter)
tocilizumab,Small Cell Lung Carcinoma,False,out-of-pool (inert for the filter)
tocilizumab,"Spondylitis, Ankylosing",False,out-of-pool (inert for the filter)
tocilizumab,"Still's Disease, Adult-Onset",False,out-of-pool (inert for the filter)
tocilizumab,Takayasu Arteritis,False,out-of-pool (inert for the filter)
tocilizumab,Urinary Bladder Neoplasms,False,out-of-pool (inert for the filter)
tocilizumab,Uveitis,False,out-of-pool (inert for the filter)
tocilizumab,"Uveitis, Intermediate",False,out-of-pool (inert for the filter)
tocilizumab,"Uveitis, Posterior",False,out-of-pool (inert for the filter)
tocilizumab,Virus Diseases,False,out-of-pool (inert for the filter)
tocilizumab,rheumatoid arthritis,False,out-of-pool (inert for the filter)
tofacitinib,Alopecia Areata,True,known hit (approved)
tofacitinib,"Arthritis, Juvenile",True,known hit (approved)
tofacitinib,"Arthritis, Psoriatic",True,known hit (approved)
tofacitinib,"Arthritis, Rheumatoid",True,known hit (approved)
tofacitinib,Colitis,True,known hit (approved)
tofacitinib,"Colitis, Ulcerative",True,known hit (approved)
tofacitinib,Crohn Disease,True,known hit (approved)
tofacitinib,Dermatomyositis,True,known hit (approved)
tofacitinib,Down Syndrome,True,known hit (approved)
tofacitinib,Dry Eye Syndromes,True,known hit (approved)
tofacitinib,Glioblastoma,True,known hit (approved)
tofacitinib,Granuloma Annulare,True,known hit (approved)
tofacitinib,"Granuloma, Lethal Midline",True,known hit (approved)
tofacitinib,"Granulomatous Disease, Chronic",True,known hit (approved)
tofacitinib,Kidney Diseases,True,known hit (approved)
tofacitinib,"Leishmaniasis, Cutaneous",True,known hit (approved)
tofacitinib,"Lupus Erythematosus, Cutaneous",True,known hit (approved)
tofacitinib,"Lupus Erythematosus, Systemic",True,known hit (approved)
tofacitinib,Myasthenia Gravis,True,known hit (approved)
tofacitinib,Myocarditis,True,known hit (approved)
tofacitinib,Myositis,True,known hit (approved)
tofacitinib,Pneumonia,True,known hit (approved)
tofacitinib,Polymyalgia Rheumatica,True,known hit (approved)
tofacitinib,Pouchitis,True,known hit (approved)
tofacitinib,Psoriasis,True,known hit (approved)
tofacitinib,"Renal Insufficiency, Chronic",True,known hit (approved)
tofacitinib,Sarcoidosis,True,known hit (approved)
tofacitinib,"Scleroderma, Systemic",True,known hit (approved)
tofacitinib,Severe Acute Respiratory Syndrome,True,known hit (approved)
tofacitinib,Sjogren's Syndrome,True,known hit (approved)
tofacitinib,"Spondylitis, Ankylosing",True,known hit (approved)
tofacitinib,Stevens-Johnson Syndrome,True,known hit (approved)
tofacitinib,Takayasu Arteritis,True,known hit (approved)
tofacitinib,Wounds and Injuries,True,known hit (approved)
tofacitinib,rheumatoid arthritis,True,known hit (approved)
tofacitinib citrate,"Arthritis, Rheumatoid",False,out-of-pool (inert for the filter)
tofacitinib citrate,rheumatoid arthritis,False,out-of-pool (inert for the filter)
tolmetin sodium,"Arthritis, Rheumatoid",False,out-of-pool (inert for the filter)
tolmetin sodium,rheumatoid arthritis,False,out-of-pool (inert for the filter)
toreforant,"Arthritis, Rheumatoid",False,out-of-pool (inert for the filter)
toreforant,rheumatoid arthritis,False,out-of-pool (inert for the filter)
toreforant tartrate,"Arthritis, Rheumatoid",False,out-of-pool (inert for the filter)
toreforant tartrate,rheumatoid arthritis,False,out-of-pool (inert for the filter)
tranilast,"Arthritis, Rheumatoid (investigational, not approved)",True,reported RA investigation (not approved)
tranilast,Pterygium,True,reported RA investigation (not approved)
tranilast,Sarcoidosis,True,reported RA investigation (not approved)
tranilast,Scleredema Adultorum,True,reported RA investigation (not approved)
tregalizumab,"Arthritis, Rheumatoid",False,out-of-pool (inert for the filter)
tregalizumab,rheumatoid arthritis,False,out-of-pool (inert for the filter)
triamcinolone acetonide,"Arthritis, Rheumatoid",False,out-of-pool (inert for the filter)
triamcinolone acetonide,rheumatoid arthritis,False,out-of-pool (inert for the filter)
triamcinolone hexacetonide,"Arthritis, Rheumatoid",False,out-of-pool (inert for the filter)
triamcinolone hexacetonide,rheumatoid arthritis,False,out-of-pool (inert for the filter)
triamcinolone-acetonide,Alopecia Areata,True,reported RA investigation (not approved)
triamcinolone-acetonide,Anemia,True,reported RA investigation (not approved)
triamcinolone-acetonide,"Arthritis, Gouty",True,reported RA investigation (not approved)
triamcinolone-acetonide,"Arthritis, Rheumatoid (investigational, not approved)",True,reported RA investigation (not approved)
triamcinolone-acetonide,Asthma,True,reported RA investigation (not approved)
triamcinolone-acetonide,Breast Neoplasms,True,reported RA investigation (not approved)
triamcinolone-acetonide,Bursitis,True,reported RA investigation (not approved)
triamcinolone-acetonide,Cataract,True,reported RA investigation (not approved)
triamcinolone-acetonide,Chalazion,True,reported RA investigation (not approved)
triamcinolone-acetonide,Choroidal Neovascularization,True,reported RA investigation (not approved)
triamcinolone-acetonide,Complex Regional Pain Syndromes,True,reported RA investigation (not approved)
triamcinolone-acetonide,Cough,True,reported RA investigation (not approved)
triamcinolone-acetonide,"Cystitis, Interstitial",True,reported RA investigation (not approved)
triamcinolone-acetonide,Dermatitis,True,reported RA investigation (not approved)
triamcinolone-acetonide,"Dermatitis, Atopic",True,reported RA investigation (not approved)
triamcinolone-acetonide,Diabetic Retinopathy,True,reported RA investigation (not approved)
triamcinolone-acetonide,Dupuytren Contracture,True,reported RA investigation (not approved)
triamcinolone-acetonide,Eye Injuries,True,reported RA investigation (not approved)
triamcinolone-acetonide,Fibroma,True,reported RA investigation (not approved)
triamcinolone-acetonide,Glaucoma,True,reported RA investigation (not approved)
triamcinolone-acetonide,Hand Dermatoses,True,reported RA investigation (not approved)
triamcinolone-acetonide,Hearing Loss,True,reported RA investigation (not approved)
triamcinolone-acetonide,Humeral Fractures,True,reported RA investigation (not approved)
triamcinolone-acetonide,Keloid,True,reported RA investigation (not approved)
triamcinolone-acetonide,Lichen Planus,True,reported RA investigation (not approved)
triamcinolone-acetonide,"Lichen Planus, Oral",True,reported RA investigation (not approved)
triamcinolone-acetonide,Macular Degeneration,True,reported RA investigation (not approved)
triamcinolone-acetonide,Macular Edema,True,reported RA investigation (not approved)
triamcinolone-acetonide,Mucositis,True,reported RA investigation (not approved)
triamcinolone-acetonide,Multiple Sclerosis,True,reported RA investigation (not approved)
triamcinolone-acetonide,Mycoses,True,reported RA investigation (not approved)
triamcinolone-acetonide,Nasal Obstruction,True,reported RA investigation (not approved)
triamcinolone-acetonide,"Neuroma, Acoustic",True,reported RA investigation (not approved)
triamcinolone-acetonide,"Optic Neuropathy, Ischemic",True,reported RA investigation (not approved)
triamcinolone-acetonide,Osteoarthritis,True,reported RA investigation (not approved)
triamcinolone-acetonide,"Osteoarthritis, Hip",True,reported RA investigation (not approved)
triamcinolone-acetonide,"Osteoarthritis, Knee",True,reported RA investigation (not approved)
triamcinolone-acetonide,Otitis Media with Effusion,True,reported RA investigation (not approved)
triamcinolone-acetonide,Pain,True,reported RA investigation (not approved)
triamcinolone-acetonide,Papilledema,True,reported RA investigation (not approved)
triamcinolone-acetonide,"Pemphigoid, Benign Mucous Membrane",True,reported RA investigation (not approved)
triamcinolone-acetonide,Pemphigus,True,reported RA investigation (not approved)
triamcinolone-acetonide,Psoriasis,True,reported RA investigation (not approved)
triamcinolone-acetonide,Radiculopathy,True,reported RA investigation (not approved)
triamcinolone-acetonide,Retinal Vein Occlusion,True,reported RA investigation (not approved)
triamcinolone-acetonide,Rhinitis,True,reported RA investigation (not approved)
triamcinolone-acetonide,"Rhinitis, Allergic, Seasonal",True,reported RA investigation (not approved)
triamcinolone-acetonide,Rotator Cuff Injuries,True,reported RA investigation (not approved)
triamcinolone-acetonide,Serum Sickness,True,reported RA investigation (not approved)
triamcinolone-acetonide,Shoulder Pain,True,reported RA investigation (not approved)
triamcinolone-acetonide,Skin Diseases,True,reported RA investigation (not approved)
triamcinolone-acetonide,Tendinopathy,True,reported RA investigation (not approved)
triamcinolone-acetonide,Tendon Entrapment,True,reported RA investigation (not approved)
triamcinolone-acetonide,Tennis Elbow,True,reported RA investigation (not approved)
triamcinolone-acetonide,Tenosynovitis,True,reported RA investigation (not approved)
triamcinolone-acetonide,"Tuberculosis, Pulmonary",True,reported RA investigation (not approved)
triamcinolone-acetonide,Ulnar Neuropathies,True,reported RA investigation (not approved)
triamcinolone-acetonide,Uveal Melanoma,True,reported RA investigation (not approved)
triamcinolone-acetonide,Uveitis,True,reported RA investigation (not approved)
triamcinolone-acetonide,Uveomeningoencephalitic Syndrome,True,reported RA investigation (not approved)
triamcinolone-acetonide,Vitiligo,True,reported RA investigation (not approved)
triamcinolone-acetonide,"Vitreoretinopathy, Proliferative",True,reported RA investigation (not approved)
triamcinolone-acetonide,Wet Macular Degeneration,True,reported RA investigation (not approved)
triamcinolone-acetonide,Wounds and Injuries,True,reported RA investigation (not approved)
trientine hydrochloride,"Arthritis, Rheumatoid",False,out-of-pool (inert for the filter)
trientine hydrochloride,rheumatoid arthritis,False,out-of-pool (inert for the filter)
tru-015,"Arthritis, Rheumatoid",False,out-of-pool (inert for the filter)
tru-015,rheumatoid arthritis,False,out-of-pool (inert for the filter)
udifitimod,"Arthritis, Rheumatoid",False,out-of-pool (inert for the filter)
udifitimod,rheumatoid arthritis,False,out-of-pool (inert for the filter)
udifitimod hydrochloride,"Arthritis, Rheumatoid",False,out-of-pool (inert for the filter)
udifitimod hydrochloride,rheumatoid arthritis,False,out-of-pool (inert for the filter)
upadacitinib,Alopecia Areata,False,out-of-pool (inert for the filter)
upadacitinib,"Arthritis, Juvenile",False,out-of-pool (inert for the filter)
upadacitinib,"Arthritis, Psoriatic",False,out-of-pool (inert for the filter)
upadacitinib,"Arthritis, Rheumatoid",False,out-of-pool (inert for the filter)
upadacitinib,"Colitis, Ulcerative",False,out-of-pool (inert for the filter)
upadacitinib,Crohn Disease,False,out-of-pool (inert for the filter)
upadacitinib,"Dermatitis, Atopic",False,out-of-pool (inert for the filter)
upadacitinib,Giant Cell Arteritis,False,out-of-pool (inert for the filter)
upadacitinib,Hidradenitis Suppurativa,False,out-of-pool (inert for the filter)
upadacitinib,"Lupus Erythematosus, Systemic",False,out-of-pool (inert for the filter)
upadacitinib,"Spondylitis, Ankylosing",False,out-of-pool (inert for the filter)
upadacitinib,Takayasu Arteritis,False,out-of-pool (inert for the filter)
upadacitinib,Vitiligo,False,out-of-pool (inert for the filter)
upadacitinib,rheumatoid arthritis,False,out-of-pool (inert for the filter)
upadacitinib hemihydrate,"Arthritis, Rheumatoid",False,out-of-pool (inert for the filter)
upadacitinib hemihydrate,rheumatoid arthritis,False,out-of-pool (inert for the filter)
ursodiol,Adenomatous Polyposis Coli,True,reported RA investigation (not approved)
ursodiol,"Arthritis, Rheumatoid (investigational, not approved)",True,reported RA investigation (not approved)
ursodiol,Chemical and Drug Induced Liver Injury,True,reported RA investigation (not approved)
ursodiol,"Cholangitis, Sclerosing",True,reported RA investigation (not approved)
ursodiol,Cholelithiasis,True,reported RA investigation (not approved)
ursodiol,Cholestasis,True,reported RA investigation (not approved)
ursodiol,"Cholestasis, Intrahepatic",True,reported RA investigation (not approved)
ursodiol,Colorectal Neoplasms,True,reported RA investigation (not approved)
ursodiol,Diabetes Mellitus,True,reported RA investigation (not approved)
ursodiol,"Diabetes Mellitus, Type 2",True,reported RA investigation (not approved)
ursodiol,"Diabetes, Gestational",True,reported RA investigation (not approved)
ursodiol,Fibrosis,True,reported RA investigation (not approved)
ursodiol,Glucose Intolerance,True,reported RA investigation (not approved)
ursodiol,Heart Failure,True,reported RA investigation (not approved)
ursodiol,"Hepatitis C, Chronic",True,reported RA investigation (not approved)
ursodiol,Hepatitis D,True,reported RA investigation (not approved)
ursodiol,Huntington Disease,True,reported RA investigation (not approved)
ursodiol,Inflammation,True,reported RA investigation (not approved)
ursodiol,"Jaundice, Obstructive",True,reported RA investigation (not approved)
ursodiol,Liver Cirrhosis,True,reported RA investigation (not approved)
ursodiol,"Liver Cirrhosis, Biliary",True,reported RA investigation (not approved)
ursodiol,Liver Diseases,True,reported RA investigation (not approved)
ursodiol,Non-alcoholic Fatty Liver Disease,True,reported RA investigation (not approved)
ursodiol,Obesity,True,reported RA investigation (not approved)
ursodiol,Parkinson Disease,True,reported RA investigation (not approved)
ursodiol,Pregnancy,True,reported RA investigation (not approved)
ursodiol,Severe Acute Respiratory Syndrome,True,reported RA investigation (not approved)
ustekinumab,"Arthritis, Rheumatoid",False,out-of-pool (inert for the filter)
ustekinumab,rheumatoid arthritis,False,out-of-pool (inert for the filter)
valdecoxib,"Arthritis, Rheumatoid",True,known hit (approved)
valdecoxib,Dysmenorrhea,True,known hit (approved)
valdecoxib,Osteoarthritis,True,known hit (approved)
valdecoxib,"Osteoarthritis, Knee",True,known hit (approved)
valdecoxib,Pain,True,known hit (approved)
valdecoxib,Pancreatitis,True,known hit (approved)
valdecoxib,Pharyngitis,True,known hit (approved)
valdecoxib,Rheumatic Diseases,True,known hit (approved)
valdecoxib,rheumatoid arthritis,True,known hit (approved)
veltuzumab,"Arthritis, Rheumatoid",False,out-of-pool (inert for the filter)
veltuzumab,rheumatoid arthritis,False,out-of-pool (inert for the filter)
vitamin e,"Arthritis, Rheumatoid",False,out-of-pool (inert for the filter)
vitamin e,rheumatoid arthritis,False,out-of-pool (inert for the filter)
vitamin k,"Arthritis, Rheumatoid",False,out-of-pool (inert for the filter)
vitamin k,rheumatoid arthritis,False,out-of-pool (inert for the filter)
vobarilizumab,"Arthritis, Rheumatoid",False,out-of-pool (inert for the filter)
vobarilizumab,rheumatoid arthritis,False,out-of-pool (inert for the filter)
vorbipiprant,"Arthritis, Rheumatoid",False,out-of-pool (inert for the filter)
vorbipiprant,rheumatoid arthritis,False,out-of-pool (inert for the filter)
vx-702,"Arthritis, Rheumatoid",False,out-of-pool (inert for the filter)
vx-702,rheumatoid arthritis,False,out-of-pool (inert for the filter)
warfarin,Alzheimer Disease,True,reported RA investigation (not approved)
warfarin,Aortic Valve Stenosis,True,reported RA investigation (not approved)
warfarin,"Arthritis, Rheumatoid (investigational, not approved)",True,reported RA investigation (not approved)
warfarin,Atherosclerosis,True,reported RA investigation (not approved)
warfarin,Atrial Fibrillation,True,reported RA investigation (not approved)
warfarin,Atrial Flutter,True,reported RA investigation (not approved)
warfarin,Brain Infarction,True,reported RA investigation (not approved)
warfarin,Cardiovascular Diseases,True,reported RA investigation (not approved)
warfarin,Cerebral Infarction,True,reported RA investigation (not approved)
warfarin,"Colitis, Ulcerative",True,reported RA investigation (not approved)
warfarin,Coronary Disease,True,reported RA investigation (not approved)
warfarin,Crohn Disease,True,reported RA investigation (not approved)
warfarin,"Depressive Disorder, Major",True,reported RA investigation (not approved)
warfarin,"Dermatitis, Atopic",True,reported RA investigation (not approved)
warfarin,Diabetes Mellitus,True,reported RA investigation (not approved)
warfarin,"Diabetes Mellitus, Type 2",True,reported RA investigation (not approved)
warfarin,Epilepsy,True,reported RA investigation (not approved)
warfarin,Essential Hypertension,True,reported RA investigation (not approved)
warfarin,Heart Diseases,True,reported RA investigation (not approved)
warfarin,Heart Failure,True,reported RA investigation (not approved)
warfarin,Hematologic Neoplasms,True,reported RA investigation (not approved)
warfarin,Hemorrhage,True,reported RA investigation (not approved)
warfarin,"Hypertension, Pulmonary",True,reported RA investigation (not approved)
warfarin,Hypertriglyceridemia,True,reported RA investigation (not approved)
warfarin,Idiopathic Pulmonary Fibrosis,True,reported RA investigation (not approved)
warfarin,"Ischemic Attack, Transient",True,reported RA investigation (not approved)
warfarin,Ischemic Stroke,True,reported RA investigation (not approved)
warfarin,Liver Cirrhosis,True,reported RA investigation (not approved)
warfarin,Lymphoma,True,reported RA investigation (not approved)
warfarin,Melanoma,True,reported RA investigation (not approved)
warfarin,"Multiple Sclerosis, Relapsing-Remitting",True,reported RA investigation (not approved)
warfarin,Myocardial Infarction,True,reported RA investigation (not approved)
warfarin,Myocardial Ischemia,True,reported RA investigation (not approved)
warfarin,Nausea,True,reported RA investigation (not approved)
warfarin,Neoplasm Metastasis,True,reported RA investigation (not approved)
warfarin,Neoplasms,True,reported RA investigation (not approved)
warfarin,Non-alcoholic Fatty Liver Disease,True,reported RA investigation (not approved)
warfarin,Obesity,True,reported RA investigation (not approved)
warfarin,"Osteoarthritis, Knee",True,reported RA investigation (not approved)
warfarin,Pancreatic Neoplasms,True,reported RA investigation (not approved)
warfarin,Parkinson Disease,True,reported RA investigation (not approved)
warfarin,Peripheral Vascular Diseases,True,reported RA investigation (not approved)
warfarin,"Polyendocrinopathies, Autoimmune",True,reported RA investigation (not approved)
warfarin,Pregnancy,True,reported RA investigation (not approved)
warfarin,Prostatic Neoplasms,True,reported RA investigation (not approved)
warfarin,"Prostatic Neoplasms, Castration-Resistant",True,reported RA investigation (not approved)
warfarin,Psoriasis,True,reported RA investigation (not approved)
warfarin,Pulmonary Embolism,True,reported RA investigation (not approved)
warfarin,Rheumatic Heart Disease,True,reported RA investigation (not approved)
warfarin,Stroke,True,reported RA investigation (not approved)
warfarin,Thrombocytopenia,True,reported RA investigation (not approved)
warfarin,Thromboembolism,True,reported RA investigation (not approved)
warfarin,Thrombophlebitis,True,reported RA investigation (not approved)
warfarin,Thrombosis,True,reported RA investigation (not approved)
warfarin,"Urinary Bladder, Overactive",True,reported RA investigation (not approved)
warfarin,Venous Thromboembolism,True,reported RA investigation (not approved)
warfarin,Venous Thrombosis,True,reported RA investigation (not approved)
warfarin sodium,"Arthritis, Rheumatoid",False,out-of-pool (inert for the filter)
warfarin sodium,rheumatoid arthritis,False,out-of-pool (inert for the filter)
water,"Arthritis, Rheumatoid",False,out-of-pool (inert for the filter)
water,rheumatoid arthritis,False,out-of-pool (inert for the filter)
zanolimumab,"Arthritis, Rheumatoid",False,out-of-pool (inert for the filter)
zanolimumab,rheumatoid arthritis,False,out-of-pool (inert for the filter)
ziltivekimab,"Arthritis, Rheumatoid",False,out-of-pool (inert for the filter)
ziltivekimab,rheumatoid arthritis,False,out-of-pool (inert for the filter)
zimlovisertib,"Arthritis, Rheumatoid",False,out-of-pool (inert for the filter)
zimlovisertib,rheumatoid arthritis,False,out-of-pool (inert for the filter)
zoledronic acid,"Arthritis, Rheumatoid",False,out-of-pool (inert for the filter)
zoledronic acid,rheumatoid arthritis,False,out-of-pool (inert for the filter)
zunsemetinib,"Arthritis, Rheumatoid",False,out-of-pool (inert for the filter)
zunsemetinib,rheumatoid arthritis,False,out-of-pool (inert for the filter)
